Accident_Id;jour;mois;an;hrmn;lum;dep;agg;int;atm;col;lat;long
202200000001;19;10;2022;16:15;1;26;2;3;1;3;44,5594200000;4,7257200000
202200000002;20;10;2022;08:34;1;25;2;3;1;3;46,9258100000;6,3462000000
202200000003;20;10;2022;17:15;1;22;2;6;1;2;48,4931620000; -2,7604390000
202200000004;20;10;2022;18:00;1;16;2;3;8;6;45,6926520000; -0,3262900000
202200000005;19;10;2022;11:45;1;13;1;1;1;2;43,6755790366;5,0927031775
202200000006;6;10;2022;14:00;1;13;2;2;1;3;43,4127500000;5,0505900000
202200000007;20;10;2022;21:00;5;13;2;1;1;1;43,5822900000;5,0034300000
202200000008;15;10;2022;21:00;5;12;2;2;1;3;44,1036000000;3,0798400000
202200000009;20;10;2022;09:43;1;10;2;1;8;6;48,2717969874;4,0788030624
202200000010;19;10;2022;12:30;1;10;2;9;1;-1;48,3041200000;4,0883300000
202200000011;20;10;2022;06:20;5;09;2;1;2;6;42,9545900000;1,6236600000
202200000012;20;10;2022;06:00;5;06;2;1;1;3;43,6694800000;7,2140000000
202200000013;19;10;2022;19:30;3;03;1;1;1;6;46,1022300000;3,5027800000
202200000014;18;10;2022;17:50;1;02;1;1;1;1;49,6536000000;3,3476700000
202200000015;21;10;2022;03:16;5;75;2;7;1;2;48,9004080000;2,3715030000
202200000016;21;10;2022;16:32;1;75;2;1;1;3;48,8479990000;2,3301760000
202200000017;20;10;2022;13:00;1;75;2;2;1;3;48,8513870000;2,3431860000
202200000018;20;10;2022;23:15;5;75;2;3;9;6;48,8686411244;2,3895666003
202200000019;21;10;2022;11:20;1;75;2;1;1;3;48,8522770000;2,2800410000
202200000020;21;10;2022;10:40;1;75;2;3;1;3;48,8645180000;2,2698050000
202200000021;21;10;2022;06:10;5;75;2;7;2;1;48,8772030000;2,2838210000
202200000022;21;10;2022;18:25;2;75;2;1;1;6;48,8415650000;2,2925190000
202200000023;20;10;2022;03:25;5;75;2;1;1;6;48,8373260000;2,3285770000
202200000024;21;10;2022;18:30;5;75;2;3;1;6;48,8233170000;2,3657010000
202200000025;21;10;2022;11:25;1;75;2;4;1;6;48,8210280000;2,3545150000
202200000026;21;10;2022;00:00;5;75;2;3;8;3;48,8647870000;2,4101080000
202200000027;21;10;2022;15:50;1;75;2;2;1;6;48,8613270000;2,3646020000
202200000028;20;10;2022;14:10;1;75;2;2;1;6;48,8662530000;2,3354970000
202200000029;21;10;2022;07:30;5;94;2;3;3;1;48,7883700000;2,3848800000
202200000030;30;9;2022;01:00;3;94;1;1;1;6;48,7741500000;2,4037300000
202200000031;21;10;2022;08:15;2;94;2;2;2;6;48,8477400000;2,4403000000
202200000032;20;10;2022;17:20;1;94;2;1;1;2;48,7954800000;2,4869800000
202200000033;21;10;2022;10:40;1;94;2;1;9;2;48,8421150000;2,5011700000
202200000034;19;10;2022;17:10;1;94;2;1;1;3;48,8200990000;2,4788820000
202200000035;21;10;2022;13:15;1;94;2;3;1;6;48,8100700000;2,4237100000
202200000036;21;10;2022;09:20;1;94;2;6;3;1;48,7533000000;2,3475500000
202200000037;21;10;2022;07:40;5;94;2;3;2;6;48,7534800000;2,4107900000
202200000038;21;10;2022;08:58;1;94;2;2;2;6;48,8051700000;2,5722800000
202200000039;21;10;2022;19:10;2;94;2;3;1;3;48,7274700000;2,5311000000
202200000040;21;10;2022;11:07;1;93;2;1;1;6;48,9682421218;2,5511906106
202200000041;21;10;2022;07:50;5;93;2;1;3;1;48,9581800059;2,4848115273
202200000042;21;10;2022;06:00;5;93;2;2;2;1;48,9420400000;2,4920000000
202200000043;21;10;2022;15:40;1;93;2;1;1;6;48,9195030000;2,3261220000
202200000044;20;10;2022;08:50;1;93;2;2;2;3;48,8849400000;2,4815600000
202200000045;21;10;2022;06:45;5;93;2;1;3;2;48,9047840348;2,3934013165
202200000046;21;10;2022;19:40;5;93;2;2;1;3;48,8587000000;2,5065400000
202200000047;21;10;2022;16:00;1;93;2;2;8;3;48,8643486047;2,5033120572
202200000048;21;10;2022;06:05;5;93;2;2;2;4;48,8630055353;2,4660628920
202200000049;20;10;2022;23:50;5;93;2;6;1;6;48,9595200000;2,3142200000
202200000050;21;10;2022;07:20;5;93;2;1;3;6;48,9460206396;2,5101830821
202200000051;20;10;2022;22:45;3;92;2;9;8;6;48,8656660000;2,2160830000
202200000052;21;10;2022;10:45;1;92;2;9;1;6;48,8222255152;2,2065806687
202200000053;21;10;2022;17:22;1;92;2;1;1;6;48,8609833144;2,2100881934
202200000054;21;10;2022;12:10;1;92;2;1;1;2;48,8279290000;2,1515860000
202200000055;21;10;2022;18:30;1;92;2;3;1;6;48,8854000000;2,2344000000
202200000056;20;10;2022;20:00;5;92;2;1;2;7;48,8787400000;2,2786600000
202200000057;21;10;2022;20:45;5;92;2;1;1;2;48,7996100000;2,2818300000
202200000058;21;10;2022;20:00;5;92;2;1;1;2;48,8128800000;2,2462000000
202200000059;21;10;2022;09:00;1;92;2;9;2;3;48,9036646539;2,3030495346
202200000060;21;10;2022;09:26;1;92;2;1;2;3;48,7844900000;2,2748800000
202200000061;21;10;2022;08:30;1;92;2;1;2;6;48,7806300000;2,2630400000
202200000062;21;10;2022;14:40;1;92;2;1;1;3;48,8371210000;2,2483650000
202200000063;21;10;2022;20:23;5;92;2;7;1;3;48,8019115375;2,3106474280
202200000064;21;10;2022;20:00;5;92;2;1;9;3;48,7430900000;2,2877800000
202200000065;22;10;2022;05:40;3;76;1;1;1;6;49,6431298707;1,2667151729
202200000066;20;10;2022;17:40;2;68;2;1;2;7;47,9349260000;7,1194410000
202200000067;21;10;2022;19:00;5;972;2;1;1;6;14,7437370000; -61,1762680000
202200000068;3;10;2022;17:12;1;63;2;1;1;6;46,0205690000;3,2010610000
202200000069;21;10;2022;19:10;3;22;1;1;8;2;48,5364820000; -1,9770560000
202200000070;21;10;2022;14:47;1;76;1;1;1;1;49,6888370000;1,3520320000
202200000071;21;10;2022;15:30;1;62;1;1;1;7;50,4679670000;1,7957070000
202200000072;22;10;2022;09:15;1;51;1;1;1;1;49,1540190000;4,2083750000
202200000073;18;10;2022;02:20;3;51;1;1;2;3;48,7216600000;3,7876220000
202200000074;22;10;2022;02:30;3;51;1;6;1;7;48,9105060000;4,4309230000
202200000075;20;10;2022;11:05;1;2B;1;1;1;3;42,9637470000;9,4242330000
202200000076;21;10;2022;14:30;1;65;1;1;1;2;43,1153507439;0,3653141856
202200000077;22;10;2022;05:20;3;33;1;3;1;3;45,1866650000; -0,7671980000
202200000078;21;10;2022;18:45;3;71;1;1;3;7;46,4532300000;5,3108650000
202200000079;21;10;2022;18:10;3;71;2;3;3;1;46,1953910000;4,2970810000
202200000080;22;10;2022;10:10;1;71;1;2;5;3;47,0502810000;4,3467070000
202200000081;21;10;2022;20:50;5;71;2;1;3;6;46,5654850000;4,9036040000
202200000082;21;10;2022;14:50;1;89;1;1;1;1;47,8170240000;3,8992600000
202200000083;21;10;2022;17:50;2;63;1;3;2;3;45,8665470000;3,5659700000
202200000084;21;10;2022;16:45;1;63;1;1;1;6;45,7527020000;3,3648310000
202200000085;22;10;2022;16:00;1;61;1;1;1;7;48,5441070000;0,4924430000
202200000086;22;10;2022;02:15;3;22;1;1;2;6;48,2583790000; -3,2235620000
202200000087;18;10;2022;11:03;1;29;2;6;1;3;48,4312260000; -4,4026580000
202200000088;22;10;2022;18:14;1;38;1;1;1;6;45,6782480000;5,4493740000
202200000089;21;10;2022;20:48;3;02;1;1;1;7;49,3365570000;3,3015930000
202200000090;21;10;2022;16:50;1;26;1;1;8;6;44,7366280000;5,2661630000
202200000091;21;10;2022;13:40;1;14;1;1;1;1;49,2166300000;0,0098380000
202200000092;12;10;2022;10:45;1;09;1;1;1;2;43,0363570000;1,5407970000
202200000093;22;10;2022;09:25;1;60;1;9;1;6;49,1766540000;2,3531560000
202200000094;28;9;2022;18:18;1;45;2;1;2;7;48,2125820000;2,4580700000
202200000095;22;10;2022;11:00;1;73;2;3;1;3;45,7513020000;6,4064350000
202200000096;19;10;2022;01:00;4;16;1;1;1;6;45,8872210000; -0,0758020000
202200000097;21;10;2022;15:55;1;53;1;2;1;4;48,3978973804; -0,3763012008
202200000098;14;9;2022;16:30;1;24;1;3;1;2;44,8877160000;0,5492360000
202200000099;22;10;2022;11:15;1;27;2;1;1;6;49,0087060000;0,5290250000
202200000100;21;10;2022;18:00;1;17;2;3;1;3;45,8907400000; -1,2204910000
202200000101;22;10;2022;05:00;3;48;1;1;8;6;44,5215710000;3,6125280000
202200000102;21;10;2022;20:45;3;973;1;1;1;2;4,8953090000; -52,3298120000
202200000103;21;10;2022;20:25;5;77;2;1;1;1;48,8612420000;2,8655430000
202200000104;21;10;2022;16:00;1;67;1;1;1;2;48,7695300000;7,5224800000
202200000105;21;10;2022;15:50;1;33;1;1;1;6;44,3172160000; -0,2293400000
202200000106;21;10;2022;19:35;3;71;1;1;3;3;46,2004260000;4,3078640000
202200000107;22;10;2022;09:45;1;988;2;1;1;6; -22,2662620000;166,6144950000
202200000108;21;10;2022;22:45;3;45;1;1;1;2;47,7646010718;2,4916333508
202200000109;21;10;2022;16:35;1;77;1;1;1;1;48,7552089048;2,8588062388
202200000110;21;10;2022;18:29;2;13;2;1;8;7;43,2660980994;5,5862754381
202200000111;18;10;2022;16:55;1;13;1;1;1;3;43,3158030000;5,6656620000
202200000112;22;10;2022;13:35;1;08;1;1;1;1;49,8693940000;4,7420280000
202200000113;21;10;2022;20:20;3;68;1;1;3;6;48,0511340000;7,5370130000
202200000114;22;10;2022;16:10;1;67;2;6;1;6;48,6265620000;7,5046440000
202200000115;22;10;2022;15:05;1;67;1;2;7;1;48,4903840000;7,6755970000
202200000116;22;10;2022;12:25;1;03;1;1;1;1;46,5530340000;3,6922510000
202200000117;22;10;2022;11:15;1;65;1;1;1;6;42,9365220000;0,2088900000
202200000118;22;10;2022;13:30;1;17;1;1;1;6;45,7043210000; -0,9248260000
202200000119;11;10;2022;16:00;1;33;2;1;3;3;44,7244980000; -0,5950160000
202200000120;10;9;2022;16:00;1;56;2;1;1;3;47,6382310000; -2,9528660000
202200000121;21;10;2022;15:50;1;60;2;1;1;6;49,5410810000;2,7454340000
202200000122;22;10;2022;17:25;1;02;1;1;1;2;48,9721000000;3,2805820000
202200000123;21;10;2022;11:54;1;13;1;1;1;5;43,4165772776;5,2761912345
202200000124;20;10;2022;18:45;3;69;1;1;1;5;45,7396600000;4,9047800000
202200000125;20;10;2022;07:00;3;69;1;1;3;2;45,6724209559;4,8474758863
202200000126;21;10;2022;14:20;1;33;1;1;1;4;44,8703800000; -0,5054400000
202200000127;21;10;2022;15:45;1;33;1;1;1;7;44,8441100000; -0,5028200000
202200000128;20;10;2022;09:00;1;33;1;1;1;2;44,8636610000; -0,5039290000
202200000129;21;10;2022;12:15;1;91;1;1;1;7;48,6692800000;2,1943400000
202200000130;21;10;2022;13:13;1;91;1;1;1;5;48,6362800000;2,4000500000
202200000131;21;10;2022;11:35;1;91;1;1;1;4;48,6681500000;2,3548000000
202200000132;21;10;2022;13:25;1;91;1;9;1;2;48,6252100000;2,2626200000
202200000133;21;10;2022;05:30;3;91;1;1;3;7;48,7503500000;2,2215700000
202200000134;20;10;2022;23:53;3;91;1;1;2;7;48,7670300000;2,2299400000
202200000135;21;10;2022;07:50;5;78;1;1;2;1;48,9127540000;2,1725530000
202200000136;21;10;2022;17:15;1;93;1;1;1;2;48,9477454931;2,4439196803
202200000137;21;10;2022;08:50;1;93;1;1;2;2;48,9037100000;2,4712500000
202200000138;21;10;2022;13:00;1;94;1;1;1;6;48,8175715400;2,4363184350
202200000139;21;10;2022;05:10;3;94;1;1;2;6;48,7760253175;2,4435371724
202200000140;15;7;2022;03:26;5;92;2;2;1;3;48,8922288352;2,2849167287
202200000141;20;10;2022;21:10;5;75;2;4;2;3;48,8508680000;2,2518930000
202200000142;20;10;2022;19:47;5;75;2;1;3;5;48,8763230000;2,2785250000
202200000143;20;10;2022;19:10;5;75;2;1;3;2;48,8852770000;2,2871230000
202200000144;20;10;2022;07:20;2;75;2;1;2;5;48,8698870000;2,2715100000
202200000145;19;10;2022;15:20;1;75;2;1;1;4;48,8217520000;2,3179320000
202200000146;20;10;2022;18:30;5;75;2;4;3;3;48,8450970000;2,3201020000
202200000147;20;10;2022;12:00;1;75;2;3;1;3;48,8395520000;2,3372710000
202200000148;20;10;2022;20:15;5;75;2;3;2;6;48,8908920000;2,3532080000
202200000149;20;10;2022;19:30;5;75;2;4;2;6;48,8817740000;2,3143470000
202200000150;20;10;2022;18:13;1;75;2;7;1;7;48,8697880000;2,2856150000
202200000151;20;10;2022;08:25;1;75;2;2;1;4;48,8663180000;2,2315670000
202200000152;20;10;2022;08:18;2;75;2;1;2;7;48,8406100000;2,3214980000
202200000153;20;10;2022;06:43;2;75;2;3;2;6;48,8418010000;2,3190500000
202200000154;20;10;2022;11:50;1;75;2;3;1;6;48,8278460000;2,3289100000
202200000155;20;10;2022;18:15;5;75;2;1;1;6;48,8209490000;2,3640280000
202200000156;17;10;2022;10:16;1;75;2;1;2;3;48,8395040000;2,3848970000
202200000157;20;10;2022;19:20;5;75;2;1;3;6;48,8549840000;2,3821120000
202200000158;9;8;2022;12:28;1;65;2;4;1;2;43,1061020000; -0,0633830000
202200000159;9;8;2022;21:20;2;64;2;1;1;3;43,3681070000; -1,7657540000
202200000160;8;8;2022;22:15;5;64;2;6;1;3;43,3185100000; -0,3603000000
202200000161;24;6;2022;10:25;2;62;2;1;1;7;50,4264390000;2,7750820000
202200000162;9;8;2022;13:45;1;59;2;2;1;3;50,6658500000;3,0640600000
202200000163;12;7;2022;07:40;1;59;2;2;1;3;50,6242500000;3,0612700000
202200000164;7;8;2022;04:23;5;49;2;1;1;7;47,4731200000; -0,5563700000
202200000165;9;8;2022;09:27;1;45;2;3;1;3;47,8868310000;1,9032070000
202200000166;9;8;2022;07:40;1;45;2;6;1;3;47,9473500000;1,8652800000
202200000167;19;6;2022;21:10;2;42;2;3;1;1;45,4129200000;4,3963100000
202200000168;9;8;2022;10:45;1;38;2;1;1;6;45,1802300000;5,7115700000
202200000169;9;8;2022;03:47;3;37;2;1;1;6;47,3969983917;0,6635409594
202200000170;8;8;2022;17:35;1;34;2;1;1;6;43,3958000000;3,6951300000
202200000171;9;8;2022;05:10;5;33;2;1;1;6;44,8485100000; -0,5373400000
202200000172;9;8;2022;19:10;1;33;2;1;7;3;44,6619000000; -1,1491000000
202200000173;9;8;2022;09:28;1;32;1;1;1;2;43,6537800000;0,6119490000
202200000174;9;8;2022;16:45;1;31;1;1;1;3;43,5631600000;1,4180500000
202200000175;8;8;2022;18:20;1;27;2;3;1;3;49,0149600000;1,1603900000
202200000176;8;8;2022;15:10;1;17;2;1;1;3;46,1660000000; -1,1418400000
202200000177;9;8;2022;20:45;2;13;2;1;1;3;43,4333300000;5,2625200000
202200000178;9;8;2022;05:45;3;13;2;3;1;3;43,4074800000;5,2273800000
202200000179;9;8;2022;14:20;1;13;2;3;1;1;43,2979900000;5,3768000000
202200000180;9;8;2022;10:00;1;13;2;3;1;3;43,2899500000;5,3759200000
202200000181;9;8;2022;18:45;1;12;2;1;1;2;44,5352000000;2,3185700000
202200000182;9;8;2022;01:25;3;11;1;1;1;6;43,1911100000;2,3318100000
202200000183;9;8;2022;17:55;1;75;2;1;1;2;48,8264910000;2,3891460000
202200000184;9;8;2022;02:30;5;75;2;2;1;3;48,8591630000;2,4021270000
202200000185;8;8;2022;22:00;5;75;2;4;1;3;48,8646200000;2,4058370000
202200000186;9;8;2022;11:20;1;75;2;4;1;6;48,8511780000;2,2751510000
202200000187;8;8;2022;12:46;1;75;2;2;1;3;48,8473450000;2,3867860000
202200000188;9;8;2022;10:57;1;75;2;4;1;6;48,8815931130;2,3657324910
202200000189;9;8;2022;16:45;1;75;2;4;1;6;48,8822360000;2,3217280000
202200000190;9;8;2022;08:30;1;75;2;2;7;6;48,8733930000;2,3195740000
202200000191;8;8;2022;23:50;5;75;2;7;1;3;48,8735268865;2,2958260775
202200000192;9;8;2022;17:15;1;75;2;7;1;6;48,8702990000;2,3327030000
202200000193;8;8;2022;16:34;1;75;2;3;1;3;48,8630280000;2,3419180000
202200000194;9;8;2022;20:40;1;94;2;2;1;5;48,8448600000;2,4210000000
202200000195;9;8;2022;12:20;1;94;2;1;1;6;48,7329600000;2,4502200000
202200000196;9;8;2022;23:39;5;94;2;2;1;3;48,7779200000;2,4667300000
202200000197;9;8;2022;00:35;5;94;2;3;1;3;48,7276400000;2,4455700000
202200000198;9;8;2022;20:50;2;93;2;3;1;3;48,9130214993;2,5386958396
202200000199;9;8;2022;08:40;1;93;2;1;1;2;48,9188500000;2,3545600000
202200000200;9;8;2022;15:05;1;93;2;2;1;3;48,9338819944;2,4653543914
202200000201;8;8;2022;11:05;1;93;2;3;1;1;48,9076193213;2,3962568616
202200000202;9;8;2022;15:00;1;92;2;1;1;3;48,9379880000;2,3241900000
202200000203;9;8;2022;19:40;1;92;2;3;1;7;48,8442803244;2,2075653076
202200000204;9;8;2022;17:00;1;92;2;2;1;3;48,8904197242;2,2836719155
202200000205;9;8;2022;19:10;2;92;2;6;7;6;48,8407128516;2,2281448245
202200000206;9;8;2022;20:50;1;35;2;8;1;6;47,7394820000; -1,8459020000
202200000207;9;8;2022;15:20;1;47;1;1;1;6;44,5004294896;0,8485872226
202200000208;7;8;2022;07:00;1;86;1;1;1;6;46,9071610000;0,4390450000
202200000209;10;8;2022;05:45;1;972;1;1;2;3;14,7428450000; -61,0986190000
202200000210;6;8;2022;19:00;1;35;1;1;1;7;48,3056700000; -1,9459460000
202200000211;16;7;2022;03:10;3;01;2;1;1;3;45,9211620000;4,8138890000
202200000212;9;8;2022;15:55;1;29;1;1;1;6;48,1038080910; -4,0305302350
202200000213;9;8;2022;19:39;1;22;1;1;1;7;48,3128700000; -2,2420260000
202200000214;6;8;2022;09:55;1;74;2;1;1;6;46,2655940000;6,3727030000
202200000215;9;8;2022;11:00;1;51;2;1;1;7;49,1903030000;4,8906400000
202200000216;9;8;2022;18:15;1;79;1;1;1;7;46,9447150000; -0,1325600000
202200000217;21;7;2022;10:05;1;79;2;1;1;3;46,4433600000; -0,4476800000
202200000218;8;8;2022;16:50;1;2A;2;1;1;6;41,9149960000;8,8390910000
202200000219;10;8;2022;15:25;1;2B;1;4;1;3;42,4639570000;9,4959910000
202200000220;10;8;2022;10:15;1;71;2;2;1;3;46,5639910000;4,9121120000
202200000221;29;6;2022;07:30;1;42;1;1;1;6;45,9756850000;4,1375180000
202200000222;9;8;2022;03:25;4;46;2;6;1;7;44,9125400000;1,8417660000
202200000223;8;8;2022;10:40;1;39;2;1;1;6;46,3909090000;5,8642910000
202200000224;8;8;2022;22:25;5;35;2;1;1;6;48,6771230000; -1,8563840000
202200000225;10;8;2022;04:20;3;02;1;1;1;6;49,0180690000;3,3760270000
202200000226;9;8;2022;08:00;1;01;2;1;1;2;45,8576410000;5,7427700000
202200000227;10;8;2022;08:00;1;01;1;1;1;6;46,5148930000;4,9795750000
202200000228;6;8;2022;00:10;3;72;1;1;1;7;48,2702540000;0,1969650000
202200000229;9;8;2022;17:10;1;72;1;1;1;6;47,6312440000;0,3053510000
202200000230;9;8;2022;20:40;1;14;2;2;1;3;49,2266840000; -0,8712240000
202200000231;10;8;2022;13:45;1;05;2;1;1;1;44,5236820000;5,7574130000
202200000232;7;8;2022;11:33;1;18;1;1;1;7;46,9210910000;2,7681900000
202200000233;8;8;2022;11:20;1;17;1;2;1;3;45,3968490000; -0,3070590000
202200000234;10;8;2022;09:35;1;19;1;1;1;7;45,5113510000;2,2201930000
202200000235;10;8;2022;02:40;3;76;1;1;1;6;49,4181300000;0,7955500000
202200000236;9;8;2022;18:16;1;73;1;1;1;6;45,4933200000;6,9261350000
202200000237;8;8;2022;21:30;3;971;1;1;1;6;16,2521140000; -61,5840770000
202200000238;9;8;2022;16:45;1;987;2;3;2;3; -17,5580000000; -149,4760000000
202200000239;10;8;2022;03:50;3;971;1;1;1;1;15,9968100000; -61,6070800000
202200000240;9;8;2022;17:11;3;91;1;1;1;2;48,6952660000;2,2857360000
202200000241;8;8;2022;11:20;1;78;1;2;1;3;48,4986640000;1,8152330000
202200000242;9;8;2022;10:35;1;2A;1;2;1;6;41,5022560000;9,0300940000
202200000243;10;8;2022;20:40;2;66;1;3;1;1;42,6802350000;2,6301630000
202200000244;11;7;2022;19:00;1;66;2;6;1;3;42,6403780000;2,9098050000
202200000245;6;8;2022;17:00;1;13;2;6;1;3;43,4861990000;5,2302550000
202200000246;9;8;2022;07:30;1;67;1;2;1;3;48,3758790000;7,4885020000
202200000247;9;8;2022;11:45;1;63;1;1;1;6;45,5086274897;2,9099929333
202200000248;10;8;2022;11:30;1;74;2;1;1;5;45,9428240000;6,4246420000
202200000249;10;8;2022;01:00;3;73;1;1;1;6;45,4493112809;6,6945991516
202200000250;10;8;2022;10:30;1;42;2;1;1;6;45,7433500000;4,2208980000
202200000251;10;8;2022;12:58;1;26;1;3;1;1;44,9690260000;5,4290700000
202200000252;10;8;2022;15:45;1;17;1;1;1;2;45,6998180000; -0,7982070000
202200000253;10;8;2022;07:55;1;29;1;1;1;3;48,0721510000; -4,1935530000
202200000254;6;8;2022;11:45;1;22;1;1;1;-1;48,5996430000; -2,4631910000
202200000255;9;8;2022;20:00;2;60;2;9;1;1;49,3319710874;2,1755053996
202200000256;5;8;2022;19:10;1;59;2;6;1;6;50,1257279374;3,4225577116
202200000257;10;8;2022;07:15;1;59;1;6;7;2;50,6341790000;2,7378700000
202200000258;8;8;2022;11:50;1;13;1;1;1;7;43,3909700000;5,3012400000
202200000259;9;8;2022;09:40;1;92;1;1;1;5;48,9189886921;2,2237886747
202200000260;8;8;2022;09:20;1;78;1;1;1;2;48,8275900000;2,0778740000
202200000261;9;8;2022;18:00;1;93;1;1;1;4;48,9240500000;2,3875300000
202200000262;9;8;2022;13:35;1;75;1;1;1;2;48,8220360000;2,4623560000
202200000263;9;8;2022;12:10;1;77;1;1;1;2;48,7348200000;2,6110700000
202200000264;9;8;2022;09:00;1;77;1;1;1;2;48,8301300000;2,6142300000
202200000265;8;8;2022;11:10;1;94;1;1;1;3;48,7707911137;2,3864331060
202200000266;8;8;2022;20:00;1;59;2;1;1;2;50,7011500000;3,1919100000
202200000267;8;8;2022;21:12;5;68;2;3;1;7;47,7530900000;7,3439800000
202200000268;21;5;2022;14:30;1;45;2;1;1;4;47,8980053910;1,9103376567
202200000269;30;4;2022;21:25;3;42;2;1;1;3;45,4040300000;4,2350000000
202200000270;8;8;2022;22:45;5;69;2;1;1;6;45,7290662010;4,8866817355
202200000271;7;5;2022;19:35;2;69;2;1;1;6;45,7549730489;4,8492624033
202200000272;8;8;2022;18:00;1;69;2;2;1;3;45,7243852006;4,8713395000
202200000273;8;8;2022;13:40;1;972;1;1;1;3;14,6202300000; -61,0214800000
202200000274;7;8;2022;20:15;5;972;2;3;1;3;14,6076400000; -61,0689500000
202200000275;7;8;2022;19:30;5;972;1;1;1;2;14,6423200000; -61,0426800000
202200000276;7;5;2022;17:10;1;91;1;1;1;1;48,4091920000;2,3801980000
202200000277;9;8;2022;00:40;5;2B;2;1;1;1;42,6872200000;9,4457900000
202200000278;7;5;2022;10:50;1;34;1;1;1;3;43,4272740000;3,5589050000
202200000279;8;8;2022;07:05;1;2B;2;1;1;2;42,6941000000;9,4523000000
202200000280;6;5;2022;17:40;1;84;1;1;9;1;44,1212010000;4,9697400000
202200000281;7;5;2022;07:40;1;25;1;1;1;6;47,3289720000;6,3648940000
202200000282;7;8;2022;10:00;1;971;2;3;2;3;16,2537000000; -61,5234800000
202200000283;5;8;2022;07:30;1;971;1;3;2;6;16,2654000000; -61,4688600000
202200000284;6;5;2022;14:40;1;69;2;3;1;2;45,6284900000;4,8203900000
202200000285;7;8;2022;11:45;1;2A;2;1;1;2;41,9248900000;8,7389400000
202200000286;6;5;2022;12:00;1;85;2;1;1;3;46,4657900000; -0,7934550000
202200000287;8;8;2022;21:20;2;95;2;1;1;2;48,9824936999;2,3701822758
202200000288;7;5;2022;17:15;1;85;1;1;1;1;46,8995750000; -0,8402400000
202200000289;7;5;2022;11:40;1;14;2;1;2;7;49,2836490000; -0,7050390000
202200000290;8;8;2022;16:50;1;91;2;1;1;6;48,6532500000;2,3946900000
202200000291;5;7;2022;17:40;1;89;1;1;1;1;48,2432600000;3,2533000000
202200000292;7;5;2022;11:42;1;60;1;1;1;7;49,4596790000;2,3843430000
202200000293;7;5;2022;15:00;1;60;1;3;1;3;49,3004980000;2,1972760000
202200000294;7;8;2022;20:00;1;77;2;1;7;6;48,8243000000;2,7070000000
202200000295;8;8;2022;16:30;1;77;1;2;1;3;48,3766200000;2,7395900000
202200000296;7;5;2022;12:30;1;62;1;1;1;1;50,4141860000;1,6937510000
202200000297;8;8;2022;08:45;1;76;2;2;1;6;49,4526500000;1,0565800000
202200000298;4;5;2022;20:30;5;13;1;1;1;6;43,2949000000;5,4262400000
202200000299;7;8;2022;21:15;5;76;2;1;1;3;49,3432530276;1,0908114910
202200000300;5;5;2022;07:30;1;13;1;1;1;2;43,2896400000;5,5575400000
202200000301;6;8;2022;06:35;2;76;2;1;1;6;49,4874500000;0,1421000000
202200000302;5;5;2022;08:35;1;13;1;1;2;2;43,4061400000;5,3367000000
202200000303;8;8;2022;08:15;1;69;2;2;7;3;45,7647300000;4,8845000000
202200000304;4;5;2022;18:35;1;13;1;1;1;6;43,2907477875;5,4875286322
202200000305;6;8;2022;10:40;1;67;1;3;1;2;48,2379300000;7,4785700000
202200000306;1;5;2022;20:00;1;13;1;1;1;2;43,3664345541;5,3608052872
202200000307;7;8;2022;02:55;5;64;2;1;1;3;43,3221700000; -0,3668700000
202200000308;4;5;2022;11:30;1;33;1;1;1;2;44,7894580000; -0,6038600000
202200000309;5;8;2022;14:11;1;63;2;2;1;3;45,7813000000;3,1047000000
202200000310;2;5;2022;17:37;1;33;1;1;1;2;44,8944140000; -0,4981660000
202200000311;7;8;2022;21:56;3;57;1;1;1;7;49,2408300000;6,0679800000
202200000312;6;8;2022;03:30;3;56;2;1;1;6;47,7493800000; -3,3740150000
202200000313;7;8;2022;18:25;1;54;2;2;1;3;48,6932600000;6,1279500000
202200000314;5;5;2022;19:30;1;94;1;1;1;4;48,7578300000;2,3282900000
202200000315;5;8;2022;17:50;1;52;2;3;1;1;48,6420072187;4,9351894855
202200000316;5;5;2022;15:30;1;91;1;1;1;7;48,6247500000;2,4708800000
202200000317;5;8;2022;10:05;1;50;2;3;1;6;49,6380800000; -1,6239000000
202200000318;5;5;2022;08:30;1;92;1;1;1;3;48,7319740000;2,3106990000
202200000319;6;8;2022;18:31;1;47;1;1;1;6;44,4155000000;0,6619000000
202200000320;8;8;2022;12:00;1;47;2;2;1;3;44,2059900000;0,6116800000
202200000321;4;5;2022;17:40;1;77;1;1;1;3;48,6447670000;2,5434560000
202200000322;8;8;2022;06:00;5;47;2;2;1;3;44,2052640000;0,6251970000
202200000323;7;8;2022;22:50;5;44;2;1;1;7;47,2614700000; -2,2620100000
202200000324;4;5;2022;07:00;2;91;1;1;1;4;48,7414300000;2,3212000000
202200000325;29;7;2022;18:10;1;42;2;3;8;6;45,4370900000;4,3908900000
202200000326;5;5;2022;19:10;1;92;1;1;1;4;48,9423087641;2,2895919163
202200000327;5;5;2022;18:30;1;92;1;1;1;2;48,9276695515;2,3328449875
202200000328;5;5;2022;20:00;1;93;1;1;1;2;48,9186200000;2,3576000000
202200000329;8;8;2022;21:34;5;38;2;2;1;3;45,1889700000;5,7293600000