Accident_Id;jour;mois;an;hrmn;lum;dep;agg;int;atm;col;lat;long
202200000330;9;8;2022;00:30;3;35;1;1;1;6;48,1701414333; -1,6936567426
202200000331;5;5;2022;14:00;1;95;1;1;1;2;49,0354100000;2,1170100000
202200000332;8;8;2022;21:00;2;35;2;1;1;3;48,1157646679; -1,7045089602
202200000333;5;5;2022;12:55;1;95;1;1;1;3;48,9746867186;2,2441935539
202200000334;8;8;2022;14:30;1;34;2;1;1;4;43,5762500000;3,8723400000
202200000335;4;5;2022;14:00;1;93;1;1;1;5;48,9668465843;2,4759478569
202200000336;4;5;2022;05:35;3;77;1;1;1;7;48,8290100000;2,7383700000
202200000337;6;8;2022;06:50;2;34;2;1;1;7;43,3237520000;3,2490740000
202200000338;4;5;2022;05:40;3;974;2;9;1;6; -20,9553100000;55,3117200000
202200000339;8;8;2022;19:00;1;33;2;1;1;7;44,8862600000; -0,6483300000
202200000340;4;5;2022;20:20;2;69;2;9;2;3;45,7167823032;4,8772430420
202200000341;25;7;2022;07:45;1;29;1;6;1;3;48,0167605000; -4,0953481700
202200000342;4;5;2022;09:20;1;69;2;2;1;1;45,7274300000;4,8785000000
202200000343;4;5;2022;07:20;1;69;1;1;1;2;45,7238300000;4,8423400000
202200000344;7;8;2022;18:35;1;29;1;2;1;2;47,8741235217; -3,8982739449
202200000345;4;5;2022;13:05;1;972;2;1;1;5;14,6130000000; -61,0529500000
202200000346;7;8;2022;19:02;1;29;2;1;1;2;47,8689600000; -3,9174200000
202200000347;4;5;2022;07:02;1;69;2;1;1;6;45,7624400000;4,8041800000
202200000348;4;5;2022;13:00;1;971;1;1;1;6;16,2116000000; -61,4742000000
202200000349;4;5;2022;21:38;4;2A;2;1;1;7;41,9229243168;8,7375930547
202200000350;7;8;2022;12:50;1;17;2;9;1;3;45,6159300000; -1,0019300000
202200000351;4;5;2022;18:00;1;95;2;3;1;3;49,0213000000;2,4710200000
202200000352;4;5;2022;15:40;1;91;2;6;1;3;48,6843800000;2,1885900000
202200000353;4;5;2022;10:40;1;91;2;9;1;7;48,6840850000;2,5350230000
202200000354;3;5;2022;09:35;1;91;2;1;1;2;48,4525800000;2,1603600000
202200000355;4;4;2022;08:00;1;85;2;1;1;3;46,5140540000; -1,7765130000
202200000356;23;3;2022;08:15;1;83;2;3;1;6;43,0925402139;5,8401346207
202200000357;3;5;2022;16:15;1;83;2;1;1;4;43,1171400000;6,1438000000
202200000358;4;5;2022;06:15;1;77;2;3;1;3;48,7974000000;3,0740000000
202200000359;4;5;2022;18:15;1;73;2;6;1;2;45,6966100000;5,9074600000
202200000360;3;5;2022;18:05;1;67;2;1;1;2;48,5503800000;7,7111500000
202200000361;30;4;2022;19:15;1;67;2;3;1;2;48,5458995958;7,7655610442
202200000362;4;5;2022;17:40;1;64;2;4;1;3;43,3009100000; -0,3596800000
202200000363;3;5;2022;14:25;1;64;2;1;1;3;43,3023600000; -0,3603900000
202200000364;3;5;2022;19:15;1;64;2;9;1;3;43,4817605980; -1,5095552820
202200000365;4;5;2022;14:45;1;59;2;1;1;3;50,6420300000;3,0534900000
202200000366;29;4;2022;15:55;1;57;2;1;1;6;49,3567900000;6,1577280000
202200000367;2;5;2022;13:15;1;56;2;3;1;3;47,7616000000; -3,3882000000
202200000368;4;5;2022;13:30;1;51;2;1;1;4;49,2548800000;4,0352500000
202200000369;3;5;2022;17:00;1;49;2;3;1;3;47,2530800000; -0,0892800000
202200000370;4;5;2022;02:01;5;49;2;1;1;6;47,4741200000; -0,5373200000
202200000371;4;5;2022;22:40;5;38;2;2;2;3;45,1826800000;5,7171600000
202200000372;4;5;2022;08:15;1;37;2;1;1;4;47,3435792180;0,6269904971
202200000373;4;5;2022;08:40;1;35;2;1;1;7;48,1100100000; -1,6623100000
202200000374;4;5;2022;08:30;1;34;2;3;1;3;43,5554700000;3,8603700000
202200000375;2;5;2022;07:50;1;34;1;1;1;3;43,3624800000;3,2429270000
202200000376;1;5;2022;20:30;1;33;2;1;1;6;44,8536500000; -0,5352600000
202200000377;21;4;2022;16:40;1;29;2;3;1;3;48,4074050000; -4,5222590000
202200000378;4;5;2022;15:25;1;28;2;1;7;3;48,7233610000;1,3689670000
202200000379;5;5;2022;00:45;5;25;2;5;1;6;47,2377900000;6,0148800000
202200000380;4;5;2022;08:25;1;17;2;6;1;3;46,1348700000; -1,1204700000
202200000381;29;4;2022;18:10;1;15;2;1;1;6;44,9263300000;2,4454400000
202200000382;3;5;2022;11:13;1;13;2;2;1;3;43,6318960713;5,1000122584
202200000383;4;5;2022;13:10;1;13;2;2;1;2;43,2854500000;5,3898500000
202200000384;4;5;2022;10:00;1;13;2;6;1;3;43,3482600000;5,3560900000
202200000385;4;5;2022;07:30;1;13;2;1;1;3;43,2900100000;5,3836200000
202200000386;4;5;2022;10:30;1;13;2;3;1;3;43,5134382639;5,4553753741
202200000387;3;5;2022;08:32;1;11;2;1;1;6;43,2269700000;2,3522600000
202200000388;3;5;2022;08:38;1;10;2;1;1;2;48,3296700000;4,0458000000
202200000389;4;5;2022;21:40;5;07;2;1;2;6;44,7371560000;4,6124070000
202200000390;3;5;2022;19:05;1;07;2;1;1;6;44,9278700000;4,8555800000
202200000391;3;5;2022;20:40;1;75;2;1;1;2;48,8747450000;2,4105430000
202200000392;4;5;2022;07:06;1;75;2;1;1;2;48,8961810000;2,3750560000
202200000393;4;5;2022;06:19;2;75;2;2;1;3;48,8754620000;2,3979220000
202200000394;30;4;2022;00:50;5;75;2;1;1;1;48,8914380000;2,3850170000
202200000395;3;5;2022;10:20;1;75;2;1;1;4;48,9003590000;2,3766420000
202200000396;3;5;2022;14:40;1;75;2;5;1;3;48,8936240000;2,3363550000
202200000397;3;5;2022;20:00;1;75;2;7;1;3;48,8275720000;2,2929310000
202200000398;4;5;2022;12:30;1;75;2;1;1;6;48,8296650000;2,3304160000
202200000399;3;5;2022;12:30;1;75;2;2;1;6;48,8259757143;2,3826304078
202200000400;4;5;2022;05:09;5;75;2;2;1;6;48,8816060000;2,3657710000
202200000401;4;5;2022;19:10;1;75;2;7;1;3;48,8640607303;2,3201134801
202200000402;4;5;2022;15:00;1;75;2;2;1;3;48,8625730000;2,3104080000
202200000403;4;5;2022;14:30;1;75;2;3;1;7;48,8603250000;2,3530030000
202200000404;4;5;2022;09:20;1;75;2;7;1;3;48,8571810000;2,3473330000
202200000405;3;5;2022;17:00;1;75;2;2;1;3;48,8609090000;2,3408390000
202200000406;3;5;2022;11:04;1;75;2;2;1;6;48,8518310000;2,3565480000
202200000407;3;5;2022;09:10;1;75;2;3;1;7;48,8550970000;2,3616800000
202200000408;4;5;2022;15:10;1;94;2;1;1;3;48,7330600000;2,4486100000
202200000409;4;5;2022;12:30;1;94;2;1;1;2;48,8136400000;2,3505900000
202200000410;4;5;2022;12:15;1;94;2;1;1;2;48,7979800000;2,3433700000
202200000411;3;5;2022;23:03;5;94;2;1;1;7;48,7926210853;2,3377833365
202200000412;4;5;2022;16:54;1;94;2;1;1;3;48,8085100000;2,3737500000
202200000413;4;5;2022;18:40;1;94;2;1;1;6;48,7462320000;2,3716910000
202200000414;4;5;2022;09:10;1;94;2;6;1;6;48,7577700000;2,3292400000
202200000415;4;5;2022;12:50;1;94;2;4;1;6;48,8296100000;2,4011300000
202200000416;4;5;2022;18:45;1;93;1;6;1;2;48,9669049273;2,5519759657
202200000417;3;5;2022;13:00;1;93;2;2;1;1;48,9560000000;2,5405000000
202200000418;4;5;2022;18:45;1;93;2;1;1;6;48,9150800000;2,3310000000
202200000419;4;5;2022;17:47;1;93;2;1;1;6;48,9113100000;2,3326000000
202200000420;3;5;2022;20:00;2;93;2;1;1;6;48,9200790000;2,4494210000
202200000421;4;5;2022;20:00;1;93;2;1;2;6;48,8928380000;2,4766550000
202200000422;4;5;2022;17:00;1;93;2;1;1;1;48,9084440000;2,3873550000
202200000423;4;5;2022;14:30;1;93;2;3;1;2;48,9103852057;2,3992601037
202200000424;4;5;2022;17:00;1;92;2;1;1;3;48,8802183655;2,2739046514
202200000425;4;5;2022;20:45;1;92;2;9;1;3;48,8081386378;2,2983136922
202200000426;4;5;2022;12:00;1;92;2;1;1;6;48,9045636888;2,3081863672
202200000427;6;5;2022;13:30;1;80;1;1;1;2;49,9897720000;2,6389100000
202200000428;5;5;2022;17:35;1;17;1;2;1;3;45,8950300000; -0,8550520000
202200000429;4;5;2022;14:10;1;42;1;3;1;3;46,0931850000;4,1192780000
202200000430;4;5;2022;10:00;1;972;1;3;1;3;14,6798870000; -60,9809550000
202200000431;25;3;2022;16:25;1;09;2;1;1;1;43,1325700000;1,6236900000
202200000432;5;5;2022;21:30;2;26;1;1;1;2;44,5762690000;4,8071840000
202200000433;25;3;2022;14:32;1;06;1;1;1;1;43,6235200000;6,9274500000
202200000434;25;3;2022;09:30;1;06;2;1;1;2;43,6350240000;6,9117870000
202200000435;6;5;2022;18:35;1;38;2;1;1;3;45,3264520000;5,5797730000
202200000436;24;2;2022;06:15;2;02;1;1;1;7;49,8219700000;3,2992100000
202200000437;26;3;2022;05:40;2;83;1;1;1;6;43,1920154041;6,0376739502
202200000438;6;5;2022;16:30;1;85;2;1;1;3;46,8678790000; -0,9957920000
202200000439;26;3;2022;16:50;1;10;1;1;7;6;48,3557860000;4,1515548900
202200000440;29;4;2022;06:45;2;30;1;1;1;1;44,0137820000;4,7976460000
202200000441;26;3;2022;09:40;1;974;1;1;1;3; -21,0762510000;55,6985810000
202200000442;6;5;2022;17:00;1;62;1;1;1;7;50,1833560000;3,0920930000
202200000443;25;3;2022;18:00;1;59;2;1;1;3;51,0166952590;2,5520306826
202200000444;6;5;2022;13:55;1;62;1;1;7;7;50,2416060000;2,8090670000
202200000445;26;3;2022;07:30;1;974;2;1;1;1; -21,2226610000;55,3197720000
202200000446;6;5;2022;15:20;1;41;1;1;1;7;47,7810100000;0,8008220000
202200000447;25;3;2022;23:00;3;83;1;1;1;6;43,2741670000;6,1228660000
202200000448;2;5;2022;19:38;1;95;1;1;1;1;49,1290870267;2,4314439297
202200000449;25;3;2022;21:15;3;82;1;1;1;6;43,9984430000;1,2519960000
202200000450;5;5;2022;20:00;1;59;1;1;1;6;50,1255970000;3,7351980000
202200000451;26;3;2022;14:00;1;32;1;1;1;6;43,4252193056;0,6077332405
202200000452;20;10;2022;18:20;4;75;2;3;8;3;48,8533140000;2,3757320000
202200000453;26;3;2022;14:00;1;89;1;1;1;7;47,7480500000;3,9352130000
202200000454;2;5;2022;17:15;1;56;1;1;1;3;47,9336300000; -3,3189900000
202200000455;26;3;2022;17:25;1;89;1;1;1;6;47,9148900000;3,5868430000
202200000456;5;10;2022;14:35;1;94;2;3;1;3;48,8127400000;2,3872300000
202200000457;2;5;2022;16:53;1;82;2;2;1;1;44,1029150000;1,0868790000
202200000458;25;3;2022;18:55;2;61;1;1;1;7;48,8982670000;0,1306070000
202200000459;20;10;2022;20:15;5;94;2;1;3;4;48,7272500000;2,4453100000
202200000460;26;3;2022;14:00;1;55;1;1;1;7;49,3359940000;5,5490770000
202200000461;5;5;2022;16:10;1;82;1;3;1;3;44,1433890000;1,5223490000
202200000462;26;3;2022;13:15;1;34;1;1;1;7;43,5163590000;2,7111360000
202200000463;19;10;2022;19:40;5;94;2;1;1;3;48,8564800000;2,4653500000
202200000464;4;5;2022;14:40;1;33;1;1;1;4;45,2279970000; -0,8794210000
202200000465;19;10;2022;18:50;3;94;2;3;1;3;48,7609800000;2,4931500000
202200000466;26;3;2022;04:50;3;68;1;3;1;3;47,6293670000;7,2271800000
202200000467;4;5;2022;15:50;1;42;2;4;2;3;45,6365170000;4,3953310000
202200000468;26;3;2022;14:35;1;39;1;1;1;1;46,4429880000;5,7102300000
202200000469;20;10;2022;08:00;1;94;2;3;1;3;48,7735800000;2,5049300000
202200000470;6;5;2022;07:30;1;44;2;1;1;1;47,2967130000; -2,4048310000
202200000471;20;10;2022;04:50;3;77;1;1;2;2;49,0120663253;2,5967078716
202200000472;6;5;2022;08:30;1;02;1;1;1;7;50,0388480000;3,6976560000
202200000473;25;3;2022;17:05;1;25;2;2;1;6;47,1860600000;6,3995900000
202200000474;20;10;2022;11:50;1;93;2;2;1;3;48,8563300000;2,4450000000
202200000475;24;3;2022;19:00;1;44;1;1;1;1;47,1000980000; -1,9906320000
202200000476;6;5;2022;16:30;1;02;1;1;1;1;49,5893210000;3,3483300000
202200000477;26;3;2022;05:20;3;29;1;1;1;6;47,9427790000; -3,7640670000
202200000478;4;5;2022;16:50;1;03;2;1;1;6;46,2277280000;3,3417480000
202200000479;19;10;2022;23:03;5;93;2;2;1;5;48,9544000000;2,3082100000
202200000480;25;3;2022;16:30;1;38;2;1;1;3;45,5141310000;5,0789470000
202200000481;6;5;2022;07:15;2;85;1;1;1;1;46,7315669292; -1,2867696061
202200000482;26;3;2022;09:10;1;02;2;9;1;6;49,0298000000;3,3750240000
202200000483;6;5;2022;02:07;5;72;1;6;1;7;48,4047910000;0,0900360000
202200000484;20;10;2022;06:15;5;92;2;2;2;6;48,8925257182;2,1869911551
202200000485;6;5;2022;11:30;1;05;1;1;1;7;44,5854740000;6,5337160000
202200000486;25;3;2022;19:50;3;26;1;1;1;6;44,6322300000;5,0788920000
202200000487;20;10;2022;18:00;1;92;2;1;8;3;48,7998881231;2,3232586383
202200000488;2;5;2022;09:45;1;50;1;2;1;1;48,6114200000; -1,1203370000
202200000489;20;10;2022;13:37;1;92;2;3;1;3;48,8254640000;2,2683670000
202200000490;25;3;2022;18:45;1;18;1;1;1;1;47,1068510000;2,2853060000
202200000491;6;5;2022;17:30;1;64;2;1;1;6;43,1814640000; -1,3245340000
202200000492;20;10;2022;19:13;5;92;2;9;3;6;48,7832753035;2,2663856149
202200000493;26;3;2022;15:30;1;43;1;1;1;1;45,1385540000;3,7951780000
202200000494;19;10;2022;14:20;1;92;2;1;1;6;48,7940300000;2,2651100000
202200000495;3;5;2022;13:30;1;18;2;1;1;6;47,1434910000;2,2220330000
202200000496;19;10;2022;15:15;1;92;2;1;1;2;48,9112380000;2,2648920000
202200000497;23;3;2022;14:05;1;53;2;6;1;2;48,1476450000; -0,4130170000
202200000498;26;3;2022;16:50;1;85;1;1;1;7;46,7695800000; -0,9522560000
202200000499;5;5;2022;18:30;1;07;1;1;1;6;44,6772060000;4,4607660000
202200000500;20;10;2022;08:15;2;35;2;1;1;6;48,2147054409; -1,8924929202
202200000501;26;3;2022;07:13;2;48;1;1;1;6;44,2061960000;3,2895210000
202200000502;20;10;2022;18:50;2;01;2;1;1;6;45,8171210000;5,2065320000
202200000503;1;5;2022;12:30;1;07;1;1;1;2;44,5649300000;4,2224720000
202200000504;26;3;2022;07:45;1;987;1;1;1;3; -17,7413520000; -149,5727020000
202200000505;18;10;2022;09:20;1;95;2;1;1;6;49,1504551291;2,2712570429
202200000506;6;5;2022;02:00;3;40;1;1;1;6;43,8238150000; -1,0945130000
202200000507;19;10;2022;16:15;1;31;2;1;1;3;43,6867330000;1,4202610000
202200000508;25;3;2022;17:30;2;13;1;1;1;2;43,5865320000;5,1597940000
202200000509;21;10;2022;15:20;1;28;1;1;1;2;48,2681120000;1,1533930000
202200000510;5;5;2022;23:00;5;85;2;6;1;1;46,9825200000; -1,3179100000
202200000511;28;6;2022;12:15;1;69;2;1;1;3;45,7498200000;4,9126000000
202200000512;21;10;2022;03:40;5;972;2;1;1;6;14,6428110000; -61,1369200000
202200000513;26;3;2022;17:25;1;45;1;1;1;2;47,9107690000;1,8493290000
202200000514;5;5;2022;23:40;5;85;2;1;1;6;46,4102600000; -0,8957280000
202200000515;28;12;2022;15:40;1;08;2;1;1;6;49,5104069939;4,3672906011
202200000516;26;3;2022;11:00;1;988;2;1;1;7; -21,0551060000;164,8639600000
202200000517;3;5;2022;19:20;3;973;1;1;2;6;4,7909690000; -52,3547460000
202200000518;21;10;2022;08:55;1;01;2;3;2;3;46,2421770000;6,0246440000
202200000519;31;12;2022;15:05;1;14;2;6;1;6;48,8643370000; -0,8733480000
202200000520;25;3;2022;18:25;2;973;1;1;1;1;4,9324870000; -52,4470140000
202200000521;1;5;2022;00:25;5;2A;2;1;1;7;41,9265400000;8,7363900000
202200000522;5;5;2022;09:30;1;973;1;1;1;1;4,8922765735; -52,3481208086
202200000523;17;10;2022;05:05;3;14;1;4;2;7;48,9512900000; -0,8044800000
202200000524;2;6;2022;17:00;1;11;2;1;1;2;43,1872300000;2,9728800000
202200000525;11;10;2022;07:15;2;34;1;1;1;3;43,5607010000;3,7988660000
202200000526;6;5;2022;09:10;1;13;1;1;1;6;43,4757040000;5,6232830000
202200000527;25;11;2022;16:00;1;22;2;1;7;1;48,3180610000; -2,2603940000
202200000528;19;10;2022;17:00;1;63;1;1;1;7;45,6497150000;3,5594840000
202200000529;19;12;2022;17:34;2;04;1;1;1;6;43,8957750000;6,1121360000
202200000530;4;9;2022;23:50;5;2B;2;1;1;2;42,5500230000;8,7666000000
202200000531;21;10;2022;14:00;1;47;2;3;2;3;44,2194080000;0,5830000000
202200000532;21;3;2022;20:15;3;13;1;1;1;1;43,3614520000;5,2329580000
202200000533;5;5;2022;08:00;1;988;1;3;1;3; -20,9305400000;164,7207500000
202200000534;8;10;2022;10:10;1;29;1;1;1;7;48,1567609700; -4,0622620580
202200000535;2;4;2022;11:50;1;13;1;1;1;5;43,4151000000;5,3650000000
202200000536;26;3;2022;07:55;1;77;1;3;1;1;48,9508596726;3,0593628398
202200000537;6;5;2022;19:00;5;988;1;1;1;1; -22,6545020000;167,4449600000
202200000538;13;10;2022;12:20;1;29;1;1;2;1;48,4062010000; -4,5516660000
202200000539;27;3;2022;00:20;3;66;1;1;1;6;42,8169960000;2,9073160000
202200000540;5;5;2022;18:00;3;986;2;1;1;3; -13,3398220000; -176,1949490000
202200000541;17;10;2022;13:15;1;29;2;1;1;7;48,6179990000; -4,5545300000
202200000542;3;1;2022;18:30;5;78;2;1;2;6;48,9315600000;2,0470600000
202200000543;17;3;2022;22:20;3;13;1;1;1;5;43,3785918649;5,6902098656
202200000544;26;3;2022;16:00;1;13;1;1;1;6;43,2562990000;5,6486250000
202200000545;19;10;2022;09:25;1;38;1;1;1;2;45,3365490000;5,1856060000
202200000546;8;4;2022;19:00;1;57;2;3;1;3;49,1075300000;6,1062300000
202200000547;3;5;2022;16:15;1;13;1;1;1;3;43,4346910000;5,5611040000
202200000548;21;10;2022;00:00;3;38;1;1;2;7;45,6241150000;5,6143570000
202200000549;29;11;2022;17:10;1;69;2;9;1;2;45,6980464351;4,8770250558
202200000550;25;3;2022;16:15;1;68;1;1;1;3;48,1014200000;7,1356310000
202200000551;19;10;2022;23:54;4;38;1;1;1;6;45,5923300000;5,5806260000
202200000552;17;6;2022;16:00;1;06;2;1;1;3;43,8065870000;7,3273540000
202200000553;6;5;2022;01:30;3;33;2;1;1;2;44,6166010000; -1,1087850000
202200000554;25;3;2022;15:00;1;67;1;1;1;1;48,6230560000;7,4737870000
202200000555;25;11;2022;11:00;1;78;2;9;1;6;48,8277300000;2,1258900000
202200000556;21;10;2022;16:45;1;03;2;1;1;6;46,3283390000;2,5135620000
202200000557;25;3;2022;23:45;3;67;1;1;1;1;48,7566590000;7,8870620000
202200000558;2;5;2022;18:00;1;77;1;1;1;7;48,2528550000;2,9706430000
202200000559;21;10;2022;14:00;1;14;1;1;1;6;49,0966768826; -0,7747936249
202200000560;30;12;2022;18:30;3;32;1;1;1;1;43,7227650000;0,9272130000
202200000561;3;5;2022;19:35;1;91;1;1;1;7;48,5983770000;2,2161580000
202200000562;25;3;2022;14:30;1;88;1;3;1;3;48,1444020000;6,5992160000
202200000563;20;10;2022;07:00;3;60;1;1;2;6;49,2767930000;2,5943720000
202200000564;30;12;2022;14:30;1;91;2;1;2;3;48,6994300000;2,4265100000
202200000565;3;5;2022;12:30;1;2B;1;1;1;1;42,5087420000;9,3561460000
202200000566;25;3;2022;16:30;1;57;1;9;7;3;49,1897150000;6,1447960000
202200000567;17;12;2022;02:40;5;91;2;1;1;7;48,6485920000;2,4079960000
202200000568;20;10;2022;10:50;1;64;2;1;6;3;43,2507360000; -0,8788420000
202200000569;27;12;2022;18:55;5;91;2;1;1;7;48,6652500000;2,3619500000
202200000570;1;5;2022;19:15;1;13;2;1;1;1;43,8388760000;4,9451140000
202200000571;21;10;2022;10:15;1;18;2;1;7;6;46,8860670000;2,5627860000
202200000572;25;3;2022;18:15;1;38;1;1;1;3;45,5558910000;5,3494630000
202200000573;1;12;2022;13:45;1;75;2;3;8;6;48,8651410000;2,3469170000
202200000574;26;3;2022;16:27;1;38;2;1;1;7;45,2769060000;5,6480460000
202200000575;12;8;2022;03:00;5;972;1;1;1;6;14,5337850000; -61,0258230000
202200000576;21;10;2022;08:40;1;43;1;9;1;6;45,3528540000;4,3160390000
202200000577;26;3;2022;16:37;1;76;1;2;1;3;49,5642370000;1,5474110000
202200000578;9;10;2022;10:46;2;16;1;1;1;2;45,8135130000;0,5407730000
202200000579;8;11;2022;17:10;1;14;2;1;1;7;49,2876210000; -0,7149120000
202200000580;27;12;2022;13:38;1;36;1;1;9;7;46,7063200000;1,7504000000
202200000581;25;3;2022;20:30;5;60;1;9;1;6;49,2324764758;2,4708445072
202200000582;21;12;2022;18:00;5;36;2;4;9;3;46,8197100000;1,7110100000
202200000583;25;3;2022;18:48;2;13;1;1;1;4;43,2777600000;5,5867500000
202200000584;14;12;2022;15:03;1;36;2;1;1;6;46,7957701547;1,6650724411
202200000585;21;10;2022;17:30;2;07;1;1;3;4;44,7585430000;4,7362020000
202200000586;24;3;2022;17:00;1;13;1;1;1;7;43,4268800000;5,2627000000
202200000587;15;10;2022;01:35;3;42;1;1;1;3;45,3933700000;4,3247000000
202200000588;24;3;2022;17:17;1;13;1;1;1;3;43,2929784052;5,4763774141
202200000589;2;10;2022;03:45;3;42;1;1;1;2;45,5249310000;4,2884540000
202200000590;21;10;2022;08:30;1;53;1;1;1;3;47,9679230000; -0,3778160000
202200000591;24;3;2022;17:22;1;13;1;1;1;2;43,4152800000;5,3647900000
202200000592;28;9;2022;13:15;1;22;2;1;2;2;48,4564790000; -2,0511720000
202200000593;2;9;2022;01:00;3;22;2;1;3;-1;48,5901400000; -2,1916670000
202200000594;24;3;2022;10:00;1;13;1;1;1;2;43,2785000000;5,5862200000
202200000595;18;10;2022;07:00;5;87;2;9;1;3;45,8928870000;0,9074070000
202200000596;20;10;2022;07:25;1;30;2;9;1;1;44,1290370000;4,1293120000
202200000597;23;3;2022;13:34;1;13;1;1;1;3;43,2943720000;5,4243920000
202200000598;16;9;2022;15:50;1;03;1;1;1;2;46,3150700000;3,2244650000
202200000599;25;3;2022;14:00;1;69;1;1;1;3;45,5885198982;4,7928897142
202200000600;20;10;2022;19:15;3;13;1;1;1;1;43,6688960000;5,1517080000
202200000601;19;3;2022;12:00;1;54;1;1;1;2;48,6505520000;5,8738790000
202200000602;20;10;2022;09:00;1;35;1;1;2;7;48,1377690000; -1,7724040000
202200000603;18;10;2022;12:50;1;22;2;6;1;6;48,5332400000; -2,7598800000
202200000604;25;3;2022;20:30;4;33;1;1;1;7;44,7911400000; -0,6457800000
202200000605;22;12;2022;18:00;1;988;1;1;1;5; -22,1021500000;166,3207000000
202200000606;25;3;2022;14:45;1;33;1;1;1;3;44,8611200000; -0,5041600000
202200000607;20;10;2022;12:10;1;06;1;1;1;2;43,6265490000;7,0443830000
202200000608;16;10;2022;02:30;3;11;1;1;1;7;43,2267448519;2,6997704031
202200000609;25;3;2022;18:40;1;78;1;1;1;2;48,9150020000;2,0056050000
202200000610;15;1;2022;10:13;1;13;1;1;1;6;43,2920614867;5,4530721902
202200000611;25;3;2022;13:10;1;92;1;1;1;2;48,8397805788;2,2045647677
202200000612;20;10;2022;17:20;1;67;1;9;3;3;48,6740700000;7,7357270000
202200000613;14;11;2022;15:09;1;14;2;9;2;7;48,8544130000; -0,5720510000
202200000614;25;3;2022;04:55;3;78;1;1;1;6;48,8604020000;2,0478070000
202200000615;9;11;2022;17:05;2;22;2;3;1;3;48,5381700000; -2,7611500000
202200000616;19;10;2022;10:45;1;69;2;1;1;6;45,7137240000;4,7411530000
202200000617;25;3;2022;18:25;2;93;1;9;1;5;48,9721100000;2,4953900000
202200000618;31;12;2022;17:00;1;10;1;1;1;1;48,5103220000;3,6064340000
202200000619;25;3;2022;16:30;1;93;1;1;7;2;48,9338056959;2,3831856251
202200000620;20;10;2022;18:10;1;21;1;1;1;2;47,0484738633;5,2237150183
202200000621;27;12;2022;07:30;1;43;2;1;5;6;45,3057460000;3,7907120000
202200000622;24;12;2022;10:40;1;43;2;1;1;3;45,0228000000;3,8884900000
202200000623;24;3;2022;09:20;1;93;1;1;1;2;48,8773300000;2,4443000000
202200000624;20;10;2022;21:00;3;974;1;1;2;6; -20,9353350000;55,6379070000
202200000625;12;7;2022;17:50;1;30;2;9;1;4;43,9369981400;3,9593482018
202200000626;23;3;2022;19:15;2;92;1;1;1;3;48,9374765581;2,2987285712
202200000627;21;10;2022;06:00;3;73;1;1;2;6;45,6073430000;6,2831070000
202200000628;24;3;2022;08:15;1;95;1;1;1;2;49,0389768653;2,4839562178
202200000629;14;12;2022;13:00;1;14;1;1;4;1;48,9900630000; -0,3391810000
202200000630;24;3;2022;01:15;3;93;1;1;1;4;48,8792900000;2,4491800000
202200000631;19;11;2022;16:00;1;14;1;1;8;6;48,8438050000; -0,9209530000
202200000632;25;3;2022;21:50;3;77;1;1;1;6;48,9135931233;2,6348812060
202200000633;19;10;2022;16:20;1;45;2;3;1;3;48,1855326446;2,2498108149
202200000634;3;8;2022;18:50;1;73;2;3;1;2;45,5675845444;5,9245372676
202200000635;25;3;2022;14:00;1;77;1;1;1;7;48,6463951434;2,5993517524
202200000636;4;11;2022;19:05;3;83;1;1;1;3;43,4413440000;6,3672420000
202200000637;25;3;2022;08:20;1;94;1;1;1;2;48,8272864270;2,4692556276
202200000638;4;11;2022;15:00;1;09;1;1;2;1;42,9754200000;1,6224400000
202200000639;24;3;2022;09:49;1;32;2;1;1;7;43,6434200000;0,5885490000
202200000640;7;10;2022;21:20;5;84;2;2;1;6;43,9683340000;4,8822050000
202200000641;1;11;2022;05:30;5;09;2;1;8;6;42,9660680000;1,5994110000
202200000642;24;3;2022;19:00;5;83;2;1;1;6;43,1449100000;5,7679300000
202200000643;7;10;2022;16:30;1;69;1;1;1;2;45,7500122647;4,8252457380
202200000644;24;3;2022;13:00;1;974;2;1;1;6; -20,9372720000;55,6467460000
202200000645;23;12;2022;19:15;5;93;2;1;8;6;48,9060519290;2,5322923064
202200000646;21;10;2022;14:22;1;13;2;1;8;6;43,7919930000;5,0390500000
202200000647;17;1;2022;10:25;1;54;2;3;1;6;48,7706159050;6,0540086039
202200000648;23;3;2022;16:40;1;976;2;1;1;1; -12,7751400000;45,2302700000
202200000649;2;8;2022;02:45;3;14;1;1;1;6;49,1105100000;0,2158700000
202200000650;19;10;2022;15:45;1;13;1;1;1;3;43,8142470000;5,0188640000
202200000651;24;3;2022;04:15;3;974;2;1;1;2; -21,3344400000;55,4855700000
202200000652;18;10;2022;08:40;1;92;2;1;1;3;48,9102600000;2,2549600000
202200000653;16;10;2022;07:35;2;13;1;1;1;7;43,7067710000;5,2012540000
202200000654;21;10;2022;16:00;1;13;1;1;1;3;43,2149580000;5,5803570000
202200000655;24;3;2022;14:31;1;974;1;1;1;2; -21,3012600000;55,4336400000
202200000656;18;9;2022;17:14;1;14;1;1;1;7;49,2110230000; -0,5203490000
202200000657;18;10;2022;14:40;1;13;2;6;1;1;43,4578220000;5,4632920000
202200000658;24;3;2022;21:37;5;973;2;2;1;6;4,9396000000; -52,3284900000
202200000659;1;8;2022;21:30;2;14;1;1;1;7;48,8277740000; -0,7346030000