Accident_Id;jour;mois;an;hrmn;lum;dep;agg;int;atm;col;lat;long
202200000660;24;3;2022;17:48;1;973;2;1;1;2;4,9351410896; -52,3122811317
202200000661;17;10;2022;08:20;1;21;1;1;1;1;47,1378529581;5,4027166218
202200000662;14;10;2022;12:40;1;68;1;3;2;3;47,8114790000;7,1600730000
202200000663;29;12;2022;14:30;1;62;2;9;3;6;50,7352600000;2,2735400000
202200000664;24;3;2022;16:30;1;973;2;3;1;3;4,9374100000; -52,3158200000
202200000665;13;8;2022;22:00;3;67;1;1;1;1;48,3949390000;7,3047280000
202200000666;24;8;2022;16:00;1;2A;2;1;1;1;41,9315100000;8,7381900000
202200000667;14;12;2022;17:10;2;60;2;1;1;1;49,4229846874;2,8203771114
202200000668;25;3;2022;00:15;5;69;2;4;1;3;45,7508400000;4,8607400000
202200000669;10;10;2022;13:50;1;88;1;1;8;6;48,1566805766;6,4854177833
202200000670;15;11;2022;16:35;1;17;2;1;2;2;45,9356100000; -0,9625700000
202200000671;24;3;2022;18:30;1;69;2;1;1;3;45,6976200000;4,8928700000
202200000672;20;10;2022;06:30;5;69;2;9;2;1;45,7333550000;4,7758610000
202200000673;25;11;2022;01:10;5;13;1;1;1;1;43,4078300000;5,3294900000
202200000674;24;3;2022;10:55;1;69;2;3;1;6;45,6887392803;4,8611927032
202200000675;26;12;2022;17:25;5;74;2;2;2;6;46,3710000000;6,4850000000
202200000676;24;3;2022;11:43;1;972;1;9;1;3;14,6290300000; -61,0559100000
202200000677;24;12;2022;11:05;1;974;2;9;1;6; -20,9674900000;55,6719300000
202200000678;25;9;2022;12:30;1;33;2;9;1;3;44,8937090000; -0,7177220000
202200000679;17;10;2022;11:16;1;2A;2;1;1;6;41,9178700000;8,7370600000
202200000680;24;3;2022;09:35;1;69;1;1;1;6;45,7342000000;4,8189000000
202200000681;18;11;2022;16:45;2;13;1;3;1;3;43,3087530203;5,6079823777
202200000682;24;3;2022;13:20;1;91;2;1;1;1;48,6084830000;2,3160010000
202200000683;21;10;2022;08:30;2;49;2;1;1;6;47,2075510000; -0,9894510000
202200000684;31;12;2022;16:24;1;63;2;1;1;7;45,7879800000;3,0559200000
202200000685;23;3;2022;12:41;1;87;2;1;1;3;45,8279900000;1,2612400000
202200000686;10;12;2022;14:55;1;93;2;2;1;3;48,9166200000;2,4445400000
202200000687;23;3;2022;12:25;1;87;2;2;1;6;45,8211700000;1,2629200000
202200000688;6;12;2022;20:12;5;93;2;1;8;6;48,9179225898;2,4361458421
202200000689;24;3;2022;16:50;1;85;2;3;1;3;46,6720600000; -1,4274400000
202200000690;1;12;2022;17:50;5;93;2;2;1;6;48,8666500000;2,5288600000
202200000691;24;3;2022;08:40;1;85;2;9;1;3;46,6583180000; -1,4481581000
202200000692;23;9;2022;11:00;1;84;2;2;1;6;43,9432900000;4,8657400000
202200000693;24;3;2022;17:15;1;81;2;6;1;3;43,9208400000;2,1720500000
202200000694;14;10;2022;17:00;1;13;1;1;1;2;43,2853900000;5,5152800000
202200000695;23;3;2022;13:40;1;78;2;4;1;1;48,9766950000;1,8615370000
202200000696;18;10;2022;20:58;5;13;1;1;1;2;43,3253300000;5,4221200000
202200000697;13;11;2022;04:50;4;93;2;2;1;6;48,9262828105;2,3966401552
202200000698;22;3;2022;22:35;5;78;2;1;1;6;48,9828240000;1,6977300000
202200000699;29;11;2022;08:20;1;38;2;6;2;6;45,5984500000;5,2497900000
202200000700;16;11;2022;10:39;1;38;2;1;1;6;45,1924100000;5,6983500000
202200000701;24;3;2022;07:45;1;74;2;1;1;2;46,3643100000;6,4642100000
202200000702;20;10;2022;20:00;5;94;1;1;3;4;48,7585473054;2,3255730855
202200000703;5;10;2022;18:30;1;38;1;1;1;2;45,5268400000;4,8799200000
202200000704;23;3;2022;20:05;5;67;2;3;1;3;48,5841700000;7,6932500000
202200000705;26;9;2022;08:10;2;38;1;1;1;6;45,5452700000;4,9245800000
202200000706;23;3;2022;17:00;1;67;2;3;1;3;48,5880100000;7,7842800000
202200000707;20;10;2022;18:00;2;91;1;1;8;3;48,6289600000;2,4823600000
202200000708;21;7;2022;17:55;1;38;2;1;1;2;45,5845800000;5,2807200000
202200000709;22;3;2022;17:20;1;67;2;1;1;6;48,5538800000;7,7623800000
202200000710;15;12;2022;08:30;1;55;2;6;1;6;49,1606200000;5,3889900000
202200000711;19;10;2022;19:00;2;94;1;1;1;2;48,7589540937;2,3243421458
202200000712;24;3;2022;08:40;1;64;1;1;1;4;43,2847100000; -0,3205300000
202200000713;9;12;2022;09:45;1;74;1;1;4;4;46,0942750000;6,3552050000
202200000714;23;3;2022;07:53;1;64;2;1;7;7;43,3314590154; -0,4126028717
202200000715;20;10;2022;15:00;1;92;1;1;1;7;48,9180501697;2,3073887640
202200000716;23;3;2022;12:45;1;64;2;1;1;7;43,4676200000; -1,5711700000
202200000717;23;3;2022;15:20;1;64;2;1;1;7;43,4827640000; -1,4825730000
202200000718;16;12;2022;14:40;1;93;2;2;1;5;48,8433870000;2,5594920000
202200000719;20;10;2022;07:45;2;92;1;1;8;5;48,8350835791;2,1757683191
202200000720;24;3;2022;12:25;1;62;1;1;1;5;50,7459400000;1,6104000000
202200000721;2;11;2022;09:50;1;91;1;1;1;4;48,7083600000;2,3066600000
202200000722;24;3;2022;16:55;1;59;2;9;1;6;50,6753700000;3,2102700000
202200000723;19;10;2022;16:35;1;92;1;1;1;4;48,9143352249;2,2194984555
202200000724;16;10;2022;19:05;5;73;2;3;1;6;45,6149890000;6,3190860000
202200000725;24;3;2022;16:35;1;59;2;1;1;6;50,6845000000;3,1896900000
202200000726;15;10;2022;19:57;5;73;2;3;1;1;45,4834340702;6,5296348929
202200000727;23;3;2022;18:20;1;59;2;1;1;1;50,3362100944;3,2587387561
202200000728;19;10;2022;09:40;1;92;1;1;1;3;48,9334299689;2,2520676266
202200000729;23;3;2022;07:55;1;56;2;2;1;3;47,7679510000; -3,3555510000
202200000730;10;9;2022;08:50;1;73;2;9;1;3;45,6436990000;6,3176970000
202200000731;29;8;2022;13:45;1;73;2;9;1;2;45,6549770000;6,3583170000
202200000732;23;3;2022;23:53;5;49;2;2;1;3;47,4791000000; -0,5705400000
202200000733;20;10;2022;20:15;3;93;1;1;2;5;48,8656200000;2,4207100000
202200000734;22;8;2022;18:14;1;73;1;3;1;2;45,4936543694;6,0003084540
202200000735;23;3;2022;08:36;1;49;2;1;1;3;47,4718400000; -0,5192400000
202200000736;20;10;2022;18:15;1;95;1;1;1;4;49,0123338101;2,1503912473
202200000737;23;3;2022;07:51;1;49;2;6;1;3;47,4742933504; -0,5155581236
202200000738;18;8;2022;18:15;1;73;1;6;1;3;45,6289250000;6,4436370000
202200000739;24;3;2022;07:00;2;44;2;1;1;6;47,2221500000; -1,6377200000
202200000740;20;10;2022;18:15;1;95;1;1;1;3;48,9639515455;2,2631313398
202200000741;18;3;2022;19:15;1;41;2;1;1;3;47,5875000000;1,3332000000
202200000742;30;9;2022;13:30;1;62;1;2;1;3;50,9103870000;2,0784760000
202200000743;20;10;2022;16:00;1;95;1;1;1;5;49,0412212246;2,0807994769
202200000744;28;12;2022;10:20;1;09;1;1;1;2;43,1171090000;1,6345570000
202200000745;20;10;2022;13:20;1;93;1;1;2;6;48,8877000000;2,4725300000
202200000746;24;3;2022;16:45;1;38;2;1;1;3;45,1646900000;5,7289700000
202200000747;24;11;2022;11:41;1;93;2;1;1;6;48,9529053098;2,3130525649
202200000748;20;10;2022;09:40;1;93;1;1;1;5;48,9210200000;2,3569400000
202200000749;23;3;2022;17:15;1;37;2;1;1;3;47,4145500000;0,6698600000
202200000750;20;10;2022;07:30;3;93;1;1;3;3;48,9685400000;2,4789700000
202200000751;23;3;2022;16:30;1;37;2;1;1;1;47,3967800000;0,6859000000
202200000752;8;7;2022;19:45;1;93;2;3;1;3;48,8809750000;2,4800840000
202200000753;20;10;2022;17:50;1;77;1;1;1;2;48,8318200000;2,6483940000
202200000754;24;3;2022;18:10;1;35;1;1;1;2;48,1059148961; -1,7172348884
202200000755;20;10;2022;07:25;3;77;1;1;2;2;48,8464770000;2,6622180000
202200000756;7;7;2022;11:05;1;93;2;1;1;6;48,8732811102;2,4837829471
202200000757;24;3;2022;09:35;1;35;1;1;1;2;48,0807600000; -1,6758300000
202200000758;29;6;2022;18:00;1;93;2;1;1;3;48,8738990000;2,4791710000
202200000759;24;3;2022;11:55;1;34;2;2;1;6;43,5966000000;3,8452700000
202200000760;19;10;2022;23:05;3;94;1;1;1;7;48,7763087259;2,4242660012
202200000761;21;6;2022;20:28;1;93;2;2;1;3;48,8826790000;2,5203810000
202200000762;24;3;2022;07:40;1;33;2;6;1;3;44,8584730000; -0,6775350000
202200000763;31;7;2022;05:30;3;73;1;1;1;7;45,4473440000;6,6412030000
202200000764;4;5;2022;15:15;1;93;2;2;1;3;48,9247600000;2,4150000000
202200000765;24;3;2022;02:05;5;33;2;1;1;6;44,8378100000; -0,5738900000
202200000766;16;7;2022;23:40;5;73;2;1;1;6;45,6806700000;5,9125700000
202200000767;26;4;2022;19:00;1;93;2;1;1;2;48,8793579201;2,4748823047
202200000768;19;10;2022;18:00;3;976;1;1;1;2; -12,7599500000;45,2271300000
202200000769;23;3;2022;12:15;1;31;2;2;1;3;43,6057400000;1,4488300000
202200000770;11;4;2022;10:15;1;93;2;1;1;2;48,8622510000;2,4882190000
202200000771;19;10;2022;20:36;5;974;2;1;1;2; -21,3506300000;55,4842200000
202200000772;28;11;2022;07:55;2;62;2;1;2;6;50,7223900000;1,6334500000
202200000773;23;3;2022;09:30;1;31;1;1;1;2;43,6112800000;1,3829800000
202200000774;19;10;2022;20:38;1;973;2;2;1;3;4,9342000000; -52,3204000000
202200000775;11;10;2022;18:20;1;62;2;1;1;3;50,7770770000;1,6125330000
202200000776;23;3;2022;16:20;2;28;2;2;1;3;48,4284700000;1,4674900000
202200000777;19;10;2022;16:53;1;973;2;2;1;3;4,9406400000; -52,3267800000
202200000778;29;9;2022;08:30;1;62;2;1;1;3;50,7421500000;1,5965030000
202200000779;24;3;2022;19:50;5;27;2;4;1;3;49,0200600000;1,1595700000
202200000780;19;10;2022;15:15;1;972;1;1;1;5;14,6154747736; -61,0140591860
202200000781;23;9;2022;09:50;1;62;1;1;1;5;50,5003080000;2,9442060000
202200000782;24;3;2022;08:00;1;26;2;9;1;3;44,9271200000;4,8997400000
202200000783;19;10;2022;16:40;1;69;2;1;1;3;45,7804100000;4,8118800000
202200000784;30;10;2022;15:50;1;14;2;6;7;3;49,3223990000; -0,4552880000
202200000785;24;3;2022;16:30;1;25;2;1;1;2;47,2505100000;6,0067600000
202200000786;19;10;2022;11:00;1;69;2;2;1;2;45,7546200000;4,7884700000
202200000787;24;3;2022;13:49;1;15;1;1;1;3;44,9247900000;2,4742400000
202200000788;18;10;2022;17:30;1;14;2;6;1;1;48,8667040000; -0,8706110000
202200000789;19;10;2022;06:52;3;2B;1;1;1;6;42,6492600000;9,4404400000
202200000790;18;10;2022;19:00;3;971;1;1;1;6;16,2792373472; -61,5079450607
202200000791;21;12;2022;18:35;3;25;2;7;8;6;47,4822700000;6,8405500000
202200000792;24;3;2022;08:50;1;14;2;2;1;6;49,1461000000; -0,3772400000
202200000793;19;10;2022;12:25;1;2A;2;1;1;2;41,9399300000;8,7437900000
202200000794;24;3;2022;18:00;1;13;1;1;1;3;43,4755400000;5,2279800000
202200000795;3;10;2022;19:30;5;95;2;3;1;3;48,9668500000;2,2563600000
202200000796;24;3;2022;14:20;1;13;2;3;1;3;43,3457300000;5,4248300000
202200000797;19;10;2022;17:30;1;91;2;1;1;1;48,6972200000;2,4818700000
202200000798;26;12;2022;14:18;1;93;2;3;2;3;48,9351205717;2,4509879630
202200000799;18;10;2022;16:50;1;91;2;1;8;6;48,6164370000;2,4587550000
202200000800;24;3;2022;12:40;1;13;2;2;1;3;43,3114046242;5,3873455576
202200000801;13;12;2022;14:00;1;2A;2;2;1;3;41,9344400000;8,7418300000
202200000802;24;3;2022;10:05;1;13;2;2;1;3;43,2928100000;5,3875400000
202200000803;13;10;2022;19:04;5;80;2;3;2;3;49,8793800000;2,2982100000
202200000804;24;9;2022;01:50;5;78;2;6;1;6;48,7443760000;1,9206210000
202200000805;24;3;2022;09:30;1;13;2;1;1;3;43,2886000000;5,3930800000
202200000806;6;12;2022;13:45;1;2A;2;6;1;3;41,9420600000;8,7496800000
202200000807;24;3;2022;12:40;1;13;2;1;1;3;43,6737254418;4,6179412005
202200000808;18;10;2022;21:20;2;77;2;1;1;3;48,9346470000;2,6021310000
202200000809;4;12;2022;21:15;4;19;2;1;2;6;45,2780120296;1,7695605755
202200000810;23;3;2022;23:22;3;11;1;1;1;6;43,1972500000;2,2927800000
202200000811;17;10;2022;19:15;3;76;1;6;1;6;49,5619500000;0,1164100000
202200000812;23;3;2022;12:50;1;11;2;1;1;3;43,2033470000;2,3114960000
202200000813;3;9;2022;22:30;3;14;1;1;1;3;49,2459450000; -0,6138090000
202200000814;19;10;2022;02:05;3;71;1;1;1;7;46,6724210000;4,2647500000
202200000815;23;3;2022;21:55;5;10;2;6;1;6;48,2671050761;4,0761637688
202200000816;2;9;2022;13:20;1;62;2;2;1;3;50,4027480000;1,5613560000
202200000817;19;10;2022;20:25;3;71;1;6;1;3;46,7677900000;4,4531800000
202200000818;23;3;2022;07:49;1;10;2;2;1;1;48,3017308039;4,0872466564
202200000819;19;10;2022;10:25;1;69;2;6;1;3;45,7285500000;4,8589800000
202200000820;23;3;2022;15:30;1;07;2;1;1;3;44,6086282729;4,3910765650
202200000821;22;3;2022;16:30;1;06;2;1;1;6;43,5501500000;7,0230800000
202200000822;18;10;2022;19:00;5;67;2;2;1;3;48,5659700000;7,7667800000
202200000823;24;3;2022;10:40;1;75;2;1;1;3;48,9006230000;2,3875040000
202200000824;27;12;2022;14:00;1;09;1;8;7;3;43,0646510000;1,6390710000
202200000825;18;10;2022;10:10;1;67;2;3;1;3;48,5694900000;7,7631500000
202200000826;24;3;2022;08:20;1;75;2;1;1;3;48,8281780000;2,3961360000
202200000827;16;11;2022;15:50;1;73;2;6;1;3;45,6935000000;5,8963400000
202200000828;18;10;2022;13:50;1;66;2;9;1;4;42,6838400000;2,9108400000
202200000829;24;3;2022;07:00;1;75;2;1;1;2;48,8970220000;2,3110830000
202200000830;13;12;2022;11:45;1;93;2;2;1;3;48,8849190000;2,5195110000
202200000831;18;10;2022;13:50;1;66;2;6;1;3;42,7050387372;2,8810049593
202200000832;24;3;2022;13:48;1;75;2;3;1;2;48,8639350000;2,3917080000
202200000833;19;10;2022;17:35;1;64;2;1;1;3;43,3033100000; -0,3953400000
202200000834;29;11;2022;20:10;5;93;2;2;1;3;48,9524000000;2,4907000000
202200000835;22;3;2022;22:50;5;75;2;4;1;6;48,8673219809;2,3906756938
202200000836;18;10;2022;10:00;1;64;2;1;1;2;43,2596100000; -0,3905400000
202200000837;19;11;2022;17:10;5;93;2;2;2;1;48,9334970000;2,5161640000
202200000838;24;3;2022;15:50;1;75;2;3;1;7;48,8752430000;2,3823120000
202200000839;12;10;2022;13:45;1;63;2;6;1;3;45,7880900000;3,1391600000
202200000840;30;12;2022;12:20;1;74;1;1;2;1;46,0520140000;6,1321310000
202200000841;24;3;2022;12:30;1;75;2;1;1;3;48,8697800000;2,2922170000
202200000842;29;12;2022;17:10;3;74;1;1;2;7;46,0738860000;5,8455740000
202200000843;11;10;2022;15:00;1;63;2;4;1;3;45,7815000000;3,0884800000
202200000844;23;3;2022;17:45;1;75;2;1;1;2;48,8766760000;2,2656950000
202200000845;25;12;2022;22:45;5;74;1;1;1;7;46,1138840000;6,3136520000
202200000846;11;10;2022;08:00;1;63;2;1;1;6;45,8011380824;3,1135747432
202200000847;23;3;2022;18:22;1;75;2;4;1;2;48,8578030000;2,2879660000
202200000848;23;12;2022;18:45;5;74;2;4;3;6;45,9131480000;6,1426110000
202200000849;11;10;2022;08:01;1;63;2;1;2;3;45,8163000000;3,1104400000
202200000850;19;10;2022;16:30;1;59;2;1;1;6;50,6778510000;3,0618210000
202200000851;23;3;2022;15:00;1;75;2;3;1;2;48,8670720000;2,2492840000
202200000852;23;12;2022;15:40;1;74;1;1;3;1;45,9181540000;6,1858390000
202200000853;23;9;2022;12:25;1;59;2;1;1;6;50,5997990535;3,0870348215
202200000854;23;3;2022;12:25;1;75;2;1;1;5;48,8684300000;2,2353910000
202200000855;18;12;2022;20:00;5;74;2;1;1;6;45,9051990000;6,1503940000
202200000856;19;10;2022;08:00;2;59;2;1;1;2;50,6225900000;3,0448300000
202200000857;24;3;2022;17:10;1;75;2;1;1;6;48,8457670000;2,2847980000
202200000858;30;11;2022;12:40;1;74;1;6;1;3;45,8439340000;6,0577230000
202200000859;18;10;2022;17:20;1;56;2;2;1;3;47,7402840000; -3,3688090000
202200000860;24;3;2022;08:00;1;75;2;1;1;6;48,8429480000;2,3016760000
202200000861;16;12;2022;16:00;1;93;2;3;1;6;48,9323700000;2,4949700000
202200000862;24;3;2022;06:15;2;75;2;3;1;6;48,8391210000;2,3805390000
202200000863;18;10;2022;08:25;2;56;2;6;8;3;47,7337700000; -3,3766700000
202200000864;24;3;2022;19:30;5;75;2;2;1;3;48,8557440000;2,3913620000
202200000865;19;10;2022;15:40;1;54;2;2;1;6;48,6823500000;6,1655600000
202200000866;19;10;2022;08:20;1;51;2;1;1;2;49,2921398362;4,0024392307
202200000867;17;10;2022;20:05;5;51;2;6;2;7;49,2571248014;4,0393048525
202200000868;19;10;2022;08:59;1;49;2;1;1;6;47,4817900000; -0,5754700000
202200000869;24;3;2022;13:30;1;75;2;3;1;6;48,8607140000;2,3799510000
202200000870;19;10;2022;08:21;2;45;2;1;1;4;47,9054990000;1,9094540000
202200000871;18;12;2022;23:50;3;21;1;1;1;7;47,4384870000;5,2906890000
202200000872;19;10;2022;07:10;5;45;2;1;1;6;47,8856830000;1,8263180000
202200000873;19;10;2022;07:15;5;45;2;6;1;6;47,9802250000;2,7295030000
202200000874;7;6;2022;19:05;2;73;1;3;1;1;45,5925790000;5,9021990000
202200000875;19;10;2022;19:00;2;44;1;1;1;2;47,2169900000; -1,6248800000
202200000876;23;10;2022;18:15;2;38;2;1;2;6;45,5270000000;4,8980000000
202200000877;14;10;2022;22:35;5;38;2;1;1;6;45,5263000000;4,8726000000
202200000878;19;10;2022;20:40;5;38;2;3;1;3;45,1738800000;5,7420000000
202200000879;19;10;2022;21:50;5;35;2;1;1;6;48,1236200000; -1,6514100000
202200000880;14;10;2022;22:05;3;38;2;1;1;3;45,5209000000;4,8833700000
202200000881;19;10;2022;11:14;1;33;2;1;1;6;44,8489993701; -0,5733034015
202200000882;14;10;2022;18:00;2;38;1;9;8;6;45,5134700000;4,9210400000
202200000883;19;10;2022;08:00;1;33;2;2;1;3;44,8796107949; -0,6472894549
202200000884;28;9;2022;14:45;1;38;2;2;1;3;45,5917700000;5,2851700000
202200000885;19;10;2022;08:15;1;31;2;3;8;3;43,6048180000;1,4494540000
202200000886;7;9;2022;17:15;1;38;2;1;3;1;45,5881600000;5,2815000000
202200000887;19;10;2022;20:30;5;29;2;1;1;1;48,0007100000; -4,1009090000
202200000888;24;8;2022;06:35;5;38;1;2;1;3;45,5960900000;5,2409400000
202200000889;16;10;2022;15:40;1;29;2;6;2;1;48,3913100000; -4,4883100000
202200000890;5;7;2022;18:25;1;38;2;1;1;3;45,5846300000;5,2765200000
202200000891;19;10;2022;16:55;1;28;2;9;1;1;48,7372600000;1,3666200000
202200000892;18;10;2022;14:20;1;19;2;2;1;6;45,1637400000;1,5404800000
202200000893;26;3;2022;02:00;5;38;2;1;1;2;45,5847000000;5,2855600000
202200000894;11;2;2022;16:00;1;38;2;1;1;6;45,5908200000;5,2716100000
202200000895;17;10;2022;19:40;5;19;2;2;1;3;45,1619800000;1,5310600000
202200000896;19;10;2022;22:35;3;17;1;1;2;7;46,1246300000; -1,1244100000
202200000897;21;11;2022;17:50;3;88;1;1;3;6;48,1229250000;6,8374660000
202200000898;19;10;2022;18:50;1;13;2;2;1;3;43,4272365061;5,2354753871
202200000899;14;10;2022;19:50;3;60;1;1;2;2;49,4792790000;2,0629410000
202200000900;19;10;2022;15:40;1;13;2;9;1;2;43,4421804291;5,2957800278
202200000901;21;10;2022;07:59;2;29;2;6;3;3;47,8675599000; -3,5845930000
202200000902;19;10;2022;23:40;5;13;1;1;1;1;43,3202300000;5,3773200000
202200000903;9;8;2022;07:15;1;22;1;1;1;1;48,5525730000; -3,1075970000
202200000904;19;10;2022;03:05;5;12;1;1;1;6;44,5492220666;2,2519254684
202200000905;19;10;2022;02:05;5;06;2;1;1;6;43,6728000000;7,2021900000
202200000906;21;12;2022;18:15;5;74;1;3;8;3;46,1975300000;6,2671600000
202200000907;17;10;2022;10:20;1;06;2;1;1;6;43,6608900000;6,9225270000
202200000908;19;10;2022;18:45;2;06;2;1;1;6;43,5536900000;7,0155900000
202200000909;21;12;2022;00:30;3;74;1;4;2;2;46,1351510000;6,4422800000
202200000910;22;12;2022;18:00;5;74;2;1;2;1;45,8467390000;6,2141530000
202200000911;15;5;2022;19:37;2;74;2;1;2;1;46,1448230000;6,3968860000
202200000912;19;12;2022;19:03;5;74;2;1;1;6;46,1875500000;6,2405200000
202200000913;13;5;2022;16:15;1;74;1;1;1;6;46,0484550000;6,1256290000
202200000914;23;12;2022;19:00;5;74;2;1;3;6;46,1929200000;6,2511600000
202200000915;29;7;2022;09:55;1;45;1;3;1;1;48,2082589618;2,1581976414
202200000916;18;12;2022;20:30;3;74;1;1;1;6;46,3861400000;6,6438200000
202200000917;23;7;2022;23:30;3;45;1;1;1;6;47,8267020000;2,3796130000
202200000918;20;12;2022;07:40;2;74;2;3;1;3;46,1336680000;6,0819570000
202200000919;7;7;2022;15:30;1;45;2;6;1;1;47,6812310000;2,6302190000
202200000920;29;4;2022;16:50;1;62;1;2;1;3;50,7183470000;2,3256420000
202200000921;18;12;2022;16:10;1;74;2;1;1;3;46,2015300000;6,2455400000
202200000922;17;12;2022;11:50;1;74;1;1;8;3;46,1778700000;6,2345600000
202200000923;20;7;2022;22:00;5;69;2;1;1;2;45,7818900000;4,8883400000
202200000924;15;12;2022;19:32;5;74;2;3;3;6;46,1862900000;6,2364200000
202200000925;14;12;2022;12:00;1;74;2;1;8;6;46,3634000000;6,4687300000
202200000926;9;12;2022;08:00;2;74;2;1;4;6;45,9719500000;6,0520400000
202200000927;23;5;2022;15:45;1;39;1;1;1;1;47,1077240000;5,4834300000
202200000928;5;12;2022;09:00;1;74;2;3;8;2;45,9054300000;6,1196300000
202200000929;11;5;2022;12:35;1;39;2;3;1;3;47,1115700000;5,5002700000
202200000930;24;10;2022;06:20;3;74;1;1;3;3;45,9526270000;5,9187340000
202200000931;27;5;2022;14:55;1;67;1;1;1;2;48,5277100000;7,6943400000
202200000932;24;11;2022;08:20;1;74;2;6;8;3;45,9161900000;6,1286000000
202200000933;3;5;2022;08:35;1;67;1;1;1;4;48,6012400000;7,7339800000
202200000934;31;10;2022;14:45;1;62;1;1;8;6;50,7747030000;2,3525940000
202200000935;10;10;2022;10:21;1;976;2;1;2;7; -12,8064500000;45,2083200000
202200000936;9;10;2022;15:00;1;62;2;6;1;3;50,7450740000;2,2589930000
202200000937;10;10;2022;17:00;1;973;2;3;1;6;4,9192337946; -52,3176026344
202200000938;10;10;2022;09:40;1;973;2;1;2;3;4,9306766101; -52,3136624694
202200000939;10;10;2022;09:34;1;973;1;1;1;6;4,9215872217; -52,3297584057
202200000940;30;11;2022;18:15;3;80;1;1;1;5;49,9712770000;2,1549730000
202200000941;10;10;2022;22:14;1;973;2;1;2;7;4,9147400000; -52,3101100000
202200000942;21;12;2022;20:41;5;54;2;1;2;1;49,5072400000;5,7547800000
202200000943;10;10;2022;19:35;1;69;2;2;1;3;45,7398400000;4,8331200000
202200000944;10;10;2022;12:15;1;69;2;3;1;3;45,7700700000;4,8569800000
202200000945;10;10;2022;10:10;1;972;1;1;1;1;14,6319470000; -61,0315590000
202200000946;27;11;2022;21:38;3;38;1;1;1;2;45,5921400000;5,2512300000
202200000947;10;10;2022;13:15;1;972;2;1;2;3;14,6150400000; -61,0513800000
202200000948;10;10;2022;14:00;1;971;2;1;1;4;16,2530082798; -61,5460002422
202200000949;8;10;2022;05:15;2;971;1;1;1;6;16,2229916145; -61,5234053135
202200000950;9;10;2022;15:20;1;95;2;3;1;5;48,9429556402;2,2522696853
202200000951;10;10;2022;13:30;1;91;1;1;1;2;48,7122400000;2,4421100000
202200000952;7;10;2022;23:09;5;87;2;1;1;2;45,8333400000;1,2651600000
202200000953;7;10;2022;18:27;1;87;2;1;1;6;45,8331100000;1,2485100000
202200000954;8;10;2022;17:55;1;85;2;3;1;3;46,5065870000; -1,7841786100
202200000955;10;10;2022;07:50;1;83;2;1;1;1;43,1139300000;5,9351500000
202200000956;10;10;2022;22:50;5;83;2;1;1;1;43,0808200000;6,1499100000
202200000957;10;10;2022;21:10;3;78;2;1;1;6;48,9297800000;2,1439600000
202200000958;10;10;2022;20:15;5;78;2;1;1;6;48,9912860000;1,9086010000
202200000959;10;10;2022;18:30;1;78;2;1;1;2;49,0000940000;1,9074260000
202200000960;10;10;2022;17:10;2;78;2;1;1;1;48,9950860000;2,0191880000
202200000961;10;10;2022;07:45;1;77;2;1;1;6;48,8366190000;2,7080080000
202200000962;10;10;2022;09:10;1;76;2;3;1;3;49,4476400000;1,0975800000
202200000963;9;10;2022;15:15;1;76;2;2;1;3;49,5054100000;0,1693300000
202200000964;6;10;2022;18:25;1;76;1;1;1;4;49,5004800000;0,1803600000
202200000965;10;10;2022;10:45;1;76;2;9;1;6;49,9268100000;1,0796400000
202200000966;10;10;2022;17:45;1;69;2;9;1;3;45,6995666730;4,8621089742
202200000967;8;10;2022;18:45;2;67;2;3;1;3;48,6106600000;7,7338900000
202200000968;7;10;2022;18:05;2;67;2;1;1;4;48,6129400000;7,7686000000
202200000969;15;9;2022;17:39;1;49;1;1;1;3;47,1389720000; -0,7931180000
202200000970;18;9;2022;16:04;1;49;1;1;1;3;47,0994020000; -0,7774110000
202200000971;18;9;2022;23:30;3;81;2;1;1;6;43,6485210000;2,1020260000
202200000972;17;9;2022;18:30;1;28;1;1;1;6;48,2325770000;1,0352900000
202200000973;19;9;2022;12:30;1;51;2;2;1;3;49,0757760000;3,6394770000
202200000974;18;9;2022;19:15;2;14;1;1;1;6;48,9804990000; -0,7543230000
202200000975;12;9;2022;18:20;1;68;2;1;1;1;47,8563050000;7,2606860000
202200000976;18;9;2022;21:19;3;72;1;1;1;2;47,8823520000;0,1908980000
202200000977;18;9;2022;16:55;1;14;1;1;7;6;49,0094710252; -0,8954139962
202200000978;17;9;2022;13:00;1;62;1;2;1;3;50,3394620000;2,5236580000
202200000979;13;9;2022;17:30;1;51;2;9;1;3;49,0486420000;4,1121700000
202200000980;16;9;2022;20:00;3;19;1;1;1;7;45,2206141309;1,4106810093
202200000981;18;9;2022;14:24;1;67;1;1;1;5;48,5158460000;7,2937260000
202200000982;19;9;2022;18:50;2;76;1;1;1;1;49,6644520314;0,2474284172
202200000983;18;9;2022;10:40;1;76;1;1;1;7;49,6218600000;0,4252480000
202200000984;19;9;2022;07:50;1;2A;1;1;1;2;41,7910010000;9,3963250000
202200000985;18;9;2022;20:15;2;65;1;1;1;6;42,7545120000;0,1925180000