Accident_Id;jour;mois;an;hrmn;lum;dep;agg;int;atm;col;lat;long
202200001319;8;8;2022;01:45;4;49;2;1;1;6;47,2006100000; -0,4291240000
202200001320;9;8;2022;13:20;1;49;1;1;7;6;47,4164660000; -0,9584610000
202200001321;9;8;2022;16:27;1;02;1;1;1;7;49,7653690000;3,2331560000
202200001322;9;8;2022;18:45;1;54;2;1;1;6;49,3661973910;5,9060043104
202200001323;6;8;2022;01:30;5;06;2;1;1;6;43,6808310000;6,9722840000
202200001324;5;8;2022;21:00;1;14;1;1;1;6;49,3320275089; -1,0499280130
202200001325;9;8;2022;11:15;1;50;1;2;7;3;48,9953470000; -1,5319810000
202200001326;8;8;2022;15:28;1;18;1;1;1;1;46,8053690000;2,8237790000
202200001327;8;8;2022;15:45;1;21;1;1;1;6;47,7044320000;4,8404570000
202200001328;7;8;2022;23:30;3;21;1;1;1;7;47,5183930000;5,1765860000
202200001329;9;8;2022;04:04;5;04;1;1;1;6;44,0035350000;6,1994000000
202200001330;8;8;2022;18:38;1;04;1;1;1;6;44,0301690000;6,1727710000
202200001331;8;8;2022;15:50;1;85;2;1;1;7;46,7847527000; -2,0736680900
202200001332;8;8;2022;22:28;3;27;1;1;1;6;48,9280910000;1,1473720000
202200001333;1;8;2022;18:00;1;31;1;1;1;2;43,1557630000;0,9657670000
202200001334;7;8;2022;20:50;2;67;2;1;1;7;48,6703540000;7,7047470000
202200001335;7;8;2022;11:30;1;42;1;1;1;4;45,8242240000;4,1294700000
202200001336;8;8;2022;13:15;1;74;2;1;1;2;45,8865470000;6,1095480000
202200001337;9;8;2022;07:55;1;06;2;6;1;3;43,5856020000;7,0062790000
202200001338;8;8;2022;20:20;1;44;1;1;1;3;47,2902720000; -1,5002480000
202200001339;7;8;2022;12:00;1;91;1;1;1;7;48,5538940000;2,3441330000
202200001340;7;8;2022;00:45;3;2B;1;1;1;1;42,4488900000;9,1835190000
202200001341;8;8;2022;17:00;1;34;2;1;1;5;43,6887600000;4,1579280000
202200001342;9;8;2022;03:16;5;83;1;1;1;6;43,2597450000;6,5905630000
202200001343;8;8;2022;21:20;2;13;1;1;1;1;43,5548930000;5,5448340000
202200001344;9;8;2022;10:30;1;21;1;3;1;7;47,2055150000;5,3218210000
202200001345;4;8;2022;17:25;1;68;1;1;1;7;47,9174130000;6,9487400000
202200001346;9;8;2022;14:00;1;67;1;1;1;7;49,0268380000;7,8913590000
202200001347;23;7;2022;05:00;3;73;1;1;1;6;45,1960457074;6,2996537408
202200001348;7;8;2022;16:50;1;69;1;1;1;6;45,7489520000;4,6668080000
202200001349;7;8;2022;18:00;1;69;2;1;1;6;45,7402615626;4,5207318664
202200001350;8;8;2022;18:30;2;60;1;1;1;3;49,4477010000;2,6042870000
202200001351;7;8;2022;23:50;3;60;1;1;1;6;49,3856690000;2,1459930000
202200001352;8;8;2022;13:10;1;60;2;1;1;3;49,2420625674;2,1387387514
202200001353;9;8;2022;16:00;1;60;1;6;1;3;49,4006310000;2,1317500000
202200001354;8;8;2022;18:00;1;59;2;9;7;7;50,5758180000;2,8559760000
202200001355;9;7;2022;23:30;3;38;1;1;1;2;45,5605300000;4,8608900000
202200001356;8;8;2022;16:00;1;33;1;1;1;2;44,9034900000; -0,4931800000
202200001357;8;8;2022;15:30;1;33;1;1;1;4;44,9547400000; -0,4551900000
202200001358;8;8;2022;12:35;1;33;1;1;1;2;44,8947685315; -0,4977499401
202200001359;8;8;2022;01:30;3;33;1;1;1;2;44,9732300000; -0,4342700000
202200001360;8;8;2022;15:35;1;77;1;1;1;6;48,5936624954;2,6199415545
202200001361;7;8;2022;09:45;1;78;1;1;1;2;48,9651940000;1,7641690000
202200001362;8;8;2022;14:15;1;94;1;1;1;4;48,8284416936;2,5027316394
202200001363;8;8;2022;12:45;1;94;1;1;1;2;48,8344513814;2,4934520994
202200001364;8;8;2022;08:00;1;94;1;1;1;3;48,7536630868;2,3571275664
202200001365;5;8;2022;17:45;1;62;2;1;1;6;50,5085420000;2,8289560000
202200001366;6;8;2022;20:40;5;988;2;1;1;6; -22,2466000000;166,4449900000
202200001367;5;8;2022;22:10;3;988;1;1;1;2; -22,2278200000;166,4595300000
202200001368;6;8;2022;05:35;5;974;2;1;1;7; -21,3494600000;55,4848400000
202200001369;5;8;2022;17:00;2;974;2;9;1;6; -21,3344000000;55,4719100000
202200001370;7;8;2022;05:50;2;973;2;2;1;3;4,9296148219; -52,3151108623
202200001371;7;8;2022;01:16;3;972;1;1;2;1;14,5994340876; -60,9748721123
202200001372;7;8;2022;21:00;2;69;2;1;1;2;45,7565000000;4,8328100000
202200001373;7;8;2022;11:00;1;69;2;1;1;6;45,7627984058;4,8321229219
202200001374;6;8;2022;17:20;1;69;2;1;1;6;45,7865393465;4,7942957282
202200001375;7;8;2022;20:54;1;95;2;1;1;6;48,9790790000;2,3811510000
202200001376;6;8;2022;23:50;5;91;2;3;1;3;48,6767600000;2,4206200000
202200001377;6;8;2022;20:50;1;91;2;1;1;6;48,6750720000;2,3402200000
202200001378;6;8;2022;18:53;1;88;2;2;1;1;48,0295500000;6,5758800000
202200001379;7;8;2022;13:30;1;83;1;6;1;6;43,4596400000;6,7436100000
202200001380;7;8;2022;10:15;1;76;1;1;1;2;49,4385000000;1,1211300000
202200001381;7;8;2022;20:08;2;74;1;1;1;7;46,1780700000;6,2303300000
202200001382;6;8;2022;17:04;1;74;2;4;1;3;46,2009600000;6,2435800000
202200001383;6;8;2022;17:40;1;71;2;1;1;3;46,6771700000;4,3688100000
202200001384;3;8;2022;19:50;1;68;2;1;1;3;47,5935135172;7,5553793914
202200001385;7;8;2022;11:55;1;64;1;1;1;3;43,3934000000; -1,6277000000
202200001386;7;8;2022;15:15;1;62;2;1;1;2;50,9461950000;1,8878970000
202200001387;7;8;2022;22:40;5;62;2;1;1;6;50,5625700000;2,4814100000
202200001388;7;8;2022;20:45;1;59;2;9;1;3;50,6424916722;3,0535393953
202200001389;7;8;2022;15:20;1;59;2;9;1;2;50,6000200000;3,0517700000
202200001390;6;8;2022;06:20;2;59;1;6;1;6;50,1755800000;3,1975900000
202200001391;7;8;2022;18:50;1;54;1;1;7;2;48,8946300000;5,9787700000
202200001392;7;8;2022;05:40;2;51;2;1;1;7;49,2391100000;3,9874800000
202200001393;6;8;2022;20:05;1;51;2;3;1;3;49,2615700000;4,0296500000
202200001394;7;8;2022;22:41;5;49;2;1;1;7;47,4736500000; -0,5492400000
202200001395;7;8;2022;16:30;1;49;2;2;1;2;47,4570500000; -0,5540600000
202200001396;7;8;2022;13:30;1;49;2;2;1;3;47,4761600000; -0,5451100000
202200001397;7;8;2022;06:00;2;49;2;1;1;6;47,4376900000; -0,5065700000
202200001398;6;8;2022;12:00;1;44;2;1;1;1;47,2069610000; -1,5790920000
202200001399;7;8;2022;11:30;1;35;1;6;1;3;48,1548100000; -1,6253700000
202200001400;8;8;2022;01:05;5;33;2;6;1;6;44,9138000000; -0,5621000000
202200001401;7;8;2022;13:30;1;33;2;1;1;4;44,8187800000; -0,5378900000
202200001402;6;8;2022;17:47;1;33;2;3;1;3;44,8298400000; -0,5962000000
202200001403;7;8;2022;19:27;1;29;1;1;1;7;47,9834800000; -4,0183700000
202200001404;6;8;2022;10:00;1;25;2;1;1;2;47,2256000000;5,9751400000
202200001405;7;8;2022;19:20;1;17;2;1;1;3;46,1763700000; -1,1671500000
202200001406;7;8;2022;20:48;1;13;2;1;1;6;43,3134500000;5,3759400000
202200001407;7;8;2022;08:00;1;13;2;1;1;2;43,3264913351;5,4383860335
202200001408;6;8;2022;17:20;1;13;2;1;1;6;43,2794000000;5,4111300000
202200001409;7;8;2022;23:50;4;13;1;1;1;2;43,6578500000;4,6601600000
202200001410;5;8;2022;18:40;1;13;2;2;1;5;43,6636900000;4,6487100000
202200001411;6;8;2022;18:40;1;05;2;2;1;3;44,5258400000;6,0484800000
202200001412;6;8;2022;15:25;1;03;2;9;1;6;46,3464000000;2,5981000000
202200001413;7;8;2022;15:45;1;75;2;4;1;3;48,8524820000;2,2803780000
202200001414;7;8;2022;12:30;1;75;2;4;1;4;48,8479360000;2,2714040000
202200001415;7;8;2022;10:10;1;75;2;2;1;3;48,8404790000;2,3149070000
202200001416;7;8;2022;03:30;5;75;2;7;1;6;48,8836340000;2,3326320000
202200001417;7;8;2022;18:00;1;75;2;1;1;6;48,8666250000;2,3175120000
202200001418;7;8;2022;10:15;1;75;2;7;1;3;48,8666660000;2,3220150000
202200001419;7;8;2022;20:20;1;75;2;2;1;3;48,8611590000;2,3024000000
202200001420;7;8;2022;18:40;1;94;2;3;1;2;48,7342949408;2,5204798579
202200001421;6;8;2022;23:00;5;93;2;3;1;3;48,9507202792;2,5801311110
202200001422;7;8;2022;16:45;1;93;2;1;1;6;48,8480100000;2,5728700000
202200001423;7;8;2022;18:40;1;93;2;2;1;3;48,8733425078;2,5296743658
202200001424;7;8;2022;14:19;1;93;2;2;1;6;48,8989700000;2,4922000000
202200001425;6;8;2022;22:15;5;93;2;1;1;2;48,9034045269;2,4789967463
202200001426;7;8;2022;14:20;1;92;2;1;1;5;48,8841650589;2,2358277440
202200001427;7;8;2022;13:25;1;92;2;1;1;6;48,8935660000;2,1970220000
202200001428;7;8;2022;05:03;5;92;2;7;1;3;48,8941778966;2,2505246401
202200001429;6;8;2022;20:20;1;92;2;2;1;3;48,9343184424;2,2558912038
202200001430;7;8;2022;00:12;5;92;2;1;1;2;48,7996907773;2,3072850108
202200001431;7;8;2022;18:40;5;974;2;2;1;3; -20,9973930000;55,2833640000
202200001432;8;8;2022;14:00;1;86;1;1;1;1;46,4147730000;0,8325360000
202200001433;7;8;2022;15:50;1;27;1;1;1;7;48,8287460000;1,3331120000
202200001434;8;8;2022;12:00;1;83;1;1;1;1;43,1496300000;6,2976550000
202200001435;6;8;2022;23:00;3;71;2;1;1;3;46,9545280000;5,0334550000
202200001436;5;8;2022;10:05;1;74;2;9;1;6;46,1017420000;5,9366550000
202200001437;6;8;2022;18:20;1;79;1;1;1;7;46,4463440000; -0,5856870000
202200001438;8;8;2022;18:45;1;80;1;1;1;7;49,8359900000;2,2168350000
202200001439;8;8;2022;16:15;1;81;2;3;1;2;43,4329770000;2,0496580000
202200001440;9;7;2022;22:30;5;49;2;1;1;6;47,4575450000; -0,7933970000
202200001441;7;8;2022;17:45;1;46;1;1;7;6;44,5805150000;1,8305650000
202200001442;7;8;2022;22:15;3;68;1;1;1;6;47,7875850000;7,2787860000
202200001443;7;8;2022;19:00;1;39;1;1;1;1;46,3629340000;5,7085340000
202200001444;7;8;2022;15:15;1;25;2;1;1;2;47,2180780000;6,5426110000
202200001445;8;8;2022;08:55;1;25;2;1;1;6;47,2018290000;5,9620090000
202200001446;8;8;2022;17:05;1;35;1;1;1;1;48,4665607212; -1,1727395654
202200001447;7;8;2022;15:10;1;70;1;2;1;3;47,5580480000;6,2964050000
202200001448;8;8;2022;05:15;2;58;1;1;1;6;46,8442140000;3,3066060000
202200001449;7;8;2022;20:58;2;54;1;1;7;2;48,6708284110;5,7811045648
202200001450;8;8;2022;08:00;1;06;1;1;1;7;43,6859860000;6,9749720000
202200001451;6;8;2022;23:40;3;50;1;1;1;1;49,5421040000; -1,8401780000
202200001452;7;8;2022;06:30;2;64;1;1;1;6;43,3405980000; -1,0121370000
202200001453;5;8;2022;07:40;2;64;1;1;1;6;43,1955010000; -1,1677910000
202200001454;8;8;2022;14:23;1;16;2;1;1;6;45,4588020000; -0,1523440000
202200001455;7;8;2022;20:05;1;53;1;1;1;6;48,1782780000; -0,7615540000
202200001456;7;8;2022;14:34;1;27;1;1;1;1;49,3085610000;1,5793490000
202200001457;8;8;2022;00:50;3;17;1;1;1;7;46,1183610000; -0,7272650000
202200001458;7;8;2022;17:40;1;30;2;1;1;6;43,8287900000;4,2045850000
202200001459;7;8;2022;18:16;1;30;1;1;1;6;43,8042850000;4,1958200000
202200001460;26;7;2022;14:45;1;08;1;1;1;6;49,2696350000;4,9922990000
202200001461;7;8;2022;15:30;1;08;2;1;1;1;49,8390860000;4,6036680000
202200001462;6;5;2022;16:05;1;57;1;1;1;2;49,1173520000;6,2609410000
202200001463;6;5;2022;18:15;1;74;1;1;1;2;46,4001670000;6,6724390000
202200001464;1;8;2022;15:22;1;68;1;1;1;2;47,9760900000;7,3735000000
202200001465;1;5;2022;13:30;1;01;1;1;1;7;45,8927670000;5,3622940000
202200001466;5;5;2022;18:25;1;65;1;3;1;3;43,1464480000;0,0929870000
202200001467;6;8;2022;20:00;1;68;1;1;1;6;47,9575710000;7,3673200000
202200001468;25;4;2022;18:30;1;17;1;3;1;3;45,2425310000; -0,4034130000
202200001469;6;8;2022;02:30;3;56;1;1;1;6;48,1253240000; -2,4915470000
202200001470;5;5;2022;09:40;1;44;1;1;1;5;47,2822600000; -2,1685260000
202200001471;15;4;2022;10:17;1;57;1;2;1;3;49,4385800000;6,2057950000
202200001472;4;5;2022;10:10;1;13;1;1;1;2;43,3955360297;5,3510924480
202200001473;8;8;2022;07:10;1;10;1;1;1;6;48,2866000000;4,1649130000
202200001474;1;5;2022;19:57;2;13;1;1;1;3;43,2945000000;5,4689000000
202200001475;14;4;2022;21:35;5;33;1;1;1;2;44,8770900000; -0,6319500000
202200001476;8;8;2022;10:00;1;24;1;1;1;6;44,7516590000;0,9688030000
202200001477;4;5;2022;08:30;1;91;1;1;1;4;48,6811400000;2,1904600000
202200001478;4;5;2022;20:00;1;92;1;1;2;3;48,8996570000;2,1999880000
202200001479;4;5;2022;18:15;1;93;1;1;1;2;48,9020700000;2,4681400000
202200001480;29;7;2022;22:30;3;35;1;1;1;6;48,1449200000; -1,7826245484
202200001481;4;5;2022;00:20;3;93;1;1;1;3;48,8658300000;2,4205800000
202200001482;4;5;2022;06:40;1;94;1;1;1;2;48,8491582156;2,4907286998
202200001483;3;5;2022;20:00;5;974;2;1;1;6; -21,3365000000;55,4565900000
202200001484;3;5;2022;06:45;1;974;1;1;1;2; -21,3280200000;55,4518000000
202200001485;5;8;2022;18:03;1;01;1;1;1;3;46,0793471966;5,2959734201
202200001486;2;5;2022;12:20;1;974;2;2;1;3; -20,8900500000;55,4529000000
202200001487;8;8;2022;05:50;3;47;1;1;1;2;44,1857527781;0,5447412680
202200001488;2;5;2022;11:10;1;974;2;1;1;6; -20,8868600000;55,4631800000
202200001489;7;8;2022;16:00;1;38;1;1;1;5;45,0338920000;6,0915060000
202200001490;2;5;2022;17:15;1;974;1;9;1;1; -20,9494500000;55,3024500000
202200001491;3;5;2022;07:35;1;973;2;1;8;7;4,9374600000; -52,3261100000
202200001492;7;8;2022;20:00;5;987;2;1;1;1; -17,7560000000; -148,7360000000
202200001493;3;5;2022;17:40;1;69;2;1;1;3;45,7315176014;4,8285341263
202200001494;3;5;2022;16:05;1;69;2;1;1;3;45,7351800000;4,8731300000
202200001495;3;5;2022;13:30;1;69;2;1;1;3;45,7382322188;4,8251652718
202200001496;3;5;2022;08:15;1;69;2;2;1;3;45,7474400000;4,8487700000
202200001497;3;5;2022;18:10;1;69;2;7;1;3;45,7730484312;4,8053115606
202200001498;3;5;2022;18:00;1;2A;2;1;1;3;41,9300500000;8,7623600000
202200001499;3;5;2022;21:45;5;91;2;1;1;7;48,6840000000;2,4130000000
202200001500;3;5;2022;00:25;5;91;2;1;1;1;48,7070350000;2,3471400000
202200001501;2;5;2022;09:09;1;87;2;1;1;4;45,8546600000;1,3068000000
202200001502;29;4;2022;22:20;5;85;2;3;1;3;46,4945900000; -1,7796400000
202200001503;3;5;2022;10:25;1;83;1;1;1;6;43,1534206311;5,8451342583
202200001504;3;5;2022;11:05;1;83;2;1;1;3;43,1369600000;5,9339100000
202200001505;2;5;2022;11:49;1;83;2;1;1;3;43,1375800000;6,0097800000
202200001506;27;4;2022;12:08;1;80;1;1;1;6;49,9094600000;2,3260200000
202200001507;30;4;2022;20:00;1;78;1;2;1;6;48,9397500000;2,0959400000
202200001508;2;5;2022;10:55;1;77;2;9;1;1;48,3407100000;2,7499500000
202200001509;1;5;2022;03:33;3;77;1;6;1;6;48,7963640000;3,0729060000
202200001510;30;4;2022;08:18;1;76;2;3;6;6;49,4392200000;1,1013000000
202200001511;29;4;2022;18:10;1;76;2;1;1;3;49,4285400000;1,0944100000
202200001512;22;4;2022;13:50;1;76;1;1;1;6;49,3105167585;0,9794837236
202200001513;18;4;2022;00:15;3;76;1;1;1;6;49,3750900000;1,0458000000
202200001514;2;5;2022;16:50;1;76;2;2;1;3;49,5012800000;0,1699300000
202200001515;30;4;2022;04:50;5;76;2;1;1;3;49,4873000000;0,1161400000
202200001516;29;4;2022;01:15;5;67;2;1;1;3;48,5695400000;7,7511300000
202200001517;29;4;2022;17:25;1;67;2;8;1;6;48,5956887204;7,7586288750
202200001518;2;5;2022;10:25;1;64;2;6;8;3;43,4788100000; -1,5647400000
202200001519;3;5;2022;19:00;1;61;2;9;1;6;48,4119700000;0,0985700000
202200001520;3;5;2022;15:10;1;61;2;2;1;7;48,4414400000;0,1080200000
202200001521;3;5;2022;18:20;1;59;2;2;1;3;50,7855700000;3,1308200000
202200001522;3;5;2022;08:30;1;59;2;2;1;1;50,6541795475;3,1257342696
202200001523;28;4;2022;01:45;5;59;2;9;1;6;50,2666079757;3,9445477724
202200001524;13;4;2022;15:35;1;59;2;6;1;3;50,6179600000;3,1025800000
202200001525;28;4;2022;11:20;1;59;2;9;1;3;50,6962100000;2,8480300000
202200001526;2;5;2022;17:25;1;54;2;1;1;1;48,6767605483;6,1920082569
202200001527;3;5;2022;21:00;1;51;2;1;1;3;49,2854190000;4,0244780000
202200001528;2;5;2022;11:29;1;51;2;2;1;3;49,0357200000;3,9651800000
202200001529;29;4;2022;18:58;1;51;2;3;1;3;49,0558900000;3,9651000000
202200001530;2;5;2022;18:20;1;50;2;6;1;3;48,8140300000; -1,5432900000
202200001531;2;5;2022;09:00;1;50;2;6;1;3;48,8329100000; -1,5737200000
202200001532;2;5;2022;16:30;1;50;2;1;1;6;49,6392400000; -1,6051800000
202200001533;2;5;2022;14:00;1;50;2;1;1;3;49,6304000000; -1,6442500000
202200001534;2;5;2022;08:10;1;49;2;1;1;3;47,4685900000; -0,5588400000
202200001535;1;5;2022;19:38;1;49;2;1;2;6;47,4459700000; -0,5638900000
202200001536;1;5;2022;16:50;1;49;2;1;1;6;47,4766000000; -0,5517400000
202200001537;30;4;2022;14:34;1;49;2;1;1;2;47,4738000000; -0,5454900000
202200001538;30;4;2022;02:10;5;49;2;1;1;6;47,4923100000; -0,5547300000
202200001539;2;5;2022;18:10;1;47;2;2;1;3;44,1852100000;0,6320200000
202200001540;3;5;2022;13:10;1;45;2;1;1;2;47,9183626566;1,9810645580
202200001541;3;5;2022;11:30;1;45;2;1;1;6;47,8995900000;1,8787200000
202200001542;3;5;2022;08:50;1;45;2;2;1;6;47,9112500000;1,9616800000
202200001543;3;5;2022;10:20;1;45;2;3;1;2;47,9887300000;2,7470100000
202200001544;27;4;2022;09:15;1;42;2;2;1;6;45,4268900000;4,4035300000
202200001545;12;3;2022;12:50;1;38;2;1;1;3;45,5342620000;4,8735620000
202200001546;29;4;2022;11:40;1;38;2;1;1;1;45,1690100000;5,7301500000
202200001547;29;4;2022;18:52;1;33;2;1;1;6;44,7976800000; -0,6453700000
202200001548;19;4;2022;22:20;5;33;2;1;2;6;44,8228500000; -0,5855400000
202200001549;3;5;2022;12:55;1;31;2;1;1;1;43,6290500000;1,4763800000
202200001550;3;5;2022;09:05;1;31;2;1;1;6;43,5982500000;1,4569900000
202200001551;24;4;2022;18:00;1;31;2;1;1;7;43,1135000000;0,7412000000
202200001552;1;5;2022;17:00;1;28;1;1;1;1;48,7094610000;1,3696290000
202200001553;3;5;2022;08:10;1;70;2;1;1;6;47,5737500000;6,7634600000
202200001554;3;5;2022;10:15;1;25;2;3;1;2;47,2464410000;6,0085080000
202200001555;3;5;2022;13:00;1;17;2;1;1;7;45,6062510000; -0,9945430000
202200001556;3;5;2022;09:30;1;13;2;6;1;4;43,3507809089;5,3542433963
202200001557;3;5;2022;11:35;1;13;2;1;1;5;43,2815125015;5,4261976539
202200001558;3;5;2022;09:30;1;13;2;1;1;3;43,2761600000;5,4041100000
202200001559;2;5;2022;11:58;1;13;2;1;1;3;43,3084400000;5,3679800000
202200001560;2;5;2022;18:40;1;13;2;1;1;3;43,1893000000;5,6345300000
202200001561;3;5;2022;12:30;1;11;2;1;1;2;43,2090000000;2,3226000000
202200001562;8;4;2022;22:05;5;08;2;1;1;3;49,7035400000;4,9316500000
202200001563;3;5;2022;09:56;1;06;2;1;1;6;43,7045400000;7,2630400000
202200001564;3;5;2022;17:05;1;06;2;1;1;6;43,6560230000;6,9195590000
202200001565;2;5;2022;17:35;1;01;2;1;1;6;46,2563700000;5,6504400000
202200001566;3;5;2022;09:10;1;75;2;1;1;3;48,8230400000;2,3812350000
202200001567;2;5;2022;22:59;5;75;2;4;1;3;48,8850150406;2,3944221875
202200001568;3;5;2022;13:26;1;75;2;2;1;6;48,8887045193;2,3560389876
202200001569;3;5;2022;02:02;5;75;2;2;1;2;48,8979890000;2,3443240000
202200001570;2;5;2022;23:15;5;75;2;1;1;3;48,8935130000;2,3033940000
202200001571;3;5;2022;09:15;1;75;2;3;1;3;48,8432360000;2,3135860000
202200001572;3;5;2022;12:07;1;75;2;1;1;4;48,8343910000;2,2755460000
202200001573;3;5;2022;01:05;5;75;2;2;1;3;48,8334290000;2,3635210000
202200001574;3;5;2022;08:00;1;75;2;1;1;3;48,8809404779;2,3678997159
202200001575;24;3;2022;09:00;1;75;2;1;1;2;48,8525130000;2,3973080000
202200001576;23;3;2022;16:15;1;75;2;3;1;2;48,8601010000;2,3674640000
202200001577;3;5;2022;17:50;1;75;2;1;1;3;48,8689470000;2,3021890000
202200001578;23;3;2022;10:45;1;94;2;1;1;6;48,8069900000;2,5093800000
202200001579;24;3;2022;10:50;1;94;2;6;1;6;48,8272900000;2,5269900000
202200001580;3;5;2022;17:25;1;75;2;2;1;2;48,8683800038;2,3232677579
202200001581;24;3;2022;16:42;1;94;2;2;1;3;48,8277800000;2,4040700000
202200001582;24;3;2022;12:10;1;93;2;1;1;6;48,9027600000;2,3325800000
202200001583;2;5;2022;19:30;1;75;2;2;1;3;48,8495130000;2,3656490000
202200001584;24;3;2022;09:28;1;93;2;1;1;3;48,8987110000;2,3976590000
202200001585;24;3;2022;14:40;1;93;2;1;1;6;48,9500499986;2,5160008882
202200001586;30;4;2022;18:15;1;75;2;1;1;6;48,8632214163;2,3567162454
202200001587;24;3;2022;18:03;1;92;2;1;1;3;48,8429270000;2,2134340000
202200001588;23;3;2022;09:35;1;92;2;6;1;2;48,7776344586;2,2397376001
202200001589;3;5;2022;13:33;1;94;2;1;1;2;48,7724100000;2,4004700000
202200001590;23;3;2022;21:48;5;92;2;2;1;6;48,8361600000;2,2366500000
202200001591;23;3;2022;12:25;1;92;2;2;1;3;48,8392025193;2,2455467284
202200001592;24;3;2022;20:30;3;06;1;1;1;7;43,6576890000;7,1128750000
202200001593;25;3;2022;04:00;3;81;1;1;1;6;43,8970190000;2,1169070000
202200001594;1;5;2022;03:00;5;94;2;5;1;3;48,7963500000;2,5067300000
202200001595;25;3;2022;01:30;3;62;2;1;1;6;50,5758720000;2,6247670000
202200001596;24;3;2022;13:45;1;68;2;1;1;1;47,8889359409;7,2271592994
202200001597;19;3;2022;01:05;3;40;1;1;1;6;44,3229690000; -0,8105210000
202200001598;23;3;2022;07:55;1;83;1;1;1;6;43,4682020000;5,8398070000
202200001599;3;5;2022;07:00;1;94;2;2;1;3;48,8008900000;2,3333200000
202200001600;3;5;2022;00:00;5;94;2;2;1;6;48,7950071893;2,3663735388
202200001601;24;3;2022;18:00;1;51;1;1;1;7;49,3646570000;4,0046450000
202200001602;23;3;2022;16:30;1;51;1;1;1;7;48,8034339766;4,3924498558
202200001603;3;5;2022;13:50;1;94;2;3;1;6;48,7736800000;2,3593300000
202200001604;24;3;2022;21:00;3;56;1;1;1;6;47,5407590000; -2,2674750000
202200001605;3;5;2022;10:00;1;94;2;2;1;6;48,8158000000;2,5383300000
202200001606;3;5;2022;02:40;5;93;2;9;1;3;48,8776007345;2,4793213606
202200001607;23;3;2022;18:30;2;82;1;9;1;7;44,1511890000;1,7440150000
202200001608;2;5;2022;09:40;1;93;2;7;1;-1;48,8479700000;2,5478400000
202200001609;25;3;2022;08:05;1;86;2;9;1;6;46,8405550000;0,0923190000
202200001610;25;3;2022;10:00;1;22;1;1;1;1;48,6763120000; -3,4449220000
202200001611;3;5;2022;08:10;1;93;2;2;1;3;48,9128100000;2,5399100000
202200001612;24;3;2022;11:48;1;25;1;1;1;3;46,8222060000;6,3698820000
202200001613;3;5;2022;16:00;1;93;2;1;1;3;48,9523890000;2,3379260000
202200001614;24;3;2022;13:58;1;25;2;3;1;1;47,5217470000;6,9135600000
202200001615;3;5;2022;19:00;1;93;2;1;1;6;48,9118002045;2,4911874533
202200001616;24;3;2022;12:05;1;44;1;6;1;7;47,1329320000; -1,7984750000
202200001617;1;5;2022;04:50;5;93;2;1;1;6;48,9094400000;2,4173800000
202200001618;24;3;2022;08:40;1;35;1;1;1;7;48,4497780000; -1,1039060000
202200001619;3;5;2022;14:55;1;92;2;3;1;6;48,8129630000;2,3119960000
202200001620;25;3;2022;18:40;2;29;1;1;1;2;47,9216630000; -3,6505080000
202200001621;3;5;2022;09:00;1;92;2;1;1;3;48,8172626575;2,3072968125
202200001622;20;3;2022;18:00;1;29;2;6;1;7;48,5017920000; -4,4376180000
202200001623;25;3;2022;10:30;1;38;1;1;1;6;45,0826950000;5,3070670000
202200001624;3;5;2022;00:45;5;92;2;1;1;2;48,9400040707;2,2885456234
202200001625;3;5;2022;11:30;1;92;2;1;1;6;48,9215326970;2,2563312203
202200001626;24;3;2022;14:30;1;01;1;1;1;3;46,4467370000;5,2259480000
202200001627;2;5;2022;23:55;5;92;2;1;1;3;48,9264210000;2,2438520000
202200001628;3;5;2022;00:35;5;92;2;1;1;1;48,7852277695;2,3040048033
202200001629;20;3;2022;15:30;1;53;1;1;1;7;48,1994350000; -0,8060840000
202200001630;5;5;2022;19:00;1;65;1;1;1;6;43,5069286924;0,0216239691
202200001631;5;5;2022;11:10;1;86;1;1;1;2;46,2186830000;0,6969450000
202200001632;25;3;2022;14:00;1;85;1;1;1;1;46,7963140000; -2,0207760000
202200001633;3;5;2022;13:30;1;76;1;1;1;7;49,8234010000;1,2259200000
202200001634;2;5;2022;18:20;1;57;1;1;1;7;48,9105840000;6,8131540000
202200001635;23;3;2022;07:30;1;37;2;2;1;1;47,4403086833;0,6382799149
202200001636;5;5;2022;15:00;1;77;1;1;1;2;48,8653360000;2,8500940000
202200001637;24;3;2022;18:00;2;48;1;3;7;3;44,4825320000;3,5190260000
202200001638;3;5;2022;12:00;1;88;2;1;1;6;48,1863900000;7,0012200000
202200001639;24;3;2022;18:15;1;35;1;1;1;6;48,0983798334; -1,4136475325
202200001640;25;3;2022;08:50;1;49;2;3;1;3;47,6615430000; -0,5720700000
202200001641;25;3;2022;17:30;1;57;1;1;1;2;49,1357890000;6,7000290000
202200001642;15;4;2022;23:15;5;41;1;1;5;4;47,7378870000;1,5221290000
202200001643;24;3;2022;11:25;1;69;1;1;1;3;46,1184965141;4,6483460069
202200001644;4;5;2022;18:30;1;79;1;1;1;6;46,2879070000;0,1297330000
202200001645;23;3;2022;10:30;1;973;1;1;8;1;5,1006260000; -52,6279770000
202200001646;5;5;2022;11:25;1;76;1;2;1;3;49,7203180000;1,0000990000
202200001647;23;3;2022;23:55;3;78;1;6;1;7;48,7892450000;1,8997710000
202200001648;30;4;2022;17:30;1;33;1;6;1;3;44,7341080000; -0,2124260000
202200001649;25;3;2022;01:15;3;34;1;1;1;6;43,3036600000;3,0306890000
202200001650;5;5;2022;16:50;1;71;2;1;2;6;46,9536900000;4,3013730000