Accident_Id;jour;mois;an;hrmn;lum;dep;agg;int;atm;col;lat;long
202200001651;25;3;2022;14:00;1;83;2;1;1;3;43,2436650000;6,6484650000
202200001652;4;5;2022;16:11;1;12;1;1;1;6;44,1227150000;2,8918500000
202200001653;25;3;2022;07:45;2;13;1;1;7;1;43,6629670000;4,4628520000
202200001654;5;5;2022;17:30;1;29;2;1;1;6;48,4242030000; -4,5508290000
202200001655;25;3;2022;08:50;1;89;2;1;1;3;47,8202640000;3,5559070000
202200001656;3;5;2022;10:20;1;26;2;9;1;6;44,7293770000;5,0268750000
202200001657;20;3;2022;15:20;1;21;1;1;1;6;47,1884681146;5,2303133010
202200001658;5;5;2022;05:00;3;90;1;1;2;1;47,5086350000;6,9685080000
202200001659;27;2;2022;18:50;3;67;1;1;1;1;48,9191904975;7,8853726387
202200001660;5;5;2022;20:55;2;60;2;1;1;6;49,4124640933;1,8419904113
202200001661;25;3;2022;16:00;1;54;1;1;1;7;48,7050100000;5,9431310000
202200001662;5;5;2022;18:25;5;974;2;1;2;6; -20,8964890000;55,5557480000
202200001663;25;3;2022;16:00;1;74;1;1;1;2;46,1554890000;6,3191130000
202200001664;25;3;2022;08:50;1;42;1;1;1;7;45,6791180000;4,0849080000
202200001665;4;5;2022;15:30;1;63;1;1;3;6;46,0286670000;3,1164410000
202200001666;4;5;2022;22:00;3;67;1;1;9;6;48,7029420000;7,7135180000
202200001667;24;3;2022;17:00;1;38;1;1;1;1;45,3194850000;4,8564290000
202200001668;4;5;2022;20:45;1;31;2;6;8;1;43,5404560000;1,5121280000
202200001669;23;3;2022;16:35;2;26;1;3;1;3;44,8365630000;4,9692750000
202200001670;4;5;2022;21:56;3;62;1;1;1;1;50,3580290000;2,9579400000
202200001671;25;3;2022;07:35;2;26;1;2;1;1;44,8607550000;4,9273740000
202200001672;4;5;2022;08:35;1;34;1;1;1;6;43,6201670000;3,7898920000
202200001673;23;3;2022;20:00;5;69;2;1;1;6;45,8949751675;4,4306820631
202200001674;4;5;2022;21:30;5;973;2;9;1;3;5,4982560000; -54,0291040000
202200001675;25;3;2022;19:55;5;31;1;1;1;2;43,6053960000;1,2914300000
202200001676;5;5;2022;17:45;1;45;1;2;1;3;48,2418580107;2,2482790947
202200001677;20;2;2022;00:50;4;47;1;1;1;4;44,4771990000;0,1922070000
202200001678;4;5;2022;17:00;1;77;1;2;1;3;48,6645010000;2,8105150000
202200001679;25;3;2022;03:11;3;33;1;1;1;1;44,8680210000; -0,4455040000
202200001680;28;4;2022;09:00;1;13;2;1;1;4;43,5459350000;5,0412230000
202200001681;8;2;2022;18:00;1;33;2;2;1;1;44,9195680000; -0,4400110000
202200001682;4;5;2022;23:30;5;70;2;4;1;6;47,4462440000;5,5843860000
202200001683;5;5;2022;08:10;1;68;2;6;1;7;47,7928250000;7,1044070000
202200001684;25;3;2022;08:10;1;14;2;1;1;1;48,8972130000; -0,1362240000
202200001685;4;5;2022;18:45;1;67;2;3;1;6;48,5348830000;7,4982170000
202200001686;23;3;2022;17:20;1;56;1;2;1;3;47,7224150000; -3,0113480000
202200001687;29;4;2022;13:45;1;74;1;1;1;3;46,0711540000;6,3326530000
202200001688;25;3;2022;16:35;1;60;1;1;1;1;49,2127750000;2,5027160000
202200001689;25;3;2022;17:30;1;60;2;1;1;1;49,2078320000;2,5877920000
202200001690;5;5;2022;16:18;1;73;1;1;2;3;45,4915140000;6,5504690000
202200001691;24;3;2022;06:30;2;59;2;1;1;6;50,7179120000;3,0209530000
202200001692;25;3;2022;14:05;1;59;1;1;1;7;50,6627519330;2,5960665643
202200001693;24;3;2022;16:35;1;59;2;1;1;7;50,4494950000;3,0739990000
202200001694;5;5;2022;15:00;1;38;1;1;2;6;45,0546076604;5,7532234889
202200001695;4;5;2022;19:05;1;17;2;1;1;7;45,6549940000; -0,8757540000
202200001696;24;3;2022;01:40;3;59;2;1;1;1;50,5767639876;3,1229689120
202200001697;4;5;2022;21:30;3;86;1;1;1;7;47,0099680000;0,2915450000
202200001698;24;3;2022;07:10;1;13;1;1;1;2;43,3033300000;5,4253670000
202200001699;24;3;2022;09:25;1;13;1;1;1;3;43,3664970000;5,3605960000
202200001700;4;5;2022;19:45;1;33;1;3;1;3;44,7428160000; -0,5722810000
202200001701;24;3;2022;06:00;3;13;2;1;1;2;43,2859690000;5,4255510000
202200001702;22;3;2022;09:25;1;59;1;1;1;6;50,6502219320;3,1009376048
202200001703;4;5;2022;17:00;1;27;2;1;1;6;49,0072670000;1,0976730000
202200001704;22;3;2022;12:12;1;59;1;1;1;6;50,4882109977;3,2141804695
202200001705;4;5;2022;09:55;1;62;2;1;1;1;50,6769290000;1,6151940000
202200001706;2;10;2022;13:30;1;974;2;1;1;7; -20,9334000000;55,6547900000
202200001707;3;5;2022;18:25;1;13;1;1;1;2;43,2864100000;5,5093100000
202200001708;24;3;2022;10:50;1;91;1;1;1;3;48,7332700000;2,3157700000
202200001709;24;3;2022;08:30;1;91;2;1;1;7;48,7110000000;2,2963200000
202200001710;3;5;2022;13:30;1;13;1;1;1;4;43,3216400000;5,3781400000
202200001711;24;3;2022;20:00;3;78;1;1;1;2;48,7988180000;1,9956500000
202200001712;23;12;2022;16:15;1;09;1;6;1;2;43,0023400000;1,6152700000
202200001713;28;4;2022;08:05;1;13;1;1;1;7;43,5118900000;5,4228000000
202200001714;24;3;2022;10:50;1;78;1;1;1;7;48,9706890000;1,8790960000
202200001715;14;8;2022;20:00;1;22;1;1;1;6;48,4845570000; -1,9080590000
202200001716;23;3;2022;14:50;1;78;1;1;1;3;48,8003090000;1,9774620000
202200001717;28;4;2022;16:35;1;67;1;1;1;4;48,6115800000;7,7265800000
202200001718;23;12;2022;13:55;1;43;2;1;8;7;45,0413900000;3,9365400000
202200001719;1;5;2022;20:03;1;59;1;1;1;2;50,6166905954;3,0588197707
202200001720;3;5;2022;17:30;1;94;1;1;1;3;48,8067716076;2,3462255274
202200001721;24;3;2022;18:08;1;92;1;1;1;6;48,9274870000;2,3333830000
202200001722;2;11;2022;12:00;1;38;2;6;1;7;45,6018800000;5,2670200000
202200001723;2;5;2022;19:30;1;91;1;1;1;5;48,7378000000;2,2268000000
202200001724;24;3;2022;17:00;1;93;1;1;1;2;48,9120100000;2,4384000000
202200001725;30;10;2022;15:40;1;14;1;1;1;7;49,1217620000; -0,4234670000
202200001726;3;5;2022;21:20;3;92;1;1;1;3;48,9133682536;2,2186275803
202200001727;24;3;2022;16:20;1;93;1;1;1;3;48,8361000000;2,5535000000
202200001728;3;5;2022;06:55;1;92;1;1;1;6;48,9162740461;2,2212873621
202200001729;22;12;2022;18:35;5;43;2;1;2;7;45,0449400000;3,8704400000
202200001730;3;5;2022;09:45;1;93;1;1;1;3;48,8656400000;2,4184600000
202200001731;24;3;2022;16:15;1;94;1;1;1;4;48,8172046066;2,4285178250
202200001732;10;1;2022;07:37;3;10;1;1;5;6;48,3046710000;4,0996500000
202200001733;2;5;2022;10:45;1;93;1;1;1;3;48,8776700000;2,4773100000
202200001734;24;3;2022;08:30;1;94;1;1;1;6;48,8294535608;2,5282723079
202200001735;27;4;2022;12:50;1;94;1;1;1;2;48,8372752260;2,4939611143
202200001736;23;2;2022;05:50;3;75;1;1;1;6;48,8484080000;2,2472340000
202200001737;24;3;2022;06:30;1;94;1;1;1;6;48,8214118828;2,3987454677
202200001738;14;4;2022;16:45;1;77;1;1;1;6;48,8299638999;2,6185584039
202200001739;23;3;2022;14:09;1;32;2;1;7;7;43,6496400000;0,5935400000
202200001740;2;5;2022;16:14;1;973;2;1;8;6;4,9380912639; -52,3302894831
202200001741;22;3;2022;07:25;1;05;2;1;1;7;44,5322400000;6,0412300000
202200001742;9;11;2022;18:45;3;03;1;1;2;3;46,2761030000;3,4765610000
202200001743;1;5;2022;12:50;1;973;2;2;1;3;4,9387041004; -52,3291522264
202200001744;22;3;2022;09:39;1;75;2;1;1;6;48,8640600000;2,2867880000
202200001745;7;11;2022;18:45;5;14;2;1;1;6;48,8391750000; -1,0407390000
202200001746;3;5;2022;01:45;4;69;2;2;1;2;45,7570800000;4,8586100000
202200001747;2;5;2022;22:35;5;69;2;1;1;2;45,7474443438;4,8332870007
202200001748;23;3;2022;14:20;1;973;2;1;2;3;4,9053200000; -52,3199200000
202200001749;2;5;2022;20:00;1;69;2;2;1;3;45,7389300000;4,8305600000
202200001750;23;3;2022;12:05;1;69;2;1;1;6;45,7502800000;4,8940400000
202200001751;16;8;2022;19:45;1;83;1;3;1;1;43,2239690000;6,6126750000
202200001752;2;5;2022;18:35;1;69;2;2;1;6;45,7490552741;4,8422402143
202200001753;23;3;2022;13:30;1;972;1;1;1;1;14,5962400000; -60,9797900000
202200001754;29;11;2022;17:30;5;14;2;6;5;3;49,1436180000;0,2799960000
202200001755;2;5;2022;16:15;1;69;2;1;1;3;45,7555370119;4,8749041557
202200001756;13;3;2022;06:50;1;972;1;1;1;1;14,6482000000; -61,0697600000
202200001757;17;8;2022;20:00;1;85;1;1;1;2;46,8758630000; -0,9296804000
202200001758;2;5;2022;08:32;1;69;2;2;1;3;45,7570266536;4,8588162661
202200001759;23;3;2022;15:00;1;69;2;1;1;6;45,7806200000;4,8326600000
202200001760;7;12;2022;14:00;1;21;2;1;8;6;47,3471840000;5,0316780000
202200001761;3;5;2022;01:23;5;69;2;1;1;6;45,7852900000;4,8030600000
202200001762;16;11;2022;15:10;1;14;1;1;3;7;49,2311980000; -0,9987150000
202200001763;23;3;2022;17:40;1;95;2;3;7;6;49,0001452670;2,4109357595
202200001764;1;5;2022;18:20;1;971;2;9;1;1;16,2498701697; -61,5294510126
202200001765;23;3;2022;15:55;1;95;2;1;1;6;48,9731725955;2,3061686754
202200001766;1;5;2022;00:00;4;971;1;1;1;6;16,2184210709; -61,5009123087
202200001767;5;12;2022;07:00;5;74;2;2;1;3;46,1972100000;6,2521000000
202200001768;2;5;2022;22:50;5;2A;2;2;2;3;41,9337400000;8,7439300000
202200001769;4;12;2022;21:35;5;74;2;1;3;6;46,1933000000;6,2557000000
202200001770;23;3;2022;08:55;1;91;2;2;1;3;48,7161600000;2,3708700000
202200001771;15;3;2022;12:20;1;91;2;6;3;6;48,6140140000;2,4588220000
202200001772;29;11;2022;17:15;5;38;2;3;2;3;45,1763800000;5,7392800000
202200001773;27;11;2022;05:55;5;61;2;3;2;7;48,6759470000; -0,3970210000
202200001774;22;4;2022;08:10;1;95;2;3;1;3;48,9646856120;2,3140543699
202200001775;19;11;2022;16:30;1;49;1;2;1;3;47,3915370000; -0,0303200000
202200001776;22;3;2022;19:16;1;87;2;2;1;3;45,8260500000;1,2679100000
202200001777;1;5;2022;19:17;1;90;2;1;1;7;47,6343800000;6,8418000000
202200001778;27;11;2022;01:00;3;68;1;1;5;6;48,0386540000;7,3111650000
202200001779;1;5;2022;16:42;1;87;2;1;1;6;45,8326800000;1,2239600000
202200001780;22;3;2022;12:33;1;87;2;2;1;6;45,8339600000;1,2735400000
202200001781;26;11;2022;03:15;4;29;2;1;2;6;48,4755370000; -4,7406750000
202200001782;1;10;2022;04:05;3;33;1;1;2;6;44,8883262365; -0,5883827806
202200001783;30;4;2022;18:00;1;86;2;1;1;1;46,5563000000;0,3089420000
202200001784;22;3;2022;16:05;1;86;2;3;1;3;46,5944980000;0,3409810000
202200001785;26;11;2022;17:45;2;38;1;2;1;6;45,5308592482;5,6738972531
202200001786;25;11;2022;05:55;3;74;1;1;1;5;45,9609950000;6,1308860000
202200001787;26;11;2022;15:25;1;01;1;1;1;6;46,4194830000;4,9132620000
202200001788;1;5;2022;03:35;3;80;1;6;1;7;49,8604000000;2,2115500000
202200001789;18;9;2022;19:30;5;06;2;1;1;6;43,6288700000;6,9342100000
202200001790;17;9;2022;17:05;1;06;2;1;1;6;43,6634130000;6,9291160000
202200001791;29;4;2022;17:15;1;80;2;1;1;6;49,8985346082;2,3297846315
202200001792;27;11;2022;02:00;3;58;1;1;5;3;46,8706950000;3,2654290000
202200001793;9;9;2022;06:51;1;06;2;1;1;6;43,7265590000;7,2858820000
202200001794;23;3;2022;06:15;5;83;2;2;1;3;43,1261100000;5,9366900000
202200001795;27;4;2022;09:00;1;80;2;1;1;6;49,8858100000;2,3189600000
202200001796;25;11;2022;10:40;1;14;2;1;7;6;49,3995450000;0,1272760000
202200001797;7;9;2022;16:18;1;06;2;1;1;3;43,7120000000;7,3240000000
202200001798;22;3;2022;23:15;5;83;2;1;1;7;43,1479550000;5,8474318000
202200001799;27;11;2022;11:00;1;64;1;4;1;1;43,3217986518; -0,5531472510
202200001800;27;4;2022;09:00;1;80;2;1;1;2;49,8946228766;2,2944581506
202200001801;14;12;2022;11:09;1;92;2;9;8;6;48,9157480000;2,2423750000
202200001802;27;11;2022;04:30;3;30;1;1;1;6;43,9907070000;4,0508440000
202200001803;28;11;2022;14:00;1;38;2;1;2;1;45,1917900000;5,7780500000
202200001804;23;3;2022;12:20;1;81;2;3;1;3;43,9417519348;2,1493202448
202200001805;22;11;2022;10:25;1;78;2;6;1;3;48,9255160000;1,9771530000
202200001806;26;11;2022;13:00;1;38;2;1;1;6;45,1889500000;5,7293200000
202200001807;20;11;2022;09:54;1;38;2;1;7;6;45,1690800000;5,7546300000
202200001808;7;11;2022;18:52;5;38;2;1;1;3;45,1457100000;5,7051100000
202200001809;26;11;2022;18:45;3;987;1;1;1;3; -17,5770000000; -150,2020000000
202200001810;17;4;2022;05:00;3;33;1;1;1;3;44,4813559103; -0,8323591948
202200001811;23;3;2022;17:25;1;77;2;3;1;3;48,8312900000;2,6883000000
202200001812;27;11;2022;03:45;3;988;1;3;1;6; -20,9907240000;165,4002080000
202200001813;14;11;2022;09:50;1;69;1;1;1;3;45,7840000000;4,7841000000
202200001814;25;11;2022;00:00;3;988;1;4;1;6; -21,2573000000;165,2585400000
202200001815;23;3;2022;17:50;1;77;1;1;1;7;48,4430600000;2,6449300000
202200001816;14;10;2022;22:40;5;2B;2;1;1;4;42,6858000000;9,4461000000
202200001817;7;11;2022;17:48;5;92;2;1;1;6;48,8980900000;2,2410600000
202200001818;27;11;2022;12:40;1;988;2;1;1;1; -22,2558100000;166,6141800000
202200001819;26;10;2022;14:00;1;92;2;2;1;3;48,9022200000;2,2394900000
202200001820;26;11;2022;13:40;1;973;2;1;1;7;5,1578600000; -52,6673520000
202200001821;23;3;2022;08:30;1;77;1;5;1;1;48,4086800000;2,6864200000
202200001822;31;10;2022;15:04;1;92;2;1;1;5;48,9017400000;2,2798800000
202200001823;26;11;2022;22:10;3;971;2;1;1;6;16,0109390000; -61,6921860000
202200001824;21;4;2022;08:58;1;93;2;1;1;1;48,8906540000;2,4003020000
202200001825;15;5;2022;22:35;3;93;2;1;2;6;48,9186887578;2,4149045348
202200001826;27;11;2022;06:00;3;34;1;1;1;7;43,6797290000;3,9467530000
202200001827;22;3;2022;17:30;1;77;2;1;7;6;48,8209907850;3,0941335280
202200001828;4;9;2022;19:53;1;06;2;1;1;3;43,5780330000;7,1190220000
202200001829;23;3;2022;07:30;1;76;2;1;1;6;49,5066497867;0,1411753893
202200001830;27;11;2022;18:50;3;42;1;2;1;2;45,6152930000;4,1165150000
202200001831;1;9;2022;16:20;1;67;1;1;1;4;48,5882800000;7,7294500000
202200001832;22;3;2022;13:44;1;76;2;1;1;6;49,5006200000;0,0915000000
202200001833;27;11;2022;06:50;5;38;2;1;1;6;45,2826470000;5,6453960000
202200001834;29;11;2022;15:00;1;74;2;6;1;3;45,9118101154;6,1238243191
202200001835;22;3;2022;18:50;2;72;2;2;1;3;48,0069700000;0,1915600000
202200001836;28;11;2022;08:30;1;74;1;1;1;6;46,1884900000;6,2666000000
202200001837;25;11;2022;06:51;2;38;2;1;1;1;45,6641610000;5,4692200000
202200001838;15;11;2022;10:45;1;74;1;1;8;6;46,1870006463;6,2056353852
202200001839;22;3;2022;23:30;5;69;2;2;1;3;45,7695100000;4,8681400000
202200001840;28;11;2022;06:50;4;74;2;1;1;3;46,1775800000;6,2251700000
202200001841;23;3;2022;08:30;1;67;2;1;1;6;48,6101200000;7,7342800000
202200001842;26;11;2022;02:30;3;09;1;1;1;6;43,0502290000;1,8897820000
202200001843;24;11;2022;16:30;1;74;2;6;1;3;46,3070690000;6,2937070000
202200001844;25;11;2022;17:40;5;56;2;1;8;6;48,0566200000; -2,9615620000
202200001845;22;3;2022;17:30;1;67;2;3;7;3;48,5806932003;7,7232110000
202200001846;27;11;2022;09:40;1;74;2;6;1;6;46,3709600000;6,4817600000
202200001847;27;11;2022;04:40;5;76;2;1;2;6;49,3697640000;1,1277720000
202200001848;19;3;2022;17:00;1;67;1;1;1;3;48,5857300000;7,7654500000
202200001849;19;11;2022;15:30;1;74;2;1;1;3;45,8810460000;6,0946330000
202200001850;26;11;2022;08:11;2;60;1;1;1;6;49,4965350000;2,6732080000
202200001851;23;3;2022;16:23;1;65;2;1;1;3;43,2331410000;0,0709840000
202200001852;12;11;2022;21:20;3;74;1;1;1;6;45,9080940000;6,8476070000
202200001853;12;11;2022;13:50;1;74;1;1;1;1;46,0856890000;6,2915830000
202200001854;22;3;2022;13:05;1;64;2;9;1;3;43,3075800000; -0,3309400000
202200001855;7;11;2022;17:10;1;74;2;2;1;6;46,0686250000;6,3031240000
202200001856;26;11;2022;18:15;3;60;1;1;8;7;49,4377845010;2,2803868150
202200001857;14;3;2022;12:10;1;62;1;1;1;7;50,4210710000;2,7665770000
202200001858;26;11;2022;23:30;3;60;1;1;1;7;49,4981398598;2,0068228679
202200001859;23;3;2022;18:35;1;59;2;1;1;6;50,6903600000;3,1829000000
202200001860;26;10;2022;15:30;1;74;1;1;1;1;46,1501600000;6,3269070000
202200001861;23;3;2022;13:40;1;59;2;1;1;6;50,6877470000;3,1892390000
202200001862;26;11;2022;19:35;5;60;2;2;1;3;49,4050180000;2,1822880000
202200001863;6;10;2022;16:30;1;67;2;1;1;3;48,5796700000;7,7158000000
202200001864;23;3;2022;15:30;1;59;2;1;1;6;50,6489556021;3,0782952904
202200001865;23;9;2022;19:10;1;92;2;3;1;3;48,9429625401;2,3182868958
202200001866;9;10;2022;19:38;2;66;2;1;1;6;42,6928200000;2,8858400000
202200001867;23;3;2022;13:15;1;51;2;2;1;1;49,2401900000;4,0098900000
202200001868;16;11;2022;09:30;1;95;2;8;1;6;49,0232500000;2,0962330000
202200001869;26;11;2022;22:52;3;80;1;1;1;2;49,9616050000;2,8560270000
202200001870;8;10;2022;23:05;5;66;2;1;1;6;42,7091600000;2,8856900000
202200001871;23;3;2022;11:10;1;51;2;1;1;3;49,2812800000;4,0023500000
202200001872;31;10;2022;22:00;3;92;2;1;2;6;48,8869100000;2,2024800000
202200001873;8;10;2022;20:09;3;66;1;1;2;7;42,7145730000;2,9366380000
202200001874;25;11;2022;05:20;5;13;1;4;1;2;43,3931100000;5,3513900000
202200001875;23;3;2022;07:45;1;51;2;1;1;7;49,2542059056;4,0173777938
202200001876;10;10;2022;15:25;1;64;2;1;1;2;43,5048500000; -1,4472500000
202200001877;28;10;2022;00:45;3;42;1;1;1;3;45,4321000000;4,4165900000
202200001878;26;11;2022;15:00;1;13;1;1;1;3;43,3244400000;5,4226300000
202200001879;22;3;2022;14:30;1;50;1;1;1;1;49,6156600000; -1,6483200000
202200001880;26;11;2022;01:20;3;69;1;1;2;2;45,7628500000;4,9096100000
202200001881;11;3;2022;16:35;1;59;2;2;1;3;50,6072470000;3,0433270000
202200001882;9;10;2022;18:50;1;64;2;1;1;5;43,5106200000; -1,4998700000
202200001883;23;3;2022;11:35;1;44;1;9;1;2;47,2393500000; -1,6278600000
202200001884;25;11;2022;23:20;3;91;1;1;1;6;48,7498100000;2,2067100000
202200001885;9;3;2022;17:58;5;59;2;1;1;3;50,6223970000;3,0450940000
202200001886;22;3;2022;16:38;1;44;2;7;1;3;47,2248400000; -1,6285400000
202200001887;25;11;2022;08:50;1;91;1;1;1;2;48,6791320000;2,3344890000
202200001888;9;10;2022;16:40;1;64;2;1;1;4;43,4803400000; -1,5162300000
202200001889;22;2;2022;20:25;3;14;1;1;2;1;48,9741322911; -0,4512880415
202200001890;23;3;2022;13:30;1;37;2;1;1;6;47,4222549597;0,7084894180
202200001891;26;11;2022;22:40;3;78;1;1;1;2;48,8002000000;2,0452800000
202200001892;6;10;2022;19:50;2;62;2;6;1;3;50,5703000000;2,4751650000
202200001893;23;8;2022;12:30;1;69;2;2;1;3;45,7736200000;4,8882200000
202200001894;23;3;2022;17:10;1;35;1;1;1;3;48,1411257309; -1,5837498388
202200001895;26;11;2022;19:05;2;78;1;1;1;2;48,7844200000;2,1569100000
202200001896;9;10;2022;12:20;1;57;2;1;1;6;49,3664300000;6,1728600000
202200001897;9;6;2022;22:40;3;68;1;1;1;7;47,9873370000;7,0461630000
202200001898;23;3;2022;16:30;1;35;2;6;1;3;48,1070634338; -1,6162830591
202200001899;9;10;2022;14:45;1;56;2;1;1;7;47,7316500000; -3,3861300000
202200001900;26;11;2022;13:20;1;92;1;1;1;2;48,9274099467;2,3031799505
202200001901;4;12;2022;20:28;3;54;1;1;3;2;48,6944430490;6,0957952921
202200001902;25;2;2022;17:50;2;34;2;6;1;3;43,2982600000;3,4703100000
202200001903;8;10;2022;13:55;1;56;2;1;1;6;47,7492113000; -3,3590094000
202200001904;26;11;2022;05:05;3;78;1;1;1;6;48,9679770000;1,8578310000
202200001905;23;3;2022;09:20;1;31;1;1;1;2;43,6472900000;1,4418000000
202200001906;7;12;2022;18:30;5;44;2;6;1;6;47,2758990000; -1,5126800000
202200001907;10;10;2022;14:35;1;51;1;1;1;7;49,2597300000;4,0629600000
202200001908;22;3;2022;01:00;3;31;1;1;1;6;43,1367000000;0,7275600000
202200001909;10;10;2022;05:50;5;51;2;9;1;7;49,2299100000;4,0356300000
202200001910;22;3;2022;13:30;1;29;2;3;1;3;48,3983160000; -4,4736190000
202200001911;26;11;2022;05:00;3;93;1;1;1;6;48,8776800000;2,4454700000
202200001912;26;9;2022;20:00;5;69;2;1;2;2;45,7650131499;4,9216550589
202200001913;10;10;2022;09:10;1;47;2;4;1;3;44,1907800000;0,6167300000
202200001914;22;3;2022;07:45;1;29;2;6;1;4;48,3970190766; -4,4888888597
202200001915;26;11;2022;01:20;3;95;1;1;1;5;48,9644078548;2,2619996143
202200001916;10;10;2022;08:50;1;37;2;1;1;3;47,4175073444;0,6564331055
202200001917;23;3;2022;09:05;1;17;2;1;1;1;46,1673700000; -1,1320300000
202200001918;25;9;2022;12:45;1;69;1;1;1;3;45,7565400000;4,9711200000
202200001919;10;10;2022;14:25;1;35;2;1;2;6;48,1161514614; -1,7077651620
202200001920;25;11;2022;17:50;2;77;1;1;1;2;48,8315830000;2,6795430000
202200001921;10;10;2022;09:15;1;31;1;9;1;2;43,5564000000;1,4116800000
202200001922;21;9;2022;06:15;5;69;2;1;1;5;45,7878900000;4,9143700000
202200001923;22;3;2022;15:46;1;14;1;3;1;3;49,3119637788;0,0460213423
202200001924;25;11;2022;17:30;5;94;1;1;1;3;48,7538424491;2,3542632476
202200001925;9;9;2022;17:50;1;30;2;3;1;3;43,8376500000;4,3653400000
202200001926;23;3;2022;10:00;1;14;2;6;1;3;49,2112450000; -0,3632090000
202200001927;16;9;2022;03:00;5;69;2;1;1;6;45,9878800000;4,7116500000
202200001928;10;10;2022;16:55;1;27;1;1;1;7;49,0454259279;1,1822104453
202200001929;10;10;2022;16:25;1;27;2;1;1;7;49,0265700000;1,1848700000
202200001930;24;11;2022;08:30;1;69;2;2;1;6;45,9893000000;4,7216200000
202200001931;23;3;2022;08:45;1;14;1;1;1;4;49,1422300000; -0,4018300000
202200001932;21;11;2022;07:00;5;18;2;3;1;7;47,0769500000;2,3900300000
202200001933;23;3;2022;07:30;1;14;2;1;1;3;49,1750600000; -0,3706600000
202200001934;18;11;2022;19:00;5;57;2;1;2;6;49,1101700000;7,0654600000
202200001935;8;10;2022;17:30;1;14;1;1;1;6;49,3409230000; -0,7414910000
202200001936;22;3;2022;15:40;1;13;1;1;1;3;43,3695900000;5,0603200000
202200001937;8;10;2022;16:20;1;19;2;3;1;3;45,1520684158;1,5037502646
202200001938;23;3;2022;22:00;5;13;2;1;1;3;43,2991300000;5,3822100000
202200001939;4;12;2022;02:47;5;75;2;3;1;6;48,8820130000;2,3404060000
202200001940;23;11;2022;16:20;1;974;1;1;1;2; -21,3414000000;55,4942600000
202200001941;23;3;2022;18:20;1;13;2;1;1;3;43,3080377917;5,4342129993
202200001942;5;10;2022;07:30;2;19;2;3;1;3;45,1519000000;1,5412600000
202200001943;22;3;2022;11:30;1;44;2;4;1;3;47,2251030000; -1,5376980000
202200001944;23;3;2022;19:25;5;13;2;6;1;3;43,2000000000;5,5900000000
202200001945;24;11;2022;06:45;1;974;2;3;7;3; -21,3270400000;55,4502600000
202200001946;10;10;2022;22:23;5;17;2;6;2;6;46,1520000000; -1,1480000000
202200001947;23;3;2022;09:40;1;13;2;1;1;1;43,2937722886;5,5672381322
202200001948;23;11;2022;08:55;1;974;2;1;1;6; -20,8765300000;55,4416100000
202200001949;23;3;2022;05:15;3;13;1;1;1;3;43,6619000000;4,6395000000
202200001950;29;10;2022;18:47;2;74;2;3;1;5;45,9113700000;6,1145000000
202200001951;24;11;2022;15:45;1;69;2;2;1;3;45,7314600000;4,8299300000
202200001952;8;10;2022;17:50;2;13;2;1;1;2;43,3814800000;5,3467500000
202200001953;3;6;2022;18:20;1;41;1;2;1;3;47,4995210000;1,9895880000
202200001954;23;3;2022;07:38;1;06;2;9;1;3;43,6591770000;7,1631790000
202200001955;28;10;2022;14:00;1;74;2;3;1;3;46,2070000000;6,2794900000
202200001956;10;10;2022;09:20;1;13;2;1;1;6;43,3082640166;5,3770564414
202200001957;23;11;2022;19:30;2;972;1;1;1;2;14,6144200000; -61,0507000000
202200001958;23;3;2022;09:10;1;75;2;1;1;3;48,8164670000;2,3445500000
202200001959;23;5;2022;16:50;1;41;1;1;1;3;47,3860560000;1,4078000000
202200001960;23;11;2022;14:00;1;972;1;1;1;6;14,6411700000; -60,9913200000
202200001961;27;10;2022;13:10;1;74;2;1;1;3;46,1971800000;6,2401900000
202200001962;10;10;2022;19:30;5;13;2;6;1;3;43,5248462302;5,4237250039
202200001963;5;6;2022;21:00;2;68;1;1;2;1;47,5546780000;7,4654570000
202200001964;26;10;2022;00:10;5;74;2;1;1;6;46,1929100000;6,2284900000
202200001965;22;3;2022;16:35;1;75;2;4;1;4;48,8658880000;2,2681590000
202200001966;7;10;2022;14:50;1;11;1;1;1;3;43,1927000000;3,0301000000
202200001967;24;11;2022;18:05;5;972;1;1;1;2;14,6146600000; -61,0485900000
202200001968;2;6;2022;14:55;1;68;1;1;2;7;47,4890880000;7,3166690000
202200001969;21;3;2022;09:50;1;75;2;1;1;3;48,8162240000;2,3639410000
202200001970;25;10;2022;19:47;5;74;2;1;1;6;46,1942000000;6,2394200000
202200001971;7;10;2022;17:10;1;02;2;1;1;6;49,8536900000;3,2870200000
202200001972;25;11;2022;01:00;5;69;2;2;1;6;45,7601200000;4,8379600000
202200001973;6;6;2022;16:15;1;68;2;1;1;1;47,6815370000;7,2718120000
202200001974;23;3;2022;16:38;1;75;2;2;1;6;48,8724150000;2,3781240000
202200001975;24;11;2022;20:30;5;69;2;1;1;3;45,7645998655;4,8290920257
202200001976;19;10;2022;14:30;1;75;2;1;1;4;48,8330990000;2,4071660000
202200001977;3;6;2022;15:57;1;22;1;1;1;1;48,3258800000; -2,8285670000
202200001978;24;10;2022;07:40;2;74;2;6;2;3;45,9055900000;6,1260500000