Accident_Id;jour;mois;an;hrmn;lum;dep;agg;int;atm;col;lat;long
202200001979;23;3;2022;19:15;2;75;2;3;1;6;48,8468560000;2,3609610000
202200001980;3;6;2022;17:30;1;39;1;1;7;7;46,8190190000;5,7156800000
202200001981;19;10;2022;08:00;1;75;2;1;1;4;48,8257910000;2,3865890000
202200001982;24;11;2022;17:45;5;69;2;1;1;3;45,7729621773;4,8210740089
202200001983;13;10;2022;05:15;5;74;2;1;1;1;45,8909000000;6,1219000000
202200001984;29;5;2022;15:35;1;39;1;1;1;7;46,8627070000;5,8996050000
202200001985;23;3;2022;13:30;1;75;2;2;1;6;48,8763570000;2,3931300000
202200001986;19;10;2022;15:20;1;75;2;5;1;6;48,8683080000;2,4014220000
202200001987;4;6;2022;17:17;1;25;1;1;1;7;47,0253270000;6,3048600000
202200001988;24;11;2022;08:05;1;2B;1;1;1;2;42,6869400000;9,4463600000
202200001989;23;3;2022;06:30;1;75;2;2;1;2;48,8772100000;2,4069130000
202200001990;9;10;2022;20:20;3;74;1;1;2;5;45,9009900000;6,1085700000
202200001991;5;6;2022;21:00;1;25;1;1;1;6;47,1312650000;6,5846940000
202200001992;19;10;2022;14:30;1;75;2;3;1;3;48,8817110000;2,3810820000
202200001993;24;11;2022;18:35;1;971;2;1;1;6;16,0053000000; -61,7393500000
202200001994;23;3;2022;14:30;1;75;2;1;1;2;48,8301330000;2,4183730000
202200001995;5;6;2022;02:10;3;25;1;1;3;7;47,1628310000;6,3777030000
202200001996;19;10;2022;14:10;1;75;2;1;1;6;48,8775580000;2,3946130000
202200001997;17;1;2022;19:40;5;59;2;1;1;2;50,3541620000;3,5089930000
202200001998;24;11;2022;09:00;1;2A;2;1;1;3;41,9422233369;8,7502343059
202200001999;3;6;2022;10:00;1;25;1;1;1;6;47,1744360000;6,0720920000
202200002000;23;3;2022;11:10;1;75;2;1;1;3;48,8708490000;2,3060120000
202200002001;25;11;2022;21:17;3;974;2;1;1;6; -20,9589200000;55,3200000000
202200002002;19;10;2022;10:20;1;75;2;2;1;3;48,8843000000;2,3675670000
202200002003;4;6;2022;18:35;1;44;1;1;1;7;46,9478800000; -1,5928100000
202200002004;23;3;2022;00:30;5;75;2;5;1;7;48,8748110000;2,3059810000
202200002005;19;10;2022;21:35;5;75;2;2;1;1;48,8444270000;2,3177010000
202200002006;5;6;2022;02:54;3;44;2;3;1;6;47,5301690000; -1,9495800000
202200002007;29;8;2022;15:03;1;69;2;2;1;3;45,7537400000;4,8955600000
202200002008;22;3;2022;22:55;5;75;2;4;1;7;48,8747832406;2,3050039262
202200002009;24;11;2022;18:30;5;91;2;3;1;1;48,6264100000;2,2644800000
202200002010;19;10;2022;07:56;2;75;2;3;1;6;48,8245350000;2,3192460000
202200002011;3;6;2022;19:30;1;44;2;1;1;3;47,7163810000; -1,3813220000
202200002012;23;3;2022;18:50;1;75;2;5;1;2;48,8576660000;2,3002450000
202200002013;24;11;2022;18:21;5;32;2;1;2;1;43,6311700000;0,5879700000
202200002014;23;11;2022;16:08;1;87;2;3;2;3;45,8346900000;1,3111300000
202200002015;19;10;2022;12:20;1;75;2;2;1;2;48,8303420000;2,3458910000
202200002016;3;6;2022;18:30;1;29;1;3;1;3;48,0406172500; -4,5252715940
202200002017;23;3;2022;03:20;5;75;2;3;1;6;48,8595620000;2,3293030000
202200002018;2;10;2022;21:10;5;13;2;1;1;3;43,4019200000;5,0586700000
202200002019;19;10;2022;17:50;1;75;2;7;1;1;48,8521350000;2,3696080000
202200002020;22;3;2022;17:55;1;75;2;4;1;3;48,8623050000;2,3197930000
202200002021;4;6;2022;21:57;3;02;1;1;2;6;49,2239070000;3,2001170000
202200002022;2;3;2022;19:05;3;92;1;1;1;7;48,8256717265;2,2217026207
202200002023;19;10;2022;17:15;1;75;2;7;1;6;48,8533280000;2,3697580000
202200002024;23;11;2022;18:30;3;83;1;1;1;3;43,1235000000;6,0968000000
202200002025;24;7;2022;20:20;2;11;2;8;1;6;43,1825630000;2,5582270000
202200002026;23;3;2022;13:05;1;75;2;3;1;6;48,8569560000;2,3598470000
202200002027;19;10;2022;19:30;2;75;2;3;1;6;48,8555730000;2,3901220000
202200002028;1;6;2022;21:15;2;02;1;3;1;3;49,3075430000;3,1034070000
202200002029;24;11;2022;15:51;1;78;1;4;1;3;49,0158590000;1,9104080000
202200002030;28;12;2022;19:35;5;971;1;1;1;3;16,0854440000; -61,5774680000
202200002031;2;6;2022;20:50;1;02;2;1;1;6;49,5260570000;3,1324380000
202200002032;19;10;2022;15:15;1;75;2;6;1;6;48,8584200000;2,3800180000
202200002033;24;11;2022;07:10;3;78;1;9;1;2;48,9917730000;2,0812710000
202200002034;3;6;2022;20:30;2;02;1;9;1;6;49,6832350000;3,6175490000
202200002035;24;9;2022;00:04;5;74;2;1;1;2;45,8977700000;6,1108100000
202200002036;19;10;2022;07:50;1;75;2;1;8;3;48,8569000000;2,3816180000
202200002037;3;6;2022;17:45;1;03;1;1;1;6;46,6497450000;2,5883420000
202200002038;29;7;2022;23:55;4;74;1;1;1;1;46,3799800000;6,5071700000
202200002039;19;10;2022;19:30;2;75;2;2;1;2;48,8546870000;2,2693600000
202200002040;3;6;2022;23:40;3;01;1;1;3;7;46,1593900000;4,8175470000
202200002041;13;4;2022;19:00;2;73;2;2;1;3;45,5976120000;5,9164540000
202200002042;18;10;2022;23:30;5;75;2;4;1;3;48,8722430000;2,3124450000
202200002043;22;3;2022;19:40;5;75;2;4;1;7;48,8654587712;2,3561181128
202200002044;24;11;2022;11:05;1;77;2;1;1;3;48,8477600000;2,8162800000
202200002045;3;6;2022;16:00;1;01;2;1;1;6;45,7608640000;5,6878070000
202200002046;18;10;2022;09:48;1;75;2;7;1;2;48,8710640000;2,3164900000
202200002047;24;11;2022;08:20;2;77;2;3;8;6;48,8738940000;2,7043100000
202200002048;6;6;2022;18:20;1;01;1;1;1;6;46,3325880000;5,1130090000
202200002049;19;10;2022;16:15;1;75;2;2;1;3;48,8628260000;2,3134680000
202200002050;22;3;2022;19:00;5;75;2;7;1;2;48,8702740000;2,3325210000
202200002051;24;11;2022;12:50;1;77;2;1;1;3;48,4129700000;2,7115000000
202200002052;20;12;2022;19:15;3;33;1;1;2;6;44,8895940000; -0,2798510000
202200002053;23;3;2022;18:40;2;94;2;1;1;6;48,7757800000;2,3571400000
202200002054;19;10;2022;18:05;1;75;2;2;1;6;48,8668430000;2,3619150000
202200002055;24;11;2022;07:50;1;76;2;6;1;1;49,4209507954;1,0513132811
202200002056;23;3;2022;08:57;1;94;2;1;1;6;48,7697100000;2,3653100000
202200002057;5;6;2022;23:30;3;70;1;2;1;5;47,7236100000;6,3072410000
202200002058;19;10;2022;17:15;1;94;2;1;1;6;48,8026000000;2,3814400000
202200002059;20;9;2022;13:40;1;25;2;1;1;2;47,5049500000;6,8112100000
202200002060;19;10;2022;09:15;1;94;2;1;1;7;48,8520140000;2,4766390000
202200002061;23;3;2022;17:43;1;94;2;7;7;6;48,7245527749;2,4187350448
202200002062;26;10;2022;05:40;5;73;2;1;1;6;45,6648200000;6,3869800000
202200002063;19;10;2022;11:00;1;94;2;1;1;6;48,7652110000;2,4080300000
202200002064;5;6;2022;11:35;1;70;2;1;1;1;47,6639130000;5,9635480000
202200002065;24;11;2022;20:10;5;69;2;2;1;3;45,7655200000;4,9010900000
202200002066;23;3;2022;08:46;1;93;2;1;1;4;48,8579600000;2,5335900000
202200002067;19;10;2022;08:45;1;94;2;1;1;6;48,8178110000;2,4213760000
202200002068;3;6;2022;17:25;1;58;2;1;1;1;46,8484316858;3,9324346419
202200002069;15;10;2022;08:00;1;73;1;1;5;1;45,6968069903;5,7999704604
202200002070;19;10;2022;18:15;2;93;2;1;1;3;48,9570600000;2,5436800000
202200002071;4;6;2022;17:30;1;54;1;2;1;1;48,8492415666;6,0949230196
202200002072;24;11;2022;19:02;3;69;1;1;1;1;45,9983400000;4,7369600000
202200002073;18;10;2022;19:35;5;93;2;9;1;6;48,9563576884;2,5415137601
202200002074;22;3;2022;14:30;1;94;2;1;1;2;48,8177800000;2,4207600000
202200002075;2;10;2022;07:30;2;59;2;2;2;6;50,6620420000;3,0500260000
202200002076;23;3;2022;14:05;1;93;2;1;1;3;48,9270691351;2,5199466927
202200002077;19;10;2022;21:05;5;93;2;3;1;1;48,8898189215;2,4100582144
202200002078;24;11;2022;18:20;3;69;2;1;1;1;45,7258143125;4,9359208346
202200002079;23;5;2022;07:30;2;69;1;1;1;2;45,5751744940;4,7185313702
202200002080;5;6;2022;18:10;1;72;2;1;1;1;48,0286836264;0,3689467905
202200002081;19;10;2022;11:50;1;93;2;1;7;3;48,8921339498;2,4075249493
202200002082;24;11;2022;12:10;1;69;2;1;1;6;45,7000672189;4,8875498775
202200002083;23;3;2022;18:00;1;93;2;1;1;6;48,9198883109;2,3270944508
202200002084;4;6;2022;02:20;3;05;1;1;1;6;44,5233553933;6,1870193481
202200002085;12;12;2022;14:41;1;13;2;1;8;1;43,4123000000;4,9963400000
202200002086;3;6;2022;16:50;1;05;1;1;1;7;44,5472980000;6,1996360000
202200002087;19;10;2022;20:30;5;93;2;6;1;1;48,9319153848;2,4906534885
202200002088;22;3;2022;22:50;5;93;2;3;1;3;48,8848100000;2,5064600000
202200002089;24;11;2022;19:39;5;69;2;6;1;3;45,5855200000;4,7690400000
202200002090;22;9;2022;18:30;1;84;2;2;1;1;43,9341400000;4,8315300000
202200002091;21;3;2022;18:21;1;93;2;1;1;6;48,9020790000;2,4613400000
202200002092;4;6;2022;12:20;1;50;2;1;1;3;49,4083970000; -1,3124590000
202200002093;19;10;2022;18:00;2;93;2;3;1;3;48,9131460884;2,3829018204
202200002094;4;6;2022;20:20;1;50;1;1;1;6;49,5121490000; -1,7828270000
202200002095;24;11;2022;12:05;1;67;2;1;8;6;48,5263900000;7,7073600000
202200002096;18;10;2022;19:40;5;93;2;2;1;6;48,9087799348;2,3905567549
202200002097;22;3;2022;23:00;5;93;2;3;1;2;48,8733400000;2,5296300000
202200002098;20;11;2022;06:40;2;62;1;1;5;2;50,4842300000;2,8360500000
202200002099;10;4;2022;07:45;2;60;2;1;1;6;49,2159050000;2,4184460000
202200002100;17;10;2022;10:30;1;92;2;1;1;7;48,8462950000;2,2152380000
202200002101;23;11;2022;17:20;5;67;1;6;2;6;48,5273100000;7,7350000000
202200002102;5;6;2022;10:20;1;64;1;1;1;7;43,0189410000; -0,9327650000
202200002103;22;3;2022;23:55;5;93;2;5;1;3;48,9547300000;2,3079500000
202200002104;19;10;2022;08:08;1;92;2;3;1;3;48,8673000000;2,1981500000
202200002105;17;12;2022;10:35;1;40;2;1;1;3;43,8867700000; -0,4978900000
202200002106;27;5;2022;12:00;1;64;1;1;1;7;43,0176470000; -0,9592550000
202200002107;23;3;2022;22:30;5;93;2;1;1;3;48,9127714104;2,4633981586
202200002108;22;11;2022;17:50;2;67;2;1;1;2;48,6102500000;7,7771800000
202200002109;2;6;2022;16:40;1;64;1;1;1;2;43,3471950000; -0,5198170000
202200002110;19;10;2022;15:10;1;92;2;7;1;3;48,8913582798;2,2002992034
202200002111;26;12;2022;17:30;2;35;2;6;1;6;48,6261600000; -1,9938900000
202200002112;24;11;2022;12:30;1;64;2;6;1;3;43,4937500000; -1,4914600000
202200002113;19;10;2022;05:50;5;92;2;1;5;2;48,8140626725;2,3029623627
202200002114;2;6;2022;15:35;1;73;1;1;1;1;45,3674940000;6,2882290000
202200002115;22;12;2022;18:10;3;01;1;1;3;2;46,3363730000;4,8643790000
202200002116;23;3;2022;16:30;1;93;2;3;1;3;48,9146700000;2,3835500000
202200002117;4;6;2022;11:15;1;18;1;1;1;6;47,0605450000;2,7225660000
202200002118;23;11;2022;14:10;1;63;1;1;8;7;45,9250000000;3,0395000000
202200002119;19;10;2022;07:25;5;92;2;2;1;6;48,8991482105;2,2786100507
202200002120;22;3;2022;10:40;1;93;2;1;1;6;48,9036600000;2,5708600000
202200002121;6;6;2022;02:00;3;36;2;1;1;6;46,5765920000;1,5393950000
202200002122;27;11;2022;21:40;3;74;2;1;8;3;46,1475570000;6,5147410000
202200002123;19;10;2022;00:44;5;92;2;1;1;6;48,8205800000;2,2802800000
202200002124;9;11;2022;09:00;3;62;1;1;1;7;50,4888020000;2,7244400000
202200002125;23;3;2022;21:30;3;93;2;1;1;6;48,9547261800;2,5024460491
202200002126;5;6;2022;18:20;1;36;2;1;8;6;46,5754340000;1,5331290000
202200002127;18;10;2022;19:25;1;92;2;1;1;6;48,9200573657;2,2952290177
202200002128;27;11;2022;13:10;1;74;1;1;1;7;45,8758030000;6,7619350000
202200002129;24;11;2022;19:50;5;59;2;1;1;6;50,7040400000;3,1856500000
202200002130;22;3;2022;10:10;1;92;2;4;1;3;48,8865832261;2,2830858529
202200002131;3;6;2022;10:56;1;16;1;1;2;7;45,9869430000;0,3844360000
202200002132;19;10;2022;12:55;1;92;2;2;1;6;48,8968610000;2,2554560000
202200002133;24;11;2022;23:55;5;59;2;1;2;6;50,6533220247;3,1156057119
202200002134;23;3;2022;04:20;5;92;2;6;1;3;48,9417397720;2,2953439504
202200002135;26;11;2022;14:00;1;74;1;4;1;1;46,0019740000;6,1835590000
202200002136;19;10;2022;07:40;2;92;2;1;1;6;48,8987630000;2,2400780000
202200002137;2;6;2022;23:18;3;16;1;1;1;1;45,6724610000; -0,0136900000
202200002138;23;11;2022;17:15;5;59;2;1;2;6;50,6373000000;3,0515000000
202200002139;26;11;2022;01:33;3;74;1;1;8;6;46,1767900000;6,2137000000
202200002140;6;6;2022;15:30;1;07;1;1;1;6;44,9072820000;4,6915380000
202200002141;19;10;2022;14:54;1;76;1;3;1;2;49,6467570000;0,6121870000
202200002142;22;3;2022;17:30;1;92;2;3;1;3;48,9426300000;2,3029800000
202200002143;25;11;2022;18:00;3;74;1;1;2;6;46,0424530000;6,2232180000
202200002144;4;6;2022;02:27;3;07;2;1;1;6;44,2947090000;4,2601200000
202200002145;24;11;2022;16:05;1;59;2;2;1;6;50,6015900000;3,0793800000
202200002146;25;11;2022;06:00;5;74;2;2;1;3;46,1904000000;6,2344000000
202200002147;22;3;2022;22:35;5;92;2;2;1;3;48,9011583608;2,3052752316
202200002148;4;6;2022;07:40;1;21;1;1;1;7;47,8286000000;4,5679000000
202200002149;23;11;2022;07:45;2;74;2;1;1;6;46,0645630000;6,5721060000
202200002150;21;3;2022;22:40;5;92;2;1;1;3;48,9002038117;2,3174665421
202200002151;24;11;2022;12:50;1;59;2;3;1;6;50,6358600000;3,0277000000
202200002152;5;6;2022;17:30;1;40;2;1;1;7;43,5496940000; -1,3999490000
202200002153;18;11;2022;23:00;5;74;2;1;1;7;45,8851850000;6,1004030000
202200002154;22;3;2022;14:58;1;92;2;1;1;6;48,9305228474;2,2752645314
202200002155;24;5;2022;06:30;2;24;1;1;1;7;45,3031160000;0,4085970000
202200002156;18;11;2022;22:20;3;74;1;1;8;7;45,8230310000;6,1366740000
202200002157;24;11;2022;08:30;1;59;2;3;1;3;50,6378000000;3,0809800000
202200002158;19;10;2022;17:44;1;47;1;1;1;3;44,1934510000;0,5798560000
202200002159;23;3;2022;13:05;1;35;1;3;1;3;48,0185395703; -1,5769886971
202200002160;18;11;2022;13:30;1;74;2;1;1;3;46,1919400000;6,2392100000
202200002161;27;5;2022;13:40;1;04;1;4;1;1;44,1716820000;5,9185030000
202200002162;22;11;2022;18:26;5;57;2;1;2;6;49,3588300000;6,1701300000
202200002163;18;11;2022;12:25;1;74;2;1;1;3;46,1931900000;6,2285300000
202200002164;4;6;2022;10:30;1;04;1;1;1;1;43,9362720000;6,5310980000
202200002165;23;3;2022;18:30;1;37;2;3;1;3;47,3347780000;0,4127490000
202200002166;18;10;2022;11:00;1;11;1;1;2;5;43,2910920000;2,8663050000
202200002167;17;11;2022;20:55;5;74;2;1;2;6;46,0649760000;6,5451530000
202200002168;23;11;2022;17:51;5;57;2;1;2;6;48,7280000000;7,0490000000
202200002169;4;6;2022;18:45;1;04;1;1;1;7;43,9322700000;6,1544900000
202200002170;24;3;2022;19:45;3;01;1;1;1;1;45,9362740000;4,8751830000
202200002171;20;10;2022;08:25;1;01;2;1;2;6;45,9725260000;4,7968550000
202200002172;6;6;2022;09:40;1;04;1;1;1;6;44,0712070000;5,9449770000
202200002173;15;11;2022;07:20;1;74;2;3;1;1;46,1630500000;6,1839100000
202200002174;23;11;2022;12:42;1;56;2;2;6;1;47,6634300000; -2,7652900000
202200002175;24;3;2022;08:30;2;31;2;1;1;2;43,6744330000;1,4463440000
202200002176;13;11;2022;13:30;1;74;1;1;1;1;46,1494240000;6,2571110000
202200002177;23;11;2022;15:45;2;56;1;1;1;7;47,7565800000; -3,3725400000
202200002178;19;10;2022;13:55;1;01;1;3;1;2;46,2385630000;6,0038410000
202200002179;4;6;2022;13:30;1;27;2;6;1;5;49,2839210000;1,7687830000
202200002180;23;3;2022;10:45;1;57;2;1;1;6;48,8121700000;6,7200390000
202200002181;13;11;2022;11:40;1;74;2;1;1;6;45,8772410000;6,3242250000
202200002182;6;6;2022;10:35;1;27;1;1;1;7;49,2115660000;0,7594060000
202200002183;4;9;2022;04:50;3;17;1;1;1;7;46,1995570000; -1,0364910000
202200002184;23;11;2022;17:35;5;54;2;1;1;2;48,6902780489;6,1726158857
202200002185;24;3;2022;19:05;2;81;1;1;1;7;43,6096300000;2,0151700000
202200002186;8;10;2022;00:15;3;69;2;3;1;6;45,7632900000;4,8326400000
202200002187;18;10;2022;07:55;1;62;1;1;1;7;50,3433892314;2,5902375709
202200002188;3;6;2022;17:00;1;17;1;2;1;3;45,8300180000; -0,3222840000
202200002189;24;11;2022;08:15;2;54;1;1;8;1;49,5116500000;5,8486400000
202200002190;11;10;2022;13:50;1;84;1;1;1;4;44,0598800000;5,0382100000
202200002191;23;11;2022;20:35;5;51;2;1;1;7;49,2481200000;4,0290400000
202200002192;19;10;2022;07:30;2;56;1;3;1;3;47,9511510000; -3,2269330000
202200002193;24;3;2022;12:45;1;50;1;1;1;2;48,9496290000; -1,0060380000
202200002194;4;6;2022;15:15;1;87;1;1;1;5;45,4749690000;1,1743730000
202200002195;19;10;2022;22:15;3;82;1;1;1;6;44,1367940000;1,4238370000
202200002196;23;11;2022;16:00;1;51;1;1;1;2;48,9166288721;4,4232094288
202200002197;15;5;2022;04:00;3;976;1;1;1;1; -12,9005740000;45,1939880000
202200002198;5;6;2022;14:15;1;30;1;1;1;1;43,8021060000;4,0868710000
202200002199;23;3;2022;17:45;1;51;2;2;1;3;49,0461050000;4,0402190000
202200002200;18;10;2022;17:20;1;81;2;1;1;6;43,8200530000;1,7263980000
202200002201;23;8;2022;16:45;1;89;2;1;1;7;48,0937220000;3,5154380000
202200002202;20;11;2022;08:00;1;03;2;9;1;1;46,5352940000;2,6141750000
202200002203;19;10;2022;09:00;1;32;1;1;1;3;43,6416110000;1,0550090000
202200002204;6;6;2022;03:00;3;30;1;1;1;6;43,9705110000;4,5004460000
202200002205;24;11;2022;09:20;1;49;2;1;1;2;47,4537400000; -0,5268700000
202200002206;2;6;2022;12:45;1;48;1;1;1;6;44,6807840000;3,7037870000
202200002207;20;10;2022;09:55;1;71;2;1;1;6;46,4135320000;4,7849480000
202200002208;10;11;2022;06:20;3;74;1;2;5;5;46,2571150000;6,3381940000
202200002209;24;11;2022;09:15;2;45;2;3;1;3;47,8803908072;1,9341731071
202200002210;4;6;2022;15:35;1;52;2;1;1;7;47,6561340000;5,2870680000
202200002211;6;11;2022;05:35;3;74;1;1;1;6;46,0069480000;6,1952590000
202200002212;3;6;2022;21:15;2;52;1;1;1;6;47,7853790000;5,6205150000
202200002213;3;10;2022;14:05;1;41;2;3;1;3;47,3893300000;1,3725410000
202200002214;23;11;2022;16:05;1;45;2;1;8;7;47,9808230000;2,7228790000
202200002215;5;11;2022;21:45;5;74;1;6;1;1;46,1494430000;6,3207270000
202200002216;18;10;2022;19:10;3;68;1;1;8;7;47,5822360000;7,5181250000
202200002217;4;6;2022;13:15;1;52;1;1;1;7;47,8470671304;5,5845186106
202200002218;27;6;2022;14:00;1;40;2;1;1;6;43,7717273574; -0,5730396509
202200002219;18;10;2022;17:28;1;68;1;1;1;7;47,6557620000;7,1666370000
202200002220;2;6;2022;11:30;1;08;2;1;1;3;49,6487300000;4,7795570000
202200002221;23;11;2022;14:34;1;45;2;2;8;4;47,9982800000;2,7463300000
202200002222;30;10;2022;03:48;-1;85;1;1;-1;6;46,9332040000; -1,2799150000
202200002223;5;6;2022;11:05;1;88;1;1;1;6;48,0198770000;6,9774200000
202200002224;20;10;2022;09:50;1;44;2;1;1;6;47,4415570000; -2,1378600000
202200002225;24;11;2022;13:05;1;43;2;1;1;7;45,0089710000;3,8794200000
202200002226;2;6;2022;17:15;1;973;1;1;1;6;4,8959930000; -52,3292970000
202200002227;24;9;2022;15:35;1;73;2;2;1;3;45,7045600000;5,8909500000
202200002228;24;11;2022;14:48;1;41;2;1;1;3;47,6108100000;1,3327700000
202200002229;18;10;2022;15:09;1;38;2;2;1;3;45,2075240000;5,7834110000
202200002230;2;6;2022;16:20;1;31;1;1;1;6;43,1174820000;0,9031860000
202200002231;19;10;2022;15:50;1;03;1;1;1;7;46,2055130000;3,1114050000
202200002232;27;9;2022;10:01;1;36;2;1;1;6;46,8094361859;1,6832712293
202200002233;16;8;2022;14:10;1;73;1;3;1;1;45,6232188011;6,3233405835
202200002234;2;6;2022;06:00;1;987;2;1;1;3; -17,6180000000; -149,5490000000
202200002235;26;8;2022;11:44;1;01;1;1;2;6;46,2916730000;5,5775140000
202200002236;29;10;2022;04:20;5;13;2;1;1;1;43,2707722370;5,3920824183
202200002237;3;6;2022;18:00;1;13;2;1;1;3;43,5935400000;5,1111750000
202200002238;25;9;2022;15:10;1;36;2;1;1;3;46,8268255195;1,7547333241
202200002239;3;6;2022;17:50;1;18;1;1;1;6;47,1104160000;2,2045420000
202200002240;3;7;2022;12:20;1;73;1;3;1;1;45,5352635407;5,9158363044
202200002241;24;11;2022;08:00;2;35;2;3;1;1;48,0698809471; -1,7103736103
202200002242;15;10;2022;15:25;1;14;2;3;1;3;49,3347240000; -0,4661570000
202200002243;2;12;2022;19:00;5;79;2;1;1;7;46,6332570000; -0,2910680000
202200002244;2;6;2022;11:39;1;01;1;1;1;2;46,1335310000;5,2849390000
202200002245;24;11;2022;23:40;5;33;2;1;8;7;44,8275269388; -0,5513240397
202200002246;20;10;2022;15:44;1;45;1;1;1;6;47,5769800710;2,7270045089
202200002247;11;12;2022;01:05;3;27;1;1;1;3;49,2377170000;1,6279530000
202200002248;6;6;2022;08:45;1;06;1;1;1;3;43,6141190000;7,0440190000
202200002249;24;11;2022;17:40;5;33;2;1;8;2;44,7990784239; -0,5982452631
202200002250;25;8;2022;15:00;1;22;1;2;1;3;48,3440140000; -2,0005420000
202200002251;3;6;2022;12:35;1;44;1;1;1;7;47,3043670000; -1,4246500000
202200002252;20;10;2022;14:40;1;10;2;1;1;1;48,1088780000;3,9206490000
202200002253;20;10;2022;13:30;1;24;1;1;1;6;45,4696120000;1,0937190000
202200002254;24;11;2022;04:15;5;33;2;1;8;1;44,8702200000; -0,5654600000
202200002255;5;6;2022;01:35;3;33;1;1;1;3;44,6306450000; -0,9360460000
202200002256;15;10;2022;19:30;5;93;2;1;1;6;48,9172082361;2,3819447433
202200002257;20;10;2022;09:00;1;27;2;7;1;6;49,3544060000;0,5136860000
202200002258;4;6;2022;16:00;1;06;1;1;1;6;43,7413520000;7,3315390000
202200002259;23;12;2022;23:15;5;69;1;1;2;2;45,7204200000;4,8823600000
202200002260;23;11;2022;17:15;2;31;2;1;2;3;43,5850300000;1,3728300000
202200002261;2;6;2022;07:35;1;976;1;1;1;3; -12,9382030000;45,1341390000
202200002262;20;10;2022;08:00;1;03;1;1;8;6;46,3297150000;2,9685940000
202200002263;4;6;2022;04:30;3;91;2;1;2;7;48,5708650000;2,1797140000
202200002264;15;11;2022;16:50;1;35;2;1;1;1;48,6203300000; -1,9861300000
202200002265;24;11;2022;16:00;1;31;1;2;2;2;43,1316492155;0,7061773539
202200002266;20;10;2022;08:15;2;35;1;1;3;3;48,1580500000; -1,8181050000
202200002267;14;12;2022;09:53;1;84;2;3;2;1;44,1300600000;4,8180800000
202200002268;5;6;2022;23:35;3;45;1;1;1;6;47,9085760000;1,8495660000
202200002269;19;10;2022;08:00;1;06;1;1;1;3;43,6031650000;7,0239420000
202200002270;24;11;2022;17:45;1;29;1;6;2;4;47,9783331230; -4,0172495840
202200002271;12;12;2022;05:50;5;84;2;2;1;1;44,1353600000;4,8122100000
202200002272;5;6;2022;05:25;2;30;1;1;1;2;43,7231960000;4,1510300000
202200002273;17;10;2022;08:30;1;77;2;1;2;2;48,8839720000;2,8428570000
202200002274;5;11;2022;18:54;2;38;2;9;1;2;45,5906500706;5,2558826900
202200002275;4;6;2022;00:25;3;38;1;1;1;2;45,6178200000;5,1902680000
202200002276;24;11;2022;18:10;5;27;2;2;1;3;49,2667900000;1,2119900000
202200002277;17;10;2022;22:00;3;91;1;1;1;4;48,5735870000;2,2353910000
202200002278;18;10;2022;16:10;1;68;1;1;1;6;48,0604500000;7,0415660000
202200002279;4;6;2022;11:25;1;60;2;1;1;2;49,1146480000;2,5979290000
202200002280;10;11;2022;17:40;1;69;1;1;8;6;45,7882400000;4,7843700000
202200002281;2;6;2022;06:25;1;987;2;1;1;1; -17,5429770000; -149,5036460000
202200002282;24;11;2022;15:40;1;26;2;1;1;6;44,5489700000;4,7437000000
202200002283;18;10;2022;11:30;1;26;2;3;1;6;44,9656030000;5,4207770000
202200002284;20;10;2022;18:15;2;59;1;1;1;7;50,0629420000;3,4875690000
202200002285;24;11;2022;15:25;1;26;2;2;1;3;44,5424200000;4,7451300000
202200002286;4;6;2022;21:45;3;988;1;1;1;7; -21,7871000000;165,7955500000
202200002287;19;10;2022;11:45;1;01;2;1;1;6;45,8961990000;5,3377140000
202200002288;28;10;2022;16:45;1;14;2;1;1;7;49,3655300000;0,0812200000
202200002289;24;11;2022;08:40;1;26;2;1;2;2;44,5515100000;4,7478500000
202200002290;3;6;2022;22:11;5;973;2;1;1;1;5,6703490000; -53,7856370000
202200002291;19;10;2022;20:00;3;33;1;1;1;1;45,2066690000; -0,5824040000
202200002292;11;9;2022;15:38;1;69;1;4;1;1;45,5903700000;4,7304800000
202200002293;3;6;2022;14:05;1;973;1;9;1;6;5,5984500000; -53,7063870000
202200002294;22;11;2022;11:40;1;25;2;2;2;3;47,2330500000;6,0193100000
202200002295;5;10;2022;07:40;2;33;2;3;5;3;44,9086040000; -0,6634180000
202200002296;19;8;2022;18:15;1;32;1;1;1;1;43,6651320000;0,5634870000
202200002297;31;5;2022;17:35;1;971;1;1;1;2;16,4672420000; -61,4950700000
202200002298;24;11;2022;18:35;5;23;2;1;1;7;46,1649100000;1,8720100000
202200002299;19;10;2022;17:45;1;80;1;1;1;2;49,9635750000;2,3477540000
202200002300;19;10;2022;16:10;1;50;2;6;1;3;48,6938000000; -1,3738860000
202200002301;3;6;2022;07:25;1;971;1;1;1;2;16,2302710000; -61,5916620000
202200002302;28;9;2022;15:46;1;80;2;7;1;6;49,8931700000;2,2851800000
202200002303;24;11;2022;05:50;3;22;2;1;1;7;48,4794834232; -2,7044820786
202200002304;20;10;2022;08:05;3;29;2;1;1;6;48,0809102780; -4,3143814800
202200002305;3;6;2022;07:30;1;972;1;1;8;1;14,7582520000; -60,9805850000
202200002306;19;10;2022;22:00;3;76;1;1;1;6;49,6131570000;0,6624410000