Accident_Id;jour;mois;an;hrmn;lum;dep;agg;int;atm;col;lat;long
202200002307;19;12;2022;21:00;5;42;2;2;1;6;45,4373200000;4,3929600000
202200002308;24;11;2022;13:00;1;13;2;1;1;3;43,2937300000;5,4016100000
202200002309;4;6;2022;12:10;1;37;2;6;1;3;47,4279780000;0,9724990000
202200002310;8;12;2022;01:25;5;30;2;1;1;6;43,8394000000;4,3551700000
202200002311;20;10;2022;09:20;1;76;1;1;1;2;49,5248460000;0,3728490000
202200002312;24;11;2022;08:20;1;13;2;1;7;6;43,3485900000;5,3758900000
202200002313;31;12;2022;23:05;3;30;1;1;1;6;43,8782800000;4,3117000000
202200002314;20;10;2022;08:15;1;60;2;2;2;3;49,3568870000;2,7828830000
202200002315;30;5;2022;17:20;1;77;1;1;1;1;49,0361870000;2,9204110000
202200002316;23;11;2022;12:00;1;13;2;1;2;6;43,3753900000;5,3651800000
202200002317;29;12;2022;19:55;5;30;2;1;1;1;43,8065100000;4,3237100000
202200002318;24;11;2022;07:20;1;13;2;2;1;3;43,3028700000;5,4005900000
202200002319;4;6;2022;10:00;1;77;2;2;1;3;48,9688680000;2,7577130000
202200002320;24;11;2022;11:15;1;13;2;1;1;6;43,5360100000;5,4343900000
202200002321;4;6;2022;14:23;1;77;1;1;1;3;48,9311450000;3,1254120000
202200002322;14;12;2022;07:35;5;40;2;1;1;3;43,8856500000; -0,4947900000
202200002323;29;5;2022;13:00;1;91;1;1;1;1;48,6357310000;2,1069180000
202200002324;19;10;2022;19:45;3;69;1;1;1;2;45,7744700000;4,7847200000
202200002325;24;11;2022;19:10;5;06;2;3;1;3;43,6856030000;7,1876520000
202200002326;24;11;2022;19:40;2;40;2;3;1;5;43,8805300000; -0,4960000000
202200002327;2;6;2022;15:25;1;78;1;3;1;3;48,5377460000;1,8758940000
202200002328;16;10;2022;04:20;3;94;1;1;1;4;48,7557423927;2,3423099435
202200002329;2;12;2022;19:15;2;40;2;3;1;3;43,8737600000; -0,5078800000
202200002330;3;6;2022;06:00;2;2B;1;1;1;1;42,5918030000;8,9249860000
202200002331;19;10;2022;07:55;2;95;1;1;1;2;48,9732218937;2,4902272224
202200002332;28;5;2022;18:35;1;2B;1;9;1;6;42,6228400000;8,9010610000
202200002333;28;8;2022;09:00;1;35;2;1;1;3;48,0933561213; -1,6710222512
202200002334;4;6;2022;13:45;1;2B;1;1;1;3;42,5077930000;9,3735050000
202200002335;18;10;2022;23:05;3;93;1;1;1;2;48,8905000000;2,4735100000
202200002336;29;8;2022;07:55;1;06;2;3;1;3;43,7417570000;7,3130050000
202200002337;4;6;2022;15:35;1;2B;1;1;1;2;42,5958980000;9,4974180000
202200002338;27;8;2022;19:30;1;06;2;1;1;6;43,6995400000;7,2778200000
202200002339;18;10;2022;21:35;3;77;1;1;1;2;48,6755040000;2,6105090000
202200002340;18;11;2022;17:15;5;04;2;1;1;3;44,0753200000;6,1879000000
202200002341;4;6;2022;12:00;1;2B;1;1;1;1;42,5371370000;9,4428460000
202200002342;27;8;2022;12:00;1;06;2;2;1;5;43,6964300000;7,2585400000
202200002343;18;10;2022;05:50;1;976;2;1;1;6; -12,7848700000;45,2282000000
202200002344;5;6;2022;10:40;1;2A;2;1;1;3;41,6107380503;9,2788418390
202200002345;26;8;2022;09:25;1;06;2;1;1;6;43,6715470000;7,2246490000
202200002346;16;11;2022;18:15;5;02;2;3;3;6;49,3773400000;3,3306600000
202200002347;4;6;2022;10:54;1;2A;1;1;1;6;41,5069780000;9,0252360000
202200002348;18;10;2022;14:25;1;973;2;3;1;3;4,9279860606; -52,3138904572
202200002349;24;8;2022;17:03;1;06;2;9;1;1;43,6945500000;7,2865900000
202200002350;25;11;2022;16:20;2;75;2;1;1;2;48,8635020000;2,4134080000
202200002351;2;6;2022;17:35;1;30;1;9;1;1;44,4056610000;3,9767720000
202200002352;18;10;2022;14:10;1;973;2;6;1;6;4,9299475217; -52,3041245341
202200002353;5;6;2022;10:45;1;30;2;1;1;6;44,0476950000;3,9857520000
202200002354;25;11;2022;08:45;1;75;2;1;1;3;48,8545390000;2,2549230000
202200002355;24;8;2022;12:07;1;06;2;2;1;3;43,7109100000;7,2927200000
202200002356;5;6;2022;13:40;1;30;1;1;1;7;44,0789800000;3,9708600000
202200002357;22;7;2022;13:00;1;976;1;1;1;6; -12,7697000000;45,2216200000
202200002358;17;10;2022;11:31;1;973;2;3;1;3;4,9380057519; -52,3063963652
202200002359;24;11;2022;11:35;1;75;2;2;1;3;48,8451150000;2,3286920000
202200002360;20;12;2022;19:01;5;93;2;3;2;6;48,9367080000;2,4964080000
202200002361;3;6;2022;16:20;1;30;1;3;7;3;44,0677610000;4,0693190000
202200002362;18;10;2022;01:47;5;69;2;1;1;3;45,7733200000;4,8413100000
202200002363;3;11;2022;21:20;5;92;2;1;1;6;48,8204115767;2,2622196078
202200002364;25;11;2022;14:35;1;75;2;5;1;3;48,8873210000;2,3139530000
202200002365;2;6;2022;19:30;1;30;1;1;1;6;43,8842840000;4,4375320000
202200002366;30;11;2022;09:10;1;34;2;9;7;6;43,3134770000;3,4155140000
202200002367;4;6;2022;23:40;3;34;1;1;7;6;43,4551780000;3,5957690000
202200002368;17;10;2022;21:05;5;69;2;3;1;3;45,7663700000;4,8671500000
202200002369;25;11;2022;14:00;1;75;2;7;1;3;48,8860090000;2,2891220000
202200002370;13;10;2022;18:15;1;48;2;1;2;6;44,5210400000;3,5045810000
202200002371;9;10;2022;21:00;3;14;1;1;1;6;48,8521580000; -0,8808100000
202200002372;5;6;2022;19:50;1;34;1;1;1;3;43,5299150000;3,4203240000
202200002373;18;10;2022;11:50;1;972;1;3;1;5;14,6262400000; -61,0079400000
202200002374;25;11;2022;08:40;1;75;2;3;8;3;48,8997646969;2,3191371560
202200002375;1;10;2022;20:00;5;14;2;6;1;3;49,4177700000;0,2401300000
202200002376;5;6;2022;15:45;1;34;1;1;1;7;43,7503270000;4,0674730000
202200002377;18;10;2022;11:40;1;2B;2;1;1;3;42,7029300000;9,4516300000
202200002378;25;8;2022;17:00;1;14;2;1;1;6;49,4018580000;0,2197440000
202200002379;24;11;2022;23:20;5;75;2;3;1;7;48,8833220000;2,3258040000
202200002380;2;6;2022;22:18;3;34;1;1;1;6;43,5698184308;4,0742690544
202200002381;18;10;2022;01:26;5;2B;2;6;1;7;42,5945680000;9,4387490000
202200002382;5;6;2022;09:25;1;34;2;1;1;6;43,8669720000;3,5916980000
202200002383;14;8;2022;05:25;3;14;1;1;1;6;49,4211570000;0,2064340000
202200002384;18;10;2022;15:30;1;971;1;1;1;1;16,2602600000; -61,4602800000
202200002385;25;11;2022;17:30;3;75;2;3;1;3;48,8217390000;2,3267040000
202200002386;20;10;2022;08:00;3;62;2;1;3;6;50,2280540000;2,1083990000
202200002387;3;6;2022;10:00;1;84;1;1;1;3;44,0127170000;4,9076110000
202200002388;6;10;2022;20:20;4;971;2;1;1;1;16,0326787149; -61,5710037947
202200002389;5;9;2022;12:05;1;79;2;6;1;7;46,6649470000; -0,2478000000
202200002390;25;11;2022;12:30;1;75;2;1;1;3;48,8613530000;2,3776390000
202200002391;5;6;2022;18:30;1;83;2;1;1;6;43,1713710000;5,6953220000
202200002392;18;10;2022;12:10;1;2A;2;1;1;6;41,9169000000;8,7373000000
202200002393;16;12;2022;07:20;2;07;1;1;8;2;44,3001490000;4,6135090000
202200002394;25;11;2022;13:55;1;75;2;1;1;2;48,8765230000;2,3420690000
202200002395;4;6;2022;17:00;1;83;1;1;1;3;43,3307700000;6,0852400000
202200002396;14;11;2022;21:00;4;60;1;6;2;1;49,2093510000;2,6213500000
202200002397;18;10;2022;09:13;1;2A;2;3;1;3;41,9370202590;8,7508174183
202200002398;3;6;2022;17:55;1;06;1;9;1;2;43,7829690000;7,2743440000
202200002399;25;11;2022;16:00;1;75;2;4;1;3;48,8648073521;2,3451025038
202200002400;20;8;2022;08:15;1;59;1;1;1;2;50,9910470000;2,2483130000
202200002401;17;10;2022;21:45;4;91;2;1;2;1;48,5853400000;2,2999700000
202200002402;3;6;2022;19:29;1;05;1;1;1;1;44,7475870000;6,7712260000
202200002403;25;11;2022;20:15;2;94;2;1;1;1;48,8111740565;2,3640779695
202200002404;18;1;2022;18:30;3;93;2;1;1;3;48,9230850000;2,4056740000
202200002405;6;6;2022;00:25;3;05;1;1;1;6;44,4302600000;5,7932390000
202200002406;29;8;2022;08:25;1;91;1;1;1;3;48,6104900000;2,4440900000
202200002407;17;10;2022;11:45;1;91;1;1;2;7;48,3925160000;2,1111410000
202200002408;25;11;2022;12:15;1;94;2;9;2;3;48,8057600000;2,3724700000
202200002409;24;12;2022;12:15;1;73;1;1;1;1;45,6099280000;6,7862930000
202200002410;4;6;2022;11:15;1;05;2;3;1;3;44,4199580000;5,7198320000
202200002411;25;11;2022;08:35;1;94;2;9;1;2;48,7608900000;2,3431600000
202200002412;17;10;2022;16:40;1;87;2;1;1;4;45,8565800000;1,2691900000
202200002413;26;8;2022;01:55;5;74;2;1;1;6;45,9108310000;6,1193680000
202200002414;4;6;2022;09:00;1;13;1;1;1;7;43,7828530000;5,0150660000
202200002415;25;11;2022;15:40;1;94;2;2;1;3;48,7881835831;2,4408772090
202200002416;17;10;2022;07:52;4;87;2;2;1;6;45,8213200000;1,2398900000
202200002417;13;11;2022;17:10;1;33;2;1;1;3;44,8341231342; -0,5624887347
202200002418;3;6;2022;13:10;1;13;1;1;1;1;43,7878410000;5,0461360000
202200002419;18;11;2022;19:05;5;22;2;3;9;3;48,5162500000; -2,7711900000
202200002420;25;11;2022;12:35;1;94;2;1;1;3;48,8152600000;2,4595000000
202200002421;14;10;2022;21:55;5;87;2;3;2;7;45,8553400000;1,2483200000
202200002422;30;5;2022;11:30;1;13;2;2;1;1;43,5508250000;5,0390770000
202200002423;21;5;2022;10:52;1;36;1;1;1;6;46,7850400000;1,6768500000
202200002424;6;6;2022;11:20;1;13;1;1;1;1;43,2486410000;5,6639670000
202200002425;24;11;2022;12:10;1;94;2;1;1;1;48,8125600000;2,3921400000
202200002426;4;6;2022;11:00;1;13;1;1;1;7;43,7548220000;4,8335770000
202200002427;12;5;2022;15:39;1;36;1;1;1;3;46,8344090000;1,7181050000
202200002428;18;10;2022;12:45;1;78;2;1;1;6;49,0122680000;1,9183420000
202200002429;25;11;2022;17:50;5;93;2;1;1;6;48,9550600000;2,5665500000
202200002430;17;10;2022;20:35;5;77;2;3;3;6;48,8489600000;2,6159400000
202200002431;3;6;2022;17:35;1;26;1;1;1;4;45,0125560000;4,8758480000
202200002432;25;11;2022;21:00;5;93;2;6;1;3;48,9294400000;2,3860200000
202200002433;4;9;2022;23:00;5;53;2;2;1;3;48,3054160000; -0,6165710000
202200002434;18;10;2022;08:15;1;77;2;6;5;7;48,3957660000;2,7985760000
202200002435;28;5;2022;19:30;1;70;2;1;1;1;47,4413100000;5,6132040000
202200002436;25;11;2022;08:40;1;92;2;1;1;6;48,8082980000;2,2958600000
202200002437;17;10;2022;08:40;1;72;2;1;1;7;47,9619000000;0,2235000000
202200002438;6;6;2022;06:30;1;25;1;1;1;6;47,3725330000;6,4251140000
202200002439;28;10;2022;21:00;5;92;2;9;1;3;48,8939491801;2,3004314303
202200002440;3;6;2022;20:45;2;89;1;1;1;6;47,7700650000;3,4606500000
202200002441;18;10;2022;12:05;1;69;2;6;1;2;45,9790210994;4,7344878316
202200002442;11;7;2022;19:10;1;13;1;1;1;5;43,3598450000;5,1844850000
202200002443;25;11;2022;10:23;1;92;2;1;1;3;48,8185150000;2,2575610000
202200002444;3;6;2022;13:50;1;89;1;1;1;1;47,7940670000;3,6346970000
202200002445;11;10;2022;00:40;3;69;1;2;1;3;45,7432500000;4,9372800000
202200002446;24;11;2022;16:10;1;92;2;2;1;5;48,8297410000;2,2673650000
202200002447;17;10;2022;14:10;1;67;2;3;1;3;48,5823300000;7,7138100000
202200002448;2;6;2022;16:48;1;67;2;3;1;3;48,7007440000;7,6489630000
202200002449;17;10;2022;08:55;1;67;2;1;1;6;48,6096300000;7,7413700000
202200002450;24;11;2022;22:00;5;92;2;2;1;3;48,9311696370;2,2443115711
202200002451;3;6;2022;01:05;5;67;2;1;1;1;48,5701540000;7,5273190000
202200002452;16;10;2022;13:50;1;67;2;1;1;7;48,5682800000;7,7272200000
202200002453;25;11;2022;13:30;1;92;2;9;1;7;48,7862954943;2,2646558583
202200002454;4;6;2022;08:00;1;88;1;1;1;1;48,3312690000;6,3440140000
202200002455;26;11;2022;03:35;3;09;1;1;8;6;43,0186280000;1,1704130000
202200002456;28;5;2022;02:00;5;42;2;1;1;6;45,7422880000;4,2104240000
202200002457;16;10;2022;05:30;5;67;2;1;1;3;48,5726700000;7,7626500000
202200002458;4;6;2022;11:40;1;38;1;1;1;3;45,1142950000;5,8305700000
202200002459;15;10;2022;19:15;1;67;2;1;1;3;48,5558200000;7,6931000000
202200002460;24;11;2022;07:50;2;26;1;1;5;6;45,0730360000;5,0310730000
202200002461;6;6;2022;17:00;1;26;1;3;1;2;44,3814850000;4,7202160000
202200002462;17;10;2022;13:25;1;65;2;1;1;1;43,1029500000; -0,0300400000
202200002463;5;6;2022;06:25;2;01;2;1;1;6;46,2568740000;6,1123040000
202200002464;14;5;2022;03:00;3;69;2;1;1;6;45,8939633979;4,6729820967
202200002465;18;10;2022;21:30;5;64;2;2;1;3;43,3861900000; -1,6555400000
202200002466;17;10;2022;17:10;1;64;2;1;1;2;43,3099900000; -0,3696100000
202200002467;4;6;2022;07:10;2;81;1;4;1;1;43,6177600000;2,0927300000
202200002468;3;6;2022;20:30;1;81;2;1;1;6;43,8549630000;1,9771490000
202200002469;18;10;2022;18:30;1;64;2;1;1;3;43,4952900000; -1,4697200000
202200002470;4;10;2022;08:30;1;59;2;1;1;7;50,6629370857;3,0502939224
202200002471;3;6;2022;15:50;1;81;2;2;1;5;43,8930320000;1,8765146000
202200002472;5;6;2022;16:50;1;09;2;1;1;6;43,2452930000;1,5694680000
202200002473;17;10;2022;07:40;4;59;2;1;2;6;50,6794216183;3,0477994680
202200002474;17;10;2022;22:13;3;56;1;1;1;3;47,7742340000; -3,3685230000
202200002475;3;6;2022;15:50;1;09;1;2;1;3;43,1806620000;1,6523640000
202200002476;17;10;2022;08:30;1;55;2;1;1;6;48,7690900000;5,1723000000
202200002477;2;6;2022;18:45;1;31;2;1;1;2;43,4546998352;1,4115232229
202200002478;17;10;2022;15:15;1;54;2;1;1;7;48,9034300000;6,0561400000
202200002479;2;6;2022;22:10;3;31;1;1;1;6;43,4041670000;1,2613680000
202200002480;3;6;2022;21:05;1;86;1;1;1;6;46,6705880000;0,3747960000
202200002481;18;10;2022;19:45;5;54;2;2;1;3;48,6951300000;6,1381800000
202200002482;28;5;2022;06:15;2;33;1;1;1;6;45,1975030000; -0,4486910000
202200002483;18;10;2022;15:45;1;54;2;2;1;6;48,6984000000;6,1668000000
202200002484;11;5;2022;18:45;1;33;1;3;1;3;44,6228540000; -0,9025630000
202200002485;13;10;2022;11:50;1;54;2;1;1;7;48,7084000000;6,2451200000
202200002486;1;6;2022;23:59;3;49;1;1;1;2;47,4399570000; -0,5808810000
202200002487;18;10;2022;14:00;1;54;2;2;1;1;48,6628900000;6,1624100000
202200002488;6;6;2022;20:30;1;14;1;1;2;1;49,2391140000; -0,7497070000
202200002489;3;6;2022;19:55;1;29;1;1;1;6;48,6070080000; -4,3689640000
202200002490;5;6;2022;10:15;1;29;1;1;1;6;48,4594689225; -4,2306053637
202200002491;18;10;2022;07:43;2;54;2;2;1;3;48,6700900000;6,1584900000
202200002492;30;5;2022;15:45;1;29;1;1;1;1;48,0712420000; -4,4041220000
202200002493;18;10;2022;21:50;5;51;2;2;1;7;49,2797000000;4,0138940000
202200002494;3;6;2022;11:45;1;22;2;3;1;3;48,2270380000; -2,7334660000
202200002495;17;10;2022;09:35;1;51;1;2;1;1;49,2578880506;4,0561960638
202200002496;4;6;2022;11:30;1;35;1;1;1;6;48,2330600000; -1,3140140000
202200002497;18;10;2022;06:40;5;51;2;2;2;7;49,2368768800;4,0141779184
202200002498;5;6;2022;22:40;5;27;2;1;2;6;49,0827940000;1,2063040000
202200002499;15;10;2022;12:10;1;50;2;3;1;3;49,0631400000; -1,4335400000
202200002500;4;6;2022;15:45;1;60;2;3;1;3;49,3577290000;2,3297020000
202200002501;17;10;2022;16:35;1;49;2;3;1;3;47,0502370073; -0,8847749233
202200002502;18;10;2022;07:51;2;49;2;2;1;3;47,4801200000; -0,5259900000
202200002503;17;10;2022;12:35;1;47;2;1;1;3;44,4065380000;0,7124480000
202200002504;4;6;2022;19:30;2;60;1;2;3;3;49,2506780000;2,0392670000
202200002505;17;10;2022;19:45;5;45;2;1;1;6;47,9978490000;2,7075930000
202200002506;18;10;2022;07:15;5;44;2;1;1;3;47,2149040000; -1,5460430000
202200002507;10;10;2022;17:00;1;40;1;1;1;2;43,8665300000; -0,4897400000
202200002508;18;10;2022;23:20;5;38;2;2;1;3;45,1811000000;5,7136900000
202200002509;18;10;2022;07:50;2;37;2;3;8;3;47,3540700000;0,6938400000
202200002510;18;10;2022;08:15;1;37;2;6;5;3;47,3491458234;0,6653326750
202200002511;4;10;2022;10:45;1;34;2;2;1;1;43,4093100000;3,6731000000
202200002512;18;10;2022;07:55;1;33;2;3;1;3;44,8857900000; -0,6366600000
202200002513;18;10;2022;07:15;2;33;2;3;1;3;44,7636300000; -0,5603200000
202200002514;10;10;2022;10:00;1;33;2;2;1;3;44,8796100000; -0,6267800000
202200002515;18;10;2022;17:16;1;29;2;1;1;2;47,9830500000; -4,0630900000
202200002516;17;10;2022;07:35;3;29;1;1;2;5;48,0163620530; -4,0801539407
202200002517;17;10;2022;13:00;1;29;2;6;1;2;48,4142200000; -4,4802600000
202200002518;18;10;2022;11:30;1;25;2;1;1;6;47,2669100000;6,0546100000
202200002519;18;10;2022;20:00;4;22;2;6;1;6;48,7340750000; -3,4438550000
202200002520;16;10;2022;18:00;1;21;2;3;1;3;47,3081580000;5,0183160000
202200002521;18;10;2022;16:05;1;17;2;1;1;3;46,1658480000; -1,1019820000
202200002522;18;10;2022;07:15;3;13;1;4;1;3;43,4162700000;5,2782600000
202200002523;17;10;2022;16:00;1;13;2;9;1;3;43,4103400000;5,0396800000
202200002524;17;10;2022;07:20;1;13;1;1;1;3;43,3269500000;5,3589000000
202200002525;18;10;2022;09:00;1;13;2;1;1;3;43,2845700000;5,5358400000
202200002526;18;10;2022;08:55;1;13;2;1;1;3;43,2916800000;5,5914300000
202200002527;17;10;2022;16:35;1;10;2;1;1;3;48,3047000000;4,0762000000
202200002528;18;10;2022;17:20;1;04;1;1;1;2;43,8395400000;5,8064000000
202200002529;17;6;2022;16:48;1;06;2;1;1;6;43,7024000000;7,2717600000
202200002530;28;6;2022;08:51;1;06;2;1;1;6;43,7277300000;7,2821800000
202200002531;26;6;2022;10:25;1;06;2;9;1;3;43,6942000000;7,2383000000
202200002532;26;6;2022;13:00;1;06;2;9;1;6;43,7137400000;7,2587100000
202200002533;22;6;2022;08:15;1;06;2;1;2;1;43,6951700000;7,2740000000
202200002534;24;6;2022;09:54;1;06;2;1;1;6;43,6695900000;7,2035200000
202200002535;17;9;2022;14:30;1;92;2;1;1;6;48,8662796389;2,2018076777
202200002536;17;9;2022;18:26;1;92;2;1;1;7;48,8139775393;2,3201639056
202200002537;17;9;2022;11:20;1;92;2;1;1;7;48,8210172309;2,2353591621
202200002538;17;9;2022;10:00;1;974;1;9;1;3; -20,9660540000;55,2938390000
202200002539;17;9;2022;11:15;1;47;2;1;1;3;44,1137840000;0,5314620000
202200002540;18;9;2022;14:10;1;08;1;1;1;7;49,5021370000;4,3340370000
202200002541;18;9;2022;17:40;1;2A;2;1;1;6;41,6793830000;8,9115210000
202200002542;17;9;2022;11:45;1;01;1;2;1;3;45,9587880000;4,8908690000
202200002543;17;9;2022;06:20;2;01;1;1;1;6;46,0302190000;5,2006100000
202200002544;17;9;2022;15:15;1;24;1;3;1;1;45,1400810000;0,3209320000
202200002545;18;9;2022;05:15;3;43;1;1;1;7;45,3059080000;3,2354580000
202200002546;17;9;2022;15:10;1;18;1;1;1;7;47,4067760000;2,6735940000
202200002547;17;9;2022;01:05;5;77;1;9;1;6;49,0098900000;3,1445820000
202200002548;18;9;2022;15:50;1;91;2;1;1;2;48,6554940000;2,2741590000
202200002549;17;9;2022;07:00;2;06;1;1;1;7;43,6794650000;6,8945650000
202200002550;18;9;2022;06:20;3;58;1;1;1;6;47,2708430000;2,9787110000
202200002551;18;9;2022;11:45;1;50;1;1;1;1;49,0739680000; -1,2034000000
202200002552;17;9;2022;17:30;1;56;1;6;1;3;47,6202630000; -3,1352450000
202200002553;17;9;2022;18:40;1;2B;2;1;1;1;42,4835590000;9,5025520000
202200002554;18;9;2022;16:25;1;89;1;1;1;6;47,7216640000;3,9668970000
202200002555;17;9;2022;15:00;1;61;1;1;1;6;48,5061140000;0,3200470000
202200002556;17;9;2022;14:40;1;55;1;1;1;6;48,6408920000;5,0583030000
202200002557;16;9;2022;13:15;1;25;1;1;1;6;47,1802110000;5,8412020000
202200002558;18;9;2022;17:20;1;25;1;1;1;1;47,0077160000;6,1884250000
202200002559;18;9;2022;12:15;1;35;1;2;1;3;48,5342830000; -1,8077770000
202200002560;18;9;2022;09:00;1;35;1;1;1;6;48,2064237714; -2,0394524932
202200002561;17;9;2022;16:50;1;29;2;1;1;1;48,5459220000; -4,1791230000
202200002562;16;9;2022;12:15;1;29;2;2;1;3;48,5074110000; -4,4251780000
202200002563;17;9;2022;17:00;1;38;2;9;1;6;45,4332630000;5,5137420000
202200002564;18;9;2022;01:15;3;02;1;1;1;7;49,6967280000;4,1727550000
202200002565;18;9;2022;02:00;3;15;1;1;1;6;44,8885820000;3,2013560000
202200002566;17;9;2022;14:30;1;01;1;1;1;6;46,3227520000;5,6507220000
202200002567;18;9;2022;10:55;1;58;2;1;1;6;47,0544820000;3,9276820000
202200002568;18;9;2022;05:30;5;06;1;1;1;1;43,6127950000;6,9177440000
202200002569;17;9;2022;19:15;2;14;1;1;1;6;49,2644350000;0,1457110000
202200002570;18;9;2022;10:35;1;50;2;1;7;6;48,6465087000; -0,9402138000
202200002571;18;9;2022;07:00;2;45;1;1;1;7;47,9920762221;2,0758830849
202200002572;17;9;2022;11:00;1;43;1;1;1;6;44,9659630000;3,9747470000
202200002573;18;9;2022;15:30;1;04;1;1;1;1;43,9327560000;6,1548170000
202200002574;18;9;2022;01:00;3;17;1;1;1;7;46,0337090000; -0,3471420000
202200002575;17;9;2022;19:00;1;37;1;1;1;1;47,4478880000;0,6322530000
202200002576;8;9;2022;19:15;1;37;1;1;1;2;47,5367250000;0,5378790000
202200002577;17;9;2022;22:40;3;30;1;1;1;6;44,1627080000;4,1417710000
202200002578;12;9;2022;17:15;1;88;1;1;1;1;48,2503550000;5,8998730000
202200002579;18;9;2022;17:00;1;80;1;1;1;2;49,8757530000;2,2111720000
202200002580;16;9;2022;15:50;1;63;1;1;1;7;45,8745030000;3,6416670000
202200002581;17;9;2022;15:21;1;49;1;1;1;7;47,4359580000; -0,7801900000
202200002582;16;9;2022;18:49;2;83;1;1;1;7;43,4354753563;5,9298305511
202200002583;18;9;2022;04:25;3;974;2;1;1;1; -21,0646880000;55,2236260000
202200002584;17;9;2022;08:45;1;33;2;6;1;2;44,6232200000; -1,0247760000
202200002585;17;9;2022;18:13;1;78;1;9;1;3;48,7197380000;2,0878270000
202200002586;17;9;2022;18:35;1;13;1;1;1;7;43,2500670000;5,6052960000
202200002587;18;9;2022;03:30;3;13;1;1;1;5;43,8191160000;4,8971880000
202200002588;18;9;2022;10:17;1;89;1;3;1;3;47,7332300000;3,6031130000
202200002589;18;9;2022;14:55;1;68;1;1;1;7;47,8580940000;7,1486230000
202200002590;16;9;2022;18:50;1;57;1;1;2;1;49,1176050000;6,8117590000
202200002591;17;9;2022;15:50;1;63;1;1;1;6;45,5839810000;2,9003050000
202200002592;18;9;2022;12:00;1;42;1;2;1;5;45,7993960000;4,1468240000
202200002593;17;9;2022;17:30;1;42;1;2;1;3;45,7020430000;4,2454650000
202200002594;6;9;2022;18:00;1;38;2;2;1;3;45,2811830000;5,6462000000
202200002595;18;9;2022;16:15;1;81;1;1;1;3;43,5809580000;2,0298800000
202200002596;17;9;2022;18:40;1;64;2;1;1;3;43,4740380000; -1,4320310000
202200002597;17;9;2022;18:35;1;24;2;1;1;6;44,8510660000;0,7783610000
202200002598;17;9;2022;22:05;4;29;2;1;1;6;48,5344250000; -4,3096880000
202200002599;18;9;2022;13:45;1;22;1;1;1;7;48,6466530000; -2,4215060000
202200002600;17;9;2022;18:05;1;27;2;9;1;3;49,1747330000;1,1743180000
202200002601;17;9;2022;18:45;1;60;2;1;1;3;49,3906650000;2,4203680000
202200002602;17;9;2022;04:30;3;33;1;1;1;2;44,7634500000; -0,6747180000
202200002603;17;9;2022;13:15;1;91;1;1;1;2;48,7146200000;2,2902600000
202200002604;16;9;2022;20:30;3;91;1;1;1;7;48,7158100000;2,1732100000
202200002605;17;9;2022;11:30;1;92;1;1;1;4;48,9354016608;2,2654496814
202200002606;17;9;2022;16:10;1;93;1;1;1;4;48,9185524531;2,4787098169
202200002607;17;9;2022;06:35;3;93;1;1;1;6;48,8990668193;2,4697556169
202200002608;17;9;2022;00:05;3;93;1;1;1;4;48,9184700000;2,3571700000
202200002609;2;5;2022;11:00;1;29;2;9;2;6;47,9916512500; -4,0763923227
202200002610;17;9;2022;07:30;1;988;2;1;1;1; -22,2899000000;166,4423700000
202200002611;17;9;2022;07:40;1;973;1;1;1;1;4,9033760040; -52,3048433661
202200002612;16;9;2022;22:00;5;69;2;2;1;7;45,7578600000;4,8487300000
202200002613;16;9;2022;07:30;1;972;1;6;1;5;14,6185400000; -61,0047400000
202200002614;16;9;2022;10:25;1;972;1;1;3;4;14,6166400000; -61,0424900000
202200002615;16;9;2022;19:00;1;69;2;1;8;2;45,7772268403;4,8106042296
202200002616;14;9;2022;22:25;5;69;2;3;2;1;45,7270290778;4,8134467006
202200002617;16;9;2022;12:15;1;971;1;1;2;6;16,2140000000; -61,4948300000
202200002618;17;9;2022;00:10;5;95;2;1;1;6;48,9409472597;2,2539031506
202200002619;16;9;2022;13:21;1;91;2;3;1;4;48,7055900000;2,3569700000
202200002620;15;9;2022;20:36;5;87;2;3;1;7;45,8221900000;1,2398000000
202200002621;15;9;2022;17:04;1;87;1;1;1;1;45,8907900000;1,2739600000
202200002622;16;9;2022;05:30;5;83;2;1;1;6;43,1262000000;6,1500600000
202200002623;16;9;2022;18:05;1;81;1;1;1;4;43,9431500000;2,1656500000
202200002624;16;9;2022;17:30;1;76;2;4;1;6;49,2818835369;1,0077095030
202200002625;16;9;2022;16:10;1;76;2;1;1;2;49,4153880000;1,0524160000
202200002626;16;9;2022;11:35;1;76;2;2;1;4;49,5217200000;0,1174200000
202200002627;16;9;2022;09:30;1;71;2;1;8;7;46,7940000000;4,4330000000
202200002628;16;9;2022;19:35;1;69;2;1;1;1;45,7812000000;4,8719000000
202200002629;16;9;2022;11:20;1;69;2;3;1;6;45,7645900000;4,8904700000
202200002630;16;9;2022;19:15;1;69;2;3;1;1;45,7142000000;4,8792200000
202200002631;16;9;2022;13:00;1;69;2;1;1;3;45,7376300000;4,8963700000
202200002632;16;9;2022;05:45;3;68;1;9;1;2;47,7328629579;7,2858345509
202200002633;16;9;2022;13:51;1;66;2;3;1;6;42,7005100000;2,8907300000
202200002634;15;9;2022;21:57;3;66;1;1;1;2;42,7111700000;2,9206800000
202200002635;15;9;2022;23:46;5;64;2;1;8;5;43,3024500000; -0,3607400000