Accident_Id;jour;mois;an;hrmn;lum;dep;agg;int;atm;col;lat;long
202200002636;15;9;2022;10:20;1;64;1;1;1;2;43,2802580765; -0,3827404976
202200002637;15;9;2022;11:45;1;64;2;1;1;1;43,4929600000; -1,5286700000
202200002638;13;9;2022;04:30;3;62;2;6;1;3;50,5558850000;2,4971870000
202200002639;16;9;2022;08:40;1;59;2;1;1;6;50,1970933146;3,8526794314
202200002640;12;9;2022;19:00;1;59;2;1;1;6;50,6794790000;3,1143630000
202200002641;16;9;2022;00:20;5;59;2;9;8;4;50,6431410000;3,1451400000
202200002642;15;9;2022;17:45;1;59;2;1;1;3;50,6151020000;3,0166810000
202200002643;15;9;2022;07:30;1;59;1;3;1;3;50,6244854500;2,9570442438
202200002644;12;9;2022;19:11;1;57;2;1;1;6;49,3178200000;6,1120300000
202200002645;15;9;2022;07:25;2;56;2;6;1;3;47,7782287600; -3,3452028000
202200002646;16;9;2022;18:55;1;54;1;1;1;2;48,7119990000;6,2428990000
202200002647;16;9;2022;11:22;1;54;2;1;1;6;48,6889400000;6,1628100000
202200002648;16;9;2022;08:15;2;54;2;1;8;4;48,7024400000;6,1709500000
202200002649;16;9;2022;08:15;1;54;1;2;1;1;49,1759800000;5,9681900000
202200002650;16;9;2022;17:20;1;51;2;2;1;3;49,2493000000;4,0369200000
202200002651;16;9;2022;13:30;1;51;2;1;1;3;49,2725800000;4,0405800000
202200002652;16;9;2022;09:35;1;51;2;9;1;2;49,2320200000;4,0670100000
202200002653;16;9;2022;18:30;1;49;2;1;1;6;47,4804300000; -0,5662800000
202200002654;16;9;2022;17:05;1;49;2;1;1;3;47,4828500000; -0,5353300000
202200002655;16;9;2022;16:59;1;49;2;3;1;3;47,4414500000; -0,5451700000
202200002656;16;9;2022;10:45;1;45;2;1;1;2;47,8831500000;1,9095600000
202200002657;12;9;2022;08:20;1;44;2;1;7;3;47,2095800000; -1,5469500000
202200002658;14;9;2022;11:10;1;43;2;3;1;2;45,0495800000;3,8948800000
202200002659;16;9;2022;16:40;1;37;2;1;1;6;47,4189284072;0,6897300482
202200002660;16;9;2022;16:19;1;37;2;1;1;7;47,3883000000;0,6966600000
202200002661;15;9;2022;02:45;4;34;2;1;1;7;43,6088800000;3,8921600000
202200002662;16;9;2022;20:15;5;33;2;3;1;2;44,8789600000; -0,6831500000
202200002663;16;9;2022;08:40;1;33;2;3;1;3;44,8253400000; -0,5890600000
202200002664;16;9;2022;00:10;5;33;2;1;1;1;44,8728200000; -0,5372600000
202200002665;15;9;2022;19:40;1;33;2;1;1;6;44,8758700000; -0,6795400000
202200002666;16;9;2022;22:45;5;31;2;1;1;3;43,6095000000;1,4544000000
202200002667;16;9;2022;05:40;5;31;2;3;1;3;43,5805800000;1,4819100000
202200002668;16;9;2022;15:30;1;31;2;8;1;3;43,0907800000;0,7066450000
202200002669;9;9;2022;08:30;1;30;2;2;1;6;43,8264500000;4,3539000000
202200002670;16;9;2022;20:10;3;28;2;1;1;3;48,7459900000;1,3716000000
202200002671;16;9;2022;16:00;1;27;2;9;1;7;49,1282300000;1,4328600000
202200002672;16;9;2022;08:53;1;27;2;3;1;3;49,0767200000;1,4639800000
202200002673;17;9;2022;01:10;5;27;2;6;2;7;49,2750800000;1,1958200000
202200002674;16;9;2022;07:45;1;25;1;1;2;6;47,2637700000;6,0060300000
202200002675;16;9;2022;10:10;1;17;1;1;1;4;45,6355700000; -1,0153400000
202200002676;14;9;2022;14:05;1;14;2;1;1;3;49,1876468707;0,2268773317
202200002677;9;9;2022;16:35;1;14;2;1;2;6;49,1563530000;0,2275530000
202200002678;16;9;2022;20:49;5;14;2;2;2;3;49,1830910000; -0,3845420000
202200002679;28;7;2022;11:10;1;13;2;3;1;6;43,4010100000;5,0561000000
202200002680;16;9;2022;18:15;1;13;2;2;1;1;43,3144942436;5,3705334663
202200002681;16;9;2022;17:50;1;13;2;1;1;1;43,3038800000;5,4207300000
202200002682;16;9;2022;16:00;1;13;2;1;1;3;43,3159904060;5,3695844952
202200002683;16;9;2022;09:00;1;13;2;1;1;1;43,2687793933;5,4199021624
202200002684;16;9;2022;02:40;5;13;2;1;1;1;43,3062041872;5,3848599474
202200002685;15;9;2022;20:05;5;13;2;1;1;4;43,2974600000;5,3810400000
202200002686;14;9;2022;17:50;1;11;2;1;1;3;43,1994300000;2,3583200000
202200002687;15;9;2022;18:50;1;06;2;1;1;5;43,6826800000;7,1495100000
202200002688;15;9;2022;16:15;1;75;2;1;1;3;48,8931720000;2,3035210000
202200002689;16;9;2022;14:30;1;75;2;3;8;3;48,8393220000;2,3301050000
202200002690;15;9;2022;19:15;2;75;2;1;1;3;48,8235200000;2,3103580000
202200002691;16;9;2022;12:50;1;75;2;2;1;3;48,8441300000;2,4117220000
202200002692;16;9;2022;07:30;1;75;2;2;1;2;48,8546970000;2,3853250000
202200002693;16;9;2022;01:29;5;75;2;1;1;6;48,8759390000;2,3311780000
202200002694;16;9;2022;09:55;1;75;2;3;1;3;48,8714350000;2,3024220000
202200002695;16;9;2022;02:40;5;75;2;1;1;6;48,8771310000;2,3069650000
202200002696;16;9;2022;10:02;1;75;2;1;8;6;48,8657520000;2,3352760000
202200002697;16;9;2022;16:30;1;94;2;2;1;3;48,7850000000;2,4920000000
202200002698;15;9;2022;19:45;1;94;2;1;1;7;48,7850100000;2,4973300000
202200002699;16;9;2022;18:50;1;94;2;2;1;3;48,8100000000;2,4340000000
202200002700;16;9;2022;12:00;1;94;2;1;1;1;48,8120000000;2,3867900000
202200002701;16;9;2022;08:20;1;94;2;1;1;6;48,8210600000;2,4158400000
202200002702;16;9;2022;14:30;1;93;2;3;1;6;48,8952612161;2,4621596325
202200002703;16;9;2022;17:30;1;93;2;3;8;1;48,8641500000;2,4448600000
202200002704;15;9;2022;18:30;1;93;2;1;1;6;48,9174638054;2,4560834441
202200002705;17;9;2022;21:20;5;93;2;1;1;3;48,9151288602;2,4840430755
202200002706;16;9;2022;20:00;5;93;2;3;1;1;48,9441700254;2,4724173546
202200002707;16;9;2022;13:40;1;92;2;1;1;7;48,8142900000;2,2788300000
202200002708;16;9;2022;05:00;5;92;2;3;1;6;48,8391876020;2,2057473063
202200002709;16;9;2022;21:45;5;92;2;2;1;3;48,8968768532;2,2240231410
202200002710;15;9;2022;18:25;1;92;2;3;1;6;48,9131260000;2,2258450000
202200002711;15;9;2022;14:40;1;92;2;1;1;3;48,9186860000;2,2526860000
202200002712;16;9;2022;18:56;2;92;2;2;1;2;48,8979540000;2,3112750000
202200002713;16;9;2022;18:50;1;92;1;1;1;5;48,9125352432;2,3113312572
202200002714;16;9;2022;08:15;1;92;1;1;1;3;48,9081984949;2,2926326394
202200002715;17;9;2022;05:30;3;47;1;1;1;6;44,6347400000;0,7337970000
202200002716;17;9;2022;16:00;1;47;1;1;1;6;44,1322106572;0,6740008711
202200002717;6;7;2022;18:10;1;10;1;1;7;5;48,2039688033;4,7579383850
202200002718;16;9;2022;21:40;4;66;1;1;1;6;42,7044572800;2,8655219078
202200002719;17;9;2022;02:30;3;84;1;1;1;6;43,9950950000;4,9562420000
202200002720;6;7;2022;00:00;3;07;1;1;1;7;44,8633220000;4,5657740000
202200002721;16;9;2022;14:46;1;84;1;1;1;3;44,1606260000;5,1468800000
202200002722;17;9;2022;09:15;1;77;1;1;1;5;48,8752300000;2,8736330000
202200002723;5;7;2022;15:00;1;53;1;1;1;7;48,3560090000; -0,7656320000
202200002724;17;9;2022;10:15;1;71;1;1;8;3;46,7129290000;4,8403570000
202200002725;5;7;2022;21:45;3;53;1;1;1;3;48,2028960000; -0,8156810000
202200002726;17;9;2022;18:50;1;85;1;1;1;1;46,8251570000; -1,1365490000
202200002727;6;7;2022;18:38;1;04;2;1;1;7;44,0436740000;5,6333260000
202200002728;17;9;2022;10:35;1;87;2;3;1;1;45,9292630000;1,1659080000
202200002729;17;9;2022;10:25;1;87;2;8;1;7;45,7783510000;1,2052610000
202200002730;5;7;2022;02:05;5;04;2;1;1;6;43,7545120000;5,8907750000
202200002731;16;9;2022;22:19;3;37;1;1;1;6;47,3139230000;0,7570270000
202200002732;15;9;2022;16:30;1;62;2;1;1;6;50,3097290000;2,6811980000
202200002733;16;9;2022;21:25;3;66;1;4;6;3;42,6560230000;2,9259900000
202200002734;17;9;2022;14:42;1;57;2;1;1;6;48,6459850000;7,2771660000
202200002735;3;7;2022;19:15;1;85;2;4;1;3;46,6907600000; -1,1308360000
202200002736;17;9;2022;06:10;2;62;2;4;9;6;50,1105300000;3,0366790000
202200002737;6;7;2022;07:00;1;08;2;1;7;6;49,6316500000;5,1680400000
202200002738;6;7;2022;09:55;1;06;1;1;1;1;43,6270070000;7,0529760000
202200002739;6;7;2022;08:45;1;72;1;1;1;6;48,0323762274;0,0030434129
202200002740;6;7;2022;07:10;1;76;1;1;1;2;49,3443760000;1,0492590000
202200002741;4;7;2022;16:30;1;77;1;1;1;2;48,4258330000;2,5402880000
202200002742;2;7;2022;14:47;1;988;1;1;1;7; -20,8282300000;167,2341660000
202200002743;30;6;2022;18:00;2;973;1;1;2;2;5,5984500000; -53,7063870000
202200002744;5;7;2022;19:30;5;973;2;1;1;3;5,4844645363; -54,0281935036
202200002745;6;7;2022;02:00;3;977;2;1;8;3;17,9045810000; -62,8320110000
202200002746;5;7;2022;19:10;1;45;2;1;1;6;48,1181880480;2,2105184197
202200002747;3;7;2022;01:00;3;78;1;1;1;7;48,6010130000;1,8654760000
202200002748;6;7;2022;15:30;1;34;1;1;1;5;43,4157330000;3,5457350000
202200002749;6;7;2022;09:30;1;83;2;3;1;3;43,4454140000;6,6375610000
202200002750;4;7;2022;12:10;1;06;2;1;1;3;43,6793640000;7,3333790000
202200002751;5;7;2022;18:30;1;13;1;3;1;3;43,7871670000;4,9455210000
202200002752;6;7;2022;06:15;1;13;2;1;1;3;43,7813660000;4,8317740000
202200002753;6;7;2022;13:15;1;13;1;1;1;1;43,5948220000;4,6494910000
202200002754;6;7;2022;16:00;1;13;1;1;1;1;43,4440000000;5,4376210000
202200002755;5;7;2022;15:15;1;71;1;1;1;7;46,2724840000;4,1133610000
202200002756;5;7;2022;13:30;1;71;1;9;1;3;46,6469910000;4,8997200000
202200002757;5;7;2022;17:45;1;21;1;1;1;1;47,0800520000;4,7825830000
202200002758;5;7;2022;13:45;1;03;1;1;1;6;46,5423330000;3,6980040000
202200002759;5;7;2022;17:15;1;63;2;1;1;3;45,7990540000;3,2556410000
202200002760;5;7;2022;18:50;1;73;2;2;1;3;45,6250460000;5,9003020000
202200002761;6;7;2022;07:30;1;26;1;3;1;3;45,0278900000;5,1968340000
202200002762;5;7;2022;15:45;1;69;2;1;1;3;45,8556470000;4,6926200000
202200002763;5;7;2022;17:30;1;33;2;2;1;3;44,6076940000; -0,7708450000
202200002764;5;7;2022;11:30;1;50;1;5;1;3;49,6788440000; -1,9088960000
202200002765;6;7;2022;15:10;1;35;2;3;1;6;47,7221560000; -1,7326690000
202200002766;3;7;2022;19:30;1;27;1;1;1;2;48,9372720000;0,9768120000
202200002767;5;7;2022;20:27;1;60;2;1;7;2;49,3866890000;2,3841190000
202200002768;5;7;2022;21:45;2;60;1;1;1;1;49,2066020000;2,0628210000
202200002769;5;7;2022;17:00;1;60;2;3;1;7;49,2977450000;1,8716240000
202200002770;5;7;2022;12:00;1;62;2;7;7;6;50,6354480000;1,5796390000
202200002771;5;7;2022;21:30;1;59;2;1;1;6;50,0588730000;3,1227140000
202200002772;6;7;2022;21:00;1;59;2;6;1;3;50,5768260000;3,1941410000
202200002773;5;7;2022;20:26;1;13;1;1;1;2;43,2777000000;5,5864000000
202200002774;4;7;2022;16:21;1;13;1;1;1;2;43,2888436964;5,4247172177
202200002775;4;7;2022;08:20;1;13;1;1;1;7;43,2890940860;5,5596121908
202200002776;3;7;2022;23:15;3;13;1;1;1;4;43,2927900000;5,4544500000
202200002777;5;7;2022;10:15;1;91;1;1;1;6;48,5962000000;2,4421700000
202200002778;4;7;2022;18:30;1;91;1;1;1;3;48,5874300000;2,4498500000
202200002779;4;7;2022;20:15;1;94;1;1;1;4;48,7722202322;2,3457574536
202200002780;5;7;2022;09:50;1;91;1;1;1;4;48,7258500000;2,3131400000
202200002781;5;7;2022;07:50;1;91;1;1;1;2;48,6715500000;2,3460100000
202200002782;5;7;2022;07:20;1;94;1;1;1;4;48,7571668131;2,3355898841
202200002783;4;7;2022;17:00;1;91;1;1;1;4;48,7399300000;2,3202500000
202200002784;5;7;2022;18:40;1;92;1;1;1;4;48,8484428933;2,2412597537
202200002785;5;7;2022;08:15;1;78;1;1;1;2;48,9219050000;2,0020070000
202200002786;5;7;2022;17:45;1;95;1;1;1;4;49,0377100000;2,1231200000
202200002787;5;7;2022;15:50;1;92;1;1;1;3;48,9309792515;2,3233129103
202200002788;5;7;2022;00:10;3;93;1;1;1;3;48,9581900000;2,5273000000
202200002789;5;7;2022;19:45;1;77;1;1;1;3;48,9689100000;2,6011500000
202200002790;5;7;2022;15:20;1;77;1;1;1;5;48,8366222215;2,6649838163
202200002791;5;7;2022;09:50;1;77;1;1;1;3;48,8322724632;2,5993101225
202200002792;4;7;2022;16:40;1;94;1;1;1;2;48,8179097928;2,4115495449
202200002793;4;7;2022;07:00;1;77;1;1;1;6;48,8299562502;2,6210469540
202200002794;3;7;2022;11:50;1;83;2;1;1;3;43,1141700000;5,9393800000
202200002795;4;7;2022;19:10;1;77;2;9;7;6;48,8545300000;2,7828900000
202200002796;4;7;2022;14:00;1;94;2;2;1;3;48,8368300000;2,4203400000
202200002797;4;7;2022;09:00;1;93;2;1;1;6;48,9072712740;2,3322574497
202200002798;5;5;2022;21:35;1;78;2;6;1;3;48,9334360000;2,0430760000
202200002799;30;4;2022;17:30;1;63;2;1;1;6;45,7651200000;3,0891700000
202200002800;22;4;2022;12:54;1;92;2;2;1;6;48,9030957461;2,3093700260
202200002801;3;7;2022;18:49;5;987;2;2;1;3; -17,5318070000; -149,5431540000
202200002802;4;7;2022;11:55;1;973;2;1;1;7;4,9345700000; -52,3139700000
202200002803;4;7;2022;12:30;1;69;2;1;1;6;45,7297028258;4,8683273792
202200002804;4;7;2022;14:15;1;69;2;2;1;2;45,7699000000;4,8570000000
202200002805;4;7;2022;12:50;1;69;2;1;1;6;45,7741687245;4,8480309714
202200002806;4;7;2022;16:50;1;972;1;1;1;7;14,5959500000; -61,0593000000
202200002807;4;7;2022;18:30;1;2B;2;1;1;3;42,6856000000;9,4464300000
202200002808;4;7;2022;19:30;5;971;2;1;1;6;16,2512300000; -61,5277400000
202200002809;4;7;2022;05:40;1;971;1;1;1;1;16,2176900000; -61,4308000000
202200002810;13;6;2022;13:40;1;95;2;2;7;3;49,0118200000;2,3050200000
202200002811;4;7;2022;10:55;1;91;2;1;1;6;48,6974000000;2,2934900000
202200002812;4;7;2022;18:00;1;91;2;1;1;6;48,4410100000;2,1472600000
202200002813;4;7;2022;08:50;1;91;1;9;1;7;48,4341060000;2,1879050000
202200002814;1;7;2022;18:37;1;87;2;1;1;3;45,8479200000;1,2620200000
202200002815;1;7;2022;16:22;1;87;2;3;1;3;45,8101600000;1,2568800000
202200002816;3;7;2022;16:00;1;83;2;1;1;1;43,4922560000;6,4855610000
202200002817;4;7;2022;17:55;1;81;2;1;1;6;43,5960300000;2,2261000000
202200002818;1;7;2022;20:00;1;80;2;1;1;3;49,9105800000;2,3136300000
202200002819;4;7;2022;17:00;1;78;2;2;1;6;48,9261900000;2,0483600000
202200002820;4;7;2022;15:40;1;76;2;2;1;6;49,4466100000;1,1056900000
202200002821;4;7;2022;14:55;1;76;2;1;1;2;49,4540300000;1,1049800000
202200002822;3;7;2022;19:18;1;76;2;2;1;3;49,5133390000;0,1694200000
202200002823;3;7;2022;06:30;2;72;2;9;1;6;48,0240675023;0,1821398733
202200002824;4;7;2022;13:45;1;71;2;6;1;3;46,6436700000;4,3328500000
202200002825;3;7;2022;08:15;1;71;2;3;1;6;46,6767460000;4,3644120000
202200002826;4;7;2022;12:15;1;69;1;2;1;2;45,7150600000;4,9255500000
202200002827;4;7;2022;10:30;1;69;2;3;1;1;45,9879373999;4,7355231643
202200002828;3;7;2022;22:52;5;67;2;1;1;2;48,6012200000;7,7544700000
202200002829;2;7;2022;21:00;1;67;2;3;1;3;48,5950600000;7,7101100000
202200002830;1;7;2022;22:00;5;67;2;3;1;3;48,5775500000;7,7531300000
202200002831;1;7;2022;19:00;1;67;2;3;1;3;48,5564900000;7,6811700000
202200002832;1;7;2022;17:54;1;66;2;3;1;3;42,7012000000;2,9433300000
202200002833;3;7;2022;02:20;5;64;2;2;1;3;43,4807600000; -1,5453500000
202200002834;5;7;2022;03:05;5;64;2;1;1;7;43,5070680000; -1,4859410000
202200002835;2;7;2022;13:10;1;64;2;1;1;2;43,5264300000; -1,5118600000
202200002836;1;7;2022;14:09;1;63;2;2;1;3;45,7929500000;3,1162500000
202200002837;16;6;2022;16:00;1;62;2;3;1;6;50,2877200000;2,7792300000
202200002838;4;7;2022;17:40;1;59;2;4;1;6;50,6159650000;3,0368160000
202200002839;4;7;2022;08:40;1;59;2;1;1;3;50,6559600000;3,1331600000
202200002840;3;7;2022;05:30;2;59;2;1;1;1;50,3770085701;3,0570852757
202200002841;3;7;2022;01:20;3;56;1;1;1;6;47,7330100000; -3,4039500000
202200002842;2;7;2022;18:25;1;56;2;1;1;2;47,7279700000; -3,3844600000
202200002843;4;7;2022;22:25;5;54;2;1;1;6;48,6666243043;6,1766391993
202200002844;4;7;2022;07:20;1;54;2;1;1;6;48,6770200000;6,2080100000
202200002845;3;7;2022;22:20;2;51;1;9;1;3;49,0691800000;3,9318700000
202200002846;1;7;2022;14:15;1;44;2;1;1;2;47,2540000000; -2,2603100000
202200002847;4;7;2022;22:50;5;44;2;1;1;3;47,2035490000; -1,4903630000
202200002848;4;7;2022;12:40;1;35;2;1;1;2;48,1045700000; -1,7189800000
202200002849;4;7;2022;08:00;1;35;2;6;1;2;48,0814454608; -1,6756014526
202200002850;1;7;2022;18:20;1;34;1;1;1;7;43,3089600000;3,2101500000
202200002851;4;7;2022;21:25;5;33;2;8;1;3;44,8375962478; -0,5737969279
202200002852;4;7;2022;08:40;1;33;2;1;2;6;44,6131700000; -1,1281050000
202200002853;4;7;2022;21:35;1;31;2;1;1;6;43,6087500000;1,4532000000
202200002854;4;7;2022;11:00;1;13;2;1;1;4;43,4236300000;5,2416600000
202200002855;4;7;2022;07:40;1;13;1;1;1;2;43,6218818686;5,0988181636
202200002856;4;7;2022;16:30;1;13;2;2;1;5;43,2690000000;5,4210000000
202200002857;4;7;2022;07:25;1;13;2;1;1;2;43,3380000000;5,4790000000
202200002858;2;5;2022;15:34;1;13;2;1;1;1;43,3784116037;5,3604059725
202200002859;1;7;2022;21:14;1;03;2;1;1;6;46,1149100000;3,4152500000
202200002860;4;7;2022;09:10;1;75;2;1;1;3;48,8642390000;2,2666410000
202200002861;3;7;2022;23:19;5;75;2;1;1;5;48,8237130000;2,3089650000
202200002862;4;7;2022;12:30;1;75;2;3;1;3;48,8890130000;2,3042240000
202200002863;3;7;2022;04:30;2;75;2;1;1;6;48,8841400000;2,3184090000
202200002864;30;6;2022;19:20;1;75;2;1;1;3;48,8870350000;2,2902900000
202200002865;4;7;2022;09:45;1;75;2;2;1;6;48,8505070000;2,4064080000
202200002866;3;7;2022;22:45;5;75;2;2;1;3;48,8645560000;2,4073410000
202200002867;4;7;2022;08:20;1;75;2;1;1;3;48,8806030000;2,3747140000
202200002868;4;7;2022;07:55;1;75;2;7;1;3;48,8875510000;2,3044830000
202200002869;4;7;2022;11:00;1;75;2;4;1;6;48,8481110000;2,2706290000
202200002870;4;7;2022;02:20;5;75;2;3;1;6;48,8432420000;2,3205000000
202200002871;4;7;2022;07:20;1;75;2;2;1;3;48,8375400000;2,3229380000
202200002872;3;7;2022;18:00;1;75;2;1;1;3;48,8349740000;2,3330050000
202200002873;4;7;2022;14:21;1;75;2;3;1;3;48,8360520000;2,3495450000
202200002874;4;7;2022;07:30;1;75;2;4;1;3;48,8317120000;2,3443750000
202200002875;3;7;2022;23:50;5;75;2;2;1;6;48,8303260000;2,3704310000
202200002876;4;7;2022;11:10;1;75;2;2;1;3;48,8547000000;2,3853210000
202200002877;4;7;2022;08:27;1;75;2;3;1;6;48,8761560000;2,3721460000
202200002878;4;7;2022;09:45;1;75;2;2;1;3;48,8616960000;2,3054570000
202200002879;4;7;2022;16:30;1;75;2;2;1;3;48,8670310000;2,3529740000
202200002880;4;7;2022;10:42;1;94;2;1;1;3;48,7958630000;2,4110490000
202200002881;4;7;2022;01:50;5;94;2;2;1;3;48,7949700000;2,3545300000
202200002882;4;7;2022;13:50;1;93;1;1;1;6;49,0090300000;2,5614400000
202200002883;4;7;2022;08:30;1;93;2;2;1;1;48,9600800000;2,5531200000
202200002884;4;7;2022;11:25;1;93;2;3;1;2;48,9141800000;2,3365000000
202200002885;4;7;2022;12:45;1;93;2;9;1;2;48,9114508152;2,3584105967
202200002886;4;7;2022;18:50;1;93;2;1;1;6;48,8852000000;2,5034600000
202200002887;4;7;2022;09:00;1;93;2;9;1;3;48,9486400000;2,3348300000
202200002888;4;7;2022;06:33;2;93;2;3;1;3;48,9278737695;2,4396794206
202200002889;4;7;2022;11:30;1;93;2;3;1;6;48,9268900000;2,4718800000
202200002890;4;7;2022;17:00;1;93;2;2;7;2;48,9532380000;2,5025720000
202200002891;1;7;2022;19:20;1;92;2;1;1;6;48,8130514636;2,2985630706
202200002892;4;7;2022;09:50;1;92;2;6;1;3;48,8616337394;2,2123766541
202200002893;4;7;2022;07:45;1;92;2;6;1;3;48,8548171793;2,2197578251
202200002894;4;7;2022;06:45;1;92;2;2;1;3;48,8864900000;2,1940500000
202200002895;4;7;2022;18:55;1;92;2;1;7;6;48,8161210150;2,3104253411
202200002896;4;7;2022;16:20;1;92;2;1;1;7;48,8116754440;2,3234686553
202200002897;3;7;2022;10:00;1;92;2;1;1;1;48,8073426664;2,2941822857
202200002898;4;7;2022;07:36;1;92;2;2;1;2;48,8315821096;2,2672103941
202200002899;4;7;2022;10:40;1;92;2;1;1;7;48,9376867574;2,2771509290
202200002900;4;7;2022;05:40;5;92;2;1;1;1;48,9432700000;2,3008600000
202200002901;2;7;2022;12:40;1;92;2;1;1;2;48,9133408252;2,2980285734
202200002902;1;7;2022;12:35;1;92;2;2;1;2;48,9384601981;2,2804345563
202200002903;4;7;2022;08:20;1;92;2;3;1;3;48,8950580134;2,2500520348
202200002904;4;7;2022;17:30;1;92;2;1;1;6;48,9044017958;2,3162502944
202200002905;3;7;2022;15:35;1;92;2;1;1;4;48,8346079992;2,2465446442
202200002906;3;7;2022;00:07;5;92;1;1;1;6;48,9080400000;2,2925400000
202200002907;5;7;2022;19:30;2;80;1;1;1;7;50,0453570000;2,5452700000
202200002908;5;7;2022;07:10;1;38;2;4;1;3;45,5080990000;4,9178140000
202200002909;3;7;2022;16:30;1;17;1;9;1;6;46,1064280000; -1,0974610000
202200002910;4;7;2022;20:30;1;40;2;6;1;7;43,6700560000; -1,3824270000
202200002911;2;7;2022;17:45;1;40;2;3;1;3;43,6585190000; -1,3714720000
202200002912;5;7;2022;12:05;1;84;2;1;1;6;44,1783553424;4,7601681084
202200002913;3;7;2022;12:04;1;68;1;9;1;3;47,8265250000;7,5459000000
202200002914;30;6;2022;08:50;1;84;1;6;1;2;44,1573050000;4,8637570000
202200002915;5;7;2022;09:00;1;50;1;2;1;7;49,0509690000; -1,0983220000
202200002916;5;7;2022;06:42;2;62;2;1;1;6;50,3146050000;2,5364500000
202200002917;7;8;2022;09:30;1;988;1;9;1;6; -20,9371200000;165,3657400000
202200002918;5;8;2022;23:30;3;971;1;1;3;6;16,2556310000; -61,2441020000
202200002919;7;8;2022;06:30;1;66;1;1;1;6;42,7717180000;2,8473990000
202200002920;5;8;2022;12:25;1;30;1;1;1;7;44,1242400000;3,4579250000
202200002921;6;8;2022;07:50;2;34;1;1;1;7;43,3760440000;2,7776530000
202200002922;2;8;2022;19:15;1;34;1;1;1;2;43,8828950000;3,7030600000
202200002923;7;8;2022;18:30;1;71;1;1;1;1;46,6642560000;4,9458270000
202200002924;8;8;2022;18:30;1;68;1;1;1;7;48,2132420000;7,3383840000
202200002925;6;8;2022;19:30;1;74;2;1;1;6;46,0659660000;6,3137000000
202200002926;8;8;2022;15:00;1;42;2;1;1;5;45,7424830000;4,2119800000
202200002927;8;8;2022;10:55;1;65;1;1;1;7;42,9242200000;0,2033110000
202200002928;7;8;2022;17:10;1;31;2;1;1;6;43,4657450000;1,3363360000
202200002929;7;8;2022;07:10;2;31;2;6;1;2;43,4764360000;1,3193570000
202200002930;6;8;2022;11:55;1;17;2;1;1;3;45,7621380000; -0,6142040000
202200002931;7;8;2022;16:30;1;17;2;9;1;3;45,8135890000; -1,1330080000
202200002932;7;8;2022;01:00;5;33;2;1;1;7;44,7478000000; -0,5912390000
202200002933;8;8;2022;16:30;1;44;2;1;1;7;47,2356260000; -1,4767650000
202200002934;7;8;2022;19:00;2;56;1;3;1;1;48,0251040000; -2,8410230000
202200002935;8;8;2022;18:30;1;76;2;1;1;6;49,5363710000;0,9605100000
202200002936;5;8;2022;19:00;1;59;2;1;1;6;50,6988910000;2,7789460000
202200002937;7;8;2022;06:30;2;13;2;1;1;2;43,2962100000;5,4248100000
202200002938;7;8;2022;06:35;2;13;1;1;1;2;43,3987438854;5,0861862301
202200002939;6;8;2022;11:55;1;13;1;1;1;2;43,3615400000;5,3615600000
202200002940;7;8;2022;11:20;1;91;1;1;1;4;48,7143400000;2,2739900000
202200002941;6;8;2022;03:23;3;91;1;1;1;6;48,6251200000;2,3655900000
202200002942;6;8;2022;22:43;5;92;1;1;1;6;48,8843014277;2,1656397422
202200002943;7;8;2022;12:25;1;93;1;1;1;2;48,9279701620;2,4181916762
202200002944;7;8;2022;05:30;3;95;1;1;1;6;49,0685147303;2,3858517408
202200002945;7;8;2022;02:35;3;92;1;1;1;2;48,9378886633;2,2976672190
202200002946;13;2;2022;18:34;5;60;2;6;1;6;49,3839360000;2,4136140000
202200002947;6;8;2022;10:50;1;32;1;1;1;6;43,6356600000;0,5926300000
202200002948;5;8;2022;07:35;1;52;2;4;1;6;48,1086200000;5,1362400000
202200002949;5;8;2022;21:05;1;29;2;1;1;6;48,3996400000; -4,4891700000
202200002950;5;8;2022;17:00;1;976;2;1;1;6; -12,7742300000;45,2227100000
202200002951;5;8;2022;16:00;1;974;1;1;1;6; -21,2966300000;55,4172400000
202200002952;5;8;2022;16:45;1;974;2;3;1;5; -20,9482800000;55,3031600000
202200002953;6;8;2022;02:15;5;69;2;1;1;1;45,7461300000;4,8498000000
202200002954;6;8;2022;05:30;2;972;1;1;3;6;14,6145000000; -61,0499800000
202200002955;6;8;2022;13:15;1;971;1;1;2;3;16,2761236870; -61,5017223358
202200002956;6;8;2022;13:55;1;2A;2;1;1;2;41,9365067816;8,7426071763
202200002957;7;8;2022;01:03;5;91;2;1;1;7;48,7132800000;2,3964200000
202200002958;6;8;2022;19:17;1;91;2;1;1;6;48,6545000000;2,3937700000
202200002959;6;8;2022;19:00;1;91;2;1;1;3;48,6918500000;2,3634800000
202200002960;6;8;2022;14:55;1;91;2;1;1;4;48,6992200000;2,3718600000
202200002961;5;8;2022;14:30;1;86;2;2;1;3;46,5921800000;0,3824700000
202200002962;6;8;2022;03:00;5;83;2;1;1;7;43,1499800000;5,9811000000
202200002963;6;8;2022;04:00;3;83;1;1;1;2;43,1379100000;6,0244400000
202200002964;2;8;2022;14:10;1;83;2;1;1;3;43,0863700000;5,8809200000
202200002965;6;8;2022;09:05;1;83;2;1;1;3;43,1106060000;6,1241910000
202200002966;6;8;2022;17:35;1;82;2;3;1;3;44,0027000000;1,3666700000
202200002967;6;8;2022;19:40;1;69;2;9;1;6;45,7010118189;4,9188512565