Accident_Id;jour;mois;an;hrmn;lum;dep;agg;int;atm;col;lat;long
202200003627;22;3;2022;17:20;1;26;2;1;1;2;44,5536000000;4,7448000000
202200003628;8;3;2022;14:30;1;91;2;1;1;6;48,6094000000;2,4741900000
202200003629;3;6;2022;04:56;5;51;2;6;1;3;49,2870400000;4,0275300000
202200003630;4;11;2022;16:40;1;74;2;6;1;3;46,2048400000;6,2811100000
202200003631;2;5;2022;03:02;3;91;1;1;1;2;48,7122300000;2,3079500000
202200003632;21;3;2022;16:00;1;25;2;1;1;3;46,8995500000;6,3515600000
202200003633;13;12;2022;13:31;1;11;2;1;1;6;43,1850583000;2,9997088000
202200003634;4;3;2022;16:45;1;91;2;1;1;5;48,6090800000;2,4639000000
202200003635;4;6;2022;22:40;5;51;2;6;1;3;49,0436800000;3,9568200000
202200003636;1;5;2022;03:08;3;91;1;1;1;2;48,6129110000;2,4500940000
202200003637;18;3;2022;13:35;1;22;2;1;1;7;48,4996080000; -2,7094620000
202200003638;27;7;2022;22:10;5;67;2;1;1;6;48,5971400000;7,6993700000
202200003639;22;11;2022;22:00;3;974;2;1;1;7; -20,9344600000;55,3059600000
202200003640;2;6;2022;17:25;1;51;2;1;1;7;49,0367402446;3,9641641080
202200003641;2;5;2022;17:55;1;92;1;1;1;4;48,8393556642;2,2156693339
202200003642;18;3;2022;14:30;1;19;2;5;1;3;45,1651400000;1,5320600000
202200003643;23;11;2022;06:50;1;973;1;1;3;6;4,8985200000; -52,3271700000
202200003644;2;5;2022;10:25;1;93;1;1;1;7;48,9133400000;2,4771900000
202200003645;4;6;2022;09:40;1;50;1;9;1;3;48,8592600000; -1,5746000000
202200003646;6;12;2022;17:15;2;60;2;1;1;3;49,3977382691;2,7873655557
202200003647;22;3;2022;19:40;5;13;2;1;1;6;43,3195810832;5,4331701173
202200003648;2;5;2022;07:30;1;93;1;1;9;3;48,9085900000;2,4499300000
202200003649;22;12;2022;13:00;1;13;1;6;1;7;43,4484243660;4,8380053008
202200003650;24;5;2022;08:00;1;50;1;1;1;1;48,8270200000; -1,5615700000
202200003651;1;5;2022;03:00;3;93;1;1;1;6;48,9709300000;2,4999200000
202200003652;7;11;2022;20:42;5;75;2;2;1;3;48,8605710000;2,3493890000
202200003653;22;3;2022;17:10;1;13;2;1;1;2;43,3616700000;5,3026200000
202200003654;2;6;2022;11:40;1;50;2;1;1;2;49,6337600000; -1,6203100000
202200003655;23;11;2022;15:35;1;69;2;2;2;3;45,7450693328;4,8664122820
202200003656;12;3;2022;06:46;1;93;2;1;1;1;48,9237830000;2,4140150000
202200003657;2;5;2022;13:50;1;94;1;1;1;2;48,8270100000;2,5110500000
202200003658;21;3;2022;23:40;3;11;2;1;1;6;43,2287100000;2,3384100000
202200003659;1;6;2022;17:05;1;50;2;2;1;3;49,6674100000; -1,6966800000
202200003660;23;11;2022;10:00;1;69;2;2;2;3;45,7439400000;4,8632200000
202200003661;2;5;2022;00:30;3;77;1;1;1;2;48,7775361133;2,6141757140
202200003662;22;3;2022;17:15;1;06;2;1;1;3;43,6813660000;6,9671830000
202200003663;3;6;2022;16:31;1;49;2;1;1;3;47,4486600000; -0,5384500000
202200003664;5;1;2022;23:00;5;59;2;1;1;3;50,6366680000;3,0617680000
202200003665;23;11;2022;08:45;1;69;2;4;8;3;45,7737300000;4,8496200000
202200003666;22;3;2022;08:40;1;06;2;1;1;6;43,6579600000;6,9215400000
202200003667;5;1;2022;15:45;1;59;2;1;1;6;50,7743955970;3,1280538440
202200003668;2;6;2022;17:14;1;49;2;1;1;3;47,4729200000; -0,5907500000
202200003669;21;3;2022;09:10;1;06;2;1;1;6;43,5730300000;7,0032400000
202200003670;10;11;2022;19:10;4;972;1;6;1;3;14,6185000000; -61,0315400000
202200003671;30;10;2022;19:25;3;38;1;1;1;4;45,1978257723;5,7007551830
202200003672;4;6;2022;17:30;1;47;2;2;1;3;44,1921100000;0,6154000000
202200003673;27;4;2022;16:40;1;94;1;1;1;5;48,8354458972;2,5387118132
202200003674;5;6;2022;06:05;2;46;2;1;8;-1;44,4525360000;1,4410930000
202200003675;19;11;2022;04:26;4;972;2;1;1;6;14,6102900000; -61,0486100000
202200003676;21;3;2022;16:15;1;06;2;3;1;3;43,6655920000;7,1865990000
202200003677;1;5;2022;21:05;5;974;2;9;9;7; -20,9123300000;55,4856100000
202200003678;24;9;2022;15:00;1;14;1;3;8;3;49,2443930000; -0,4603590000
202200003679;4;6;2022;12:10;1;45;2;1;1;6;47,9128500000;1,9128500000
202200003680;23;11;2022;07:10;2;69;2;1;1;2;45,7547051727;4,8325493932
202200003681;21;3;2022;10:40;1;05;2;1;1;2;44,5640000000;6,0939500000
202200003682;1;5;2022;13:50;1;974;1;1;1;3; -20,8942400000;55,4716700000
202200003683;7;11;2022;19:17;5;75;2;2;1;3;48,8976470000;2,3290430000
202200003684;7;11;2022;18:40;5;75;2;1;1;6;48,8976330000;2,3594590000
202200003685;23;11;2022;01:20;5;69;2;1;2;6;45,7710700000;4,8076800000
202200003686;3;6;2022;02:50;5;45;2;3;1;3;47,8984600000;1,9092500000
202200003687;1;5;2022;16:25;1;973;2;1;1;3;4,9326701305; -52,3186138272
202200003688;7;11;2022;12:40;1;75;2;3;1;2;48,8755230000;2,3642660000
202200003689;12;12;2022;17:25;5;62;2;1;1;1;50,7750350000;2,0239420000
202200003690;2;6;2022;20:12;1;45;2;6;1;3;47,8567066447;1,9029972553
202200003691;1;5;2022;05:30;5;973;2;3;2;3;4,9280100000; -52,3138300000
202200003692;22;12;2022;14:15;1;68;2;1;1;3;48,0851970000;7,3085220000
202200003693;1;5;2022;23:15;5;69;2;1;1;2;45,7535888734;4,8904274404
202200003694;15;11;2022;17:15;2;16;1;1;1;1;45,2830550000;0,0087550000
202200003695;17;3;2022;17:21;1;03;2;1;1;3;46,5806400000;3,3214900000
202200003696;2;6;2022;13:05;1;45;2;2;1;4;47,8794900000;1,9089500000
202200003697;1;5;2022;19:30;1;69;2;1;1;7;45,7249176257;4,8639003932
202200003698;11;12;2022;11:20;1;62;2;1;2;7;50,6472820000;2,3660560000
202200003699;23;11;2022;19:35;5;95;2;1;2;6;48,9748100000;2,4121000000
202200003700;5;1;2022;15:20;1;59;2;1;1;3;50,6294062024;3,0363196135
202200003701;4;6;2022;15:40;1;44;2;1;2;6;47,2242500000; -1,6277400000
202200003702;1;5;2022;18:40;1;69;2;2;1;6;45,7682700000;4,8554500000
202200003703;22;9;2022;19:26;1;73;2;6;1;6;45,6860213537;5,9133484013
202200003704;2;1;2022;17:10;2;59;1;1;2;6;50,3606810000;3,2620640000
202200003705;3;6;2022;20:45;1;44;2;1;1;1;47,2134700000; -1,6117100000
202200003706;1;5;2022;19:00;1;69;2;2;1;3;45,7224501980;4,8847510099
202200003707;2;1;2022;13:42;1;59;1;1;1;1;50,4004260000;3,4469720000
202200003708;2;6;2022;09:15;1;44;2;1;1;3;47,2095100000; -1,5657400000
202200003709;1;5;2022;12:10;1;69;2;2;1;3;45,7651800000;4,8636100000
202200003710;29;12;2022;14:12;1;972;2;1;1;3;14,6103200000; -61,0497500000
202200003711;21;3;2022;19:35;5;75;2;1;1;2;48,8696430000;2,4132670000
202200003712;30;4;2022;01:25;3;44;1;1;1;6;47,2599590000; -1,6191020000
202200003713;13;7;2022;20:00;1;45;2;1;1;2;47,7992980000;1,6247430000
202200003714;1;5;2022;10:30;1;69;2;2;1;3;45,7311800000;4,8725900000
202200003715;23;11;2022;13:15;1;95;2;1;1;6;48,9756920000;2,3280180000
202200003716;12;12;2022;18:15;4;26;2;4;8;3;45,1781850000;4,8132050000
202200003717;1;5;2022;14:20;1;972;1;1;1;7;14,6053800000; -61,0031800000
202200003718;3;6;2022;16:15;1;43;2;9;1;6;45,0452000000;3,8801200000
202200003719;2;5;2022;01:00;5;69;2;4;1;6;45,7451100000;4,8804600000
202200003720;20;5;2022;10:25;1;42;2;1;1;6;45,4839100000;4,5356500000
202200003721;17;12;2022;17:30;2;987;1;1;1;2; -17,7560000000; -148,7360000000
202200003722;21;3;2022;08:55;1;75;2;1;1;2;48,8177210000;2,3339990000
202200003723;26;9;2022;19:10;2;70;1;1;2;6;47,6298500000;6,1670900000
202200003724;1;5;2022;10:30;1;69;2;3;1;3;45,7695300000;4,8350000000
202200003725;4;6;2022;01:30;4;42;1;1;1;6;45,4743400000;4,4303000000
202200003726;30;12;2022;06:05;5;54;2;1;1;3;48,6910376878;6,1808918417
202200003727;23;11;2022;13:30;1;91;2;1;1;2;48,6864500000;2,4043200000
202200003728;1;5;2022;19:54;1;2A;1;1;1;2;41,9286800000;8,7665000000
202200003729;3;6;2022;02:40;5;42;1;3;1;6;45,4716400000;4,4238900000
202200003730;25;3;2022;16:30;1;971;1;1;1;2;16,2518800000; -61,5194500000
202200003731;24;4;2022;16:55;1;95;2;1;1;1;49,0229500000;2,3865600000
202200003732;2;6;2022;09:20;1;42;2;1;1;6;46,0344670000;4,0721120000
202200003733;1;5;2022;17:22;1;95;2;1;1;6;48,9879315747;2,3542660475
202200003734;23;11;2022;13:10;1;91;2;3;2;3;48,7052000000;2,4256800000
202200003735;5;6;2022;16:30;1;42;1;9;1;7;45,4034099351;4,2922653258
202200003736;21;3;2022;23:55;5;75;2;1;1;4;48,8500380000;2,4153270000
202200003737;6;10;2022;19:45;1;87;2;1;1;3;45,8272400000;1,2652000000
202200003738;30;4;2022;17:45;1;91;2;1;1;2;48,7098070000;2,3595900000
202200003739;30;5;2022;23:00;5;38;2;7;1;6;45,1884300000;5,7244700000
202200003740;21;11;2022;17:40;2;87;2;2;3;6;45,8331900000;1,2533500000
202200003741;28;2;2022;11:10;1;59;2;3;2;7;50,7044520000;3,1709370000
202200003742;22;3;2022;14:15;1;75;2;1;1;6;48,8529441207;2,3414578289
202200003743;1;5;2022;11:55;1;85;1;9;1;6;46,6856500000; -1,4451950000
202200003744;14;12;2022;12:20;1;87;2;1;2;7;45,8855300000;1,2660600000
202200003745;18;11;2022;16:02;1;84;2;1;1;5;43,8298100000;5,0548800000
202200003746;29;12;2022;08:00;3;62;2;9;2;7;50,7329200000;1,6734800000
202200003747;22;3;2022;07:30;1;75;2;5;1;3;48,8384715071;2,3507671058
202200003748;1;5;2022;02:10;5;83;2;2;1;3;43,1273166707;5,9185588360
202200003749;5;6;2022;14:53;1;37;2;3;1;2;47,3968712977;0,7286220789
202200003750;23;11;2022;22:00;5;83;2;3;1;3;43,1114000000;5,8730600000
202200003751;15;12;2022;17:30;5;45;2;1;2;6;48,0077920000;2,7200350000
202200003752;22;3;2022;13:34;1;75;2;1;1;6;48,8520431429;2,4024304748
202200003753;29;12;2022;14:45;1;14;1;6;1;7;49,1451000000; -0,3386000000
202200003754;23;11;2022;19:25;5;77;2;6;8;1;48,8520000000;2,7785700000
202200003755;4;6;2022;15:20;1;37;2;1;6;6;47,3703364404;0,6759354472
202200003756;22;3;2022;20:30;5;75;2;2;1;6;48,8897020000;2,3681240000
202200003757;21;12;2022;17:35;3;45;1;1;2;6;47,9019080000;2,6440360000
202200003758;30;4;2022;15:55;1;83;1;1;1;4;43,1208154508;5,9511816502
202200003759;23;11;2022;11:00;1;77;2;1;3;6;48,8650000000;2,6770000000
202200003760;22;3;2022;16:50;1;75;2;5;1;7;48,8801530000;2,3756950000
202200003761;3;6;2022;12:26;1;37;2;9;1;6;47,3936000000;0,6897600000
202200003762;7;12;2022;17:00;1;56;2;3;1;5;47,7850370000; -3,3372310000
202200003763;22;4;2022;08:55;1;83;2;9;1;3;43,0974397372;5,8121339679
202200003764;22;3;2022;18:15;1;75;2;2;1;6;48,8786490000;2,2942230000
202200003765;24;12;2022;15:30;1;63;1;1;1;6;45,5929931962;3,2253064462
202200003766;3;6;2022;11:35;1;37;2;1;1;3;47,3790474155;0,6935676187
202200003767;23;11;2022;20:45;5;76;2;3;2;1;49,9218268023;1,0931643248
202200003768;24;12;2022;12:25;1;13;2;1;1;3;43,3691700000;5,6310730000
202200003769;22;3;2022;13:15;1;75;2;3;1;3;48,8847750279;2,2985646129
202200003770;22;11;2022;12:05;1;72;2;1;1;6;47,9680800000;0,2189100000
202200003771;29;10;2022;20:25;3;33;1;1;1;1;45,3704220000; -0,9160920000
202200003772;30;4;2022;10:25;1;77;2;6;1;1;48,2634300000;2,6790000000
202200003773;22;3;2022;17:10;1;75;2;4;1;6;48,8356070000;2,3027550000
202200003774;2;6;2022;08:05;1;37;1;1;1;4;47,3407348069;0,6590777636
202200003775;3;12;2022;19:35;3;33;2;1;2;6;44,7145100000; -1,0439800000
202200003776;21;11;2022;18:00;5;72;2;1;1;5;48,0308600000;0,2047100000
202200003777;31;12;2022;16:30;1;14;1;1;1;6;49,2593230000; -0,2369300000
202200003778;1;5;2022;23:40;5;74;2;1;1;6;45,9007820000;6,1013670000
202200003779;22;3;2022;15:20;1;75;2;2;1;6;48,8456560000;2,2879960000
202200003780;26;12;2022;15:00;1;95;2;1;1;6;49,0229384933;2,1385735273
202200003781;18;11;2022;13:35;1;70;2;1;2;6;47,6325800000;6,1648200000
202200003782;5;6;2022;06:45;1;35;1;1;1;6;48,1406400000; -1,6882500000
202200003783;1;5;2022;18:15;1;69;2;1;1;2;45,7630048602;4,9196836352
202200003784;31;12;2022;16:25;1;88;1;1;1;6;47,9938900000;6,5719300000
202200003785;22;3;2022;15:15;1;75;2;1;1;6;48,8237230000;2,3272960000
202200003786;24;11;2022;00:02;5;69;2;1;2;2;45,7636730247;4,9114680289
202200003787;20;11;2022;04:30;4;26;1;1;1;6;44,5726900000;4,7399300000
202200003788;5;6;2022;03:00;5;35;2;2;2;3;48,1086699351; -1,6926361620
202200003789;22;3;2022;09:30;1;75;2;3;7;6;48,8256580000;2,3344550000
202200003790;1;5;2022;17:50;1;69;2;2;1;3;45,7758700000;4,8832700000
202200003791;6;11;2022;05:20;3;94;2;1;1;6;48,8345440000;2,4932980000
202200003792;23;11;2022;07:30;1;69;1;3;8;3;45,8525800000;4,9080900000
202200003793;15;12;2022;07:30;3;62;1;1;9;6;50,0972105340;3,0777840951
202200003794;21;3;2022;19:20;5;75;2;2;1;3;48,8330550000;2,3359970000
202200003795;5;6;2022;00:40;3;35;1;1;1;5;48,0923237509; -1,7074117810
202200003796;30;4;2022;19:10;1;69;2;2;1;3;45,9814465955;4,7348552942
202200003797;24;5;2022;17:00;1;2A;1;3;1;3;42,0458510000;8,9249750000
202200003798;4;6;2022;13:55;1;35;2;1;1;2;48,1150700000; -1,6872500000
202200003799;21;3;2022;17:00;1;75;2;5;1;2;48,8305100000;2,3192910000
202200003800;27;4;2022;19:30;1;67;2;2;7;1;48,8023300000;7,8127200000
202200003801;10;12;2022;16:25;1;88;1;4;1;3;47,9769430000;6,8330450000
202200003802;26;4;2022;18:06;1;59;2;1;1;6;50,6073692909;3,0433337688
202200003803;4;6;2022;00:20;5;35;2;2;1;6;48,1278900000; -1,6832200000
202200003804;21;3;2022;12:45;1;75;2;3;1;6;48,8356100000;2,3211910000
202200003805;16;12;2022;14:10;1;973;1;1;2;1;5,4576410000; -54,0409330000
202200003806;22;3;2022;04:40;5;75;2;1;1;6;48,8246042361;2,3571453989
202200003807;31;12;2022;05:00;3;54;1;1;2;2;48,6186000000;6,2437250000
202200003808;2;6;2022;23:00;3;35;2;1;1;3;48,1072200000; -1,7185900000
202200003809;1;5;2022;18:40;1;51;2;4;1;2;49,2392300000;4,0313300000
202200003810;17;1;2022;12:10;1;51;2;3;1;7;48,9538646385;4,3472450226
202200003811;21;3;2022;05:07;5;75;2;2;1;3;48,8486240000;2,3726090000
202200003812;2;6;2022;17:45;1;35;2;1;1;3;48,0969345047; -1,6931477934
202200003813;30;4;2022;23:45;5;51;2;1;1;3;49,0515600000;3,9552600000
202200003814;2;6;2022;16:25;1;35;2;1;1;6;48,1080102777; -1,6668312997
202200003815;21;3;2022;12:50;1;75;2;3;1;3;48,8514120000;2,3699130000
202200003816;25;12;2022;02:36;5;71;2;3;2;3;46,7878000000;4,8510500000
202200003817;1;5;2022;18:40;1;45;2;7;1;3;47,9066400000;1,9039300000
202200003818;2;6;2022;07:35;1;35;2;1;1;3;48,1064395484; -1,6932456940
202200003819;22;3;2022;08:50;1;75;2;3;1;2;48,8538190000;2,3815730000
202200003820;27;12;2022;16:55;1;48;2;3;1;7;44,5285500000;3,4729600000
202200003821;4;6;2022;21:30;1;35;2;1;1;6;48,3532190000; -1,2197410000
202200003822;30;4;2022;17:00;1;37;2;3;1;3;47,4197233144;0,6557276845
202200003823;4;6;2022;02:15;5;34;2;3;1;3;43,6048100000;3,8675700000
202200003824;1;5;2022;19:40;1;35;2;2;1;3;48,1122642936; -1,6870974004
202200003825;24;11;2022;18:30;3;42;2;4;8;3;45,4346900000;4,3367800000
202200003826;22;3;2022;07:45;1;75;2;4;1;3;48,8528091074;2,3884776235
202200003827;30;4;2022;20:05;1;33;2;2;1;3;44,8602469329; -0,5706335305
202200003828;3;6;2022;00:15;5;34;2;2;1;3;43,6089900000;3,8907100000
202200003829;30;12;2022;19:15;5;13;2;1;1;3;43,2869676424;5,5330244448
202200003830;22;3;2022;14:25;1;75;2;5;1;2;48,8785340000;2,3540600000
202200003831;30;4;2022;17:30;1;33;2;1;1;2;44,7820531252; -0,5660732388
202200003832;4;6;2022;03:00;5;33;2;2;1;3;44,8375500000; -0,5737900000
202200003833;21;12;2022;06:55;5;01;2;1;2;6;46,3452910000;5,3205590000
202200003834;22;3;2022;19:30;5;75;2;2;1;6;48,8710220000;2,3008990000
202200003835;29;12;2022;15:20;1;987;2;1;1;6; -17,5920000000; -149,3910000000
202200003836;3;6;2022;08:50;1;33;1;1;1;2;44,9057300000; -0,5352300000
202200003837;21;3;2022;21:10;5;75;2;2;1;6;48,8630420000;2,3524220000
202200003838;29;4;2022;13:20;1;29;2;6;1;3;48,0012610000; -4,1109350000
202200003839;22;3;2022;15:50;1;94;2;3;1;7;48,8167300000;2,3338600000
202200003840;2;6;2022;18:05;1;33;2;1;1;3;44,7939100000; -0,7018700000
202200003841;29;4;2022;16:35;1;27;1;1;1;2;49,2141500000;1,1803300000
202200003842;22;3;2022;15:00;1;94;2;9;1;6;48,7759400000;2,3575900000
202200003843;1;5;2022;18:22;1;18;2;1;7;6;47,0870000000;2,3874400000
202200003844;29;12;2022;20:03;3;87;1;1;2;2;45,8587600000;1,2841800000
202200003845;1;6;2022;19:40;1;33;2;2;1;3;44,7786952934; -0,5663435571
202200003846;18;12;2022;04:20;3;60;1;1;1;7;49,4439400000;2,7943300000
202200003847;22;3;2022;15:20;1;94;2;2;1;7;48,8018700000;2,4590000000
202200003848;4;6;2022;18:15;1;33;2;1;1;7;44,6547100000; -1,1464400000
202200003849;11;12;2022;02:50;5;59;2;1;1;6;50,6602000000;3,0431200000
202200003850;30;4;2022;17:14;1;18;2;6;1;3;47,0916100000;2,4220500000
202200003851;21;3;2022;17:45;1;94;2;1;1;6;48,7836271247;2,4646558501
202200003852;2;6;2022;01:35;3;33;1;6;2;6;44,5485600000; -1,1575300000
202200003853;1;11;2022;21:26;2;94;2;2;1;3;48,7947100000;2,4180300000
202200003854;1;5;2022;17:15;1;13;2;2;1;7;43,3112543993;5,3780662273
202200003855;21;3;2022;13:15;1;94;2;2;1;3;48,7877300000;2,4506400000
202200003856;3;6;2022;17:30;1;31;2;1;1;6;43,6226300000;1,4422200000
202200003857;24;12;2022;18:16;3;82;1;1;5;2;44,0030950000;0,9892850000
202200003858;26;4;2022;12:24;1;13;2;1;1;3;43,2865440958;5,5484905518
202200003859;30;12;2022;16:40;2;29;1;1;3;7;47,9977330000; -4,2100490000
202200003860;3;6;2022;07:20;1;31;1;1;1;6;43,5583800000;1,4012000000
202200003861;22;3;2022;20:00;5;94;2;1;1;3;48,7600500000;2,4119300000
202200003862;2;5;2022;01:15;5;06;2;1;2;6;43,7075600000;7,2201780000
202200003863;25;12;2022;15:15;1;69;1;1;1;2;45,7559200000;4,9086600000
202200003864;2;6;2022;20:50;1;31;2;3;1;3;43,5824607768;1,4143529534
202200003865;19;3;2022;12:35;1;94;2;1;1;5;48,7952800000;2,5623900000
202200003866;2;6;2022;10:20;1;31;2;1;1;6;43,1084100000;0,7207800000
202200003867;24;9;2022;13:15;1;73;2;1;8;6;45,6582915653;6,3716079540
202200003868;30;4;2022;15:40;1;01;2;2;1;5;46,2035881777;5,2424633503
202200003869;22;3;2022;10:00;1;93;2;1;1;6;48,8531200000;2,5143800000
202200003870;29;7;2022;00:01;4;73;2;1;1;1;45,6687706848;6,4014649987
202200003871;22;3;2022;20:00;5;93;2;2;1;6;48,9344423334;2,4529954791
202200003872;1;5;2022;18:40;1;75;2;1;1;2;48,9006169404;2,3317149368
202200003873;28;8;2022;04:10;5;70;2;6;1;6;47,6170700000;6,1339800000
202200003874;20;4;2022;18:25;1;30;2;1;3;7;43,8187000000;4,3422000000
202200003875;31;10;2022;16:50;1;38;1;9;1;1;45,4242390000;5,4279110000
202200003876;22;3;2022;11:00;1;93;2;5;1;3;48,9111570000;2,5167760000
202200003877;31;10;2022;15:25;1;38;1;1;1;7;45,2988000000;5,8097930000
202200003878;22;3;2022;07:00;1;92;2;1;1;3;48,8192463407;2,2969220280
202200003879;30;10;2022;16:00;1;38;2;1;1;6;45,5263630000;5,5527040000
202200003880;1;5;2022;17:50;1;75;2;1;1;4;48,8335690000;2,4083410000
202200003881;29;10;2022;17:00;1;38;2;1;1;7;45,6340830000;5,5537260000
202200003882;1;5;2022;22:45;5;30;2;1;1;3;43,8310100000;4,3296700000
202200003883;22;3;2022;10:59;1;92;2;1;1;3;48,8163323374;2,1945429146
202200003884;29;10;2022;10:00;1;38;2;4;1;3;45,2721910000;5,8873040000
202200003885;22;3;2022;17:50;1;92;2;1;1;6;48,8791800000;2,1861100000
202200003886;29;4;2022;15:45;1;75;2;1;1;3;48,8558397390;2,2568050996
202200003887;24;10;2022;07:15;2;38;2;2;1;6;45,6174970000;5,1532320000
202200003888;22;3;2022;17:05;1;92;2;1;1;3;48,8799000000;2,2071600000
202200003889;31;12;2022;18:20;5;14;2;1;2;6;49,2101320000; -0,3689230000
202200003890;29;4;2022;01:43;5;75;2;2;1;3;48,8232718365;2,3254640045
202200003891;30;12;2022;00:49;5;87;2;1;1;6;45,8265300000;1,2373600000
202200003892;22;3;2022;17:40;1;92;2;5;1;3;48,8159600000;2,3113600000
202200003893;29;12;2022;18:35;5;87;2;3;2;1;45,8323500000;1,3037200000
202200003894;21;3;2022;12:50;1;92;2;1;1;3;48,8178247267;2,3235587776
202200003895;1;5;2022;21:40;5;75;2;1;1;6;48,8460300000;2,3118530000
202200003896;7;12;2022;15:35;1;30;2;6;1;6;43,9629700000;4,7994600000
202200003897;31;12;2022;02:10;3;76;2;1;2;2;49,5178400000;0,2032300000
202200003898;22;3;2022;07:55;1;92;2;1;1;4;48,8204300000;2,2379700000
202200003899;1;5;2022;16:00;1;75;2;2;1;3;48,8491831278;2,2979755704
202200003900;30;12;2022;15:00;1;76;2;1;2;3;49,5233000000;0,1005000000
202200003901;31;12;2022;17:40;3;49;2;1;1;3;47,4700000000; -0,6010000000
202200003902;1;5;2022;01:30;5;75;2;1;1;2;48,8537560000;2,3565930000
202200003903;30;12;2022;13:00;1;34;2;1;1;6;43,3365300000;3,2203200000
202200003904;22;3;2022;15:25;1;92;2;2;1;3;48,8953904558;2,2820234299
202200003905;30;12;2022;19:10;3;02;1;1;2;6;49,6461400000;3,3392700000
202200003906;1;5;2022;21:30;5;75;2;7;1;3;48,8765330000;2,3309630000
202200003907;2;11;2022;10:50;1;92;2;1;1;3;48,9244069631;2,2526223957
202200003908;25;10;2022;15:25;1;92;2;2;1;1;48,9274300000;2,2470500000
202200003909;21;3;2022;20:10;5;92;2;1;1;2;48,9188219189;2,2907038629
202200003910;1;5;2022;00:30;5;75;2;1;1;3;48,8581710000;2,3493500000
202200003911;14;6;2022;20:40;2;88;2;1;1;1;48,0787990000;6,5989240000
202200003912;22;3;2022;12:50;1;92;2;1;1;3;48,7347326696;2,3098569810
202200003913;3;12;2022;21:00;5;92;2;2;1;3;48,9275400000;2,2846300000
202200003914;1;5;2022;17:54;1;75;2;2;1;3;48,8516480000;2,3125370000
202200003915;23;3;2022;08:00;1;22;1;2;1;3;48,4300230000; -2,1784200000
202200003916;29;12;2022;17:25;2;26;1;1;1;2;44,4812860000;4,7637530000
202200003917;30;12;2022;10:00;1;80;1;1;2;3;49,8302040000;2,8395470000
202200003918;22;3;2022;17:20;2;972;1;1;1;6;14,5792740000; -60,8858660000
202200003919;1;5;2022;04:00;5;75;2;4;1;3;48,8668410000;2,3619160000
202200003920;29;12;2022;20:30;3;38;2;1;2;6;45,2867120000;5,9066320000
202200003921;23;3;2022;14:00;1;01;1;1;1;3;46,2296760000;5,9975800000
202200003922;30;4;2022;23:05;5;75;2;3;1;3;48,8656120000;2,3366440000
202200003923;12;11;2022;16:59;1;28;1;2;1;1;48,8481680000;1,4082670000
202200003924;22;3;2022;11:15;1;974;2;1;1;2; -21,1999730000;55,2940140000
202200003925;29;12;2022;03:50;3;13;1;1;1;2;43,2877959012;5,5463455617
202200003926;22;3;2022;17:00;1;30;1;1;1;6;44,1747630000;4,5141260000
202200003927;30;4;2022;23:00;5;75;2;2;1;3;48,8495140000;2,3656500000
202200003928;21;3;2022;22:50;5;74;2;1;1;1;46,1445700000;6,6493140000
202200003929;6;12;2022;09:10;1;59;1;1;1;4;50,6587000000;3,1165800000
202200003930;30;4;2022;22:00;5;75;2;2;1;3;48,8714480000;2,3369500000
202200003931;30;12;2022;15:58;1;59;1;1;2;2;50,6219500018;3,1344384655
202200003932;23;3;2022;16:15;1;71;1;3;1;3;47,0071020000;4,3209480000
202200003933;24;12;2022;23:12;3;62;1;1;1;6;50,4255600000;2,9870800000
202200003934;30;4;2022;22:40;5;94;2;2;1;3;48,7893164459;2,3889791965
202200003935;31;12;2022;22:13;5;77;2;1;1;7;48,7769490000;2,5953910000
202200003936;22;3;2022;08:40;1;61;2;1;7;3;48,6496930000; -0,5150540000
202200003937;5;5;2022;12:25;1;94;2;4;1;3;48,8425756291;2,5025745034
202200003938;31;12;2022;03:10;3;60;2;1;2;2;49,2487100000;2,4571700000
202200003939;23;3;2022;07:50;1;49;2;3;1;3;47,1284690000; -0,1456490000
202200003940;1;5;2022;20:30;2;94;2;6;1;2;48,8096939047;2,5428720116
202200003941;31;12;2022;23:05;3;54;1;1;1;6;49,2117200000;5,9937300000
202200003942;23;3;2022;15:50;1;47;2;6;1;3;44,3131190000;0,0915630000
202200003943;31;12;2022;23:25;5;31;1;1;1;6;43,5909300000;1,4940900000
202200003944;1;5;2022;00:10;5;93;2;3;1;1;48,9566410000;2,5455760000
202200003945;1;5;2022;20:04;1;93;2;1;1;3;48,8937060000;2,4155890000
202200003946;20;3;2022;19:40;3;34;1;1;3;1;43,4259120000;2,9272330000
202200003947;21;8;2022;19:45;1;74;1;9;1;3;45,9268270000;6,7538880000
202200003948;29;9;2022;11:15;1;14;2;3;1;3;49,1100666296; -0,3742539883
202200003949;1;5;2022;15:00;1;93;2;1;1;2;48,8621500000;2,4547500000
202200003950;22;3;2022;22:45;3;68;1;1;1;2;47,5920700000;7,5047460000
202200003951;22;9;2022;09:35;1;14;1;3;1;1;49,1788858090; -0,4867967960
202200003952;13;9;2022;13:35;1;14;2;1;1;6;48,8947800000; -0,2037000000
202200003953;23;3;2022;17:05;1;25;1;2;1;6;47,2576670000;5,9172420000
202200003954;1;5;2022;18:15;1;93;2;1;1;1;48,9263730000;2,4689220000
202200003955;1;5;2022;20:46;4;93;2;1;1;3;48,9275740000;2,4736970000
202200003956;22;3;2022;19:15;5;25;2;3;1;3;47,3275410000;6,0083900000