Accident_Id;jour;mois;an;hrmn;lum;dep;agg;int;atm;col;lat;long
202200003957;31;12;2022;01:00;5;75;2;1;2;4;48,8546400000;2,2547110000
202200003958;31;12;2022;05:47;5;75;2;7;1;1;48,8735317156;2,2958409627
202200003959;22;3;2022;12:00;1;29;2;6;1;7;47,8556000000; -4,2430370000
202200003960;23;12;2022;16:45;2;38;2;4;1;1;45,4457910000;4,7671890000
202200003961;30;4;2022;23:30;5;93;2;2;1;3;48,9249670000;2,5040310000
202200003962;23;3;2022;12:45;1;29;2;2;7;1;47,9568530000; -4,3551780000
202200003963;31;12;2022;19:30;5;59;2;2;1;3;51,0617500000;2,5221730000
202200003964;31;12;2022;17:55;3;04;1;1;1;7;44,3633940000;6,3261510000
202200003965;31;12;2022;10:00;1;42;1;1;8;6;46,1812860000;4,3818280000
202200003966;1;5;2022;14:15;1;92;2;1;1;3;48,9097495835;2,3092926443
202200003967;22;3;2022;08:30;1;02;1;1;1;6;49,2409210000;3,5344110000
202200003968;31;12;2022;16:05;1;41;2;2;1;3;47,3422720000;1,1773130000
202200003969;31;12;2022;19:15;3;68;1;1;1;7;47,5619030000;7,4193550000
202200003970;23;3;2022;08:30;1;06;2;1;1;6;43,7305030000;7,3629110000
202200003971;1;5;2022;12:35;1;92;2;1;1;1;48,8996928307;2,3064949661
202200003972;31;12;2022;10:30;1;28;1;1;1;2;48,2998970000;0,8352400000
202200003973;21;3;2022;14:00;1;50;1;1;1;6;49,2388270000; -1,6191100000
202200003974;1;5;2022;09:35;1;92;2;1;1;6;48,7787082661;2,2531184703
202200003975;31;12;2022;13:30;1;987;1;1;1;7; -17,7403480000; -149,3915750000
202200003976;22;3;2022;11:55;1;83;1;4;1;1;43,5186076381;6,2353527546
202200003977;31;12;2022;15:00;1;973;1;1;2;1;4,2935658637; -52,1419930458
202200003978;16;4;2022;20:10;1;80;1;1;1;6;50,0784180000;2,5368550000
202200003979;31;12;2022;15:30;1;29;2;6;1;3;47,8690200000; -3,5698060000
202200003980;31;12;2022;16:15;1;13;1;1;1;7;43,2353860000;5,5908390000
202200003981;22;3;2022;09:10;1;83;1;1;1;1;43,5472730000;6,0080570000
202200003982;2;5;2022;12:40;1;86;1;2;1;1;46,7855330000;0,4803810000
202200003983;30;10;2022;15:40;1;74;1;1;1;7;46,1485020000;6,7052010000
202200003984;29;10;2022;22:25;3;74;1;1;1;7;45,8416750000;6,1380480000
202200003985;28;10;2022;18:20;3;74;2;1;2;6;45,9403920000;6,1177330000
202200003986;26;10;2022;10:30;1;74;2;9;1;6;46,1077370000;6,5917380000
202200003987;22;3;2022;13:30;1;36;1;2;1;2;46,9526020000;1,4328410000
202200003988;28;10;2022;12:35;1;74;2;1;1;6;45,8829280000;6,3189130000
202200003989;22;3;2022;10:56;1;40;2;9;1;6;43,8329360000; -0,8115350000
202200003990;28;10;2022;00:15;3;74;1;1;1;7;46,1282370000;6,0897520000
202200003991;21;10;2022;20:45;4;74;2;1;3;7;46,1854000000;6,2295000000
202200003992;24;10;2022;01:15;3;74;1;1;2;1;45,9082600000;6,0865060000
202200003993;22;10;2022;16:30;1;74;2;6;7;3;45,8359460000;6,1604650000
202200003994;20;3;2022;15:30;1;85;2;3;1;2;46,6920420000; -0,7047170000
202200003995;18;10;2022;14:55;1;74;2;1;1;3;45,8778550000;6,1416870000
202200003996;21;3;2022;16:45;1;17;1;1;1;2;45,4502940000; -0,4700090000
202200003997;29;10;2022;16:55;1;74;1;1;1;5;45,8900080000;6,6531010000
202200003998;21;10;2022;19:30;3;74;2;1;3;3;46,0820980000;6,4039400000
202200003999;22;3;2022;06:50;1;39;1;1;1;7;46,8416150000;5,5606360000
202200004000;27;6;2022;13:00;1;06;1;9;1;1;43,7516410000;7,4163780000
202200004001;21;10;2022;15:10;1;74;2;3;2;3;46,1972000000;6,2637100000
202200004002;23;3;2022;07:45;1;63;1;1;1;2;46,0351532232;3,1141476636
202200004003;17;10;2022;22:40;5;74;2;1;1;1;46,1872080000;6,2467980000
202200004004;23;3;2022;13:20;1;06;1;6;1;7;43,6280280000;7,0362590000
202200004005;14;10;2022;15:00;1;74;2;6;2;7;46,0739740000;6,4024990000
202200004006;22;3;2022;18:45;1;91;2;-1;1;1;48,5244990000;2,3891080000
202200004007;28;6;2022;08:00;1;06;2;9;1;1;43,7403441000;7,3101350000
202200004008;9;10;2022;15:00;1;74;1;3;1;3;45,9680350000;5,9070610000
202200004009;22;3;2022;20:40;3;67;1;9;1;6;48,4981730000;7,5623270000
202200004010;8;10;2022;09:05;1;74;2;9;2;6;46,3705300000;6,4879000000
202200004011;23;3;2022;10:30;1;44;1;3;1;3;47,3662550000; -2,5118240000
202200004012;4;10;2022;08:00;2;74;2;1;1;6;46,4000000000;6,5900000000
202200004013;31;12;2022;18:20;5;44;2;1;1;6;47,2064900000; -1,5342700000
202200004014;16;6;2022;22:33;5;06;2;2;1;3;43,6974300000;7,1965900000
202200004015;23;3;2022;07:40;1;986;1;1;1;3; -13,2494100000; -176,1961070000
202200004016;30;12;2022;18:05;4;71;2;1;2;6;46,7630300000;4,8398400000
202200004017;30;12;2022;16:57;2;49;2;1;3;6;47,4906100000; -0,5324400000
202200004018;14;2;2022;07:30;1;978;2;1;1;3;18,0781040000; -63,0769230000
202200004019;16;6;2022;17:32;1;06;2;9;1;6;43,7346300000;7,2961900000
202200004020;16;9;2022;13:30;1;19;2;1;1;6;45,5457774282;2,3039270639
202200004021;23;3;2022;08:20;1;971;1;1;1;1;16,3522620000; -61,7655010000
202200004022;29;12;2022;20:30;5;77;2;1;1;6;48,8381500000;2,7198800000
202200004023;13;6;2022;14:30;1;06;2;2;1;6;43,7255000000;7,2498200000
202200004024;29;12;2022;18:20;5;54;2;6;2;6;48,6667035318;6,1662359834
202200004025;23;3;2022;15:59;1;77;2;1;1;2;48,9009750000;2,8728280000
202200004026;29;12;2022;15:40;1;22;2;1;7;6;48,5345150887; -2,7528262138
202200004027;11;6;2022;08:39;1;06;2;2;1;6;43,6817000000;7,2146100000
202200004028;23;3;2022;14:20;1;95;1;1;1;1;49,1543637023;1,9554162025
202200004029;31;12;2022;08:00;1;974;2;2;1;3; -20,8886650000;55,4487800000
202200004030;22;3;2022;17:45;1;91;2;1;1;1;48,5162380000;2,2690840000
202200004031;31;12;2022;02:25;5;972;1;1;1;5;14,6181600000; -61,0388300000
202200004032;19;3;2022;12:00;1;78;2;1;1;1;48,8106170000;1,8890290000
202200004033;10;6;2022;12:40;1;06;2;1;1;6;43,7120770000;7,2437650000
202200004034;30;12;2022;16:30;1;972;1;1;2;4;14,6165000000; -61,0428500000
202200004035;23;3;2022;06:50;1;34;1;2;1;3;43,7325150000;4,0096240000
202200004036;30;12;2022;07:50;1;972;2;1;1;2;14,6368200000; -61,0594200000
202200004037;10;6;2022;10:15;1;06;2;1;1;1;43,6965500000;7,2680740000
202200004038;31;12;2022;20:30;5;69;2;1;1;6;45,7978000000;4,8296000000
202200004039;22;3;2022;19:10;5;68;2;3;1;1;47,7775610000;7,3534150000
202200004040;31;12;2022;07:55;1;2B;2;1;1;3;42,7041300000;9,4524100000
202200004041;31;12;2022;03:56;5;2B;1;6;1;7;42,6632000000;9,4420000000
202200004042;17;3;2022;22:50;3;26;1;2;1;3;45,0665420000;4,8842840000
202200004043;8;6;2022;14:50;1;06;2;9;1;1;43,7045700000;7,1965600000
202200004044;31;12;2022;08:55;1;971;2;9;1;6;16,2608087035; -61,5168714523
202200004045;23;3;2022;08:20;1;69;2;1;1;1;45,9415100000;4,7159370000
202200004046;31;12;2022;06:37;1;971;1;9;2;1;16,2386000000; -61,5084100000
202200004047;31;12;2022;00:20;5;971;2;9;2;6;16,2507285196; -61,5432375669
202200004048;6;6;2022;19:57;1;06;2;9;1;6;43,7031800000;7,2561700000
202200004049;19;3;2022;12:25;1;33;1;1;1;5;45,0166670000; -0,4452900000
202200004050;24;1;2022;01:30;3;33;1;1;1;6;44,7145396200; -0,5210210200
202200004051;22;12;2022;07:16;3;91;2;1;2;6;48,7006000000;2,3183200000
202200004052;22;3;2022;10:15;1;49;1;1;1;7;47,2274120000; -0,8092920000
202200004053;1;6;2022;14:00;1;06;2;9;1;3;43,7203000000;7,2515400000
202200004054;30;12;2022;15:05;1;91;2;1;2;4;48,4509100000;2,1725200000
202200004055;31;12;2022;18:00;5;76;2;6;1;7;49,2898600000;1,0364100000
202200004056;22;3;2022;22:15;5;59;2;1;1;7;50,2743480504;3,8010162860
202200004057;31;12;2022;22:30;5;64;2;3;1;3;43,3001500000; -0,3669800000
202200004058;21;3;2022;16:40;1;13;1;1;1;2;43,3298500000;5,4007500000
202200004059;31;12;2022;09:30;1;64;2;1;1;3;43,4793640000; -1,5199890000
202200004060;23;5;2022;13:56;1;06;2;1;8;3;43,7088600000;7,2877600000
202200004061;21;3;2022;17:30;1;13;1;1;1;2;43,3021700000;5,3647500000
202200004062;31;12;2022;02:00;5;40;2;2;1;3;43,5138900000; -1,4360800000
202200004063;22;3;2022;08:45;1;13;1;1;1;4;43,3677200000;5,3607600000
202200004064;19;5;2022;15:31;1;06;2;1;1;2;43,6950164575;7,2643661499
202200004065;21;3;2022;09:00;1;13;1;1;1;2;43,3818200000;5,2258600000
202200004066;31;12;2022;04:00;3;59;1;1;2;1;50,6502400000;3,2066900000
202200004067;30;12;2022;16:55;2;56;2;6;3;4;47,7468300000; -3,3663400000
202200004068;11;5;2022;07:56;1;06;2;9;1;6;43,7079400000;7,2840400000
202200004069;31;12;2022;18:55;5;54;2;2;1;1;48,6475640000;6,1823900000
202200004070;31;12;2022;14:45;1;49;2;1;1;7;47,4536500000; -0,4989600000
202200004071;10;5;2022;21:45;5;06;2;1;1;3;43,7344600000;7,2948500000
202200004072;30;12;2022;18:23;5;45;2;6;2;7;47,8350623244;1,9314179420
202200004073;21;3;2022;08:55;1;13;1;1;1;2;43,3312723052;5,3875063983
202200004074;22;12;2022;15:50;1;43;2;1;1;6;45,0442000000;3,8929000000
202200004075;10;5;2022;17:05;1;06;2;2;1;3;43,6909700000;7,2451300000
202200004076;31;12;2022;05:00;5;34;2;2;1;1;43,6113300000;3,8286000000
202200004077;16;10;2022;11:30;1;75;2;1;1;3;48,8230400000;2,3812350000
202200004078;16;10;2022;21:15;5;75;2;2;1;2;48,8494080000;2,3568070000
202200004079;18;10;2022;12:30;1;75;2;2;8;3;48,8592520000;2,2773980000
202200004080;18;10;2022;20:50;5;75;2;3;1;3;48,8484550000;2,2809100000
202200004081;18;10;2022;18:15;1;75;2;2;1;3;48,8344410000;2,2840510000
202200004082;18;10;2022;13:45;1;75;2;3;1;6;48,8283290000;2,3566170000
202200004083;18;10;2022;18:50;2;75;2;3;1;6;48,8824320000;2,3704030000
202200004084;18;10;2022;18:00;1;75;2;3;1;6;48,8537070000;2,3656500000
202200004085;18;10;2022;19:15;4;94;2;1;1;3;48,7965900000;2,4175600000
202200004086;18;10;2022;14:45;1;94;2;1;1;6;48,7283760000;2,4540260000
202200004087;17;10;2022;13:20;1;94;2;1;2;1;48,7660700000;2,4674900000
202200004088;18;10;2022;16:10;1;93;2;1;1;6;48,8586715972;2,4279012509
202200004089;17;10;2022;19:00;5;93;2;1;2;6;48,8736600000;2,4606200000
202200004090;18;10;2022;08:58;1;93;2;2;8;3;48,9400300000;2,5203600000
202200004091;17;10;2022;18:00;1;93;2;1;2;6;48,8720144154;2,4214593117
202200004092;18;10;2022;15:28;1;93;2;3;8;1;48,9457982798;2,4526644301
202200004093;18;10;2022;11:15;1;93;2;2;1;3;48,9153339238;2,3712346058
202200004094;18;10;2022;13:20;1;92;2;1;8;6;48,8916414125;2,2725748122
202200004095;18;10;2022;15:05;1;92;2;1;1;7;48,8107890000;2,2474400000
202200004096;18;10;2022;20:40;5;92;2;1;1;6;48,8335490712;2,2673276067
202200004097;17;10;2022;23:28;5;92;2;1;2;6;48,7936200000;2,2713950000
202200004098;15;10;2022;14:20;1;92;2;1;2;7;48,9120090000;2,2965940000
202200004099;17;10;2022;12:40;1;92;2;2;1;3;48,9163615095;2,2894984782
202200004100;18;10;2022;17:15;1;974;1;4;1;7; -21,0215900000;55,2576790000
202200004101;19;10;2022;17:15;1;38;2;1;1;1;45,4558350000;4,7693670000
202200004102;11;10;2022;15:35;1;95;2;1;1;6;49,1272090103;2,2354093194
202200004103;19;10;2022;17:30;1;72;2;9;1;3;47,8759080000;0,2166580000
202200004104;17;10;2022;21:57;3;79;2;3;8;3;46,7778370000; -0,5693040000
202200004105;18;10;2022;19:25;2;42;1;3;1;5;45,9458490000;4,2245440000
202200004106;19;10;2022;09:15;1;68;1;1;5;2;47,7183840000;7,1691420000
202200004107;12;10;2022;16:45;1;22;1;2;1;3;48,4613260000; -3,2682500000
202200004108;8;10;2022;15:00;1;44;1;3;1;3;47,5270440000; -1,9009570000
202200004109;18;10;2022;17:25;1;84;2;9;1;3;43,6830260000;5,5051480000
202200004110;18;10;2022;18:30;2;15;1;1;7;2;45,0760970000;2,7250440000
202200004111;18;10;2022;18:15;2;70;2;3;1;2;47,3186650000;5,8718970000
202200004112;18;10;2022;12:09;1;58;1;1;1;7;46,7485120000;3,0813400000
202200004113;16;9;2022;16:00;1;56;2;2;1;3;47,9605170000; -2,5557270000
202200004114;17;10;2022;20:50;3;60;1;1;1;7;49,5028128986;2,0868190731
202200004115;14;9;2022;09:30;1;33;2;3;1;3;44,8590780000; -0,0118020000
202200004116;17;5;2022;20:10;2;43;1;1;1;6;45,2565220000;4,3386550000
202200004117;18;10;2022;18:10;1;07;1;1;1;6;44,5981990000;4,3239780000
202200004118;16;9;2022;06:00;3;11;1;1;1;2;43,1813970000;2,9548930000
202200004119;18;10;2022;09:25;1;40;2;3;1;2;43,5462660000; -1,1116900000
202200004120;17;9;2022;15:30;1;89;1;3;1;3;47,7122880000;3,5448930000
202200004121;18;10;2022;15:35;1;24;1;1;7;2;45,1270320000;1,3577340000
202200004122;16;9;2022;12:55;1;63;2;1;1;6;45,7858697413;3,2882782817
202200004123;17;9;2022;18:00;1;61;2;1;1;7;48,4756490000;0,4684000000
202200004124;19;10;2022;18:30;1;04;2;1;1;7;43,9358660000;5,7685410000
202200004125;16;9;2022;22:00;5;12;2;1;1;6;44,3063720000;2,2368600000
202200004126;19;10;2022;18:30;1;85;2;1;1;7;46,5921990000; -1,4043510000
202200004127;17;9;2022;08:35;1;29;1;1;1;1;47,9855490000; -3,8308810000
202200004128;17;10;2022;20:10;3;17;2;1;5;1;45,8314340000; -0,6462780000
202200004129;5;9;2022;18:40;1;29;1;2;2;3;48,4615180000; -4,5247040000
202200004130;19;10;2022;11:20;1;30;1;1;1;3;43,8171890000;4,2543480000
202200004131;16;10;2022;07:45;2;34;1;1;1;7;43,4755456426;3,8064072002
202200004132;14;9;2022;18:00;1;29;1;1;1;5;48,4905330000; -4,5118400000
202200004133;16;9;2022;18:15;1;29;1;1;1;1;48,0354606850; -4,5335741041
202200004134;12;10;2022;11:20;1;06;2;2;1;2;43,5801000000;6,9980290000
202200004135;16;9;2022;19:15;1;50;1;1;1;7;49,4944240000; -1,6986540000
202200004136;18;10;2022;17:40;1;68;1;1;1;4;47,6046290000;7,5309560000
202200004137;16;9;2022;12:45;1;50;2;2;1;3;49,5076290000; -1,4672760000
202200004138;19;10;2022;17:15;1;66;2;1;1;2;42,7090520000;2,8444720000
202200004139;17;9;2022;15:00;1;64;2;1;1;2;43,2695500000; -0,1991220000
202200004140;17;9;2022;11:45;1;53;1;1;1;6;48,3269820000; -0,2127210000
202200004141;18;10;2022;19:15;3;976;1;1;1;5; -12,9445520000;45,1613300000
202200004142;16;9;2022;22:40;3;27;2;1;1;1;49,3646600000;0,5124900000
202200004143;17;9;2022;11:40;1;88;1;1;1;3;47,9509320000;6,8278740000
202200004144;17;10;2022;23:30;3;976;1;9;1;5; -12,8392570000;45,1344310000
202200004145;16;9;2022;19:45;3;987;2;1;1;3; -17,7120000000; -149,5080000000
202200004146;19;10;2022;13:30;1;974;2;1;1;7; -21,1257160000;55,7831010000
202200004147;17;9;2022;20:05;4;974;2;6;1;3; -20,9227920000;55,3452800000
202200004148;19;10;2022;07:15;1;973;2;1;1;3;4,9321134060; -52,4089640379
202200004149;17;9;2022;14:00;1;24;1;1;1;1;44,7870130000;1,1827900000
202200004150;18;10;2022;16:40;1;83;1;1;1;1;43,1571244939;5,7395088673
202200004151;16;9;2022;16:30;1;06;1;6;1;2;43,5855550000;7,0061120000
202200004152;18;10;2022;18:25;1;05;1;3;1;3;44,3206380000;5,8921710000
202200004153;17;9;2022;12:15;1;33;1;1;1;2;44,5472876264; -0,8329653740
202200004154;18;10;2022;19:17;2;21;1;1;1;6;47,2606400000;5,1595720000
202200004155;14;9;2022;01:00;3;63;1;9;1;6;45,8812250000;3,6247160000
202200004156;18;10;2022;15:10;1;68;2;1;1;6;48,0267690000;7,5341160000
202200004157;17;9;2022;15:10;1;51;1;1;1;7;49,0774689485;4,8208361864
202200004158;17;9;2022;08:50;1;51;1;1;1;7;49,0824850000;4,9554240000
202200004159;19;10;2022;14:40;1;54;2;1;1;3;48,6142820000;6,1057537802
202200004160;16;9;2022;07:20;2;73;1;1;1;6;45,4779100000;6,9216120000
202200004161;19;10;2022;16:00;1;57;1;3;1;3;49,1589410000;6,9630360000
202200004162;16;9;2022;06:30;1;988;1;1;1;1; -20,3851210000;164,4135120000
202200004163;16;9;2022;11:40;1;973;1;1;1;1;5,4884100000; -53,9706210000
202200004164;17;9;2022;01:50;5;2A;2;1;1;6;41,5964460000;9,2781420000
202200004165;19;10;2022;10:05;1;26;1;1;1;6;44,9899380000;4,8813900000
202200004166;18;10;2022;23:49;3;01;1;1;1;6;46,2513322641;5,1057069004
202200004167;16;9;2022;13:15;1;05;2;9;1;6;44,4293650000;5,7176520000
202200004168;16;9;2022;17:50;1;58;2;1;1;7;47,0811070000;3,1009070000
202200004169;17;10;2022;12:30;1;69;1;2;1;3;46,0978170000;4,3602960000
202200004170;11;10;2022;16:57;1;64;2;1;1;7;43,4621240000; -1,4040400000
202200004171;12;9;2022;14:05;1;69;1;3;1;4;45,6145250000;4,8540420000
202200004172;16;9;2022;12:00;1;81;1;1;1;1;43,8656380000;1,9211800000
202200004173;14;10;2022;23:35;3;72;1;9;3;6;47,8378620000; -0,2793900000
202200004174;16;9;2022;16:50;1;61;1;1;1;7;48,4270080000; -0,0180670000
202200004175;18;10;2022;18:43;2;44;1;1;1;3;47,2264390000; -1,7140820000
202200004176;8;9;2022;14:30;1;27;2;1;1;3;49,1898800000;1,4674900000
202200004177;17;9;2022;08:35;1;60;2;1;1;6;49,1515030000;2,4433210000
202200004178;16;10;2022;13:45;1;80;1;2;1;3;49,7325280000;2,7551170000
202200004179;18;10;2022;21:10;5;62;2;3;1;1;50,3778620000;2,8048720000
202200004180;14;9;2022;16:30;1;83;1;1;1;4;43,1143880000;6,1166200000
202200004181;18;10;2022;15:00;1;59;2;1;1;3;50,1628426618;4,0116351843
202200004182;16;9;2022;10:47;1;33;1;1;1;2;44,8829900000; -0,5210000000
202200004183;18;10;2022;17:35;1;59;1;1;1;6;50,3063360000;3,6287930000
202200004184;16;9;2022;07:30;2;94;1;1;1;3;48,7702962559;2,3452238968
202200004185;18;10;2022;12:30;1;59;1;2;1;3;50,6660948215;2,7190250158
202200004186;16;9;2022;17:45;1;78;1;1;1;5;48,9699860000;1,9120640000
202200004187;17;10;2022;23:35;5;13;1;1;1;3;43,3034628828;5,4253718194
202200004188;16;9;2022;14:15;1;78;1;1;1;3;48,7880860000;2,1424670000
202200004189;15;9;2022;09:35;1;78;1;1;1;2;48,8369020000;2,1265740000
202200004190;16;10;2022;21:10;3;13;1;1;1;6;43,3912400000;5,2508100000
202200004191;16;9;2022;09:45;1;92;1;1;1;2;48,9145462162;2,2193848208
202200004192;15;9;2022;12:14;1;92;1;1;1;6;48,8929383054;2,2351294535
202200004193;17;10;2022;17:35;1;69;1;1;1;2;45,6734400000;4,9473900000
202200004194;15;9;2022;03:50;3;92;1;1;1;2;48,9337071386;2,2742219004
202200004195;16;10;2022;05:20;3;54;1;9;2;4;48,8092800000;6,1137600000
202200004196;16;9;2022;11:30;1;95;1;1;1;3;48,9934228271;2,1857267618
202200004197;16;9;2022;09:30;1;95;1;1;1;6;48,9886543894;2,2030350566
202200004198;10;10;2022;08:25;1;59;1;1;1;4;50,6003279565;3,1135404110
202200004199;15;9;2022;23:00;3;93;1;1;1;2;48,9482000000;2,4755900000
202200004200;18;10;2022;07:25;1;78;1;1;2;2;48,9656750000;1,8105320000
202200004201;15;9;2022;23:40;4;93;1;1;1;4;48,9182700000;2,4786100000
202200004202;18;10;2022;02:50;5;78;1;1;2;6;48,9765150000;1,7189140000
202200004203;16;9;2022;17:45;1;94;1;1;1;3;48,7713955830;2,3923722546
202200004204;15;9;2022;08:30;1;42;2;1;7;6;45,3879200000;4,2709700000
202200004205;18;10;2022;17:00;1;95;1;1;1;4;49,0417900000;2,0799370000
202200004206;14;9;2022;12:10;1;60;2;1;1;6;49,2580230000;2,4448970000
202200004207;18;10;2022;17:33;1;95;1;1;1;2;49,0384989794;2,1923775628
202200004208;18;10;2022;10:40;1;92;1;1;1;7;48,9378886633;2,2976672190
202200004209;16;9;2022;07:25;1;988;2;3;1;6; -22,2899900000;166,4424700000
202200004210;18;10;2022;08:50;1;95;1;1;1;6;48,9496723024;2,2802208006
202200004211;15;9;2022;17:34;1;976;2;9;1;1; -12,8070800000;45,2073700000
202200004212;18;10;2022;05:30;3;92;1;1;2;6;48,9436471157;2,2877561673
202200004213;15;9;2022;07:55;1;974;1;1;1;3; -21,3062800000;55,4988200000
202200004214;15;9;2022;07:20;1;974;2;1;1;6; -20,8984100000;55,4861000000
202200004215;17;10;2022;17:00;1;77;1;1;2;6;48,6973400000;2,5944900000
202200004216;15;9;2022;08:00;1;973;1;1;1;7;4,9033332457; -52,3241364956
202200004217;30;7;2022;19:45;1;74;1;1;1;7;46,0533990000;6,3742160000
202200004218;15;9;2022;22:52;5;69;2;2;2;3;45,7539200000;4,8469600000
202200004219;27;7;2022;19:45;1;74;1;3;1;3;46,4078300000;6,6939940000
202200004220;15;9;2022;18:22;1;69;2;3;1;6;45,7730700000;4,8214600000
202200004221;15;7;2022;16:10;1;74;2;1;1;6;46,0777000000;6,4110000000
202200004222;14;9;2022;15:20;1;69;2;1;1;2;45,8129000000;4,8601700000
202200004223;14;7;2022;11:15;1;74;2;1;1;1;46,2615910000;6,8378270000
202200004224;14;9;2022;13:40;1;69;2;2;1;3;45,7148000000;4,8087100000
202200004225;10;7;2022;18:00;1;74;1;1;1;2;46,0507330000;6,3658690000
202200004226;12;9;2022;17:30;1;69;2;3;1;1;45,7114500000;4,8164100000
202200004227;4;7;2022;14:55;1;74;2;3;1;3;45,9171300000;6,1238500000
202200004228;12;9;2022;14:00;1;69;2;3;1;3;45,7948700000;4,8148400000
202200004229;2;7;2022;13:05;1;74;1;1;1;7;46,0633750000;6,1110810000
202200004230;12;9;2022;10:00;1;971;1;1;1;6;16,2430700000; -61,4704200000
202200004231;16;10;2022;12:00;1;71;2;6;1;6;46,6757900000;4,3758400000
202200004232;12;9;2022;08:40;1;971;2;1;1;3;16,2380000000; -61,5070000000
202200004233;17;10;2022;21:00;5;69;2;3;1;6;45,7649800000;4,8931700000
202200004234;15;9;2022;21:55;5;95;2;2;1;3;49,0015100000;2,3846800000
202200004235;17;10;2022;04:51;5;68;2;1;1;6;47,7495620000;7,3209630000
202200004236;15;9;2022;12:00;1;95;2;2;1;5;48,9676438947;2,4107640982
202200004237;15;9;2022;12:25;1;95;2;1;8;6;49,0222100000;2,2185000000
202200004238;16;10;2022;06:05;5;33;2;1;1;6;44,8438700000; -0,5225500000
202200004239;14;9;2022;10:12;1;87;2;2;3;2;45,8277400000;1,2581400000
202200004240;9;10;2022;11:25;1;42;2;3;1;6;45,3973000000;4,3239700000
202200004241;14;9;2022;07:25;2;87;2;2;2;6;45,8346300000;1,2257500000
202200004242;17;10;2022;19:50;5;974;2;1;1;6; -20,9412690000;55,2950900000
202200004243;14;9;2022;09:20;1;87;1;1;2;3;45,8475600000;1,3454600000
202200004244;17;10;2022;13:45;1;69;2;1;1;6;45,7585000000;4,8544300000
202200004245;11;9;2022;12:12;1;87;2;1;1;3;45,8031310000;1,2924820000
202200004246;17;10;2022;07:35;2;69;2;2;1;3;45,7516700000;4,8949600000
202200004247;15;9;2022;17:45;1;83;2;1;1;5;43,1264400000;5,8457600000
202200004248;17;10;2022;06:35;1;972;2;1;1;3;14,6161200000; -60,9908400000
202200004249;15;9;2022;10:16;1;83;2;1;1;2;43,1250216333;5,9318921864
202200004250;11;9;2022;16:30;1;83;2;1;7;3;43,1054590000;5,8136080000
202200004251;16;10;2022;16:10;1;972;1;1;1;3;14,6167600000; -60,9540100000
202200004252;16;10;2022;11:24;1;972;2;1;1;6;14,6047200000; -61,0835500000
202200004253;9;9;2022;16:45;1;83;2;1;1;3;43,4241010000;6,7720150000
202200004254;17;10;2022;18:45;2;69;2;1;1;3;45,7558826413;4,8351028562
202200004255;13;9;2022;14:50;1;80;2;1;1;1;49,8861600000;2,2792400000
202200004256;15;9;2022;08:05;1;79;2;1;1;3;46,3362900000; -0,4246300000
202200004257;17;10;2022;12:50;1;2B;2;6;1;3;42,7029200000;9,4464800000
202200004258;15;10;2022;03:10;5;971;1;1;1;2;16,2175000000; -61,4942000000
202200004259;17;10;2022;12:05;1;2A;2;1;1;3;41,9435800000;8,7573500000
202200004260;15;9;2022;18:20;1;76;1;1;1;1;49,3193550000;0,9887980000
202200004261;17;10;2022;16:42;1;95;2;2;2;6;48,9874730000;2,4194570000
202200004262;14;9;2022;16:20;1;76;2;3;1;3;49,5000200000;0,1289000000
202200004263;17;10;2022;09:45;1;95;2;1;2;6;48,9943340000;2,4237500000
202200004264;14;9;2022;09:55;1;76;2;2;1;3;49,5059600000;0,1103100000
202200004265;17;10;2022;18:50;5;91;2;9;3;6;48,7148700000;2,2569500000
202200004266;9;9;2022;23:50;5;76;2;2;1;3;49,4891800000;0,1086700000
202200004267;15;9;2022;17:15;1;76;2;9;1;3;49,5487100000;0,4931900000
202200004268;17;10;2022;07:00;5;91;2;1;2;1;48,7125200000;2,1986800000
202200004269;14;9;2022;17:50;1;74;2;3;1;3;46,1857700000;6,2207100000
202200004270;15;9;2022;15:20;1;71;2;1;1;6;46,7986000000;4,3993000000
202200004271;17;10;2022;13:30;1;91;2;3;2;3;48,7076100000;2,4630600000
202200004272;15;9;2022;11:55;1;67;2;1;3;2;48,5430280000;7,7359420000
202200004273;17;10;2022;15:45;1;91;2;6;3;2;48,6490000000;2,3886100000
202200004274;14;10;2022;09:34;1;87;2;1;2;7;45,8152300000;1,2695700000
202200004275;14;9;2022;16:35;1;67;2;3;8;5;48,5546300000;7,6780000000
202200004276;16;10;2022;05:30;5;83;1;1;1;6;43,1057900000;6,0522700000
202200004277;14;9;2022;14:30;1;67;2;1;2;2;48,5913700000;7,7632700000
202200004278;14;9;2022;05:30;2;67;1;1;2;7;48,8343100000;7,7654600000
202200004279;13;10;2022;17:10;1;79;2;2;2;3;46,9904400000; -0,2228900000
202200004280;15;9;2022;09:48;1;66;2;1;1;2;42,6984200000;2,8873100000
202200004281;15;9;2022;07:02;3;65;2;1;1;6;43,2380780000;0,0652940000
202200004282;17;10;2022;20:50;5;78;2;2;3;3;48,9066900000;2,0474600000