Accident_Id;jour;mois;an;hrmn;lum;dep;agg;int;atm;col;lat;long
202200004944;12;2;2022;05:20;5;82;2;1;1;6;44,1044170000;0,9276960000
202200004945;23;11;2022;10:45;1;75;2;7;3;3;48,8336970000;2,3319200000
202200004946;13;2;2022;14:50;1;63;2;1;1;7;45,5506710000;3,1428700000
202200004947;4;8;2022;13:50;1;78;2;5;1;3;48,9286700000;2,0380900000
202200004948;23;11;2022;18:45;5;75;2;2;1;3;48,8261820000;2,3572750000
202200004949;9;2;2022;17:40;1;42;2;3;1;2;46,1543850000;4,1620750000
202200004950;4;8;2022;17:35;1;77;1;1;1;7;48,3523500000;2,7636600000
202200004951;23;11;2022;16:15;1;75;2;4;1;6;48,8211930000;2,3723130000
202200004952;3;8;2022;16:30;1;72;1;1;1;6;47,9449500000;0,1929400000
202200004953;11;2;2022;07:30;2;86;2;1;5;6;46,4208460000;0,0448730000
202200004954;4;8;2022;16:55;1;71;2;1;1;6;46,6996421518;4,3804003894
202200004955;23;11;2022;18:10;5;75;2;3;1;3;48,8325460000;2,3965660000
202200004956;23;11;2022;07:48;2;75;2;2;2;6;48,8470110000;2,3837740000
202200004957;4;8;2022;17:20;1;71;2;2;7;3;46,7739089112;4,8210542214
202200004958;11;2;2022;18:45;3;44;1;1;1;2;47,3773280000; -1,2063720000
202200004959;22;11;2022;23:10;5;75;2;2;1;3;48,8652650000;2,3745420000
202200004960;4;8;2022;17:45;1;69;2;1;1;1;45,5922839624;4,7681026161
202200004961;13;2;2022;07:50;1;31;1;1;1;6;43,2777760000;1,2086460000
202200004962;23;11;2022;11:40;1;75;2;7;2;3;48,8721980000;2,3328070000
202200004963;12;2;2022;14:20;1;01;2;1;1;2;46,3659910000;5,1214260000
202200004964;3;8;2022;20:15;1;67;2;1;1;1;48,5692600000;7,6982200000
202200004965;23;11;2022;14:16;1;75;2;1;2;2;48,8712340000;2,3030390000
202200004966;12;2;2022;14:45;1;09;1;1;1;6;43,0966350000;1,6593970000
202200004967;2;8;2022;13:51;1;66;2;1;1;2;42,7001100000;2,8864900000
202200004968;13;2;2022;12:00;1;73;1;1;7;3;45,7336130000;5,8836130000
202200004969;23;11;2022;16:28;2;75;2;2;1;3;48,8511240000;2,3559320000
202200004970;11;2;2022;16:54;1;53;1;1;1;7;48,2338150000; -0,8561770000
202200004971;3;8;2022;11:17;1;63;2;3;1;6;45,7865800000;3,0914400000
202200004972;23;11;2022;15:20;1;94;2;1;2;2;48,7992200000;2,3859800000
202200004973;11;2;2022;20:45;3;17;1;1;1;1;46,1476700000; -0,8743680000
202200004974;23;11;2022;10:40;1;94;2;6;2;3;48,8493288873;2,4958546961
202200004975;4;8;2022;12:05;1;59;2;1;1;3;51,0368559676;2,3923990130
202200004976;12;2;2022;17:00;1;64;1;1;1;2;43,4474447373; -1,5453216285
202200004977;23;11;2022;04:25;5;94;2;3;1;7;48,7937360000;2,3987610000
202200004978;4;8;2022;12:40;1;56;2;1;1;2;47,7668800000; -3,3558100000
202200004979;12;2;2022;12:50;1;69;1;1;1;7;45,4931149647;4,7545625413
202200004980;23;11;2022;04:50;5;94;2;4;1;3;48,7892400000;2,4451800000
202200004981;13;2;2022;10:15;1;973;1;7;1;7;5,0617050000; -52,5618980000
202200004982;22;11;2022;07:40;2;94;2;1;2;3;48,7749300000;2,4950900000
202200004983;12;2;2022;17:30;1;29;2;2;1;7;47,8717050000; -3,5588410000
202200004984;23;11;2022;13:00;1;93;2;1;2;3;48,9135640000;2,3357490000
202200004985;12;2;2022;15:30;1;13;2;3;1;3;43,4594180000;5,4167960000
202200004986;23;11;2022;16:05;1;93;2;3;8;6;48,8842100000;2,5316800000
202200004987;9;2;2022;18:11;2;88;2;3;1;1;48,3436210000;5,6913990000
202200004988;23;11;2022;14:10;1;93;2;1;2;6;48,9539000000;2,4830120000
202200004989;12;2;2022;09:00;1;55;1;1;7;2;49,3948009302;5,4238049982
202200004990;23;11;2022;20:50;5;92;2;2;1;3;48,8617460000;2,2126940000
202200004991;12;2;2022;15:10;1;38;1;1;1;1;45,3594880000;4,8331480000
202200004992;12;2;2022;00:50;5;38;2;1;1;6;45,3779360000;4,8042490000
202200004993;23;11;2022;08:50;1;92;2;1;2;2;48,8150058398;2,3258748650
202200004994;12;2;2022;16:10;1;07;2;1;1;6;44,3633530000;4,6435529500
202200004995;23;11;2022;18:30;5;92;2;1;1;6;48,8984600000;2,2941600000
202200004996;13;2;2022;04:10;5;01;2;1;1;6;45,8476050000;5,0450630000
202200004997;13;2;2022;16:00;1;69;1;1;7;6;45,6933011914;4,4419537782
202200004998;23;11;2022;14:35;1;92;2;2;1;3;48,8939724574;2,2480854392
202200004999;13;2;2022;12:45;1;32;2;1;1;3;43,6129910000;0,5880650000
202200005000;23;11;2022;08:10;1;92;2;9;1;3;48,9283876157;2,2467684746
202200005001;12;2;2022;19:30;3;17;1;1;1;1;45,6620470000; -0,4137900000
202200005002;23;11;2022;17:10;5;92;2;1;1;3;48,8996661619;2,3053948581
202200005003;13;2;2022;10:40;1;33;2;3;1;6;44,5510940000; -0,8702530000
202200005004;11;2;2022;14:15;1;49;2;6;1;6;47,4739240000; -0,6150560000
202200005005;23;11;2022;10:25;1;92;2;1;3;6;48,9098154268;2,3066133857
202200005006;12;2;2022;23:41;3;02;1;1;1;6;49,0630690000;3,4780100000
202200005007;23;11;2022;21:50;5;92;2;9;1;2;48,8080904577;2,3262058496
202200005008;11;2;2022;23:12;3;13;1;1;1;1;43,4427920000;5,3959950000
202200005009;11;2;2022;21:03;5;13;1;1;1;3;43,2908910754;5,3647971153
202200005010;23;11;2022;07:45;1;92;2;3;1;3;48,7597000000;2,3075500000
202200005011;23;11;2022;16:50;1;50;2;1;8;6;48,7137170000; -1,5037660000
202200005012;12;2;2022;14:25;1;91;1;1;1;2;48,7540000000;2,2233600000
202200005013;20;11;2022;11:30;1;34;2;1;1;1;43,3687450000;3,0429340000
202200005014;12;2;2022;11:32;1;94;1;1;1;4;48,7599900000;2,3211700000
202200005015;24;11;2022;15:30;1;52;2;1;7;6;48,4758300000;4,7695090000
202200005016;19;11;2022;17:25;2;34;2;1;1;6;43,5756543735;3,8298771807
202200005017;12;2;2022;13:30;1;94;1;1;1;5;48,7599900000;2,3211700000
202200005018;23;11;2022;18:45;5;59;2;9;9;7;50,1539880000;3,6133670000
202200005019;23;11;2022;22:20;5;79;2;1;2;7;46,7845200000; -0,5667800000
202200005020;12;2;2022;13:45;1;91;1;1;1;2;48,6096100000;2,4419700000
202200005021;24;11;2022;18:15;5;71;1;2;8;7;46,7995890000;4,7943250000
202200005022;12;2;2022;11:05;1;91;1;1;1;2;48,6837700000;2,3285900000
202200005023;23;11;2022;06:45;3;12;1;1;5;6;44,3141380000;2,1776000000
202200005024;11;2;2022;20:35;3;94;1;1;1;4;48,7529200000;2,3317200000
202200005025;24;11;2022;09:15;1;25;1;1;1;5;47,2270440000;5,9303640000
202200005026;12;2;2022;02:20;5;92;1;1;1;6;48,8393601311;2,2168941841
202200005027;24;11;2022;08:50;1;38;1;1;1;6;45,3476870000;5,0996790000
202200005028;7;2;2022;21:00;3;92;1;1;1;2;48,9385170499;2,3000175890
202200005029;24;11;2022;12:30;1;02;1;1;1;1;49,2614050000;3,3001260000
202200005030;12;2;2022;08:00;1;95;1;1;1;2;49,0343300000;2,1971000000
202200005031;11;2;2022;21:40;3;95;1;1;1;6;49,0241181005;2,1329355240
202200005032;23;11;2022;15:15;1;26;2;1;1;6;44,7716530000;4,8313930000
202200005033;11;2;2022;18:10;2;93;1;1;1;2;48,9515200000;2,4508400000
202200005034;3;6;2022;13:10;1;30;1;9;1;3;44,0986200000;4,0816600000
202200005035;23;11;2022;15:15;1;60;1;1;1;2;49,4737709404;2,8365415472
202200005036;11;2;2022;05:00;3;92;1;1;2;6;48,9492053212;2,2806984183
202200005037;24;11;2022;05:20;4;07;1;9;5;7;44,4353470000;4,4106400000
202200005038;11;2;2022;14:28;1;24;2;3;1;3;45,1836160733;0,7296109198
202200005039;4;6;2022;21:55;3;29;1;1;1;1;47,9957000000; -4,1458900000
202200005040;23;11;2022;13:30;1;40;2;3;1;3;43,7838780000; -0,9335860000
202200005041;3;6;2022;18:45;1;29;2;1;1;3;47,9877600000; -4,1086910000
202200005042;24;11;2022;12:20;1;37;1;3;1;5;47,4484240000;0,6317890000
202200005043;11;2;2022;13:45;1;974;2;3;1;1; -20,9520400000;55,6488000000
202200005044;3;6;2022;08:50;1;29;2;6;1;6;48,0151240000; -4,1078410000
202200005045;10;2;2022;16:30;1;973;2;1;1;3;4,9144500000; -52,3209300000
202200005046;24;11;2022;00:36;3;77;1;1;1;6;48,5682020000;2,7554440000
202200005047;5;6;2022;06:25;1;29;2;6;1;6;48,3822870000; -4,4897040000
202200005048;11;2;2022;07:35;1;69;2;2;2;3;45,7548600000;4,8499300000
202200005049;23;11;2022;11:15;1;01;2;1;1;1;46,2127220000;5,3300780000
202200005050;11;2;2022;18:23;5;972;2;1;1;3;14,6118100000; -61,0019100000
202200005051;11;2;2022;05:10;5;69;2;1;3;6;45,8379700000;4,9146600000
202200005052;1;6;2022;09:25;1;29;2;2;1;5;48,4014550000; -4,4565450000
202200005053;11;2;2022;19:00;5;2B;2;1;1;3;42,6858200000;9,4452400000
202200005054;23;11;2022;18:45;3;95;1;1;1;5;49,1063307416;2,5319784880
202200005055;3;6;2022;23:15;5;28;2;2;1;3;48,7377000000;1,3520670000
202200005056;11;2;2022;17:33;1;95;2;1;1;6;48,9657844232;2,4084252119
202200005057;24;11;2022;17:30;3;69;1;1;1;1;45,5059260000;4,7339960000
202200005058;3;6;2022;08:15;1;28;2;9;1;3;48,7190800000;1,3617400000
202200005059;23;11;2022;20:30;3;973;1;1;1;2;5,1484640000; -52,6709890000
202200005060;11;2;2022;13:15;1;95;2;2;1;6;48,9342300000;2,2091400000
202200005061;3;6;2022;15:15;1;27;2;1;3;2;49,2729800000;1,2118400000
202200005062;11;2;2022;18:35;5;91;2;1;1;6;48,7216800000;2,4687000000
202200005063;23;11;2022;08:00;1;77;2;2;1;3;48,8796750000;2,8540580000
202200005064;2;6;2022;16:10;1;27;1;1;1;6;49,0497651549;1,1799316396
202200005065;20;11;2022;14:28;1;34;1;1;1;6;43,3077550000;3,0310250000
202200005066;1;6;2022;17:25;1;27;2;1;1;6;49,0505451994;1,1400547026
202200005067;11;2;2022;19:00;5;91;2;2;1;3;48,6945200000;2,3613700000
202200005068;24;11;2022;09:15;1;83;1;6;1;3;43,2570030000;5,7509060000
202200005069;11;2;2022;15:10;1;91;2;1;1;6;48,7047700000;2,3717500000
202200005070;21;3;2022;07:55;1;13;1;1;1;3;43,2845600000;5,5720500000
202200005071;22;11;2022;17:45;2;71;1;1;2;5;46,2223170000;4,0235330000
202200005072;10;2;2022;20:04;5;87;2;3;1;3;45,8130000000;1,3323700000
202200005073;21;3;2022;18:45;1;83;1;1;1;2;43,1958960000;5,7008010000
202200005074;23;11;2022;18:15;5;71;1;1;2;6;46,2992290000;4,7662900000
202200005075;10;2;2022;08:35;1;87;2;3;1;3;45,8444300000;1,2488200000
202200005076;20;3;2022;04:05;3;83;1;1;2;2;43,1426573622;6,0084936618
202200005077;24;11;2022;07:35;1;57;2;1;1;6;49,1674707234;6,0449615121
202200005078;10;2;2022;01:05;5;80;2;1;1;7;49,9049100000;2,3113900000
202200005079;23;11;2022;16:27;1;03;1;1;2;6;46,0325320000;3,6092880000
202200005080;22;3;2022;08:20;1;33;1;1;1;3;44,7662500000; -0,5508500000
202200005081;4;6;2022;08:40;1;25;2;1;1;6;47,5209300000;6,7897400000
202200005082;9;2;2022;10:35;1;80;1;1;1;2;49,9264300000;2,3078000000
202200005083;20;11;2022;17:00;2;73;2;1;1;2;45,6778020000;5,8564420000
202200005084;22;3;2022;16:10;1;94;1;1;1;4;48,7861100000;2,3453800000
202200005085;4;6;2022;22:45;5;25;2;3;1;6;47,2241300000;5,9931400000
202200005086;8;2;2022;12:10;1;80;1;1;1;2;49,8941500000;2,3107900000
202200005087;22;3;2022;07:30;1;91;1;1;1;2;48,6975000000;2,3151000000
202200005088;23;11;2022;07:15;2;73;1;3;1;3;45,5484270000;5,9568700000
202200005089;4;6;2022;21:50;2;25;2;1;1;1;47,2418600000;6,0206860000
202200005090;5;2;2022;20:10;5;80;2;1;1;3;49,8828200000;2,3043700000
202200005091;4;6;2022;04:25;5;25;2;1;3;6;47,2641500000;6,0528300000
202200005092;24;11;2022;06:45;3;69;1;1;9;3;45,8968728640;4,5390379429
202200005093;21;3;2022;22:04;3;94;1;1;1;6;48,7579900000;2,3350500000
202200005094;24;11;2022;16:40;2;69;1;1;1;6;45,8460107913;4,7207951546
202200005095;2;6;2022;12:30;1;25;2;3;2;3;47,2403950000;6,0191630000
202200005096;20;3;2022;21:40;5;91;2;1;1;2;48,7153600000;2,2980300000
202200005097;24;11;2022;07:50;2;81;1;3;5;2;43,7553960000;1,9353320000
202200005098;11;2;2022;17:00;1;77;2;3;1;6;48,6929100000;2,6085600000
202200005099;23;11;2022;18:30;5;50;2;1;2;6;48,6773890000; -1,3550200000
202200005100;22;3;2022;15:15;1;92;1;1;1;2;48,8395693208;2,2020814717
202200005101;2;6;2022;12:00;1;23;2;2;1;3;46,1865000000;1,8931700000
202200005102;11;2;2022;20:25;3;77;1;6;1;3;48,8568200000;2,7547700000
202200005103;24;11;2022;06:30;5;80;2;1;1;6;49,7797020000;2,4736840000
202200005104;11;2;2022;10:30;1;77;2;3;1;2;48,8776800000;2,7014100000
202200005105;21;3;2022;19:00;5;92;1;1;1;4;48,8921331847;2,2381117790
202200005106;20;11;2022;18:00;3;13;1;1;1;2;43,4181360000;5,3659520000
202200005107;12;2;2022;01:04;3;72;1;9;1;7;47,9595500000;0,1297000000
202200005108;10;2;2022;16:20;1;66;2;3;1;6;42,6816800000;2,9078000000
202200005109;14;11;2022;07:00;2;69;1;1;1;2;45,7880000000;4,8611000000
202200005110;4;6;2022;11:00;1;22;2;1;1;7;48,5181700000; -2,8138200000
202200005111;10;2;2022;17:25;1;64;2;2;1;3;43,3097000000; -0,3697300000
202200005112;22;3;2022;16:45;1;93;1;1;1;3;48,8800340217;2,4503609867
202200005113;23;11;2022;13:30;1;91;1;1;1;4;48,6262000000;2,4157700000
202200005114;23;11;2022;08:25;2;78;1;1;2;2;48,8969940000;2,0063420000
202200005115;9;2;2022;18:55;5;64;2;4;1;3;43,4670500000; -1,5714000000
202200005116;21;3;2022;19:00;3;92;1;1;1;6;48,9376446204;2,3158382378
202200005117;23;11;2022;08:10;2;78;1;1;2;2;48,8008380000;2,0459100000
202200005118;11;2;2022;19:40;5;64;2;1;1;2;43,4994900000; -1,4469500000
202200005119;11;2;2022;17:00;1;59;2;7;7;6;50,7359380000;3,0760120000
202200005120;22;3;2022;09:30;1;95;1;1;1;6;48,9674880000;2,2535420000
202200005121;23;11;2022;07:36;3;78;1;1;1;2;48,8005000000;1,9546810000
202200005122;3;6;2022;19:20;1;22;1;1;2;2;48,5173785259; -2,7449514602
202200005123;22;11;2022;10:50;1;92;1;1;1;3;48,8920435185;2,1795315702
202200005124;11;2;2022;09:10;1;59;2;3;1;5;50,6977040000;3,1651540000
202200005125;21;3;2022;17:00;1;92;1;1;1;2;48,9297574951;2,3267888856
202200005126;7;2;2022;15:20;1;59;2;1;1;6;50,6819339925;3,1726901606
202200005127;22;11;2022;06:00;2;78;1;1;2;6;48,9650670000;1,8182040000
202200005128;11;2;2022;19:25;5;59;2;9;1;1;51,0507004089;2,4338086322
202200005129;22;3;2022;12:10;1;94;1;1;1;6;48,8329741531;2,5336492518
202200005130;9;2;2022;16:45;1;57;2;1;1;2;49,3589200000;6,1905800000
202200005131;21;11;2022;17:10;3;78;1;1;2;4;48,8420460000;2,0957150000
202200005132;22;3;2022;09:45;1;75;1;1;1;2;48,8239130000;2,4631260000
202200005133;23;11;2022;15:10;1;93;1;1;1;2;48,9089551424;2,4737470043
202200005134;1;6;2022;18:15;1;19;2;3;1;3;45,1595600000;1,5079800000
202200005135;11;2;2022;23:30;5;51;2;1;1;7;49,2564273390;4,0081778170
202200005136;23;11;2022;14:55;1;94;1;1;1;2;48,8287166600;2,4781208441
202200005137;11;2;2022;22:15;5;51;2;3;1;3;49,2483600000;4,0217750000
202200005138;1;6;2022;12:00;1;17;2;3;1;3;45,6072096462; -1,0068776831
202200005139;21;3;2022;15:30;1;974;2;1;1;3; -20,8859360000;55,4743480000
202200005140;23;11;2022;09:10;1;77;1;1;1;3;48,9248370000;2,6292090000
202200005141;11;2;2022;07:50;1;51;2;3;1;7;49,2239951980;4,0178947776
202200005142;3;6;2022;15:00;1;17;2;1;1;7;46,1627870000; -1,1551310000
202200005143;22;11;2022;02:38;3;77;1;1;1;7;48,6456600000;2,5529540000
202200005144;21;3;2022;16:00;1;973;2;1;1;3;4,9444173485; -52,3100978136
202200005145;11;2;2022;13:20;1;49;1;4;1;1;47,0485300000; -0,9178700000
202200005146;5;6;2022;18:25;1;16;2;1;1;1;45,6883640000; -0,3438800000
202200005147;21;11;2022;07:30;3;94;1;1;1;4;48,8176679679;2,4148114130
202200005148;11;2;2022;15:08;1;49;2;1;1;7;47,4711600000; -0,5317700000
202200005149;21;3;2022;08:14;1;973;2;3;1;3;4,9394850653; -52,3010869324
202200005150;31;12;2022;19:35;5;33;2;1;1;1;44,6569600000; -1,1651300000
202200005151;11;2;2022;14:25;1;49;2;1;1;3;47,4631400000; -0,5446800000
202200005152;21;11;2022;07:45;2;62;2;2;2;6;50,2803080000;2,7853680000
202200005153;21;3;2022;06:20;2;973;2;1;1;3;4,9289600000; -52,3003300000
202200005154;20;4;2022;08:25;1;16;2;3;3;1;45,6876950882; -0,3338277340
202200005155;11;2;2022;15:01;1;45;2;1;1;2;47,8799400000;1,9030400000
202200005156;17;11;2022;06:10;3;54;2;1;1;6;49,5178750000;5,7824730000
202200005157;31;12;2022;14:00;1;13;2;1;1;3;43,2487841497;5,4415021791
202200005158;21;3;2022;21:00;5;69;2;3;1;3;45,7443900000;4,8350800000
202200005159;4;6;2022;16:49;1;15;1;1;1;7;44,8464000000;2,4665000000
202200005160;11;2;2022;10:12;1;45;2;3;7;3;47,9894500000;2,7138400000
202200005161;21;11;2022;14:15;1;17;2;2;1;6;45,7464500000; -0,6304700000
202200005162;31;12;2022;18:30;5;13;2;1;1;3;43,2813400000;5,4059500000
202200005163;1;6;2022;14:40;1;15;2;1;1;6;44,9000300000;2,4600000000
202200005164;10;2;2022;15:58;1;42;2;4;1;3;46,0440591646;4,0439656886
202200005165;19;8;2022;15:58;1;14;2;1;1;1;49,2829120000; -0,1059720000
202200005166;21;3;2022;07:10;1;972;2;1;1;2;14,6181300000; -61,0345500000
202200005167;11;2;2022;03:45;5;37;2;1;2;6;47,4186566296;0,6940299645
202200005168;31;12;2022;09:30;1;13;1;2;1;3;43,4753008760;5,3920840341
202200005169;3;8;2022;15:50;1;62;1;1;1;2;50,4567260000;2,9725300000
202200005170;2;6;2022;16:20;1;14;1;1;1;2;49,3085640000;0,0832940000
202200005171;20;3;2022;23:18;5;972;1;1;1;6;14,6329800000; -61,0238660000
202200005172;10;2;2022;15:15;1;37;2;1;1;2;47,3503700000;0,6739200000
202200005173;31;12;2022;22:47;5;10;2;1;1;2;48,3020700000;4,1032000000
202200005174;2;7;2022;09:05;1;62;1;1;1;3;50,5433420000;2,4594300000
202200005175;21;3;2022;19:15;5;2B;2;1;1;6;42,7051300000;9,4537700000
202200005176;10;2;2022;14:50;1;37;2;1;1;3;47,3434000000;0,6448200000
202200005177;3;6;2022;14:31;1;14;2;9;3;4;49,1614010000; -0,4023060000
202200005178;30;12;2022;11:50;1;973;2;1;1;3;4,9289300000; -52,3001900000
202200005179;21;9;2022;17:02;1;14;2;6;1;3;49,1564320000; -0,4485250000
202200005180;10;2;2022;08:20;1;37;2;1;1;7;47,3734698871;0,6786417961
202200005181;21;3;2022;17:50;1;2A;2;9;1;6;41,9451100000;8,7596500000
202200005182;26;12;2022;19:55;5;973;2;1;1;1;4,9301929265; -52,3215776682
202200005183;2;6;2022;19:35;1;13;2;9;1;3;43,3871500000;5,3593600000
202200005184;20;9;2022;14:00;1;14;1;1;1;1;49,2754350000; -0,0147040000
202200005185;30;12;2022;10:50;3;973;2;1;1;7;4,9135434904; -52,3084187508
202200005186;11;2;2022;07:50;2;35;2;6;1;3;48,1326010000; -1,6914290000
202200005187;21;3;2022;14:00;1;2A;2;6;1;6;41,9420900000;8,7495500000
202200005188;1;6;2022;13:10;1;13;2;3;1;3;43,8134600000;4,6660100000
202200005189;14;5;2022;02:39;5;987;1;1;1;6; -17,5319950000; -149,5708680000
202200005190;4;6;2022;11:20;1;13;1;1;1;7;43,6551777212;5,1270206272
202200005191;21;3;2022;09:05;1;95;2;3;1;6;48,9415908897;2,2516983747
202200005192;21;3;2022;08:30;1;91;2;1;1;6;48,6848830000;2,5318450000
202200005193;30;12;2022;16:20;1;69;2;2;2;3;45,7539300000;4,8616700000
202200005194;1;6;2022;17:50;1;13;1;1;1;4;43,6295500000;5,0607100000
202200005195;30;12;2022;14:15;1;69;2;2;2;3;45,7141900000;4,8193000000
202200005196;20;9;2022;12:06;1;74;2;9;1;1;46,1941900000;6,2401400000
202200005197;30;12;2022;05:00;4;69;2;1;2;7;45,7689200000;4,8349800000
202200005198;18;3;2022;15:37;1;87;2;3;1;2;45,8286700000;1,2559600000
202200005199;9;9;2022;21:40;5;58;2;6;1;3;46,9928600000;3,1679000000
202200005200;29;12;2022;05:00;5;971;2;1;2;3;16,2188600000; -61,4580300000
202200005201;19;3;2022;00:19;5;86;2;9;1;6;46,5572270000;0,3387520000
202200005202;5;6;2022;13:30;1;13;2;2;1;3;43,3029100000;5,3848500000
202200005203;4;9;2022;18:00;1;58;2;3;1;3;46,9986700000;3,1645800000
202200005204;30;12;2022;17:05;5;95;2;1;2;6;48,9848700000;2,4393800000
202200005205;19;3;2022;19:20;1;85;2;6;1;6;46,5014600000; -1,7781600000
202200005206;15;7;2022;16:00;1;58;1;3;1;2;46,9880700000;3,1268000000
202200005207;16;3;2022;00:15;5;85;2;1;1;6;46,5000800000; -1,7552900000
202200005208;4;6;2022;23:05;5;13;2;1;1;3;43,2966000000;5,3812800000
202200005209;30;12;2022;06:00;3;95;2;1;1;6;48,9867100000;2,4529600000
202200005210;1;8;2022;17:45;1;58;2;3;1;3;46,9959800000;3,1298500000
202200005211;4;6;2022;16:10;1;13;2;1;1;1;43,2405000000;5,4068700000
202200005212;30;12;2022;15:20;1;95;1;6;2;3;48,9849392913;2,3621517420
202200005213;10;3;2022;21:50;5;58;2;1;1;6;46,9995800000;3,1489900000
202200005214;18;3;2022;18:45;2;78;1;1;1;2;48,9136200000;2,0742700000
202200005215;22;11;2022;08:10;1;976;2;1;1;3; -12,8010300000;45,2078800000
202200005216;4;6;2022;14:20;1;13;2;3;1;6;43,2940800000;5,3780700000
202200005217;21;11;2022;18:20;5;976;2;1;1;6; -12,8161800000;45,1990800000
202200005218;21;3;2022;22:40;5;78;2;1;1;6;49,0120860000;2,0917230000
202200005219;4;6;2022;07:55;1;13;2;1;1;3;43,2951200000;5,3818000000
202200005220;22;11;2022;09:00;1;974;1;1;1;1; -21,3337480000;55,4993930000
202200005221;21;3;2022;08:00;1;77;1;1;1;2;48,8661100000;2,6866400000
202200005222;21;11;2022;07:10;1;974;2;1;1;6; -21,3001000000;55,4913600000
202200005223;30;12;2022;18:00;5;91;2;2;2;3;48,6977000000;2,2991600000
202200005224;3;6;2022;17:00;1;13;2;3;1;3;43,2924100000;5,3629200000
202200005225;22;11;2022;19:15;5;973;2;1;1;6;4,9217800000; -52,3226200000
202200005226;10;3;2022;14:40;1;77;2;1;1;7;48,2690600000;2,7030200000
202200005227;4;6;2022;01:00;5;13;2;1;1;7;43,2683539447;5,3936609329
202200005228;21;11;2022;14:15;1;973;2;1;1;6;4,9385100000; -52,3316800000
202200005229;21;11;2022;07:15;1;973;2;1;2;2;4,9373300000; -52,3155600000
202200005230;20;3;2022;19:10;1;76;2;3;1;3;49,5002900000;0,1359000000
202200005231;3;6;2022;17:25;1;13;2;3;1;3;43,2934059512;5,3716085851
202200005232;30;12;2022;08:10;3;91;2;9;2;6;48,4351700000;2,1464500000
202200005233;21;11;2022;08:00;1;973;2;3;2;3;4,9290732382; -52,2954368591
202200005234;20;3;2022;18:35;1;76;2;1;1;6;49,4933500000;0,1594400000
202200005235;3;6;2022;10:30;1;13;2;1;2;3;43,2928100000;5,3826700000
202200005236;22;11;2022;18:50;5;69;2;8;2;6;45,7310738788;4,8724186420
202200005237;30;12;2022;10:45;1;82;2;1;1;7;44,0425900000;1,1385200000
202200005238;22;11;2022;05:50;5;69;2;1;1;3;45,7430400000;4,8698400000
202200005239;18;3;2022;09:10;1;76;2;6;1;3;49,4917700000;0,1325600000
202200005240;3;6;2022;07:15;1;13;2;1;8;1;43,3104800000;5,4034300000
202200005241;21;11;2022;11:50;1;972;2;6;1;2;14,6199600000; -60,9934400000
202200005242;30;12;2022;10:20;1;78;2;1;2;6;48,8761200000;2,1435600000
202200005243;21;3;2022;14:00;1;74;2;1;1;3;46,1844500000;6,2287000000
202200005244;3;6;2022;00:52;5;13;2;9;1;3;43,2904100000;5,3757800000
202200005245;22;11;2022;21:30;5;69;2;6;1;1;45,8007500000;4,8514000000
202200005246;21;3;2022;09:55;1;74;2;1;1;1;45,9125200000;6,1261600000
202200005247;22;11;2022;13:00;1;69;2;1;8;6;45,7526100000;4,8224300000
202200005248;2;6;2022;04:00;5;13;2;2;1;6;43,2495066043;5,3965556830
202200005249;7;12;2022;11:00;1;78;2;2;8;3;48,7737000000;2,0357830000
202200005250;21;11;2022;19:25;5;69;2;1;2;7;45,7872496630;4,8604309559
202200005251;15;3;2022;09:30;1;74;2;3;1;6;45,9013000000;6,1242000000
202200005252;21;11;2022;08:50;1;69;2;1;1;6;45,7548000000;4,8068800000
202200005253;2;6;2022;14:27;1;13;2;3;1;3;43,3096442279;5,3795313835
202200005254;17;11;2022;17:20;3;69;2;1;3;1;45,7749100000;4,8100400000
202200005255;17;3;2022;16:45;1;69;2;2;1;2;45,6841100000;4,9476400000
202200005256;30;12;2022;22:15;5;78;2;3;2;3;48,9755800000;2,0346100000
202200005257;2;6;2022;07:45;1;13;2;3;1;2;43,2701988064;5,4026945738
202200005258;20;11;2022;15:50;1;69;2;3;1;1;45,7722308944;4,8188064247
202200005259;21;3;2022;06:30;2;69;2;1;1;3;45,7181120876;4,9096561966
202200005260;2;6;2022;08:22;1;13;2;1;1;3;43,3352600000;5,4206600000
202200005261;22;11;2022;09:05;1;971;2;1;1;3;16,2200315900; -61,4900279045
202200005262;21;3;2022;05:22;5;67;2;1;1;3;48,5682500000;7,7760300000
202200005263;21;11;2022;14:00;1;971;2;1;1;6;16,2517600000; -61,5189400000
202200005264;1;6;2022;15:30;1;13;2;3;1;1;43,2935283538;5,4250843600
202200005265;21;11;2022;13:20;1;971;1;1;1;7;16,2734253704; -61,5348690748
202200005266;3;5;2022;15:30;1;21;1;1;1;7;47,3023066143;4,8294219375
202200005267;30;12;2022;12:00;1;77;2;1;2;2;48,8663990000;2,7378960000
202200005268;20;3;2022;02:00;3;66;2;1;1;2;42,6690500000;2,8987700000
202200005269;5;6;2022;21:10;2;13;2;9;1;3;43,1811900000;5,6709200000
202200005270;3;5;2022;09:00;1;14;2;3;1;6;49,0107700000; -0,8442400000
202200005271;21;11;2022;06:55;1;971;1;1;2;3;16,2399508033; -61,4495319128