Accident_Id;jour;mois;an;hrmn;lum;dep;agg;int;atm;col;lat;long
202200005272;31;12;2022;01:20;5;76;1;6;2;6;49,3458600000;1,0768600000
202200005273;5;6;2022;04:55;3;11;2;1;1;7;43,2273800000;2,3695700000
202200005274;18;3;2022;17:30;1;66;2;4;2;3;42,6964500000;2,9084600000
202200005275;3;6;2022;16:05;1;11;1;1;1;2;43,2170000000;2,3232000000
202200005276;2;5;2022;12:20;1;74;2;3;1;3;45,8306980000;5,9818380000
202200005277;30;12;2022;14:15;1;76;1;1;1;1;49,3189040000;0,9912060000
202200005278;21;11;2022;13:00;1;2A;2;1;1;4;41,9418780136;8,7563831109
202200005279;21;3;2022;15:15;1;64;2;9;1;2;43,3207462748; -0,3914469481
202200005280;22;11;2022;16:40;1;95;2;1;2;6;49,0321730000;2,4682020000
202200005281;2;5;2022;22:00;3;55;1;1;1;6;48,8402750000;5,7180620000
202200005282;27;12;2022;11:35;1;71;2;1;1;6;46,7776400000;4,8454700000
202200005283;4;6;2022;12:15;1;10;2;1;1;2;48,2989100000;4,0776900000
202200005284;29;12;2022;12:05;1;71;2;1;1;3;46,8125300000;4,8552100000
202200005285;5;6;2022;13:50;1;10;2;1;8;6;48,2657409846;4,0741682053
202200005286;2;5;2022;15:50;1;22;1;1;1;6;48,4011990000; -3,4974500000
202200005287;21;3;2022;08:05;1;64;1;1;1;5;43,3250000000; -0,3820000000
202200005288;21;11;2022;07:10;2;91;2;1;8;1;48,6794300000;2,3157600000
202200005289;30;12;2022;12:25;1;69;2;1;2;6;45,7797200000;4,9105900000
202200005290;2;5;2022;09:20;1;22;1;1;2;1;48,4110660000; -2,5742890000
202200005291;4;6;2022;23:56;5;10;2;6;1;3;48,2949859827;4,0813350677
202200005292;20;3;2022;15:55;1;63;2;1;1;3;45,8131300000;3,1106000000
202200005293;29;12;2022;23:30;5;69;2;3;2;3;45,7736600000;4,8672300000
202200005294;22;11;2022;12:25;1;91;2;2;1;3;48,6926600000;2,2962200000
202200005295;25;4;2022;09:00;1;35;1;1;1;1;48,0800119057; -1,4231965318
202200005296;18;3;2022;12:22;1;63;2;1;1;6;45,7903100000;3,0908700000
202200005297;4;6;2022;16:46;1;10;2;6;8;3;48,2966312303;4,0942740440
202200005298;29;12;2022;18:45;3;67;2;1;3;1;48,5378100000;7,6952000000
202200005299;21;11;2022;08:44;1;91;2;1;8;3;48,7240800000;2,2670200000
202200005300;2;5;2022;15:20;1;38;1;1;1;3;45,4532900000;5,3383470000
202200005301;18;3;2022;00:06;5;62;2;1;1;6;50,9463600000;1,8946100000
202200005302;4;6;2022;12:06;1;10;2;9;1;6;48,3039900000;4,0760600000
202200005303;29;12;2022;09:40;1;67;2;3;1;6;48,5997900000;7,7395900000
202200005304;2;5;2022;21:30;3;03;1;1;1;6;46,7130240000;2,9341220000
202200005305;22;11;2022;18:47;3;91;2;1;1;4;48,6866400000;2,4031200000
202200005306;17;3;2022;15:45;1;61;2;6;7;3;48,7510500000; -0,5500500000
202200005307;29;12;2022;20:32;3;67;1;1;3;2;48,8382300000;7,8037600000
202200005308;22;11;2022;09:10;1;91;2;6;1;3;48,7126600000;2,4648700000
202200005309;4;6;2022;10:45;1;10;2;2;1;3;48,2800900000;4,0726190000
202200005310;1;5;2022;11:30;1;01;2;2;1;3;46,2186630000;4,9821500000
202200005311;21;3;2022;07:35;1;59;2;1;7;6;50,7365900000;3,1257900000
202200005312;30;12;2022;22:15;5;65;2;1;1;1;43,2465000000;0,0827900000
202200005313;21;11;2022;08:00;2;91;2;3;8;3;48,6945250000;2,4338010000
202200005314;30;12;2022;10:45;1;65;2;2;1;3;43,2293250000;0,0847950000
202200005315;30;12;2022;05:18;4;63;2;1;1;6;45,7933200000;3,0968000000
202200005316;22;11;2022;21:10;5;91;2;3;1;3;48,6999500000;2,3719300000
202200005317;2;5;2022;05:00;2;58;1;1;1;7;47,4355410000;3,4177460000
202200005318;17;3;2022;17:35;1;59;2;2;1;3;50,6766500000;3,0807600000
202200005319;18;11;2022;17:00;4;91;1;1;3;7;48,6349900000;2,4080700000
202200005320;2;6;2022;10:00;1;10;2;3;1;3;48,3097003208;4,0372878313
202200005321;13;12;2022;08:05;2;62;2;6;8;6;50,9402400000;1,8774800000
202200005322;20;11;2022;19:51;3;91;1;1;9;7;48,4070400000;2,1775400000
202200005323;2;5;2022;13:15;1;06;1;1;1;7;44,0932950000;6,9763410000
202200005324;19;3;2022;17:00;1;59;1;1;1;3;50,3426531849;3,1884906291
202200005325;22;11;2022;08:17;2;87;2;1;2;2;45,8379600000;1,2503000000
202200005326;2;6;2022;13:40;1;09;1;3;1;3;43,1207600000;1,6526300000
202200005327;2;5;2022;12:15;1;43;2;2;1;3;44,9027870000;4,1552620000
202200005328;21;11;2022;08:46;5;87;2;1;1;6;45,8323800000;1,2584900000
202200005329;30;12;2022;06:30;5;59;2;3;1;3;50,7600800000;2,9976800000
202200005330;18;3;2022;18:55;1;56;2;3;1;3;47,7619300000; -3,3559400000
202200005331;30;5;2022;10:25;1;09;2;9;1;6;42,9520000000;1,6150000000
202200005332;18;11;2022;17:13;1;87;2;2;1;3;45,8255900000;1,2706100000
202200005333;30;12;2022;04:25;4;59;2;1;8;3;50,6312106894;2,9632269144
202200005334;14;3;2022;19:25;2;54;2;1;1;6;49,5233000000;5,7930000000
202200005335;2;5;2022;21:00;4;21;2;3;1;6;46,9779320000;4,8846190000
202200005336;17;11;2022;17:01;1;87;2;1;2;6;45,8114100000;1,2235300000
202200005337;30;12;2022;17:44;3;54;1;3;2;3;48,6672800000;5,8539000000
202200005338;2;6;2022;15:15;1;07;2;1;1;5;44,7250800000;4,6006100000
202200005339;18;3;2022;16:40;1;52;2;9;1;6;48,6382119885;4,9514007568
202200005340;2;5;2022;21:15;2;85;1;1;1;6;46,8982900000; -2,0634970000
202200005341;29;12;2022;18:34;5;54;2;1;1;6;49,2854500000;5,8944600000
202200005342;20;11;2022;10:50;1;87;2;2;2;3;45,8284600490;1,2829042416
202200005343;3;5;2022;12:10;1;37;1;1;1;6;47,1944495983;0,8367794752
202200005344;2;6;2022;07:45;1;07;2;6;1;3;44,6452200000;4,3693100000
202200005345;30;12;2022;09:40;1;45;2;1;3;2;48,0092232665;2,7231287956
202200005346;21;3;2022;14:57;1;51;2;2;1;7;49,2762800000;4,0269100000
202200005347;3;5;2022;07:45;1;69;2;1;1;6;45,7595330000;4,7589740000
202200005348;29;12;2022;19:10;5;44;2;9;1;6;47,2796500000; -2,2286900000
202200005349;21;3;2022;15:38;1;51;1;9;1;1;49,0358258739;3,9854139090
202200005350;2;6;2022;19:25;2;06;2;1;1;3;43,5477200000;6,9816800000
202200005351;3;5;2022;07:47;1;33;1;9;1;2;45,2490900000; -0,5386730000
202200005352;29;12;2022;15:40;1;44;2;6;3;2;47,2788700000; -2,2433900000
202200005353;2;6;2022;10:45;1;06;2;2;1;3;43,5545200000;7,0250670000
202200005354;21;3;2022;14:05;1;51;2;4;1;3;49,0445980000;3,9512380000
202200005355;31;12;2022;01:05;5;44;2;1;2;6;47,2161900000; -1,5884400000
202200005356;5;6;2022;18:10;1;06;2;1;1;6;43,6736100000;7,1856100000
202200005357;30;4;2022;17:45;1;17;1;1;1;2;45,7684660000; -0,6695440000
202200005358;18;3;2022;12:45;1;50;2;3;1;3;49,6426100000; -1,6027500000
202200005359;30;12;2022;22:40;3;44;1;1;3;6;47,2264200000; -1,4691800000
202200005360;3;5;2022;18:30;3;974;1;1;1;6; -20,9230680000;55,5375360000
202200005361;2;6;2022;08:20;1;06;2;3;1;3;43,6593200000;7,1619800000
202200005362;30;12;2022;19:15;5;38;2;1;1;2;45,5255490966;4,8848518840
202200005363;20;3;2022;17:05;1;49;2;2;1;3;47,4557300000; -0,5299100000
202200005364;30;4;2022;17:55;1;77;1;1;1;7;49,0013830000;2,8281590000
202200005365;2;6;2022;17:10;1;06;2;1;1;3;43,6025480000;7,0902960000
202200005366;28;12;2022;13:40;1;38;2;1;1;3;45,1844600000;5,7177400000
202200005367;16;3;2022;11:00;1;42;2;2;1;3;45,4573300000;4,3957400000
202200005368;3;6;2022;11:00;1;04;2;1;1;6;44,0926703800;6,2349290800
202200005369;30;12;2022;22:10;3;35;1;1;2;6;48,0804690000; -1,6795600000
202200005370;2;5;2022;08:35;1;77;2;3;1;3;48,8841910000;2,8284910000
202200005371;2;6;2022;13:50;1;02;2;1;1;6;49,6524000000;3,2876000000
202200005372;2;5;2022;11:30;1;11;2;3;1;3;43,3902478225;2,4670924058
202200005373;21;3;2022;10:55;1;35;2;3;1;3;48,0865110000; -1,6646790000
202200005374;30;12;2022;15:50;1;35;1;1;2;4;48,0800959239; -1,6959288500
202200005375;2;5;2022;14:15;1;84;2;1;1;7;43,8795030000;5,4052040000
202200005376;22;4;2022;06:22;2;02;1;1;1;1;49,8328200000;3,3289700000
202200005377;30;12;2022;07:00;5;35;2;1;2;1;48,0787500000; -1,7400300000
202200005378;21;3;2022;07:45;2;35;2;5;1;3;48,1118100000; -1,6465000000
202200005379;30;4;2022;17:10;1;67;1;1;1;2;48,7136970000;7,7566910000
202200005380;4;6;2022;13:00;1;01;2;7;1;3;46,2052700000;5,2270800000
202200005381;30;12;2022;04:03;5;33;2;2;2;3;44,8332824038; -0,5835118890
202200005382;18;3;2022;12:15;1;34;2;1;1;2;43,3313800000;3,2478300000
202200005383;1;5;2022;18:50;1;57;2;1;1;3;49,1414990000;6,6074550000
202200005384;30;12;2022;19:00;3;32;1;1;1;7;43,6572000000;0,5375900000
202200005385;3;5;2022;16:14;1;57;1;1;1;6;49,0984310000;6,4844230000
202200005386;21;3;2022;20:13;5;17;2;9;1;1;46,1578000000; -1,1416400000
202200005387;1;6;2022;14:50;1;01;2;1;1;5;46,2078400000;5,2275900000
202200005388;30;12;2022;07:50;2;31;2;6;2;3;43,5963300000;1,4228600000
202200005389;20;3;2022;01:20;5;14;2;1;1;1;49,2010000000; -0,3957000000
202200005390;30;12;2022;22:20;3;29;1;1;2;7;48,4276533219; -4,4735008478
202200005391;4;6;2022;11:50;1;75;2;1;1;3;48,8579070000;2,2595460000
202200005392;30;12;2022;17:15;5;27;2;1;8;6;49,0915950000;1,4643600000
202200005393;3;5;2022;00:40;3;86;1;1;1;6;46,1430560000;0,3745970000
202200005394;3;6;2022;18:50;1;75;2;4;1;3;48,8256743461;2,3916506767
202200005395;19;3;2022;12:27;1;13;1;9;1;4;43,4700100000;4,9451400000
202200005396;30;12;2022;08:00;5;27;2;3;1;7;49,0952700000;1,4511500000
202200005397;30;4;2022;05:15;3;40;1;1;1;6;43,6745730000; -1,0357300000
202200005398;3;6;2022;16:40;1;75;2;1;2;3;48,8913710000;2,3004760000
202200005399;30;12;2022;20:05;3;22;1;1;2;7;48,4890000000; -2,7630000000
202200005400;21;3;2022;20:30;5;13;2;3;1;3;43,2785723674;5,3858047057
202200005401;3;5;2022;14:50;1;85;2;6;1;3;46,7800720000; -1,4321230000
202200005402;2;6;2022;20:25;1;75;2;1;1;7;48,8294780000;2,2874410000
202200005403;30;12;2022;20:50;5;18;2;3;2;3;47,2364400000;2,0874200000
202200005404;31;12;2022;01:30;1;17;2;1;1;7;46,1580600000; -1,1423300000
202200005405;21;3;2022;15:00;1;13;2;1;1;2;43,3040100000;5,4308400000
202200005406;2;6;2022;18:25;1;75;2;1;1;4;48,9004250000;2,3902070000
202200005407;30;12;2022;06:06;5;13;2;2;1;3;43,2899600000;5,3883600000
202200005408;21;3;2022;15:50;1;13;2;3;1;1;43,3018306161;5,3724287343
202200005409;2;6;2022;15:00;1;75;2;1;1;2;48,8696630000;2,4134940000
202200005410;2;5;2022;18:50;1;59;1;1;1;5;50,1608590000;3,1318550000
202200005411;29;12;2022;22:52;5;13;2;2;1;3;43,3011500000;5,3879100000
202200005412;18;3;2022;08:00;1;06;2;1;1;7;43,6389600000;6,9413800000
202200005413;2;6;2022;09:30;1;75;2;1;1;3;48,8697840000;2,2716840000
202200005414;29;12;2022;20:00;5;13;2;1;1;3;43,2991521286;5,3717927634
202200005415;3;5;2022;07:10;1;59;2;1;7;3;50,5414970000;3,0835320000
202200005416;29;12;2022;05:40;5;75;2;1;2;7;48,8642570000;2,4132790000
202200005417;20;3;2022;14:55;1;06;2;9;1;3;43,6734100000;7,1898100000
202200005418;2;6;2022;09:05;1;75;2;1;1;2;48,8704830000;2,2725290000
202200005419;30;4;2022;17:00;1;13;1;1;1;2;43,3247729309;5,3785084629
202200005420;30;12;2022;23:55;5;75;2;1;3;2;48,9010130000;2,3494070000
202200005421;1;6;2022;20:45;1;75;2;1;1;2;48,8170450000;2,3484020000
202200005422;19;3;2022;11:02;1;05;2;1;1;4;44,5647500000;6,0906200000
202200005423;31;12;2022;19:09;5;75;2;1;1;6;48,8913610000;2,3775200000
202200005424;1;5;2022;07:30;1;13;1;1;1;2;43,3788500000;5,1673600000
202200005425;3;6;2022;06:14;2;75;2;3;1;6;48,8426270000;2,2686900000
202200005426;31;12;2022;18:15;5;75;2;2;1;6;48,8430580000;2,3263280000
202200005427;21;3;2022;08:40;1;75;2;1;1;3;48,8235130000;2,3823940000
202200005428;26;4;2022;18:00;1;13;1;1;1;2;43,3575948230;5,3629044657
202200005429;4;6;2022;01:55;5;75;2;2;1;7;48,8412470000;2,3436400000
202200005430;30;12;2022;23:10;5;75;2;2;2;6;48,8257450000;2,3466050000
202200005431;19;3;2022;19:50;5;75;2;1;1;3;48,8195170000;2,3283140000
202200005432;25;4;2022;11:14;1;13;1;1;1;2;43,3195231876;5,5919972085
202200005433;3;6;2022;23:36;5;75;2;2;1;2;48,8513880000;2,3431680000
202200005434;21;3;2022;14:38;1;75;2;7;1;6;48,8894670000;2,3957220000
202200005435;31;12;2022;21:46;5;94;2;1;1;4;48,7522100000;2,4452100000
202200005436;3;6;2022;18:20;1;75;2;2;1;1;48,8511160000;2,3512880000
202200005437;20;3;2022;21:04;5;75;2;7;1;6;48,8833490000;2,3095040000
202200005438;29;4;2022;23:30;3;67;1;1;1;2;48,5682200000;7,7318500000
202200005439;31;12;2022;21:00;5;94;2;2;1;1;48,7473320000;2,4621420000
202200005440;3;6;2022;16:39;1;75;2;2;8;3;48,8469140000;2,3428080000
202200005441;21;3;2022;14:30;1;75;2;3;1;6;48,8478720000;2,3194140000
202200005442;1;5;2022;20:10;1;91;1;1;1;5;48,6870800000;2,3261100000
202200005443;31;12;2022;17:40;5;93;2;2;1;6;48,8942900000;2,4581000000
202200005444;2;6;2022;18:40;1;75;2;4;1;6;48,8486280000;2,3325820000
202200005445;1;5;2022;07:20;1;78;1;1;1;6;48,7874950000;2,1466730000
202200005446;31;12;2022;14:40;1;93;2;3;1;6;48,8589900000;2,4668500000
202200005447;20;3;2022;07:00;2;75;2;2;1;3;48,8547520000;2,3975130000
202200005448;2;6;2022;14:15;1;75;2;2;1;7;48,8474820000;2,3527210000
202200005449;30;12;2022;19:02;5;93;2;2;8;3;48,9148800000;2,4409300000
202200005450;21;3;2022;10:00;1;75;2;1;1;2;48,8863580000;2,3838230000
202200005451;1;5;2022;07:00;1;92;1;1;1;3;48,9046200000;2,2077720000
202200005452;2;6;2022;08:30;1;75;2;5;1;3;48,8450970000;2,3202520000
202200005453;31;12;2022;09:30;1;92;2;2;1;7;48,8368660088;2,1459174156
202200005454;29;4;2022;22:30;3;77;1;1;1;2;48,6463590000;2,5961290000
202200005455;31;12;2022;15:35;1;92;2;9;1;6;48,9003150000;2,2144490000
202200005456;21;3;2022;16:40;1;75;2;3;1;3;48,8789860000;2,2927780000
202200005457;31;12;2022;00:20;5;92;2;1;2;6;48,8889485444;2,2045467496
202200005458;4;6;2022;13:05;1;75;2;2;8;3;48,8696410000;2,4026060000
202200005459;29;4;2022;19:17;1;94;1;1;1;2;48,8297175111;2,4830468102
202200005460;5;6;2022;19:45;1;75;2;1;8;7;48,8763400410;2,3761770129
202200005461;30;12;2022;22:35;5;92;1;1;2;6;48,9196456416;2,2216131091
202200005462;21;3;2022;15:10;1;75;2;2;1;2;48,8829290000;2,2963850000
202200005463;29;4;2022;14:45;1;94;1;1;1;2;48,7537093297;2,3800721167
202200005464;4;6;2022;13:10;1;75;2;1;1;3;48,8979250000;2,3705230000
202200005465;31;12;2022;19:50;5;92;2;1;1;6;48,8077179103;2,2948395610
202200005466;20;4;2022;19:30;1;77;1;1;1;3;48,9697800000;2,5983600000
202200005467;21;3;2022;09:30;1;75;2;4;1;6;48,8783880000;2,2942260000
202200005468;1;6;2022;23:35;5;75;2;3;1;3;48,8840200000;2,3903200000
202200005469;30;12;2022;22:48;5;92;2;2;2;3;48,8900700000;2,2562700000
202200005470;30;4;2022;10:30;1;974;2;1;1;6; -20,9372700000;55,2980000000
202200005471;20;3;2022;16:25;1;75;2;5;1;3;48,8657700000;2,2759540000
202200005472;1;5;2022;00:00;5;69;2;6;1;3;45,7659800000;4,8558800000
202200005473;31;12;2022;15:10;1;33;1;3;1;3;45,0738690000; -0,0778480000
202200005474;4;6;2022;19:20;1;75;2;2;3;3;48,8915570000;2,3496240000
202200005475;21;3;2022;09:20;1;75;2;2;1;3;48,8225840000;2,3440450000
202200005476;31;12;2022;16:15;1;89;1;1;1;6;47,4463820000;3,9009300000
202200005477;30;3;2022;20:00;2;69;2;1;1;6;45,7096918017;4,8605006933
202200005478;3;6;2022;16:18;2;75;2;2;8;6;48,8977920000;2,3375150000
202200005479;31;12;2022;21:45;3;63;1;1;1;1;46,1932300000;2,7693270000
202200005480;21;3;2022;09:05;1;75;2;1;7;6;48,8589220000;2,3891710000
202200005481;31;12;2022;21:35;3;61;1;1;1;6;48,4661350000;0,4833230000
202200005482;30;4;2022;14:15;1;69;2;3;1;4;45,7271400000;4,8539100000
202200005483;3;6;2022;17:20;1;75;2;4;2;3;48,8863130000;2,3478770000
202200005484;20;3;2022;14:45;1;75;2;7;1;3;48,8622560000;2,3015550000
202200005485;31;12;2022;17:55;5;25;2;2;1;3;47,0025290000;6,0712390000
202200005486;1;5;2022;00:00;5;69;2;1;1;2;45,7409500000;4,8237600000
202200005487;3;6;2022;16:25;1;75;2;2;2;3;48,8980840000;2,3443910000
202200005488;31;12;2022;14:35;1;38;1;1;1;7;45,2533050000;5,8425380000
202200005489;30;4;2022;19:00;1;69;2;2;1;6;45,7657800000;4,8531700000
202200005490;21;3;2022;20:10;5;75;2;2;1;3;48,8605710000;2,3301190000
202200005491;3;6;2022;14:30;1;75;2;3;3;6;48,8908760000;2,3532490000
202200005492;31;12;2022;15:30;1;03;1;1;1;7;46,1884490000;3,3198090000
202200005493;4;6;2022;19:30;1;75;2;7;3;6;48,8808520000;2,2839800000
202200005494;31;12;2022;14:33;1;60;2;1;1;1;49,3129270000;2,6215640000
202200005495;29;4;2022;19:00;1;2B;2;1;1;5;42,6788000000;9,4466000000
202200005496;21;3;2022;16:40;1;94;2;2;1;6;48,7704800000;2,3634000000
202200005497;31;12;2022;16:00;1;36;1;1;1;3;46,4704877517;1,6337227821
202200005498;3;6;2022;21:15;2;75;2;2;1;2;48,8922980000;2,3010070000
202200005499;21;3;2022;09:20;1;94;1;1;1;3;48,7534500000;2,3569500000
202200005500;25;4;2022;22:04;5;95;2;1;1;6;48,9644200000;2,2826500000
202200005501;31;12;2022;22:25;5;48;2;1;1;6;44,4393910000;3,1984910000
202200005502;21;3;2022;20:45;3;94;2;1;1;7;48,7378200000;2,3919300000
202200005503;2;6;2022;23:30;5;75;2;3;1;3;48,8921870000;2,3175560000
202200005504;30;4;2022;20:30;1;91;2;3;1;4;48,6959900000;2,4149100000
202200005505;31;12;2022;19:45;3;42;1;1;1;3;45,6123560000;4,1051100000
202200005506;4;6;2022;06:30;2;75;2;3;1;6;48,8619910000;2,2303790000
202200005507;31;12;2022;19:29;3;92;1;1;1;2;48,7723095382;2,2428001395
202200005508;30;4;2022;19:24;1;91;1;1;1;2;48,6489800000;2,3875300000
202200005509;20;3;2022;16:50;1;94;2;1;1;2;48,8099000000;2,4218700000
202200005510;31;12;2022;09:45;1;91;1;1;8;7;48,7568100000;2,2236900000
202200005511;2;6;2022;20:50;1;75;2;1;1;4;48,8633125831;2,2375094891
202200005512;30;4;2022;16:15;1;91;2;1;7;6;48,6753910000;2,3396530000
202200005513;21;3;2022;08:00;1;93;2;1;1;3;48,9507296749;2,3814027607
202200005514;31;12;2022;04:35;3;91;1;1;2;7;48,6267700000;2,3986400000
202200005515;30;12;2022;21:20;5;94;1;1;2;3;48,8158400000;2,3566300000
202200005516;30;4;2022;14:30;1;91;2;2;7;3;48,6768790000;2,3498460000
202200005517;3;6;2022;01:30;5;75;2;3;1;5;48,8735510000;2,2924530000
202200005518;21;3;2022;10:45;1;93;2;2;1;3;48,9418930000;2,3416880000
202200005519;30;4;2022;15:55;1;79;2;1;1;1;46,3210300000; -0,5137900000
202200005520;2;6;2022;12:53;1;75;2;2;1;6;48,8431970000;2,2602360000
202200005521;21;3;2022;17:05;1;93;2;2;1;6;48,8935000000;2,5022200000
202200005522;30;12;2022;19:34;5;94;1;1;2;4;48,7594589498;2,3225375404
202200005523;2;6;2022;13:50;1;75;2;2;1;6;48,8461420000;2,2724250000
202200005524;21;3;2022;09:35;1;93;2;1;1;2;48,9285100000;2,5523800000
202200005525;31;12;2022;22:00;3;93;1;1;1;3;48,9290162824;2,4812525511
202200005526;30;4;2022;17:00;1;78;1;1;1;1;48,9646700000;2,1746700000
202200005527;2;6;2022;08:15;1;75;2;1;1;3;48,8543220000;2,2627150000
202200005528;30;4;2022;01:40;5;77;2;1;1;1;48,9593200000;2,9038800000
202200005529;21;3;2022;19:45;5;93;2;3;1;3;48,9054710000;2,4784370000
202200005530;1;6;2022;13:55;1;75;2;1;1;3;48,8576790000;2,2711370000
202200005531;31;12;2022;15:45;1;95;1;1;1;4;48,9664443028;2,2562747404
202200005532;29;4;2022;17:30;1;77;2;1;1;1;48,8549930000;2,7015790000
202200005533;21;3;2022;17:30;1;93;2;1;1;6;48,9530620881;2,4953341484
202200005534;30;12;2022;16:45;1;95;1;1;1;6;49,0342660733;2,1124421464
202200005535;1;6;2022;07:19;1;75;2;2;1;2;48,8773430000;2,2792440000
202200005536;30;4;2022;12:00;1;69;2;2;1;3;45,6963689042;4,9262402790
202200005537;30;12;2022;16:15;2;95;1;1;2;6;48,9691950000;2,2507770000
202200005538;20;3;2022;17:00;1;92;2;9;1;7;48,8692200000;2,1554300000
202200005539;3;6;2022;15:35;1;75;2;2;2;7;48,8428680000;2,3123810000
202200005540;30;12;2022;13:00;1;95;1;1;2;6;48,9752700000;2,2411000000
202200005541;18;3;2022;17:45;1;92;2;1;1;3;48,8841620606;2,2145937681
202200005542;30;4;2022;11:15;1;69;2;2;1;3;45,7189300000;4,9309400000
202200005543;31;12;2022;09:00;1;94;1;1;1;6;48,8301463257;2,4891312295
202200005544;2;6;2022;19:15;1;75;2;2;1;2;48,8447640000;2,2799080000
202200005545;31;12;2022;09:10;1;94;1;1;1;7;48,7572047538;2,4763169398
202200005546;20;4;2022;20:40;1;59;2;1;1;7;50,1947844494;3,8312941790
202200005547;31;12;2022;01:24;3;94;1;1;2;6;48,7680357492;2,3785302403
202200005548;18;3;2022;14:00;1;92;2;6;1;3;48,9347277110;2,3196828514
202200005549;2;6;2022;15:30;1;75;2;2;1;3;48,8444280000;2,3176770000
202200005550;30;4;2022;18:10;1;59;2;9;1;2;50,6483467445;3,0512360930
202200005551;31;12;2022;00:31;3;77;1;1;2;2;48,9714198105;2,5734611015
202200005552;21;3;2022;17:15;1;92;2;1;1;3;48,7842293001;2,2487098574
202200005553;29;12;2022;16:45;1;974;2;1;1;7; -21,3517311000;55,5074807000
202200005554;4;6;2022;09:30;1;75;2;2;1;3;48,8365020000;2,3201500000
202200005555;27;4;2022;17:00;1;59;2;1;1;1;50,6016200000;2,9835500000
202200005556;20;3;2022;22:26;5;92;2;1;1;3;48,9170297221;2,3068191111
202200005557;30;12;2022;05:10;5;974;2;1;1;2; -20,8936000000;55,4710100000
202200005558;30;4;2022;12:10;1;45;2;1;1;3;47,9098426240;1,9114703983
202200005559;3;6;2022;20:35;1;75;2;4;1;2;48,8340940000;2,3243530000
202200005560;29;12;2022;21:05;5;69;2;2;2;6;45,7637100000;4,8563700000
202200005561;22;3;2022;10:30;1;26;1;6;1;3;45,0655540000;5,0929250000
202200005562;30;4;2022;10:06;1;45;2;2;1;1;47,9545500000;1,8910100000
202200005563;29;12;2022;18:05;5;69;2;3;2;6;45,7398400000;4,8180300000
202200005564;3;6;2022;14:55;1;75;2;1;2;5;48,8263100000;2,3233010000
202200005565;21;3;2022;03:40;3;66;1;1;3;6;42,7702660000;2,8925800000
202200005566;26;12;2022;18:30;2;971;2;1;1;2;16,0474000000; -61,5641000000
202200005567;29;4;2022;16:25;1;45;2;2;1;3;47,9114285717;1,9295473248
202200005568;29;12;2022;09:32;1;87;1;1;3;7;45,8629900000;1,2871000000
202200005569;22;3;2022;10:50;1;31;2;1;1;1;43,6240530000;1,5347250000
202200005570;4;6;2022;21:00;1;75;2;5;8;3;48,8157990000;2,3605770000
202200005571;23;12;2022;08:45;1;85;2;6;2;7;46,5138500000; -1,7818600000
202200005572;26;4;2022;10:40;1;44;2;6;1;5;47,2632500000; -2,3342000000
202200005573;21;3;2022;18:55;1;35;1;1;1;2;47,9188955819; -1,6800043574
202200005574;29;12;2022;18:00;5;83;2;1;1;5;43,1265732448;6,0127488971
202200005575;30;4;2022;17:10;1;37;2;3;1;3;47,3767430047;0,7369798422
202200005576;4;6;2022;18:20;1;75;2;2;3;3;48,8259410000;2,3452170000
202200005577;27;12;2022;07:50;2;80;2;1;1;3;49,8894700000;2,3098900000
202200005578;30;4;2022;14:20;1;37;2;7;1;6;47,3926516032;0,6791970134
202200005579;4;6;2022;02:25;5;75;2;3;1;6;48,8349670000;2,3461130000
202200005580;21;3;2022;19:45;2;80;1;1;1;2;49,8074370000;2,2602760000
202200005581;27;12;2022;11:55;1;80;2;1;7;3;49,8909100000;2,2769700000
202200005582;30;4;2022;11:35;1;35;2;9;1;3;48,1077595295; -1,6930512339
202200005583;3;6;2022;15:50;1;75;2;2;2;3;48,8310260000;2,3776030000
202200005584;29;12;2022;20:55;5;77;2;9;1;6;48,7829014814;2,6139036227
202200005585;22;3;2022;13:20;1;71;2;6;1;3;46,9038240000;4,7559910000
202200005586;30;4;2022;10:35;1;35;2;1;1;2;48,1051535641; -1,6984371096
202200005587;3;6;2022;00:10;5;75;2;2;1;6;48,8198070000;2,3649060000
202200005588;28;12;2022;21:15;5;77;2;2;2;3;48,8399600000;2,7107500000
202200005589;21;3;2022;21:50;4;47;1;1;1;6;44,2093620000;0,3947860000
202200005590;4;6;2022;23:15;5;75;2;1;2;6;48,8373450000;2,3778680000
202200005591;28;12;2022;12:00;1;72;2;1;8;3;48,0047200000;0,2220400000
202200005592;29;12;2022;19:00;5;69;2;1;2;6;45,6920500000;4,9334000000
202200005593;30;4;2022;21:00;1;33;2;2;1;3;44,8602000000; -0,5235500000
202200005594;4;6;2022;07:00;1;75;2;1;1;6;48,8297330000;2,3869430000
202200005595;21;3;2022;16:50;1;31;2;2;6;3;43,3199110000;1,1840020000
202200005596;30;12;2022;00:40;5;68;2;1;2;6;47,7896700000;7,3358100000
202200005597;5;6;2022;02:15;5;75;2;4;1;6;48,8557113717;2,3787123710
202200005598;30;4;2022;18:40;1;27;2;1;1;2;49,0174400000;1,1144300000
202200005599;22;3;2022;07:30;1;38;1;1;1;3;45,4378970000;5,0057530000
202200005600;28;12;2022;15:15;1;67;2;9;1;3;48,6109000000;7,7373000000
202200005601;29;4;2022;00:40;3;26;1;1;1;6;44,5521200000;4,7023000000