Accident_Id;jour;mois;an;hrmn;lum;dep;agg;int;atm;col;lat;long
202200005602;3;6;2022;15:30;1;75;2;2;2;3;48,8684360000;2,3749300000
202200005603;23;12;2022;07:30;2;67;2;1;2;1;48,6246300000;7,7387600000
202200005604;30;4;2022;17:50;1;21;2;1;1;6;47,0227100000;4,8375100000
202200005605;21;3;2022;13:00;1;58;1;1;1;4;46,8055420000;3,4465260000
202200005606;3;6;2022;10:25;1;75;2;1;1;3;48,8569240000;2,3815960000
202200005607;29;12;2022;01:50;5;66;2;1;1;1;42,6948800000;2,8875700000
202200005608;29;4;2022;17:20;1;21;1;3;8;3;47,0305300000;4,8134500000
202200005609;2;6;2022;10:46;1;75;2;2;1;6;48,8514870000;2,4063020000
202200005610;21;3;2022;19:00;2;85;1;1;1;5;46,8171100000; -1,7582200000
202200005611;28;12;2022;13:00;1;62;2;7;2;3;50,4198690000;2,9110840000
202200005612;26;4;2022;10:15;1;15;2;9;1;3;44,9109600000;2,4518100000
202200005613;3;6;2022;10:00;1;75;2;2;1;2;48,8816100000;2,3657820000
202200005614;22;3;2022;14:46;1;30;1;1;1;1;44,2629160000;4,1626380000
202200005615;29;12;2022;21:30;5;59;1;2;1;3;50,6262100000;3,1364900000
202200005616;20;3;2022;20:00;3;988;1;1;1;6; -22,2086130000;166,4552260000
202200005617;30;4;2022;19:45;2;13;2;3;1;1;43,4325000000;5,2649000000
202200005618;2;6;2022;02:30;5;75;2;2;1;3;48,8738080000;2,3583160000
202200005619;29;12;2022;08:15;3;59;2;2;1;3;50,6312070000;3,0773970000
202200005620;30;4;2022;18:58;1;13;2;3;1;3;43,6500800000;5,0912600000
202200005621;28;12;2022;14:15;1;59;2;1;2;3;50,3644720000;3,0721960000
202200005622;21;3;2022;22:00;5;973;2;1;1;3;4,9120122308; -52,2694502771
202200005623;5;6;2022;12:30;1;75;2;2;1;3;48,8722437439;2,3383008689
202200005624;29;12;2022;18:45;5;59;2;9;1;3;50,1815900000;3,2484400000
202200005625;30;4;2022;18:10;1;13;2;1;1;1;43,3002800000;5,3807100000
202200005626;2;6;2022;12:40;1;75;2;2;1;6;48,8812810000;2,3271340000
202200005627;21;3;2022;20:05;5;987;1;1;1;3; -17,5639650000; -149,6028740000
202200005628;28;12;2022;09:40;1;56;2;7;2;6;47,7366400000; -3,4271100000
202200005629;2;6;2022;09:00;1;75;2;1;1;3;48,8755400000;2,3178160000
202200005630;28;12;2022;16:03;1;54;2;7;1;3;48,9031800000;6,0557800000
202200005631;29;4;2022;16:25;1;13;2;2;1;3;43,2700000000;5,3655100000
202200005632;19;3;2022;03:45;2;987;1;9;1;6; -17,5845220000; -149,5685780000
202200005633;1;6;2022;08:45;1;75;2;1;1;3;48,8689420000;2,3210750000
202200005634;29;4;2022;09:35;1;13;2;9;1;3;43,2637185641;5,4198215453
202200005635;27;12;2022;19:00;5;49;2;2;1;5;47,2603500000; -0,0815700000
202200005636;5;6;2022;21:35;2;75;2;4;2;7;48,8600028377;2,3217053711
202200005637;26;4;2022;16:40;1;13;2;1;1;3;43,3046400000;5,3658200000
202200005638;21;3;2022;15:35;1;18;1;1;1;2;46,6180650000;2,5058910000
202200005639;29;12;2022;13:10;1;49;2;6;1;3;47,4579900000; -0,5148400000
202200005640;30;4;2022;09:10;1;13;1;1;1;2;43,5360300000;4,9749500000
202200005641;5;6;2022;20:25;1;75;2;3;1;3;48,8524020063;2,3264797032
202200005642;22;3;2022;08:45;1;13;1;4;1;1;43,8474880000;4,8146240000
202200005643;26;4;2022;16:55;1;13;2;3;1;3;43,6715600000;4,6281800000
202200005644;22;3;2022;16:00;1;34;1;1;1;6;43,5999340000;3,7328300000
202200005645;5;6;2022;15:05;1;75;2;3;8;3;48,8611190000;2,3241790000
202200005646;30;12;2022;00:50;3;38;1;1;2;7;45,5199390077;4,8947588670
202200005647;3;6;2022;10:40;1;75;2;3;1;6;48,8590560000;2,2932280000
202200005648;30;4;2022;05:29;5;10;2;1;1;3;48,2836500000;4,0724400000
202200005649;21;3;2022;18:40;2;974;1;1;1;6; -21,0286810000;55,2273010000
202200005650;3;6;2022;08:00;1;75;2;2;1;3;48,8543250000;2,3261290000
202200005651;16;3;2022;17:15;1;971;1;1;1;3;16,3532250000; -61,7346080000
202200005652;30;4;2022;14:20;1;06;2;1;1;5;43,7080520000;7,2712310000
202200005653;2;6;2022;14:05;1;75;2;2;1;7;48,8560860000;2,3258010000
202200005654;29;12;2022;13:55;1;35;2;1;1;3;48,1068520000; -1,7280650000
202200005655;18;3;2022;17:10;1;45;1;1;1;1;47,6202670000;2,5126930000
202200005656;30;4;2022;19:20;1;06;2;3;2;6;43,7757800000;7,4953520000
202200005657;21;3;2022;17:10;1;84;2;1;1;3;44,3709970000;4,9798900000
202200005658;30;4;2022;14:00;1;06;1;1;1;6;43,6800050000;6,9164100000
202200005659;4;6;2022;18:00;1;75;2;2;3;3;48,8567330000;2,3489540000
202200005660;29;12;2022;18:30;5;33;2;1;3;6;44,8595000000; -0,5803000000
202200005661;26;4;2022;07:00;1;06;2;1;1;6;43,5684570000;7,0736220000
202200005662;21;3;2022;19:27;2;83;1;1;1;1;43,3935890000;6,6756530000
202200005663;4;6;2022;16:00;1;75;2;2;2;6;48,8672890000;2,3346250000
202200005664;4;6;2022;16:10;2;75;2;1;2;7;48,8639380000;2,3493850000
202200005665;28;4;2022;18:15;1;75;2;1;1;3;48,9009350000;2,3385420000
202200005666;15;3;2022;17:00;1;67;1;1;2;6;48,5387230000;7,4011700000
202200005667;3;6;2022;04:00;5;75;2;3;1;7;48,8566740000;2,3549790000
202200005668;24;2;2022;13:40;1;38;1;1;1;6;45,6259090000;5,4917590000
202200005669;30;4;2022;15:30;1;75;2;2;1;3;48,8384750000;2,3570300000
202200005670;2;6;2022;18:15;1;75;2;3;1;7;48,8614460000;2,3536230000
202200005671;28;12;2022;17:10;2;33;2;2;1;3;44,7855600000; -0,6821400000
202200005672;21;3;2022;21:30;5;07;2;1;1;7;45,0572850000;4,8403470000
202200005673;29;4;2022;11:18;1;75;2;4;1;3;48,8501029623;2,3297668325
202200005674;2;6;2022;08:35;1;75;2;4;1;6;48,8512540000;2,3611500000
202200005675;20;3;2022;18:05;1;69;1;1;1;7;45,6979480778;4,6018853186
202200005676;18;3;2022;09:00;1;85;1;1;1;6;46,5923309000; -1,6345908000
202200005677;1;6;2022;09:10;1;75;2;3;1;7;48,8500910000;2,3589150000
202200005678;30;4;2022;10:50;1;75;2;2;1;3;48,8887880000;2,3930970000
202200005679;27;11;2022;19:53;5;30;2;2;1;3;43,8348300000;4,3550900000
202200005680;22;3;2022;06:10;2;85;1;1;1;6;46,9334550000; -1,0521160000
202200005681;4;6;2022;03:10;5;94;2;5;1;3;48,7860800000;2,3918900000
202200005682;30;4;2022;17:25;1;75;2;2;1;3;48,8975359294;2,3289976269
202200005683;22;3;2022;11:10;1;56;1;1;1;6;47,6690070000; -2,9483270000
202200005684;4;6;2022;15:00;1;94;2;1;1;1;48,8459400000;2,4203900000
202200005685;29;12;2022;20:45;3;29;1;1;1;6;47,9207779873; -3,9280843735
202200005686;30;4;2022;11:03;1;75;2;2;1;3;48,8902394297;2,3599885404
202200005687;4;6;2022;21:05;1;94;2;1;2;2;48,7366360000;2,4467290000
202200005688;21;3;2022;15:30;1;56;1;3;1;3;47,6865680000; -3,0135580000
202200005689;30;4;2022;16:20;1;75;2;2;1;3;48,8744318881;2,2929735482
202200005690;28;12;2022;15:30;1;18;2;1;1;6;47,0883850000;2,3931120000
202200005691;15;3;2022;15:00;1;29;2;1;1;6;48,4485490000; -4,2514580000
202200005692;4;6;2022;11:40;1;94;2;1;1;6;48,7468700000;2,4676600000
202200005693;21;3;2022;10:10;1;22;1;1;1;6;48,4607530000; -2,7163290000
202200005694;30;4;2022;08:00;2;75;2;3;1;6;48,8529040000;2,2810790000
202200005695;2;6;2022;12:43;1;94;2;1;1;3;48,7582200000;2,4434490000
202200005696;30;4;2022;14:00;1;75;2;2;1;6;48,8360920000;2,2939870000
202200005697;19;3;2022;15:00;1;78;1;1;1;5;48,7781940000;2,2134480000
202200005698;29;12;2022;14:50;1;14;2;6;1;4;49,1451280000; -0,3385560000
202200005699;30;4;2022;12:10;1;75;2;2;1;3;48,8254324251;2,3004703224
202200005700;29;12;2022;09:30;1;13;1;1;1;6;43,4239039808;5,2379068990
202200005701;19;3;2022;13:10;1;92;1;1;1;7;48,9142766490;2,2194430375
202200005702;28;4;2022;19:30;1;75;2;2;1;6;48,8420150000;2,3006280000
202200005703;30;10;2022;15:10;1;13;1;1;1;5;43,3856200000;5,1921700000
202200005704;29;12;2022;15:30;1;13;2;1;1;1;43,3411400000;5,3778000000
202200005705;3;6;2022;13:50;1;94;2;1;2;6;48,7910900000;2,3814300000
202200005706;21;3;2022;10:40;1;77;1;1;1;6;48,9718000000;2,5936000000
202200005707;30;4;2022;09:50;1;75;2;4;1;3;48,8247580000;2,3259770000
202200005708;29;4;2022;18:30;1;75;2;1;1;7;48,8295960000;2,3218490000
202200005709;1;6;2022;19:50;1;94;2;1;1;3;48,7880900000;2,3680000000
202200005710;29;12;2022;00:30;5;13;2;3;1;3;43,3382669153;5,3667707346
202200005711;30;4;2022;13:00;1;75;2;2;1;3;48,8322420000;2,3797660000
202200005712;20;3;2022;05:50;5;62;2;1;1;6;50,9410400000;1,9324400000
202200005713;31;5;2022;08:30;1;94;2;1;1;3;48,8014400000;2,3395500000
202200005714;28;12;2022;18:10;5;13;2;1;1;2;43,3262982991;5,4389837974
202200005715;30;4;2022;14:40;1;75;2;7;1;6;48,8664062644;2,3235239089
202200005716;4;6;2022;21:25;1;94;2;2;2;3;48,8432500000;2,4733400000
202200005717;9;3;2022;18:30;5;973;2;1;9;6;4,9382208682; -52,3286466300
202200005718;30;12;2022;22:55;5;75;2;3;8;6;48,8802991837;2,4003593306
202200005719;30;4;2022;11:05;1;75;2;3;1;6;48,8552557623;2,3601199687
202200005720;20;3;2022;10:10;1;69;2;1;1;2;45,7555000000;4,8478600000
202200005721;4;6;2022;13:40;1;94;2;6;1;3;48,7739900000;2,4391800000
202200005722;19;3;2022;20:40;5;69;2;1;1;2;45,7509300000;4,8393100000
202200005723;30;12;2022;19:00;5;75;2;2;2;3;48,8986380000;2,3705160000
202200005724;2;6;2022;19:30;1;94;2;1;1;2;48,7689439950;2,4649141903
202200005725;20;3;2022;20:00;5;69;2;1;1;7;45,7505043729;4,8267282522
202200005726;30;4;2022;16:30;1;94;2;1;1;5;48,7948800000;2,3660800000
202200005727;29;12;2022;19:00;3;75;2;4;1;6;48,8597400000;2,2682080000
202200005728;20;3;2022;12:15;1;69;2;1;1;2;45,7682707837;4,8227462054
202200005729;2;6;2022;14:30;1;94;2;1;1;2;48,7829000000;2,4534600000
202200005730;30;4;2022;05:50;5;94;2;1;1;3;48,8152505777;2,3781065940
202200005731;30;4;2022;19:15;1;94;2;9;1;6;48,7568600000;2,3876400000
202200005732;1;6;2022;16:00;1;94;2;2;1;6;48,7668000000;2,4846000000
202200005733;20;3;2022;20:14;5;2A;2;3;8;3;41,9263800000;8,7383600000
202200005734;30;12;2022;17:45;5;75;2;1;2;1;48,8523610000;2,2857850000
202200005735;30;4;2022;14:20;1;94;2;1;1;2;48,7635600000;2,4936400000
202200005736;1;6;2022;15:18;1;94;2;1;1;6;48,7903700000;2,4528300000
202200005737;15;3;2022;19:50;5;95;2;1;1;4;48,9851400000;2,2955200000
202200005738;1;6;2022;16:00;1;94;2;1;1;6;48,7910400000;2,4636500000
202200005739;30;4;2022;11:15;1;94;2;6;1;3;48,7740900000;2,4388200000
202200005740;1;6;2022;11:45;1;94;2;6;1;3;48,7741100000;2,4389600000
202200005741;20;3;2022;20:35;3;91;2;1;1;1;48,6866900000;2,4029100000
202200005742;29;12;2022;18:40;5;75;2;2;1;6;48,8305560620;2,3192712665
202200005743;4;6;2022;14:10;1;94;2;1;1;2;48,7691660502;2,4216300715
202200005744;3;6;2022;18:55;1;94;2;9;1;7;48,7686720000;2,4204160000
202200005745;30;4;2022;12:14;1;93;2;3;1;3;48,8829500000;2,4954900000
202200005746;4;6;2022;12:35;1;94;2;2;1;6;48,8184656567;2,4195711315
202200005747;3;6;2022;00:30;5;94;2;1;1;2;48,8241100000;2,4051200000
202200005748;20;3;2022;18:20;2;91;2;1;1;2;48,6819700000;2,3750100000
202200005749;1;6;2022;21:00;2;94;2;1;1;3;48,7484420000;2,4896430000
202200005750;30;4;2022;00:30;5;93;2;2;1;7;48,9093700000;2,5500500000
202200005751;20;3;2022;14:15;1;91;2;9;1;1;48,6724070000;2,3893330000
202200005752;29;12;2022;22:40;5;75;2;1;1;3;48,8825840000;2,3505640000
202200005753;16;3;2022;14:25;1;78;2;1;1;6;48,9324400000;2,0580100000
202200005754;30;4;2022;17:45;1;93;1;1;1;2;48,9343590000;2,5815440000
202200005755;3;6;2022;15:55;1;94;2;3;2;2;48,7275500000;2,5312300000
202200005756;27;4;2022;11:50;1;93;2;1;1;3;48,8734000000;2,4340800000
202200005757;30;12;2022;19:00;5;94;2;1;2;4;48,7553850000;2,4845550000
202200005758;2;6;2022;19:15;1;94;2;6;1;6;48,7025800000;2,5452200000
202200005759;21;4;2022;00:50;5;93;2;2;1;2;48,8710800000;2,4310200000
202200005760;3;6;2022;17:50;1;94;2;3;2;3;48,8088200000;2,4143900000
202200005761;20;3;2022;14:05;1;72;1;1;1;7;47,9909600000;0,2389600000
202200005762;30;4;2022;12:40;1;93;2;1;1;1;48,9198178840;2,4386054277
202200005763;20;3;2022;04:05;5;69;2;1;1;6;45,7907500000;4,9922700000
202200005764;3;6;2022;20:04;1;93;2;1;1;4;48,9570950679;2,5437477529
202200005765;30;4;2022;20:15;1;93;2;1;1;2;48,9000699839;2,5669150650
202200005766;30;4;2022;17:42;1;93;2;1;1;6;48,9395700000;2,5094900000
202200005767;30;12;2022;15:45;1;94;2;1;2;4;48,7631800000;2,4422700000
202200005768;2;6;2022;22:30;5;93;2;2;1;3;48,9386900000;2,5755900000
202200005769;20;3;2022;18:40;2;69;2;2;1;3;45,7581800000;4,8932900000
202200005770;29;4;2022;18:20;1;93;2;1;1;6;48,9188220000;2,5019380000
202200005771;2;6;2022;13:20;1;93;2;1;1;6;48,9617692132;2,5706006885
202200005772;4;6;2022;23:00;5;93;2;1;8;6;48,9635300000;2,3902100000
202200005773;28;12;2022;18:35;4;94;2;1;2;3;48,8411050000;2,4802370000
202200005774;3;6;2022;23:30;5;93;2;3;1;3;48,9302200000;2,3504800000
202200005775;30;4;2022;17:22;1;92;2;1;1;6;48,8622619228;2,2163602710
202200005776;3;6;2022;12:15;1;93;2;9;1;2;48,9283969554;2,3412095905
202200005777;19;3;2022;13:30;1;69;2;1;1;5;45,7686093781;4,9362462759
202200005778;30;4;2022;13:20;1;92;2;1;1;6;48,8626500000;2,2259000000
202200005779;30;12;2022;18:07;5;94;1;1;2;7;48,7540000000;2,3757000000
202200005780;30;4;2022;02:30;5;92;2;1;1;7;48,8096800000;2,3244200000
202200005781;19;3;2022;11:15;1;69;2;1;1;6;45,7145700000;4,9650900000
202200005782;2;6;2022;15:40;1;93;2;3;1;1;48,9228110000;2,3645310000
202200005783;30;4;2022;18:30;1;92;2;1;1;3;48,7908125402;2,3196230382
202200005784;4;6;2022;11:10;1;93;2;3;1;6;48,8652237624;2,4957662523
202200005785;30;12;2022;12:00;1;94;2;1;2;7;48,7770700000;2,3307000000
202200005786;20;3;2022;17:20;1;59;2;4;1;6;50,6379200000;3,0539400000
202200005787;30;4;2022;16:40;1;92;2;1;1;6;48,7911585748;2,3198479414
202200005788;1;5;2022;10:05;1;60;1;1;1;7;49,4824540000;1,9426170000
202200005789;4;6;2022;07:55;1;93;2;1;1;2;48,9017400000;2,4136000000
202200005790;20;3;2022;04:50;5;59;2;1;1;2;50,6567819501;3,0887585878
202200005791;30;12;2022;15:30;1;94;2;6;2;3;48,8061000000;2,5343900000
202200005792;1;5;2022;20:50;5;38;2;3;1;5;45,4314970000;4,8178590000
202200005793;5;6;2022;02:50;5;93;2;2;1;3;48,8592540000;2,5814860000
202200005794;20;3;2022;11:45;1;45;2;1;1;6;47,9461210000;1,9189960000
202200005795;1;5;2022;06:20;2;86;1;1;1;7;46,9428400000;0,5862180000
202200005796;4;6;2022;20:05;1;93;2;1;2;2;48,8785990000;2,4973020000
202200005797;20;3;2022;23:15;5;44;2;1;1;7;47,1982500000; -1,6059400000
202200005798;1;5;2022;17:00;1;17;1;1;1;1;45,7536610000; -0,9380870000
202200005799;30;12;2022;00:00;5;94;2;9;8;7;48,8295959196;2,4932862523
202200005800;3;6;2022;08:20;1;93;2;3;1;2;48,9235600000;2,4386400000
202200005801;20;3;2022;06:00;5;37;1;1;1;2;47,3827300000;0,7230800000
202200005802;2;6;2022;14:55;1;93;2;1;1;6;48,9197800000;2,4202100000
202200005803;2;5;2022;10:50;1;83;1;1;1;6;43,4067000000;6,1874490000
202200005804;30;4;2022;21:00;3;972;1;1;1;3;14,8338000000; -61,0755970000
202200005805;20;3;2022;12:32;1;33;2;2;1;3;44,8402100000; -0,5991500000
202200005806;3;6;2022;02:30;5;93;2;2;1;3;48,9244000000;2,4016600000
202200005807;30;12;2022;12:10;1;93;2;1;2;2;48,9322273094;2,3489827765
202200005808;20;3;2022;04:50;5;31;2;1;1;1;43,5857200000;1,3875300000
202200005809;1;6;2022;12:10;1;93;2;1;1;2;48,9274800000;2,4042400000
202200005810;29;4;2022;21:40;2;27;1;1;1;5;48,8745503779;1,3692427575
202200005811;4;6;2022;15:00;1;93;2;1;1;6;48,9013100000;2,5588300000
202200005812;30;12;2022;18:45;5;93;2;9;1;6;48,8783781774;2,4887780147
202200005813;19;3;2022;22:13;5;29;1;6;1;3;47,9712935588; -4,0938717126
202200005814;4;6;2022;21:30;1;93;2;1;1;2;48,9182600000;2,4774400000
202200005815;4;6;2022;18:30;1;93;2;1;3;6;48,9135400000;2,5049400000
202200005816;29;12;2022;23:35;5;93;2;1;1;3;48,8879339665;2,4716235283
202200005817;20;3;2022;19:30;5;13;2;9;1;3;43,3029200000;5,4464700000
202200005818;30;4;2022;11:00;1;12;1;1;1;6;44,5287490000;2,6969130000
202200005819;4;6;2022;12:00;1;93;2;1;1;6;48,9057900000;2,4816900000
202200005820;20;3;2022;16:50;1;13;2;1;1;3;43,2763201060;5,3972812446
202200005821;2;6;2022;18:40;1;93;2;1;1;3;48,9059340000;2,4816200000
202200005822;1;5;2022;17:00;1;12;1;1;1;1;44,4001230000;2,7205320000
202200005823;2;6;2022;15:57;1;93;2;1;1;6;48,9095842257;2,5146390795
202200005824;29;12;2022;20:26;5;93;2;2;1;3;48,8854600000;2,4619100000
202200005825;20;3;2022;05:47;2;13;2;1;1;1;43,3136900000;5,4059700000
202200005826;1;5;2022;11:30;1;85;2;1;1;6;46,8966730000; -1,2483644000
202200005827;2;6;2022;07:10;1;93;2;3;1;3;48,9037400000;2,4762800000
202200005828;20;3;2022;04:45;5;13;2;1;2;3;43,2713772234;5,4018712992
202200005829;16;4;2022;18:00;1;34;1;1;1;2;43,6320338021;3,4481641075
202200005830;30;12;2022;18:14;5;93;2;3;2;2;48,8658500000;2,5674000000
202200005831;5;6;2022;00:30;5;93;2;3;2;6;48,9090680000;2,4495640000
202200005832;20;3;2022;03:15;5;13;2;9;1;5;43,3038500000;5,4000000000
202200005833;23;4;2022;18:05;1;71;1;3;1;6;46,9243620000;4,9905230000
202200005834;3;6;2022;09:57;1;93;2;3;1;6;48,9105900000;2,4756800000
202200005835;30;12;2022;11:45;1;93;2;2;2;3;48,8993700000;2,5595500000
202200005836;19;3;2022;16:10;1;13;2;3;1;6;43,2487531623;5,4404417208
202200005837;28;4;2022;13:20;1;62;1;2;1;1;50,3860780000;2,2519400000
202200005838;30;4;2022;12:20;1;62;1;1;1;3;50,3806480000;2,1162590000
202200005839;29;12;2022;06:55;5;92;2;3;1;6;48,8384855567;2,1717739105
202200005840;20;3;2022;17:25;1;75;2;1;1;2;48,8202740000;2,3243970000
202200005841;2;5;2022;07:00;1;59;2;1;1;3;50,1032620000;3,3419360000
202200005842;29;12;2022;23:30;5;92;2;1;9;7;48,8788709804;2,2492398619
202200005843;30;4;2022;22:00;3;59;1;1;1;6;50,0999480000;3,8236600000
202200005844;28;4;2022;08:30;1;56;1;1;8;7;47,7527310000; -3,2724770000
202200005845;18;3;2022;15:35;1;75;2;2;1;3;48,8840254265;2,3224315792
202200005846;1;5;2022;20:55;3;77;1;1;1;3;48,6077310000;3,2003260000
202200005847;31;12;2022;16:02;1;49;1;1;1;1;47,3435920000; -0,7103350000
202200005848;2;5;2022;14:00;1;47;1;1;1;1;44,3890910000;0,5625990000
202200005849;30;12;2022;19:30;3;54;1;1;2;6;48,5840598940;6,3468360902
202200005850;20;3;2022;18:15;2;75;2;3;1;2;48,8518480000;2,3433890000
202200005851;30;4;2022;18:00;1;47;1;2;1;3;44,6250380000;0,2050070000
202200005852;20;3;2022;18:45;2;75;2;3;1;3;48,8889530000;2,3937350000
202200005853;29;12;2022;18:20;3;22;1;1;1;7;48,5367340084; -2,9848838747
202200005854;29;4;2022;13:00;1;29;2;1;1;1;48,6819189962; -3,9871609211
202200005855;2;5;2022;13:00;1;29;1;1;1;6;47,8159070000; -4,2286800000
202200005856;20;3;2022;14:15;1;75;2;1;1;6;48,9014080000;2,3701360000
202200005857;30;12;2022;22:40;5;31;2;1;1;6;43,6141590000;1,4893390000
202200005858;30;4;2022;13:40;1;31;1;1;1;6;43,7349960000;1,1070230000
202200005859;29;4;2022;18:45;1;02;1;1;1;7;49,4120060000;3,8300010000
202200005860;20;3;2022;06:52;1;75;2;3;1;3;48,8845544280;2,3292444812
202200005861;31;12;2022;17:25;2;81;1;1;1;7;43,6351710000;2,0970530000
202200005862;1;5;2022;15:35;1;03;1;1;1;7;46,2784980000;3,3296730000
202200005863;1;5;2022;19:50;2;70;1;1;1;7;47,8982940000;6,6361020000
202200005864;20;3;2022;14:45;1;75;2;1;1;2;48,8960150000;2,3088730000
202200005865;2;5;2022;11:30;1;26;2;1;1;2;44,7273950000;5,0221680000
202200005866;19;3;2022;15:00;1;75;2;1;1;2;48,8768320000;2,2960910000
202200005867;2;5;2022;11:31;1;58;2;1;1;6;47,0644290000;3,9296240000
202200005868;20;3;2022;11:30;1;75;2;1;1;6;48,8580180000;2,2531820000
202200005869;30;4;2022;03:50;3;54;1;1;1;6;48,9604544901;6,0344660277
202200005870;20;3;2022;10:10;1;75;2;3;1;3;48,8393859695;2,3162443936
202200005871;1;5;2022;19:10;1;72;2;7;1;7;47,6965890000;0,4205150000
202200005872;30;12;2022;22:50;3;22;1;1;3;5;48,4471736541; -2,4814569386
202200005873;1;5;2022;06:55;2;64;1;1;1;6;43,3493680000; -0,2804680000
202200005874;19;3;2022;13:50;1;75;2;3;1;3;48,8498420000;2,2828940000
202200005875;31;12;2022;18:45;3;68;1;1;1;6;47,8919600000;7,2563570000
202200005876;1;5;2022;16:00;1;18;1;1;1;2;46,9855520000;3,0460670000
202200005877;20;3;2022;05:49;5;75;2;2;1;3;48,8468505115;2,3169216514
202200005878;2;5;2022;17:50;1;16;1;1;1;5;45,9111426431;0,4923033714
202200005879;31;12;2022;07:55;4;56;2;1;2;6;47,7139620000; -3,3154034000
202200005880;19;3;2022;19:25;5;75;2;5;1;6;48,8675180000;2,3336800000
202200005881;1;5;2022;02:37;3;21;1;1;1;6;47,4016297297;4,3060054778
202200005882;20;3;2022;14:41;1;94;2;1;1;2;48,7270000000;2,4451500000
202200005883;30;4;2022;18:25;1;40;2;1;1;7;43,6896769110; -0,2753913403
202200005884;31;12;2022;03:00;3;56;1;1;6;6;48,0083430000; -3,1323800000
202200005885;1;5;2022;21:13;2;24;1;1;1;7;45,2963580000;0,2799310000
202200005886;29;12;2022;03:16;3;67;1;1;8;6;48,9955720000;7,0557550000
202200005887;19;3;2022;12:20;1;94;2;3;1;3;48,7951700000;2,4268300000
202200005888;1;5;2022;14:05;1;17;2;1;1;7;46,1356010000; -0,8137820000
202200005889;31;12;2022;16:20;1;82;1;1;1;6;43,8730860000;1,1261950000
202200005890;19;3;2022;23:30;5;93;2;3;1;6;48,9015100000;2,3302500000
202200005891;1;5;2022;16:45;1;973;2;1;1;7;4,8875320000; -52,2823100000
202200005892;21;12;2022;05:15;3;11;1;1;1;6;43,1858570000;2,4904630000
202200005893;20;3;2022;15:02;1;93;2;3;1;6;48,9607200000;2,2935300000
202200005894;1;5;2022;18:25;1;74;1;1;1;1;45,8807030000;6,0297130000
202200005895;31;12;2022;04:00;3;89;1;1;8;6;48,2456400000;3,1531830000
202200005896;20;3;2022;16:45;1;93;2;1;1;6;48,9203600000;2,4100700000
202200005897;30;12;2022;22:47;3;89;1;2;1;7;47,8906240000;3,7115200000
202200005898;1;5;2022;15:50;1;49;1;9;1;2;47,4914280000; -0,5333520000
202200005899;29;12;2022;18:00;2;61;2;1;1;6;48,5759110000; -0,3711750000
202200005900;6;4;2022;05:00;3;33;1;1;1;2;44,6372080000; -0,4233170000
202200005901;31;12;2022;16:40;1;68;2;1;1;7;48,1005170000;7,3151400000
202200005902;30;4;2022;06:50;2;28;1;1;1;5;48,1281170000;1,8528430000
202200005903;31;12;2022;14:10;1;44;1;1;1;1;47,1408360000; -2,0025320000
202200005904;1;5;2022;14:40;1;69;1;1;1;2;45,5491440000;4,7532180000
202200005905;1;5;2022;18:45;3;988;1;1;1;7; -21,2916800000;165,6380900000
202200005906;29;12;2022;07:45;2;29;1;1;2;5;48,4330322482; -4,4521665573
202200005907;1;5;2022;19:45;2;973;2;2;1;2;5,4930770000; -54,0314380000
202200005908;30;12;2022;17:10;5;54;2;9;2;6;49,3119914540;5,7821734231
202200005909;1;5;2022;23:54;3;77;1;1;1;6;48,9272360000;2,9388860000
202200005910;2;5;2022;14:30;1;77;1;1;1;3;48,8019150000;2,7432280000
202200005911;30;12;2022;16:00;1;64;1;1;6;1;43,3379220000; -1,6157630000
202200005912;1;5;2022;22:40;3;83;1;1;1;1;43,2382310000;6,5695560000
202200005913;30;12;2022;11:44;1;18;2;1;2;3;46,9533130000;2,9510360000
202200005914;2;5;2022;14:40;1;13;1;1;1;3;43,2495320000;5,6117500000
202200005915;31;12;2022;13:35;1;53;2;1;1;1;48,1593080000; -0,3960070000
202200005916;1;5;2022;18:22;1;13;1;1;1;7;43,8095860000;4,7869280000
202200005917;30;4;2022;16:20;1;13;2;1;1;2;43,4561080000;5,4028380000
202200005918;29;12;2022;20:45;4;40;2;3;3;3;43,6585040000; -1,3107100000
202200005919;17;3;2022;18:30;1;67;2;1;1;3;48,4720610000;7,4997250000
202200005920;29;12;2022;18:40;4;40;2;3;3;6;43,6585810000; -1,3108010000
202200005921;17;3;2022;22:10;5;67;2;3;2;3;48,4710110000;7,4942960000
202200005922;1;5;2022;10:00;1;42;1;4;7;2;45,8159130000;4,1121640000
202200005923;30;12;2022;16:30;1;24;1;1;1;1;44,8736480000;1,2370880000
202200005924;31;12;2022;16:50;1;85;2;1;7;1;46,3626100000; -0,6125980000
202200005925;2;5;2022;16:25;1;69;1;1;1;1;46,0896620000;4,7289280000
202200005926;1;5;2022;15:15;1;85;1;1;1;2;46,7200200000; -1,9712410000
202200005927;30;12;2022;17:30;5;08;2;7;2;6;49,8880880000;4,7381680000
202200005928;1;5;2022;16:30;1;22;1;1;1;6;48,6666760000; -2,3411180000
202200005929;1;5;2022;18:39;1;76;1;1;1;7;49,5901830000;0,7991270000
202200005930;30;12;2022;15:30;1;88;2;1;2;7;48,3050280000;7,0957300000
202200005931;29;4;2022;15:30;1;13;1;1;1;3;43,2865291834;5,5363694407