Accident_Id;jour;mois;an;hrmn;lum;dep;agg;int;atm;col;lat;long
202200005932;29;4;2022;13:57;1;13;1;1;1;2;43,3300500000;5,3997700000
202200005933;16;10;2022;22:39;5;13;2;2;1;3;43,2831800000;5,3811200000
202200005934;16;10;2022;17:00;1;13;2;3;1;3;43,3245200000;5,4154200000
202200005935;29;4;2022;21:00;5;69;1;1;1;5;45,7355600000;4,9024700000
202200005936;17;4;2022;16:10;1;69;1;1;1;3;45,7966200000;4,9430200000
202200005937;16;10;2022;12:05;1;13;2;1;1;3;43,2722800000;5,4008600000
202200005938;30;4;2022;18:45;1;92;1;1;1;3;48,7767318611;2,2319235205
202200005939;16;10;2022;02:10;5;13;1;1;1;1;43,3289300000;5,3756300000
202200005940;30;4;2022;16:50;1;92;1;1;1;2;48,8405956350;2,2203449607
202200005941;15;10;2022;05:35;5;13;2;1;1;1;43,5009200000;4,9811300000
202200005942;15;10;2022;13:45;1;13;2;1;1;3;43,6895000000;4,6438100000
202200005943;16;10;2022;13:54;1;10;2;9;1;3;48,3053400000;4,0897900000
202200005944;14;10;2022;11:25;1;10;2;1;2;6;48,2956713161;4,1378221056
202200005945;16;10;2022;17:00;1;09;2;1;1;3;43,1058300000;1,6192400000
202200005946;16;10;2022;09:20;1;09;1;1;1;6;43,1390200000;1,5948500000
202200005947;16;10;2022;17:50;1;04;1;1;1;7;43,8280000000;5,8215700000
202200005948;17;10;2022;18:50;2;75;2;1;2;7;48,8572460000;2,2584890000
202200005949;17;10;2022;11:02;1;75;2;4;2;2;48,8545180000;2,3368810000
202200005950;16;10;2022;23:40;5;75;2;2;1;6;48,8878970000;2,3799440000
202200005951;17;10;2022;09:00;1;75;2;7;2;3;48,8896520000;2,3957390000
202200005952;17;10;2022;20:55;5;75;2;3;3;3;48,8885950000;2,3236050000
202200005953;17;10;2022;10:00;1;75;2;7;8;3;48,8886340000;2,3156530000
202200005954;17;10;2022;08:32;1;75;2;2;2;6;48,8496290000;2,3742970000
202200005955;17;10;2022;06:21;2;75;2;2;1;3;48,8640050000;2,3706970000
202200005956;17;10;2022;18:45;2;75;2;3;2;6;48,8758970000;2,2965950000
202200005957;17;10;2022;08:50;1;75;2;5;1;3;48,8700640000;2,3010050000
202200005958;17;10;2022;13:30;1;75;2;7;3;3;48,8538300000;2,3048050000
202200005959;16;10;2022;18:55;2;75;2;2;1;7;48,8670260000;2,3580010000
202200005960;17;10;2022;15:45;1;94;2;1;2;2;48,7829400000;2,3550030000
202200005961;17;10;2022;08:45;2;94;2;1;8;3;48,8200000000;2,3900000000
202200005962;17;10;2022;17:20;1;94;2;2;2;1;48,7170600000;2,5269700000
202200005963;16;10;2022;00:20;5;93;2;2;1;3;48,9534800000;2,5627700000
202200005964;17;10;2022;17:50;1;93;2;1;2;2;48,9422300000;2,3649800000
202200005965;16;10;2022;10:50;1;93;2;1;1;2;48,9311900232;2,3586568669
202200005966;17;10;2022;10:25;1;93;2;3;2;3;48,8585400000;2,4317400000
202200005967;17;10;2022;17:35;1;93;2;9;3;2;48,9381800000;2,3884700000
202200005968;17;10;2022;17:50;1;93;2;1;2;6;48,9001800000;2,4800900000
202200005969;17;10;2022;07:40;2;92;2;1;2;1;48,8881500000;2,1913300000
202200005970;17;10;2022;18:25;2;92;2;3;2;6;48,8944697423;2,2893946767
202200005971;13;9;2022;16:50;1;64;2;2;1;2;43,3639918151; -0,2120658895
202200005972;16;9;2022;12:36;1;07;1;1;1;6;44,3818380000;4,4437660000
202200005973;17;10;2022;18:02;2;92;2;2;2;6;48,8909851170;2,2947719693
202200005974;15;9;2022;15:15;1;04;1;1;1;7;44,0191140000;5,9289690000
202200005975;14;9;2022;16:20;1;87;2;3;1;6;46,1211580000;1,0503530000
202200005976;17;10;2022;08:05;1;92;2;1;2;3;48,9034877277;2,2678200602
202200005977;15;9;2022;13:20;1;37;2;1;1;2;47,3484092164;0,8407330513
202200005978;16;10;2022;06:30;5;92;2;2;1;3;48,9055100000;2,3018400000
202200005979;12;9;2022;14:50;1;30;1;1;1;3;44,1579710000;4,1142400000
202200005980;16;9;2022;15:45;1;88;1;1;8;3;47,8611930000;6,7449130000
202200005981;17;10;2022;18:50;5;92;2;1;2;2;48,8300093499;2,2296844125
202200005982;14;9;2022;13:45;1;69;1;1;1;3;45,8100020000;4,8419670000
202200005983;15;10;2022;16:10;1;92;2;1;1;3;48,9308187099;2,2827430665
202200005984;16;9;2022;12:50;1;974;2;3;1;3; -21,0491553047;55,2223947644
202200005985;16;10;2022;17:00;1;09;1;3;1;1;42,9906470000;1,1336140000
202200005986;17;10;2022;13:15;1;34;1;1;1;6;43,8091370000;3,9305310000
202200005987;16;9;2022;11:00;1;33;2;1;5;4;44,8786150000; -0,9422520000
202200005988;18;10;2022;12:05;1;07;1;1;1;1;44,7209350000;4,5352120000
202200005989;16;9;2022;07:55;1;2B;2;9;1;6;42,5628280000;9,4450800000
202200005990;15;9;2022;19:15;1;34;2;1;1;6;43,4379230000;3,6761470000
202200005991;17;10;2022;07:15;1;974;2;4;1;1; -21,2797370000;55,4128930000
202200005992;16;9;2022;16:20;1;06;1;1;1;1;43,9665130000;7,0082540000
202200005993;15;9;2022;14:45;1;74;1;1;2;1;46,3006870000;6,6737970000
202200005994;6;9;2022;16:25;1;69;1;3;1;7;45,8475080000;4,7331660000
202200005995;17;10;2022;15:30;1;41;1;1;2;2;47,3190430000;1,4450130000
202200005996;8;9;2022;12:15;1;53;1;3;3;3;48,0020440000; -0,9269550000
202200005997;15;9;2022;13:30;1;76;2;1;1;7;49,4948350000;0,2845180000
202200005998;17;10;2022;17:30;1;69;1;1;1;1;46,1469216616;4,6580448747
202200005999;17;10;2022;15:30;1;32;1;1;1;7;43,6377870000;1,1434150000
202200006000;15;9;2022;17:20;1;59;2;3;1;3;50,1322680000;3,4235480000
202200006001;14;10;2022;13:49;1;63;1;1;2;3;46,1102400000;2,9083300000
202200006002;14;9;2022;17:25;1;67;1;1;1;2;48,5444000000;7,7256200000
202200006003;17;10;2022;15:10;1;63;1;1;1;7;45,6660510000;3,6465600000
202200006004;14;9;2022;22:05;3;59;1;1;8;2;50,6899931051;3,1418296695
202200006005;15;10;2022;12:00;1;12;1;1;7;6;43,8964470000;2,9313860000
202200006006;15;9;2022;16:43;1;91;1;1;1;5;48,6323600000;2,4006700000
202200006007;18;10;2022;10:55;1;42;2;1;1;1;45,9180120000;3,8405530000
202200006008;15;9;2022;07:56;1;92;1;1;1;3;48,7628308663;2,3120726521
202200006009;18;10;2022;11:55;1;42;2;4;7;6;45,4822430000;4,3889520000
202200006010;15;9;2022;21:05;3;78;1;1;1;4;48,9649020000;1,8014380000
202200006011;15;9;2022;19:35;1;78;1;1;8;6;48,9726430000;1,7305720000
202200006012;18;10;2022;11:45;1;47;2;1;1;3;44,3201020000;0,0777250000
202200006013;18;10;2022;06:15;2;41;1;1;5;6;47,4103310000;1,3967660000
202200006014;15;9;2022;17:55;1;78;1;1;1;5;48,7791940000;2,1998090000
202200006015;18;10;2022;10:20;1;25;1;1;1;3;47,3849340000;6,7183760000
202200006016;15;9;2022;11:30;1;92;1;1;1;5;48,9353674804;2,2648550687
202200006017;16;10;2022;21:30;3;44;1;1;1;6;47,3997730000; -2,1473340000
202200006018;15;9;2022;08:30;1;92;1;1;1;4;48,8900037324;2,2441999034
202200006019;17;10;2022;19:30;3;03;1;1;1;6;46,2328990000;3,5168250000
202200006020;17;10;2022;15:15;1;03;2;1;1;6;46,4051300000;3,0504120000
202200006021;15;9;2022;01:00;5;78;1;1;1;4;48,8396000000;2,1188300000
202200006022;17;10;2022;06:15;2;03;1;1;1;6;46,7034490000;3,0536200000
202200006023;15;9;2022;21:00;3;95;1;1;1;6;49,0456029080;2,4454048276
202200006024;15;9;2022;11:30;1;93;1;1;1;2;48,9385744444;2,4155606321
202200006025;17;10;2022;00:36;3;58;1;1;1;6;46,9763510000;3,1679280000
202200006026;15;9;2022;18:00;1;94;1;1;1;2;48,7990912310;2,4453273879
202200006027;18;10;2022;12:35;1;58;1;1;1;1;47,0542180000;3,2093600000
202200006028;15;9;2022;07:25;1;94;1;1;1;3;48,8173109429;2,4424371778
202200006029;17;10;2022;17:45;1;66;1;1;1;1;42,8005110000;2,6366810000
202200006030;20;6;2022;06:30;1;59;2;1;1;7;50,6413340000;3,0707370000
202200006031;15;6;2022;18:40;1;38;2;1;1;3;45,5166600000;4,8888000000
202200006032;17;10;2022;14:05;1;90;2;1;1;1;47,6750040000;6,9280920000
202200006033;14;9;2022;00:15;3;92;2;1;1;6;48,9263600000;2,2531050000
202200006034;13;9;2022;07:25;2;93;2;1;1;3;48,9485573996;2,3430754962
202200006035;16;10;2022;00:18;3;43;1;1;1;4;45,3424940000;3,9903550000
202200006036;17;10;2022;17:30;1;04;1;1;1;6;43,8790260000;6,4434710000
202200006037;14;9;2022;15:00;1;69;2;2;1;3;45,7635800000;4,8471400000
202200006038;15;10;2022;16:45;1;17;1;1;2;1;45,9238450000; -0,8437990000
202200006039;14;9;2022;12:35;1;28;2;1;1;1;48,4529000000;1,4560000000
202200006040;18;10;2022;07:30;3;77;1;1;5;1;48,7506800000;2,9475250000
202200006041;1;7;2022;09:00;1;59;2;1;1;3;50,6451291930;3,0281388760
202200006042;18;10;2022;16:53;1;69;2;1;1;1;45,7647240000;4,7736350000
202200006043;14;4;2022;09:45;1;57;2;1;1;3;49,1972706907;6,9249174188
202200006044;15;4;2022;08:00;1;22;2;9;1;7;48,5340600000; -2,7591700000
202200006045;17;10;2022;13:20;1;33;1;1;1;2;44,6385260000; -0,8427300000
202200006046;14;9;2022;14:00;1;976;2;9;1;3; -12,7796300000;45,2327400000
202200006047;17;10;2022;20:30;3;33;1;1;1;2;44,6117950122; -1,0120139629
202200006048;14;9;2022;19:30;1;69;2;1;3;3;45,7631400000;4,8686600000
202200006049;15;10;2022;11:00;1;988;1;1;1;6; -20,9367000000;165,3808100000
202200006050;14;9;2022;20:30;5;69;2;1;3;6;45,7355689808;4,8532050848
202200006051;14;10;2022;19:15;2;78;2;1;2;6;48,7152450000;2,0856030000
202200006052;14;9;2022;19:40;5;69;2;1;3;6;45,7552001527;4,8431414366
202200006053;17;10;2022;20:40;3;34;2;1;1;2;43,6221980000;3,9924890000
202200006054;14;9;2022;17:00;1;69;2;2;1;3;45,7718200000;4,8444300000
202200006055;14;9;2022;07:40;1;972;1;1;1;3;14,6045300000; -61,0806000000
202200006056;17;10;2022;08:15;2;83;1;1;7;4;43,4651490000;6,6202870000
202200006057;14;9;2022;14:04;1;2B;2;1;1;2;42,7016000000;9,4524100000
202200006058;12;9;2022;18:10;1;91;2;1;1;3;48,7269370000;2,3237640000
202200006059;17;10;2022;18:40;2;21;2;3;1;3;47,2568860000;5,0420590000
202200006060;14;9;2022;12:19;1;91;2;2;1;3;48,7073300000;2,4386400000
202200006061;17;10;2022;22:03;3;21;1;1;1;7;47,1923990000;5,1289090000
202200006062;13;9;2022;16:47;1;87;2;3;1;3;45,8321300000;1,2638600000
202200006063;1;10;2022;12:08;1;69;2;1;2;6;45,8906220000;4,4459280000
202200006064;17;10;2022;21:45;3;76;1;1;1;6;49,6982480000;1,5171330000
202200006065;12;9;2022;16:55;1;80;2;5;1;3;49,8865600000;2,2787200000
202200006066;17;10;2022;13:22;1;60;1;1;2;7;49,4149677382;2,2938036917
202200006067;14;9;2022;09:45;1;79;2;6;8;3;46,9817800000; -0,2165100000
202200006068;14;9;2022;09:36;1;78;2;2;2;6;48,9372300000;2,0549600000
202200006069;16;10;2022;21:30;3;59;1;1;1;2;50,1092840000;3,9450350000
202200006070;14;9;2022;17:30;1;77;1;1;1;3;48,5427750000;2,7066960000
202200006071;17;10;2022;22:14;5;13;1;1;1;6;43,2819829153;5,3939748472
202200006072;13;9;2022;13:50;1;76;2;1;1;6;49,4892500000;0,1231000000
202200006073;16;10;2022;07:45;2;59;1;1;1;6;50,6144513322;3,0851704723
202200006074;6;9;2022;13:30;1;76;2;1;1;6;49,5435400000;0,1892400000
202200006075;11;10;2022;14:48;1;62;1;1;1;2;50,4322900000;2,9379600000
202200006076;13;9;2022;20:45;5;72;2;9;1;6;47,9990000000;0,2113800000
202200006077;13;9;2022;08:09;1;66;1;1;1;2;42,6941100000;2,8501900000
202200006078;17;10;2022;13:50;1;92;1;1;2;5;48,7718530000;2,2433130000
202200006079;13;9;2022;17:50;1;64;2;6;1;3;43,5259600000; -1,5169100000
202200006080;17;10;2022;12:24;1;91;1;1;2;7;48,6186700000;2,4272500000
202200006081;17;10;2022;10:30;1;91;1;1;2;2;48,6222000000;2,4222000000
202200006082;12;9;2022;21:30;5;63;2;2;1;3;45,8095800000;3,1071100000
202200006083;13;9;2022;12:20;1;59;2;1;1;6;50,5686786549;3,0556261539
202200006084;17;10;2022;09:20;1;94;1;1;2;2;48,7572338490;2,3295475991
202200006085;12;9;2022;12:25;1;59;2;9;1;6;50,6331491685;3,1352448463
202200006086;13;9;2022;08:52;1;56;2;8;1;6;47,7595100000; -3,3463300000
202200006087;17;10;2022;10:00;1;92;1;1;2;4;48,7605490000;2,2883710000
202200006088;12;9;2022;13:50;1;55;2;1;1;3;48,7619400000;5,1874200000
202200006089;17;10;2022;08:14;1;91;1;1;8;2;48,6985100000;2,2429200000
202200006090;13;9;2022;18:45;1;54;2;1;1;6;48,6923100000;6,1464700000
202200006091;17;10;2022;12:05;1;78;1;1;2;6;48,8316010000;2,1472330000
202200006092;13;9;2022;15:20;1;54;2;1;1;6;48,6716400000;6,1560200000
202200006093;17;10;2022;08:10;2;78;1;1;2;2;48,7781540000;2,2138480000
202200006094;13;9;2022;13:15;1;54;2;1;1;3;48,6216800000;6,1772400000
202200006095;17;10;2022;17:15;1;95;1;1;2;7;48,9864060000;2,5064620000
202200006096;14;9;2022;18:39;1;51;2;1;2;5;49,2163400000;3,9914900000
202200006097;17;10;2022;14:45;1;94;1;1;2;4;48,8302008945;2,4957669959
202200006098;14;9;2022;05:27;5;51;2;1;1;7;49,2319300000;4,0780900000
202200006099;16;10;2022;20:55;3;77;1;1;1;6;48,7708750349;2,6119812069
202200006100;13;9;2022;17:32;1;49;2;1;1;7;47,5016900000; -0,5922500000
202200006101;30;7;2022;09:50;1;55;1;1;1;2;48,6402640000;5,1173920000
202200006102;11;9;2022;13:00;1;44;2;1;1;7;47,2784530000; -2,2101910000
202200006103;3;6;2022;18:25;1;14;1;1;1;6;49,3298086570; -0,8898023304
202200006104;4;9;2022;22:00;5;44;2;1;1;3;47,2090540000; -1,5529940000
202200006105;24;6;2022;20:10;1;69;2;9;1;2;45,7307286809;4,8872101307
202200006106;14;9;2022;15:50;1;44;1;1;1;3;47,2556400000; -1,6431500000
202200006107;8;6;2022;12:05;1;69;2;3;2;3;45,7288600000;4,8658000000
202200006108;30;8;2022;19:55;2;42;2;9;1;3;45,4639400000;4,3982200000
202200006109;13;9;2022;20:00;2;42;2;1;1;6;45,4203700000;4,3910600000
202200006110;20;5;2022;18:50;1;69;2;1;1;3;45,7003200000;4,8862100000
202200006111;14;9;2022;21:50;3;37;2;1;8;1;47,4019600000;0,7490400000
202200006112;18;5;2022;01:05;5;69;2;2;1;3;45,7482000000;4,8436000000
202200006113;14;9;2022;07:30;1;37;2;2;1;6;47,4089800000;0,7035200000
202200006114;17;5;2022;19:35;1;69;2;1;1;2;45,7557362978;4,8625327632
202200006115;13;9;2022;09:09;1;37;2;3;1;3;47,3678000000;0,7232800000
202200006116;14;9;2022;18:40;1;35;2;3;8;2;48,0999100000; -1,6580700000
202200006117;14;9;2022;17:00;1;35;2;1;2;6;48,1537400000; -1,6875700000
202200006118;16;10;2022;20:00;5;75;2;4;1;2;48,8669620000;2,4134350000
202200006119;14;9;2022;20:15;3;34;2;1;1;2;43,6026900000;3,9031000000
202200006120;14;9;2022;12:00;1;32;1;1;1;1;43,6894400000;0,6045200000
202200006121;15;10;2022;02:10;5;75;2;4;2;4;48,9006730000;2,3663030000
202200006122;14;9;2022;13:15;1;29;1;1;1;2;47,9947900000; -4,0723100000
202200006123;14;10;2022;15:10;1;75;2;1;2;2;48,8628190000;2,2649750000
202200006124;14;9;2022;17:00;1;29;2;2;1;7;47,8742492800; -3,9052568070
202200006125;16;10;2022;16:20;1;75;2;3;1;3;48,8691160000;2,3911448000
202200006126;13;9;2022;15:10;1;29;2;3;1;5;48,4300257672; -4,5006877184
202200006127;14;9;2022;19:45;1;28;2;1;1;1;48,7306400000;1,3398300000
202200006128;16;10;2022;15:35;1;75;2;2;1;6;48,8860250000;2,3981210000
202200006129;13;9;2022;13:15;1;25;2;9;1;6;47,4740020000;6,8606230000
202200006130;16;10;2022;10:10;1;75;2;2;1;3;48,8762670000;2,2872100000
202200006131;13;9;2022;17:00;1;21;2;6;1;3;47,3151628998;5,0295893368
202200006132;16;10;2022;12:40;1;75;2;4;1;3;48,8551280000;2,2894300000
202200006133;8;9;2022;09:45;1;21;2;3;1;3;47,3316447522;5,0500405493
202200006134;16;10;2022;17:25;1;75;2;2;1;3;48,8480390000;2,3928530000
202200006135;14;9;2022;00:35;5;21;2;6;8;7;47,0153500000;4,8377600000
202200006136;12;9;2022;18:20;1;19;2;2;1;3;45,1552200000;1,5299900000
202200006137;15;10;2022;23:50;5;94;2;1;2;3;48,8235300000;2,4105800000
202200006138;15;9;2022;00:15;5;14;2;1;1;6;49,1485100000; -0,3451900000
202200006139;16;10;2022;00:30;5;94;2;1;2;3;48,7936000000;2,3691000000
202200006140;14;9;2022;09:00;1;13;2;1;2;3;43,2867030817;5,4149633676
202200006141;13;9;2022;12:20;1;03;2;1;1;3;46,1352100000;3,4527800000
202200006142;16;10;2022;21:20;5;94;2;2;1;3;48,8116300000;2,4030850000
202200006143;14;9;2022;10:45;1;75;2;3;1;3;48,8499860000;2,4128970000
202200006144;16;10;2022;10:40;1;93;2;2;1;3;48,8317800000;2,5840800000
202200006145;16;10;2022;02:10;5;93;2;1;1;6;48,9566376325;2,3200386238
202200006146;14;9;2022;21:05;5;75;2;2;1;3;48,8860960000;2,3898550000
202200006147;16;10;2022;14:10;1;93;2;1;1;6;48,9104702561;2,4536612479
202200006148;14;9;2022;08:15;1;75;2;2;1;3;48,8841770000;2,3685980000
202200006149;16;10;2022;18:30;2;92;2;2;1;3;48,9249301160;2,3254435658
202200006150;14;9;2022;11:45;1;75;2;5;1;7;48,8812480000;2,2955460000
202200006151;16;10;2022;10:25;1;92;2;3;1;3;48,8242600000;2,2109800000
202200006152;13;9;2022;16:47;1;75;2;3;1;6;48,8712730000;2,2932310000
202200006153;15;10;2022;15:30;1;54;1;1;3;3;48,7883188380;6,2792873382
202200006154;12;9;2022;18:23;1;75;2;1;1;2;48,8591490000;2,2869960000
202200006155;16;10;2022;00:10;5;40;2;2;1;6;43,6613910000; -1,3723090000
202200006156;13;9;2022;00:30;5;75;2;2;1;3;48,8404070000;2,3042470000
202200006157;17;10;2022;07:00;3;86;1;1;2;1;46,6213280000;0,7047170000
202200006158;14;9;2022;17:00;1;75;2;2;1;3;48,8304910000;2,3765960000
202200006159;14;10;2022;08:00;2;17;1;6;2;7;46,1803210000; -1,0904040000
202200006160;14;9;2022;14:50;1;75;2;1;1;2;48,8728580000;2,3699540000
202200006161;17;10;2022;06:10;2;26;1;1;1;3;45,2688160000;4,8471590000
202200006162;13;9;2022;12:17;1;75;2;3;1;3;48,8707210000;2,3229080000
202200006163;17;10;2022;16:00;1;50;1;1;1;3;49,0885850000; -1,1289310000
202200006164;14;9;2022;22:57;5;75;2;2;1;3;48,8685470000;2,3419080000
202200006165;14;10;2022;17:35;2;57;1;3;3;3;48,9560020000;6,3012810000
202200006166;14;9;2022;12:20;1;94;2;9;1;6;48,8084940000;2,3316990000
202200006167;16;10;2022;00:20;5;56;1;2;3;6;48,0112200000; -3,3996170000
202200006168;17;10;2022;17:25;1;56;1;1;2;7;47,8493240000; -2,8671260000
202200006169;14;9;2022;10:30;1;94;2;1;1;7;48,7947300000;2,3624000000
202200006170;16;10;2022;16:00;1;59;1;1;1;7;50,8003656917;2,5797486305
202200006171;14;9;2022;08:45;1;94;2;9;1;5;48,8058130000;2,3257690000
202200006172;13;10;2022;19:12;2;65;2;4;1;3;43,3715520000;0,0346490000
202200006173;14;9;2022;14:35;1;94;2;1;1;7;48,8145700000;2,4093400000
202200006174;15;10;2022;11:15;1;63;1;1;8;1;45,5009077495;3,0335837603
202200006175;14;9;2022;07:40;1;94;2;1;1;3;48,7672670000;2,3892070000
202200006176;17;10;2022;13:30;1;34;1;1;2;7;43,6975410000;3,3381700000
202200006177;14;9;2022;02:32;5;94;2;3;1;3;48,7749100000;2,5127400000
202200006178;14;10;2022;08:15;2;22;1;1;2;1;48,6451520000; -3,0963210000
202200006179;14;9;2022;07:50;1;93;2;1;8;3;48,8793836326;2,4781861217
202200006180;14;9;2022;16:15;1;93;2;1;1;6;48,8968046368;2,5058538180
202200006181;15;10;2022;18:35;2;25;2;3;1;3;47,5034570000;6,9393900000
202200006182;14;9;2022;20:11;5;93;2;1;1;6;48,9101800000;2,3992500000
202200006183;12;10;2022;15:00;1;29;1;1;1;5;48,5224140000; -4,5886700000
202200006184;14;9;2022;16:30;1;93;2;2;1;6;48,8496900000;2,5578800000
202200006185;15;10;2022;09:35;1;84;2;3;1;-1;43,6882610000;5,5250900000
202200006186;14;9;2022;21:03;5;93;2;3;1;3;48,8687902792;2,5286728152
202200006187;14;10;2022;07:50;2;03;1;1;2;3;46,4068240000;3,3532660000
202200006188;14;9;2022;07:00;1;93;2;6;1;6;48,9434600000;2,4191500000
202200006189;14;9;2022;10:49;1;93;2;1;1;3;48,9034701000;2,3779164310
202200006190;16;10;2022;21:30;3;01;1;1;1;3;46,3126790000;5,3045030000
202200006191;14;9;2022;09:22;1;93;2;1;7;6;48,9187923611;2,3690892704
202200006192;14;9;2022;13:40;1;92;2;1;1;6;48,8737400000;2,1828300000
202200006193;14;9;2022;12:40;1;92;2;1;1;3;48,8804700000;2,2538600000
202200006194;15;10;2022;18:45;3;58;1;1;2;7;47,0728050561;3,2803075338
202200006195;14;10;2022;17:50;1;66;1;1;1;7;42,4982070000;2,7105760000
202200006196;14;9;2022;10:30;1;92;2;1;1;6;48,8863360000;2,2617740000
202200006197;17;10;2022;11:48;1;54;2;1;1;6;48,9332210000;6,1033610000
202200006198;14;9;2022;20:30;5;92;2;3;1;3;48,8854268487;2,1960505843
202200006199;15;10;2022;16:30;1;50;1;1;1;6;49,1119310000; -1,4662560000
202200006200;14;9;2022;12:15;1;92;2;1;1;2;48,8171880000;2,3257050000
202200006201;14;9;2022;09:50;1;92;2;2;1;7;48,9004494705;2,2864882350
202200006202;13;9;2022;13:50;1;92;2;6;1;3;48,9331493373;2,3026801944
202200006203;15;10;2022;16:20;1;64;2;1;1;4;43,5309480000; -0,9224440000
202200006204;13;10;2022;07:35;2;18;1;1;1;7;46,7619730000;2,1258970000
202200006205;14;9;2022;09:20;1;92;2;1;2;3;48,8888056920;2,2483654618
202200006206;16;10;2022;18:15;1;43;1;1;1;6;44,9925970000;3,6938310000
202200006207;14;9;2022;17:57;1;92;2;1;1;4;48,9073630000;2,3129380000
202200006208;17;10;2022;06:50;3;40;1;2;2;3;44,1450310000; -0,8967800000
202200006209;12;9;2022;18:15;1;92;2;1;1;6;48,9323068949;2,2765227556
202200006210;8;10;2022;11:00;1;24;2;1;1;7;44,8741930000;0,3733180000
202200006211;14;9;2022;16:48;1;67;1;3;8;3;48,8045700000;7,5307100000
202200006212;16;10;2022;08:20;1;87;1;9;1;7;46,0440310000;0,9498020000
202200006213;13;9;2022;13:45;1;42;1;1;1;1;45,5226840000;4,4970020000
202200006214;16;10;2022;18:10;1;87;1;6;1;7;46,1257350000;1,0745390000
202200006215;14;9;2022;15:25;1;61;1;1;1;2;48,7842810000;0,3194460000
202200006216;16;10;2022;06:45;3;52;1;1;1;7;47,8095587826;5,5473725588
202200006217;14;9;2022;18:12;1;57;2;1;1;7;49,3355400000;6,2619280000
202200006218;16;10;2022;00:45;4;52;2;1;1;6;47,7813290000;5,6005490000
202200006219;15;9;2022;10:10;1;74;1;1;8;6;45,9070990000;6,6461060000
202200006220;15;10;2022;19:26;5;987;1;1;1;6; -17,6180000000; -149,5490000000
202200006221;16;8;2022;16:40;1;74;2;1;1;1;45,9476700000;6,6447330000
202200006222;16;10;2022;07:10;3;33;1;1;1;6;45,0952140000; -0,4748070000
202200006223;15;9;2022;04:05;3;76;1;1;5;6;49,7105640000;1,0963150000
202200006224;17;10;2022;16:35;1;57;1;1;1;2;48,7658070000;7,2339820000
202200006225;14;9;2022;21:00;3;63;1;1;2;3;45,8266286279;3,4527379274
202200006226;16;10;2022;03:25;3;38;1;1;1;2;45,6121240000;5,2166070000
202200006227;13;9;2022;15:55;1;61;1;1;1;6;48,2667800000;0,6000530000
202200006228;14;9;2022;20:50;3;61;1;1;2;6;48,3416530000;0,7562320000
202200006229;15;9;2022;18:13;1;61;1;1;1;7;48,6607660000;0,5842390000
202200006230;16;10;2022;22:49;3;60;1;1;1;2;49,1293020000;2,5588270000
202200006231;15;9;2022;06:10;3;61;2;1;5;6;48,6791920000;0,1221690000
202200006232;16;10;2022;20:45;3;987;2;1;1;-1; -17,5770000000; -150,2020000000
202200006233;14;9;2022;18:50;1;49;2;3;1;3;47,7193300000; -0,9858080000
202200006234;16;10;2022;08:40;1;987;2;1;1;1; -17,7560000000; -148,7360000000
202200006235;29;8;2022;16:30;1;49;1;6;1;7;47,5550870000; -1,0483630000
202200006236;17;10;2022;14:37;1;83;2;1;1;6;43,4510220000;6,6925350000
202200006237;9;6;2022;13:15;1;34;1;1;1;6;43,5284320000;3,1856920000
202200006238;14;10;2022;07:00;2;70;2;1;1;6;47,7506750000;6,4594890000
202200006239;8;9;2022;18:00;1;44;1;1;1;6;47,1193810000; -2,0908060000
202200006240;17;10;2022;08:00;1;71;2;6;1;3;46,2766480000;4,0335810000
202200006241;14;9;2022;21:02;3;31;1;1;1;6;43,1988250000;0,7332090000
202200006242;16;10;2022;16:40;1;71;2;1;1;6;46,2352420000;4,7788410000
202200006243;14;9;2022;11:49;1;01;1;1;1;2;45,8191400000;5,6242280000
202200006244;17;10;2022;07:40;2;26;1;3;1;3;45,0275680000;4,9234840000
202200006245;13;9;2022;19:50;2;01;2;2;1;3;46,3329580000;4,8893770000
202200006246;17;10;2022;08:30;1;26;1;9;1;3;44,8399520000;4,9918540000
202200006247;14;9;2022;18:24;1;72;1;1;1;6;48,1620580000;0,6413460000
202200006248;15;9;2022;10:15;1;72;2;9;1;2;47,8248180000;0,0733160000
202200006249;14;9;2022;17:15;1;50;1;1;1;1;48,5512170000; -1,1823820000
202200006250;14;9;2022;13:15;1;83;1;1;2;1;43,5461450000;6,5349180000
202200006251;16;10;2022;11:30;1;33;1;1;1;6;44,9439000000; -0,6787650000
202200006252;15;9;2022;13:15;1;09;1;1;1;7;43,0309880000;1,0186600000
202200006253;14;9;2022;08:09;1;45;1;1;1;7;47,9191071604;1,6980385320
202200006254;16;10;2022;18:20;1;85;1;1;1;7;46,7222016000; -1,4301323000
202200006255;15;10;2022;17:45;1;50;2;6;1;3;49,3027500000; -1,2315540000
202200006256;15;9;2022;18:25;1;43;1;1;8;1;45,2365950000;3,9931650000
202200006257;8;9;2022;16:00;1;43;1;1;1;2;45,3795089869;4,2211688197
202200006258;15;9;2022;10:05;1;43;1;2;7;3;45,1563720000;3,7617120000
202200006259;15;10;2022;17:35;1;14;1;2;1;5;49,2266300000; -0,2162830000