Accident_Id;jour;mois;an;hrmn;lum;dep;agg;int;atm;col;lat;long
202200006260;14;9;2022;10:30;1;10;1;1;1;3;48,4958480000;3,5321360000
202200006261;11;9;2022;15:00;1;07;2;1;1;6;44,2942130000;4,2605500000
202200006262;17;10;2022;14:40;1;56;1;1;2;6;48,1013560000; -2,9804710000
202200006263;14;9;2022;19:40;1;87;2;1;1;6;45,8891180000;0,9022250000
202200006264;15;10;2022;18:19;2;22;2;1;1;3;48,5180770000; -2,6424180000
202200006265;11;10;2022;17:30;1;60;1;1;1;4;49,2438940000;2,4746650000
202200006266;14;9;2022;19:00;3;973;1;1;1;3;4,7899710000; -52,3540580000
202200006267;15;9;2022;17:10;1;988;1;1;1;1; -22,1125100000;166,3250100000
202200006268;15;9;2022;09:15;1;06;1;1;1;2;43,6028950000;7,0745300000
202200006269;16;10;2022;11:15;1;59;2;2;1;3;50,5790670000;3,1378090000
202200006270;15;9;2022;07:45;1;38;1;1;8;2;45,6210310000;5,1838090000
202200006271;14;9;2022;12:15;1;988;1;1;1;6; -20,8840200000;164,6545500000
202200006272;15;9;2022;02:00;3;77;1;1;1;6;48,5509900000;2,9125680000
202200006273;14;9;2022;21:15;3;66;2;1;1;6;42,5382980000;3,0510610000
202200006274;16;10;2022;16:00;1;13;1;1;1;4;43,2917000000;5,4801000000
202200006275;14;9;2022;18:15;1;11;1;1;1;6;43,2793850000;2,3584660000
202200006276;14;10;2022;15:50;1;13;1;1;1;2;43,2909000000;5,4499000000
202200006277;14;9;2022;06:00;3;26;1;1;3;5;44,8125930000;4,8555280000
202200006278;15;9;2022;15:40;1;38;1;1;2;6;45,4764130000;4,8335660000
202200006279;16;10;2022;20:05;3;69;1;1;1;5;45,7089600000;4,8436600000
202200006280;14;9;2022;07:00;1;67;1;1;8;1;48,9339180000;7,8475640000
202200006281;16;10;2022;05:10;3;69;1;1;1;2;45,7106900000;4,9682800000
202200006282;9;9;2022;18:30;1;01;2;3;2;1;46,2458680000;5,1246980000
202200006283;15;10;2022;23:55;5;69;1;1;1;2;45,7007500000;4,8454300000
202200006284;14;9;2022;16:20;1;69;2;6;1;2;45,6909080000;4,7939180000
202200006285;14;9;2022;17:50;1;86;2;1;3;3;46,5771400000;0,2735770000
202200006286;14;10;2022;22:50;3;69;1;1;1;2;45,6810500000;4,7983100000
202200006287;16;10;2022;22:15;3;33;1;1;1;7;44,7151884402; -0,5181276798
202200006288;15;9;2022;07:30;2;85;1;3;1;1;46,5283930000; -1,6860660000
202200006289;14;9;2022;11:10;1;13;1;1;2;7;43,3385900000;5,3767800000
202200006290;16;10;2022;02:05;5;33;1;1;1;2;44,8600567471; -0,5042767525
202200006291;16;10;2022;02:05;3;94;1;1;1;7;48,8159800000;2,3366300000
202200006292;9;9;2022;17:55;1;13;1;1;1;4;43,2800000000;5,4040000000
202200006293;16;10;2022;20:50;5;92;1;1;1;2;48,8867500000;2,2539000000
202200006294;5;6;2022;01:00;3;42;1;1;2;6;45,5528980000;4,6824510000
202200006295;16;10;2022;02:25;3;95;1;1;1;2;49,0739000000;2,5519000000
202200006296;14;9;2022;20:35;3;33;1;1;1;6;44,7596900000; -0,5463600000
202200006297;15;10;2022;12:40;1;95;1;1;2;6;49,0309188745;2,1212960669
202200006298;16;10;2022;05:30;3;77;1;1;2;6;48,8022780000;2,6262200000
202200006299;13;9;2022;22:40;5;33;1;1;1;2;44,8719500000; -0,5059030000
202200006300;14;9;2022;00:59;5;91;2;9;1;7;48,6428400000;2,3639700000
202200006301;4;7;2022;08:45;1;60;1;1;1;5;49,4262020000;2,1336870000
202200006302;14;9;2022;15:41;1;78;1;1;1;6;48,9674400000;1,7460110000
202200006303;15;10;2022;18:00;1;94;1;1;1;4;48,8272864270;2,4692556276
202200006304;3;7;2022;12:30;1;59;1;1;1;2;50,2951650000;3,6352730000
202200006305;14;9;2022;08:10;1;92;1;1;2;1;48,8066242514;2,2126419686
202200006306;3;7;2022;13:30;1;59;1;1;1;3;50,2168520390;3,5756313801
202200006307;13;9;2022;08:50;1;78;1;1;1;2;48,7781680000;2,2134130000
202200006308;15;10;2022;09:56;1;94;1;1;2;4;48,8392376061;2,4933950229
202200006309;9;9;2022;20:00;2;93;1;1;2;3;48,8783381284;2,4768781620
202200006310;2;7;2022;08:28;1;13;1;1;1;4;43,3749000000;5,1777000000
202200006311;14;9;2022;10:00;1;93;1;1;1;3;48,9286129942;2,3584904121
202200006312;27;7;2022;10:00;1;45;1;1;1;1;47,8021440000;1,9546650000
202200006313;1;7;2022;04:20;5;13;2;1;1;3;43,3175720000;5,3640820000
202200006314;21;7;2022;02:30;3;45;1;1;1;6;47,9432420000;2,1212410000
202200006315;13;8;2022;02:00;3;93;1;1;1;2;48,9337609403;2,3832666278
202200006316;13;9;2022;08:50;1;95;1;1;1;3;48,9740529051;2,2452074289
202200006317;3;7;2022;03:10;3;33;1;1;1;2;44,7741938891; -0,6529623270
202200006318;15;10;2022;06:13;5;75;2;2;2;3;48,8693610000;2,3542790000
202200006319;3;7;2022;19:45;1;91;1;1;1;2;48,6257600000;2,3966300000
202200006320;12;9;2022;19:10;1;93;1;1;1;4;48,9669231229;2,5606076717
202200006321;3;7;2022;13:40;1;91;1;1;1;2;48,5488400000;2,4952400000
202200006322;12;9;2022;18:30;1;93;1;1;1;4;48,9162304301;2,3575208466
202200006323;15;10;2022;12:20;1;973;2;6;1;3;4,9244600000; -52,3243000000
202200006324;14;9;2022;11:15;1;94;1;1;1;3;48,8027232706;2,4479364478
202200006325;3;7;2022;19:45;1;78;1;1;1;2;48,8378000000;2,1243000000
202200006326;15;10;2022;16:08;1;69;2;2;1;3;45,7539700000;4,8468400000
202200006327;3;7;2022;09:15;1;78;1;1;1;6;48,9654040000;1,7560680000
202200006328;15;10;2022;10:00;1;69;2;1;1;3;45,7758121881;4,8014599085
202200006329;3;7;2022;07:30;1;78;1;1;1;6;48,8391990000;2,1203370000
202200006330;15;10;2022;07:30;1;971;2;3;1;3;16,2767819539; -61,5081408620
202200006331;2;7;2022;19:45;1;92;1;1;1;4;48,8333531740;2,1613108381
202200006332;3;7;2022;18:50;1;94;1;1;1;6;48,7894301040;2,4404687895
202200006333;14;10;2022;17:00;1;971;2;1;1;6;16,2638600000; -61,5126700000
202200006334;3;7;2022;16:00;1;94;1;1;1;4;48,8294535608;2,5282723079
202200006335;15;10;2022;14:30;1;95;2;1;2;6;49,0008890205;2,4249395728
202200006336;2;7;2022;06:50;2;54;2;2;7;6;48,6894981359;6,1784668565
202200006337;2;7;2022;14:10;1;47;2;2;1;3;44,1921000000;0,6153200000
202200006338;2;7;2022;16:36;1;75;2;2;1;6;48,8217000000;2,3693650000
202200006339;2;7;2022;17:25;1;93;2;3;1;6;48,9182400000;2,4654000000
202200006340;1;7;2022;17:43;1;31;1;1;1;5;43,5833234388;1,4035436511
202200006341;2;7;2022;06:50;1;988;2;3;1;6; -22,2815800000;166,4481300000
202200006342;1;7;2022;14:35;1;976;2;1;1;1; -12,7958320000;45,2161040000
202200006343;1;7;2022;16:40;1;974;1;1;1;4; -21,2962100000;55,4435000000
202200006344;2;7;2022;18:30;1;973;2;1;1;7;4,9273900000; -52,3194200000
202200006345;2;7;2022;01:58;5;973;1;9;2;2;4,9032800000; -52,3242000000
202200006346;2;7;2022;17:55;1;69;2;1;1;3;45,7373984683;4,8424442092
202200006347;2;7;2022;23:10;5;69;2;2;1;3;45,7649400000;4,8358900000
202200006348;1;7;2022;19:30;1;95;2;1;1;3;49,0169274618;2,0915973186
202200006349;3;7;2022;00:13;5;91;2;1;1;7;48,6468850000;2,3756600000
202200006350;1;7;2022;17:55;1;83;2;1;1;6;43,1283100000;5,9085400000
202200006351;2;7;2022;21:35;2;77;1;1;1;6;48,5109900000;2,5961300000
202200006352;2;7;2022;17:30;1;76;2;1;1;6;49,4511800000;1,0874100000
202200006353;1;7;2022;01:10;5;76;2;2;1;2;49,5091300000;0,1591300000
202200006354;2;7;2022;23:49;5;72;2;1;1;2;48,0037372910;0,1913416383
202200006355;2;7;2022;14:30;1;72;2;1;1;2;47,9710194069;0,2045631407
202200006356;2;7;2022;11:05;1;71;1;1;1;6;46,6472460000;4,2980610000
202200006357;2;7;2022;18:30;1;69;2;3;1;2;45,7812000000;4,9134500000
202200006358;2;7;2022;07:25;1;69;2;1;1;3;45,7757298409;4,9002720597
202200006359;2;7;2022;16:15;1;64;2;6;1;3;43,3916300000; -1,6549400000
202200006360;2;7;2022;13:30;1;64;1;1;1;2;43,3241162015; -1,6863584518
202200006361;2;7;2022;20:25;1;64;1;1;1;3;43,2631710965; -0,3901487589
202200006362;1;7;2022;17:20;1;61;2;1;1;1;48,4301000000;0,0699500000
202200006363;2;7;2022;18:10;1;59;2;2;1;6;50,6902400000;3,1615900000
202200006364;29;6;2022;07:30;1;59;2;3;1;3;50,5968547936;3,0819332600
202200006365;2;7;2022;17:00;1;54;2;2;1;3;48,6932824534;6,1281148195
202200006366;1;7;2022;17:15;1;47;2;7;1;6;44,4196100000;0,7004000000
202200006367;2;7;2022;19:55;1;47;1;1;7;6;44,1949400000;0,6559600000
202200006368;2;7;2022;04:50;5;43;2;1;1;6;45,0381441926;3,9009538293
202200006369;2;7;2022;23:00;5;42;2;2;1;3;45,3968200000;4,2964200000
202200006370;3;7;2022;00:15;3;38;1;1;1;2;45,1852800000;5,7025900000
202200006371;2;7;2022;09:38;1;37;2;3;7;6;47,4269313776;0,6923291087
202200006372;2;7;2022;09:37;1;37;2;2;1;2;47,3892469132;0,6828233600
202200006373;2;7;2022;10:45;1;35;2;1;1;2;48,0917957030; -1,6769841313
202200006374;2;7;2022;13:40;1;33;2;1;1;6;44,8667700000; -0,5130900000
202200006375;2;7;2022;07:15;1;33;2;1;1;4;44,8350600000; -0,5636200000
202200006376;1;7;2022;17:40;1;31;1;1;1;4;43,6423200000;1,4733000000
202200006377;2;7;2022;02:05;5;17;2;6;1;6;45,6021400000; -1,0021360000
202200006378;2;7;2022;14:40;1;14;1;1;1;3;49,1653100000; -0,2904300000
202200006379;2;7;2022;20:05;1;13;2;1;1;2;43,2802500000;5,3824800000
202200006380;2;7;2022;01:00;5;13;2;1;1;3;43,2954400000;5,3744100000
202200006381;2;7;2022;20:45;1;11;2;1;1;4;43,2082700000;2,3713700000
202200006382;2;7;2022;14:35;1;11;2;1;1;6;43,2114300000;2,3611700000
202200006383;2;7;2022;18:08;1;10;2;1;1;3;48,3075898670;4,0958833694
202200006384;2;7;2022;18:20;1;06;2;1;1;6;43,7058650000;7,3103990000
202200006385;1;7;2022;16:50;1;01;1;2;1;3;46,2078971997;5,1859250665
202200006386;1;7;2022;11:30;5;75;2;1;1;5;48,8705360000;2,4132240000
202200006387;1;7;2022;14:16;1;75;2;3;1;3;48,8504990000;2,3327800000
202200006388;2;7;2022;16:40;1;75;2;2;1;3;48,8839970000;2,3087150000
202200006389;2;7;2022;17:40;1;75;2;1;1;6;48,8770520000;2,2685650000
202200006390;1;7;2022;20:00;1;75;2;2;1;2;48,8725320000;2,2644400000
202200006391;1;7;2022;22:45;5;75;2;3;1;3;48,8386400000;2,3723590000
202200006392;2;7;2022;16:00;1;75;2;1;1;2;48,8643100000;2,3752470000
202200006393;2;7;2022;13:05;1;75;2;2;1;6;48,8705770000;2,3729000000
202200006394;2;7;2022;17:05;1;75;2;1;1;6;48,8807260000;2,3578220000
202200006395;2;7;2022;01:30;5;75;2;1;1;6;48,8624240000;2,3031920000
202200006396;2;7;2022;02:05;4;75;2;2;1;6;48,8599520000;2,3607700000
202200006397;2;7;2022;21:50;5;94;2;9;1;3;48,8341800000;2,4173200000
202200006398;2;7;2022;15:15;1;94;2;1;1;1;48,7988930000;2,3480260000
202200006399;1;7;2022;21:10;5;94;2;3;1;2;48,7827700000;2,3670100000
202200006400;2;7;2022;15:55;1;94;2;3;7;3;48,7671700000;2,3191300000
202200006401;2;7;2022;15:20;1;94;2;1;1;3;48,7610300000;2,3711400000
202200006402;2;7;2022;01:40;5;94;2;1;1;3;48,8401612735;2,4664673179
202200006403;1;7;2022;20:10;1;94;2;1;1;2;48,8499300000;2,4766500000
202200006404;2;7;2022;08:00;1;94;2;2;1;1;48,7758400000;2,4900900000
202200006405;2;7;2022;00:06;5;94;2;1;1;3;48,7779500000;2,4708000000
202200006406;2;7;2022;20:30;1;93;2;1;1;1;48,9867200000;2,5241800000
202200006407;2;7;2022;18:10;1;93;2;1;1;2;48,9550200000;2,5375200000
202200006408;2;7;2022;19:30;1;93;2;1;1;6;48,9391382676;2,5263807178
202200006409;2;7;2022;15:25;1;93;2;2;1;3;48,8477500000;2,5527600000
202200006410;2;7;2022;14:36;1;93;2;6;1;3;48,8372200000;2,5470700000
202200006411;2;7;2022;17:15;1;93;2;1;7;6;48,8557679622;2,4233125449
202200006412;1;7;2022;23:10;3;93;2;3;1;3;48,9450800000;2,4352000000
202200006413;2;7;2022;20:40;1;93;2;1;1;6;48,9072898733;2,4880889654
202200006414;2;7;2022;01:45;5;93;2;3;1;6;48,9147210000;2,5018070000
202200006415;1;7;2022;23:00;5;93;2;1;1;6;48,9114288028;2,3753508925
202200006416;2;7;2022;20:00;1;92;2;1;1;3;48,8161375729;2,3100467473
202200006417;2;7;2022;09:00;1;92;2;1;1;5;48,9065459865;2,2470836341
202200006418;2;7;2022;15:00;1;92;1;1;1;3;48,9155939618;2,2826703787
202200006419;1;7;2022;16:50;1;92;2;1;1;2;48,7588814357;2,3071482181
202200006420;3;7;2022;01:40;3;60;1;1;1;7;49,5464310000;2,6375990000
202200006421;21;6;2022;10:40;1;80;2;1;1;6;50,0060120000;2,6476380000
202200006422;2;7;2022;22:00;3;37;2;4;1;1;47,2924050000;0,1892430000
202200006423;3;7;2022;01:00;3;54;1;1;1;6;48,7603900340;6,2696743013
202200006424;2;7;2022;02:15;3;24;1;1;1;6;45,1270380000;0,6528870000
202200006425;3;7;2022;20:57;1;91;1;1;1;7;48,3016560000;2,0091460000
202200006426;2;7;2022;13:13;1;95;1;1;1;6;49,1266990000;2,2824040000
202200006427;2;7;2022;15:30;2;974;2;1;1;1; -21,2499970000;55,3536270000
202200006428;3;7;2022;05:30;2;972;1;1;1;1;14,6677020000; -60,9635690000
202200006429;30;6;2022;16:00;1;86;1;1;3;1;46,5753950000;0,6767160000
202200006430;3;7;2022;11:05;1;21;1;1;1;2;47,2576820000;4,5300310000
202200006431;2;7;2022;20:10;1;71;1;1;1;2;46,6883090000;4,8447560000
202200006432;2;7;2022;19:00;1;62;2;4;1;3;50,7881810000;1,9307940000
202200006433;2;7;2022;05:30;2;84;1;1;1;-1;44,2129050000;4,7255700000
202200006434;3;7;2022;01:21;3;40;1;1;1;6;44,1450780000; -0,7415030000
202200006435;2;7;2022;10:25;1;51;1;2;7;3;48,7350780000;4,3002250000
202200006436;1;7;2022;18:05;1;56;2;1;1;2;47,7844350000; -3,4152490000
202200006437;3;7;2022;07:00;1;76;1;1;1;6;49,5458460000;1,5123260000
202200006438;3;7;2022;12:10;1;80;1;1;1;7;49,9606700000;2,9244450000
202200006439;2;7;2022;20:10;1;89;1;1;1;1;47,9261130000;3,8523600000
202200006440;2;7;2022;17:30;1;63;1;1;1;7;45,5355185297;3,7752143472
202200006441;2;7;2022;15:00;1;63;1;9;1;6;45,4684080000;3,8024070000
202200006442;3;7;2022;10:30;1;63;1;1;1;7;45,5396620000;3,7948430000
202200006443;1;7;2022;14:45;1;76;2;1;1;6;50,0554750000;1,3659150000
202200006444;3;7;2022;08:15;1;41;1;1;1;7;47,3758190000;1,5078390000
202200006445;3;7;2022;02:40;3;34;1;1;1;7;43,6295800000;3,3191100000
202200006446;2;7;2022;12:55;1;34;1;1;7;7;43,6236730000;3,1204500000
202200006447;2;7;2022;13:50;1;44;1;3;1;3;47,4595860000; -2,0774780000
202200006448;3;7;2022;11:45;1;29;1;1;1;1;48,0564850000; -3,8433770000
202200006449;3;7;2022;01:30;3;38;2;1;1;7;45,0713120000;5,3150810000
202200006450;3;7;2022;16:30;1;15;1;2;1;3;44,8508340000;2,2534310000
202200006451;3;7;2022;09:35;1;70;1;3;1;3;47,5491530000;6,4450850000
202200006452;2;7;2022;09:40;1;72;1;1;1;1;48,0278920000;0,0850370000
202200006453;3;7;2022;16:30;1;05;1;1;1;7;44,4995050000;6,3456020000
202200006454;3;7;2022;00:40;3;05;1;1;1;6;44,6740360000;5,9356800000
202200006455;3;7;2022;16:45;1;83;2;1;1;6;43,5664759780;6,1830067635
202200006456;3;7;2022;20:00;2;83;1;1;1;3;43,4650580000;6,1360360000
202200006457;25;6;2022;12:25;1;60;2;4;1;3;49,3247620992;2,0133218763
202200006458;2;7;2022;19:25;1;64;1;1;1;3;43,2077410000; -1,2754120000
202200006459;2;7;2022;22:30;5;64;2;4;1;7;43,2410530000; -0,8805400000
202200006460;2;7;2022;02:30;3;64;1;1;1;6;43,0215125382; -0,9247923260
202200006461;2;7;2022;23:45;3;10;1;1;1;6;47,9644968094;4,2978858948
202200006462;3;7;2022;06:00;2;53;1;1;1;6;48,2830650000; -0,4557180000
202200006463;2;7;2022;00:40;3;40;1;1;1;6;43,6293620000; -0,8200370000
202200006464;3;7;2022;15:20;1;40;1;1;1;6;44,3552170000; -1,1289950000
202200006465;2;7;2022;19:50;1;24;1;3;1;3;44,8647820000;1,2501450000
202200006466;2;7;2022;22:45;3;85;1;1;1;2;46,4363600000; -1,4029700000
202200006467;3;7;2022;11:45;1;85;2;6;1;3;46,9401100000; -1,5100400000
202200006468;3;7;2022;16:30;1;48;1;1;1;6;44,1958280000;3,6450790000
202200006469;2;7;2022;20:40;1;34;1;1;1;6;43,6762530000;3,8205600000
202200006470;2;7;2022;19:30;1;06;1;1;1;1;43,6159570000;7,0827480000
202200006471;2;7;2022;20:50;3;987;1;1;1;1; -17,6175800000; -149,5496960000
202200006472;2;7;2022;19:45;1;06;1;1;1;3;43,6708260000;7,2015780000
202200006473;3;7;2022;19:41;1;64;1;1;2;6;43,4486310000; -1,5531490000
202200006474;3;7;2022;00:28;3;51;1;1;1;7;48,7297000000;4,2233470000
202200006475;3;7;2022;05:15;3;988;1;1;2;1; -21,0113650000;164,9924180000
202200006476;3;7;2022;02:55;3;974;1;1;2;7; -20,9027180000;55,5372620000
202200006477;3;7;2022;15:20;1;973;1;9;1;7;5,4645780000; -54,0430680000
202200006478;3;7;2022;11:30;1;95;1;1;1;3;49,1194223817;2,1891894937
202200006479;2;7;2022;20:15;1;78;2;1;1;6;48,5891840000;1,7301630000
202200006480;3;7;2022;12:25;1;78;1;1;1;1;48,9354410000;1,5582350000
202200006481;2;7;2022;18:40;1;30;1;1;1;2;43,7184200000;4,4182040000
202200006482;3;7;2022;02:20;3;34;2;1;1;6;43,6614200000;3,9662540000
202200006483;3;7;2022;17:10;1;13;1;1;1;7;43,3698910000;5,6590020000
202200006484;4;6;2022;16:50;1;38;1;1;1;2;45,3395680000;5,6155050000
202200006485;2;7;2022;17:00;1;81;2;1;1;2;43,7066510000;1,8209730000
202200006486;3;7;2022;11:40;1;09;1;1;1;7;43,0219500000;1,4645150000
202200006487;3;7;2022;11:00;1;79;2;1;1;7;46,8433920000; -0,4977700000
202200006488;2;7;2022;12:20;1;79;1;1;7;1;46,8012930000; -0,3682460000
202200006489;2;7;2022;22:30;2;79;1;1;1;7;46,8498050000; -0,4722570000
202200006490;2;7;2022;15:00;1;56;1;6;1;6;47,6704020000; -2,9490350000
202200006491;2;7;2022;21:15;1;22;2;1;1;6;48,8007350000; -3,0314210000
202200006492;2;7;2022;18:10;1;60;2;3;7;6;49,2056510000;2,5852140000
202200006493;3;7;2022;02:45;3;59;1;1;1;6;50,3130873915;3,2237040997
202200006494;2;7;2022;20:35;2;13;1;1;1;6;43,3066900000;5,5757400000
202200006495;1;7;2022;16:30;1;13;1;1;1;2;43,3870799756;5,2422942996
202200006496;1;7;2022;01:10;5;13;1;1;1;2;43,3035109026;5,4255553650
202200006497;1;7;2022;19:40;1;78;1;1;1;6;48,7999700000;1,9851500000
202200006498;2;7;2022;15:45;1;93;1;1;1;5;48,9362200000;2,4276097000
202200006499;2;7;2022;09:35;1;93;1;1;1;4;48,9248100000;2,3917000000
202200006500;1;7;2022;18:00;1;93;1;1;1;5;48,9703300000;2,5017700000
202200006501;2;7;2022;06:45;2;77;1;1;1;2;48,8164432683;2,6214711348
202200006502;1;7;2022;13:10;1;83;2;1;1;6;43,1286000000;5,9664300000
202200006503;1;7;2022;17:10;1;54;2;2;1;6;48,6883975876;6,1732199192
202200006504;1;7;2022;16:10;1;92;2;1;1;6;48,9230293100;2,2516224682
202200006505;16;4;2022;14:20;1;84;2;1;1;2;44,0662800000;5,0667900000
202200006506;1;5;2022;14:50;1;38;2;9;1;3;45,1598700000;5,7206400000
202200006507;1;7;2022;22:25;3;974;1;1;1;2; -21,3301100000;55,4538000000
202200006508;1;7;2022;07:30;1;974;2;1;7;3; -20,8725000000;55,4495000000
202200006509;1;7;2022;15:10;1;973;2;1;1;6;4,9409198381; -52,3230864108
202200006510;1;4;2022;12:13;1;973;2;1;1;3;4,9447200000; -52,3166200000
202200006511;30;6;2022;08:00;1;973;1;6;1;7;4,9072723412; -52,3219370842
202200006512;11;2;2022;19:00;5;33;2;1;1;3;44,8905700000; -0,6666400000
202200006513;11;2;2022;03:00;5;33;2;2;2;6;44,8599700000; -0,5687500000
202200006514;11;2;2022;19:40;5;31;2;2;1;3;43,5883074664;1,4112550020
202200006515;11;2;2022;07:36;5;31;2;3;1;7;43,6345200000;1,4819900000
202200006516;11;2;2022;00:20;5;31;2;1;1;3;43,6261900000;1,4371700000
202200006517;9;2;2022;09:50;1;31;1;1;1;3;43,6391700000;1,4762700000
202200006518;11;2;2022;05:30;3;30;1;1;1;6;43,8717000000;4,3203700000
202200006519;11;2;2022;19:30;3;26;1;1;1;6;44,8704100000;4,8679750000
202200006520;11;2;2022;17:45;2;26;2;1;1;6;44,9339300000;4,9038100000
202200006521;11;2;2022;16:40;1;26;1;3;1;2;44,5471300000;4,7732700000
202200006522;11;2;2022;11:30;1;26;2;3;1;5;44,5472050000;4,7733270000
202200006523;11;2;2022;21:10;5;25;2;3;1;3;47,2382370000;6,0166650000
202200006524;10;2;2022;22:15;5;25;2;1;3;5;47,2310100000;5,9822600000
202200006525;10;2;2022;14:37;1;14;2;9;2;1;49,1604600000; -0,3617200000
202200006526;11;2;2022;20:15;5;13;2;3;1;3;43,3022900000;5,3953700000
202200006527;11;2;2022;14:12;1;13;2;1;1;3;43,3017800000;5,3727100000
202200006528;11;2;2022;12:15;1;13;2;1;1;3;43,2674095974;5,3939362113
202200006529;11;2;2022;10:05;1;13;2;1;1;5;43,3383198389;5,3932344077
202200006530;11;2;2022;08:58;1;13;2;9;1;1;43,2834200000;5,4144500000
202200006531;11;2;2022;15:30;1;11;1;1;1;4;43,2244900000;2,3284000000
202200006532;11;2;2022;17:30;1;10;2;1;1;1;48,2678954233;4,0640991926
202200006533;11;2;2022;11:25;1;10;2;9;1;6;48,2930000000;4,0473300000
202200006534;11;2;2022;08:58;1;10;2;9;1;3;48,2858900000;4,0775800000
202200006535;10;2;2022;17:43;1;10;2;9;1;6;48,2982500000;4,0739900000
202200006536;10;2;2022;19:10;5;09;2;6;1;6;42,9634090000;1,6041900000
202200006537;9;2;2022;09:45;1;06;2;3;1;5;43,7706400000;7,4949700000
202200006538;11;2;2022;18:45;5;06;2;9;1;6;43,6569730000;6,9224000000
202200006539;11;2;2022;20:45;5;01;1;2;1;3;46,2099500000;5,2042600000
202200006540;10;2;2022;01:35;5;01;2;1;1;2;46,2189840000;5,2114830000
202200006541;11;2;2022;18:00;5;75;2;4;1;2;48,8610069012;2,2637481987
202200006542;10;2;2022;13:50;1;75;2;5;2;3;48,8865620000;2,2900770000
202200006543;8;2;2022;09:40;1;75;2;2;1;3;48,8550740000;2,3502800000
202200006544;11;2;2022;12:15;1;75;2;3;1;3;48,8493709993;2,3457017541
202200006545;11;2;2022;09:05;1;75;2;1;1;3;48,8799991397;2,3743061721
202200006546;11;2;2022;11:00;1;75;2;7;1;3;48,8835260000;2,3268650000
202200006547;11;2;2022;10:30;1;75;2;2;1;3;48,8622856265;2,2383168340
202200006548;10;2;2022;20:27;5;75;2;7;2;6;48,8633070000;2,2866570000
202200006549;10;2;2022;14:36;1;75;2;3;1;3;48,8385420000;2,2522200000
202200006550;11;2;2022;09:00;1;75;2;2;1;1;48,8546010189;2,2888885438
202200006551;11;2;2022;17:35;5;75;2;4;1;6;48,8302270000;2,3258930000
202200006552;11;2;2022;11:15;1;75;2;3;1;6;48,8399370000;2,3823410000
202200006553;11;2;2022;10:00;1;75;2;4;1;3;48,8369473662;2,3915407062
202200006554;11;2;2022;08:03;1;75;2;1;1;3;48,8448382662;2,3688974977
202200006555;11;2;2022;11:00;1;75;2;3;7;3;48,8761036575;2,3605719209
202200006556;11;2;2022;15:00;1;75;2;1;1;3;48,8762380000;2,3236090000
202200006557;11;2;2022;12:05;1;75;2;2;1;3;48,8533315098;2,3578199744
202200006558;10;2;2022;18:16;5;75;2;2;3;6;48,8562850000;2,3566020000
202200006559;11;2;2022;15:55;1;94;2;3;1;3;48,7508900000;2,4845500000
202200006560;10;2;2022;20:00;5;94;2;2;2;1;48,7992900000;2,4898300000
202200006561;11;2;2022;15:25;1;94;2;1;1;3;48,7959500000;2,3683800000
202200006562;10;2;2022;19:00;5;94;2;1;2;6;48,7984100000;2,3549550000
202200006563;11;2;2022;17:45;2;94;2;3;1;6;48,7576100000;2,4027100000
202200006564;11;2;2022;09:15;1;94;2;1;9;2;48,7610000000;2,3185800000
202200006565;10;2;2022;19:00;5;94;2;2;3;3;48,8476000000;2,4878900000
202200006566;10;2;2022;14:00;1;94;2;2;1;3;48,7630200000;2,4795400000
202200006567;11;2;2022;16:45;2;94;2;1;1;6;48,7637200000;2,4033000000
202200006568;10;2;2022;10:00;1;94;2;3;1;3;48,7734300000;2,4099600000
202200006569;11;2;2022;09:56;1;94;2;1;1;7;48,7263869113;2,5675005911
202200006570;11;2;2022;14:00;1;93;2;6;1;7;48,9819200000;2,5258400000
202200006571;11;2;2022;10:30;1;93;2;1;1;6;48,9733921470;2,5614669391
202200006572;11;2;2022;22:28;5;93;2;7;1;6;48,9120000000;2,3340600000
202200006573;11;2;2022;16:55;1;93;2;5;1;3;48,8762037678;2,4231597036
202200006574;11;2;2022;13:00;1;93;2;2;1;3;48,8797715932;2,4411374331
202200006575;11;2;2022;00:20;5;93;2;7;2;2;48,9208900000;2,4105300000
202200006576;11;2;2022;22:35;5;93;2;1;9;3;48,9072253871;2,4802791077
202200006577;10;2;2022;22:45;5;93;2;3;1;3;48,9001700000;2,4862500000
202200006578;11;2;2022;12:25;1;93;2;1;1;6;48,9163337355;2,4230006240
202200006579;11;2;2022;10:05;1;93;2;2;1;6;48,9291020424;2,4953770638
202200006580;11;2;2022;14:10;1;93;2;9;1;3;48,9464249962;2,5108408824
202200006581;11;2;2022;12:20;1;92;2;2;1;6;48,8717381519;2,2253046334
202200006582;11;2;2022;14:00;1;92;2;1;1;7;48,8276373601;2,1839680374
202200006583;9;2;2022;22:50;5;92;2;3;1;6;48,8271309349;2,1860236823
202200006584;11;2;2022;20:35;5;92;2;1;1;6;48,8945519173;2,2981054187
202200006585;11;2;2022;16:45;1;92;2;3;1;3;48,8277260000;2,2754380000
202200006586;11;2;2022;16:45;1;92;2;1;1;3;48,9029787196;2,2710918188
202200006587;11;2;2022;09:20;1;92;2;1;1;4;48,8999798394;2,2730924785
202200006588;11;2;2022;07:40;2;92;2;1;1;6;48,9004104155;2,2744217813
202200006589;10;2;2022;16:55;1;92;2;2;1;3;48,8320800000;2,2530700000
202200006590;11;2;2022;20:58;5;92;2;3;1;1;48,8032008407;2,3191092610