Accident_Id;jour;mois;an;hrmn;lum;dep;agg;int;atm;col;lat;long
202200006591;12;2;2022;13:00;1;54;2;1;1;7;48,6161350223;6,2541738133
202200006592;11;2;2022;11:25;1;51;2;6;1;7;48,7231710000;4,5835040000
202200006593;12;2;2022;08:40;3;49;1;1;1;7;47,1774770000; -0,6741730000
202200006594;12;2;2022;05:15;3;76;1;1;1;1;49,8845150000;1,2886400000
202200006595;11;2;2022;17:25;1;81;1;3;1;3;43,9142220000;2,0456300000
202200006596;11;2;2022;17:00;1;10;2;9;1;1;48,2058420000;3,8954040000
202200006597;11;2;2022;16:30;1;63;1;1;1;7;46,0132444074;2,7815781534
202200006598;11;2;2022;18:10;3;74;1;1;1;2;45,9256700000;6,0873750000
202200006599;12;2;2022;15:00;1;87;1;9;1;5;45,7397050000;1,3404610000
202200006600;11;2;2022;09:00;1;38;1;6;2;1;45,3438590000;5,4830090000
202200006601;11;2;2022;14:00;1;87;1;9;7;1;45,7713100000;1,1861160000
202200006602;11;2;2022;15:40;1;74;1;1;1;1;45,7939090000;6,0557390000
202200006603;12;2;2022;13:57;1;74;2;1;1;1;45,8813260000;5,9307830000
202200006604;12;2;2022;09:50;1;55;2;1;1;6;48,8902030000;5,5408320000
202200006605;11;2;2022;15:00;1;49;2;1;1;7;47,3737508287; -0,1092785597
202200006606;9;2;2022;11:30;1;22;2;3;8;3;48,3111550000; -3,1616610000
202200006607;11;2;2022;17:00;1;39;1;1;1;3;46,4481370000;6,0765860000
202200006608;12;2;2022;14:35;1;25;1;1;1;2;47,1723890000;6,4799430000
202200006609;12;2;2022;08:20;1;44;1;1;1;6;47,1047260000; -2,0497120000
202200006610;12;2;2022;04:35;3;29;1;1;1;6;48,2479830480; -3,8658750056
202200006611;3;8;2022;19:38;1;54;2;2;1;3;48,9075490000;6,0457100000
202200006612;11;2;2022;19:35;5;31;2;1;1;6;43,3077840000;1,2224810000
202200006613;11;2;2022;19:15;3;01;1;3;1;3;46,0582270000;5,3861440000
202200006614;3;8;2022;18:30;1;50;2;1;1;2;49,6422600000; -1,6223600000
202200006615;12;2;2022;15:45;1;01;1;3;1;3;45,7169670000;5,6666710000
202200006616;11;2;2022;18:45;3;72;1;1;1;2;48,0621420000;0,2755920000
202200006617;11;2;2022;04:00;3;14;1;1;8;6;49,1312570000; -0,2216360000
202200006618;11;2;2022;14:35;1;05;1;1;1;7;44,4964300000;6,1485490000
202200006619;29;6;2022;20:48;1;49;1;1;9;1;47,0802700000; -0,8283900000
202200006620;11;2;2022;13:55;1;50;2;1;1;1;49,2123690000; -1,5260320000
202200006621;12;2;2022;01:46;3;28;1;1;1;7;48,0981740000;1,8649720000
202200006622;11;2;2022;16:55;1;17;2;2;1;3;45,4783010000; -0,5729410000
202200006623;11;2;2022;12:50;1;08;1;1;1;1;49,9657910000;4,6597050000
202200006624;3;8;2022;23:05;5;49;2;2;1;3;47,4570100000; -0,5540100000
202200006625;11;2;2022;19:40;3;03;1;1;1;4;46,3275060000;2,9426840000
202200006626;12;2;2022;00:55;3;45;1;1;1;6;47,9474640000;1,8487340000
202200006627;12;2;2022;15:08;1;27;1;1;1;6;49,3510040000;0,4432620000
202200006628;11;2;2022;22:27;3;988;1;1;2;6; -21,2732300000;165,6429900000
202200006629;12;2;2022;06:40;2;95;1;1;8;1;49,0407492101;1,9443762302
202200006630;3;8;2022;13:32;1;49;2;1;1;3;47,4756800000; -0,5201600000
202200006631;12;2;2022;13:50;1;66;1;1;1;1;42,7718150000;2,7566300000
202200006632;3;8;2022;13:20;1;47;2;4;1;3;44,1790900000;0,6053200000
202200006633;12;2;2022;05:25;5;34;2;6;1;7;43,6642950000;4,1744530000
202200006634;2;2;2022;11:35;1;71;1;4;2;4;46,9190680000;4,1884730000
202200006635;4;8;2022;08:00;1;45;2;1;1;6;47,8468920000;1,9113830000
202200006636;11;2;2022;16:15;1;51;2;1;7;7;49,3100530000;3,6721930000
202200006637;4;8;2022;03:12;5;45;2;1;1;2;47,8904500000;1,9226000000
202200006638;12;2;2022;08:30;1;63;2;1;1;6;45,7800170000;3,0111960000
202200006639;12;2;2022;16:56;1;74;2;1;1;3;46,1881500000;6,3019860000
202200006640;2;8;2022;01:15;3;44;1;1;1;6;47,2554300000; -1,5354700000
202200006641;12;2;2022;15:55;1;42;1;1;1;6;45,4821750000;4,7245500000
202200006642;30;7;2022;05:45;5;42;2;1;1;6;45,5087000000;4,5734200000
202200006643;11;2;2022;16:30;1;47;1;1;1;1;44,5223180000;0,1558420000
202200006644;17;7;2022;19:45;1;42;2;3;1;3;45,4470400000;4,4394500000
202200006645;12;2;2022;15:40;1;85;1;1;1;3;46,7220000000; -1,6193570000
202200006646;4;8;2022;19:40;1;42;2;1;1;6;46,0523600000;4,0654300000
202200006647;11;2;2022;20:25;5;22;2;2;1;3;48,8071920000; -3,3744340000
202200006648;3;8;2022;11:15;1;42;2;1;1;1;45,3785200000;4,2755100000
202200006649;22;1;2022;12:45;1;22;1;1;1;2;48,4961360000; -2,8502660000
202200006650;12;2;2022;02:50;4;60;1;1;1;7;49,1160180000;2,7973940000
202200006651;4;8;2022;21:20;2;37;2;1;1;2;47,3653000000;0,7122700000
202200006652;11;2;2022;16:30;1;80;1;1;1;2;49,8435180000;2,8664820000
202200006653;4;8;2022;13:30;1;37;2;2;1;1;47,3975300000;0,6994700000
202200006654;11;2;2022;19:05;5;33;1;1;1;3;44,8243370000; -0,5112800000
202200006655;10;2;2022;08:50;1;33;1;1;1;6;44,8035920000; -0,5325410000
202200006656;11;2;2022;15:15;1;94;1;1;1;2;48,8010000000;2,3420000000
202200006657;4;8;2022;14:30;1;37;2;2;8;3;47,3583000000;0,7221400000
202200006658;11;2;2022;04:15;3;94;1;1;2;6;48,7765100000;2,3458100000
202200006659;4;8;2022;15:30;1;35;1;1;1;6;48,0874324906; -1,5896540880
202200006660;11;2;2022;16:00;1;78;1;1;1;6;48,7991760000;1,9956230000
202200006661;11;2;2022;10:10;1;92;1;1;1;7;48,9116500516;2,2168203970
202200006662;11;2;2022;00:30;3;78;1;1;8;2;48,9302400000;1,9829400000
202200006663;4;8;2022;17:42;1;32;2;3;1;7;43,6486400000;0,5836300000
202200006664;11;2;2022;16:30;1;93;1;1;1;5;48,8652500000;2,4819900000
202200006665;11;2;2022;09:00;1;95;1;1;1;2;48,9846660000;2,2416210000
202200006666;4;8;2022;14:20;1;31;2;2;1;2;43,6511100000;1,3743300000
202200006667;11;2;2022;19:15;3;75;1;1;1;2;48,8231700000;2,4629700000
202200006668;11;2;2022;11:50;1;94;1;1;1;2;48,8173300000;2,4224700000
202200006669;2;8;2022;21:45;1;19;2;1;1;1;45,1457611211;1,4904226938
202200006670;11;2;2022;07:55;1;94;1;1;1;3;48,8085628803;2,4490578633
202200006671;4;8;2022;01:30;5;13;2;9;1;3;43,2870104626;5,3877851063
202200006672;10;2;2022;16:30;1;29;2;2;1;3;47,9936800000; -4,1064500000
202200006673;4;8;2022;13:52;1;13;2;1;1;3;43,3315984065;5,3984345141
202200006674;10;2;2022;20:45;5;93;2;2;3;6;48,9040000000;2,4713100000
202200006675;10;2;2022;11:00;1;07;2;3;1;6;44,7351800000;4,5962500000
202200006676;2;8;2022;10:20;1;12;1;1;1;5;44,3647000000;2,5498400000
202200006677;9;2;2022;13:00;1;974;2;1;1;6; -20,8897500000;55,4516600000
202200006678;3;8;2022;13:30;1;12;1;1;7;6;44,5616800000;2,2528300000
202200006679;10;2;2022;16:20;2;974;2;1;1;3; -21,3330600000;55,4592800000
202200006680;3;8;2022;10:53;1;11;2;1;1;3;43,2157479755;2,3487782478
202200006681;10;2;2022;15:40;1;69;2;4;1;6;45,7060000000;4,8765100000
202200006682;3;8;2022;14:10;1;07;2;6;1;3;44,7054500000;4,6503700000
202200006683;10;2;2022;09:10;1;972;1;1;1;4;14,6146700000; -61,0126600000
202200006684;4;8;2022;18:00;1;06;2;1;1;1;43,6939500000;7,2283700000
202200006685;10;2;2022;19:50;4;972;2;1;1;6;14,6059700000; -61,0656700000
202200006686;10;2;2022;19:15;5;69;2;1;1;7;45,7481800000;4,8157400000
202200006687;3;8;2022;17:45;1;05;2;1;8;3;44,9084500000;6,6270300000
202200006688;10;2;2022;11:55;1;69;2;1;1;7;45,7827400000;4,8354200000
202200006689;3;8;2022;19:30;1;75;2;2;1;3;48,8461670000;2,3491170000
202200006690;10;2;2022;08:25;1;69;2;3;1;6;45,8159700000;4,8987400000
202200006691;3;8;2022;23:35;5;75;2;1;1;6;48,8757300000;2,4125360000
202200006692;9;2;2022;20:15;5;69;2;3;1;1;45,7794300000;4,8403600000
202200006693;3;8;2022;23:35;5;75;2;2;1;2;48,8646610000;2,4046480000
202200006694;9;2;2022;15:45;1;69;2;1;1;2;45,8018200000;4,8420800000
202200006695;10;2;2022;15:45;1;2A;2;1;1;6;41,9266074417;8,7389127017
202200006696;4;8;2022;16:40;1;75;2;7;1;2;48,8868490000;2,3045480000
202200006697;10;2;2022;14:50;1;91;2;1;1;6;48,6378600000;2,3330700000
202200006698;2;8;2022;21:00;5;75;2;2;1;3;48,8479140000;2,2589310000
202200006699;8;2;2022;14:54;1;87;2;6;1;3;45,8795700000;1,2382000000
202200006700;3;8;2022;20:20;2;75;2;1;1;7;48,8440710000;2,2962510000
202200006701;10;2;2022;16:45;1;83;2;9;1;6;43,1087780000;6,0355230000
202200006702;2;8;2022;19:30;1;75;2;2;1;3;48,8471030000;2,2868060000
202200006703;10;2;2022;11:20;1;83;2;1;1;3;43,0839400000;5,8814900000
202200006704;4;8;2022;16:32;1;75;2;2;1;3;48,8222810000;2,3716450000
202200006705;10;2;2022;07:10;2;83;2;3;1;3;43,0809300000;5,8878790000
202200006706;4;8;2022;18:40;1;75;2;3;1;3;48,8697360000;2,3661860000
202200006707;10;2;2022;17:10;1;83;1;9;1;2;43,1086900000;6,0469700000
202200006708;9;2;2022;18:30;5;80;2;1;1;6;50,1191250864;1,8161730362
202200006709;2;8;2022;19:30;1;75;2;2;1;3;48,8794350000;2,3142770000
202200006710;3;8;2022;07:00;1;75;2;2;1;6;48,8590170000;2,3537130000
202200006711;7;2;2022;16:30;1;77;2;1;1;6;48,5400414246;2,6259189332
202200006712;10;2;2022;06:20;3;77;1;6;8;5;48,4744907945;2,6784163356
202200006713;4;8;2022;02:45;5;94;2;2;1;3;48,8194600000;2,3978500000
202200006714;10;2;2022;18:20;5;76;2;2;2;6;49,4094900000;1,0837900000
202200006715;4;8;2022;10:40;1;94;2;3;2;6;48,8051500000;2,5088100000
202200006716;8;2;2022;19:50;5;76;2;2;1;3;49,4985400000;0,1179600000
202200006717;10;2;2022;18:30;3;76;1;1;2;7;49,8740000000;1,0990000000
202200006718;4;8;2022;00:15;3;94;2;3;1;3;48,7871300000;2,4357700000
202200006719;10;2;2022;07:40;2;69;2;6;1;3;45,9775560348;4,7078213096
202200006720;2;8;2022;20:30;1;94;2;2;1;2;48,7963200000;2,4578000000
202200006721;10;2;2022;05:27;5;69;2;1;1;3;45,9843700000;4,7204300000
202200006722;2;8;2022;18:20;1;94;2;1;1;3;48,7939800000;2,5524600000
202200006723;10;2;2022;12:00;1;67;2;1;1;6;48,6098426275;7,7512782000
202200006724;4;8;2022;13:30;1;94;2;2;1;6;48,8211200000;2,5088540000
202200006725;10;2;2022;02:10;5;67;2;2;1;1;48,5629000000;7,7006700000
202200006726;4;8;2022;00:00;5;94;2;6;1;6;48,8061500000;2,5331700000
202200006727;10;2;2022;22:20;3;64;2;1;1;3;43,4895000000; -1,4570100000
202200006728;4;8;2022;07:35;1;93;2;2;1;3;48,9200725086;2,5393657356
202200006729;9;2;2022;09:30;1;62;2;1;1;5;50,7360700000;2,2901100000
202200006730;4;8;2022;07:10;1;93;2;1;1;1;48,9441791688;2,3466132704
202200006731;4;8;2022;17:30;1;93;2;1;1;2;48,8775226091;2,4827537805
202200006732;10;2;2022;18:20;5;62;2;2;1;2;50,9461840000;1,8890390000
202200006733;2;2;2022;16:20;1;60;2;9;1;6;49,2664100000;2,4523200000
202200006734;4;8;2022;09:00;1;93;2;2;1;3;48,8846000000;2,5115000000
202200006735;10;2;2022;21:45;5;59;1;9;1;1;50,5449174911;3,0551326275
202200006736;4;8;2022;18:30;1;93;2;1;2;3;48,9499000000;2,4632800000
202200006737;7;2;2022;20:30;5;59;2;2;2;3;50,6332100000;3,0474400000
202200006738;4;8;2022;10:30;1;93;2;2;8;3;48,9494943849;2,5196034856
202200006739;9;2;2022;12:15;1;51;2;3;1;3;49,2464900000;4,0394400000
202200006740;10;2;2022;08:50;1;48;2;6;1;7;44,5348700000;3,5013900000
202200006741;10;2;2022;15:20;1;45;2;1;1;2;47,9358800000;1,8894300000
202200006742;4;8;2022;01:37;5;92;2;2;1;3;48,8247802642;2,3020624816
202200006743;9;2;2022;14:35;1;37;2;2;1;6;47,3954469163;0,6752474606
202200006744;10;2;2022;12:50;1;35;2;1;1;6;48,1202900000; -1,6360300000
202200006745;11;2;2022;00:10;5;33;2;3;1;3;44,8528000000; -0,5731500000
202200006746;3;8;2022;21:00;1;92;2;1;1;6;48,8210100000;2,2605700000
202200006747;10;2;2022;07:25;5;33;2;1;1;6;44,8077000000; -0,5592200000
202200006748;9;2;2022;20:50;5;33;2;2;1;3;44,8333600000; -0,5987300000
202200006749;9;2;2022;17:15;1;33;2;1;1;6;44,8675217784; -0,5070367455
202200006750;4;8;2022;15:50;1;92;2;1;1;6;48,8930940000;2,2525490000
202200006751;10;2;2022;11:30;1;30;2;3;1;6;44,1620000000;4,6235000000
202200006752;8;2;2022;12:40;1;29;2;6;1;7;47,9910900000; -4,0737600000
202200006753;10;2;2022;17:45;1;27;2;1;2;2;49,0424923409;1,1596986208
202200006754;4;8;2022;08:08;1;92;2;1;1;6;48,8997930000;2,3025760000
202200006755;9;2;2022;16:39;1;22;1;1;2;2;48,5231067974; -2,7498927721
202200006756;8;2;2022;20:15;5;21;2;3;1;3;47,3178940252;5,0460213595
202200006757;10;2;2022;17:00;1;19;2;1;1;6;45,2505658642;1,7659299374
202200006758;9;2;2022;13:40;1;15;2;9;1;3;44,9096420000;2,4246290000
202200006759;4;8;2022;10:15;1;83;1;3;7;3;43,4648260000;6,3963500000
202200006760;5;8;2022;19:00;1;22;2;1;1;6;48,5260798054; -2,0804674923
202200006761;10;2;2022;14:50;1;13;2;3;1;5;43,3791900000;5,3513500000
202200006762;5;8;2022;07:00;1;972;1;1;1;1;14,6099600000; -60,8970880000
202200006763;28;7;2022;15:30;1;84;2;1;1;2;44,2011900000;4,7274150000
202200006764;5;8;2022;04:45;3;30;1;1;1;7;43,9835000000;4,4138400000
202200006765;3;8;2022;18:10;1;66;2;1;7;6;42,7212110000;2,9339080000
202200006766;4;8;2022;21:40;3;24;1;1;1;6;45,0232200000;0,3916030000
202200006767;4;8;2022;23:35;3;31;2;6;1;6;43,5242660000;1,3691820000
202200006768;4;8;2022;20:00;2;51;1;1;3;7;48,7589713776;3,8768018782
202200006769;18;11;2022;14:10;1;87;2;1;1;2;45,8570000000;1,2698100000
202200006770;5;8;2022;16:55;1;51;1;1;1;7;49,3305340000;4,0892310000
202200006771;21;9;2022;10:45;1;76;2;2;1;6;50,0541550000;1,4226010000
202200006772;5;8;2022;09:05;1;19;2;2;8;3;45,1369204945;2,0984101295
202200006773;5;8;2022;04:15;3;56;1;1;1;6;47,9496350000; -2,5602780000
202200006774;18;11;2022;07:29;2;87;2;3;1;6;45,8252900000;1,2724200000
202200006775;5;8;2022;13:30;1;79;1;1;1;7;46,8768930000; -0,3395890000
202200006776;17;11;2022;18:55;5;87;2;3;2;5;45,8249000000;1,2299700000
202200006777;30;7;2022;08:30;1;82;1;3;1;6;43,9781450000;1,5082760000
202200006778;22;11;2022;11:35;1;86;2;1;1;6;46,5773940000;0,3543790000
202200006779;5;8;2022;08:30;1;65;1;1;2;2;43,0440160959;0,3631308675
202200006780;10;10;2022;16:30;1;86;2;2;1;3;46,5846700000;0,3665700000
202200006781;16;11;2022;20:28;5;83;2;1;1;6;43,4239300000;6,7405600000
202200006782;5;8;2022;15:10;1;11;2;1;1;2;42,9393903565;2,2460428201
202200006783;21;11;2022;18:11;5;83;2;9;2;6;43,5337800000;6,4538700000
202200006784;5;8;2022;14:00;1;71;2;1;1;6;46,4493690000;4,8464940000
202200006785;21;11;2022;18:00;3;81;2;1;2;6;43,9581300000;2,1670100000
202200006786;4;8;2022;15:35;1;89;1;1;7;6;47,6067580000;3,2021330000
202200006787;30;7;2022;10:00;1;63;1;1;1;7;45,4911656858;3,8867568970
202200006788;19;11;2022;17:15;5;80;2;1;2;3;49,9069300000;2,3186500000
202200006789;13;11;2022;20:22;5;80;2;1;1;3;49,8893600000;2,3132200000
202200006790;5;8;2022;10:30;1;12;1;2;1;2;44,3347080000;2,4351130000
202200006791;20;11;2022;19:25;5;80;2;1;2;1;49,8809360000;2,3047930000
202200006792;2;8;2022;22:45;3;34;1;1;1;7;43,5422650000;2,8734400000
202200006793;4;8;2022;22:30;3;34;2;1;1;7;43,6516460000;3,1496000000
202200006794;5;8;2022;09:27;1;29;1;1;1;1;48,0983260936; -3,7687686681
202200006795;22;11;2022;15:45;1;78;1;1;8;6;49,0104800000;1,9376400000
202200006796;5;8;2022;15:20;1;03;1;1;1;1;46,0916700000;3,3895590000
202200006797;3;8;2022;10:30;1;26;1;1;1;3;44,4196780000;5,3587640000
202200006798;21;11;2022;08:00;2;77;1;1;5;6;48,7332470000;2,7207640000
202200006799;20;6;2022;17:55;1;26;1;1;1;7;44,6664400000;5,4045440000
202200006800;5;8;2022;18:15;1;72;1;3;1;6;48,0239400000;0,0613640000
202200006801;4;8;2022;19:55;1;50;1;4;1;2;49,6495000000; -1,3874800000
202200006802;3;8;2022;15:30;1;60;2;1;7;7;49,5809122503;3,1187460422
202200006803;21;11;2022;14:38;1;77;1;6;2;4;48,6189400000;2,5425400000
202200006804;19;9;2022;16:50;1;76;1;1;1;1;49,8707840000;1,7118500000
202200006805;5;8;2022;05:45;2;64;1;1;2;5;43,2298320000; -0,2586190000
202200006806;2;8;2022;04:58;3;73;1;6;1;3;45,5021195083;6,0682528317
202200006807;5;8;2022;03:50;5;36;2;1;1;6;46,9428680000;1,9829040000
202200006808;23;6;2022;07:50;1;16;1;2;1;3;45,7611760000; -0,1521890000
202200006809;19;11;2022;21:20;5;76;2;2;1;7;49,4948800000;0,1112200000
202200006810;5;8;2022;04:00;3;40;1;1;1;6;44,1103300000; -0,0603820000
202200006811;5;8;2022;08:50;1;30;1;1;1;2;43,7300117583;4,2119774222
202200006812;22;11;2022;10:25;1;74;2;3;8;3;46,2009600000;6,2436500000
202200006813;11;11;2022;18:20;5;74;2;1;1;6;46,1749800000;6,2641300000
202200006814;19;9;2022;08:30;1;76;1;6;1;3;49,5239970000;0,9620550000
202200006815;1;8;2022;16:40;1;35;1;2;1;3;48,1305690000; -1,8172070000
202200006816;22;11;2022;14:50;1;71;2;1;1;6;46,6778900000;4,3675000000
202200006817;5;8;2022;14:30;1;01;1;1;1;6;46,2995980000;4,9007180000
202200006818;21;11;2022;08:00;1;71;2;9;1;3;46,3194800000;4,8127400000
202200006819;22;11;2022;17:20;2;69;2;1;2;2;45,7683500000;4,9325000000
202200006820;5;8;2022;07:30;1;06;1;9;1;6;43,7320650000;7,2793010000
202200006821;22;11;2022;17:00;2;69;2;1;8;6;45,8184900000;4,8912000000
202200006822;21;11;2022;18:20;5;69;2;9;2;7;46,0217377178;4,7206516564
202200006823;5;8;2022;15:25;1;58;1;1;1;6;46,6901340000;3,2164890000
202200006824;4;8;2022;11:30;1;34;2;6;1;3;43,6146810000;3,7760300000
202200006825;22;11;2022;17:45;5;69;2;2;2;1;45,7039025777;4,9148261547
202200006826;3;8;2022;20:10;5;971;1;1;1;3;16,0261390000; -61,5741420000
202200006827;22;11;2022;07:10;2;69;2;3;8;6;45,7034140696;4,8874747754
202200006828;3;8;2022;20:25;1;45;1;1;1;1;47,8183890000;1,9913580000
202200006829;17;9;2022;11:30;1;76;2;2;1;3;49,5054900000;0,1711400000
202200006830;2;10;2022;20:40;5;69;2;9;1;7;45,7329329965;4,9105185270
202200006831;5;8;2022;16:00;1;77;2;1;1;1;48,8646510000;2,9044510000
202200006832;5;8;2022;01:15;3;11;1;1;1;6;43,3824230000;1,9053980000
202200006833;21;11;2022;17:50;4;69;2;3;2;1;45,6894000000;4,8462000000
202200006834;3;8;2022;15:40;1;06;2;1;1;1;43,8557010000;7,1970400000
202200006835;5;8;2022;11:26;1;13;1;1;1;1;43,5776860000;4,4328120000
202200006836;20;11;2022;12:25;1;68;2;2;1;3;48,0800100000;7,3687000000
202200006837;22;11;2022;12:05;1;67;2;1;1;6;48,5452900000;7,7536300000
202200006838;4;8;2022;10:40;1;21;2;1;1;3;47,3388970000;5,1945460000
202200006839;5;8;2022;06:25;2;51;1;1;2;7;49,3101550000;3,6511300000
202200006840;20;11;2022;07:05;5;67;2;3;2;1;48,5721800000;7,7141800000
202200006841;3;8;2022;12:15;1;67;1;1;1;6;48,5759510000;7,6283850000
202200006842;18;11;2022;21:00;5;67;2;1;3;6;48,5645100000;7,7356800000
202200006843;5;8;2022;12:15;1;86;2;1;1;1;46,6455460000;0,1780820000
202200006844;20;11;2022;04:28;3;66;1;1;1;1;42,6795220000;2,9178860000
202200006845;4;8;2022;23:55;3;33;1;1;1;7;44,8669810000;0,2472840000
202200006846;4;8;2022;23:15;2;56;1;1;1;7;47,6059280000; -3,0121850000
202200006847;21;11;2022;08:54;1;66;2;3;2;3;42,6947000000;2,8845700000
202200006848;5;8;2022;15:00;1;76;1;1;1;6;49,5414780000;0,4093100000
202200006849;18;11;2022;10:58;1;66;2;1;1;6;42,7337600000;2,8902000000
202200006850;4;8;2022;16:52;1;13;1;1;1;2;43,2855700000;5,5152100000
202200006851;16;11;2022;18:35;5;66;2;3;1;2;42,7243700000;2,8909700000
202200006852;4;8;2022;13:00;1;13;1;1;1;2;43,3299300000;5,3965100000
202200006853;3;8;2022;04:20;3;13;1;1;1;2;43,4022100000;5,1068800000
202200006854;16;11;2022;18:30;5;66;1;1;1;4;42,6755700000;2,8661400000
202200006855;21;11;2022;17:00;2;64;2;1;3;6;43,3152100000; -0,3779800000
202200006856;4;8;2022;15:35;1;91;1;1;1;1;48,7303600000;2,2419300000
202200006857;22;11;2022;23:25;5;64;2;1;2;6;43,4833800000; -1,5567100000
202200006858;4;8;2022;11:00;1;91;1;9;1;2;48,6237700000;2,2607500000
202200006859;22;11;2022;10:15;1;64;2;6;3;7;43,4679700000; -1,5398800000
202200006860;22;11;2022;02:00;5;64;2;6;6;7;43,4982000000; -1,4935500000
202200006861;4;8;2022;09:05;1;91;1;1;8;2;48,6186900000;2,4554700000
202200006862;4;8;2022;06:40;2;91;1;1;1;2;48,7267400000;2,2862100000
202200006863;20;11;2022;23:35;5;64;1;1;2;6;43,4725810000; -1,4905940000
202200006864;4;8;2022;10:00;1;93;1;1;2;7;48,9253606113;2,3393929727
202200006865;20;11;2022;16:20;1;64;2;1;8;6;43,4970000000; -1,4683300000
202200006866;4;8;2022;05:05;5;93;1;1;1;6;48,9216250938;2,3669528961
202200006867;21;11;2022;07:46;2;63;2;3;1;6;45,8717000000;3,1331100000
202200006868;3;8;2022;13:30;1;95;1;1;1;2;49,0114669493;2,2247636318
202200006869;22;11;2022;17:40;5;61;2;1;1;3;48,4351200000;0,0523100000
202200006870;4;8;2022;20:00;1;77;1;1;1;2;48,9653629156;2,6087478900
202200006871;22;11;2022;11:30;1;59;2;1;2;1;50,5474900000;3,0490800000
202200006872;4;8;2022;12:30;1;94;1;1;1;4;48,7621005260;2,3816766713
202200006873;3;8;2022;13:10;1;77;1;1;1;7;48,7282852389;2,6050673614
202200006874;17;11;2022;16:00;1;59;2;1;1;6;51,0178250000;2,3003450000
202200006875;3;8;2022;06:25;2;29;2;3;1;6;48,4013390000; -4,4869700000
202200006876;21;11;2022;11:55;1;59;1;1;8;6;50,3948560000;3,1335580000
202200006877;1;5;2022;06:20;4;78;2;3;1;6;48,7988300000;2,1276600000
202200006878;21;11;2022;18:15;5;59;2;1;2;6;50,6965900000;2,8593000000
202200006879;23;4;2022;11:40;1;92;2;1;1;6;48,9112575671;2,2971758991
202200006880;21;11;2022;07:37;1;57;2;3;2;6;49,3612585970;6,1577524245
202200006881;14;4;2022;08:51;1;92;2;1;1;3;48,9117693114;2,2944810837
202200006882;21;11;2022;18:30;5;56;2;6;8;7;47,7391900000; -3,3800900000
202200006883;3;8;2022;17:30;1;974;1;3;1;3; -20,9509500000;55,6665570000
202200006884;19;11;2022;01:30;3;56;1;1;1;2;47,7805650000; -3,3436930000
202200006885;3;8;2022;18:55;1;69;2;1;1;7;45,7398262594;4,8653079743
202200006886;20;11;2022;10:30;1;56;2;1;1;2;47,7537900000; -3,3711800000
202200006887;3;8;2022;13:30;1;972;1;9;1;7;14,6304800000; -61,0098000000
202200006888;21;11;2022;11:15;1;54;2;2;1;3;48,6858200000;6,1580400000
202200006889;1;8;2022;15:04;1;972;1;6;1;5;14,6195100000; -60,9946000000
202200006890;20;11;2022;18:15;5;54;2;3;3;6;48,6927800000;6,1445500000
202200006891;2;8;2022;22:25;3;972;1;9;1;6;14,6117600000; -61,0781800000
202200006892;16;11;2022;20:40;5;54;2;1;2;6;48,6860650000;6,1953900000
202200006893;3;8;2022;14:00;1;95;1;1;1;7;48,9781702010;2,4414002895
202200006894;22;11;2022;17:35;5;51;2;1;1;7;49,2183900000;3,9902600000
202200006895;3;8;2022;14:50;1;91;2;9;1;6;48,7144200000;2,2451800000
202200006896;2;8;2022;20:25;1;91;2;1;1;6;48,6796600000;2,5341600000
202200006897;21;11;2022;20:15;5;51;2;6;1;3;49,2169800000;4,0460600000
202200006898;3;8;2022;20:50;1;91;2;3;1;3;48,6785700000;2,3427200000
202200006899;21;11;2022;10:10;1;50;1;9;3;6;49,6318000000; -1,5797800000
202200006900;3;8;2022;16:20;1;91;2;1;1;3;48,6775800000;2,3391300000
202200006901;21;11;2022;08:20;2;50;2;3;2;3;49,6171600000; -1,6009200000
202200006902;3;8;2022;14:45;1;91;2;6;1;2;48,6704950000;2,3777590000
202200006903;2;8;2022;20:45;1;91;2;1;1;6;48,7057400000;2,3651400000
202200006904;20;11;2022;20:15;4;50;2;3;2;3;49,6479800000; -1,5869000000
202200006905;31;7;2022;14:30;1;88;1;1;1;1;47,9931500000;6,5463900000
202200006906;21;11;2022;16:46;1;49;2;1;2;2;47,4659800000; -0,5960500000
202200006907;2;8;2022;16:14;1;87;2;1;1;6;45,8524300000;1,2548600000
202200006908;21;11;2022;11:03;1;49;2;1;2;4;47,4813000000; -0,5555700000
202200006909;1;8;2022;11:05;1;87;2;3;1;3;45,8795100000;1,2679600000
202200006910;21;11;2022;13:27;1;49;1;1;2;6;47,4567700000; -0,5716200000
202200006911;2;8;2022;21:10;1;85;2;6;1;1;46,5190300000; -1,7571300000
202200006912;21;11;2022;10:15;1;49;1;1;2;4;47,5090600000; -0,6182900000
202200006913;2;8;2022;20:20;1;85;2;1;1;3;46,4912800000; -1,7730600000
202200006914;22;11;2022;11:33;1;47;2;1;2;3;44,1903600000;0,6299800000
202200006915;3;8;2022;02:00;3;84;1;1;1;6;44,1530100000;4,8009600000
202200006916;21;11;2022;18:50;5;45;2;1;2;2;47,8644700000;1,9130700000
202200006917;21;11;2022;07:10;3;45;1;1;1;7;47,9250335673;1,9804500576
202200006918;3;11;2022;13:50;1;40;1;1;1;6;43,9124400000; -0,4806600000
202200006919;22;11;2022;20:40;5;37;2;1;1;1;47,3968386164;0,6869137287
202200006920;2;8;2022;07:50;1;77;1;2;7;3;48,5424900000;2,7041500000