Accident_Id;jour;mois;an;hrmn;lum;dep;agg;int;atm;col;lat;long
202200006921;21;11;2022;10:30;1;37;2;1;2;6;47,3774800000;0,6941000000
202200006922;2;8;2022;17:15;1;76;2;1;1;2;49,5043800000;0,1472200000
202200006923;21;11;2022;16:45;1;35;2;1;2;6;48,1129500000; -1,6564100000
202200006924;21;11;2022;12:20;1;35;2;6;7;3;48,1366200000; -1,6668400000
202200006925;2;8;2022;12:58;1;76;2;2;1;3;49,4989200000;0,0946800000
202200006926;3;8;2022;17:05;1;73;2;3;1;3;45,5896300000;5,9162700000
202200006927;22;11;2022;11:00;1;33;2;3;2;3;44,8380717003; -0,6610545516
202200006928;3;8;2022;17:45;1;72;2;1;1;3;47,9767900000;0,1691700000
202200006929;22;11;2022;06:45;5;33;2;2;2;3;44,8280400000; -0,5764200000
202200006930;3;8;2022;19:40;1;69;2;1;1;6;45,8079873546;4,9182540178
202200006931;21;11;2022;11:45;1;33;2;1;2;6;44,8122000000; -0,6465300000
202200006932;3;8;2022;19:00;1;69;2;3;1;3;45,7869100000;4,9169600000
202200006933;21;11;2022;08:50;1;33;2;1;3;3;44,8986200000; -0,5173000000
202200006934;22;11;2022;00:25;5;32;2;6;3;7;43,6480300000;0,5927800000
202200006935;3;8;2022;09:20;1;69;2;1;1;3;45,7712100000;5,0218700000
202200006936;22;10;2022;07:10;5;30;2;4;1;7;43,8143000000;4,3397000000
202200006937;19;10;2022;21:30;5;30;2;1;1;2;43,8423000000;4,3854000000
202200006938;2;8;2022;17:50;1;67;2;3;1;3;48,5391100000;7,7102300000
202200006939;21;11;2022;12:45;1;29;2;1;2;1;47,9978312869; -4,0525370594
202200006940;2;8;2022;17:40;1;67;1;3;1;3;48,5976860000;7,7013550000
202200006941;21;11;2022;18:20;5;29;2;2;2;1;48,4133000000; -4,4866600000
202200006942;2;8;2022;10:40;1;66;2;2;1;3;42,6782000000;2,9049000000
202200006943;21;11;2022;12:45;1;29;2;3;1;3;48,4070426181; -4,4679763913
202200006944;22;11;2022;12:35;1;27;2;1;2;2;49,0050007146;1,1392500000
202200006945;1;8;2022;15:50;1;66;2;1;1;4;42,6736400000;2,8886700000
202200006946;2;8;2022;18:15;1;64;2;1;1;6;43,5189200000; -1,5018600000
202200006947;21;11;2022;15:25;1;27;2;1;2;5;49,0077800000;1,1708800000
202200006948;21;11;2022;07:00;5;27;2;1;1;2;49,0231700000;1,1691000000
202200006949;2;8;2022;20:24;1;63;2;2;1;3;45,7749000000;3,0901400000
202200006950;22;11;2022;07:50;1;25;2;1;2;3;47,2239000000;5,9789100000
202200006951;3;8;2022;15:50;1;59;2;1;1;3;50,7070762416;3,1026721001
202200006952;21;11;2022;20:55;5;25;2;9;2;3;47,2284300000;6,0052840000
202200006953;2;8;2022;21:00;2;59;2;1;1;6;50,7315433336;3,1755691767
202200006954;21;11;2022;18:00;5;25;1;1;2;4;47,2479130000;5,9834490000
202200006955;3;8;2022;16:55;1;59;2;3;1;3;50,6180300000;3,0558100000
202200006956;21;11;2022;18:20;5;25;2;2;2;6;47,2634800000;6,0474200000
202200006957;3;8;2022;09:15;1;59;2;3;1;6;50,6482552453;3,1181296706
202200006958;22;11;2022;18:55;3;22;2;1;1;2;48,4777600000; -2,7723400000
202200006959;3;8;2022;09:55;1;59;2;2;1;3;50,6203000000;3,1351300000
202200006960;21;11;2022;17:10;5;21;2;3;2;3;47,3431000000;5,0001000000
202200006961;3;8;2022;12:15;1;59;2;7;1;3;50,1702923879;3,2316327095
202200006962;14;11;2022;15:15;1;19;2;3;2;3;45,1645800000;1,5027400000
202200006963;3;8;2022;11:10;1;56;2;1;1;6;47,6331100000; -2,7786320000
202200006964;21;11;2022;13:25;1;18;2;3;3;3;47,2229500000;2,0719600000
202200006965;2;8;2022;10:35;1;56;2;3;1;6;47,7443900000; -3,3592000000
202200006966;22;11;2022;19:48;5;17;2;1;3;6;45,6211200000; -1,0310800000
202200006967;3;8;2022;15:55;1;54;2;4;1;6;48,6672790000;6,1891000000
202200006968;18;11;2022;08:43;1;17;2;1;1;2;45,6312500000; -1,0045100000
202200006969;3;8;2022;09:13;1;54;2;2;1;3;48,6876690000;6,2055600000
202200006970;3;8;2022;07:05;2;54;2;6;1;3;48,7083489000;6,2441390000
202200006971;22;11;2022;14:45;1;13;2;4;1;3;43,2862394688;5,3861814737
202200006972;3;8;2022;17:19;1;51;2;1;1;5;49,2501700000;4,0195300000
202200006973;21;11;2022;18:40;5;13;2;1;2;3;43,3344000000;5,3746100000
202200006974;2;8;2022;20:25;1;49;2;2;1;1;47,4862900000; -0,5143700000
202200006975;2;8;2022;15:34;1;49;2;1;1;3;47,4875100000; -0,5205400000
202200006976;21;11;2022;14:30;1;13;2;1;2;3;43,3709700000;5,3640000000
202200006977;2;8;2022;21:20;2;36;2;2;1;3;46,8042900000;1,6917900000
202200006978;29;6;2022;08:33;1;35;2;1;1;3;48,1352421771; -1,6232293099
202200006979;22;11;2022;16:30;1;13;2;3;1;3;43,5141086684;5,4309395753
202200006980;3;8;2022;07:45;1;35;1;1;1;6;48,1277320000; -1,5742840000
202200006981;3;8;2022;12:30;1;33;1;1;1;7;44,5977500000; -1,1300500000
202200006982;21;11;2022;06:45;3;13;1;1;8;2;43,4748032065;5,4341296189
202200006983;3;8;2022;09:45;1;25;2;6;1;3;46,9058680000;6,3576460000
202200006984;20;11;2022;05:30;3;11;1;1;1;6;43,1806140000;2,9673680000
202200006985;3;8;2022;22:30;5;25;2;4;1;6;47,2526420000;5,9893100000
202200006986;1;8;2022;16:00;1;19;2;1;1;3;45,1531640000;1,5074170000
202200006987;21;11;2022;11:20;1;11;2;3;2;3;43,2259940000;2,3547960000
202200006988;19;5;2022;10:08;1;18;2;6;1;3;47,0836100000;2,4357200000
202200006989;4;8;2022;00:37;5;14;2;1;1;1;49,1848800000; -0,3630200000
202200006990;20;11;2022;18:04;5;11;2;2;8;3;43,2126300000;2,3513500000
202200006991;3;8;2022;22:15;3;14;1;1;1;2;49,1660900000; -0,2828400000
202200006992;21;11;2022;18:35;5;10;2;1;2;1;48,2894955364;4,0674655164
202200006993;28;10;2022;09:30;1;08;2;1;1;6;49,7009300000;4,9458100000
202200006994;29;8;2022;17:30;1;08;2;9;1;2;49,7000000000;4,9400000000
202200006995;2;6;2022;09:18;1;93;2;1;1;3;48,9441980000;2,4469270000
202200006996;2;8;2022;15:36;1;10;2;1;1;3;48,3056000000;4,0713489000
202200006997;22;11;2022;08:20;1;07;2;1;8;7;44,9379700000;4,8683300000
202200006998;2;8;2022;16:40;1;06;2;1;1;6;43,7763700000;7,4983300000
202200006999;21;11;2022;19:45;5;05;2;1;1;6;44,5640100000;6,0939500000
202200007000;4;6;2022;14:40;1;93;1;6;1;4;48,9545870000;2,5087900000
202200007001;19;11;2022;11:35;1;05;2;1;1;3;44,9006528027;6,6410583258
202200007002;3;6;2022;08:15;1;93;2;6;1;3;48,9511870000;2,4857760000
202200007003;22;11;2022;18:35;5;04;2;9;1;4;43,8117400000;5,7828400000
202200007004;2;8;2022;14:41;1;05;1;1;7;6;44,8724200000;6,6107200000
202200007005;12;11;2022;14:35;1;02;2;1;1;6;49,5852900000;3,6513100000
202200007006;1;8;2022;18:20;1;04;2;1;1;6;43,8201700000;5,7939400000
202200007007;22;11;2022;17:35;5;75;2;1;2;5;48,8697840000;2,2716840000
202200007008;2;6;2022;22:40;5;93;2;1;1;4;48,9338300000;2,4907100000
202200007009;4;6;2022;12:00;1;93;2;3;1;1;48,9109409195;2,3849789501
202200007010;3;8;2022;09:50;1;75;2;1;1;6;48,8999070000;2,3914750000
202200007011;22;11;2022;08:15;1;75;2;2;2;3;48,8640610000;2,3991260000
202200007012;22;11;2022;18:50;5;75;2;1;1;6;48,8850490000;2,3696930000
202200007013;2;6;2022;10:45;1;92;2;1;1;3;48,8239354649;2,2829200923
202200007014;2;8;2022;19:40;1;75;2;1;1;4;48,8432210000;2,2543640000
202200007015;22;11;2022;08:30;1;75;2;2;2;6;48,8847670000;2,3922520000
202200007016;5;6;2022;12:00;1;92;2;7;1;6;48,8701876479;2,2276598811
202200007017;4;6;2022;20:40;1;92;2;1;8;7;48,8279555506;2,2253732979
202200007018;2;6;2022;12:35;1;92;2;1;1;7;48,8114355756;2,2107397020
202200007019;22;11;2022;21:00;3;75;2;7;1;2;48,8743200000;2,2944920000
202200007020;22;11;2022;16:18;1;75;2;5;1;3;48,8828910000;2,3090490000
202200007021;2;6;2022;15:15;1;92;2;2;1;3;48,8406667329;2,2071907371
202200007022;2;6;2022;08:55;1;92;2;3;1;3;48,8541262289;2,2226192728
202200007023;21;11;2022;22:40;5;75;2;7;1;4;48,8474270000;2,2737190000
202200007024;4;6;2022;14:55;1;92;2;3;1;2;48,8881700000;2,1687000000
202200007025;22;11;2022;16:30;2;75;2;3;1;3;48,8567400000;2,2721250000
202200007026;2;6;2022;14:31;1;92;2;1;1;1;48,8786684771;2,2004418969
202200007027;22;11;2022;19:50;5;75;2;4;1;3;48,8472340000;2,3035260000
202200007028;3;6;2022;19:25;1;92;2;1;1;2;48,8845000000;2,2382800000
202200007029;3;6;2022;15:10;1;92;2;1;2;3;48,8796477135;2,2437963858
202200007030;22;11;2022;18:10;5;75;2;3;1;3;48,8392660000;2,3004120000
202200007031;22;11;2022;08:45;1;75;2;2;2;3;48,8202320000;2,3528440000
202200007032;5;6;2022;02:12;5;92;2;1;9;1;48,8831000000;2,2039600000
202200007033;3;6;2022;13:45;1;92;2;1;8;6;48,8860057021;2,2144569754
202200007034;22;11;2022;07:00;5;75;2;4;2;6;48,8675730000;2,3012190000
202200007035;2;6;2022;09:20;1;92;2;1;1;3;48,8164135810;2,3183273971
202200007036;22;11;2022;16:10;1;75;2;2;9;3;48,8628500000;2,3134440000
202200007037;4;6;2022;13:40;1;92;2;3;1;6;48,8903010000;2,2893250000
202200007038;21;11;2022;16:00;1;75;2;3;2;7;48,8556980000;2,3076410000
202200007039;3;6;2022;18:20;1;92;2;7;1;3;48,8277245007;2,2674906850
202200007040;22;11;2022;17:55;5;75;2;5;1;2;48,8689120000;2,3400810000
202200007041;4;6;2022;17:50;2;92;2;3;2;3;48,9099800000;2,2334320000
202200007042;21;11;2022;09:08;1;75;2;2;1;3;48,8712850000;2,3359240000
202200007043;22;11;2022;10:10;1;94;2;1;2;3;48,8412400000;2,4183900000
202200007044;3;6;2022;15:25;1;92;2;2;2;6;48,9240219308;2,2525965124
202200007045;21;11;2022;21:45;5;94;2;2;8;3;48,7956300000;2,5083000000
202200007046;22;11;2022;17:45;5;94;2;2;8;3;48,8100400000;2,4400800000
202200007047;2;6;2022;19:00;1;92;1;1;1;2;48,9102500000;2,2888100000
202200007048;21;11;2022;09:05;1;94;2;3;1;3;48,8117800000;2,4225300000
202200007049;22;11;2022;17:20;5;94;2;9;1;3;48,7801100000;2,3554200000
202200007050;2;6;2022;14:10;1;92;2;1;1;1;48,9086607106;2,2655440047
202200007051;21;11;2022;15:08;1;94;2;1;2;2;48,7991600000;2,4657800000
202200007052;22;11;2022;09:14;1;94;2;3;2;6;48,7245474699;2,4186448939
202200007053;21;11;2022;20:10;5;94;2;3;2;6;48,8311700000;2,5352100000
202200007054;3;6;2022;18:15;1;92;2;3;1;6;48,7554413914;2,3058095276
202200007055;22;11;2022;18:30;3;93;1;1;1;1;48,9772500000;2,5436200000
202200007056;22;11;2022;09:30;1;93;2;9;2;3;48,9403908431;2,3507577327
202200007057;3;6;2022;10:00;1;92;2;3;1;3;48,7563365470;2,3061816841
202200007058;22;11;2022;08:25;1;93;2;1;2;6;48,8659345417;2,5749447942
202200007059;2;6;2022;16:55;1;92;2;1;1;3;48,7820300000;2,3145500000
202200007060;22;11;2022;08:45;2;93;2;1;2;6;48,9325240000;2,4776520000
202200007061;2;6;2022;08:37;1;92;2;1;1;3;48,7396047030;2,3004292175
202200007062;22;11;2022;09:00;1;92;2;4;2;6;48,8098609471;2,2320726514
202200007063;22;11;2022;16:00;1;92;2;6;8;3;48,8964933940;2,2733625769
202200007064;22;11;2022;16:40;1;92;2;1;1;6;48,9104060000;2,2895250000
202200007065;27;2;2022;17:10;1;37;1;1;1;6;47,2379270000;1,1668460000
202200007066;22;11;2022;08:00;2;92;2;2;3;3;48,7632502681;2,3091217875
202200007067;5;6;2022;05:40;1;13;1;1;1;6;43,4558600000;5,2362700000
202200007068;23;11;2022;11:00;1;16;1;1;3;6;45,6064900000; -0,1392060000
202200007069;22;11;2022;17:15;2;10;2;9;1;1;48,3847370000;3,9759670000
202200007070;23;11;2022;15:15;1;67;1;1;1;1;48,7490668152;7,4970873649
202200007071;4;6;2022;17:00;1;13;1;1;1;4;43,3344784818;5,3826825320
202200007072;22;11;2022;17:20;5;06;2;6;1;2;43,7660970000;7,2009100000
202200007073;30;12;2022;20:30;3;30;1;1;1;1;43,7624320000;4,2794540000
202200007074;31;5;2022;09:54;1;13;1;1;1;2;43,4392300000;5,2502200000
202200007075;23;11;2022;16:35;1;68;2;2;2;6;47,8888320000;7,2273380000
202200007076;23;11;2022;11:15;1;30;1;1;1;6;43,9935400000;4,3474320000
202200007077;4;6;2022;06:30;2;13;1;1;1;2;43,3330000000;5,3860000000
202200007078;23;11;2022;02:40;3;50;1;1;8;7;48,9255090000; -1,0655830000
202200007079;23;11;2022;07:45;1;95;1;1;2;6;49,1177953987;2,4038526783
202200007080;5;6;2022;07:30;1;69;2;1;1;2;45,7197000000;4,8185700000
202200007081;22;11;2022;19:50;4;56;1;2;1;6;47,8823230000; -2,4366580000
202200007082;22;5;2022;20:35;5;42;1;1;1;6;45,4198400000;4,4100500000
202200007083;30;12;2022;00:40;5;987;2;1;1;1; -17,6180000000; -149,5490000000
202200007084;21;11;2022;15:30;1;2A;2;1;1;3;41,9548949085;8,7944807158
202200007085;31;12;2022;09:00;1;06;1;1;1;6;43,5603360000;6,9663190000
202200007086;20;11;2022;06:15;4;2A;1;6;1;6;41,9530310000;8,8115560000
202200007087;5;6;2022;20:05;1;94;1;1;1;4;48,8055355390;2,3452217156
202200007088;30;12;2022;20:40;3;51;1;1;2;7;49,0401162371;4,6370834112
202200007089;7;11;2022;14:36;1;61;1;1;1;4;48,5567420000; -0,4007430000
202200007090;5;6;2022;15:10;1;94;1;1;1;2;48,7773036134;2,3463835834
202200007091;22;11;2022;16:00;1;68;2;6;1;3;47,6079030000;7,5036780000
202200007092;30;12;2022;20:15;3;95;1;1;2;3;49,0717794755;2,5039690264
202200007093;23;11;2022;17:00;2;39;1;1;1;6;46,8161060000;5,7753660000
202200007094;5;6;2022;22:30;3;95;1;1;2;6;48,9772000000;2,2410600000
202200007095;18;11;2022;09:05;1;25;2;6;2;3;47,1547200000;6,3287770000
202200007096;5;6;2022;18:30;1;95;1;1;1;6;49,0889510390;2,5506520271
202200007097;22;11;2022;19:55;5;01;2;1;2;6;46,2539440000;4,9574630000
202200007098;5;6;2022;06:55;2;95;1;1;8;2;48,9943500000;2,5155700000
202200007099;31;12;2022;09:40;1;976;1;1;1;2; -12,8513640000;45,1936100000
202200007100;4;6;2022;21:10;2;95;1;1;2;6;49,0334100000;2,5423900000
202200007101;9;12;2022;21:45;3;77;1;1;1;7;48,8624720000;2,9360840000
202200007102;22;11;2022;12:25;1;70;2;2;1;3;47,3476340000;6,0205610000
202200007103;23;11;2022;08:45;1;58;2;1;8;6;46,8296570000;3,4721090000
202200007104;18;12;2022;11:30;1;66;1;3;1;3;42,6409990000;3,0328700000
202200007105;4;6;2022;20:00;1;92;1;1;3;2;48,9338406446;2,2766638113
202200007106;22;11;2022;22:00;3;50;1;1;8;3;48,5884170000; -1,4845280000
202200007107;30;12;2022;20:50;3;11;2;1;1;6;43,3015590000;1,9723140000
202200007108;4;6;2022;15:50;3;93;1;1;1;3;48,9209454040;2,3717513176
202200007109;22;11;2022;18:15;3;85;1;1;1;4;46,6840730000; -1,0323870000
202200007110;31;12;2022;10:30;1;84;1;1;1;7;43,7750180000;5,4043080000
202200007111;22;11;2022;16:15;1;30;1;1;2;7;43,9876240000;3,9658500000
202200007112;30;4;2022;13:30;1;93;1;1;1;7;48,9476360000;2,4438370000
202200007113;31;12;2022;00:00;4;83;2;1;1;1;43,7291540000;5,8127280000
202200007114;4;6;2022;06:00;1;93;1;1;1;7;48,9212735683;2,3755162197
202200007115;23;11;2022;08:45;1;95;2;1;8;3;49,0542116271;2,1944370354
202200007116;31;12;2022;16:15;2;70;1;1;1;2;47,4643590000;5,6070290000
202200007117;5;6;2022;13:00;1;77;1;1;2;2;48,7729790000;2,6117200000
202200007118;12;11;2022;17:00;1;35;1;1;1;1;48,0651390000; -1,7605590000
202200007119;29;4;2022;18:10;1;93;1;1;1;4;48,9462300000;2,4411600000
202200007120;31;12;2022;20:25;3;89;1;1;1;6;47,9663210000;3,3359600000
202200007121;21;11;2022;22:44;3;95;1;1;2;6;49,0284443192;2,4997589695
202200007122;29;4;2022;22:00;3;95;1;1;1;6;49,0637400000;2,3336200000
202200007123;5;6;2022;04:45;3;77;1;1;1;2;48,9265820000;2,6288950000
202200007124;30;12;2022;17:20;5;88;2;1;2;1;48,3435360000;6,3299700000
202200007125;29;4;2022;18:00;1;93;1;1;1;3;48,9373437166;2,4799919128
202200007126;20;11;2022;13:40;1;83;2;1;1;3;43,5337759346;6,8190920949
202200007127;4;6;2022;03:20;3;94;1;1;1;3;48,8264802908;2,5222880130
202200007128;30;12;2022;00:44;5;38;2;3;2;2;45,2282610000;5,6841050000
202200007129;13;11;2022;11:00;1;13;1;3;1;3;43,6662260000;4,7251870000
202200007130;29;4;2022;17:50;1;93;1;1;1;4;48,9450884284;2,4771487713
202200007131;19;12;2022;07:25;3;33;1;1;1;6;44,6957101621; -0,4880185425
202200007132;4;6;2022;01:20;3;94;1;1;1;4;48,8205076244;2,4018322324
202200007133;23;11;2022;13:25;1;71;2;3;2;3;46,1813010000;4,7452030000
202200007134;30;12;2022;16:38;2;94;1;1;2;2;48,7603900000;2,3192300000
202200007135;29;4;2022;13:15;1;93;1;1;1;4;48,9462300000;2,4411600000
202200007136;30;12;2022;10:37;1;91;1;1;2;3;48,5785800000;2,4630000000
202200007137;16;10;2022;19:30;3;67;2;9;2;3;48,5916570000;7,6717720000
202200007138;4;6;2022;14:05;1;59;2;3;1;3;50,1194710000;3,9254080000
202200007139;30;12;2022;07:00;5;91;1;1;1;7;48,6096800000;2,4329900000
202200007140;30;4;2022;16:45;1;77;1;1;1;2;48,9587380000;2,6231900000
202200007141;17;11;2022;13:10;1;67;2;1;2;3;48,5390610000;7,4522060000
202200007142;4;6;2022;02:45;3;13;1;1;1;2;43,3915800000;5,2625600000
202200007143;27;4;2022;16:00;1;974;2;6;1;3; -20,8892600000;55,4233300000
202200007144;30;12;2022;13:00;1;92;1;1;2;4;48,8955649122;2,2262703777
202200007145;23;11;2022;17:50;5;54;2;3;2;6;48,6205590030;6,0818177469
202200007146;29;4;2022;17:52;2;973;2;1;1;6;4,9441700000; -52,3093100000
202200007147;3;6;2022;22:28;5;13;1;1;1;3;43,3325710913;5,3853964805
202200007148;30;12;2022;08:59;1;78;1;1;3;2;48,8207890000;2,0689200000
202200007149;22;11;2022;19:40;5;42;2;1;1;6;45,4085360000;4,7365450000
202200007150;4;6;2022;21:35;1;33;1;1;1;6;44,8129630000; -0,6722840000
202200007151;29;4;2022;21:36;5;69;2;1;1;6;45,7234000000;4,8282800000
202200007152;30;12;2022;10:00;1;95;1;1;3;3;48,9805970000;2,2410660000
202200007153;29;4;2022;12:30;1;69;2;3;1;6;45,7405145129;4,8318423308
202200007154;4;6;2022;06:39;1;33;1;1;1;2;44,8102900000; -0,5237900000
202200007155;29;12;2022;22:45;5;93;1;1;1;2;48,8751781051;2,4401664734
202200007156;22;11;2022;08:00;1;69;2;1;8;3;45,6843160000;4,7835860000
202200007157;29;4;2022;10:40;1;69;2;2;1;6;45,7476137112;4,8652507350
202200007158;3;6;2022;23:26;3;33;1;1;1;6;44,8230500000; -0,5126300000
202200007159;28;12;2022;22:35;3;77;1;1;2;6;48,7610946050;2,6158292368
202200007160;17;10;2022;17:42;1;33;2;1;1;3;44,9084330000; -0,6287370000
202200007161;29;12;2022;16:00;1;75;2;1;1;2;48,8323730000;2,2805420000
202200007162;28;4;2022;22:25;5;972;2;6;1;3;14,6072800000; -61,0570100000
202200007163;4;6;2022;03:50;3;93;1;1;1;2;48,9450766843;2,4770200253
202200007164;10;11;2022;15:40;1;33;2;1;1;6;44,6823320000; -1,0141970000
202200007165;29;12;2022;12:45;1;75;2;3;1;7;48,8555190000;2,2286720000
202200007166;3;6;2022;10:45;1;93;1;1;1;2;48,9296900000;2,4811200000
202200007167;29;4;2022;22:50;5;69;2;2;1;3;45,7591400000;4,8298000000
202200007168;23;11;2022;11:13;1;85;1;2;1;3;46,5346240000; -1,7055900000
202200007169;29;4;2022;22:00;5;69;2;1;1;6;45,8039000000;4,8622000000
202200007170;28;12;2022;23:45;5;75;2;2;2;2;48,8669680000;2,2789810000
202200007171;4;6;2022;13:50;1;94;1;1;1;4;48,8232003361;2,3958043224
202200007172;29;12;2022;16:45;1;75;2;2;1;3;48,8789710000;2,3557500000
202200007173;23;11;2022;00:03;3;60;1;1;1;5;49,1122260000;2,7705720000
202200007174;29;4;2022;00:50;5;69;2;2;1;1;45,7650100000;4,8381000000
202200007175;2;6;2022;08:47;1;13;1;1;1;2;43,2849900000;5,5168800000
202200007176;29;12;2022;07:53;4;75;2;2;1;7;48,8649900000;2,3136860000
202200007177;22;11;2022;08:00;2;60;1;1;1;4;49,3210380000;2,4393940000
202200007178;29;12;2022;16:10;1;75;2;7;1;3;48,8512510000;2,3009430000
202200007179;2;6;2022;08:10;1;83;1;1;1;2;43,1222762978;5,8687591553
202200007180;28;4;2022;10:30;1;971;1;1;1;4;16,2530855299; -61,5469899774
202200007181;23;11;2022;17:00;1;80;1;1;2;1;49,6479120000;2,6300760000
202200007182;29;12;2022;03:50;5;75;2;3;3;6;48,8611000000;2,3241590000
202200007183;25;5;2022;13:15;1;69;2;1;1;3;45,7295300000;4,8983200000
202200007184;29;4;2022;04:50;5;2A;2;3;1;3;41,9328000000;8,7374200000
202200007185;23;11;2022;08:05;1;59;2;1;1;6;50,5308890000;2,9402910000
202200007186;29;12;2022;23:00;5;75;2;2;1;6;48,8648053375;2,3554542661
202200007187;28;12;2022;10:01;1;94;2;1;1;6;48,7217110000;2,4502140000
202200007188;25;4;2022;21:36;5;95;2;2;1;1;48,9692849615;2,3053009808
202200007189;3;6;2022;19:45;1;33;1;1;1;4;44,7751300000; -0,5569600000
202200007190;29;12;2022;14:40;2;94;2;3;1;3;48,8052100000;2,3463500000
202200007191;21;11;2022;19:15;3;13;1;1;2;5;43,4047200000;5,3043600000
202200007192;12;4;2022;20:45;3;91;1;2;8;3;48,7104550000;2,1769360000
202200007193;28;12;2022;20:15;5;94;2;3;2;3;48,7859300000;2,3291270000
202200007194;3;6;2022;17:20;1;33;1;1;1;4;44,7666583655; -0,6698119640
202200007195;28;4;2022;23:06;5;87;2;1;1;7;45,8702700000;1,3272700000
202200007196;21;11;2022;15:27;1;13;1;1;1;4;43,3675100000;5,3609400000
202200007197;28;12;2022;23:30;5;94;2;1;3;2;48,8524672157;2,4837693813
202200007198;13;4;2022;20:17;2;78;1;1;1;3;48,8159500000;2,0282100000
202200007199;29;12;2022;19:50;5;94;2;1;1;6;48,7800690000;2,5770330000
202200007200;1;6;2022;20:30;1;33;1;1;1;2;44,8010330000; -0,5347170000
202200007201;17;4;2022;19:00;1;76;1;1;1;6;49,4868030000;1,0377100000
202200007202;29;12;2022;18:00;5;93;2;2;1;6;48,8905700000;2,5155100000
202200007203;17;4;2022;10:15;1;76;2;1;1;3;49,2973220000;1,0133330000
202200007204;28;12;2022;17:35;5;92;2;1;2;6;48,9182370000;2,2389560000
202200007205;3;6;2022;18:30;1;91;1;1;1;4;48,6316900000;2,5186600000
202200007206;21;11;2022;17:22;2;13;1;1;3;7;43,2510500000;5,5958500000
202200007207;29;12;2022;10:20;1;92;2;1;1;6;48,9062200000;2,3133600000
202200007208;3;6;2022;16:30;1;92;1;1;2;2;48,9107409163;2,2159690170
202200007209;29;12;2022;12:50;1;11;1;1;8;6;43,3720280000;2,3061310000
202200007210;28;4;2022;23:07;5;76;2;9;1;3;49,7591100000;0,3756900000
202200007211;22;11;2022;09:45;3;13;1;1;1;2;43,3289950748;5,3779922291
202200007212;30;12;2022;13:30;1;37;1;1;2;7;47,3319440000;0,1965520000
202200007213;21;11;2022;12:00;1;83;1;1;1;6;43,1214000000;5,8338200000
202200007214;29;4;2022;17:30;1;71;2;1;8;1;46,3522700000;4,8304100000
202200007215;3;6;2022;16:25;1;94;1;1;1;2;48,8171389327;2,4422619339
202200007216;30;12;2022;12:25;1;38;1;1;2;1;45,4963080000;4,8379760000
202200007217;28;4;2022;16:24;1;66;1;1;1;2;42,7162760000;2,8729790000
202200007218;1;6;2022;00:20;5;91;2;9;1;3;48,7161300000;2,3709400000
202200007219;30;12;2022;13:50;1;26;1;1;1;2;44,5112120000;4,7763170000
202200007220;27;4;2022;15:15;1;64;2;1;1;2;43,3122900000; -0,3674000000
202200007221;27;4;2022;12:50;1;64;2;1;1;7;43,2934905487; -0,3759424388
202200007222;29;12;2022;15:05;1;52;1;1;2;4;48,0263616511;5,0896229769
202200007223;1;6;2022;14:05;1;16;2;6;1;2;45,6296960000;0,1439400000
202200007224;29;4;2022;21:15;5;64;2;3;1;3;43,4905800000; -1,4701100000
202200007225;29;12;2022;15:15;1;79;2;1;2;7;46,1317150000;0,1711360000
202200007226;31;5;2022;08:27;1;29;2;1;1;6;48,3983640000; -4,4615610000
202200007227;29;12;2022;14:15;1;12;1;1;8;2;44,2373500000;3,0593640000
202200007228;29;4;2022;19:00;1;60;2;9;1;3;49,4498380000;2,0972290000
202200007229;29;12;2022;17:45;5;23;2;1;2;6;45,8830640000;2,1740350000
202200007230;20;3;2022;00:00;5;93;2;3;1;3;48,9089770000;2,5011890000
202200007231;30;5;2022;16:55;1;95;2;1;1;6;49,0471440000;2,0035670000
202200007232;26;4;2022;17:00;1;59;2;1;1;6;50,2752826123;3,9685481787
202200007233;19;3;2022;13:00;1;972;2;1;1;7;14,5156730000; -60,9659230000
202200007234;30;5;2022;10:30;1;04;2;1;1;6;43,8316300000;5,7841300000
202200007235;30;12;2022;11:30;1;41;1;1;2;1;47,7667340000;0,9054710000
202200007236;29;4;2022;13:15;1;59;2;1;1;1;50,6279800000;2,9948300000
202200007237;21;3;2022;17:50;2;01;2;1;1;6;45,9838210000;4,7578540000
202200007238;29;5;2022;20:00;1;14;2;2;1;3;49,1782300000; -0,3534100000
202200007239;25;12;2022;20:15;3;33;1;1;1;1;44,4057110000; -0,2259060000
202200007240;29;4;2022;05:30;5;59;2;1;1;2;50,6609800000;3,0947700000
202200007241;28;12;2022;13:50;1;61;1;1;2;7;48,5465580000;0,4893310000
202200007242;21;3;2022;15:30;1;19;1;1;1;4;45,4628843864;1,5136198980
202200007243;28;5;2022;16:30;1;29;2;1;1;1;47,9840980000; -4,1208190000
202200007244;21;4;2022;15:15;1;59;2;1;1;3;50,7003266373;2,8494179249
202200007245;30;12;2022;17:10;3;39;1;1;2;6;46,3495730000;5,6927780000
202200007246;19;3;2022;04:00;3;50;1;1;1;6;48,7034950000; -1,3386530000
202200007247;27;5;2022;16:05;1;38;2;3;1;6;45,1763400000;5,7318500000
202200007248;30;12;2022;01:57;3;25;1;1;9;6;46,9413040000;6,1538300000
202200007249;20;3;2022;04:50;5;30;1;6;1;7;43,9878740000;4,7474670000