Accident_Id;jour;mois;an;hrmn;lum;dep;agg;int;atm;col;lat;long
202200007250;29;4;2022;07:55;1;56;2;6;1;6;47,7829700000; -3,3380610000
202200007251;27;5;2022;21:40;1;22;1;1;1;6;48,5277700000; -2,7770000000
202200007252;30;12;2022;14:15;1;15;1;1;2;1;44,6803540000;2,1862850000
202200007253;20;3;2022;15:55;1;57;2;1;1;6;49,0478940000;7,4635430000
202200007254;29;4;2022;10:34;1;54;2;1;1;3;48,9025200000;6,0380600000
202200007255;29;12;2022;12:45;1;14;1;1;8;6;49,2464193990; -1,0010594130
202200007256;20;3;2022;11:50;1;51;1;1;1;7;49,2651200000;4,1249690000
202200007257;26;5;2022;22:55;5;75;2;7;1;3;48,8571958110;2,3473451836
202200007258;30;12;2022;01:30;3;14;1;1;1;6;49,1731190000; -0,5457970000
202200007259;20;3;2022;05:45;5;51;2;1;1;7;48,6137070000;3,6134240000
202200007260;24;5;2022;05:45;2;971;1;1;1;7;16,2180192975; -61,5095490217
202200007261;28;4;2022;18:50;1;54;2;2;1;3;48,6526400000;6,1848600000
202200007262;19;3;2022;19:57;3;74;1;1;1;7;45,7491690000;6,3155080000
202200007263;29;12;2022;13:20;1;50;1;2;1;3;48,7162590000; -1,1772480000
202200007264;23;5;2022;12:15;1;54;1;2;1;6;48,6539120951;6,1523196101
202200007265;21;3;2022;00:40;3;79;1;1;1;7;46,2882190000; -0,1560200000
202200007266;26;4;2022;08:45;1;54;2;2;1;3;48,6794000000;6,1426300000
202200007267;29;12;2022;18:30;3;04;1;1;9;1;44,2921550000;5,8429880000
202200007268;21;3;2022;19:20;3;12;1;1;1;6;44,2126490000;2,3122360000
202200007269;29;12;2022;11:25;1;85;1;1;1;1;46,9468350000; -1,3629060000
202200007270;23;5;2022;13:20;1;75;2;7;3;1;48,8827820000;2,3703590000
202200007271;29;4;2022;16:20;1;51;2;1;1;2;49,2835900000;4,0146200000
202200007272;28;12;2022;17:30;5;08;2;1;3;6;49,6314750000;5,1662830000
202200007273;18;3;2022;16:40;1;42;1;1;1;3;46,1506580000;4,3127990000
202200007274;21;5;2022;07:00;1;76;2;1;1;6;49,4915500000;0,1357500000
202200007275;29;12;2022;18:00;3;08;1;1;8;6;49,9360190000;4,5387820000
202200007276;21;3;2022;18:15;1;22;1;1;1;6;48,3153136497; -2,6720300317
202200007277;29;4;2022;10:00;1;51;2;2;1;3;49,2461400000;4,0569500000
202200007278;20;5;2022;12:15;1;27;2;4;3;6;49,0236900000;1,1550200000
202200007279;29;12;2022;13:05;1;973;2;1;1;5;4,8845407141; -52,3357129097
202200007280;21;3;2022;11:45;1;44;1;2;1;3;47,2296810000; -1,4361940000
202200007281;19;5;2022;22:30;5;34;2;1;1;6;43,6126600000;3,8389300000
202200007282;28;4;2022;15:20;1;50;2;3;1;3;49,1102130000; -1,0751140000
202200007283;29;12;2022;12:28;1;78;1;1;1;2;48,9362590000;1,9486060000
202200007284;20;3;2022;18:45;1;44;1;1;1;7;47,1319360000; -1,8639850000
202200007285;19;5;2022;20:30;1;31;2;1;7;6;43,6235310000;1,3231400000
202200007286;29;4;2022;13:25;1;45;2;1;1;3;47,9015296268;1,8550906778
202200007287;19;5;2022;21:30;2;94;2;1;1;6;48,7162900000;2,5710500000
202200007288;28;12;2022;19:15;3;62;1;1;2;2;50,7537020000;2,1231010000
202200007289;20;3;2022;18:00;1;29;1;3;1;3;47,7985770000; -3,8138240000
202200007290;29;4;2022;18:50;1;37;2;6;1;3;47,4261000000;0,6550600000
202200007291;19;5;2022;08:01;1;92;2;2;1;3;48,9111422345;2,2988089621
202200007292;30;12;2022;16:00;1;22;1;1;2;1;48,1917705282; -2,4399119442
202200007293;20;3;2022;17:25;1;29;1;2;1;1;48,4385470000; -4,7320010000
202200007294;19;5;2022;15:15;1;26;1;1;1;7;44,5420220000;5,2835010000
202200007295;22;12;2022;17:45;5;73;1;1;1;6;45,3706630000;6,5131820000
202200007296;21;3;2022;04:58;5;31;1;1;1;3;43,6782620000;1,4080740000
202200007297;29;4;2022;12:20;1;37;2;3;1;3;47,4016788683;0,6840088964
202200007298;29;12;2022;17:45;1;971;1;1;1;7;16,3129520000; -61,5039430000
202200007299;10;5;2022;22:55;3;66;1;1;1;1;42,5125070000;3,1126930000
202200007300;29;4;2022;07:19;1;37;2;1;1;6;47,3282066691;0,6632995605
202200007301;18;3;2022;12:50;1;15;1;3;1;3;44,8962020000;2,3482150000
202200007302;27;12;2022;17:10;5;45;2;2;1;6;48,1853920000;2,2498850000
202200007303;17;5;2022;10:27;1;74;2;3;1;3;46,0612960000;6,5813710000
202200007304;19;3;2022;04:00;3;01;2;1;1;6;46,4901830000;4,9777130000
202200007305;30;12;2022;14:30;1;2B;1;1;1;1;42,4888440000;9,2845040000
202200007306;29;4;2022;19:50;1;35;2;2;1;3;48,0836494477; -1,6744856536
202200007307;29;5;2022;01:25;5;60;2;3;1;7;49,2907900000;2,4626970000
202200007308;19;3;2022;09:10;1;70;2;1;1;6;47,9180930000;5,9910950000
202200007309;29;12;2022;20:50;3;84;1;3;1;-1;43,8804490000;5,4471530000
202200007310;2;6;2022;14:50;1;59;2;1;1;7;50,4653240000;3,0293730000
202200007311;28;4;2022;17:45;1;35;2;1;1;2;48,1080300000; -1,7007700000
202200007312;21;3;2022;12:30;1;72;1;1;1;2;48,0896040000;0,5621050000
202200007313;29;12;2022;18:20;3;63;1;4;3;1;45,8690500000;3,0305740000
202200007314;20;3;2022;17:30;2;50;1;1;7;6;49,3813180000; -1,2605260000
202200007315;29;4;2022;21:00;4;34;2;6;1;5;43,4415700000;3,7466700000
202200007316;20;3;2022;22:30;3;50;1;1;1;6;48,7186910000; -0,8437370000
202200007317;29;12;2022;17:30;3;81;1;1;2;7;43,7711400000;1,7705480000
202200007318;2;6;2022;15:15;1;13;1;1;1;5;43,3900344691;5,3509675797
202200007319;20;3;2022;17:15;1;64;1;2;1;3;43,3688695105; -0,1871967316
202200007320;29;4;2022;12:15;1;33;2;3;1;2;44,8604400000; -0,5541600000
202200007321;1;6;2022;20:00;1;13;1;1;1;2;43,3285405218;5,4168284333
202200007322;29;12;2022;19:25;5;29;2;1;2;1;48,2476210000; -4,4834510000
202200007323;29;12;2022;16:10;1;27;2;1;1;7;49,1468680000;1,1499060000
202200007324;20;3;2022;06:35;2;53;1;1;1;7;48,4608390000; -0,4135750000
202200007325;2;6;2022;10:57;1;13;1;1;1;2;43,3298314950;5,4053487467
202200007326;25;4;2022;14:40;1;33;2;3;1;3;44,8570300000; -0,5971900000
202200007327;26;12;2022;14:10;1;60;1;1;1;6;49,2038237578;2,2674061566
202200007328;1;6;2022;19:15;1;13;1;1;1;3;43,3127881063;5,3665532807
202200007329;20;3;2022;15:00;1;21;2;4;1;1;47,4004260000;4,1257630000
202200007330;24;4;2022;03:20;5;33;2;1;1;6;44,8396100000; -0,6049600000
202200007331;30;12;2022;14:06;1;60;1;2;2;3;49,5038467001;2,0865182874
202200007332;20;3;2022;13:15;1;85;1;1;1;7;46,5061700000; -0,6475300000
202200007333;29;4;2022;02:35;5;31;2;1;1;7;43,5998100000;1,4539200000
202200007334;1;6;2022;14:30;1;13;1;1;1;2;43,3351700000;5,3535500000
202200007335;30;12;2022;17:15;3;80;1;1;2;1;49,7592840000;2,5011060000
202200007336;20;3;2022;17:40;1;28;1;1;1;6;48,6086530000;1,2438370000
202200007337;30;12;2022;14:30;1;80;1;1;6;3;49,6897040000;2,6405810000
202200007338;18;4;2022;18:10;1;30;2;4;1;3;44,1217100000;4,0595900000
202200007339;1;6;2022;11:45;1;13;1;1;1;2;43,4097259219;5,2855035702
202200007340;20;3;2022;17:45;1;91;1;9;1;7;48,5636860000;2,2091320000
202200007341;29;4;2022;04:50;5;29;2;3;1;6;47,9776946900; -4,1233943403
202200007342;28;12;2022;23:10;5;13;1;1;1;7;43,2871900000;5,3729100000
202200007343;21;3;2022;10:50;1;27;1;1;1;3;49,2852685206;1,1260442733
202200007344;1;6;2022;07:00;1;13;1;1;1;5;43,3346274028;5,3827017545
202200007345;25;4;2022;12:10;1;19;2;3;1;3;45,1452470146;1,4976865053
202200007346;20;3;2022;14:00;1;987;1;1;1;3; -17,7475830000; -149,3228890000
202200007347;28;4;2022;18:55;1;18;2;4;1;7;47,0930730000;2,4889800000
202200007348;6;5;2022;22:44;5;13;1;1;1;6;43,3300600000;5,4108800000
202200007349;17;3;2022;06:20;1;987;2;3;1;3; -17,7138190000; -149,5825800000
202200007350;29;12;2022;23:00;5;33;1;1;1;3;44,9553968576; -0,4537707567
202200007351;11;5;2022;03:15;3;54;1;1;1;2;48,6648200000;5,9132500000
202200007352;29;4;2022;12:00;1;13;2;9;1;3;43,3027700000;5,5217000000
202200007353;18;3;2022;18:05;1;987;1;9;1;1; -17,7446500000; -149,5678870000
202200007354;29;12;2022;15:40;1;91;1;1;1;2;48,6253500000;2,4172400000
202200007355;12;3;2022;15:00;1;971;2;1;1;6;16,2288810000; -61,3928030000
202200007356;29;12;2022;09:00;1;91;1;1;1;7;48,7500900000;2,2215200000
202200007357;20;4;2022;10:45;1;13;2;1;1;3;43,2977000000;5,4828900000
202200007358;29;12;2022;07:10;3;91;1;1;1;7;48,6333500000;2,4007900000
202200007359;29;4;2022;15:30;1;10;2;9;1;6;48,2956900000;4,0978090000
202200007360;19;3;2022;14:00;1;77;1;3;1;2;48,9577350000;2,8018140000
202200007361;29;12;2022;10:45;1;93;1;1;1;3;48,8696602928;2,4297243504
202200007362;28;4;2022;20:40;2;10;2;6;1;3;48,3004509030;4,1085916758
202200007363;29;12;2022;05:00;3;95;1;1;1;6;49,0599700000;2,2817100000
202200007364;21;3;2022;08:30;1;91;2;6;1;3;48,7029320000;2,2832140000
202200007365;2;6;2022;20:45;1;91;1;1;1;2;48,6104900000;2,4441500000
202200007366;20;3;2022;23:00;5;83;2;1;1;6;43,4100510000;6,0542020000
202200007367;29;12;2022;00:05;4;95;1;1;2;2;48,9552880915;2,2779641674
202200007368;28;4;2022;20:37;2;10;2;6;1;3;48,2948400000;4,0670000000
202200007369;2;6;2022;17:20;1;77;1;1;1;2;48,6443880000;2,5396370000
202200007370;28;12;2022;23:00;3;93;1;1;2;2;48,9657440033;2,5168227811
202200007371;27;4;2022;16:20;1;02;2;3;1;3;49,6583340000;3,2985890000
202200007372;19;3;2022;13:00;1;74;1;4;1;1;45,8717320000;6,3843920000
202200007373;2;6;2022;13:25;1;91;1;1;1;2;48,6293700000;2,4000700000
202200007374;28;4;2022;18:10;1;75;2;1;1;7;48,8602587082;2,2635966539
202200007375;29;12;2022;00:40;3;95;1;1;2;2;48,9552880915;2,2779641674
202200007376;2;6;2022;10:45;1;91;1;1;1;3;48,7159400000;2,3095000000
202200007377;20;3;2022;16:30;1;07;2;1;8;1;45,0699590000;4,8261710000
202200007378;28;4;2022;13:00;1;75;2;4;1;3;48,8491739069;2,4151615798
202200007379;28;12;2022;06:00;4;95;1;1;2;4;48,9769700000;2,4758800000
202200007380;2;6;2022;00:37;3;94;1;1;1;6;48,7930959416;2,3450827925
202200007381;21;3;2022;14:07;1;01;2;1;1;7;45,8524780000;5,4142370000
202200007382;29;12;2022;03:00;3;94;1;1;2;6;48,8354458972;2,5387118132
202200007383;21;3;2022;08:01;1;69;1;1;1;3;45,8604060000;4,6177350000
202200007384;1;6;2022;17:30;1;78;1;1;1;2;48,9756100000;1,7235700000
202200007385;28;4;2022;10:00;1;75;2;1;1;4;48,9010410000;2,3507640000
202200007386;28;12;2022;21:20;3;94;1;1;2;3;48,8165048505;2,4525248344
202200007387;20;3;2022;20:50;5;31;1;6;1;6;43,6425390000;1,1598300000
202200007388;2;6;2022;18:00;1;93;1;1;1;5;48,9296800000;2,3619700000
202200007389;28;12;2022;18:30;3;77;1;1;2;6;48,7664000000;2,6139000000
202200007390;29;4;2022;13:45;1;75;2;2;1;1;48,8646640000;2,4046310000
202200007391;21;3;2022;06:10;3;79;1;1;1;3;46,3501250000; -0,3245540000
202200007392;28;12;2022;15:10;1;77;1;1;2;2;48,7820000000;2,6160000000
202200007393;2;6;2022;10:10;1;95;1;1;1;6;49,0534800000;2,4262500000
202200007394;29;4;2022;14:40;1;75;2;2;1;6;48,8860880000;2,3898340000
202200007395;28;12;2022;17:35;2;31;2;1;1;6;43,1120000000;0,7410000000
202200007396;19;3;2022;22:10;5;64;2;3;1;1;43,4778447070; -1,4578664303
202200007397;2;6;2022;07:46;1;93;1;1;1;3;48,8992000000;2,4694100000
202200007398;25;12;2022;17:18;5;51;2;3;1;1;48,9545000000;4,3362400000
202200007399;29;4;2022;17:40;1;75;2;5;1;3;48,8918503033;2,3335247221
202200007400;21;3;2022;17:15;1;76;2;2;1;3;49,5236900000;0,3609070000
202200007401;2;6;2022;08:36;1;93;1;1;1;5;48,8902100000;2,4736600000
202200007402;27;10;2022;13:15;1;50;2;1;1;3;48,8377300000; -1,5898000000
202200007403;19;3;2022;17:00;1;59;1;1;1;7;50,4748610000;3,1788310000
202200007404;22;10;2022;03:45;5;50;2;6;1;6;48,8332540000; -1,5873730000
202200007405;29;4;2022;09:30;1;75;2;4;1;3;48,8895725451;2,3039921888
202200007406;1;6;2022;20:00;1;95;1;1;1;4;48,9746585493;2,4869227409
202200007407;29;4;2022;02:35;5;75;2;1;1;6;48,8701340000;2,2578040000
202200007408;20;3;2022;17:50;1;13;1;1;1;2;43,3667300000;5,3606340000
202200007409;12;10;2022;15:40;1;50;2;3;1;6;48,8384480000; -1,5923650000
202200007410;1;6;2022;19:15;1;93;1;1;1;7;48,9202000000;2,4790500000
202200007411;1;6;2022;07:34;1;93;1;9;1;6;48,9590400000;2,4654700000
202200007412;10;10;2022;13:30;1;50;2;1;2;6;48,8378300000; -1,5643100000
202200007413;29;4;2022;19:15;1;75;2;7;1;2;48,8757130000;2,2889400000
202200007414;20;3;2022;19:00;2;91;1;1;1;4;48,7127500000;2,2820800000
202200007415;1;6;2022;09:40;1;95;1;1;1;3;49,1002337861;2,5502389669
202200007416;28;12;2022;07:44;1;976;1;1;1;3; -12,7565200000;45,2327400000
202200007417;29;4;2022;16:30;1;75;2;1;1;3;48,8368209598;2,2621497276
202200007418;1;6;2022;09:00;1;95;1;1;1;2;49,0698620000;2,2206740000
202200007419;28;12;2022;14:35;1;974;1;3;1;3; -21,3213900000;55,4445000000
202200007420;20;3;2022;16:35;1;92;1;1;1;4;48,7314488693;2,3098661005
202200007421;26;4;2022;18:45;1;75;2;7;1;3;48,8770233126;2,2831512988
202200007422;1;6;2022;07:50;1;93;1;1;1;2;48,9395660104;2,4795413018
202200007423;20;3;2022;14:20;1;94;1;1;1;6;48,7903600000;2,3448100000
202200007424;28;12;2022;11:15;1;69;2;2;1;3;45,7589700000;4,8616500000
202200007425;1;6;2022;08:25;1;93;1;1;1;2;48,8658000000;2,4183300000
202200007426;20;3;2022;08:05;1;91;1;1;1;7;48,6226700000;2,2870100000
202200007427;29;4;2022;12:05;1;75;2;3;1;3;48,8324470000;2,3205480000
202200007428;28;12;2022;08:10;2;69;2;1;1;6;45,7405400000;4,8781100000
202200007429;28;12;2022;01:53;5;972;1;1;3;6;14,6006087800; -61,0002929700
202200007430;19;3;2022;21:45;3;91;1;1;1;6;48,6741400000;2,3424700000
202200007431;1;6;2022;06:40;1;92;1;1;1;2;48,9453289651;2,2847409892
202200007432;29;4;2022;10:20;1;75;2;7;1;2;48,8280770000;2,3270230000
202200007433;28;12;2022;13:00;1;971;1;1;1;2;16,2474800000; -61,5265800000
202200007434;20;3;2022;01:48;3;91;1;1;1;7;48,6259500000;2,3530800000
202200007435;28;4;2022;19:15;1;75;2;2;1;6;48,8517670000;2,3138560000
202200007436;2;6;2022;17:50;1;94;1;1;1;4;48,8267148148;2,4672374839
202200007437;28;12;2022;19:38;3;2A;1;1;1;2;41,9271820956;8,7926087378
202200007438;19;3;2022;13:30;1;94;1;1;1;6;48,7593600000;2,3232400000
202200007439;28;12;2022;19:40;3;2A;1;1;1;7;41,9343707230;8,7191635966
202200007440;28;4;2022;15:50;1;75;2;2;1;3;48,8278050784;2,3052272201
202200007441;12;5;2022;19:15;5;974;1;3;1;6; -21,3796970000;55,6351900000
202200007442;20;3;2022;15:10;1;92;1;1;1;6;48,9354173550;2,3198823491
202200007443;28;12;2022;22:30;5;95;2;1;1;3;49,0303050000;2,0809610000
202200007444;16;5;2022;15:45;1;51;2;1;1;7;49,2915013220;4,1164451838
202200007445;29;4;2022;20:06;1;75;2;2;1;3;48,8194860000;2,3446000000
202200007446;17;5;2022;17:15;1;61;2;1;1;6;48,6020410000;0,1715860000
202200007447;20;3;2022;13:38;1;93;1;1;1;4;48,9261806033;2,3383789255
202200007448;29;4;2022;18:15;1;75;2;5;1;2;48,8367855339;2,3518480361
202200007449;17;5;2022;16:00;1;49;1;1;1;6;47,6484840000; -0,4520430000
202200007450;19;3;2022;23:50;3;93;1;1;1;3;48,9356000000;2,4049600000
202200007451;28;12;2022;19:20;5;91;2;1;2;4;48,7057700000;2,3715600000
202200007452;17;5;2022;12:05;1;29;2;1;1;6;48,0431960000; -4,4899670000
202200007453;29;4;2022;22:22;5;75;2;2;1;3;48,8651830000;2,3677320000
202200007454;19;3;2022;07:30;1;94;1;1;1;6;48,8194300000;2,4048100000
202200007455;23;12;2022;16:20;1;85;2;6;1;2;46,5057900000; -1,7754500000
202200007456;17;5;2022;17:05;1;31;2;1;7;6;43,4001800000;1,7166030000
202200007457;29;4;2022;08:30;1;75;2;7;1;3;48,8789440000;2,3236170000
202200007458;18;3;2022;20:50;5;988;2;1;1;1; -22,2204300000;166,4816500000
202200007459;15;12;2022;19:00;5;80;2;1;1;6;49,9102400000;2,3062200000
202200007460;17;5;2022;17:10;1;02;1;5;1;3;49,2976790000;3,1077790000
202200007461;19;3;2022;20:30;5;974;2;9;1;3; -21,2970400000;55,4567400000
202200007462;29;4;2022;20:00;1;75;2;3;1;1;48,8533860000;2,3676540000
202200007463;18;5;2022;16:30;1;60;1;1;1;7;49,3443900000;2,0347880000
202200007464;27;12;2022;18:55;5;78;2;1;1;1;48,9269300000;2,1217500000
202200007465;18;3;2022;17:20;1;974;2;1;2;6; -21,3300000000;55,4700000000
202200007466;28;4;2022;20:10;2;94;2;1;1;3;48,8453600000;2,4278800000
202200007467;17;5;2022;19:15;1;77;2;1;1;3;48,9923480000;2,9598610000
202200007468;28;12;2022;05:55;5;78;2;3;2;3;48,8668700000;2,1008300000
202200007469;19;3;2022;07:00;1;974;2;1;1;1; -20,9330200000;55,6521300000
202200007470;16;5;2022;12:30;1;38;1;1;1;6;45,0717020000;5,4945370000
202200007471;29;4;2022;15:10;1;94;2;3;1;2;48,7911300000;2,4965900000
202200007472;28;12;2022;17:55;5;78;2;1;2;6;48,9893800000;1,9132800000
202200007473;18;3;2022;23:30;5;973;1;1;1;6;4,8997100000; -52,3260800000
202200007474;18;5;2022;12:20;1;50;2;2;1;6;49,6434000000; -1,6285800000
202200007475;28;12;2022;20:00;5;77;2;1;2;1;48,4119800000;2,7089900000
202200007476;19;3;2022;18:45;1;69;2;1;1;6;45,7516362609;4,8813752532
202200007477;18;5;2022;07:45;1;25;2;1;1;6;47,2204800000;5,9780600000
202200007478;27;4;2022;16:30;1;94;2;1;1;4;48,7987855434;2,4741978049
202200007479;27;12;2022;22:14;5;72;2;3;1;3;47,9745000000;0,2015200000
202200007480;19;3;2022;13:20;1;972;1;1;1;2;14,6183400000; -61,0201900000
202200007481;28;4;2022;14:20;1;94;2;1;1;6;48,8448349709;2,5026040076
202200007482;17;5;2022;08:00;1;60;2;6;1;6;49,4237600000;2,1052100000
202200007483;20;3;2022;00:32;5;69;2;2;1;7;45,7592200000;4,8294000000
202200007484;28;12;2022;13:50;1;69;2;2;1;1;45,7819554063;5,0054901838
202200007485;29;4;2022;11:50;1;94;2;1;1;6;48,8100500000;2,4403000000
202200007486;28;12;2022;17:35;5;69;1;1;1;3;45,7192900000;4,9352000000
202200007487;20;3;2022;00:15;5;69;2;3;1;3;45,7742526477;4,8306564823
202200007488;17;5;2022;14:10;1;30;1;4;1;2;43,9494000000;4,7845000000
202200007489;29;4;2022;15:05;1;94;2;3;1;3;48,8065900000;2,3510300000
202200007490;16;3;2022;08:20;1;971;2;1;1;6;16,2471700000; -61,5383000000
202200007491;27;12;2022;15:00;1;67;2;3;1;3;48,6037300000;7,7875600000
202200007492;17;5;2022;11:05;1;77;1;1;1;3;48,9052190000;2,8861910000
202200007493;29;4;2022;14:30;1;94;2;2;1;3;48,8127912526;2,3615380525
202200007494;19;3;2022;16:50;1;2A;2;9;1;6;41,9271204000;8,7384787202
202200007495;28;12;2022;16:00;2;54;2;1;1;3;48,7111800000;6,2464700000
202200007496;16;5;2022;17:15;1;71;2;4;1;1;46,5626520000;4,2250370000
202200007497;29;4;2022;13:11;1;94;2;1;1;6;48,8114354283;2,3620219229
202200007498;16;3;2022;11:20;1;2A;2;1;1;2;41,9360500000;8,7534400000
202200007499;15;5;2022;13:45;1;71;1;1;1;6;46,2859200000;4,3454360000
202200007500;27;12;2022;15:40;1;50;2;2;1;2;49,6390200000; -1,6190500000
202200007501;15;5;2022;09:40;1;02;1;1;7;7;49,1641640000;3,4155200000
202200007502;29;3;2022;13:50;1;94;2;9;1;3;48,7812657481;2,4648470877
202200007503;25;12;2022;18:50;5;50;2;1;2;1;49,6222500000; -1,5845000000
202200007504;15;5;2022;16:45;1;84;2;3;1;1;43,6741420000;5,5032870000
202200007505;22;4;2022;21:00;2;94;2;3;1;7;48,8292600000;2,5178800000
202200007506;18;3;2022;19:30;3;95;2;1;1;2;49,0318657516;2,4590438604
202200007507;27;12;2022;10:04;1;49;2;2;1;3;47,4710200000; -0,5645700000
202200007508;17;5;2022;13:45;1;66;1;9;1;1;42,4959880000;2,7066980000
202200007509;29;4;2022;17:30;1;93;2;1;1;3;48,9258931363;2,3547483088
202200007510;8;12;2022;08:15;5;35;2;6;2;6;48,6438600000; -2,0085300000
202200007511;18;3;2022;17:30;1;91;2;6;1;6;48,7010200000;2,4864000000
202200007512;16;5;2022;18:45;1;30;1;1;1;6;43,6571610000;4,2855910000
202200007513;29;4;2022;02:30;5;93;2;3;1;6;48,9042650534;2,5276408130
202200007514;28;12;2022;14:55;1;35;2;3;2;6;48,1312600000; -1,6565300000
202200007515;16;5;2022;16:50;1;33;1;1;1;6;45,0321520000; -0,4899380000
202200007516;28;12;2022;08:45;1;33;2;1;1;6;44,8461800000; -0,6560500000
202200007517;29;4;2022;20:10;1;93;2;3;1;3;48,9091870000;2,3981930000
202200007518;20;3;2022;00:20;5;83;2;9;1;7;43,4250000000;6,7460000000
202200007519;28;12;2022;10:15;1;31;2;1;1;6;43,5744400000;1,4023500000
202200007520;16;5;2022;17:40;1;46;2;3;1;3;44,9156510000;1,8387400000
202200007521;19;3;2022;17:00;1;82;1;4;1;3;44,0629900000;1,3611900000
202200007522;29;4;2022;16:30;1;93;2;1;1;2;48,8732730000;2,4402320000
202200007523;24;12;2022;12:20;1;30;2;1;1;3;43,8099000000;4,3284000000
202200007524;15;5;2022;02:30;3;29;1;1;1;6;48,4645910000; -4,6974170000
202200007525;28;12;2022;19:01;5;29;2;1;1;6;48,4046219727; -4,4993305206
202200007526;19;3;2022;11:02;1;78;2;3;1;3;48,8852670000;2,1010300000
202200007527;15;5;2022;20:10;1;85;2;1;1;6;46,3674930000; -0,5939820000
202200007528;28;4;2022;19:45;1;93;2;2;1;3;48,8742180000;2,4280250000
202200007529;27;12;2022;15:10;1;27;2;1;7;2;49,0962700000;1,4885200000
202200007530;15;5;2022;04:20;5;06;2;1;1;5;43,6685580000;7,1984590000
202200007531;29;4;2022;10:55;1;93;2;2;1;3;48,9181980000;2,4547020000
202200007532;19;3;2022;04:38;3;77;1;1;1;6;48,7176300000;2,6468800000
202200007533;27;12;2022;15:08;1;27;1;1;1;2;49,0302306193;1,1871000000
202200007534;15;5;2022;18:30;1;83;1;3;1;3;43,4420260000;6,6510630000
202200007535;29;4;2022;17:15;1;92;2;9;1;3;48,8149538689;2,2862657458
202200007536;19;3;2022;21:15;5;76;2;1;1;6;49,4127200000;1,0987490000
202200007537;28;12;2022;12:10;1;25;2;1;1;3;47,2237000000;5,9905500000
202200007538;26;4;2022;20:34;1;92;2;1;1;6;48,8808709217;2,1831899285
202200007539;11;5;2022;16:30;1;33;2;2;1;3;44,9128890000; -0,2514520000
202200007540;27;12;2022;18:00;5;14;2;7;2;3;49,1407500000;0,2272300000
202200007541;19;3;2022;11:05;1;71;2;2;1;3;46,7749600000;4,8369900000
202200007542;29;4;2022;10:45;1;92;2;9;1;2;48,8844472183;2,2622248381
202200007543;16;5;2022;19:00;1;78;2;1;1;6;48,9736070000;1,7126750000
202200007544;27;12;2022;19:00;5;13;2;1;1;2;43,3031100000;5,3971400000
202200007545;20;3;2022;00:25;4;69;1;3;1;6;45,7116608449;4,9360585213
202200007546;27;12;2022;18:00;5;07;2;1;1;1;44,9428400000;4,8404800000
202200007547;29;4;2022;17:20;1;92;2;3;1;3;48,8981883112;2,2800493240
202200007548;18;3;2022;07:58;1;65;2;6;8;6;43,2136710000;0,0955280000
202200007549;27;12;2022;23:00;5;75;2;4;1;7;48,8465750000;2,2548750000
202200007550;29;4;2022;19:00;1;92;2;1;1;3;48,8895038132;2,2814899385
202200007551;19;3;2022;16:00;1;64;1;1;1;3;43,3846407385; -1,6966958808
202200007552;1;6;2022;08:30;1;11;1;1;1;3;43,1179171548;2,1411011115
202200007553;27;12;2022;11:15;1;75;2;1;1;2;48,8207980000;2,3766640000
202200007554;29;4;2022;18:40;1;92;2;1;1;6;48,7642298394;2,2694495022
202200007555;19;3;2022;14:15;1;64;2;2;1;3;43,3719000000; -1,7775300000
202200007556;2;6;2022;08:30;1;974;1;1;1;2; -20,9914780000;55,2878760000
202200007557;26;12;2022;22:40;5;75;2;1;1;2;48,8291100000;2,3999710000
202200007558;29;4;2022;08:30;1;92;2;1;1;2;48,8341707654;2,2454488277
202200007559;2;6;2022;15:30;1;01;1;1;1;2;45,9829770000;5,1627160000
202200007560;19;3;2022;21:15;5;64;2;1;1;3;43,4930000000; -1,4751800000
202200007561;28;12;2022;18:10;5;75;2;2;2;6;48,8475360000;2,4063950000
202200007562;28;12;2022;09:38;1;75;2;2;9;6;48,8812685604;2,2955390811
202200007563;1;6;2022;18:45;1;62;2;1;1;3;50,6823570000;2,1385630000
202200007564;1;5;2022;16:00;1;51;1;1;1;3;48,8290320000;4,7906670000
202200007565;13;3;2022;17:40;1;62;2;1;2;6;50,9594400000;1,8517000000
202200007566;27;12;2022;13:05;1;75;2;2;1;3;48,8857560000;2,3216430000
202200007567;1;5;2022;18:15;1;26;1;1;1;6;45,1003635697;5,0283533335
202200007568;2;6;2022;13:20;1;26;1;1;1;1;45,1212790000;5,0025450000
202200007569;19;3;2022;17:40;1;59;2;5;1;3;50,6303100000;3,0350100000
202200007570;28;12;2022;17:40;5;75;2;1;2;6;48,8570910000;2,2267190000
202200007571;30;4;2022;20:06;1;95;1;1;1;1;49,1318260000;2,2990930000
202200007572;2;6;2022;18:00;1;09;1;1;1;7;43,1827980000;1,2636100000
202200007573;6;3;2022;14:45;1;59;2;1;1;7;50,6476400000;3,0433900000
202200007574;28;12;2022;14:35;1;75;2;2;2;6;48,8644190000;2,2823780000
202200007575;2;6;2022;16:45;1;68;1;1;1;1;48,1039350000;7,5737430000
202200007576;19;3;2022;01:30;5;57;1;1;1;2;49,1160000000;6,1900000000
202200007577;30;4;2022;22:08;5;974;2;1;1;3; -21,2827560000;55,5112020000