Accident_Id;jour;mois;an;hrmn;lum;dep;agg;int;atm;col;lat;long
202200007578;27;12;2022;13:15;1;75;2;2;1;6;48,8434520000;2,2827490000
202200007579;2;6;2022;12:25;1;52;1;1;1;6;47,9462504901;5,1825160169
202200007580;19;3;2022;17:48;1;51;2;2;1;3;49,2511000000;3,9849200000
202200007581;28;12;2022;17:10;5;75;2;2;2;3;48,8476060000;2,3890750000
202200007582;23;5;2022;13:50;1;72;2;1;1;6;47,9169950000;0,2528650000
202200007583;30;4;2022;14:55;1;88;2;1;1;1;48,1732940000;6,8818780000
202200007584;28;12;2022;16:45;2;75;2;3;2;6;48,8471520000;2,3850980000
202200007585;19;3;2022;13:35;1;51;2;2;1;3;49,2398680157;4,0136200190
202200007586;28;12;2022;19:10;5;75;2;4;2;3;48,8614620000;2,3646000000
202200007587;2;6;2022;15:20;1;76;1;2;1;3;49,5221820000;1,1362270000
202200007588;30;4;2022;08:05;1;62;1;2;1;3;50,2040100000;2,5351600000
202200007589;19;3;2022;17:00;1;47;2;1;1;4;44,1992538062;0,6361716593
202200007590;27;12;2022;19:50;5;75;2;2;1;3;48,8692364117;2,3329150798
202200007591;2;6;2022;14:50;1;89;2;1;7;6;47,8651070000;3,9748940000
202200007592;28;12;2022;21:25;5;94;2;1;2;3;48,7831000000;2,3908900000
202200007593;1;5;2022;07:30;2;62;2;3;1;6;50,2272060000;2,7404670000
202200007594;19;3;2022;03:05;5;45;2;1;1;1;47,8993900000;1,8727100000
202200007595;1;6;2022;21:00;1;89;2;2;1;3;47,9077590000;3,6425580000
202200007596;30;4;2022;09:45;1;57;2;1;1;6;49,1858550000;6,4989020000
202200007597;28;12;2022;13:23;1;94;2;2;1;3;48,8248870000;2,4091480000
202200007598;31;5;2022;22:40;3;22;1;1;1;6;48,6528360000; -3,3313680000
202200007599;30;4;2022;15:45;1;74;2;1;1;7;46,0531170000;6,2085490000
202200007600;19;3;2022;21:00;5;45;2;2;1;3;47,8997400000;1,8970000000
202200007601;1;5;2022;12:15;1;76;1;1;1;7;49,4648190000;0,8297470000
202200007602;1;6;2022;10:50;1;44;1;1;1;2;47,3784140000; -2,3909510000
202200007603;19;3;2022;21:25;3;37;2;1;1;1;47,3827692236;0,6329034269
202200007604;28;12;2022;16:05;1;94;2;9;2;6;48,7718000000;2,5181000000
202200007605;30;4;2022;19:40;1;63;2;1;1;6;45,9051692427;3,6285660962
202200007606;1;6;2022;07:20;1;44;1;1;1;7;47,7597530000; -1,4103480000
202200007607;19;3;2022;09:30;1;37;2;6;1;7;47,3670592918;0,7203957438
202200007608;28;12;2022;20:20;5;93;2;1;2;3;48,8810314435;2,4767893629
202200007609;31;5;2022;07:25;1;31;2;1;1;6;43,1952270000;0,6051060000
202200007610;1;5;2022;11:30;1;63;1;1;1;1;45,9532980000;3,2501290000
202200007611;28;12;2022;11:35;1;93;2;1;1;6;48,8884900000;2,5443300000
202200007612;19;3;2022;08:15;1;37;2;2;1;7;47,3911553825;0,6884050369
202200007613;30;4;2022;17:00;1;42;1;1;1;6;45,5154220000;4,0875900000
202200007614;2;6;2022;09:11;1;02;1;3;1;3;49,9110640000;3,1970470000
202200007615;27;12;2022;14:15;1;93;2;8;1;3;48,9261200000;2,3966200000
202200007616;1;5;2022;06:00;2;47;1;1;1;6;44,1506350000;0,3223480000
202200007617;19;3;2022;20:00;2;33;2;1;1;6;44,8368300000; -0,6471500000
202200007618;28;12;2022;15:04;1;93;2;9;2;3;48,9054110175;2,4393190159
202200007619;28;4;2022;10:10;1;34;1;6;1;3;43,5981770000;3,1395260000
202200007620;1;6;2022;11:45;1;03;1;3;1;3;46,3520780000;3,8091020000
202200007621;19;3;2022;10:52;1;33;2;4;1;6;44,8576341903; -0,5788981831
202200007622;1;6;2022;18:05;1;85;1;9;1;2;46,8341850000; -1,2282370000
202200007623;28;12;2022;20:20;5;92;2;2;2;6;48,9344944667;2,3210908770
202200007624;30;4;2022;22:30;3;14;1;1;1;6;49,2634520000;0,1362050000
202200007625;27;12;2022;14:55;1;92;2;3;1;6;48,8085500000;2,1957800000
202200007626;31;5;2022;16:40;1;50;1;2;1;3;49,0660530000; -1,3908060000
202200007627;18;3;2022;11:30;1;33;2;3;1;3;44,8550200000; -0,5755500000
202200007628;28;12;2022;21:31;5;92;2;9;2;3;48,8917100000;2,2867800000
202200007629;30;4;2022;22:30;3;50;1;1;1;1;49,1343530000; -1,5014680000
202200007630;19;3;2022;13:05;1;33;1;1;1;2;44,6181280000; -1,1310190000
202200007631;27;12;2022;23:53;5;92;2;1;1;6;48,8180763974;2,2494080365
202200007632;2;6;2022;17:15;1;10;1;3;7;3;48,2147690000;4,7383340000
202200007633;30;4;2022;18:20;1;50;1;4;1;3;49,0735390000; -1,3608110000
202200007634;1;6;2022;15:40;1;53;2;1;1;2;48,4182890000; -0,8542460000
202200007635;27;12;2022;00:40;5;92;2;3;1;4;48,9006039267;2,2752551436
202200007636;30;4;2022;14:00;1;45;1;2;1;3;47,5680030000;2,7716980000
202200007637;28;12;2022;16:39;1;92;2;1;2;6;48,7597334312;2,2893724143
202200007638;2;6;2022;07:50;1;40;1;1;1;1;44,1604720000; -0,2855160000
202200007639;19;3;2022;19:25;5;31;2;1;1;3;43,5767700000;1,5086000000
202200007640;28;12;2022;10:20;1;35;1;1;2;6;47,9968963514; -1,7928166687
202200007641;2;4;2022;19:10;2;43;1;2;8;3;45,0665570000;3,7779830000
202200007642;18;5;2022;14:20;1;24;2;3;1;3;44,8913370000;1,2064150000
202200007643;19;3;2022;21:36;3;29;1;1;1;6;47,9793400000; -4,0899400000
202200007644;29;12;2022;20:40;3;21;1;1;1;6;47,2728230000;4,5935730000
202200007645;1;5;2022;17:30;1;36;1;1;1;1;46,6194084165;1,4940977097
202200007646;16;3;2022;13:50;1;29;2;2;1;1;47,9961900000; -4,1188900000
202200007647;2;6;2022;12:15;1;04;1;3;1;1;44,0461180000;6,0380980000
202200007648;29;12;2022;07:00;3;62;1;2;2;3;50,3647700000;1,7036390000
202200007649;29;12;2022;11:40;1;79;2;1;2;7;46,2589140000; -0,3444550000
202200007650;1;6;2022;16:30;1;27;1;1;1;1;48,8029060000;1,3496020000
202200007651;30;4;2022;17:20;1;27;2;1;1;2;49,3321360000;1,2491620000
202200007652;29;12;2022;10:20;1;82;1;1;1;6;44,2073860000;0,9843070000
202200007653;29;12;2022;15:45;1;03;1;1;8;7;46,2499560000;2,5123500000
202200007654;2;6;2022;17:50;1;17;1;2;1;1;46,1197300000; -0,6304910000
202200007655;1;5;2022;03:30;3;37;1;1;1;6;47,5460060000;0,5206220000
202200007656;19;3;2022;11:35;1;27;2;1;1;2;49,0170800000;1,1434300000
202200007657;29;5;2022;14:45;1;17;1;1;1;7;46,0165900000; -0,8527710000
202200007658;28;12;2022;14:30;1;03;1;1;1;2;46,7170190000;2,9695920000
202200007659;30;4;2022;04:55;3;33;1;1;1;6;45,0091820000; -0,1082510000
202200007660;28;12;2022;14:10;1;01;1;1;1;7;45,9252680000;5,8099740000
202200007661;2;6;2022;08:22;1;95;1;1;1;3;49,0845946216;2,2067338228
202200007662;15;4;2022;18:20;1;69;2;1;1;6;45,7526500000;4,7717300000
202200007663;28;12;2022;19:30;5;70;2;1;8;1;47,4216710000;5,9278270000
202200007664;19;3;2022;16:50;1;17;2;9;1;3;45,9526900000; -0,8820900000
202200007665;28;12;2022;23:22;3;72;1;1;2;6;47,8849530000; -0,0777200000
202200007666;2;6;2022;10:45;1;49;1;2;1;5;47,4587330000; -0,1025840000
202200007667;30;4;2022;09:30;1;44;1;1;1;2;47,4347950000; -1,6723540000
202200007668;19;3;2022;22:00;5;13;2;1;1;3;43,3262749954;5,4391037790
202200007669;19;12;2022;11:30;1;14;2;2;8;6;48,8515000000; -0,5458670000
202200007670;27;12;2022;10:45;1;21;1;1;1;7;47,5323530000;4,6963760000
202200007671;2;6;2022;05:00;3;26;1;1;1;4;45,0192990000;5,0332190000
202200007672;28;4;2022;16:50;1;976;1;1;1;2; -12,7636360000;45,0808200000
202200007673;19;3;2022;20:30;5;13;2;1;1;1;43,3059362368;5,3843798029
202200007674;29;12;2022;12:15;1;85;2;3;1;6;46,9156530000; -2,0429580000
202200007675;2;6;2022;15:00;1;03;1;1;1;6;46,1148700000;3,1929020000
202200007676;30;4;2022;10:45;1;988;1;1;1;7; -20,4159930000;164,4049720000
202200007677;27;12;2022;18:45;3;85;1;1;1;6;46,7776910000; -1,6809314000
202200007678;19;3;2022;12:30;1;13;2;2;1;2;43,3268700000;5,3582100000
202200007679;1;6;2022;18:00;1;06;1;1;1;7;43,6441890000;7,0181390000
202200007680;16;12;2022;16:05;1;17;1;1;1;3;45,1844870000; -0,3184590000
202200007681;30;4;2022;18:45;3;988;1;1;1;1; -22,0848900000;166,3190700000
202200007682;29;12;2022;16:15;1;23;1;9;1;6;46,1940770000;2,4229570000
202200007683;1;6;2022;19:00;1;18;1;1;1;5;46,8603080000;2,4282790000
202200007684;19;3;2022;11:10;1;13;2;2;1;3;43,6721100000;4,6233500000
202200007685;28;12;2022;07:45;2;37;1;2;1;3;47,5084320000;0,5943670000
202200007686;30;4;2022;19:30;3;974;2;3;1;3; -20,9972180000;55,6811090000
202200007687;1;6;2022;09:50;1;44;1;1;1;1;47,4452180000; -2,3016140000
202200007688;19;3;2022;16:00;1;10;2;2;1;3;48,2768290000;4,0634100000
202200007689;31;5;2022;19:10;1;13;1;1;1;6;43,3710530000;5,2321100000
202200007690;23;12;2022;18:20;5;978;2;1;1;5;18,0987940000; -63,0643880000
202200007691;1;5;2022;18:45;1;973;1;1;1;1;5,6604450000; -53,7638710000
202200007692;19;3;2022;16:00;1;10;2;1;1;6;48,2917000000;4,0747000000
202200007693;29;12;2022;02:45;3;987;1;1;1;6; -16,7520510000; -150,9954660000
202200007694;1;6;2022;17:00;1;37;1;1;1;4;47,2135305509;0,1692165434
202200007695;30;4;2022;13:45;1;971;1;1;1;1;16,4297560000; -61,4254620000
202200007696;18;3;2022;12:05;1;10;2;2;1;3;48,2886900000;4,0628390000
202200007697;29;12;2022;06:45;1;988;2;1;1;6; -22,2358960000;166,5971300000
202200007698;1;6;2022;16:35;1;2B;1;1;1;1;42,6934680000;9,3289160000
202200007699;30;4;2022;18:15;5;972;2;1;1;3;14,6627310000; -61,0637660000
202200007700;20;12;2022;17:45;5;971;1;1;1;6;16,2653540000; -61,2899620000
202200007701;16;3;2022;15:26;1;10;2;9;1;3;48,3026800000;4,0281890000
202200007702;1;6;2022;08:05;1;30;1;1;1;3;44,0697482328;4,0705277324
202200007703;26;12;2022;13:56;1;45;1;1;2;6;48,1821050000;2,2615850000
202200007704;28;4;2022;11:55;1;66;2;2;1;3;42,5406150000;2,8794050000
202200007705;18;3;2022;17:00;1;09;1;1;8;7;42,9346370000;1,5866290000
202200007706;2;6;2022;08:06;1;34;1;2;1;3;43,3513110000;2,9934850000
202200007707;27;12;2022;10:00;1;34;1;2;1;3;43,7048170000;4,0250730000
202200007708;1;5;2022;06:15;2;34;1;1;1;1;43,5070590000;3,7190190000
202200007709;18;3;2022;13:50;1;01;2;9;1;3;46,2032520000;5,2227510000
202200007710;1;5;2022;19:05;2;83;2;1;1;6;43,3290862584;6,5835764407
202200007711;1;6;2022;18:15;1;13;1;9;1;3;43,8162750000;4,9480430000
202200007712;29;12;2022;11:00;3;13;1;1;1;1;43,6362300000;4,5505290000
202200007713;19;3;2022;19:30;1;75;2;4;1;3;48,8194170000;2,3282910000
202200007714;1;5;2022;11:00;1;13;1;1;1;2;43,7408400000;4,9070690000
202200007715;30;5;2022;17:40;1;26;1;1;1;3;44,8934880000;4,8727800000
202200007716;1;5;2022;05:30;2;52;2;1;1;6;48,0361210000;5,2188330000
202200007717;18;3;2022;12:20;1;75;2;4;1;6;48,8459190000;2,3313940000
202200007718;1;5;2022;16:20;1;55;1;1;1;6;48,7397200000;5,4889150000
202200007719;19;3;2022;19:55;2;75;2;2;1;6;48,8752450000;2,3953200000
202200007720;28;4;2022;18:30;2;73;1;6;1;3;45,5936360000;5,8861830000
202200007721;1;6;2022;12:50;1;988;2;9;1;3; -22,3024400000;166,4398800000
202200007722;8;12;2022;10:10;1;21;1;2;1;3;47,2224830000;5,1866200000
202200007723;19;3;2022;00:05;5;75;2;4;1;6;48,8902110000;2,3330320000
202200007724;29;3;2022;17:15;1;38;2;2;1;3;45,3759010000;4,8536210000
202200007725;19;3;2022;17:10;1;75;2;2;1;6;48,8739270000;2,2717290000
202200007726;27;12;2022;23:45;3;67;1;1;8;7;48,8981150000;7,9298540000
202200007727;1;6;2022;15:30;1;974;2;1;1;6; -21,3384210000;55,4735650000
202200007728;30;4;2022;21:30;5;38;2;3;1;3;45,5679960000;5,4332810000
202200007729;19;3;2022;14:30;1;75;2;3;1;3;48,8599720000;2,2855910000
202200007730;1;5;2022;04:20;3;69;1;1;1;6;45,9541220000;4,5254280000
202200007731;27;12;2022;18:10;5;57;2;1;2;6;49,2110790000;6,1599080000
202200007732;19;3;2022;16:10;1;75;2;9;1;6;48,8841360000;2,3668210000
202200007733;6;5;2022;20:10;5;974;2;1;1;6; -20,9436700000;55,2953200000
202200007734;19;3;2022;08:45;1;94;2;1;1;3;48,8307200000;2,5140200000
202200007735;30;4;2022;18:13;1;69;2;1;1;2;45,7292020000;5,0073770000
202200007736;1;5;2022;17:00;1;31;1;1;1;6;43,5906820000;1,2282060000
202200007737;19;3;2022;17:50;1;94;2;1;1;6;48,8194700000;2,3802200000
202200007738;19;3;2022;20:20;5;93;2;3;1;3;48,8642700000;2,5394390000
202200007739;28;12;2022;19:20;3;44;1;1;2;5;47,1358190000; -1,5143540000
202200007740;30;4;2022;16:55;1;85;1;1;1;5;46,4498260000; -0,8097430000
202200007741;19;3;2022;18:40;1;93;2;1;1;6;48,8639210000;2,5369720000
202200007742;30;4;2022;18:40;2;85;2;6;1;3;46,7392980000; -1,6070830000
202200007743;29;12;2022;18:25;3;76;1;1;1;6;49,6166740000;1,6871200000
202200007744;19;3;2022;15:10;1;93;2;1;1;6;48,9538760000;2,3271380000
202200007745;1;5;2022;14:40;1;76;1;1;1;2;49,6266830000;0,8037190000
202200007746;1;5;2022;16:30;1;60;2;4;1;7;49,3207345237;2,3227230012
202200007747;19;3;2022;19:50;5;93;2;3;1;2;48,9371604786;2,4306938052
202200007748;29;12;2022;07:30;5;60;2;1;8;6;49,2893701612;2,2007222275
202200007749;29;4;2022;00:30;3;80;2;1;1;6;49,7374440000;2,8931000000
202200007750;19;3;2022;14:52;1;93;2;1;1;6;48,8952750000;2,5706360000
202200007751;19;3;2022;12:45;1;93;2;1;1;6;48,9080276670;2,4455351836
202200007752;29;12;2022;14:45;1;59;2;2;8;6;50,4800530000;3,2473240000
202200007753;1;5;2022;10:00;1;59;1;1;1;5;50,7640620000;2,5904310000
202200007754;19;3;2022;17:30;1;93;2;1;1;6;48,9563900000;2,4770000000
202200007755;20;4;2022;21:35;3;13;1;1;1;7;43,2912000000;5,4808500000
202200007756;19;3;2022;05:53;5;93;2;6;1;1;48,9546130092;2,5100700651
202200007757;29;4;2022;16:00;1;13;1;1;1;2;43,3299800000;5,4064300000
202200007758;23;3;2022;18:50;2;92;2;1;1;3;48,8307900000;2,2227400000
202200007759;18;4;2022;18:35;1;13;1;1;1;4;43,3211830294;5,3757194523
202200007760;19;3;2022;11:05;1;92;2;4;1;3;48,7823240723;2,2703792900
202200007761;19;3;2022;18:30;1;60;2;1;1;3;49,3425596035;2,6094675061
202200007762;14;4;2022;18:50;1;13;1;1;1;7;43,4042810000;5,3160860000
202200007763;19;3;2022;07:30;1;76;1;1;1;1;49,6162160000;0,5930040000
202200007764;20;3;2022;17:15;1;38;1;1;1;6;45,5079343757;4,9341152363
202200007765;28;4;2022;07:45;1;13;1;1;1;4;43,3976300000;5,1217800000
202200007766;20;3;2022;06:50;2;02;1;1;1;2;49,9255740000;3,2267890000
202200007767;20;3;2022;20:00;3;95;1;1;1;6;49,1647150000;2,2874950000
202200007768;28;4;2022;07:45;1;13;1;1;1;2;43,3976300000;5,1217800000
202200007769;19;3;2022;23:15;3;40;1;1;1;2;43,6094200000; -1,4073340000
202200007770;19;3;2022;22:00;5;07;2;3;1;2;44,5520190000;4,6849390000
202200007771;28;4;2022;17:25;1;83;1;1;1;2;43,1209300000;5,9435000000
202200007772;19;3;2022;21:30;5;972;2;1;1;3;14,5380780000; -61,0340690000
202200007773;29;4;2022;19:40;1;91;1;1;1;3;48,7298800000;2,3145900000
202200007774;19;3;2022;15:15;1;42;1;2;1;3;46,0929810000;3,9747330000
202200007775;19;3;2022;15:35;1;57;2;1;1;2;49,3068890000;6,3356300000
202200007776;29;4;2022;16:30;1;91;1;1;1;2;48,7039300000;2,3062600000
202200007777;19;3;2022;23:20;3;56;1;2;1;6;47,7181790000; -2,9439600000
202200007778;18;3;2022;15:35;1;80;1;4;1;6;49,8821370000;1,8215200000
202200007779;29;4;2022;15:35;1;94;1;1;1;2;48,8094200000;2,3488600000
202200007780;19;3;2022;16:44;1;71;2;1;1;6;46,9144510000;4,7925820000
202200007781;29;4;2022;09:10;1;94;1;1;1;3;48,8158837940;2,3564735681
202200007782;19;3;2022;12:55;1;71;2;3;1;3;46,5617300000;4,9093810000
202200007783;19;3;2022;12:20;1;89;1;1;1;6;47,8175820000;3,8820250000
202200007784;29;4;2022;06:40;1;94;1;1;1;6;48,7560970401;2,3412195553
202200007785;19;3;2022;17:20;1;63;2;1;1;6;45,5439190000;3,2030300000
202200007786;20;3;2022;12:15;1;61;1;3;1;2;48,7807300000; -0,5278430000
202200007787;19;3;2022;01:30;3;49;1;1;1;6;47,1281110000; -0,6324970000
202200007788;29;4;2022;16:00;1;78;1;1;1;2;48,9643020000;1,8446970000
202200007789;20;3;2022;19:50;3;41;2;1;1;6;47,4100870000;1,2879130000
202200007790;19;3;2022;18:00;1;39;1;1;1;1;46,5662960000;6,0800580000
202200007791;27;4;2022;17:35;1;78;1;1;1;4;48,9756620000;1,7242070000
202200007792;20;3;2022;11:00;1;29;2;3;7;3;48,3789520000; -4,6032450000
202200007793;19;3;2022;19:30;3;29;1;1;1;3;48,4311650000; -4,4722941000
202200007794;13;3;2022;15:30;1;29;1;3;1;3;48,6118265405; -4,3856030703
202200007795;29;4;2022;14:45;1;93;1;1;1;4;48,8749100000;2,4393600000
202200007796;20;3;2022;13:15;1;29;1;1;1;6;47,7985550000; -4,2362320000
202200007797;20;3;2022;13:30;1;02;1;1;1;6;49,9266380000;3,6296080000
202200007798;18;3;2022;17:20;1;02;1;1;1;1;49,9191910000;3,6713920000
202200007799;28;4;2022;13:15;1;93;1;1;1;5;48,8980694688;2,4693498171
202200007800;20;3;2022;06:30;2;03;1;1;1;7;46,2080090000;3,5008380000
202200007801;20;3;2022;05:20;3;15;1;1;1;7;45,2854570000;2,6397820000
202200007802;20;3;2022;10:00;1;15;1;1;1;6;44,9013260000;2,5408540000
202200007803;27;4;2022;21:00;3;93;1;1;1;2;48,8678700000;2,4279000000
202200007804;20;3;2022;12:30;1;26;1;1;1;7;44,2365630000;5,4373790000
202200007805;20;3;2022;10:15;1;58;2;1;1;5;46,8267680000;3,4541810000
202200007806;27;4;2022;23:40;5;93;1;1;1;2;48,9385744444;2,4155606321
202200007807;19;3;2022;15:30;1;54;2;3;1;3;49,3238700000;5,9254000000
202200007808;20;3;2022;18:00;1;50;1;1;1;3;48,5444270000; -1,0076580000
202200007809;27;4;2022;22:45;5;93;1;1;1;5;48,8790700000;2,4485900000
202200007810;13;3;2022;20:15;5;45;2;2;1;3;47,9983580000;2,0876010000
202200007811;21;2;2022;16:30;1;45;1;2;1;3;48,0591680000;2,8925640000
202200007812;17;4;2022;04:45;3;93;1;1;1;2;48,8354896904;2,5666343411
202200007813;19;3;2022;18:05;1;64;1;1;1;7;43,3988366136; -1,5935702456
202200007814;19;3;2022;17:25;1;73;1;3;1;1;45,5683340000;6,1794230000
202200007815;19;3;2022;23:30;3;16;1;1;1;6;45,5018050000;0,2055640000
202200007816;20;3;2022;14:20;1;53;1;1;1;7;48,3165286440; -0,5959202956
202200007817;22;1;2022;15:45;1;14;2;4;1;6;49,1419040000; -0,4212280000
202200007818;20;3;2022;01:46;3;27;1;1;1;6;48,7269950000;0,7723900000
202200007819;20;3;2022;06:45;2;17;1;1;1;1;45,2405310000; -0,2011870000
202200007820;28;4;2022;18:58;3;974;1;1;9;7; -21,2945000000;55,5106100000
202200007821;19;3;2022;20:50;3;87;1;9;1;6;46,3458390000;1,3768320000
202200007822;19;3;2022;10:40;1;30;2;1;1;5;44,1605610000;4,0952610000
202200007823;20;3;2022;12:00;1;52;1;1;8;1;48,5165830000;5,0552670000
202200007824;28;4;2022;23:55;5;69;2;3;1;3;45,7599683921;4,8457109928
202200007825;18;3;2022;23:00;5;95;1;1;1;3;49,0698910000;2,2213300000
202200007826;28;4;2022;18:00;1;69;2;2;1;3;45,7497300000;4,8897700000
202200007827;17;3;2022;09:30;1;06;1;9;1;3;43,6279060000;6,9985490000
202200007828;28;4;2022;17:30;1;69;2;1;1;3;45,7359900000;4,8237900000
202200007829;8;3;2022;17:35;1;06;1;1;1;4;43,5935090000;6,9999430000
202200007830;28;4;2022;17:30;1;69;2;2;1;3;45,7723300000;4,8411700000
202200007831;28;4;2022;16:30;1;69;2;1;1;6;45,7383321375;4,8603665829
202200007832;28;4;2022;04:29;5;69;2;1;1;6;45,7673557969;4,8527584970
202200007833;20;3;2022;16:30;1;988;1;1;3;6; -21,0438900000;164,7757100000
202200007834;24;4;2022;16:27;1;69;2;1;1;3;45,7634239647;4,8004782200
202200007835;20;3;2022;22:00;3;988;2;1;1;6; -21,7154900000;165,8401890000
202200007836;28;4;2022;16:20;1;95;2;1;1;6;48,9687191637;2,3046720028
202200007837;20;3;2022;08:45;1;971;2;1;1;6;15,8727950000; -61,5766630000
202200007838;28;4;2022;15:10;1;91;2;1;1;7;48,6826600000;2,4082500000
202200007839;19;3;2022;17:06;1;28;1;1;1;3;48,7610690000;1,4875100000
202200007840;28;4;2022;09:48;1;87;2;2;1;3;45,8600100000;1,2870000000
202200007841;19;3;2022;04:00;3;11;1;1;1;6;43,3358890000;1,8986020000
202200007842;28;4;2022;09:15;1;79;2;2;1;3;46,3241800000; -0,4678800000
202200007843;20;3;2022;03:45;5;84;1;9;1;1;43,9739740000;4,8581300000
202200007844;28;4;2022;23:35;5;78;2;3;1;3;48,9071200000;2,0478600000
202200007845;27;4;2022;06:37;1;78;2;2;1;3;48,9032710000;2,1394760000
202200007846;28;4;2022;08:40;1;77;1;1;1;3;48,3799010000;2,6533820000
202200007847;28;4;2022;09:05;1;77;2;1;1;2;48,4252600000;2,7414100000
202200007848;27;4;2022;16:40;1;72;2;1;1;6;48,0030000000;0,1990000000
202200007849;27;4;2022;15:30;1;72;1;9;1;2;48,0288576198;0,1780539751
202200007850;14;9;2022;07:30;1;94;1;1;1;3;48,7710745527;2,3886673318
202200007851;13;9;2022;17:11;1;91;2;1;1;6;48,6694030000;2,3778840000
202200007852;13;9;2022;20:50;3;75;2;3;1;6;48,8921240000;2,3175400000
202200007853;12;9;2022;15:45;1;92;2;1;1;6;48,9251664450;2,2904874086
202200007854;30;4;2022;20:25;1;94;2;1;1;7;48,7824470000;2,4171260000
202200007855;12;9;2022;08:00;1;976;2;3;1;3; -12,7818800000;45,2222600000
202200007856;13;9;2022;14:55;1;974;1;1;1;3; -21,2996500000;55,4359700000
202200007857;12;9;2022;07:20;1;974;2;2;1;3; -20,8901200000;55,4615200000
202200007858;10;9;2022;16:25;1;974;2;1;1;3; -20,8947100000;55,4126100000
202200007859;13;9;2022;07:20;1;973;2;1;1;3;4,9290598768; -52,3008683324
202200007860;12;9;2022;13:35;1;69;2;2;1;3;45,7545000000;4,8664000000
202200007861;13;9;2022;14:45;1;972;1;9;1;3;14,6199500000; -60,9941700000
202200007862;13;9;2022;10:20;1;972;2;1;1;6;14,6035900000; -61,0716000000
202200007863;13;9;2022;07:40;1;972;2;1;2;6;14,6164054444; -61,0376250744
202200007864;12;9;2022;10:30;1;972;2;1;1;3;14,6129200000; -61,0521900000
202200007865;13;9;2022;08:40;1;69;2;1;1;6;45,7612000000;4,8313000000
202200007866;12;9;2022;17:34;1;2A;2;9;1;2;41,9496000000;8,7692000000
202200007867;13;9;2022;05:46;3;95;1;1;1;2;48,9919600000;2,4767900000
202200007868;13;9;2022;00:15;5;95;2;3;1;3;48,9736139259;2,2530528903
202200007869;13;9;2022;17:04;1;91;2;9;1;3;48,7054700000;2,4387500000
202200007870;13;9;2022;08:40;1;91;2;1;1;2;48,6643900000;2,5249200000
202200007871;13;9;2022;08:30;1;91;2;1;1;3;48,7193700000;2,4419100000
202200007872;13;9;2022;11:30;1;86;2;1;1;2;46,5841530000;0,3453780000
202200007873;12;9;2022;09:40;1;84;2;1;1;2;43,9285300000;4,8099800000
202200007874;13;9;2022;15:00;1;83;2;1;1;3;43,1334600000;5,8460200000
202200007875;9;9;2022;16:20;1;80;2;1;1;6;49,8938200000;2,3026700000
202200007876;13;9;2022;11:35;1;78;2;1;1;6;48,9933000000;1,9127100000
202200007877;13;9;2022;08:13;1;78;2;3;1;3;48,9929900000;1,9201200000
202200007878;9;9;2022;16:20;1;77;2;3;2;3;48,8390000000;2,6258900000
202200007879;8;9;2022;16:38;1;77;2;1;1;7;48,3803800000;2,8118200000
202200007880;13;9;2022;08:20;1;77;2;2;1;3;48,4079430000;2,6980050000
202200007881;13;9;2022;16:50;1;76;2;1;1;6;49,4069435419;1,1431488469
202200007882;8;9;2022;14:21;1;74;2;1;1;2;46,3857400000;6,5830800000
202200007883;12;9;2022;08:00;1;73;2;1;1;1;45,6769532445;5,9093163014
202200007884;13;9;2022;17:40;1;69;2;1;1;6;45,7836738289;4,8836669326
202200007885;13;9;2022;12:00;1;69;2;1;1;6;45,7609788771;4,9369543791
202200007886;12;9;2022;21:23;5;69;2;6;1;6;45,7267800000;4,8999100000
202200007887;13;9;2022;06:43;2;68;2;1;1;1;47,8112720000;7,3370010000
202200007888;12;9;2022;23:40;5;67;2;3;1;3;48,5900700000;7,7156100000
202200007889;12;9;2022;18:06;1;66;2;3;1;3;42,6936431406;2,8815709054
202200007890;12;9;2022;12:31;1;66;2;1;1;7;42,7044400000;2,9022000000
202200007891;10;9;2022;09:35;1;63;1;1;1;2;45,9060062872;3,0630612373
202200007892;11;9;2022;16:30;1;63;2;1;1;2;45,7321700000;3,2100400000
202200007893;12;9;2022;08:45;1;60;2;1;1;3;49,3983500000;2,7887300000
202200007894;13;9;2022;06:30;5;59;2;1;2;1;50,2348583669;3,9094215631
202200007895;12;9;2022;12:30;1;54;2;2;1;6;48,6920700000;6,1681900000
202200007896;13;9;2022;19:10;1;51;2;6;1;3;49,2171900000;4,0466700000
202200007897;13;9;2022;11:10;1;51;2;1;1;2;49,2228600000;4,0234600000
202200007898;13;9;2022;05:40;5;51;2;3;1;3;49,2696300000;4,0315400000
202200007899;12;9;2022;08:50;1;49;2;6;1;3;47,2535000000; -0,0854000000
202200007900;12;9;2022;13:00;1;48;1;1;1;6;44,5117000000;3,5180600000
202200007901;13;9;2022;13:56;1;45;2;1;1;2;47,8678627954;1,9143494368
202200007902;12;9;2022;18:57;1;42;2;7;7;3;45,4751900000;4,5301900000
202200007903;13;9;2022;21:50;5;37;2;3;3;6;47,3648556401;0,7088863850
202200007904;13;9;2022;12:45;1;35;2;6;1;3;48,0928000000; -1,6400800000
202200007905;1;10;2022;20:45;5;77;2;6;1;6;48,7484830000;2,6166740000