Accident_Id;jour;mois;an;hrmn;lum;dep;agg;int;atm;col;lat;long
202200008898;31;5;2022;12:00;1;59;2;2;1;5;50,6764778097;3,0810481310
202200008899;31;5;2022;17:40;1;59;2;1;8;3;50,1932900000;3,2236500000
202200008900;21;11;2022;18:40;5;92;2;3;2;3;48,8727700000;2,2210600000
202200008901;1;6;2022;18:20;1;54;2;3;1;2;48,6817842528;6,1857678294
202200008902;21;11;2022;17:25;5;92;2;3;2;3;48,8106742111;2,2087293863
202200008903;30;5;2022;15:10;1;52;2;6;1;3;48,0922500000;5,1454100000
202200008904;21;11;2022;18:15;5;92;2;9;2;3;48,8840878055;2,2814628482
202200008905;1;11;2022;20:45;5;92;2;1;1;1;48,9016188123;2,2090378403
202200008906;1;6;2022;18:30;1;51;2;3;1;3;49,2708300000;4,0144100000
202200008907;21;11;2022;08:32;1;92;2;1;1;6;48,8098481407;2,2383063733
202200008908;1;6;2022;16:10;1;51;2;3;1;3;49,2148697703;4,0489742160
202200008909;21;11;2022;17:15;5;92;2;2;2;3;48,9111748467;2,2546968162
202200008910;1;6;2022;16:15;1;51;1;1;1;2;49,2540900000;3,9735400000
202200008911;21;11;2022;17:20;3;60;1;2;2;3;49,4560822528;2,4711830020
202200008912;31;5;2022;19:15;1;51;2;3;1;3;49,2681300000;4,0470980000
202200008913;22;11;2022;05:30;3;57;1;3;8;3;49,2556430000;6,2008390000
202200008914;29;5;2022;15:45;1;50;2;9;1;7;49,1088100000; -1,1352300000
202200008915;21;11;2022;18:35;3;35;1;1;2;1;47,6726660000; -2,0591370000
202200008916;31;5;2022;15:08;1;49;2;1;1;2;47,4904200000; -0,5759200000
202200008917;20;11;2022;11:00;1;63;1;4;1;1;45,7114310000;3,0746750000
202200008918;28;4;2022;12:45;1;69;2;3;1;3;45,7822300000;4,9423700000
202200008919;31;5;2022;12:19;1;49;2;1;1;3;47,4634300000; -0,4854700000
202200008920;21;11;2022;12:20;1;95;2;1;2;7;49,1522656016;2,2692829370
202200008921;1;6;2022;08:40;1;47;2;1;7;4;44,1935300000;0,5912000000
202200008922;28;4;2022;00:29;5;67;2;3;1;3;48,5688680725;7,7770408900
202200008923;21;11;2022;16:32;1;44;1;1;8;1;47,2410770000; -1,4299370000
202200008924;22;11;2022;16:50;2;69;1;1;2;6;45,7072580000;5,0291200000
202200008925;1;6;2022;17:50;1;45;2;6;7;6;47,8981100000;1,8545500000
202200008926;27;4;2022;09:25;1;66;1;1;8;1;42,6547984352;2,8822106123
202200008927;19;11;2022;03:20;3;38;1;6;2;2;45,7667853607;5,0762609975
202200008928;26;4;2022;14:30;1;66;2;1;1;2;42,7005597282;2,8906193376
202200008929;1;6;2022;04:10;5;45;2;6;1;3;47,9468500000;1,8923900000
202200008930;4;4;2022;08:30;1;61;2;1;1;6;48,7319650000; -0,0201870000
202200008931;1;6;2022;08:00;1;45;2;1;1;6;48,0031920000;2,7360360000
202200008932;18;11;2022;20:10;4;69;2;3;2;3;45,7598400000;5,0463200000
202200008933;31;5;2022;22:21;5;45;2;1;1;1;47,9857500000;2,7485600000
202200008934;28;4;2022;13:05;1;61;2;1;1;7;48,4350000000;0,1080000000
202200008935;21;11;2022;19:16;3;76;1;2;3;1;49,6193370000;1,3224690000
202200008936;22;11;2022;07:50;2;79;2;1;8;7;46,6407760000; -0,2424900000
202200008937;1;6;2022;22:50;3;43;2;3;1;1;45,0505700000;3,8990800000
202200008938;18;11;2022;12:35;1;61;2;3;1;2;48,8036340000; -0,5016210000
202200008939;28;4;2022;06:55;1;59;2;3;1;1;50,5861970000;3,0343690000
202200008940;21;11;2022;18:00;3;44;1;1;2;1;46,9962660000; -1,8097400000
202200008941;1;6;2022;12:00;1;43;2;2;1;3;45,0447700000;3,8907000000
202200008942;21;11;2022;16:15;1;35;1;3;8;3;48,0409012033; -1,5339687467
202200008943;1;6;2022;10:40;1;41;2;1;1;7;47,7923000000;1,0709900000
202200008944;25;4;2022;11:40;1;59;2;1;1;6;50,6366405198;3,1281141042
202200008945;20;10;2022;12:30;1;26;1;1;1;7;44,7864190000;5,1441500000
202200008946;1;6;2022;14:15;1;37;2;1;1;4;47,4306700000;0,6710900000
202200008947;1;6;2022;09:00;1;35;1;1;1;4;48,0948269202; -1,6221651435
202200008948;26;4;2022;17:30;1;57;2;3;1;3;49,3603100000;6,1635800000
202200008949;22;11;2022;07:50;2;72;2;1;1;6;48,0711290000;0,3470510000
202200008950;1;6;2022;12:35;1;34;2;3;1;3;43,6222500000;3,8828700000
202200008951;27;4;2022;06:55;1;54;2;1;1;6;48,6849850000;6,1870280000
202200008952;19;11;2022;12:30;1;14;1;1;1;7;49,1003400000; -0,1494700000
202200008953;1;6;2022;12:45;1;32;2;4;1;1;43,6548300000;0,5727600000
202200008954;21;4;2022;12:00;1;50;1;1;1;3;49,6375000000; -1,5969000000
202200008955;22;11;2022;17:50;3;60;1;1;2;4;49,2571967360;2,5848675114
202200008956;25;4;2022;17:50;1;30;2;9;1;3;44,1254700000;4,0794100000
202200008957;24;4;2022;17:30;1;27;2;1;8;7;49,0168500000;1,1711600000
202200008958;21;11;2022;14:25;1;64;1;1;2;6;43,1993243907; -0,9152401040
202200008959;21;11;2022;13:20;1;16;1;1;3;6;45,7930230000;0,3782560000
202200008960;1;6;2022;05:37;2;26;1;1;1;4;44,5372700000;4,7294900000
202200008961;28;4;2022;20:20;1;47;2;3;1;3;44,2066397978;0,6138282670
202200008962;1;6;2022;19:15;1;25;2;3;1;6;47,2552000000;6,0228000000
202200008963;21;11;2022;08:44;2;16;1;3;3;6;45,4681780000; -0,0590190000
202200008964;22;11;2022;10:30;1;53;2;1;7;6;47,8411450000; -0,9495340000
202200008965;31;5;2022;12:30;1;19;2;6;1;3;45,1564304564;1,5040079355
202200008966;23;5;2022;18:30;1;19;2;1;1;3;45,1567700000;1,5479800000
202200008967;22;11;2022;18:00;5;88;2;6;2;7;48,3761220000;6,8786000000
202200008968;28;4;2022;10:35;1;45;2;1;1;4;47,8853900000;1,9245500000
202200008969;1;6;2022;18:45;1;17;2;2;1;1;46,1626400000; -1,1606500000
202200008970;21;11;2022;09:30;1;33;1;1;3;5;44,9759304522; -0,2155852318
202200008971;27;4;2022;16:35;1;37;1;1;1;2;47,3406866414;0,6638802588
202200008972;22;11;2022;08:00;1;31;1;1;2;5;43,4671860000;1,3151840000
202200008973;31;5;2022;22:10;5;13;2;2;1;3;43,2912000000;5,3807200000
202200008974;21;11;2022;19:20;3;72;1;1;1;2;47,9588906438;0,0218117235
202200008975;21;11;2022;18:00;2;69;1;1;2;6;45,8198500000;4,7053030000
202200008976;1;6;2022;19:15;1;13;1;1;1;7;43,5441400000;5,4610600000
202200008977;28;4;2022;19:30;1;35;2;1;1;6;48,1206636872; -1,6442477703
202200008978;21;11;2022;16:20;1;69;1;1;2;6;45,8788746023;4,3974924088
202200008979;27;12;2022;22:36;3;94;1;1;1;3;48,7684000000;2,3446200000
202200008980;22;11;2022;07:45;2;69;1;1;1;6;45,8537630000;4,6579030000
202200008981;1;6;2022;17:45;1;13;2;1;1;2;43,5242000000;5,4236100000
202200008982;21;11;2022;18:20;5;66;2;6;2;6;42,7159513965;2,8370958567
202200008983;28;12;2022;21:00;3;78;1;1;2;7;48,7887880000;2,0607380000
202200008984;22;11;2022;07:30;2;69;2;1;1;6;45,7521370000;4,7710110000
202200008985;28;4;2022;15:15;1;35;2;3;1;1;48,1067428213; -1,6931967437
202200008986;28;12;2022;17:25;3;92;1;1;2;2;48,8048605042;2,2135432693
202200008987;28;4;2022;08:55;1;35;2;2;1;3;48,1232537871; -1,6628026217
202200008988;22;9;2022;22:45;3;38;1;1;1;2;45,2554758269;5,6446588805
202200008989;28;12;2022;08:00;2;95;1;1;2;6;48,9642113313;2,2629368305
202200008990;1;6;2022;02:00;3;11;2;1;1;7;43,1850600000;2,4114700000
202200008991;20;11;2022;13:55;1;987;2;1;1;3; -16,5093390000; -151,7505830000
202200008992;26;12;2022;18:50;5;94;2;1;1;2;48,7814800000;2,4373500000
202200008993;14;4;2022;18:25;1;33;2;7;1;3;44,8594400000; -0,5817800000
202200008994;27;12;2022;11:40;1;31;2;9;1;6;43,1066830000;0,7202410000
202200008995;19;11;2022;13:40;1;45;1;2;1;3;47,8476620000;2,1355160000
202200008996;23;12;2022;19:30;3;30;2;1;1;6;43,8053600000;4,6464800000
202200008997;1;6;2022;19:50;1;06;2;6;1;2;43,5497880000;6,9723210000
202200008998;26;4;2022;15:30;1;33;2;1;1;4;44,8658800000; -0,5385400000
202200008999;21;11;2022;09:43;1;77;1;1;9;1;48,9795410000;2,9667810000
202200009000;27;12;2022;07:30;1;974;2;3;7;1; -20,9060400000;55,4790400000
202200009001;22;11;2022;07:30;2;2B;1;1;2;3;42,3550240000;9,1743350000
202200009002;30;5;2022;17:30;1;06;2;3;2;3;43,6598380000;7,1713400000
202200009003;18;4;2022;07:00;2;33;2;1;1;3;44,8229800000; -0,5420700000
202200009004;19;3;2022;15:15;1;73;1;1;1;2;45,5212750000;5,9554620000
202200009005;31;5;2022;18:30;1;03;2;1;1;6;46,1308150000;3,4256580000
202200009006;22;10;2022;10:00;1;84;2;6;1;7;44,2774090000;4,7580030000
202200009007;19;3;2022;16:25;1;38;1;1;1;1;45,6314520000;5,2384420000
202200009008;27;12;2022;08:10;1;974;1;6;1;3; -20,9400900000;55,3069100000
202200009009;26;4;2022;12:56;1;32;2;1;1;5;43,6626000000;0,5869000000
202200009010;18;11;2022;20:38;3;83;1;1;1;6;43,6058000000;6,7664090000
202200009011;20;3;2022;04:45;3;38;1;1;1;6;45,0243380000;5,7715770000
202200009012;26;12;2022;10:22;1;973;1;6;2;7;4,9076892321; -52,3226371408
202200009013;28;5;2022;20:10;1;02;2;4;1;2;49,3774800000;3,3306900000
202200009014;20;3;2022;04:00;3;09;1;1;1;7;42,8076450000;1,5904960000
202200009015;27;4;2022;10:25;1;31;2;1;1;6;43,5996300000;1,4296000000
202200009016;22;11;2022;06:20;3;13;1;1;1;1;43,8902070000;4,8801770000
202200009017;27;12;2022;12:50;1;69;2;1;1;2;45,7240700000;4,8716500000
202200009018;31;5;2022;23:45;5;75;2;5;1;6;48,8918540000;2,3335220000
202200009019;19;3;2022;20:40;3;31;1;1;1;6;43,4466420000;1,3858230000
202200009020;22;11;2022;14:00;1;13;2;1;1;7;43,5069700000;5,5075350000
202200009021;19;3;2022;05:30;3;33;1;1;1;6;44,5424450000; -0,3027060000
202200009022;27;12;2022;10:00;1;69;2;2;1;6;45,7792841997;4,8275202513
202200009023;24;4;2022;17:15;1;29;1;2;3;4;47,8744500000; -3,8984600000
202200009024;1;6;2022;15:30;1;75;2;2;1;3;48,8831270000;2,2934890000
202200009025;19;3;2022;15:20;1;85;1;1;1;2;46,7152000000; -1,4297890000
202200009026;21;11;2022;16:00;2;55;1;3;2;1;48,7539820000;5,1281260000
202200009027;21;4;2022;01:43;5;29;2;1;1;1;48,3921180000; -4,4867390000
202200009028;1;6;2022;19:00;1;75;2;7;1;3;48,8722740000;2,2747850000
202200009029;20;3;2022;11:35;1;22;2;1;1;7;48,7949630000; -3,4177780000
202200009030;22;11;2022;18:00;5;42;2;1;1;6;45,7439940000;4,2280650000
202200009031;27;12;2022;19:00;5;91;2;1;1;1;48,7030000000;2,3680000000
202200009032;1;6;2022;17:00;1;75;2;2;1;6;48,8573660000;2,2646930000
202200009033;25;12;2022;06:01;4;87;1;1;1;6;45,9104588050;1,2922512300
202200009034;27;4;2022;10:05;1;22;2;2;1;6;48,7524200000; -3,4551000000
202200009035;22;11;2022;14:48;1;38;1;3;8;1;45,8528370000;5,4050160000
202200009036;18;3;2022;20:35;3;13;1;1;1;2;43,3772200000;5,3579900000
202200009037;1;6;2022;11:00;1;75;2;3;1;6;48,8688170000;2,2833210000
202200009038;29;10;2022;02:47;5;33;1;1;1;6;45,2697900000; -0,6168220000
202200009039;27;4;2022;16:45;1;16;2;1;1;3;45,6922400000; -0,3269000000
202200009040;18;3;2022;03:10;3;67;1;1;8;7;48,5318100000;7,6955700000
202200009041;24;12;2022;09:15;1;84;2;1;1;6;43,9287400000;4,8123900000
202200009042;1;6;2022;15:02;1;75;2;1;1;7;48,8534720000;2,2896040000
202200009043;19;3;2022;14:30;1;91;1;1;1;7;48,7420500000;2,3220200000
202200009044;22;11;2022;07:45;1;85;1;1;3;5;46,7244353000; -1,6542388000
202200009045;28;4;2022;18:00;1;13;1;1;1;3;43,3711744600;5,5395082834
202200009046;27;12;2022;12:50;1;83;2;6;1;6;43,1126700000;6,1182500000
202200009047;1;6;2022;07:15;1;75;2;3;1;3;48,8256600000;2,3344530000
202200009048;16;11;2022;12:55;1;72;1;1;2;3;47,8081870000; -0,2776430000
202200009049;28;4;2022;19:20;1;13;2;1;1;1;43,2516400000;5,4220100000
202200009050;22;12;2022;16:05;2;80;2;1;2;6;49,8852300000;2,2804700000
202200009051;19;3;2022;11:45;1;91;1;1;1;4;48,7320600000;2,3152900000
202200009052;16;11;2022;11:10;1;60;1;1;1;6;49,3445370000;2,4320230000
202200009053;31;5;2022;21:40;5;75;2;3;1;7;48,8574781666;2,2910075001
202200009054;20;12;2022;04:50;5;80;2;1;1;6;49,8963790000;2,2941760000
202200009055;18;3;2022;20:30;5;92;1;1;1;6;48,8934770765;2,1888457004
202200009056;28;4;2022;13:25;1;13;2;1;1;2;43,3104600000;5,4034100000
202200009057;22;11;2022;05:00;5;59;2;3;2;6;50,0165060000;4,0478660000
202200009058;31;5;2022;17:05;1;75;2;1;1;3;48,8391740000;2,3206750000
202200009059;16;12;2022;10:20;1;80;2;1;7;6;49,8870200000;2,2965300000
202200009060;16;11;2022;17:57;3;57;1;1;1;3;49,2836400000;6,1728100000
202200009061;28;4;2022;08:15;1;13;2;1;1;3;43,2600000000;5,4074300000
202200009062;23;12;2022;14:50;1;80;2;1;1;2;49,8987500000;2,3122800000
202200009063;19;3;2022;14:00;1;92;1;1;1;4;48,8339754444;2,1664687519
202200009064;1;6;2022;12:10;1;75;2;3;1;3;48,8262960000;2,3809040000
202200009065;21;11;2022;07:40;5;33;1;1;3;2;44,8624700000; -0,5038300000
202200009066;28;4;2022;20:08;1;13;2;9;1;3;43,5118000000;4,9847900000
202200009067;14;12;2022;18:15;3;80;1;1;9;6;49,8638200000;2,3728700000
202200009068;19;3;2022;07:00;1;92;1;1;1;6;48,9354125442;2,2611899740
202200009069;20;11;2022;21:05;4;59;1;1;1;6;50,6483600000;3,1448300000
202200009070;28;4;2022;05:44;5;13;1;9;1;2;43,5277400000;4,9610800000
202200009071;1;6;2022;15:50;1;75;2;3;1;3;48,8511590000;2,3692150000
202200009072;18;3;2022;20:00;3;78;1;1;1;2;48,9706060000;1,8891740000
202200009073;18;11;2022;09:20;1;59;1;1;1;5;50,6086134928;3,0939382460
202200009074;27;4;2022;17:20;1;09;2;1;1;3;43,1216890000;1,6211510000
202200009075;29;11;2022;10:15;1;77;2;9;1;3;48,3110000000;2,6824100000
202200009076;19;3;2022;07:15;1;95;1;1;1;6;49,0345300000;2,1010200000
202200009077;21;11;2022;17:30;3;91;1;1;2;1;48,6268400000;2,3553800000
202200009078;1;6;2022;12:55;1;75;2;3;1;3;48,8626340000;2,3765120000
202200009079;28;4;2022;20:58;2;06;2;1;1;3;43,7297600000;7,2294700000
202200009080;27;12;2022;14:15;1;76;2;2;1;2;49,4523500000;1,0591300000
202200009081;19;3;2022;06:30;3;93;1;1;1;2;48,8929900000;2,4726600000
202200009082;21;11;2022;09:45;1;91;1;1;1;2;48,6248700000;2,3632800000
202200009083;28;4;2022;15:02;1;06;1;1;1;6;43,7089200000;7,2324600000
202200009084;27;12;2022;11:35;1;76;2;1;7;6;49,3017770000;0,9520510000
202200009085;18;3;2022;18:20;2;95;1;1;1;4;49,0477371663;2,4636733532
202200009086;20;11;2022;06:40;3;78;1;1;1;2;48,8927510000;2,0085610000
202200009087;28;4;2022;10:25;1;06;2;1;1;6;43,6632880000;7,1474510000
202200009088;26;12;2022;06:48;3;76;1;1;1;6;49,4163900000;1,0461400000
202200009089;1;6;2022;12:20;1;75;2;7;1;2;48,8763560000;2,3324120000
202200009090;19;11;2022;18:10;5;92;1;1;1;6;48,8926794647;2,2348099552
202200009091;18;3;2022;12:05;1;93;1;1;1;3;48,8645671382;2,4823039923
202200009092;26;12;2022;17:50;5;72;2;3;1;3;48,0127200000;0,1784700000
202200009093;28;4;2022;08:25;1;06;2;1;1;2;43,6508920000;7,1522710000
202200009094;21;11;2022;05:10;4;93;1;1;1;6;48,9633100000;2,4718800000
202200009095;19;3;2022;04:00;3;77;1;1;1;6;48,6121200000;2,6324300000
202200009096;1;6;2022;07:45;1;75;2;7;1;3;48,8833140000;2,3271730000
202200009097;27;12;2022;00:20;5;71;2;1;2;6;46,7995539059;4,8461066186
202200009098;18;3;2022;11:30;1;94;1;1;1;6;48,7776016949;2,4400786182
202200009099;28;4;2022;07:45;1;06;2;3;1;6;43,6507610000;7,1520300000
202200009100;21;11;2022;19:00;3;77;1;1;2;2;48,8319570000;2,6011260000
202200009101;1;6;2022;18:30;1;75;2;2;1;3;48,8742010000;2,3239080000
202200009102;27;12;2022;16:50;2;69;1;1;1;6;45,9801900000;4,6631000000
202200009103;18;3;2022;11:10;1;77;1;1;1;2;48,9163300000;2,6337600000
202200009104;21;11;2022;16:55;3;94;1;1;2;3;48,8084200000;2,4489200000
202200009105;28;4;2022;18:35;1;06;2;1;1;6;43,5746850000;7,0550320000
202200009106;27;12;2022;13:30;1;69;2;9;1;3;45,7152600000;4,8764400000
202200009107;1;6;2022;00:15;5;75;2;7;1;3;48,8677800000;2,3139090000
202200009108;18;3;2022;14:15;1;27;2;1;1;6;49,0063200000;1,1625900000
202200009109;21;11;2022;10:30;1;94;1;1;1;3;48,8266507839;2,5161742429
202200009110;27;4;2022;16:10;1;03;2;1;1;6;46,1383500000;3,4372600000
202200009111;26;12;2022;21:10;5;67;2;3;1;3;48,5861500000;7,7628900000
202200009112;17;3;2022;13:00;1;77;2;1;1;6;48,5386200000;2,6643200000
202200009113;21;11;2022;07:20;3;94;1;1;8;2;48,8159619621;2,4517516855
202200009114;1;6;2022;10:05;1;75;2;2;1;6;48,8600700000;2,3568760000
202200009115;22;12;2022;18:05;5;67;2;3;2;3;48,5550991638;7,7374649048
202200009116;27;4;2022;18:30;1;03;1;6;1;3;46,3701000000;2,5850300000
202200009117;11;3;2022;19:35;5;86;2;1;2;6;46,5565710000;0,3044790000
202200009118;5;9;2022;15:50;1;84;1;9;1;5;43,8644510000;5,1665460000
202200009119;1;6;2022;09:30;1;75;2;3;1;2;48,8607150000;2,3306290000
202200009120;22;12;2022;18:00;5;67;2;6;2;3;48,6133000000;7,7161200000
202200009121;19;4;2022;22:40;5;02;2;1;1;1;49,5666000000;3,6312900000
202200009122;22;9;2022;17:10;1;89;1;1;1;3;48,1658990000;3,2669090000
202200009123;1;6;2022;08:00;1;75;2;2;1;3;48,8669660000;2,3582660000
202200009124;22;12;2022;15:20;1;67;2;1;1;6;48,6119707737;7,7820432186
202200009125;18;3;2022;21:10;5;988;2;3;1;3; -22,2420418858;166,4573912323
202200009126;22;9;2022;08:00;1;29;2;1;1;6;48,4638910000; -4,5703290000
202200009127;28;4;2022;12:20;1;01;1;1;1;1;46,1752390000;5,2372020000
202200009128;31;5;2022;10:10;1;75;2;7;1;7;48,8673204267;2,3634242945
202200009129;18;3;2022;07:10;1;976;2;3;1;6; -12,8070400000;45,2073000000
202200009130;21;9;2022;17:05;1;29;2;1;1;7;48,0512760960; -4,4335348605
202200009131;26;12;2022;19:35;5;61;2;9;1;1;48,4253730000;0,0914480000
202200009132;27;4;2022;18:30;1;75;2;1;1;3;48,8851930000;2,2873020000
202200009133;1;6;2022;17:35;1;94;2;1;1;1;48,8002820000;2,3803110000
202200009134;20;9;2022;18:50;1;29;1;1;1;4;47,9935596060; -4,2309415340
202200009135;27;12;2022;18:35;3;59;1;1;1;1;50,3104655359;3,4040182829
202200009136;18;3;2022;17:25;2;974;2;3;1;2; -20,8857800000;55,4507200000
202200009137;20;11;2022;18:40;5;973;2;1;1;7;4,9272700000; -52,3196100000
202200009138;28;4;2022;08:05;1;75;2;1;1;6;48,8247350000;2,3758950000
202200009139;1;6;2022;15:18;1;94;2;1;1;1;48,7900000000;2,4726000000
202200009140;26;12;2022;10:50;1;56;2;6;1;2;47,7572700000; -3,3553900000
202200009141;20;11;2022;16:45;1;973;2;9;1;7;4,9117800000; -52,3213600000
202200009142;1;6;2022;12:00;1;94;2;1;1;6;48,8423400000;2,5047600000
202200009143;18;3;2022;07:30;1;974;2;6;1;5; -20,9087800000;55,4800200000
202200009144;26;4;2022;09:40;1;75;2;2;1;2;48,8520996199;2,3403212428
202200009145;20;11;2022;14:25;1;972;1;1;1;2;14,6170500000; -61,0742200000
202200009146;27;12;2022;21:45;5;54;2;2;8;6;48,6932906861;6,1281057001
202200009147;18;3;2022;19:20;2;69;2;1;1;3;45,7550000000;4,8442000000
202200009148;20;11;2022;22:30;5;95;2;2;8;3;48,9788556015;2,3008257151
202200009149;26;12;2022;16:45;1;49;2;6;1;3;47,4967600000; -0,5915500000
202200009150;28;4;2022;14:20;1;75;2;2;1;3;48,8466957714;2,4158857763
202200009151;20;11;2022;21:00;5;91;2;1;8;7;48,7093100000;2,4647600000
202200009152;1;6;2022;14:56;1;94;2;1;1;6;48,8096560000;2,4338510000
202200009153;26;12;2022;16:43;1;49;2;1;1;6;47,4683200000; -0,5286600000
202200009154;18;3;2022;17:20;1;69;2;2;1;3;45,7663100000;4,8634400000
202200009155;28;4;2022;09:50;1;75;2;7;1;3;48,8650025475;2,3985697032
202200009156;27;12;2022;14:10;1;45;1;1;1;2;47,9790956081;2,7422953248
202200009157;20;11;2022;15:50;1;83;2;6;1;3;43,1288600000;5,9821500000
202200009158;18;3;2022;15:30;1;69;2;1;1;2;45,7323400000;4,8882300000
202200009159;31;5;2022;22:25;5;94;2;2;1;3;48,8092000000;2,4368400000
202200009160;26;12;2022;00:05;5;42;1;1;1;6;45,4326500000;4,3312700000
202200009161;28;4;2022;10:46;1;75;2;3;1;2;48,8988800000;2,3798160000
202200009162;1;6;2022;18:25;1;94;2;1;1;2;48,7827870000;2,3446330000
202200009163;18;3;2022;10:20;1;69;2;2;1;3;45,7583500000;4,8487400000
202200009164;22;12;2022;18:10;5;36;2;1;1;6;46,8194940000;1,6854440000
202200009165;1;6;2022;13:17;1;94;1;1;1;2;48,7538700000;2,3732900000
202200009166;19;11;2022;13:15;1;77;1;4;8;3;48,4828420000;2,6663360000
202200009167;18;3;2022;16:30;1;972;1;1;1;3;14,6544300000; -61,0117300000
202200009168;27;4;2022;21:30;5;75;2;7;1;2;48,8782875169;2,2810927033
202200009169;27;12;2022;12:50;1;35;2;3;1;3;48,1059937863; -1,7324946625
202200009170;1;6;2022;19:30;1;94;2;2;1;6;48,7641000000;2,4053300000
202200009171;27;4;2022;12:25;1;75;2;1;1;6;48,8655640000;2,2868370000
202200009172;20;11;2022;22:45;5;69;2;3;2;6;45,7826600000;4,9292100000
202200009173;18;3;2022;09:20;1;69;2;3;1;3;45,7601405501;4,8377233744
202200009174;27;12;2022;07:15;5;34;2;1;1;6;43,5840100000;3,9264200000
202200009175;27;4;2022;16:40;1;75;2;1;1;3;48,8342350000;2,2964520000
202200009176;1;6;2022;17:20;1;94;2;9;1;2;48,7559473319;2,4110183711
202200009177;20;11;2022;16:10;1;69;2;2;1;3;45,7698200000;4,8779000000
202200009178;21;12;2022;12:45;1;34;2;1;1;6;43,6244000000;3,8627100000
202200009179;27;4;2022;16:15;1;75;2;1;1;7;48,8199000000;2,3253260000
202200009180;18;3;2022;10:05;1;69;2;2;1;6;45,7909200000;4,8424500000
202200009181;20;11;2022;01:45;5;69;2;1;1;6;45,7885600000;4,8646800000
202200009182;1;6;2022;14:05;1;94;2;9;1;4;48,7275300000;2,4396100000
202200009183;27;12;2022;19:00;5;33;2;5;1;3;44,8604800866; -0,5538091063
202200009184;18;3;2022;13:00;1;2B;1;1;1;1;42,6544000000;9,4419900000
202200009185;31;5;2022;20:10;2;93;2;1;1;2;48,9172800000;2,3279400000
202200009186;20;11;2022;17:15;2;69;2;1;2;4;45,7108900000;4,8751500000
202200009187;27;12;2022;18:15;5;33;2;6;1;6;44,8779344508; -0,5613031983
202200009188;28;4;2022;14:00;1;75;2;4;1;7;48,8428282936;2,3640832677
202200009189;20;11;2022;05:15;3;64;1;1;2;7;43,3368000000; -1,6919000000
202200009190;1;6;2022;10:45;1;93;2;1;1;6;48,9386690000;2,3580870000
202200009191;27;12;2022;13:00;1;28;2;1;1;7;48,7360800000;1,3698300000
202200009192;27;4;2022;23:18;5;75;2;1;1;3;48,8269650000;2,3593280000
202200009193;15;3;2022;03:35;5;91;2;2;1;3;48,6398450000;2,2680600000
202200009194;20;11;2022;06:20;3;64;2;1;2;6;43,4692400000; -1,5384100000
202200009195;27;12;2022;12:45;1;26;2;4;1;6;44,9383800000;4,9004100000
202200009196;28;4;2022;18:10;1;75;2;4;1;6;48,8566070000;2,3792300000
202200009197;1;6;2022;06:36;1;93;2;2;1;3;48,9224610000;2,4070470000
202200009198;16;3;2022;08:38;1;91;1;1;8;4;48,6921300000;2,4509100000
202200009199;19;11;2022;14:32;1;60;2;1;1;6;49,2719600000;2,4643800000
202200009200;27;12;2022;17:18;1;26;2;1;1;3;44,5463300000;4,7731100000
202200009201;28;4;2022;18:28;1;75;2;7;1;3;48,8776350000;2,3703690000
202200009202;1;6;2022;19:15;1;93;2;3;1;3;48,9435500000;2,4443200000
202200009203;5;3;2022;00:05;5;89;2;3;1;3;48,2129510000;3,2777570000
202200009204;31;5;2022;19:50;2;92;2;1;1;6;48,8755900000;2,2180400000
202200009205;28;4;2022;13:10;1;75;2;3;1;3;48,8703742484;2,3495762050
202200009206;27;12;2022;12:50;1;14;2;2;7;3;49,2191070000; -0,3666350000
202200009207;20;11;2022;02:20;4;60;1;9;1;6;49,2576000000;2,4923300000
202200009208;17;3;2022;20:29;5;87;2;1;1;3;45,8430900000;1,2521300000
202200009209;27;12;2022;22:37;5;13;2;1;1;1;43,2657342351;5,4086772190
202200009210;31;5;2022;13:45;1;92;2;1;1;3;48,8827047190;2,2605086267
202200009211;20;11;2022;18:40;5;59;2;1;1;3;50,7310500000;3,1597000000
202200009212;28;4;2022;13:10;1;75;2;3;1;6;48,8754112589;2,3592194170
202200009213;1;6;2022;07:50;1;92;2;1;1;1;48,9185256107;2,2211553231
202200009214;27;12;2022;19:00;5;13;2;1;1;2;43,2709200000;5,3814800000
202200009215;20;11;2022;18:50;5;51;2;6;2;3;49,2575800000;4,0388500000
202200009216;28;4;2022;12:50;1;75;2;1;1;1;48,8615940000;2,2976820000
202200009217;17;3;2022;13:42;1;87;2;1;1;1;45,8221300000;1,2726200000
202200009218;1;6;2022;16:30;1;92;2;1;1;6;48,8076940000;2,2948010000
202200009219;20;11;2022;09:15;1;50;2;1;1;7;49,6394300000; -1,6209400000
202200009220;27;12;2022;14:45;1;13;2;9;1;3;43,3264330468;5,3746835273
202200009221;27;4;2022;19:00;1;75;2;2;1;3;48,8673727585;2,3473070217
202200009222;20;11;2022;10:00;1;42;2;1;1;6;46,0312600000;4,0827600000
202200009223;16;3;2022;13:10;1;82;2;2;1;3;44,0136100000;1,3508200000
202200009224;27;12;2022;01:15;5;13;2;1;1;1;43,3360319439;5,4659091846
202200009225;1;6;2022;12:10;1;92;2;2;1;3;48,8908182863;2,2811688781