Accident_Id;jour;mois;an;hrmn;lum;dep;agg;int;atm;col;lat;long
202200009882;10;9;2022;11:50;1;976;2;9;1;3; -12,7594000000;45,2300200000
202200009883;10;9;2022;12:30;1;974;2;9;1;3; -21,2990000000;55,4842000000
202200009884;11;9;2022;12:58;1;973;2;1;1;3;4,9322612721; -52,3181551695
202200009885;11;9;2022;06:15;2;973;2;6;1;6;4,9249200000; -52,3240300000
202200009886;11;9;2022;22:05;5;69;2;3;1;6;45,7372158528;4,8857779792
202200009887;11;9;2022;19:05;1;69;2;3;1;3;45,7713200000;4,8433200000
202200009888;11;9;2022;18:10;1;69;2;3;1;3;45,7380300000;4,8525100000
202200009889;10;9;2022;21:27;5;972;1;1;2;2;14,6387100000; -61,0103080000
202200009890;11;9;2022;13:45;1;972;2;3;1;5;14,6436000000; -61,0778200000
202200009891;11;9;2022;21:23;5;69;2;2;1;3;45,7783800000;4,8361300000
202200009892;11;9;2022;11:58;1;2B;2;1;1;3;42,6940000000;9,4500000000
202200009893;10;9;2022;21:00;3;971;2;1;1;2;16,0408091912; -61,5679675341
202200009894;10;9;2022;17:00;1;83;2;1;1;1;43,1227100000;6,1469400000
202200009895;6;9;2022;18:00;1;83;2;1;1;3;43,4275000000;6,7739900000
202200009896;10;9;2022;18:05;1;77;2;1;8;6;48,8590700000;2,6926200000
202200009897;10;9;2022;03:15;5;74;2;1;2;7;46,3705200000;6,4880500000
202200009898;11;9;2022;18:10;1;69;2;1;1;6;45,7535700000;4,9092700000
202200009899;10;9;2022;13:25;1;65;2;3;1;5;43,2497350000;0,0982090000
202200009900;23;8;2022;19:10;1;62;2;6;7;3;50,9461000000;1,8382000000
202200009901;11;9;2022;18:15;1;59;2;1;1;6;50,7403242343;3,1593820453
202200009902;11;9;2022;13:25;1;59;2;1;1;1;50,6230155334;3,0506794900
202200009903;11;9;2022;10:50;1;59;2;1;1;6;50,6210753321;3,0660921335
202200009904;14;10;2022;21:00;5;37;2;9;2;3;47,4356700000;0,6983800000
202200009905;11;9;2022;10:45;1;42;2;1;1;6;45,3843500000;4,2955700000
202200009906;14;10;2022;08:15;2;37;2;1;2;6;47,4268400000;0,6917900000
202200009907;11;9;2022;04:40;5;35;2;1;1;6;48,0935000000; -1,6677200000
202200009908;14;10;2022;23:45;3;35;2;1;2;6;48,1382000000; -1,6969000000
202200009909;11;9;2022;07:50;1;34;2;9;1;1;43,6120900000;3,8241700000
202200009910;14;10;2022;14:05;1;35;1;1;2;2;48,0934474877; -1,6241499782
202200009911;10;9;2022;19:40;1;34;2;3;1;3;43,5950500000;3,8442200000
202200009912;14;10;2022;08:20;2;35;2;1;2;3;48,1209861338; -1,6825523973
202200009913;11;9;2022;02:45;5;33;2;3;1;3;44,8156889240; -0,5512985587
202200009914;11;9;2022;13:00;1;30;1;1;1;3;44,1678000000;4,6054300000
202200009915;13;10;2022;19:35;5;33;2;3;2;3;44,8426600000; -0,5099500000
202200009916;11;9;2022;16:20;1;28;2;1;1;2;48,7460200000;1,3658800000
202200009917;15;10;2022;01:35;3;32;1;1;1;6;43,6582600000;0,6125300000
202200009918;11;9;2022;10:55;1;27;2;6;1;6;49,2546500000;1,1921600000
202200009919;14;10;2022;07:24;2;31;2;8;2;3;43,6370200000;1,4822700000
202200009920;14;10;2022;19:45;1;29;2;1;3;7;47,9947000000; -4,1021000000
202200009921;10;9;2022;09:30;1;25;2;1;1;6;47,5144600000;6,7972000000
202200009922;10;10;2022;12:15;1;29;2;6;1;3;48,4035850000; -4,4804680000
202200009923;11;9;2022;16:40;1;25;2;6;1;6;47,2198940000;5,9650720000
202200009924;11;9;2022;18:10;1;25;2;2;1;6;47,2445800000;5,9930700000
202200009925;13;10;2022;17:50;1;25;2;2;8;3;46,9109100000;6,3572600000
202200009926;11;9;2022;19:35;1;22;2;2;1;4;48,5301125988; -2,7644294500
202200009927;11;9;2022;19:40;2;18;2;1;1;3;47,1060200000;2,4086100000
202200009928;12;10;2022;17:18;1;21;2;3;1;3;47,2951200000;5,0113400000
202200009929;10;9;2022;09:48;1;17;2;3;1;6;45,6375600000; -1,0281100000
202200009930;10;9;2022;18:30;1;15;2;6;1;2;44,9160790000;2,4292040000
202200009931;11;10;2022;18:00;1;19;2;4;1;3;45,1605100000;1,5152100000
202200009932;11;9;2022;01:00;5;13;2;1;1;7;43,4475666669;5,2177557349
202200009933;14;10;2022;17:45;1;17;1;1;1;1;46,1918500000; -1,1661300000
202200009934;11;9;2022;16:00;1;13;2;1;1;3;43,2493574248;5,4022322295
202200009935;14;10;2022;00:55;3;17;1;1;2;7;46,1407300000; -1,0969100000
202200009936;11;9;2022;08:45;1;13;2;1;1;1;43,3154000000;5,4003300000
202200009937;12;10;2022;19:45;5;14;2;6;1;6;49,1444610000;0,2633750000
202200009938;11;10;2022;13:55;1;14;2;1;1;6;49,1455550000;0,2245980000
202200009939;1;9;2022;10:20;1;13;2;1;1;5;43,5804938214;5,0032396695
202200009940;10;9;2022;17:10;1;13;2;1;1;3;43,5285300000;5,4291900000
202200009941;7;10;2022;07:45;2;14;2;1;1;6;49,1770350000; -0,3301920000
202200009942;10;9;2022;12:40;1;09;2;1;1;6;43,1153600000;1,6221700000
202200009943;8;10;2022;10:34;1;14;2;9;1;3;49,1895170000; -0,3955150000
202200009944;11;9;2022;05:25;2;06;2;3;1;3;43,5521300000;7,0262300000
202200009945;14;10;2022;15:50;1;13;2;1;1;1;43,3813300000;5,3577500000
202200009946;9;9;2022;12:08;1;05;2;9;1;3;44,5599000000;6,0840500000
202200009947;14;10;2022;11:49;1;13;2;1;1;6;43,3083200000;5,4360500000
202200009948;11;9;2022;16:15;1;75;2;1;1;3;48,8581330000;2,4141100000
202200009949;13;10;2022;23:50;5;13;2;6;1;1;43,2503600000;5,3890900000
202200009950;11;9;2022;06:15;5;75;2;1;1;6;48,8349950000;2,2640400000
202200009951;11;9;2022;13:15;1;75;2;1;1;6;48,8907720000;2,3496330000
202200009952;14;10;2022;03:45;5;13;2;1;1;7;43,5269000000;5,4498700000
202200009953;11;9;2022;19:00;2;75;2;1;1;3;48,8667000000;2,2861200000
202200009954;14;10;2022;07:40;3;11;1;1;1;2;43,2041400000;2,4125900000
202200009955;11;9;2022;12:40;1;75;2;2;1;3;48,8501850000;2,2849070000
202200009956;14;10;2022;09:25;1;10;2;1;2;3;48,2905000000;4,0921000000
202200009957;14;10;2022;05:30;5;10;2;6;8;7;48,2896100000;4,0678100000
202200009958;11;9;2022;10:25;1;75;2;3;1;5;48,8537150000;2,2876830000
202200009959;14;10;2022;02:00;5;10;2;2;1;6;48,2966900000;4,0857200000
202200009960;11;9;2022;11:02;1;75;2;2;1;2;48,8261820000;2,3572720000
202200009961;13;10;2022;13:51;1;10;2;3;2;3;48,2789800000;4,0753100000
202200009962;11;9;2022;16:30;1;75;2;3;1;3;48,8386050000;2,3812180000
202200009963;10;9;2022;23:25;5;75;2;1;8;3;48,8834780000;2,3681030000
202200009964;14;10;2022;14:30;1;09;1;1;1;3;43,1171420000;1,6349210000
202200009965;11;9;2022;06:23;2;94;2;1;5;3;48,7664650000;2,4412700000
202200009966;14;10;2022;14:15;1;06;2;1;1;3;43,5505700000;6,9956200000
202200009967;11;9;2022;18:35;1;94;2;3;1;3;48,8024100000;2,3973800000
202200009968;14;10;2022;09:30;1;06;2;1;1;3;43,6837470000;7,1844090000
202200009969;11;9;2022;20:00;2;94;2;1;1;6;48,7570000000;2,3691000000
202200009970;11;9;2022;16:30;1;94;2;1;1;6;48,8088300000;2,4176100000
202200009971;14;10;2022;13:41;1;05;2;1;1;2;44,5686291810;6,1000353098
202200009972;14;10;2022;07:15;5;93;2;1;2;6;48,8695242822;2,5333317484
202200009973;11;9;2022;08:05;1;93;1;1;7;2;49,0056900000;2,5388200000
202200009974;14;10;2022;13:50;1;75;2;1;2;2;48,8927250000;2,3955280000
202200009975;11;9;2022;17:08;1;93;2;1;1;3;48,9313100000;2,3942700000
202200009976;11;9;2022;03:50;5;93;2;1;1;6;48,9486991297;2,3306828375
202200009977;11;9;2022;20:25;5;93;2;1;9;6;48,9092253717;2,3866133130
202200009978;14;10;2022;13:12;1;75;2;1;2;4;48,8458310000;2,4142090000
202200009979;11;9;2022;02:45;5;93;2;3;5;1;48,9530247619;2,3125816524
202200009980;14;10;2022;05:30;5;75;2;1;2;6;48,8280405130;2,3914951086
202200009981;10;9;2022;23:17;5;93;2;2;8;6;48,9406488034;2,4311631326
202200009982;12;10;2022;12:10;1;75;2;1;1;4;48,8611710000;2,2638910000
202200009983;10;9;2022;22:30;5;92;2;3;1;7;48,8207300000;2,3099500000
202200009984;14;10;2022;09:15;1;75;2;3;2;3;48,8473230000;2,3409300000
202200009985;11;9;2022;14:30;1;92;2;1;1;6;48,9024145204;2,2751065492
202200009986;13;10;2022;16:40;1;75;2;3;2;3;48,8511160000;2,3513280000
202200009987;11;9;2022;16:00;1;92;2;1;1;3;48,9036000000;2,3004800000
202200009988;10;9;2022;17:35;1;974;1;1;1;6; -20,9887430000;55,2900370000
202200009989;13;10;2022;17:15;5;75;2;7;2;6;48,8794430000;2,2907870000
202200009990;11;9;2022;07:40;1;35;1;1;7;6;47,8672540000; -1,7898540000
202200009991;13;10;2022;08:20;1;75;2;4;1;6;48,8562790000;2,2748760000
202200009992;11;9;2022;00:50;3;84;1;2;1;3;43,9559580000;5,0436630000
202200009993;14;10;2022;22:00;5;75;2;3;2;6;48,8504140000;2,2940640000
202200009994;7;9;2022;20:30;3;62;1;1;1;6;50,6465800000;2,7697150000
202200009995;13;10;2022;22:00;5;75;2;1;2;3;48,8401090000;2,3277200000
202200009996;11;9;2022;16:45;1;14;1;1;1;1;49,0164929647; -0,6310905218
202200009997;14;10;2022;16:30;1;75;2;3;2;6;48,8381880000;2,3994180000
202200009998;11;9;2022;16:00;1;72;1;9;1;1;47,8938130000;0,4105280000
202200009999;14;10;2022;13:15;1;75;2;3;2;6;48,8425400000;2,4383500000
202200010000;12;9;2022;10:20;1;44;1;3;1;3;47,3275030000; -1,8821490000
202200010001;11;9;2022;17:30;1;21;1;1;1;7;47,2642980000;4,6485420000
202200010002;14;10;2022;13:00;1;75;2;2;2;3;48,8637650000;2,3701170000
202200010003;9;9;2022;07:35;1;51;1;2;1;3;48,6987360000;3,7664330000
202200010004;14;10;2022;09:30;1;75;2;2;2;3;48,8697773361;2,3522785306
202200010005;11;9;2022;12:45;1;59;1;1;1;7;50,8290264818;2,2190022469
202200010006;15;8;2022;18:00;1;94;2;3;1;3;48,7861200000;2,3918500000
202200010007;11;9;2022;15:20;1;71;1;2;1;3;46,5536000000;4,9386550000
202200010008;14;10;2022;11:15;1;94;2;1;2;2;48,7516140000;2,4322890000
202200010009;9;9;2022;18:15;1;47;2;1;1;6;44,1775840000;0,2956980000
202200010010;13;10;2022;08:50;1;94;2;2;1;3;48,7882900000;2,5066600000
202200010011;11;9;2022;14:30;1;68;1;3;1;3;47,6284490000;7,1484950000
202200010012;16;7;2022;10:00;1;22;2;2;1;3;48,8418350000; -3,1388340000
202200010013;14;10;2022;07:35;5;94;2;1;8;3;48,8354600000;2,4955300000
202200010014;12;9;2022;01:00;4;44;1;1;1;6;47,6680210000; -1,9861330000
202200010015;14;10;2022;09:40;1;94;2;1;2;3;48,8134000000;2,4298000000
202200010016;1;9;2022;19:20;1;29;1;3;2;6;48,7056680000; -3,8300550000
202200010017;14;10;2022;17:30;1;94;2;9;3;2;48,7571900000;2,3884100000
202200010018;10;9;2022;17:00;1;29;1;1;1;7;48,1552360000; -4,0137860000
202200010019;14;10;2022;17:50;1;94;2;1;2;3;48,8558231349;2,4923456995
202200010020;12;9;2022;08:15;1;38;1;3;1;3;45,2917280000;5,5765810000
202200010021;14;10;2022;08:15;1;94;2;1;8;6;48,8525000000;2,4555000000
202200010022;13;10;2022;18:35;1;94;2;1;2;6;48,7955592694;2,4587275305
202200010023;14;10;2022;14:50;1;94;2;3;2;2;48,7451300000;2,3859700000
202200010024;14;10;2022;07:49;5;94;2;1;2;3;48,7661200000;2,4116300000
202200010025;14;10;2022;17:30;1;94;2;2;2;2;48,8178251682;2,4195215106
202200010026;13;10;2022;19:45;2;94;2;3;2;2;48,8166759662;2,4996230006
202200010027;14;10;2022;14:20;1;93;2;3;2;6;48,9672500000;2,5428000000
202200010028;14;10;2022;10:40;1;93;2;2;2;6;48,9455008980;2,3638489494
202200010029;14;10;2022;07:35;2;93;2;3;8;6;48,9448267804;2,3534741511
202200010030;14;10;2022;18:00;1;93;2;9;2;6;48,9031900000;2,3916900000
202200010031;13;10;2022;12:07;1;93;2;8;1;2;48,9125400000;2,4359700000
202200010032;14;10;2022;16:35;1;93;2;3;2;1;48,8369100000;2,5627700000
202200010033;14;10;2022;09:15;1;93;2;1;2;3;48,8661678595;2,4549892917
202200010034;14;10;2022;08:28;1;93;2;1;2;6;48,8773821493;2,4162352997
202200010035;14;10;2022;06:15;2;93;2;6;2;3;48,8784669669;2,5652992150
202200010036;14;10;2022;19:00;5;93;2;1;2;3;48,9446237566;2,4367386682
202200010037;14;10;2022;23:00;5;93;2;3;2;1;48,9117643514;2,3796133113
202200010038;14;10;2022;20:42;5;92;2;1;2;2;48,9354242657;2,3305832147
202200010039;14;10;2022;17:00;1;92;2;1;2;6;48,8924417764;2,2772893309
202200010040;14;10;2022;20:15;5;92;2;3;2;1;48,8882700000;2,1941400000
202200010041;12;10;2022;12:10;1;92;2;3;1;3;48,9098500000;2,2243400000
202200010042;14;10;2022;18:40;2;92;2;1;2;6;48,8007570000;2,2930440000
202200010043;13;10;2022;14:29;1;92;2;1;3;3;48,8035279312;2,2877325118
202200010044;14;10;2022;17:25;1;92;2;1;2;6;48,8300100000;2,2843300000
202200010045;14;10;2022;14:00;1;92;2;1;3;7;48,9328342821;2,3011470437
202200010046;14;10;2022;12:25;1;92;2;1;1;6;48,9306369459;2,2551621795
202200010047;14;10;2022;08:10;1;92;2;2;2;7;48,8326200000;2,2496800000
202200010048;15;10;2022;07:30;2;80;1;1;2;7;49,9824060000;2,5825810000
202200010049;14;10;2022;12:15;1;49;1;3;2;1;47,3339460000; -0,8249190000
202200010050;10;10;2022;07:15;2;83;1;1;1;6;43,4370590000;6,3208780000
202200010051;14;10;2022;08:35;2;43;1;1;8;1;45,4157440000;3,2968590000
202200010052;9;2;2022;19:00;5;92;2;1;1;3;48,7524737229;2,3015115559
202200010053;15;10;2022;11:30;1;81;1;1;1;7;43,9250537171;2,4718278223
202200010054;8;2;2022;08:15;2;51;2;1;1;6;49,0766930000;3,6404200000
202200010055;15;10;2022;07:00;3;51;1;1;2;7;49,0745340000;3,8071380000
202200010056;9;2;2022;16:35;1;88;2;1;1;6;48,1924440000;6,9505910000
202200010057;14;10;2022;20:00;3;23;1;1;2;1;46,0881670000;2,0233400000
202200010058;2;2;2022;07:20;1;973;1;1;3;2;5,6182390000; -53,8810300000
202200010059;14;10;2022;15:45;1;62;1;1;1;4;50,8567220000;1,9012040000
202200010060;8;2;2022;11:18;1;65;1;2;1;7;43,2880150000;0,1128240000
202200010061;9;2;2022;17:00;1;51;2;1;1;7;49,1980380000;4,0131860000
202200010062;13;10;2022;16:00;1;85;1;1;2;7;46,8765130000; -1,0525547200
202200010063;10;2;2022;09:45;1;56;1;1;7;3;47,7603796000; -3,1358528000
202200010064;9;2;2022;13:55;1;67;2;2;1;3;48,2467360000;7,6024850000
202200010065;9;2;2022;12:10;1;76;2;9;7;3;49,9311937084;1,6291147470
202200010066;9;2;2022;09:00;1;47;1;1;7;2;44,0429930000;0,1772370000
202200010067;7;2;2022;07:00;2;39;1;1;1;6;47,1518970000;5,7190510000
202200010068;10;2;2022;07:00;5;44;2;1;1;6;47,4455330000; -2,2445410000
202200010069;7;10;2022;19:30;3;30;1;1;1;1;43,8408100000;4,5818570000
202200010070;9;2;2022;18:30;2;31;1;3;1;3;43,7391350000;1,3126950000
202200010071;9;2;2022;19:20;3;01;2;1;1;1;46,0682180000;4,8972420000
202200010072;10;2;2022;16:10;1;85;1;1;8;6;46,6966390000; -1,3042560000
202200010073;10;2;2022;15:05;1;58;1;1;1;3;46,9638680000;3,2346580000
202200010074;5;2;2022;13:30;1;72;1;2;7;3;48,0949600000;0,3620300000
202200010075;15;10;2022;09:50;1;51;1;1;2;2;49,0426750000;4,3236940000
202200010076;10;2;2022;07:20;2;72;1;1;1;1;48,0212600000; -0,1435200000
202200010077;9;2;2022;06:25;3;14;1;1;1;6;49,3035870000; -0,4358380000
202200010078;14;10;2022;15:30;1;19;1;3;1;1;45,1334130000;1,4008210000
202200010079;10;2;2022;00:15;3;05;2;1;1;6;44,4988320000;6,5549270000
202200010080;15;10;2022;02:40;3;67;1;1;1;7;48,2188330000;7,4976860000
202200010081;10;2;2022;07:00;2;60;1;1;1;7;49,6522030000;1,7322270000
202200010082;14;10;2022;21:45;3;79;1;1;2;7;46,8821830000; -0,7944700000
202200010083;9;2;2022;16:30;2;43;1;1;1;1;45,2118680000;4,0282840000
202200010084;9;2;2022;16:50;1;40;1;6;1;3;43,7473430000; -0,5619230000
202200010085;10;2;2022;10:40;1;04;1;3;1;3;44,0435890000;5,9556950000
202200010086;9;2;2022;20:00;3;973;1;1;2;6;4,8912900000; -52,3389210000
202200010087;10;2;2022;16:20;1;973;2;1;1;3;4,9038390000; -52,2733140000
202200010088;14;10;2022;18:35;2;81;1;3;2;5;43,6283950000;2,3651500000
202200010089;10;2;2022;08:45;1;42;2;1;1;6;45,5020120000;4,2544180000
202200010090;10;2;2022;14:10;1;72;1;1;2;1;47,6998600000;0,1920500000
202200010091;10;2;2022;07:45;2;77;1;1;1;2;48,1937280000;2,7683830000
202200010092;9;2;2022;12:16;1;987;2;1;1;7; -17,8272130000; -149,2423950000
202200010093;14;10;2022;17:15;1;11;1;1;1;7;43,1294280000;2,8568740000
202200010094;10;2;2022;13:35;1;78;1;1;8;1;48,9505030000;1,6476220000
202200010095;9;2;2022;18:00;2;34;1;2;1;3;43,9433460000;3,7267310000
202200010096;10;2;2022;05:50;5;84;2;1;1;-1;44,1173890000;5,0328540000
202200010097;9;2;2022;20:00;3;83;1;1;1;1;43,3000940000;6,4774980000
202200010098;9;2;2022;14:10;1;83;1;1;1;6;43,4012830000;6,1066170000
202200010099;10;2;2022;11:37;1;04;2;3;1;3;43,8703750000;5,8432670000
202200010100;9;2;2022;21:00;3;13;1;4;1;1;43,8955500000;4,8189960000
202200010101;15;10;2022;11:15;1;71;1;1;1;1;46,6169690000;4,2769860000
202200010102;9;2;2022;14:45;1;63;1;1;1;7;45,8088240000;3,0498590000
202200010103;4;2;2022;17:00;1;38;2;4;1;2;45,6804020000;5,1717120000
202200010104;15;10;2022;12:10;1;63;1;1;8;1;45,3342360000;2,9305710000
202200010105;30;6;2022;14:30;1;83;1;1;1;3;43,1243619026;5,9645783901
202200010106;9;2;2022;19:45;5;17;1;1;1;6;45,6927740000; -0,8210460000
202200010107;1;7;2022;07:53;1;91;1;1;1;2;48,7529600000;2,2230900000
202200010108;15;10;2022;10:25;1;61;2;1;2;3;48,2697890000;0,6866360000
202200010109;30;6;2022;23:05;3;91;1;1;1;6;48,6670600000;2,1907000000
202200010110;15;10;2022;09:20;1;12;2;1;1;6;44,4247820000;2,1617280000
202200010111;1;7;2022;00:10;3;94;1;1;1;4;48,7915086978;2,3442243502
202200010112;9;2;2022;13:20;1;60;1;2;1;3;49,3500310000;2,8813680000
202200010113;14;10;2022;09:00;1;46;1;1;8;6;44,4024530000;1,6215130000
202200010114;9;2;2022;23:15;3;60;1;1;1;7;49,3092758715;2,2365889548
202200010115;1;7;2022;09:00;1;78;1;1;1;2;48,7884110000;2,1373480000
202200010116;1;7;2022;06:30;1;92;1;1;1;6;48,9213068596;2,3061396405
202200010117;14;10;2022;19:35;3;68;1;1;2;5;47,5940960000;7,3999790000
202200010118;10;2;2022;19:15;5;60;2;6;2;3;49,2208140000;2,1384070000
202200010119;30;6;2022;22:45;5;92;1;1;1;4;48,9000387105;2,2107122922
202200010120;15;10;2022;13:45;1;39;1;3;1;6;46,3549500000;5,7784250000
202200010121;4;2;2022;19:00;5;13;1;1;1;2;43,3299800000;5,4064300000
202200010122;1;7;2022;18:45;1;93;1;1;1;2;48,8674911248;2,4818462133
202200010123;14;10;2022;13:50;1;39;2;1;1;6;46,3902800000;5,8606640000
202200010124;9;2;2022;04:45;3;59;1;1;1;6;50,6661097816;3,1141955852
202200010125;1;7;2022;08:20;1;93;1;1;1;2;48,9249800000;2,3915900000
202200010126;14;10;2022;06:40;3;29;1;2;2;3;48,5774870000; -3,9938680000
202200010127;7;2;2022;17:00;1;59;1;1;1;4;50,6769004695;3,1136289239
202200010128;1;7;2022;07:30;1;93;1;1;1;2;48,8668700000;2,4251000000
202200010129;15;10;2022;01:15;3;29;2;1;2;6;48,6907050000; -4,0340260000
202200010130;9;2;2022;10:00;1;94;1;1;1;3;48,7970000000;2,3443800000
202200010131;1;7;2022;23:01;3;77;1;1;1;2;48,8321045335;2,7784835027
202200010132;14;10;2022;08:30;2;29;1;1;2;1;48,5551947958; -4,5778416395
202200010133;9;2;2022;07:30;1;91;1;1;1;2;48,6013000000;2,4388300000
202200010134;1;7;2022;18:35;1;94;1;1;1;6;48,8173109429;2,4424371778
202200010135;15;10;2022;05:30;3;29;1;1;2;1;47,9284570000; -4,2279980000
202200010136;1;7;2022;18:20;1;93;1;1;1;2;48,8354402862;2,5706512512
202200010137;9;2;2022;09:10;1;94;1;1;1;3;48,7544000000;2,3484000000
202200010138;14;10;2022;16:25;1;26;1;1;1;6;44,7317510000;5,3913690000
202200010139;9;2;2022;18:05;1;78;1;1;1;2;48,7808040000;2,1782770000
202200010140;30;6;2022;23:40;5;77;1;1;1;2;48,7906144740;2,6182314062
202200010141;15;10;2022;18:05;1;60;2;1;1;1;49,2166110000;2,3234080000
202200010142;30;6;2022;08:35;1;22;2;6;1;6;48,4974900000; -2,7479000000
202200010143;10;10;2022;18:30;2;60;2;9;1;6;49,2059730000;2,3829750000
202200010144;9;2;2022;16:30;1;78;1;1;7;2;48,7809100000;2,1767430000
202200010145;14;10;2022;20:30;5;73;1;1;2;6;45,5694760000;5,7862600000
202200010146;9;2;2022;10:00;1;94;1;1;1;3;48,8286965958;2,5272705307
202200010147;8;2;2022;19:35;5;30;2;1;1;6;44,1274000000;4,0782700000
202200010148;30;5;2022;17:15;1;54;2;1;1;6;48,6841532115;6,1766941845
202200010149;27;5;2022;18:30;1;21;2;1;1;1;47,4088060000;4,9370670000
202200010150;7;10;2022;16:25;1;85;1;3;1;2;46,7505700000; -1,3755400000
202200010151;1;7;2022;08:00;1;988;2;1;1;3; -22,2537300000;166,4497700000
202200010152;8;2;2022;17:40;1;976;2;1;1;2; -12,8024200000;45,2095800000
202200010153;14;10;2022;17:29;1;28;2;2;2;3;48,6529120000;1,1291870000
202200010154;29;6;2022;19:20;5;988;2;9;1;3; -22,2311600000;166,4813100000
202200010155;7;2;2022;14:20;1;976;2;1;1;6; -12,7553500000;45,2329700000
202200010156;30;6;2022;16:30;1;976;2;1;1;7; -12,7609100000;45,2264200000
202200010157;15;10;2022;11:55;1;30;1;3;1;3;43,7810100000;4,1985150000
202200010158;8;2;2022;19:40;5;974;1;3;1;3; -21,3252000000;55,4879300000
202200010159;29;6;2022;18:00;3;974;2;1;1;5; -21,3102500000;55,4716500000
202200010160;7;2;2022;14:30;1;974;2;6;1;3; -20,8933300000;55,4604900000
202200010161;29;6;2022;05:35;2;974;1;1;1;2; -21,3471440000;55,4998760000
202200010162;8;2;2022;17:45;1;69;2;1;1;6;45,7406309783;4,8875199258
202200010163;14;10;2022;21:00;3;90;1;1;3;1;47,6433810000;6,8939100000
202200010164;8;2;2022;16:30;1;69;2;1;1;7;45,7307533883;4,8579551263
202200010165;30;6;2022;16:45;1;974;2;6;1;3; -20,9028300000;55,5025100000
202200010166;8;2;2022;12:55;1;69;2;4;1;6;45,7005846747;4,8877438903
202200010167;30;6;2022;13:30;1;69;2;2;1;3;45,7594400000;4,8457600000
202200010168;14;10;2022;20:40;3;34;1;1;1;4;43,6940437706;4,0821814940
202200010169;8;2;2022;08:50;1;972;1;1;1;3;14,6339900000; -61,0223600000
202200010170;30;6;2022;08:50;1;69;2;3;1;3;45,7433300000;4,8342400000
202200010171;15;10;2022;12:25;1;51;1;9;2;2;49,0347380000;4,4397670000
202200010172;8;2;2022;07:50;1;972;1;1;1;7;14,6192800000; -60,9969700000
202200010173;30;6;2022;08:29;1;69;2;3;1;3;45,7355100000;4,8702700000
202200010174;8;2;2022;15:20;1;971;1;1;1;5;16,2579400000; -61,5197000000
202200010175;15;10;2022;08:00;1;988;1;1;1;6; -21,2356650000;165,6020000000
202200010176;8;2;2022;08:45;1;95;2;1;1;6;49,0429270450;2,0906317234
202200010177;1;5;2022;23:15;5;69;2;3;1;6;45,7562900000;4,8404100000
202200010178;14;10;2022;17:00;2;986;1;1;1;3; -13,2214780000; -176,2018570000
202200010179;7;2;2022;08:30;1;91;2;9;1;2;48,6474600000;2,2751800000
202200010180;1;7;2022;00:01;5;69;2;1;3;3;45,7752900000;4,8390900000
202200010181;14;10;2022;19:15;3;973;1;1;1;1;5,5527342913; -53,9342772961
202200010182;30;6;2022;12:00;1;95;2;1;2;1;48,9210305556;2,2175592184
202200010183;3;2;2022;21:00;3;80;1;3;2;3;49,8573100000;2,3815700000
202200010184;14;10;2022;23:15;3;77;1;1;2;6;48,8199200000;2,9077940000
202200010185;30;6;2022;07:45;1;91;2;2;2;3;48,6957500000;2,4845300000
202200010186;3;2;2022;21:20;5;78;2;1;1;1;49,0043800000;1,6198000000
202200010187;29;6;2022;01:40;5;90;2;1;1;6;47,6280000000;6,8440000000
202200010188;24;9;2022;19:45;5;91;2;9;1;1;48,6818300000;2,0755360000
202200010189;8;2;2022;14:20;1;76;1;1;1;5;49,4447600000;1,0633600000
202200010190;30;4;2022;04:30;5;84;2;1;1;5;43,9320000000;4,8289100000
202200010191;8;2;2022;11:30;1;74;2;3;1;6;46,3695200000;6,4760300000
202200010192;14;10;2022;19:30;3;2A;1;1;1;5;41,6459310000;9,2963430000
202200010193;29;6;2022;22:20;5;83;2;1;1;6;43,1272200000;5,7856200000
202200010194;8;2;2022;08:20;1;74;1;1;1;1;46,1686500000;6,2664000000
202200010195;30;6;2022;14:40;1;83;2;1;1;3;43,0991920000;6,0800080000
202200010196;22;8;2022;03:00;4;66;2;2;1;6;42,6035860000;2,8946830000
202200010197;7;2;2022;11:15;1;71;2;1;1;6;46,8170200000;4,4546000000
202200010198;27;6;2022;16:20;1;83;2;1;1;6;43,4271200000;6,7676100000
202200010199;27;9;2022;09:00;1;34;1;1;1;3;43,4773700000;3,6928220000
202200010200;29;6;2022;19:30;1;80;2;1;1;3;49,9018700000;2,2791100000
202200010201;15;10;2022;14:28;1;84;2;3;7;1;43,9589050000;4,8833160000
202200010202;7;2;2022;23:30;5;68;2;2;1;3;48,0845600000;7,3427000000
202200010203;29;6;2022;15:21;1;80;2;1;1;3;49,8793100000;2,2963700000
202200010204;15;10;2022;18:00;1;26;1;1;1;1;45,0247930000;5,2703370000
202200010205;7;2;2022;17:00;2;67;2;1;1;6;48,6235840000;7,7324310000
202200010206;29;6;2022;08:00;1;78;2;1;1;2;48,8889340000;2,1032280000
202200010207;8;2;2022;14:42;1;66;2;3;1;3;42,7175400000;2,8893300000
202200010208;15;10;2022;12:45;1;01;1;2;1;1;45,8311020000;5,1198920000
202200010209;29;6;2022;10:05;1;77;2;6;1;2;48,3757400000;2,9570400000