Accident_Id;jour;mois;an;hrmn;lum;dep;agg;int;atm;col;lat;long
202200010210;8;2;2022;05:10;3;66;1;1;1;6;42,6972800000;2,8599100000
202200010211;15;10;2022;12:00;1;01;2;2;1;3;45,8270820000;4,9526300000
202200010212;15;10;2022;17:45;1;69;2;1;1;6;45,7483790000;4,6749920000
202200010213;8;2;2022;08:15;1;64;2;3;1;7;43,3084600000; -0,3742700000
202200010214;30;6;2022;18:50;1;77;1;2;1;1;48,3727140000;2,6433530000
202200010215;12;6;2022;00:55;5;76;2;1;1;6;49,5028100000;0,1829400000
202200010216;15;10;2022;07:55;1;81;1;1;1;1;43,8854054000;1,8664202000
202200010217;8;2;2022;02:50;5;64;2;1;1;7;43,4875800000; -1,4814300000
202200010218;29;6;2022;12:46;1;72;1;1;1;3;47,9712800000;0,2380600000
202200010219;12;10;2022;15:30;1;79;2;6;1;3;46,8350070000; -0,4814730000
202200010220;7;2;2022;17:02;1;63;2;4;1;3;45,7709900000;3,1023600000
202200010221;30;6;2022;18:45;1;69;2;2;2;4;45,7671902210;4,9328042758
202200010222;14;10;2022;16:40;1;86;2;3;1;3;46,6482450000;0,3789050000
202200010223;8;2;2022;23:00;5;59;2;3;1;3;50,6077100000;3,0160200000
202200010224;28;6;2022;22:55;3;68;2;1;1;3;48,0791600000;7,3544000000
202200010225;15;10;2022;14:00;1;60;2;1;1;2;49,1981390000;2,4637750000
202200010226;7;2;2022;09:55;1;59;2;3;7;1;50,3630800000;3,1143700000
202200010227;29;6;2022;22:05;5;67;2;3;1;3;48,5252000000;7,7084800000
202200010228;14;10;2022;15:40;1;60;2;1;2;2;49,2035230000;2,4614310000
202200010229;29;6;2022;10:00;1;66;2;9;1;3;42,6853666674;2,9082816839
202200010230;14;10;2022;03:15;3;38;1;1;2;1;45,4978500000;4,8392800000
202200010231;7;2;2022;11:28;1;56;2;6;1;6;47,7364500000; -3,3829200000
202200010232;6;2;2022;08:20;2;50;2;1;3;7;49,6401000000; -1,6214100000
202200010233;30;6;2022;13:15;1;64;2;6;2;3;43,3117100000; -0,3629500000
202200010234;13;10;2022;18:45;5;69;2;1;1;2;45,7570600000;4,9089700000
202200010235;6;2;2022;16:45;1;49;2;1;1;1;47,2610994540; -0,0908571482
202200010236;29;6;2022;09:20;1;62;2;6;1;3;50,9568540000;1,8574120000
202200010237;13;10;2022;05:38;3;33;1;1;1;2;44,6746590528; -0,4799687552
202200010238;5;2;2022;10:25;1;49;2;1;1;6;47,2734800000; -0,0628700000
202200010239;14;10;2022;16:30;1;91;1;1;2;7;48,6327900000;2,2240700000
202200010240;29;6;2022;08:30;1;62;2;2;1;3;50,9497200000;1,8541600000
202200010241;8;2;2022;07:50;2;49;2;1;1;3;47,4678700000; -0,5367800000
202200010242;29;6;2022;18:30;1;61;2;7;2;6;48,7504900000; -0,0279300000
202200010243;13;10;2022;23:45;3;91;1;1;2;2;48,7492600000;2,2198400000
202200010244;7;2;2022;11:50;1;45;2;2;1;3;48,0037295143;2,7419753373
202200010245;30;6;2022;13:17;1;60;2;1;3;6;49,2696800000;2,4640700000
202200010246;14;10;2022;18:50;3;92;1;1;2;3;48,9354016608;2,2654496814
202200010247;6;2;2022;11:33;1;45;2;1;2;6;48,0093388275;2,7403571159
202200010248;29;6;2022;19:10;1;59;2;3;1;2;50,6939900000;3,1671900000
202200010249;14;10;2022;16:10;1;78;1;1;1;6;48,9634800000;1,8390230000
202200010250;8;2;2022;11:00;1;44;2;1;8;6;47,2257880000; -1,6123040000
202200010251;30;6;2022;13:00;1;59;2;1;2;2;50,6636780000;3,0934600000
202200010252;14;10;2022;08:50;1;78;1;1;2;3;48,7791420000;2,2211120000
202200010253;9;2;2022;00:25;5;43;2;1;1;6;45,0439000000;3,8706900000
202200010254;28;6;2022;10:05;1;59;2;1;1;1;50,5666435888;3,0335766077
202200010255;14;10;2022;09:00;1;93;1;1;1;5;48,9605700000;2,5410400000
202200010256;21;6;2022;08:40;1;58;2;1;1;3;46,9879500000;3,1533600000
202200010257;18;1;2022;07:30;5;40;2;3;2;3;43,7407500000; -1,0535600000
202200010258;8;2;2022;20:50;5;37;2;3;1;6;47,3815959993;0,6709411740
202200010259;17;6;2022;17:00;1;58;2;2;1;3;46,9889900000;3,1884500000
202200010260;13;10;2022;23:15;3;95;1;1;2;5;49,0112452790;2,1529796720
202200010261;27;6;2022;10:00;1;57;2;4;2;3;49,2550000000;6,0964500000
202200010262;8;2;2022;20:48;5;35;2;2;1;2;48,0870400000; -1,7074500000
202200010263;29;6;2022;08:30;1;56;2;1;1;6;47,7546100000; -3,3629600000
202200010264;14;10;2022;21:50;3;94;1;1;2;4;48,7680357492;2,3785302403
202200010265;8;2;2022;09:50;1;35;2;6;2;3;48,1341100000; -1,6941700000
202200010266;30;6;2022;21:50;5;51;2;1;1;6;49,2744100000;4,0561400000
202200010267;13;10;2022;21:40;5;974;2;1;1;6; -20,9734300000;55,6563400000
202200010268;2;2;2022;09:45;1;34;2;6;1;3;43,3069300000;3,4654400000
202200010269;29;6;2022;06:15;1;50;2;1;2;7;49,6338100000; -1,6149100000
202200010270;8;2;2022;07:22;3;31;2;9;1;6;43,5759500000;1,4066200000
202200010271;13;10;2022;01:58;4;63;2;1;1;6;45,9235042393;3,0699518323
202200010272;29;6;2022;10:35;1;49;2;7;1;6;47,2642900000; -0,0999900000
202200010273;7;2;2022;23:15;5;31;2;1;1;1;43,6480100000;1,4224900000
202200010274;30;6;2022;20:15;1;44;2;1;7;6;47,2215700000; -1,6053100000
202200010275;13;10;2022;08:00;2;44;2;6;2;7;47,2601720000; -1,5822830000
202200010276;8;2;2022;15:45;1;29;2;1;1;2;48,3963460000; -4,5159630000
202200010277;13;10;2022;19:30;2;92;2;4;2;6;48,9126580000;2,2843020000
202200010278;29;6;2022;13:15;1;42;2;6;1;3;45,4589403795;4,4080978632
202200010279;9;10;2022;16:45;1;59;2;2;7;6;50,6352500000;3,0092900000
202200010280;8;2;2022;08:20;5;29;2;2;6;6;48,3996080000; -4,4659040000
202200010281;6;10;2022;19:50;2;58;2;3;1;1;46,9939300000;3,1652700000
202200010282;30;6;2022;08:45;1;37;2;1;2;2;47,3659674693;0,7170242071
202200010283;8;2;2022;17:35;1;22;2;1;1;1;48,4858600000; -2,7892600000
202200010284;13;10;2022;11:45;1;988;2;6;1;3; -22,2485800000;166,4696700000
202200010285;29;6;2022;11:01;1;36;2;1;1;6;46,8193178743;1,6972321272
202200010286;7;2;2022;15:35;1;19;2;1;1;6;45,1631900000;1,5331300000
202200010287;13;10;2022;12:40;1;974;1;1;1;6; -21,3321700000;55,4739000000
202200010288;29;4;2022;13:55;1;35;2;3;1;2;48,6064731881; -2,0532009602
202200010289;8;2;2022;09:10;1;18;2;2;7;3;47,1106200000;2,4144900000
202200010290;11;10;2022;10:00;1;974;2;3;1;6; -20,8931000000;55,4880000000
202200010291;30;6;2022;16:00;1;35;1;1;1;2;48,0817800000; -1,6474500000
202200010292;9;10;2022;12:30;1;974;2;9;1;5; -20,8854000000;55,4735300000
202200010293;30;6;2022;09:15;1;34;2;1;1;3;43,3007700000;3,4683400000
202200010294;7;2;2022;20:24;5;13;2;1;1;3;43,2891500000;5,3664200000
202200010295;13;10;2022;19:45;5;69;2;2;2;2;45,7473900000;4,8349200000
202200010296;7;2;2022;14:10;1;13;2;1;6;3;43,2834400000;5,4131900000
202200010297;30;6;2022;14:20;1;33;2;6;8;3;44,8583000000; -0,6769800000
202200010298;13;10;2022;07:25;1;972;1;1;1;6;14,6167300000; -60,9895800000
202200010299;30;6;2022;12:40;1;33;2;3;2;3;44,8334500000; -0,6172400000
202200010300;8;2;2022;16:35;1;10;2;1;7;3;48,3017300000;4,0751300000
202200010301;12;10;2022;22:15;3;972;1;1;1;2;14,5928700000; -60,9837300000
202200010302;28;6;2022;15:30;1;29;2;6;1;2;48,4151670000; -4,4796731000
202200010303;8;2;2022;12:00;1;06;2;1;1;1;43,5524500000;7,0324500000
202200010304;12;10;2022;20:13;5;972;1;1;1;2;14,6348100000; -61,0197400000
202200010305;8;2;2022;07:45;1;06;2;1;1;3;43,6630950000;7,1839710000
202200010306;28;6;2022;14:00;1;29;2;3;1;3;48,4031890000; -4,5063980000
202200010307;12;10;2022;12:25;1;972;2;1;1;3;14,6102200000; -61,0846700000
202200010308;8;2;2022;17:40;1;04;2;3;1;3;43,8244500000;5,7978000000
202200010309;29;6;2022;16:55;1;27;2;1;2;4;49,2462100000;1,1739000000
202200010310;13;10;2022;09:55;1;69;2;2;1;5;45,7727000000;4,8384600000
202200010311;7;2;2022;22:00;3;02;1;1;1;1;49,5545750000;3,6293450000
202200010312;30;6;2022;16:15;1;25;2;1;1;6;47,2157600000;5,9469400000
202200010313;8;2;2022;11:45;1;75;2;1;1;7;48,8286420000;2,3988890000
202200010314;30;6;2022;05:55;2;15;2;1;1;6;44,9115200000;2,4490400000
202200010315;7;2;2022;16:00;1;75;2;1;1;3;48,8674120000;2,2691630000
202200010316;7;10;2022;23:00;5;69;2;2;1;3;45,7723300000;4,8054300000
202200010317;14;6;2022;16:55;1;13;1;1;1;7;43,4214100000;5,0266000000
202200010318;12;10;2022;08:00;2;69;2;2;5;6;45,7497600000;4,7833500000
202200010319;7;2;2022;10:20;1;75;2;1;1;5;48,8953850000;2,3948020000
202200010320;30;6;2022;10:20;1;13;2;2;1;1;43,2840210852;5,3848157823
202200010321;13;10;2022;17:25;2;971;2;1;1;6;16,2423100000; -61,5355900000
202200010322;7;2;2022;08:40;1;75;2;1;1;2;48,8335690000;2,4083410000
202200010323;8;10;2022;15:00;1;971;1;1;1;2;16,2492229711; -61,5032002330
202200010324;30;6;2022;01:18;5;13;2;3;1;3;43,2989300000;5,3881300000
202200010325;8;2;2022;16:55;1;75;2;1;1;6;48,8959709720;2,3740171641
202200010326;11;10;2022;10:40;1;85;2;9;1;2;46,4880500000; -1,7650732000
202200010327;1;6;2022;17:00;1;13;1;1;1;3;43,4830825483;5,4160001962
202200010328;29;6;2022;11:25;1;13;2;1;1;6;43,5232300000;5,4330700000
202200010329;13;10;2022;18:10;1;81;2;4;1;3;43,9617930000;2,1898700000
202200010330;8;2;2022;19:45;5;75;2;1;1;3;48,8721120000;2,2738190000
202200010331;10;10;2022;15:20;1;80;2;1;1;6;49,8898200000;2,2831000000
202200010332;29;6;2022;17:40;1;10;2;1;1;3;48,2737607493;4,0941399336
202200010333;8;2;2022;12:15;1;75;2;1;1;7;48,8768480000;2,2972680000
202200010334;10;10;2022;16:40;1;80;2;1;1;6;49,9036400000;2,3229500000
202200010335;29;6;2022;16:50;1;10;2;1;1;3;48,3068548448;4,0950840712
202200010336;7;2;2022;19:00;5;94;2;2;1;3;48,7928000000;2,3977100000
202200010337;29;6;2022;15:11;1;10;2;1;1;3;48,2983192491;4,0689861774
202200010338;11;10;2022;17:40;1;80;2;1;1;4;49,8775600000;2,3125500000
202200010339;29;1;2022;16:20;1;94;2;9;8;7;48,8110000000;2,3640100000
202200010340;29;6;2022;13:45;1;05;1;1;1;6;44,5608706793;6,0555320978
202200010341;13;10;2022;12:50;1;78;2;2;1;6;48,9915200000;1,9106000000
202200010342;8;2;2022;07:55;2;94;2;3;1;3;48,7663600000;2,3357800000
202200010343;10;10;2022;17:55;1;77;1;1;1;7;48,5682700000;2,7110930000
202200010344;30;6;2022;20:45;1;04;2;3;1;3;44,0831300000;6,2058600000
202200010345;6;2;2022;10:20;1;94;2;1;2;6;48,8494600000;2,4573900000
202200010346;27;6;2022;19:00;1;02;2;9;1;3;49,3892100000;3,3131100000
202200010347;8;2;2022;10:20;1;94;2;3;8;3;48,8119500000;2,5107400000
202200010348;18;6;2022;10:10;1;02;2;1;1;2;49,3913000000;3,3408800000
202200010349;8;2;2022;09:30;1;94;2;1;1;6;48,7523681779;2,5203022956
202200010350;16;6;2022;08:05;1;02;2;1;1;6;49,3786900000;3,3094100000
202200010351;8;2;2022;09:00;1;93;2;2;1;3;48,9497500000;2,3863000000
202200010352;30;6;2022;14:15;1;75;2;1;1;5;48,8649100000;2,2676040000
202200010353;11;10;2022;19:40;1;76;1;1;1;6;49,4641100000;0,1834400000
202200010354;8;2;2022;13:40;1;93;2;9;1;6;48,9089593127;2,3442322251
202200010355;8;2;2022;12:10;1;93;2;1;1;3;48,8901541907;2,5101118684
202200010356;12;10;2022;18:00;1;72;1;1;1;4;48,0308100000;0,1873500000
202200010357;30;6;2022;01:45;5;75;2;3;1;3;48,8578700000;2,3362570000
202200010358;12;10;2022;04:45;4;72;1;9;1;3;48,0298400000;0,1798200000
202200010359;30;6;2022;22:50;5;75;2;3;1;6;48,8725360000;2,3785520000
202200010360;8;2;2022;16:10;1;93;2;1;1;5;48,8905600000;2,3999000000
202200010361;30;6;2022;10:10;1;75;2;1;2;2;48,8865940000;2,3991660000
202200010362;13;10;2022;07:10;5;71;2;6;5;3;46,6632800000;4,3409500000
202200010363;8;2;2022;16:15;1;93;2;2;8;3;48,8918940000;2,4448980000
202200010364;30;6;2022;10:15;1;75;2;1;2;6;48,8944665094;2,3772901297
202200010365;7;2;2022;17:50;1;93;2;3;1;3;48,8868468090;2,4704217911
202200010366;13;10;2022;07:25;2;71;2;2;5;3;46,6737600000;4,3739800000
202200010367;28;6;2022;23:25;5;75;2;2;1;3;48,8979770000;2,3443360000
202200010368;8;2;2022;17:50;5;93;2;1;1;3;48,8648326786;2,5296479115
202200010369;12;10;2022;19:40;2;71;2;2;1;3;46,7916000000;4,4295300000
202200010370;8;2;2022;20:50;5;93;2;1;1;6;48,9001200000;2,5606100000
202200010371;29;6;2022;23:10;5;75;2;2;1;3;48,8891330000;2,3227240000
202200010372;30;6;2022;15:20;1;75;2;1;8;6;48,8621570000;2,2935020000
202200010373;8;2;2022;13:57;1;93;2;1;1;6;48,9055500000;2,4648900000
202200010374;13;10;2022;18:55;5;69;2;9;2;6;45,7564552937;4,9094215035
202200010375;29;1;2022;12:40;1;93;2;1;1;6;48,9166676132;2,4210986495
202200010376;30;6;2022;09:45;1;75;2;3;2;3;48,8708100000;2,2880410000
202200010377;13;10;2022;11:15;1;69;2;3;1;3;45,7794200000;4,8605200000
202200010378;7;2;2022;08:20;1;92;2;9;1;6;48,8159588358;2,2782942206
202200010379;28;6;2022;23:20;5;75;2;3;1;6;48,8640420000;2,2903400000
202200010380;13;10;2022;11:20;1;69;2;3;1;3;45,9900600000;4,7071000000
202200010381;8;2;2022;14:10;1;92;2;9;1;4;48,8647350000;2,2190300000
202200010382;30;6;2022;14:10;1;75;2;1;2;4;48,8326580000;2,3034160000
202200010383;7;2;2022;10:10;1;92;2;7;1;2;48,8416736776;2,2213475034
202200010384;13;10;2022;19:15;5;69;2;9;2;3;45,7390200000;4,8920600000
202200010385;8;2;2022;16:45;1;92;2;1;1;6;48,8593137162;2,1835506856
202200010386;29;6;2022;19:24;1;75;2;3;1;6;48,8385220000;2,3226150000
202200010387;13;10;2022;08:30;1;67;2;3;1;6;48,5870200000;7,7465000000
202200010388;8;2;2022;11:40;1;92;2;6;1;3;48,9329326930;2,3019337356
202200010389;30;6;2022;20:50;2;75;2;2;1;3;48,8577822978;2,3709252477
202200010390;7;2;2022;18:10;1;92;2;3;1;3;48,9439286920;2,3035437316
202200010391;12;10;2022;17:45;2;66;1;1;1;4;42,6767200000;2,8682300000
202200010392;29;6;2022;23:40;5;75;2;7;1;3;48,8533480000;2,3703710000
202200010393;30;6;2022;17:27;1;75;2;4;1;6;48,8818000000;2,3449560000
202200010394;7;2;2022;13:45;1;92;2;1;1;3;48,8982135040;2,2629582881
202200010395;12;10;2022;16:54;1;66;2;6;1;1;42,7240100000;2,8982700000
202200010396;30;6;2022;11:55;1;75;2;1;3;6;48,8734130000;2,3276830000
202200010397;12;10;2022;14:06;1;66;2;1;1;6;42,7018100000;2,8916100000
202200010398;30;6;2022;15:00;1;75;2;1;8;2;48,8742540000;2,3158790000
202200010399;7;2;2022;23:40;5;92;2;2;1;2;48,9179554840;2,2239612490
202200010400;29;6;2022;12:47;1;75;2;2;1;3;48,8628220000;2,2809730000
202200010401;12;10;2022;07:05;5;64;2;6;1;2;43,4946700000; -1,5187800000
202200010402;30;6;2022;08:00;1;75;2;3;2;7;48,8624690000;2,3504400000
202200010403;8;2;2022;12:20;1;92;2;3;1;6;48,8978309147;2,3080301285
202200010404;11;10;2022;19:35;5;62;2;6;1;6;50,4133800000;2,9891000000
202200010405;29;6;2022;11:50;1;75;2;4;1;6;48,8647260000;2,3454520000
202200010406;8;2;2022;14:25;1;92;2;3;1;6;48,8461114472;2,2376489639
202200010407;30;6;2022;08:30;1;94;2;1;2;6;48,7789550000;2,3962640000
202200010408;8;2;2022;13:45;1;49;1;4;1;1;47,2034760000; -0,5993990000
202200010409;9;2;2022;11:00;1;31;1;1;7;1;43,3588230000;1,1202460000
202200010410;27;6;2022;18:00;1;94;2;2;1;3;48,7982400000;2,5168600000
202200010411;8;10;2022;09:30;1;62;2;3;1;6;50,9394100000;1,8639040000
202200010412;30;6;2022;10:45;1;94;2;1;2;2;48,8357350000;2,5127790000
202200010413;8;2;2022;19:07;3;83;1;1;1;4;43,1614560000;6,0496580000
202200010414;30;6;2022;07:30;1;94;2;1;2;4;48,8143680000;2,4644560000
202200010415;8;2;2022;11:15;1;01;2;9;1;1;46,2984340000;6,0718770000
202200010416;30;6;2022;12:05;1;94;2;1;2;7;48,7000000000;2,5400000000
202200010417;9;2;2022;14:30;1;54;1;2;1;3;49,0162689603;5,8479908091
202200010418;30;6;2022;12:00;1;94;2;3;2;6;48,7226284323;2,5352427363
202200010419;29;6;2022;17:40;1;94;2;2;1;2;48,7274600000;2,5395000000
202200010420;9;2;2022;07:45;1;47;1;2;1;5;44,5829790000;0,1663180000
202200010421;30;6;2022;17:00;1;93;2;1;1;6;48,9587700000;2,3588500000
202200010422;9;2;2022;16:12;1;69;2;3;7;6;45,6317380000;4,7830550000
202200010423;30;6;2022;22:30;5;93;2;3;1;3;48,9283870000;2,5185990000
202200010424;8;2;2022;08:30;1;51;1;1;1;3;49,0256490000;4,0217150000
202200010425;30;6;2022;09:00;1;93;2;8;2;3;48,9305700000;2,5154500000
202200010426;9;2;2022;08:47;1;74;2;9;1;6;45,9059290000;6,7059380000
202200010427;1;2;2022;08:25;1;44;2;1;1;6;47,3755560000; -1,1799090000
202200010428;30;6;2022;13:34;1;93;2;6;3;7;48,8434000000;2,5479700000
202200010429;9;2;2022;19:05;3;38;1;1;1;6;45,4781510000;5,6346610000
202200010430;9;2;2022;16:10;1;02;2;1;1;6;49,7434830000;3,2558160000
202200010431;30;6;2022;08:18;1;93;2;2;2;6;48,9581100000;2,2939700000
202200010432;8;2;2022;16:59;2;72;1;1;1;7;48,0388540000;0,4282200000
202200010433;30;6;2022;08:13;1;93;2;1;2;3;48,9111232709;2,3738508556
202200010434;29;6;2022;18:25;1;92;2;1;1;6;48,8504297547;2,2133953571
202200010435;8;2;2022;19:05;3;14;1;1;1;1;49,2061500000;0,1602350000
202200010436;28;6;2022;20:45;2;92;2;1;9;3;48,8550852313;2,1967045739
202200010437;8;2;2022;15:17;1;21;1;1;1;3;47,5176610000;4,1693810000
202200010438;30;6;2022;17:24;1;92;2;1;1;7;48,8170316465;2,3143488765
202200010439;8;2;2022;12:00;1;85;1;1;1;6;46,5164196000; -1,1528643900
202200010440;29;6;2022;17:06;1;92;2;1;1;6;48,9279508485;2,2500139475
202200010441;3;2;2022;22:15;5;17;2;1;1;7;45,3850990000; -0,5669440000
202200010442;8;2;2022;18:05;2;30;1;1;1;6;44,0243910000;4,1680080000
202200010443;30;6;2022;17:51;1;92;2;2;1;3;48,8999088698;2,3144518733
202200010444;5;2;2022;09:45;1;52;2;1;1;1;48,2560090000;5,3334710000
202200010445;30;6;2022;09:30;1;92;2;1;2;1;48,7794170698;2,2543124556
202200010446;7;2;2022;09:30;1;03;1;1;1;3;46,0856960000;3,1307820000
202200010447;30;6;2022;09:15;1;35;1;2;8;3;47,7954630000; -2,0092640000
202200010448;8;2;2022;17:13;2;34;2;1;1;6;43,5285020000;3,8651920000
202200010449;1;7;2022;15:53;1;01;1;3;7;3;45,9895230000;5,3439900000
202200010450;8;2;2022;15:00;1;01;1;1;1;3;46,1864340000;5,2985160000
202200010451;9;2;2022;13:00;1;06;2;1;1;3;43,5837370000;6,9902870000
202200010452;30;6;2022;20:20;1;16;1;2;1;3;45,6310850000; -0,2772760000
202200010453;1;7;2022;08:00;1;95;2;1;1;3;49,1549130000;2,2683870000
202200010454;8;2;2022;18:00;2;01;2;1;1;1;45,9502210000;5,4447720000
202200010455;28;6;2022;11:50;1;13;1;1;1;6;43,4229530000;4,8138840000
202200010456;8;2;2022;10:55;1;973;2;1;1;3;5,4854190000; -54,0306970000
202200010457;5;6;2022;22:20;5;972;1;4;1;1;14,4391270000; -60,8782590000
202200010458;9;2;2022;14:10;1;33;2;1;1;1;44,8529590000; -1,1033410000
202200010459;1;7;2022;12:30;1;76;1;1;1;3;49,5349020000;0,2320540000
202200010460;8;2;2022;07:55;1;30;1;1;1;6;44,1072290000;3,4822310000
202200010461;1;7;2022;19:32;1;30;1;1;1;1;44,0607391644;4,3962088376
202200010462;8;2;2022;17:40;2;83;2;6;1;6;43,4080910000;6,0490040000
202200010463;1;7;2022;11:10;1;2B;1;9;1;3;42,1266320000;9,5101850000
202200010464;9;2;2022;11:10;1;89;2;1;1;1;48,0309960000;3,6295650000
202200010465;22;6;2022;11:34;1;77;2;1;2;3;48,8016220000;3,2112760000
202200010466;12;1;2022;15:30;1;51;1;1;1;6;49,3379870000;3,7602420000
202200010467;1;7;2022;10:15;1;61;1;1;1;3;48,6827330000;0,0305880000
202200010468;9;2;2022;08:00;1;73;1;1;1;6;45,6256430000;6,7826240000
202200010469;30;6;2022;17:00;1;04;1;1;1;7;44,4090910000;6,3374810000
202200010470;8;2;2022;19:00;5;33;2;1;1;6;44,7585580000; -0,7336810000
202200010471;30;6;2022;08:35;1;19;1;1;1;1;45,4911790000;2,3323040000
202200010472;8;2;2022;11:45;1;22;2;1;1;6;48,5615130000; -3,1488130000
202200010473;1;7;2022;11:05;1;56;1;1;1;5;47,7953190000; -3,3407640000
202200010474;9;2;2022;14:00;1;27;1;3;1;3;49,1374520000;1,2817200000
202200010475;28;6;2022;19:40;1;56;1;1;1;1;47,6352920000; -3,0539630000
202200010476;8;2;2022;16:45;1;59;2;3;1;6;50,1204588611;3,4079772234
202200010477;1;7;2022;17:55;1;77;1;1;1;6;48,6886100000;3,1285760000
202200010478;7;2;2022;20:03;5;13;1;1;1;2;43,2950207662;5,4244454205
202200010479;30;6;2022;12:42;1;69;2;6;1;3;45,8149040000;4,8464190000
202200010480;8;2;2022;17:40;1;69;1;1;1;2;45,9046417074;4,8645879876
202200010481;5;2;2022;20:50;3;59;1;1;1;6;50,4208053629;3,4052279592
202200010482;1;7;2022;17:55;1;63;2;1;1;4;45,5514170000;3,2515240000
202200010483;4;2;2022;18:20;3;59;1;1;1;2;50,5321935980;3,0470323563
202200010484;28;6;2022;17:15;1;61;2;1;1;7;48,5847940000; -0,3669420000
202200010485;8;2;2022;19:45;3;92;1;1;1;3;48,7337741367;2,3159380943
202200010486;10;6;2022;18:00;1;61;1;1;1;6;48,9211170000;0,1481000000
202200010487;7;2;2022;18:20;3;91;1;1;1;2;48,6352620000;2,5312080000
202200010488;8;2;2022;07:30;4;94;1;1;1;2;48,7728445669;2,3453178748
202200010489;23;6;2022;16:20;1;55;2;1;1;6;48,8916940000;5,5410160000
202200010490;7;2;2022;23:42;3;91;1;1;1;2;48,6943200000;2,2317300000
202200010491;7;2;2022;20:00;3;94;1;1;1;2;48,7950700000;2,3443500000
202200010492;1;7;2022;13:45;1;42;1;1;1;6;45,9063000000;4,3121770000
202200010493;8;2;2022;08:15;1;78;1;1;8;6;48,7872120000;2,1479680000
202200010494;1;7;2022;10:25;1;42;1;4;1;1;45,8639770000;4,1941380000
202200010495;7;2;2022;17:50;2;78;1;1;1;2;48,8250800000;2,0745100000
202200010496;1;7;2022;15:25;1;68;2;1;1;7;47,5685020000;7,1455980000
202200010497;7;2;2022;14:40;1;78;1;1;1;6;48,9691650000;1,8641300000
202200010498;1;7;2022;14:55;1;25;1;1;1;1;46,8222000000;6,3698870000
202200010499;4;2;2022;20:15;5;78;1;1;1;4;48,7962810000;2,0300550000
202200010500;16;6;2022;15:25;1;29;1;1;1;1;47,9736910000; -3,7904760000
202200010501;8;2;2022;21:45;4;95;1;1;1;2;48,9660100000;2,2582600000
202200010502;1;7;2022;12:40;1;29;2;1;1;3;48,5987000000; -3,9355950000
202200010503;8;2;2022;14:15;1;93;1;1;1;7;48,8833923869;2,4698693137
202200010504;30;6;2022;19:30;1;29;1;1;1;6;48,1724966604; -3,9596529005
202200010505;8;2;2022;08:30;1;95;1;1;1;4;49,0333569892;2,1982473135
202200010506;1;7;2022;07:30;1;29;2;6;1;2;48,4258549592; -4,6162455082
202200010507;29;6;2022;07:30;1;26;1;1;1;2;44,8450550000;4,8607980000
202200010508;30;6;2022;23:10;3;58;1;1;1;6;47,1584650000;3,7447930000
202200010509;8;2;2022;07:30;3;92;1;1;1;2;48,9385801095;2,3013526425
202200010510;29;6;2022;11:00;1;66;1;1;1;5;42,5127190000;3,0796430000
202200010511;29;6;2022;15:25;1;72;2;9;1;3;47,7506030000;0,6211840000
202200010512;30;6;2022;18:15;1;14;1;1;1;3;49,0640676646; -0,5130762643
202200010513;30;6;2022;07:20;1;18;1;1;2;1;47,1667960000;2,4472110000
202200010514;1;7;2022;05:44;2;10;1;1;1;6;48,5739096710;3,5383272171
202200010515;30;6;2022;23:00;3;36;1;1;1;6;46,5999620000;1,9997530000
202200010516;30;6;2022;13:37;1;16;2;1;1;1;45,2708620000;0,0361350000
202200010517;29;6;2022;08:40;1;40;1;4;1;3;43,8968471579; -0,3885354996
202200010518;1;7;2022;13:50;1;85;1;4;1;1;46,8074760000; -2,0163330000
202200010519;1;7;2022;07:10;2;85;1;2;7;1;46,8162900000; -1,9996100000
202200010520;1;7;2022;16:30;1;85;1;1;1;1;46,6509310000; -1,0871740000
202200010521;1;7;2022;18:45;1;27;1;2;1;2;49,2408230000;0,9569160000
202200010522;30;6;2022;22:45;3;87;1;6;1;6;46,1077630000;0,9052130000
202200010523;1;7;2022;01:50;3;30;1;1;1;1;43,8550510000;4,1817890000
202200010524;16;6;2022;08:05;1;10;1;1;1;1;48,1305254524;4,6648091440
202200010525;19;6;2022;22:45;5;973;2;1;1;1;4,8770080000; -52,3372360000
202200010526;23;6;2022;11:00;1;06;1;6;2;7;43,6166750000;7,0382290000
202200010527;1;7;2022;14:50;1;06;1;1;1;7;43,7463090000;7,3799320000
202200010528;29;6;2022;16:30;1;69;2;6;1;2;45,7834390000;4,7131880000
202200010529;1;7;2022;04:40;3;30;1;1;1;5;43,8135800000;4,3582090000
202200010530;1;7;2022;21:30;2;27;1;1;1;7;49,1762050000;1,2438580000
202200010531;30;6;2022;16:15;1;91;1;1;8;3;48,5038250000;2,3721030000
202200010532;1;7;2022;14:00;1;91;2;1;1;5;48,5648400000;2,4368460000
202200010533;29;6;2022;15:05;1;83;1;9;1;2;43,1821390000;5,7772680000
202200010534;1;7;2022;08:20;1;83;2;3;1;3;43,3610950000;6,6733570000
202200010535;1;7;2022;15:40;1;13;1;1;1;1;43,7810290000;5,0118470000
202200010536;11;6;2022;10:30;1;13;1;1;1;2;43,6456193534;5,5943584442
202200010537;29;6;2022;19:50;2;21;1;3;7;1;47,2148425737;5,2652807235
202200010538;30;6;2022;23:30;3;03;1;1;1;6;46,5710980000;3,2763720000
202200010539;27;6;2022;18:00;1;73;1;1;2;7;45,5129403206;6,2058079541
202200010540;30;6;2022;21:40;2;42;1;1;3;6;45,6019310000;3,9537690000