Accident_Id;jour;mois;an;hrmn;lum;dep;agg;int;atm;col;lat;long
202200010541;30;6;2022;15:35;1;38;1;1;8;2;45,8528720000;5,4049840000
202200010542;30;6;2022;09:00;1;26;1;1;1;3;44,3597850000;4,7077610000
202200010543;1;7;2022;12:05;1;32;1;1;1;1;43,7574680000;0,6165750000
202200010544;29;6;2022;19:15;1;32;1;1;1;6;43,6872550000;0,5241890000
202200010545;1;7;2022;11:00;1;33;2;1;1;6;45,0449040000; -0,7971200000
202200010546;3;8;2022;07:30;1;21;1;1;1;6;47,3696059573;4,9622626975
202200010547;1;8;2022;09:50;1;37;1;1;1;6;47,3136900000;0,7605460000
202200010548;1;8;2022;07:00;1;91;1;1;1;7;48,7104540000;2,1567430000
202200010549;2;8;2022;17:55;1;51;1;1;1;7;49,2204040000;3,8218770000
202200010550;2;8;2022;16:35;1;19;1;7;1;6;45,5605560000;1,8158070000
202200010551;2;8;2022;13:30;1;56;1;1;1;1;47,8087380000; -3,4045710000
202200010552;3;8;2022;11:14;1;56;2;2;1;3;47,6691160000; -2,4464960000
202200010553;3;8;2022;15:10;1;80;1;2;1;3;50,0961510000;2,1476340000
202200010554;3;8;2022;11:25;1;82;1;1;1;6;43,7985710000;1,2223420000
202200010555;3;8;2022;11:30;1;65;1;1;1;7;43,0031490000;0,4644170000
202200010556;3;8;2022;13:15;1;63;1;1;1;7;45,6975648719;3,4429129958
202200010557;3;8;2022;16:00;1;61;2;1;7;6;48,5906690000; -0,6527310000
202200010558;2;8;2022;17:55;1;01;1;4;1;3;45,8644440000;5,6863150000
202200010559;1;8;2022;09:10;1;41;2;3;1;3;47,3914100000;1,2555900000
202200010560;3;8;2022;10:15;1;86;1;2;1;2;46,8255160000;0,1093380000
202200010561;2;8;2022;14:30;1;39;1;3;1;2;46,9916790000;5,3362070000
202200010562;3;8;2022;17:00;1;39;1;4;1;1;46,4920400000;5,6569080000
202200010563;3;8;2022;08:10;1;25;2;1;1;6;47,2103710000;5,9153440000
202200010564;3;8;2022;02:30;3;35;1;1;1;6;48,0649297355; -1,5617617965
202200010565;2;8;2022;21:40;2;29;1;1;1;6;47,8391650000; -4,2465430000
202200010566;3;8;2022;06:10;2;31;1;1;1;7;43,7372010000;1,5192300000
202200010567;2;8;2022;21:45;2;02;2;4;1;7;49,9995980000;3,3082850000
202200010568;3;8;2022;01:05;3;02;1;1;1;2;49,8658330000;3,2078740000
202200010569;27;7;2022;15:20;1;26;1;1;1;7;44,7307790000;5,2670860000
202200010570;3;8;2022;08:20;1;66;1;1;1;1;42,4679500120;2,0355606000
202200010571;1;8;2022;20:00;2;06;1;1;1;6;44,0178180000;7,1315000000
202200010572;3;8;2022;19:15;1;60;1;1;1;1;49,2809360000;2,3736160000
202200010573;30;7;2022;14:00;1;60;2;1;1;3;49,4368439850;1,8987700939
202200010574;2;8;2022;12:45;1;24;1;2;1;3;45,4158840000;0,3916940000
202200010575;17;5;2022;18:40;1;37;2;1;1;6;47,1248810000;0,9872510000
202200010576;2;8;2022;09:05;1;30;2;3;1;6;43,9616000000;3,8568000000
202200010577;3;8;2022;14:00;1;48;1;1;7;6;44,7212300000;3,7812040000
202200010578;2;8;2022;21:45;2;52;1;1;1;6;48,1157260000;5,0595260000
202200010579;2;8;2022;12:10;1;42;1;1;1;2;45,6696050000;4,1583250000
202200010580;2;8;2022;17:30;1;74;1;1;7;6;46,0561050000;6,5143080000
202200010581;1;8;2022;11:00;1;22;1;1;1;2;48,4760300000; -2,5825600000
202200010582;1;8;2022;10:00;1;68;2;3;1;2;47,7621260000;7,3970930000
202200010583;2;8;2022;12:30;1;987;2;3;1;7; -17,5770000000; -150,2020000000
202200010584;23;6;2022;12:15;1;66;2;2;1;3;42,6541300000;2,5866100000
202200010585;3;8;2022;00:00;3;66;1;1;1;2;42,8063120000;3,0311120000
202200010586;3;8;2022;08:00;1;34;1;2;1;7;43,2735180000;3,0780820000
202200010587;3;8;2022;19:30;1;83;1;1;1;3;43,2754670000;6,5447670000
202200010588;2;8;2022;12:05;1;83;1;1;1;5;43,4141780000;6,0507680000
202200010589;2;8;2022;07:28;1;13;1;1;7;2;43,4654690000;5,7289410000
202200010590;3;8;2022;17:30;1;89;1;1;1;6;48,0584630000;3,5955550000
202200010591;2;8;2022;10:42;1;71;1;9;1;3;46,8439610000;4,1952860000
202200010592;2;8;2022;14:28;1;88;1;4;1;6;48,0499290000;6,9870690000
202200010593;2;8;2022;11:40;1;42;2;1;1;6;45,6048850000;4,0658910000
202200010594;2;8;2022;19:15;1;38;1;1;7;7;45,0909440000;5,8550260000
202200010595;3;8;2022;12:55;1;69;1;3;1;3;45,6353350000;4,8593100000
202200010596;2;8;2022;20:00;1;40;1;3;1;3;43,6847880000; -1,1719320000
202200010597;21;3;2022;07:40;1;33;2;1;1;3;44,8417183173; -0,7750350237
202200010598;3;8;2022;15:20;1;61;1;9;1;2;48,5289830000; -0,0560690000
202200010599;2;8;2022;09:00;1;60;2;2;7;6;49,1945540000;2,4760240000
202200010600;2;8;2022;12:40;1;60;1;1;1;4;49,1768740000;2,2332380000
202200010601;2;8;2022;14:40;1;02;2;9;1;2;49,9242770000;4,0795270000
202200010602;3;8;2022;13:05;1;80;1;6;1;7;50,1714290000;1,6493870000
202200010603;3;8;2022;13:45;1;62;1;1;1;6;50,8773960000;1,7490850000
202200010604;23;7;2022;04:40;3;59;1;1;1;6;50,2907410000;3,3874960000
202200010605;2;8;2022;17:30;1;33;1;1;1;4;44,7301090000; -0,7265000000
202200010606;2;8;2022;10:25;1;92;1;1;1;2;48,7605590889;2,2843458463
202200010607;2;8;2022;08:30;1;91;1;1;1;2;48,6319300000;2,5071800000
202200010608;1;8;2022;11:25;1;91;1;1;1;7;48,6251400000;2,3027500000
202200010609;31;7;2022;07:17;2;92;1;1;1;6;48,8424553232;2,2221676172
202200010610;2;8;2022;14:15;1;95;1;1;1;2;48,9707616410;2,4837791920
202200010611;2;8;2022;11:50;1;93;1;1;1;7;48,9284112588;2,4157726764
202200010612;2;8;2022;08:45;1;93;1;1;1;2;48,9006900000;2,4700900000
202200010613;1;8;2022;15:30;1;94;1;1;1;6;48,8301463257;2,4891312295
202200010614;1;8;2022;10:10;1;94;1;1;1;4;48,8276988218;2,5065179704
202200010615;31;7;2022;22:40;5;987;2;1;1;3; -17,5306520000; -149,5681500000
202200010616;1;8;2022;08:45;1;976;2;1;1;6; -12,7821900000;45,2219000000
202200010617;1;8;2022;17:45;1;69;2;2;1;3;45,7549700000;4,8559900000
202200010618;1;8;2022;15:40;1;69;2;1;1;4;45,7411000000;4,8623600000
202200010619;31;7;2022;04:12;5;972;1;1;1;7;14,6252740000; -61,0247150000
202200010620;30;7;2022;21:00;5;972;2;1;1;6;14,6227500000; -61,0190390000
202200010621;1;8;2022;08:47;1;69;2;4;1;6;45,7174000000;4,8096000000
202200010622;1;8;2022;13:55;1;2B;1;1;1;2;42,5941130000;9,4389700000
202200010623;1;8;2022;18:35;1;2A;2;1;1;3;41,9485800000;8,7660100000
202200010624;1;8;2022;08:00;1;91;2;1;1;2;48,6877180000;2,3564510000
202200010625;31;7;2022;12:35;1;87;1;1;1;6;45,8376000000;1,2827000000
202200010626;30;7;2022;21:30;2;87;2;3;1;2;45,8259900000;1,2681800000
202200010627;1;8;2022;09:15;1;83;2;1;1;6;43,1210298602;5,9557271004
202200010628;30;7;2022;19:55;1;81;1;3;1;1;43,9269470000;2,2015330000
202200010629;15;6;2022;07:42;1;79;2;1;7;3;46,9599990000; -0,2093400000
202200010630;1;8;2022;13:30;1;78;1;9;1;1;48,9544900000;2,0200700000
202200010631;1;8;2022;20:10;2;76;2;2;1;3;49,4379900000;1,1473700000
202200010632;31;7;2022;12:50;1;76;2;1;2;6;49,4797000000;0,1624600000
202200010633;1;8;2022;02:35;5;74;2;6;1;2;46,1806100000;6,2354300000
202200010634;1;8;2022;18:05;1;74;2;1;1;6;45,9207400000;6,1329700000
202200010635;1;8;2022;00:05;5;73;2;2;1;1;45,6746403198;6,3878026354
202200010636;1;8;2022;11:15;1;69;2;2;1;1;45,7694300000;4,8872100000
202200010637;31;7;2022;14:00;1;67;2;1;1;6;48,5836800000;7,7146800000
202200010638;31;7;2022;07:02;1;67;2;1;1;6;48,6081200000;7,7419900000
202200010639;25;9;2022;19:50;5;67;2;4;1;3;48,5895900000;7,7409400000
202200010640;1;8;2022;14:05;1;64;2;3;1;3;43,3861373120; -1,6530749202
202200010641;31;7;2022;05:20;3;64;1;1;1;6;43,3565700000; -0,4417500000
202200010642;1;8;2022;13:30;1;64;2;1;1;3;43,4835200000; -1,5009500000
202200010643;29;7;2022;18:29;1;63;2;1;1;3;45,7913850234;3,0783482194
202200010644;29;7;2022;17:48;1;63;2;1;1;2;45,7762800000;3,0915000000
202200010645;26;6;2022;09:10;1;62;2;3;1;3;50,4224200000;2,7757700000
202200010646;1;8;2022;11:40;1;60;2;9;1;3;49,4427885462;2,0915133315
202200010647;1;8;2022;21:50;1;59;1;1;1;6;50,6549426211;2,9996068776
202200010648;16;7;2022;20:20;1;59;2;1;1;6;50,6341597181;3,0965289473
202200010649;31;7;2022;08:15;2;59;2;3;1;6;50,6588300000;3,0434900000
202200010650;1;8;2022;19:25;1;42;2;1;1;1;45,4126100000;4,3712600000
202200010651;29;7;2022;12:00;1;29;2;6;1;2;48,4139460000; -4,4795530000
202200010652;1;8;2022;07:10;1;17;1;1;7;4;46,1727500000; -1,1181700000
202200010653;1;8;2022;08:15;1;13;2;1;1;1;43,4606600000;5,3714500000
202200010654;1;8;2022;15:30;1;13;2;2;1;3;43,3292723947;5,3880379884
202200010655;1;8;2022;10:40;1;13;2;2;1;2;43,1908000000;5,6408600000
202200010656;1;8;2022;16:45;1;06;2;1;1;2;43,6543540000;6,9209230000
202200010657;30;7;2022;12:25;1;05;1;1;1;4;44,8702100000;6,6049300000
202200010658;1;8;2022;14:50;1;75;2;1;1;7;48,8653170000;2,4124090000
202200010659;1;8;2022;06:00;2;75;2;4;1;6;48,8883929461;2,2923821211
202200010660;31;7;2022;17:10;1;75;2;1;1;5;48,8821140000;2,4016940000
202200010661;27;7;2022;01:50;5;75;2;3;1;6;48,8879330000;2,3227090000
202200010662;1;8;2022;22:15;5;75;2;1;1;6;48,8294680000;2,3747490000
202200010663;1;8;2022;02:50;5;75;2;7;1;6;48,8349410000;2,4082290000
202200010664;31;7;2022;23:45;5;75;2;2;1;3;48,8710270000;2,3659080000
202200010665;1;8;2022;12:00;1;94;2;2;1;3;48,7884900000;2,3616900000
202200010666;1;8;2022;12:37;1;93;2;2;1;3;48,9092200000;2,3624200000
202200010667;1;8;2022;09:45;1;93;2;5;1;6;48,8722292801;2,4851587246
202200010668;1;8;2022;19:45;1;93;2;2;1;3;48,8643300000;2,5032800000
202200010669;1;8;2022;09:23;1;93;2;1;1;3;48,9528841632;2,3074415854
202200010670;1;8;2022;09:05;1;92;2;9;1;3;48,8841700000;2,2703200000
202200010671;1;8;2022;12:55;1;92;2;7;1;6;48,8335069184;2,2436034679
202200010672;31;7;2022;14:30;1;92;2;1;1;1;48,7396000000;2,2951300000
202200010673;1;8;2022;14:50;1;17;1;2;7;2;46,1715130000; -1,0038440000
202200010674;2;8;2022;10:50;1;84;1;1;1;3;44,2205230000;5,0076410000
202200010675;1;8;2022;07:10;1;59;2;3;1;3;50,9966540000;2,3352060000
202200010676;1;8;2022;22:50;3;44;1;1;1;2;47,3549800000; -1,8891300000
202200010677;1;8;2022;11:50;1;24;1;1;1;3;45,0052970000;0,2635650000
202200010678;31;7;2022;07:15;1;57;2;1;1;6;48,6958120000;7,0461900000
202200010679;1;8;2022;16:30;1;51;1;1;1;1;48,6950065946;3,8913595676
202200010680;20;11;2022;19:50;3;53;1;3;2;3;48,4512790000; -0,4620050000
202200010681;2;8;2022;18:45;1;74;1;1;1;1;46,0955830000;6,6079730000
202200010682;2;8;2022;09:40;1;79;1;2;1;3;46,2524530000; -0,1979520000
202200010683;21;11;2022;07:10;2;04;1;1;8;6;44,0350940000;5,9884450000
202200010684;30;7;2022;18:45;1;2A;1;3;7;3;42,0595770000;8,9661020000
202200010685;1;8;2022;22:15;5;65;1;3;1;6;42,8087850000;0,4213660000
202200010686;2;8;2022;04:45;3;11;1;1;1;1;43,2119560000;2,2565000000
202200010687;13;7;2022;12:25;1;35;1;3;1;5;48,6805020000; -1,9342540000
202200010688;21;11;2022;17:50;3;17;1;1;3;5;45,9624530000; -0,7599230000
202200010689;1;8;2022;17:30;1;29;1;1;1;4;48,2738320000; -4,2659890000
202200010690;20;11;2022;20:00;3;48;1;1;2;6;44,4095970000;3,1625180000
202200010691;1;8;2022;22:50;5;29;2;3;1;2;47,7965866027; -4,2842438221
202200010692;21;11;2022;09:55;1;88;1;1;8;7;48,3045320000;6,1518500000
202200010693;1;8;2022;18:40;1;29;1;1;1;4;47,8175510000; -4,2864670000
202200010694;26;7;2022;15:40;1;29;2;1;1;6;47,7931790000; -4,2856980000
202200010695;20;11;2022;21:40;3;973;1;1;1;2;4,7951600000; -52,3584800000
202200010696;2;8;2022;16:00;1;38;1;1;1;1;45,1160400000;5,2748110000
202200010697;21;11;2022;09:10;1;78;2;1;2;3;48,8407010000;2,0670890000
202200010698;16;11;2022;09:00;1;01;1;1;1;6;46,2715750000;5,0200490000
202200010699;30;7;2022;11:35;1;70;1;3;1;3;47,7927480000;6,3167340000
202200010700;30;7;2022;00:55;5;60;2;1;1;7;49,5806284326;3,0233838558
202200010701;20;11;2022;19:00;3;34;1;1;1;2;43,6549690000;3,8346020000
202200010702;31;7;2022;21:00;2;73;1;1;1;7;45,4831270000;5,7216420000
202200010703;2;8;2022;13:45;1;43;1;3;1;2;44,9602850000;3,8451080000
202200010704;21;11;2022;07:50;2;69;2;3;2;3;45,7667090000;4,7846210000
202200010705;2;8;2022;10:50;1;53;1;1;1;1;48,4139010000; -0,6639490000
202200010706;21;11;2022;06:00;3;06;1;1;1;1;43,6266790000;7,1164160000
202200010707;14;6;2022;17:15;1;53;1;2;1;3;47,8190620000; -0,7697080000
202200010708;20;11;2022;20:20;3;83;1;1;1;6;43,4569060000;5,8719350000
202200010709;1;8;2022;13:55;1;24;2;9;1;3;45,1316780000;1,2798350000
202200010710;21;11;2022;06:50;3;45;1;1;8;6;48,0900562458;3,0387283957
202200010711;1;8;2022;15:45;1;85;1;1;1;6;46,5293400000; -1,2975560000
202200010712;1;8;2022;19:00;1;23;1;1;1;7;46,2748987493;2,2453308105
202200010713;19;11;2022;21:00;3;973;1;1;1;7;5,4808270000; -53,2681670000
202200010714;1;8;2022;15:33;1;37;1;1;1;1;47,5574730000;0,3043450000
202200010715;20;11;2022;13:15;1;29;2;1;1;2;47,8692944508; -3,5357615946
202200010716;2;8;2022;10:30;1;30;2;6;1;2;43,7070310000;4,2673840000
202200010717;2;8;2022;19:55;1;30;1;1;1;1;43,9679090000;4,5056180000
202200010718;16;11;2022;15:25;1;29;2;1;3;4;47,8717090000; -3,5607290000
202200010719;1;8;2022;19:15;1;77;1;1;1;6;48,5755000000;2,7462820000
202200010720;20;11;2022;11:50;1;45;1;1;2;6;47,9662070000;2,2824310000
202200010721;18;7;2022;17:05;1;13;1;6;1;2;43,5425520000;5,2593130000
202200010722;31;7;2022;21:55;3;34;1;1;1;7;43,6583250000;3,8250660000
202200010723;2;8;2022;09:45;1;21;1;1;1;6;47,0344320756;5,1936291046
202200010724;21;11;2022;07:00;2;06;1;1;5;1;43,9518140000;6,8768740000
202200010725;30;7;2022;04:15;3;987;2;1;1;6; -16,3880000000; -151,7650000000
202200010726;28;7;2022;16:40;1;971;2;1;1;1;16,1458210000; -61,7650520000
202200010727;1;8;2022;21:15;3;77;1;1;1;6;48,8039060000;3,0016710000
202200010728;2;8;2022;17:00;1;2A;2;1;1;1;41,6034100000;9,2669030000
202200010729;2;8;2022;09:10;1;66;2;1;1;6;42,6960770000;2,7702930000
202200010730;21;11;2022;07:30;2;01;2;1;8;5;45,8122360000;4,9285670000
202200010731;2;8;2022;20:20;1;84;2;1;1;6;43,9278240000;5,0716120000
202200010732;2;8;2022;14:45;1;06;1;1;1;2;43,9041080000;7,1873550000
202200010733;20;11;2022;21:15;5;33;2;1;1;1;44,6408270000; -0,9523770000
202200010734;2;8;2022;08:00;1;05;2;6;1;3;44,6579390000;6,6449370000
202200010735;20;11;2022;19:30;3;85;1;1;1;1;46,7458600000; -1,8702940000
202200010736;2;8;2022;05:20;3;26;1;1;1;2;45,1198773684;4,8954568880
202200010737;7;7;2022;20:15;1;67;1;1;1;3;48,4498450000;7,5700520000
202200010738;20;11;2022;22:50;3;22;1;2;2;3;48,1783560000; -2,7786130000
202200010739;31;7;2022;06:50;2;57;2;3;1;6;49,2982000000;6,1098790000
202200010740;2;8;2022;11:30;1;57;1;1;1;1;49,2705039984;6,6389594572
202200010741;20;11;2022;00:20;3;13;1;1;1;7;43,2852690000;5,5150970000
202200010742;31;7;2022;11:00;1;73;1;3;1;3;45,2663470000;6,8132720000
202200010743;18;11;2022;21:10;3;69;1;1;2;2;45,7059100000;4,8323700000
202200010744;1;8;2022;14:45;1;73;1;1;1;3;45,5466310000;6,9074580000
202200010745;31;7;2022;07:00;2;38;1;1;1;6;45,5317110000;5,3180270000
202200010746;31;5;2022;12:45;1;13;1;2;1;3;43,4169490000;5,5172400000
202200010747;18;11;2022;23:00;3;69;1;1;2;2;45,6020700000;4,7971100000
202200010748;2;8;2022;17:20;1;26;2;1;1;1;44,4340560000;4,7152050000
202200010749;1;6;2022;17:40;1;25;2;1;1;6;47,4688946789;6,6959376633
202200010750;1;8;2022;13:00;1;14;1;6;1;2;48,9066680000; -0,2064174414
202200010751;31;5;2022;07:15;1;25;2;3;1;3;47,4801170000;6,7176510000
202200010752;30;7;2022;12:15;1;35;2;1;1;3;48,1837970000; -1,4362480000
202200010753;1;6;2022;09:15;1;38;1;1;1;3;45,5890520000;4,8071030000
202200010754;2;8;2022;17:20;1;27;2;1;7;3;49,1702150000;1,3499770000
202200010755;15;11;2022;18:25;3;42;1;1;8;4;45,4588300000;4,4065500000
202200010756;1;6;2022;16:00;1;69;2;3;1;6;45,8073060000;4,7804500000
202200010757;20;11;2022;13:03;1;91;1;1;2;7;48,6350000000;2,4010000000
202200010758;1;8;2022;10:00;1;33;1;1;1;2;44,7804900000; -0,6385700000
202200010759;1;6;2022;08:00;1;81;1;1;1;1;43,9255320000;1,9218130000
202200010760;1;6;2022;06:00;1;31;1;1;1;7;43,4962526047;1,3897005326
202200010761;20;11;2022;15:04;1;92;1;1;2;6;48,9380200000;2,2999500000
202200010762;1;8;2022;07:35;1;92;1;1;1;5;48,8484056577;2,2377362841
202200010763;23;5;2022;17:15;1;17;2;6;1;3;45,6978400000; -1,0512970000
202200010764;1;8;2022;15:00;1;93;1;1;1;2;48,8800996140;2,4509841307
202200010765;31;5;2022;14:30;1;22;1;1;1;7;48,5152260000; -2,0189740000
202200010766;20;11;2022;12:25;1;92;1;1;2;2;48,8323157105;2,1543841825
202200010767;1;8;2022;11:00;1;94;1;1;1;3;48,8268960991;2,5128994984
202200010768;31;5;2022;09:00;1;974;1;9;1;3; -21,3000000000;55,4350000000
202200010769;19;11;2022;20:15;3;92;1;1;2;4;48,8377471332;2,1898883645
202200010770;20;11;2022;07:00;3;78;1;1;1;6;48,9649000000;1,8014800000
202200010771;30;7;2022;17:10;2;974;2;1;1;5; -21,3483700000;55,5014900000
202200010772;30;5;2022;10:00;1;974;2;1;1;3; -20,9014400000;55,4436400000
202200010773;20;11;2022;14:00;1;95;1;1;2;6;49,0336115249;2,1043758974
202200010774;31;5;2022;19:00;1;69;1;1;1;6;45,6949650220;4,8446871321
202200010775;20;11;2022;02:32;5;93;1;1;1;6;48,9045700000;2,3586000000
202200010776;31;5;2022;13:50;1;69;2;3;2;3;45,7637500000;4,8686100000
202200010777;19;11;2022;21:20;4;93;1;1;9;6;48,9630043555;2,5223972297
202200010778;31;5;2022;11:30;1;972;2;1;1;6;14,6330900000; -60,9934400000
202200010779;19;11;2022;19:45;3;93;1;1;1;2;48,9145497516;2,4773225411
202200010780;31;5;2022;18:25;1;69;2;1;1;3;45,7748400000;4,8093900000
202200010781;31;5;2022;17:00;1;69;2;1;2;6;45,7805743791;4,8420529068
202200010782;18;11;2022;17:30;3;92;1;1;2;2;48,9436471157;2,2877561673
202200010783;10;6;2022;18:03;1;91;2;1;1;6;48,5966400000;2,4791400000
202200010784;31;5;2022;08:50;1;69;2;1;2;3;45,6971400000;4,8319000000
202200010785;23;8;2022;09:55;1;22;2;1;1;6;48,4898740000; -2,7433310000
202200010786;31;5;2022;17:00;1;971;1;9;1;4;16,2210200000; -61,5214400000
202200010787;23;7;2022;09:20;1;22;2;2;1;3;48,5003970000; -2,7235990000
202200010788;31;5;2022;08:00;1;91;2;3;1;3;48,7324720000;2,5120670000
202200010789;21;7;2022;13:50;1;22;1;1;1;2;48,4850500000; -2,7650700000
202200010790;30;5;2022;11:25;1;91;2;9;1;6;48,7030300000;2,4625900000
202200010791;23;11;2022;14:00;1;988;2;2;1;3; -22,2657400000;166,4412800000
202200010792;31;5;2022;17:30;1;91;2;2;1;3;48,6828540000;2,3348600000
202200010793;19;11;2022;05:18;1;988;2;1;1;3; -22,3034700000;166,4464800000
202200010794;18;11;2022;07:30;1;976;2;1;1;6; -12,7806300000;45,2293600000
202200010795;31;5;2022;13:30;1;91;2;2;1;3;48,6997321882;2,3573827744
202200010796;18;3;2022;00:45;3;78;1;1;1;2;48,8015700000;1,9492000000
202200010797;18;11;2022;09:55;1;974;2;1;1;3; -21,3036600000;55,4634000000
202200010798;27;5;2022;22:35;5;87;2;2;1;3;45,8211800000;1,2630000000
202200010799;18;11;2022;15:40;1;974;2;1;1;7; -20,8840800000;55,4277100000
202200010800;17;3;2022;22:20;5;33;2;3;1;6;44,8728500000; -0,5466800000
202200010801;19;11;2022;12:55;1;974;2;1;1;3; -20,9368600000;55,3004600000
202200010802;30;5;2022;17:33;1;87;2;1;1;6;45,8840000000;1,2945400000
202200010803;18;11;2022;14:20;1;974;1;1;1;7; -20,9514500000;55,2989500000
202200010804;16;3;2022;06:47;2;77;2;3;1;6;48,6049300000;2,5693700000
202200010805;31;5;2022;10:00;1;83;2;1;1;3;43,0937000000;5,8453800000
202200010806;18;11;2022;17:30;1;973;2;3;1;1;4,9307900000; -52,3054900000
202200010807;21;5;2022;22:10;5;83;1;6;1;7;43,1724160411;6,1180779934
202200010808;14;3;2022;18:00;1;50;2;3;1;3;49,1098664000; -1,0847059000
202200010809;18;11;2022;15:49;1;973;2;1;1;6;4,9306000000; -52,3056400000
202200010810;17;11;2022;13:25;1;973;2;1;1;6;4,9174400000; -52,3214000000
202200010811;25;5;2022;18:15;1;80;2;1;1;3;49,9037200000;2,3071700000
202200010812;10;3;2022;22:50;3;70;1;1;1;6;47,6387700000;6,1501370000
202200010813;21;4;2022;14:10;1;78;1;1;1;7;48,6518660000;1,8748200000
202200010814;19;11;2022;05:10;3;972;1;1;1;1;14,6285300000; -60,9899900000
202200010815;7;3;2022;15:40;1;62;2;1;1;6;50,4250450000;2,7760700000
202200010816;30;5;2022;20:30;1;78;2;1;1;6;48,9241030000;2,0296110000
202200010817;19;11;2022;16:14;1;69;2;8;1;3;45,7429955902;4,8210060596
202200010818;14;1;2022;14:50;1;71;2;6;1;3;46,6449765665;4,3212949767
202200010819;8;1;2022;12:31;1;02;1;1;1;3;49,6438830000;3,2634570000
202200010820;19;11;2022;11:05;1;69;2;1;8;5;45,7209300000;4,7970200000
202200010821;31;5;2022;08:45;1;77;2;6;1;6;48,8747800000;2,8032300000
202200010822;17;11;2022;06:10;3;69;1;1;1;6;45,7289971200;4,8155254125
202200010823;17;3;2022;17:00;2;988;1;1;2;4; -22,2576900000;166,4470000000
202200010824;19;11;2022;13:15;1;2B;2;1;1;7;42,6776300000;9,4437000000
202200010825;31;5;2022;21:15;2;76;2;1;1;3;49,4139500000;1,0717200000
202200010826;25;12;2022;08:45;1;59;2;8;2;3;50,6637500000;3,1301600000
202200010827;18;11;2022;04:22;5;2B;2;1;2;6;42,6828000000;9,4444400000
202200010828;14;3;2022;18:35;5;988;2;3;1;3; -22,3006700000;166,4379400000
202200010829;17;11;2022;17:30;5;95;2;1;8;6;49,0319642309;2,4589687586
202200010830;31;5;2022;17:30;1;76;2;2;1;3;49,4440000000;1,0850000000
202200010831;25;12;2022;18:40;5;38;2;3;1;3;45,1694800000;5,7234700000
202200010832;14;3;2022;18:25;2;974;2;2;1;3; -20,9729300000;55,6569000000
202200010833;25;12;2022;07:40;2;38;2;2;5;3;45,1924100000;5,6948900000
202200010834;16;3;2022;15:15;1;974;2;2;1;3; -20,9303300000;55,2934100000
202200010835;30;5;2022;09:30;1;74;2;1;1;5;46,1884500000;6,2670300000
202200010836;23;12;2022;17:20;2;26;1;1;9;2;44,9563300000;4,9354880000
202200010837;25;12;2022;15:40;1;25;1;1;8;3;47,2619500000;6,0052600000
202200010838;14;3;2022;12:00;1;973;2;2;2;3;4,9310200000; -52,3132800000
202200010839;31;5;2022;13:10;1;71;1;1;1;2;46,6855600000;4,3551200000
202200010840;25;12;2022;16:50;2;22;1;1;2;2;48,5230800000; -2,8186600000
202200010841;19;11;2022;16:00;1;91;2;1;1;6;48,6681600000;2,3369500000
202200010842;14;3;2022;16:30;1;69;2;2;1;3;45,7278000000;4,8243000000
202200010843;31;5;2022;14:15;1;71;2;1;1;6;46,7803700000;4,8529500000
202200010844;25;12;2022;18:45;5;13;2;1;1;2;43,3965000000;5,2458000000
202200010845;16;11;2022;20:20;5;91;2;9;2;6;48,7189880000;2,2426690000
202200010846;14;3;2022;07:50;2;69;2;3;1;3;45,7470101064;4,8389196396
202200010847;31;5;2022;16:20;1;69;1;1;1;3;45,9978000000;4,7338200000
202200010848;25;12;2022;07:55;1;13;2;1;9;1;43,2349768734;5,4111779171
202200010849;18;11;2022;04:55;5;87;2;3;1;3;45,8246400000;1,2279900000
202200010850;13;3;2022;20:30;5;69;2;9;2;3;45,7497500000;4,8709900000
202200010851;16;11;2022;17:06;1;87;2;1;2;7;45,8385600000;1,2568300000
202200010852;25;12;2022;20:30;5;13;2;6;1;2;43,5001400000;4,9668800000
202200010853;17;3;2022;18:00;1;972;1;1;1;2;14,6004100000; -61,0484200000
202200010854;18;11;2022;08:05;2;86;1;1;9;2;46,6320960000;0,2783470000
202200010855;25;12;2022;07:20;2;06;2;2;1;3;43,6590200000;7,1627300000
202200010856;17;11;2022;15:30;1;78;2;1;8;6;48,9211100000;2,1861300000
202200010857;17;3;2022;15:15;1;69;2;3;1;3;45,7682558416;4,8156846939
202200010858;29;5;2022;02:00;5;67;2;3;1;3;48,6106300000;7,7339100000
202200010859;26;12;2022;20:00;5;75;2;3;1;2;48,8375940000;2,3544030000
202200010860;17;3;2022;10:30;1;69;2;2;1;3;45,7853900000;4,8105800000
202200010861;26;12;2022;13:50;1;75;2;3;2;3;48,8415820000;2,4048790000
202200010862;30;5;2022;23:29;5;66;2;3;2;3;42,6993106465;2,8897224739
202200010863;19;11;2022;21:05;5;77;2;2;1;3;48,8537000000;2,7735000000
202200010864;17;3;2022;08:45;1;69;1;1;8;3;45,8265000000;4,9175500000
202200010865;26;12;2022;00:50;5;75;2;3;1;4;48,8647812232;2,4101136625
202200010866;28;5;2022;15:22;1;66;1;1;1;4;42,6942400000;2,8495500000
202200010867;19;11;2022;13:00;1;72;2;9;1;3;48,0056400000;0,2016900000
202200010868;14;3;2022;09:40;1;69;2;1;1;2;45,7833321126;4,8006498814
202200010869;31;5;2022;12:10;1;64;1;1;1;2;43,3922970000; -1,6958300000