Accident_Id;jour;mois;an;hrmn;lum;dep;agg;int;atm;col;lat;long
202200010870;18;11;2022;15:45;1;72;2;1;1;2;47,9858800000;0,1635600000
202200010871;8;3;2022;16:00;1;69;2;2;1;5;45,7573000000;4,8365700000
202200010872;26;12;2022;18:20;5;75;2;2;8;4;48,8666600000;2,3333300000
202200010873;18;11;2022;09:35;1;72;2;9;1;3;47,9923900000;0,2162400000
202200010874;30;5;2022;17:10;1;64;2;9;1;6;43,2849200000; -0,3780600000
202200010875;16;3;2022;18:00;5;971;1;1;1;1;16,2583500000; -61,4606800000
202200010876;26;12;2022;19:00;5;75;2;7;1;2;48,8731822878;2,3314538598
202200010877;18;11;2022;15:55;1;71;2;1;2;1;46,6663500000;4,3584100000
202200010878;28;5;2022;20:15;1;64;2;1;1;3;43,5010598368; -1,4458340406
202200010879;13;3;2022;21:35;5;971;2;6;1;3;16,2518752696; -61,5210744739
202200010880;23;12;2022;05:15;5;75;2;2;8;2;48,8640781792;2,3201320223
202200010881;16;11;2022;15:40;1;71;2;1;1;7;46,8029400000;4,4479100000
202200010882;27;2;2022;21:00;5;971;2;1;2;6;16,2501517087; -61,5229654312
202200010883;26;12;2022;17:30;5;75;2;2;1;2;48,8517580000;2,3670030000
202200010884;31;5;2022;08:03;1;63;2;3;1;6;45,7876000000;3,1057100000
202200010885;19;11;2022;18:45;3;69;2;6;1;2;45,7706200000;4,8634200000
202200010886;31;5;2022;08:55;1;59;2;1;1;6;50,6055000000;3,1497300000
202200010887;13;3;2022;15:30;1;971;2;1;1;4;16,2764300000; -61,5013100000
202200010888;26;12;2022;14:25;1;75;2;7;8;7;48,8673850000;2,3633150000
202200010889;18;11;2022;17:15;5;69;2;1;1;6;45,7742700000;4,9277500000
202200010890;14;3;2022;08:35;1;95;2;1;1;6;49,0136200000;2,0274300000
202200010891;26;12;2022;18:25;5;94;2;1;1;6;48,7862050000;2,3626870000
202200010892;30;5;2022;15:50;1;59;2;1;1;3;50,6553900000;3,1075500000
202200010893;18;11;2022;07:40;1;69;1;1;1;2;45,7540300000;4,9729900000
202200010894;30;5;2022;16:20;1;59;2;1;1;6;50,3326051627;3,2583260536
202200010895;26;12;2022;14:00;1;94;2;3;2;3;48,8026470000;2,3813810000
202200010896;18;11;2022;19:00;5;69;2;3;3;1;45,9807868492;4,7157378495
202200010897;16;3;2022;12:00;1;91;2;2;1;3;48,6626700000;2,4177200000
202200010898;29;5;2022;04:35;5;56;2;1;1;6;47,7383100000; -3,4434900000
202200010899;25;12;2022;12:25;1;94;2;1;1;3;48,7718200000;2,3605300000
202200010900;14;3;2022;12:30;1;91;2;4;1;1;48,6646700000;2,4195900000
202200010901;19;11;2022;16:30;1;69;2;6;2;3;45,7072300000;4,8983500000
202200010902;28;5;2022;21:35;5;56;2;2;1;6;47,7570600000; -3,3458400000
202200010903;14;3;2022;10:05;1;91;2;3;1;3;48,6972700000;2,5236000000
202200010904;26;12;2022;18:00;5;93;2;2;1;6;48,8509600000;2,4242300000
202200010905;28;5;2022;02:35;5;56;2;4;1;6;47,7543100000; -3,3712800000
202200010906;14;3;2022;09:15;1;91;2;1;1;3;48,6876490000;2,3962840000
202200010907;26;12;2022;09:30;1;93;2;1;1;6;48,8632107506;2,4603336212
202200010908;19;11;2022;12:05;1;69;2;2;8;4;45,7082500000;4,9181100000
202200010909;30;5;2022;13:00;1;56;2;1;1;6;47,8033700000; -3,2671500000
202200010910;17;11;2022;19:15;5;67;2;1;3;6;48,6130700000;7,7642000000
202200010911;14;3;2022;14:05;1;91;2;1;1;2;48,7175400000;2,3997200000
202200010912;26;12;2022;19:15;5;93;2;3;1;3;48,9589977817;2,2902388297
202200010913;11;3;2022;19:30;5;91;2;2;2;6;48,6309420000;2,4250640000
202200010914;17;11;2022;16:55;5;67;2;1;1;3;48,5814500000;7,7371000000
202200010915;30;5;2022;13:30;1;56;2;2;1;3;47,7383340000; -3,3840774000
202200010916;26;12;2022;11:20;1;93;2;1;1;3;48,9441500000;2,4176200000
202200010917;31;5;2022;21:30;2;51;2;1;1;3;49,2241187384;4,0248799324
202200010918;13;3;2022;17:45;1;91;2;1;1;3;48,4346900000;2,1690900000
202200010919;26;12;2022;09:00;1;92;2;2;1;6;48,8149747544;2,3092837930
202200010920;15;11;2022;19:30;3;66;1;1;1;2;42,7090600000;2,9759900000
202200010921;16;3;2022;11:27;1;87;1;1;1;2;45,8950300000;1,2920800000
202200010922;15;11;2022;18:30;5;66;2;1;1;6;42,6661281837;2,8867703676
202200010923;25;12;2022;22:11;5;92;2;2;1;2;48,8938757332;2,2833916247
202200010924;31;5;2022;21:20;2;51;2;3;1;2;49,2266108400;4,0241423249
202200010925;14;3;2022;16:20;1;87;2;3;1;6;45,8817500000;1,2991400000
202200010926;14;11;2022;18:40;5;66;2;1;1;6;42,6874565909;2,9083245993
202200010927;15;3;2022;16:16;1;87;2;1;1;3;45,8451700000;1,2399300000
202200010928;26;12;2022;11:05;1;11;1;1;1;2;43,2277570000;2,1315190000
202200010929;31;5;2022;06:35;1;50;2;1;1;6;49,6267900000; -1,6345300000
202200010930;19;11;2022;12:45;1;64;2;3;1;1;43,2942400000; -0,3588600000
202200010931;13;3;2022;12:33;1;87;2;1;2;6;45,8018900000;1,2937400000
202200010932;26;12;2022;14:20;1;11;1;1;1;2;43,2802520000;1,9842340000
202200010933;18;11;2022;17:06;1;64;1;1;2;2;43,3266100000; -0,3270600000
202200010934;14;3;2022;07:44;1;87;2;1;1;3;45,8371800000;1,2288400000
202200010935;27;5;2022;20:20;1;50;2;1;1;7;49,6349400000; -1,5914500000
202200010936;18;11;2022;07:40;2;64;2;6;8;4;43,3580000000; -0,4143400000
202200010937;31;5;2022;07:45;1;49;2;1;1;3;47,4248700000; -0,5251300000
202200010938;26;12;2022;21:15;3;29;1;9;8;6;48,2124209193; -4,0489944482
202200010939;11;3;2022;16:21;1;87;1;3;1;2;45,8481500000;1,3465000000
202200010940;12;3;2022;06:00;2;84;2;1;2;7;43,9313200000;4,8263600000
202200010941;31;5;2022;14:05;1;45;2;1;1;6;47,9195200000;1,9020400000
202200010942;19;11;2022;20:01;5;64;2;6;2;2;43,5046900000; -1,4467700000
202200010943;27;12;2022;07:50;3;76;1;1;1;4;49,7056286365;1,3738274574
202200010944;16;3;2022;14:40;1;83;1;1;1;6;43,1375300000;6,0099500000
202200010945;18;11;2022;08:34;1;64;2;1;2;6;43,4946900000; -1,4671700000
202200010946;31;5;2022;04:55;5;42;2;3;1;1;46,0243000000;4,0870400000
202200010947;26;12;2022;22:54;3;17;1;1;1;7;46,2337060000; -1,1248860000
202200010948;13;11;2022;06:04;5;63;2;1;1;6;45,7658190105;3,0684015155
202200010949;16;3;2022;10:48;1;83;2;1;1;2;43,1067700000;5,8722300000
202200010950;27;12;2022;04:10;3;42;1;1;2;6;45,4847030000;4,5617940000
202200010951;31;5;2022;07:55;1;37;2;2;1;7;47,3533571890;0,6977874041
202200010952;13;3;2022;11:00;1;83;1;2;2;3;43,1134400000;6,1296700000
202200010953;10;11;2022;14:32;1;63;2;8;1;3;45,7942700000;3,1172600000
202200010954;24;12;2022;19:15;3;19;1;1;1;6;45,1128380000;1,7817910000
202200010955;30;5;2022;17:00;1;37;2;6;1;3;47,4189991871;0,6737011671
202200010956;15;3;2022;17:10;1;83;2;1;1;1;43,5351490000;6,4913350000
202200010957;18;11;2022;17:30;5;59;2;3;1;6;50,1983764782;3,8312458992
202200010958;27;12;2022;16:10;1;2B;1;1;1;1;42,5382830000;8,8026240000
202200010959;30;5;2022;12:10;1;37;2;3;1;1;47,4233574123;0,7084216923
202200010960;15;3;2022;11:55;1;80;2;1;1;4;49,8887800000;2,2875500000
202200010961;25;12;2022;18:30;3;82;1;1;1;6;44,1598410000;1,2492600000
202200010962;18;11;2022;12:30;1;59;2;4;1;2;50,6075200000;3,0213800000
202200010963;27;5;2022;16:57;1;36;2;1;1;6;46,7952719185;1,6943956912
202200010964;15;11;2022;16:45;2;59;2;1;3;6;50,6275731745;3,0885341763
202200010965;15;3;2022;22:30;5;80;2;1;1;4;49,8893100000;2,2776100000
202200010966;11;3;2022;08:56;1;80;2;1;7;6;49,8850700000;2,3185500000
202200010967;18;11;2022;09:30;1;59;2;2;1;3;50,6158950189;3,0102270842
202200010968;6;5;2022;10:16;1;36;2;6;1;3;46,8026700000;1,7040500000
202200010969;17;3;2022;15:40;1;80;2;1;1;7;50,0962498864;1,8372595310
202200010970;19;11;2022;09:45;1;56;2;6;1;6;47,7453800000; -3,3677760000
202200010971;26;12;2022;19:55;5;71;2;7;2;6;46,6303610000;5,2211560000
202200010972;30;5;2022;16:35;1;35;2;1;1;3;48,1237400000; -1,5978500000
202200010973;27;12;2022;04:30;3;71;1;1;1;6;46,7585620000;4,3325690000
202200010974;14;3;2022;08:02;1;78;2;6;1;3;48,9679480000;1,8502310000
202200010975;19;11;2022;18:00;5;54;2;2;1;1;48,6682894266;6,1475533247
202200010976;22;12;2022;18:51;4;22;2;4;1;3;48,1906350000; -2,4005290000
202200010977;17;3;2022;17:05;1;78;2;7;1;6;48,9336000000;2,0399000000
202200010978;19;11;2022;16:10;1;54;2;1;1;3;48,7010300000;6,2094200000
202200010979;31;5;2022;23:00;5;34;2;1;1;5;43,5924339990;3,8904745790
202200010980;23;12;2022;10:05;1;38;2;9;8;6;45,2029960000;5,7635150000
202200010981;13;3;2022;11:50;1;77;2;2;1;3;48,8573400000;2,5859700000
202200010982;27;12;2022;14:50;1;01;1;1;1;7;46,4085630000;4,9847250000
202200010983;29;5;2022;20:30;1;34;2;3;1;3;43,3445700000;3,2320200000
202200010984;26;12;2022;16:55;1;26;1;1;1;6;44,6763890000;5,3944270000
202200010985;11;3;2022;14:00;1;77;2;1;2;1;48,5711920000;2,6342910000
202200010986;27;12;2022;17:15;5;06;1;1;1;6;43,7314330000;7,3803180000
202200010987;18;11;2022;18:15;5;53;2;1;1;2;48,0695800000; -0,7705800000
202200010988;31;5;2022;16:25;1;29;1;6;1;3;47,9788600000; -4,0947000000
202200010989;26;12;2022;17:11;3;60;1;1;8;1;49,4712796317;2,9728892768
202200010990;25;12;2022;15:50;1;53;1;1;1;6;48,2426600000; -0,1720210000
202200010991;20;11;2022;00:30;5;51;2;2;9;7;49,2514700000;4,0416900000
202200010992;29;5;2022;12:10;1;29;2;1;1;3;48,0100000000; -4,1049500000
202200010993;21;12;2022;17:15;3;08;2;1;3;6;49,9316730000;4,6409890000
202200010994;18;11;2022;15:40;1;51;2;1;1;3;49,2188900000;4,0345800000
202200010995;30;5;2022;07:47;1;29;2;1;1;2;48,3974840000; -4,5307430000
202200010996;26;12;2022;17:49;3;88;2;1;3;6;48,4063360000;6,8449170000
202200010997;16;11;2022;12:40;1;51;2;7;2;7;49,2552500000;4,0270700000
202200010998;14;3;2022;19:00;5;77;2;1;1;3;48,8590500000;2,7583500000
202200010999;18;11;2022;14:45;1;49;2;1;1;6;47,0688400000; -0,8799600000
202200011000;30;5;2022;08:25;1;27;2;6;1;3;49,0966600000;1,4751400000
202200011001;13;12;2022;08:42;1;71;1;1;2;2;46,4859170000;5,3086070000
202200011002;16;11;2022;18:50;5;49;2;3;3;6;47,0621900000; -0,8806400000
202200011003;17;3;2022;08:45;1;77;1;1;1;2;48,4292100000;2,6625400000
202200011004;26;12;2022;15:20;1;06;2;5;1;6;43,6257000000;7,0057150000
202200011005;30;5;2022;19:25;1;25;2;1;1;4;47,2585510000;6,0100790000
202200011006;19;11;2022;12:20;1;49;2;1;1;3;47,5068700000; -0,5898100000
202200011007;23;12;2022;16:55;2;72;1;1;1;2;47,9076550000; -0,0898650000
202200011008;17;3;2022;02:40;5;76;2;2;2;3;49,4983800000;0,1312000000
202200011009;18;11;2022;19:50;5;49;2;1;1;3;47,4588100000; -0,5329600000
202200011010;30;5;2022;13:00;1;22;1;4;1;3;48,7445170179; -3,5006590784
202200011011;12;3;2022;02:05;5;76;2;6;1;6;49,4915700000;0,1328700000
202200011012;26;12;2022;10:50;1;06;1;1;1;3;43,7212460000;7,2175080000
202200011013;18;11;2022;08:11;2;49;1;3;1;3;47,4706800000; -0,4528200000
202200011014;23;12;2022;23:05;5;987;2;1;1;1; -16,5037830000; -151,7483610000
202200011015;17;11;2022;14:07;1;49;2;1;1;3;47,4478300000; -0,5083500000
202200011016;31;5;2022;17:50;1;13;2;3;1;1;43,2856589311;5,4420115229
202200011017;17;11;2022;07:10;2;49;2;1;2;6;47,4544000000; -0,5673300000
202200011018;25;12;2022;03:30;1;973;1;1;2;6;5,4102620000; -53,7102700000
202200011019;16;3;2022;16:30;1;74;2;9;8;6;46,1941930000;6,2453820000
202200011020;18;11;2022;08:00;2;45;2;6;1;3;47,8679600000;1,9576200000
202200011021;24;12;2022;18:30;3;971;2;1;1;1;16,3244640000; -61,4460720000
202200011022;31;5;2022;11:20;1;13;2;3;1;3;43,2614400000;5,3936000000
202200011023;13;3;2022;19:12;5;73;2;6;2;6;45,6965400000;5,9073800000
202200011024;18;11;2022;18:20;5;44;2;1;1;3;47,2096700000; -1,5294500000
202200011025;24;12;2022;18:30;4;971;1;1;1;2;16,2912660000; -61,5031810000
202200011026;16;11;2022;14:00;1;43;2;1;1;6;45,0473520000;3,9270090000
202200011027;31;5;2022;08:20;1;13;2;3;1;3;43,2853339993;5,5905479193
202200011028;13;3;2022;14:50;1;71;2;2;3;3;46,6620000000;4,3610500000
202200011029;26;12;2022;18:45;3;971;1;1;1;1;15,9651460000; -61,2868240000
202200011030;16;3;2022;20:00;5;71;2;1;1;3;46,3090700000;4,8287700000
202200011031;14;11;2022;20:20;3;42;1;1;2;1;45,4212500000;4,3235700000
202200011032;27;12;2022;13:27;1;78;2;1;1;6;49,0794040000;1,6004390000
202200011033;16;3;2022;18:15;1;71;2;3;1;3;46,3042585316;4,8345610499
202200011034;5;10;2022;17:05;1;39;2;3;7;3;46,6807880000;5,5577610000
202200011035;31;5;2022;06:05;2;07;2;6;2;7;44,9327500000;4,8799000000
202200011036;27;12;2022;15:15;1;34;1;3;1;1;43,6917760000;4,1624580000
202200011037;18;11;2022;19:00;5;37;2;1;1;6;47,4062400000;0,7030300000
202200011038;17;3;2022;21:00;5;69;2;1;1;2;45,7699900000;4,9030700000
202200011039;26;12;2022;21:15;3;34;1;1;1;6;43,6694700000;4,1539480000
202200011040;17;11;2022;10:45;1;37;2;1;2;7;47,3950400000;0,7043200000
202200011041;29;5;2022;14:00;1;06;2;2;1;3;43,5689500000;7,0174900000
202200011042;17;3;2022;20:30;5;69;2;6;1;6;45,7741600000;4,8677800000
202200011043;26;12;2022;20:00;3;38;1;2;1;3;45,5862780000;4,9558000000
202200011044;29;5;2022;07:00;1;06;2;1;1;1;43,6593990000;7,1676250000
202200011045;18;11;2022;15:30;1;35;1;1;8;4;48,1147010000; -1,7189880000
202200011046;10;3;2022;17:25;1;69;2;1;1;3;45,7497630637;4,9126912558
202200011047;25;12;2022;19:15;4;33;2;1;1;6;44,9543140000; -0,5191630000
202200011048;21;5;2022;16:20;1;04;2;1;1;6;43,8426100000;5,7720000000
202200011049;18;11;2022;19:00;5;34;2;2;1;3;43,6239300000;3,8620800000
202200011050;17;3;2022;16:30;1;69;2;1;1;3;45,9961400000;4,7190700000
202200011051;27;12;2022;12:05;1;50;1;1;1;1;49,0863710000; -1,0914550000
202200011052;31;5;2022;08:00;1;75;2;4;1;3;48,8608880000;2,2639670000
202200011053;19;11;2022;18:25;5;33;2;3;1;3;44,8203300000; -0,5963600000
202200011054;16;3;2022;18:30;1;69;2;3;1;3;45,9943200000;4,7371500000
202200011055;18;11;2022;23:00;5;33;2;1;3;2;44,8333200000; -0,5742200000
202200011056;18;11;2022;18:15;5;33;2;1;2;6;44,8397285934; -0,5798262656
202200011057;24;12;2022;16:15;2;27;1;2;1;3;48,9700230000;0,8158180000
202200011058;30;5;2022;15:45;1;75;2;1;1;4;48,9004814525;2,3248908323
202200011059;17;3;2022;09:10;1;67;2;3;1;3;48,5893600000;7,7355800000
202200011060;18;11;2022;17:15;1;33;2;3;8;3;44,8798600000; -0,5136500000
202200011061;30;5;2022;09:20;1;75;2;1;1;2;48,8987260000;2,3158770000
202200011062;16;3;2022;08:20;1;66;2;1;3;2;42,6932173176;2,8910712898
202200011063;18;11;2022;13:40;1;33;2;1;8;6;44,8672784513; -0,5217137933
202200011064;27;12;2022;14:40;1;80;1;1;1;1;49,6563430000;2,5056550000
202200011065;12;3;2022;22:03;5;66;2;1;3;6;42,7021300000;2,9128900000
202200011066;17;11;2022;19:15;5;33;2;3;2;5;44,8001600000; -0,6066500000
202200011067;29;5;2022;02:05;5;75;2;3;1;6;48,8584736489;2,3425171809
202200011068;17;11;2022;17:30;1;33;2;2;2;3;44,8492414274; -0,6790012121
202200011069;13;3;2022;16:25;1;64;2;1;1;3;43,4647800000; -1,5273500000
202200011070;23;12;2022;08:00;3;59;1;1;2;5;50,5650120000;3,1355810000
202200011071;31;5;2022;20:00;1;75;2;2;1;3;48,8488507416;2,3993348651
202200011072;18;11;2022;02:40;5;31;2;1;3;3;43,6473900000;1,4202200000
202200011073;26;12;2022;13:29;1;91;1;1;1;2;48,7434100000;2,1886500000
202200011074;17;3;2022;21:25;3;62;2;1;1;1;50,7384770000;2,2545710000
202200011075;26;12;2022;05:09;3;91;1;1;1;6;48,7108500000;2,2889100000
202200011076;18;11;2022;07:54;2;29;1;1;1;4;47,9765457300; -4,0928524732
202200011077;31;5;2022;13:40;1;75;2;2;1;3;48,8921560000;2,3750960000
202200011078;17;3;2022;12:28;1;62;2;9;1;3;50,4724800000;2,5780300000
202200011079;25;12;2022;21:30;5;92;1;1;1;6;48,8299065434;2,1484345039
202200011080;31;10;2022;16:40;1;29;2;3;2;6;48,5775400294; -3,8271956741
202200011081;17;3;2022;16:35;1;61;2;1;1;3;48,4361310000;0,1018700000
202200011082;19;11;2022;15:25;1;29;2;1;1;3;48,4068000000; -4,4954200000
202200011083;31;5;2022;18:35;1;75;2;3;1;3;48,8903980000;2,3558270000
202200011084;25;12;2022;22:40;3;78;1;1;2;4;48,9658200000;1,7508940000
202200011085;19;11;2022;12:05;1;29;2;2;1;6;48,4020428890; -4,4988396973
202200011086;17;3;2022;20:30;4;59;1;1;1;6;50,7222008843;3,0610511899
202200011087;25;12;2022;08:40;1;92;1;1;2;6;48,8390819965;2,2170549251
202200011088;31;5;2022;12:25;1;75;2;2;1;3;48,8975490650;2,3290045205
202200011089;25;12;2022;06:00;3;92;1;1;2;6;48,8229561471;2,2222854233
202200011090;17;11;2022;18:20;5;27;2;1;2;4;49,0184300000;1,1579000000
202200011091;11;3;2022;19:15;5;59;2;2;1;3;50,6450400000;3,0858000000
202200011092;31;5;2022;19:45;1;75;2;2;1;7;48,8808550000;2,3125500000
202200011093;25;12;2022;00:35;3;92;1;1;2;2;48,9348439651;2,2672648297
202200011094;26;12;2022;14:30;1;95;1;1;1;6;49,0265124028;2,5370210409
202200011095;31;5;2022;14:00;1;75;2;5;1;6;48,8873522343;2,3141337624
202200011096;11;3;2022;17:45;1;59;2;1;1;5;50,6284742708;3,0783215761
202200011097;26;12;2022;11:00;1;93;1;1;1;3;48,9370900000;2,4802900000
202200011098;11;3;2022;17:00;1;57;2;1;1;6;49,3619500000;6,1583000000
202200011099;31;5;2022;08:15;1;75;2;7;1;6;48,8744331196;2,2929781914
202200011100;16;11;2022;12:05;1;19;1;9;3;6;45,2626959881;1,7441584468
202200011101;25;12;2022;21:10;3;93;1;1;2;2;48,8833590967;2,4579547253
202200011102;16;3;2022;16:21;1;56;2;1;8;1;47,6415862000; -2,7733684000
202200011103;25;12;2022;03:20;3;95;1;1;1;6;48,9785500000;2,2408200000
202200011104;30;5;2022;19:00;1;75;2;2;1;2;48,8671720000;2,2953530000
202200011105;25;12;2022;02:40;3;93;1;1;2;6;48,9351300000;2,4031300000
202200011106;18;11;2022;12:11;1;19;2;3;1;3;45,1389400000;1,4838100000
202200011107;17;3;2022;23:20;5;54;2;1;1;6;48,6671700000;6,1684400000
202200011108;31;5;2022;08:25;1;75;2;3;1;3;48,8460920000;2,3142530000
202200011109;19;11;2022;10:10;1;17;2;1;2;2;45,6480270000; -1,0310750000
202200011110;26;12;2022;17:55;3;77;1;1;1;6;48,8317016358;2,6457240122
202200011111;17;3;2022;12:50;1;54;2;1;1;3;48,7038100000;6,1885600000
202200011112;31;5;2022;21:15;2;75;2;1;1;6;48,8328160000;2,4003160000
202200011113;30;6;2022;16:45;1;50;2;1;1;6;49,0391700000; -1,4456200000
202200011114;18;11;2022;19:20;5;17;2;1;2;2;46,1564590000; -1,1281190000
202200011115;10;3;2022;16:45;1;52;2;7;1;3;48,6342600000;4,9549400000
202200011116;31;5;2022;16:00;1;75;2;1;1;3;48,8379790000;2,3922720000
202200011117;28;6;2022;12:15;1;50;2;1;1;2;49,6578800000; -1,6645600000
202200011118;16;3;2022;17:15;1;51;2;1;1;7;49,2464707559;4,0187242627
202200011119;31;5;2022;21:05;2;75;2;1;1;6;48,8841760000;2,3658960000
202200011120;17;3;2022;12:10;1;51;2;1;1;7;49,2185630246;4,0345171094
202200011121;20;8;2022;14:40;1;28;1;1;1;1;48,0996930000;1,2977600000
202200011122;19;11;2022;19:30;5;13;2;1;1;1;43,4121750000;5,3180090000
202200011123;31;5;2022;14:00;1;75;2;3;1;3;48,8663949174;2,3234897112
202200011124;23;12;2022;14:35;1;75;2;3;1;6;48,8775050000;2,3938400000
202200011125;15;3;2022;11:50;1;51;2;3;2;3;49,2349700000;4,0331300000
202200011126;17;11;2022;20:00;3;13;1;3;1;1;43,6063400000;5,0988000000
202200011127;31;5;2022;15:20;1;75;2;2;1;3;48,8662410000;2,3525380000
202200011128;25;12;2022;00:40;5;75;2;7;2;6;48,8697460000;2,2849910000
202200011129;14;3;2022;20:15;3;51;2;1;1;2;49,2604904787;4,0478369594
202200011130;19;11;2022;21:30;5;13;2;1;1;5;43,3254400000;5,3811500000
202200011131;19;11;2022;17:00;1;13;2;1;1;7;43,2901000000;5,3785600000
202200011132;25;12;2022;04:40;5;75;2;7;1;6;48,8573360000;2,3468990000
202200011133;17;3;2022;08:25;1;50;2;1;1;2;49,0534100000; -1,4418500000
202200011134;18;11;2022;23:50;5;13;2;9;1;3;43,2692500000;5,4209700000
202200011135;25;12;2022;01:32;5;75;2;2;2;7;48,8508218110;2,3614409566
202200011136;30;5;2022;14:35;1;75;2;3;1;6;48,8576880000;2,3607530000
202200011137;17;3;2022;07:20;1;50;2;1;1;6;49,6410800000; -1,5947900000
202200011138;25;12;2022;20:50;3;94;2;1;1;7;48,7695600000;2,3657400000
202200011139;31;5;2022;16:35;1;94;2;1;1;6;48,7953300000;2,4367900000
202200011140;18;11;2022;20:32;5;13;2;9;1;2;43,3270300000;5,3594500000
202200011141;16;3;2022;14:00;1;50;2;2;1;3;49,6465500000; -1,6430300000
202200011142;19;11;2022;11:00;1;13;2;3;1;3;43,2975900000;5,5737900000
202200011143;25;12;2022;15:10;1;92;2;1;1;2;48,8168250000;2,3067530000
202200011144;31;5;2022;19:00;1;94;2;3;1;3;48,8075200000;2,3341400000
202200011145;18;11;2022;07:46;2;11;2;1;1;3;43,2144680000;2,3682940000
202200011146;11;3;2022;16:35;1;49;2;6;2;6;47,2589700000; -0,0726700000
202200011147;25;12;2022;08:50;2;92;2;2;2;3;48,8369220000;2,1458910000
202200011148;30;5;2022;10:40;1;94;2;1;1;6;48,7980800000;2,3679000000
202200011149;19;11;2022;18:17;5;10;2;3;1;3;48,2992600000;4,0718000000
202200011150;16;3;2022;18:15;1;49;2;1;2;3;47,4779600000; -0,5985400000
202200011151;25;12;2022;21:07;5;92;2;1;2;3;48,9078100000;2,2140400000
202200011152;26;12;2022;16:55;2;21;1;1;2;7;47,1192840000;5,3911700000
202200011153;19;11;2022;08:45;1;06;2;1;1;1;43,6414600000;6,9330800000
202200011154;16;3;2022;14:56;1;49;2;1;8;1;47,4749100000; -0,5099000000
202200011155;30;5;2022;18:20;1;94;2;2;1;5;48,7734500000;2,3996700000
202200011156;18;11;2022;13:20;1;06;2;1;1;7;43,6425100000;6,9464000000
202200011157;26;12;2022;06:00;3;28;1;1;1;1;48,4308532859;1,5187077114
202200011158;16;3;2022;04:21;5;49;2;1;1;7;47,4758000000; -0,5890000000
202200011159;30;5;2022;06:30;1;94;2;1;1;2;48,8028760000;2,5383860000
202200011160;17;11;2022;23:00;5;06;2;1;1;1;43,6490000000;6,9230000000
202200011161;25;12;2022;19:30;5;52;1;1;8;7;47,9184920000;5,2288540000
202200011162;17;11;2022;16:15;1;06;2;3;1;6;43,5687560000;7,1108140000
202200011163;15;3;2022;17:38;1;49;2;1;1;3;47,4294800000; -0,5279200000
202200011164;31;5;2022;11:00;1;93;2;3;1;3;48,8933100000;2,4376100000
202200011165;26;12;2022;15:45;1;83;1;1;1;3;43,1568860000;6,4890090000
202200011166;18;11;2022;17:15;5;04;1;1;1;3;44,0603900000;6,2069700000
202200011167;31;5;2022;19:40;1;93;2;1;1;6;48,9553590000;2,3100270000
202200011168;14;3;2022;09:15;1;47;1;1;1;7;44,2240000000;0,6990000000
202200011169;18;11;2022;07:47;1;01;2;6;2;3;46,1848280000;5,2274640000
202200011170;31;5;2022;13:25;1;93;2;5;1;6;48,9292800000;2,3858100000
202200011171;17;3;2022;18:20;2;45;2;2;1;3;47,8820930834;1,9036626220
202200011172;18;11;2022;12:55;1;75;2;1;1;2;48,8751260000;2,2766710000
202200011173;31;5;2022;09:35;1;92;2;1;1;6;48,8271300000;2,1861300000
202200011174;17;3;2022;12:15;1;45;2;1;1;6;47,9280105417;1,9244513512
202200011175;25;12;2022;17:45;3;06;1;1;1;1;43,6356400000;6,8354700000
202200011176;18;11;2022;11:50;1;75;2;1;1;3;48,8396330000;2,2541640000
202200011177;16;3;2022;08:55;1;45;2;7;1;6;47,9080700000;1,8943100000
202200011178;30;5;2022;09:30;1;92;2;1;1;3;48,8265762099;2,1905483007
202200011179;26;12;2022;02:50;3;62;2;1;1;6;50,4859510000;1,6477610000
202200011180;18;11;2022;11:20;1;75;2;1;1;3;48,8764290000;2,2783610000
202200011181;12;12;2022;18:45;3;19;1;1;4;7;45,5244200000;2,1613030000
202200011182;16;3;2022;17:55;1;44;2;1;2;1;47,2693100000; -2,2127500000
202200011183;29;5;2022;17:05;1;92;2;9;1;4;48,8260700000;2,1969100000
202200011184;25;12;2022;13:00;1;32;2;1;1;7;43,9606890000;0,3798120000
202200011185;17;11;2022;10:16;1;75;2;1;1;2;48,8773770000;2,4091570000
202200011186;24;12;2022;22:50;3;71;2;1;2;6;46,7271170000;4,7561470000
202200011187;31;5;2022;19:25;1;92;2;1;1;2;48,8497190000;2,2102470000
202200011188;17;11;2022;19:21;5;75;2;1;1;3;48,8250360000;2,3035490000
202200011189;14;3;2022;17:30;1;44;2;6;1;3;47,2700200000; -2,2391200000
202200011190;26;12;2022;10:50;1;61;1;1;8;1;48,4898830000;0,5137930000
202200011191;16;11;2022;22:20;5;75;2;4;3;7;48,8847780000;2,2985850000
202200011192;29;5;2022;09:57;1;92;1;1;1;2;48,8363192478;2,2121521532
202200011193;16;3;2022;15:31;1;37;2;2;2;3;47,3847868904;0,6541264057
202200011194;26;12;2022;10:15;1;61;1;1;1;1;48,5709300000;0,1692640000
202200011195;19;11;2022;01:40;5;75;2;2;1;3;48,8869700000;2,3230390000