Accident_Id;jour;mois;an;hrmn;lum;dep;agg;int;atm;col;lat;long
202200011196;31;5;2022;18:25;1;92;2;2;1;3;48,8844380000;2,2689690000
202200011197;26;12;2022;12:05;1;12;1;1;1;1;44,3498770000;2,1960640000
202200011198;16;3;2022;15:45;1;37;2;2;8;3;47,3792900000;0,6823100000
202200011199;18;11;2022;23:40;5;75;2;1;1;6;48,8838350000;2,3023540000
202200011200;31;5;2022;15:07;1;92;2;2;1;6;48,8893693394;2,2729602456
202200011201;25;12;2022;18:15;3;44;1;1;1;1;47,0870720000; -2,0274280000
202200011202;19;11;2022;17:20;2;75;2;2;1;3;48,8686050000;2,2741890000
202200011203;16;3;2022;11:33;2;37;2;3;1;6;47,3853843665;0,6767293811
202200011204;24;12;2022;20:10;3;29;1;1;1;1;48,6817670000; -3,6790900000
202200011205;19;11;2022;16:35;1;75;2;7;1;6;48,8446680000;2,2905110000
202200011206;29;5;2022;19:50;1;92;2;3;1;1;48,8880347889;2,1848753616
202200011207;15;12;2022;22:30;3;31;1;1;2;6;43,3148000000;0,6787000000
202200011208;16;3;2022;10:00;1;37;2;3;1;6;47,3892596244;0,6966917217
202200011209;19;11;2022;10:20;1;75;2;1;1;3;48,8348340000;2,2952700000
202200011210;14;3;2022;15:00;1;37;2;1;1;6;47,4191153385;0,7105520368
202200011211;26;12;2022;03:30;4;02;2;1;1;6;49,6191700000;3,2161300000
202200011212;31;5;2022;18:25;1;92;2;9;1;4;48,7889205507;2,2342066169
202200011213;14;3;2022;07:07;2;37;2;1;8;7;47,3527124075;0,6589436531
202200011214;18;11;2022;23:00;5;75;2;2;1;3;48,8593370000;2,3868600000
202200011215;26;12;2022;01:30;3;03;1;1;1;7;46,2203910000;3,7674520000
202200011216;31;5;2022;10:52;1;92;2;3;1;3;48,8959020000;2,2798660000
202200011217;19;11;2022;12:35;1;75;2;2;8;7;48,8689480000;2,3540070000
202200011218;14;3;2022;17:40;1;35;2;3;1;3;48,1581240000; -1,6975590000
202200011219;31;5;2022;06:35;1;92;2;1;1;2;48,8998021947;2,3142818212
202200011220;19;11;2022;10:17;1;94;2;1;1;3;48,8054000000;2,3268400000
202200011221;26;12;2022;10:15;1;14;1;1;8;1;49,1697170000; -0,4803090000
202200011222;14;3;2022;06:32;5;34;2;1;1;6;43,5950020000;3,8616420000
202200011223;29;5;2022;13:20;1;92;2;1;1;3;48,7872900000;2,2562100000
202200011224;19;11;2022;09:50;1;94;2;2;1;3;48,8268000000;2,5486500000
202200011225;26;12;2022;19:00;3;50;1;2;8;3;49,5113680000; -1,7692490000
202200011226;14;3;2022;15:30;1;33;2;6;1;3;44,8540200000; -0,6772700000
202200011227;19;11;2022;16:00;2;77;2;1;3;6;49,0119600000;2,5659600000
202200011228;3;6;2022;08:45;1;92;2;1;1;3;48,8478800000;2,2406900000
202200011229;14;3;2022;15:25;1;33;2;1;1;3;44,8644600000; -0,5586800000
202200011230;19;11;2022;21:30;5;93;2;1;1;3;48,9120211050;2,3355630040
202200011231;31;5;2022;13:35;1;92;1;1;1;2;48,9141452043;2,3111549020
202200011232;26;12;2022;14:20;1;45;1;1;1;1;47,8044230000;1,9302930000
202200011233;17;3;2022;16:20;1;33;2;1;1;3;44,6371300000; -1,1541800000
202200011234;19;11;2022;05:00;5;93;2;2;2;3;48,9084500000;2,3327100000
202200011235;31;5;2022;14:30;1;92;2;1;1;3;48,9167997441;2,3061865121
202200011236;25;12;2022;16:30;1;40;1;2;1;3;43,8736550000; -0,8546000000
202200011237;14;3;2022;15:05;1;33;2;1;1;2;44,6391500000; -1,1543800000
202200011238;14;3;2022;08:22;1;32;2;1;1;7;43,6268000000;0,5748000000
202200011239;31;5;2022;18:23;1;92;2;2;1;6;48,7584500000;2,3001700000
202200011240;19;11;2022;12:00;1;93;2;1;1;2;48,8843645858;2,4854475260
202200011241;25;12;2022;18:05;3;85;1;1;1;4;46,7565260000; -1,7074569000
202200011242;31;5;2022;18:51;1;13;1;1;1;3;43,3650000000;5,3600000000
202200011243;23;12;2022;16:40;1;85;2;6;1;6;46,6986110000; -1,0449240000
202200011244;19;11;2022;14:40;1;93;2;2;1;3;48,8638900000;2,4361600000
202200011245;14;3;2022;12:14;1;28;2;1;1;3;48,4396000000;1,5323100000
202200011246;25;12;2022;07:00;3;37;1;1;1;6;47,1437450000;0,6461120000
202200011247;19;11;2022;17:15;2;93;2;3;2;6;48,8813500000;2,5396100000
202200011248;31;5;2022;17:45;1;13;1;1;1;4;43,4110300000;5,2838000000
202200011249;18;3;2022;00:01;5;27;2;5;1;3;49,0216300000;1,1374800000
202200011250;19;11;2022;09:45;1;93;2;2;8;3;48,9277340000;2,4859730000
202200011251;30;5;2022;16:45;1;62;1;1;1;7;50,4294900000;2,9720700000
202200011252;17;3;2022;15:15;1;27;2;1;1;3;49,0256400000;1,1384200000
202200011253;23;12;2022;17:35;5;37;1;1;1;5;47,3971339585;0,7890200615
202200011254;19;11;2022;12:25;1;93;2;3;1;3;48,9135900000;2,4027500000
202200011255;25;5;2022;23:00;3;59;1;1;2;6;50,3779000000;3,1659600000
202200011256;14;3;2022;16:20;1;27;2;9;1;3;49,0268800000;1,1801500000
202200011257;19;11;2022;15:45;1;92;2;9;1;1;48,8809220000;2,2428730000
202200011258;26;12;2022;15:35;1;48;2;4;7;3;44,4825530000;3,4575980000
202200011259;31;5;2022;15:45;1;94;1;1;1;3;48,8031045530;2,3437496731
202200011260;19;11;2022;05:40;5;92;2;5;1;3;48,8812225525;2,2712087631
202200011261;17;3;2022;15:12;1;26;2;2;1;3;44,5346200000;4,7586000000
202200011262;31;5;2022;19:20;1;75;1;1;1;2;48,8483565332;2,2483067321
202200011263;17;3;2022;16:50;1;22;2;1;1;6;48,5145000000; -2,7700300000
202200011264;19;11;2022;18:00;5;92;2;2;2;3;48,8050118688;2,2963177264
202200011265;25;12;2022;17:15;1;987;1;2;1;3; -17,7120000000; -149,5080000000
202200011266;31;5;2022;15:15;1;93;1;1;1;2;48,8792756008;2,4490603927
202200011267;19;11;2022;14:00;1;92;2;1;1;3;48,9179060000;2,2528610000
202200011268;14;3;2022;19:40;5;22;2;1;1;3;48,5065500000; -2,7512500000
202200011269;23;12;2022;19:45;3;47;1;1;1;2;44,2125137831;0,4421562207
202200011270;19;11;2022;22:00;3;37;1;1;8;6;47,3087723608;0,1906728745
202200011271;30;5;2022;08:15;1;93;1;1;1;2;48,9683746769;2,5654745010
202200011272;12;3;2022;07:25;1;22;2;1;1;1;48,5112300000; -2,7364900000
202200011273;19;11;2022;13:45;1;47;1;1;1;1;44,1103760000;0,6189890000
202200011274;24;12;2022;23:55;5;987;2;1;1;7; -17,5531050000; -149,5888950000
202200011275;24;5;2022;00:30;3;95;1;1;3;6;48,9612230000;2,2689480000
202200011276;20;11;2022;04:15;3;38;1;1;1;6;45,4874500000;4,9538950000
202200011277;14;3;2022;02:45;4;22;2;1;1;6;48,5168000000; -2,7683000000
202200011278;20;11;2022;18:40;3;80;1;1;4;7;50,0221340000;1,7264840000
202200011279;19;11;2022;04:15;3;40;1;1;3;6;43,6487620000; -1,3949630000
202200011280;25;12;2022;23:30;3;988;1;1;1;6; -21,0404900000;165,2890500000
202200011281;30;5;2022;13:50;1;93;1;1;1;4;48,9724000000;2,4945100000
202200011282;19;11;2022;20:55;3;77;1;1;2;4;48,8723580000;2,8645880000
202200011283;10;3;2022;16:20;1;22;2;6;1;3;48,7325100000; -3,4617400000
202200011284;25;12;2022;07:05;1;988;1;1;1;6; -22,0293040000;166,2318580000
202200011285;31;5;2022;08:15;1;77;1;1;1;6;48,6462370000;2,5569030000
202200011286;20;11;2022;01:10;3;28;1;1;1;1;48,2842030000;1,2245570000
202200011287;16;3;2022;16:00;1;17;1;1;1;7;45,7295600000; -0,6699200000
202200011288;24;12;2022;01:10;4;37;2;1;2;6;47,4109453974;0,9757447243
202200011289;31;5;2022;07:05;1;94;1;1;1;2;48,8060163723;2,4486524061
202200011290;20;11;2022;06:35;1;974;2;6;1;3; -21,2724940000;55,3344870000
202200011291;26;12;2022;10:15;1;45;2;1;2;6;48,1193413572;2,3635388674
202200011292;13;3;2022;22:30;5;17;2;5;1;2;46,1620500000; -1,1551400000
202200011293;20;11;2022;10:15;1;974;1;1;1;2; -21,2730590000;55,3899770000
202200011294;16;12;2022;09:50;3;83;1;1;9;7;43,5153580000;6,6468410000
202200011295;20;11;2022;16:32;1;95;1;1;2;2;49,0898304025;2,3587956011
202200011296;22;12;2022;17:10;2;13;2;1;1;3;43,4848820000;5,2231780000
202200011297;18;11;2022;18:45;3;79;1;1;1;1;46,6833410000; -0,4626380000
202200011298;30;5;2022;10:50;1;77;1;1;1;4;48,7984610000;2,6234770000
202200011299;13;3;2022;16:20;1;16;2;6;1;3;45,6876201398; -0,3289407492
202200011300;26;12;2022;13:30;1;13;1;1;1;1;43,2726930000;5,7014740000
202200011301;18;11;2022;11:40;1;33;1;1;2;3;44,8703985357; -0,1490932703
202200011302;23;12;2022;14:45;1;13;2;1;1;1;43,7883180000;4,8330030000
202200011303;30;5;2022;08:00;1;77;1;1;1;3;48,9213800000;2,6306830000
202200011304;20;11;2022;00:00;3;71;2;1;2;6;46,6018040000;4,0713660000
202200011305;14;3;2022;14:29;1;14;2;1;1;6;49,3654580000;0,0841360000
202200011306;5;5;2022;13:45;1;17;2;1;1;2;46,0638370000; -1,0920990000
202200011307;19;11;2022;10:15;1;61;1;2;1;1;48,3286620000;0,7307680000
202200011308;25;12;2022;19:15;3;38;1;1;1;7;45,5307830000;5,3219330000
202200011309;25;12;2022;21:47;3;38;1;1;1;6;45,1648220000;5,6716330000
202200011310;18;3;2022;00:35;5;13;2;1;1;3;43,2658000000;5,3998300000
202200011311;10;5;2022;18:30;1;79;1;2;7;3;46,8465220000; -0,1912840000
202200011312;26;12;2022;06:40;5;69;2;1;1;6;45,8709210000;4,8397460000
202200011313;7;5;2022;01:20;3;34;1;1;1;1;43,7061350000;4,1206240000
202200011314;26;12;2022;09:20;1;32;1;1;1;3;43,6173430000;0,5820820000
202200011315;17;3;2022;13:45;1;13;2;1;1;2;43,2348483222;5,3599916262
202200011316;10;5;2022;20:00;1;33;2;1;1;6;44,7434720000; -1,0718860000
202200011317;22;12;2022;18:10;2;29;2;1;2;4;48,5657420000; -4,3135880000
202200011318;26;12;2022;17:15;2;22;2;1;1;6;48,7774360000; -3,0494680000
202200011319;9;5;2022;17:30;1;27;1;3;1;1;49,2514970000;1,2913760000
202200011320;16;3;2022;15:00;1;13;2;6;1;2;43,2917200000;5,4856000000
202200011321;25;12;2022;18:17;3;13;1;1;1;2;43,2938100000;5,4724000000
202200011322;11;5;2022;20:55;1;91;2;1;1;6;48,6262970000;2,4477920000
202200011323;14;3;2022;22:45;5;13;2;1;1;2;43,3165500000;5,3976300000
202200011324;11;5;2022;15:15;1;75;2;2;1;6;48,8679430000;2,4088750000
202200011325;24;12;2022;22:30;3;13;1;1;1;3;43,3662800000;5,3605100000
202200011326;24;12;2022;14:58;1;13;1;1;1;4;43,3908663621;5,3509983551
202200011327;10;5;2022;17:15;1;77;2;6;1;7;49,0113800000;2,5674400000
202200011328;14;3;2022;16:50;1;13;2;1;1;3;43,3175367135;5,3883256339
202200011329;8;5;2022;14:50;1;65;2;3;1;2;43,4403120000;0,0762870000
202200011330;25;12;2022;21:30;5;33;1;1;1;2;44,8685220000; -0,5026460000
202200011331;17;3;2022;14:50;1;13;1;6;1;6;43,4882578303;5,3775244309
202200011332;10;5;2022;08:03;1;01;1;1;1;1;46,0030130000;4,7969060000
202200011333;17;3;2022;11:00;1;13;2;1;8;3;43,4843600000;5,4187000000
202200011334;9;5;2022;17:20;1;42;2;4;1;3;45,5567000000;4,2852960000
202200011335;24;12;2022;18:45;3;91;1;1;1;4;48,6259300000;2,3569200000
202200011336;25;12;2022;00:40;5;75;1;1;2;6;48,8191290000;2,3305660000
202200011337;8;5;2022;20:16;2;35;1;2;1;3;48,1368138066; -2,2271769494
202200011338;14;3;2022;18:00;2;13;2;6;1;2;43,5111400000;5,4432000000
202200011339;25;12;2022;09:30;1;93;1;1;2;6;48,9269620059;2,4034222007
202200011340;9;5;2022;17:15;1;64;1;1;1;6;43,2321130000; -1,2046980000
202200011341;25;12;2022;05:00;3;93;1;1;2;6;48,9730763472;2,4910426140
202200011342;11;3;2022;09:41;1;12;2;1;1;1;44,3607100000;2,5830700000
202200011343;10;5;2022;04:00;3;04;1;1;1;6;43,8380130000;5,9598520000
202200011344;23;12;2022;11:10;1;95;1;1;2;6;49,0477566605;2,4630256597
202200011345;9;5;2022;16:15;1;88;1;1;1;6;48,0318429213;7,0019227266
202200011346;13;3;2022;12:20;2;12;1;1;3;6;44,5510200000;2,2914000000
202200011347;25;12;2022;01:00;3;77;1;1;2;6;48,7744700000;2,6119900000
202200011348;10;3;2022;13:00;1;11;2;1;1;3;43,1965800000;2,9691900000
202200011349;8;5;2022;15:43;1;78;2;2;1;3;48,8440660000;2,0645310000
202200011350;24;12;2022;05:30;5;94;1;1;1;2;48,7543063896;2,3502602337
202200011351;18;9;2022;16:40;1;88;2;1;1;2;48,3143200000;6,9192500000
202200011352;16;3;2022;22:45;5;11;2;3;1;3;43,2111100000;2,3466900000
202200011353;10;5;2022;15:15;1;78;1;1;1;2;48,8657900000;2,0366910000
202200011354;24;12;2022;18:10;5;72;2;1;2;6;48,0143800000;0,1867900000
202200011355;18;3;2022;00:01;5;10;2;2;1;3;48,2967200000;4,0848100000
202200011356;24;12;2022;17:57;1;973;2;3;1;3;4,9335390646; -52,3133178055
202200011357;9;5;2022;23:45;5;75;2;2;1;6;48,8980410000;2,3441270000
202200011358;23;12;2022;13:30;1;973;2;1;2;7;4,9202626404; -52,3204082251
202200011359;16;3;2022;07:18;1;10;1;1;1;5;48,3000070000;4,1337300000
202200011360;9;5;2022;17:55;1;54;1;1;1;7;49,2657182571;5,8503806586
202200011361;24;12;2022;09:00;1;972;2;1;1;6;14,6170200000; -61,0603900000
202200011362;17;3;2022;15:55;1;09;2;1;3;3;43,1155700000;1,6144500000
202200011363;24;12;2022;18:15;5;95;2;1;2;6;48,9924208359;2,2945842147
202200011364;9;5;2022;09:25;1;14;1;1;1;2;49,1985300000; -0,8656900000
202200011365;14;3;2022;17:00;1;06;2;1;8;3;43,6269780000;6,9367870000
202200011366;24;12;2022;17:30;5;95;2;1;2;6;49,0534370000;2,0942750000
202200011367;27;4;2022;17:00;1;94;2;1;1;6;48,8127900000;2,3571400000
202200011368;8;5;2022;15:00;1;88;1;1;1;3;48,0192200000;6,9052290000
202200011369;13;3;2022;11:00;1;06;2;1;2;2;43,7149610000;7,1770700000
202200011370;26;4;2022;16:45;1;94;2;3;1;3;48,7764200000;2,4552900000
202200011371;23;12;2022;12:10;1;88;2;1;2;1;48,2771400000;6,9610800000
202200011372;8;5;2022;06:40;2;24;1;4;1;7;44,7748480000;0,5331050000
202200011373;13;3;2022;09:45;1;06;2;2;1;3;43,6743580000;7,1848650000
202200011374;7;12;2022;18:30;5;78;2;1;1;6;48,6527490000;1,8193690000
202200011375;26;4;2022;11:15;1;94;2;3;1;2;48,7727200000;2,4906000000
202200011376;9;5;2022;09:20;1;83;1;3;1;3;43,1408470000;6,0573610000
202200011377;12;3;2022;21:30;5;06;2;1;1;2;43,6503700000;7,1513630000
202200011378;27;4;2022;16:45;1;94;2;9;1;6;48,7942700000;2,5567900000
202200011379;9;5;2022;19:50;1;88;1;1;1;1;48,3739980000;6,5465590000
202200011380;12;3;2022;11:26;1;05;2;1;1;6;44,5728800000;6,0936800000
202200011381;24;12;2022;06:20;2;76;1;1;1;6;49,3425540111;0,9308874607
202200011382;9;5;2022;13:30;1;43;2;9;1;6;45,0495403995;3,8906353712
202200011383;27;4;2022;19:45;1;94;2;2;1;3;48,6962200000;2,5540500000
202200011384;12;3;2022;02:56;5;05;2;1;1;7;44,5480200000;6,0544700000
202200011385;23;12;2022;17:45;2;71;2;1;1;6;46,6462000000;4,3194300000
202200011386;20;2;2022;06:13;5;02;1;1;8;6;49,8193400000;3,3118100000
202200011387;9;5;2022;18:10;1;93;2;2;1;6;48,9430225480;2,5690922141
202200011388;24;12;2022;19:15;5;69;2;3;1;6;45,7339677241;4,8928186297
202200011389;17;3;2022;15:00;1;75;2;1;1;2;48,9009350000;2,3385420000
202200011390;29;5;2022;15:40;1;51;2;1;1;7;48,7900050000;4,7894700000
202200011391;27;4;2022;06:30;2;93;2;2;1;1;48,8811120894;2,4950069189
202200011392;17;3;2022;15:00;1;75;2;4;1;6;48,8579320000;2,2878920000
202200011393;24;12;2022;10:20;1;62;2;1;2;3;50,4256970000;2,7756530000
202200011394;17;3;2022;12:25;1;75;2;3;1;6;48,8633130000;2,2963540000
202200011395;27;4;2022;18:30;1;93;2;3;1;6;48,8582600000;2,5344300000
202200011396;24;12;2022;18:05;5;62;2;1;2;6;50,7258100000;1,6341300000
202200011397;30;5;2022;17:47;1;01;2;2;1;3;45,9566530000;4,9403310000
202200011398;23;12;2022;11:45;1;59;2;1;3;6;50,7365870000;3,1708430000
202200011399;27;4;2022;04:20;5;93;2;1;1;6;48,8836600000;2,4552200000
202200011400;16;3;2022;19:20;2;75;2;3;1;3;48,8619070000;2,2861150000
202200011401;24;12;2022;23:10;5;59;2;9;1;1;50,6730714635;3,2000952959
202200011402;17;3;2022;11:50;1;75;2;1;1;6;48,8438850000;2,2960610000
202200011403;27;5;2022;22:00;3;66;1;1;1;4;42,8043144779;2,9002752900
202200011404;26;4;2022;17:15;1;93;2;2;1;3;48,9193400000;2,4504200000
202200011405;24;12;2022;18:00;3;59;2;6;1;3;50,6792200000;3,0478600000
202200011406;31;5;2022;10:53;1;01;2;6;1;3;45,9595110000;5,3483140000
202200011407;17;3;2022;08:30;1;75;2;2;1;3;48,8444240000;2,3176900000
202200011408;23;12;2022;17:50;5;45;2;1;1;6;47,9512200000;1,8824700000
202200011409;27;4;2022;08:10;1;93;2;6;1;3;48,9251075831;2,4005877972
202200011410;26;4;2022;15:55;1;93;2;1;1;6;48,9096197478;2,3770562410
202200011411;24;12;2022;10:40;1;35;2;6;1;3;48,1342236446; -1,6942039132
202200011412;16;3;2022;17:00;1;75;2;2;1;3;48,8491309583;2,2981300950
202200011413;30;5;2022;09:05;1;31;2;1;1;2;43,6019310000;1,5075840000
202200011414;18;4;2022;01:10;5;93;2;9;1;6;48,9122100000;2,4012000000
202200011415;24;12;2022;04:40;5;34;2;2;1;1;43,5851600000;3,8600400000
202200011416;30;5;2022;17:50;1;88;1;1;1;7;48,1400350000;6,7994640000
202200011417;17;3;2022;08:55;1;75;2;3;1;2;48,8647310000;2,3701250000
202200011418;23;12;2022;08:10;2;31;2;1;1;7;43,1147900000;0,7529200000
202200011419;27;4;2022;08:52;1;92;2;3;1;3;48,8202068059;2,1713235676
202200011420;31;5;2022;00:45;3;35;1;2;1;6;47,9722991485; -1,2032188475
202200011421;24;12;2022;21:20;5;29;2;1;2;6;47,9731700000; -4,1193600000
202200011422;17;3;2022;00:20;5;75;2;1;1;3;48,8546539634;2,3823018372
202200011423;26;4;2022;18:30;1;92;2;1;1;6;48,8177755404;2,1966481805
202200011424;23;5;2022;16:45;1;56;1;1;1;6;47,7895155000; -3,4572543000
202200011425;23;12;2022;17:00;1;29;1;1;8;2;48,5712215430; -3,8539205621
202200011426;26;4;2022;18:30;1;92;2;1;1;6;48,8631400000;2,1931900000
202200011427;31;5;2022;16:10;1;2B;2;9;1;1;42,7128667388;9,4543480514
202200011428;24;12;2022;11:03;2;27;2;1;1;3;49,0272200000;1,1802000000
202200011429;27;4;2022;16:45;1;92;2;1;1;7;48,8739087944;2,2359857261
202200011430;17;3;2022;18:15;2;75;2;4;1;3;48,8794064580;2,3532669246
202200011431;23;12;2022;11:53;1;21;2;9;2;7;47,0065000000;4,8501500000
202200011432;31;5;2022;16:40;1;65;2;1;1;1;43,1214720000;0,3778160000
202200011433;27;4;2022;18:30;1;92;2;1;1;3;48,8977500000;2,1992700000
202200011434;17;3;2022;12:00;1;75;2;3;1;3;48,8741600000;2,3552690000
202200011435;29;5;2022;15:00;1;11;1;1;1;6;43,2119010000;2,5901770000
202200011436;24;12;2022;18:20;5;13;2;3;1;6;43,2759739437;5,4174764371
202200011437;27;4;2022;21:30;5;92;2;4;1;3;48,8985269262;2,2834436595
202200011438;24;12;2022;00:05;5;13;2;1;1;6;43,2623981642;5,3970284013
202200011439;17;3;2022;12:25;1;75;2;3;1;2;48,8795640000;2,3474270000
202200011440;24;12;2022;06:00;5;13;2;1;1;3;43,2515333742;5,3907286338
202200011441;27;4;2022;17:30;1;92;2;1;1;6;48,7920721337;2,2640290259
202200011442;30;5;2022;17:45;1;63;2;4;1;1;45,8545520000;3,5297820000
202200011443;24;12;2022;09:20;1;11;2;2;1;3;43,2126100000;2,3533400000
202200011444;28;4;2022;18:15;1;60;1;2;1;2;49,5359250000;2,3845270000
202200011445;24;12;2022;01:06;5;06;2;1;1;-1;43,6677800000;7,2191700000
202200011446;31;5;2022;13:30;1;49;1;1;1;1;47,7057510000; -0,7308800000
202200011447;17;3;2022;15:50;1;75;2;7;1;4;48,8746359375;2,3200437427
202200011448;24;12;2022;20:00;5;75;2;3;2;6;48,8447930000;2,3547480000
202200011449;30;5;2022;05:10;2;12;1;1;1;6;44,3155580000;2,3559340000
202200011450;28;4;2022;18:10;1;06;1;1;1;4;43,7730610000;7,3324540000
202200011451;17;3;2022;09:27;1;75;2;2;1;3;48,8693990000;2,3251790000
202200011452;23;12;2022;21:20;5;75;2;1;1;3;48,8798310000;2,3704110000
202200011453;28;4;2022;18:30;1;06;1;6;1;3;43,7528380000;7,2821550000
202200011454;31;5;2022;15:40;1;47;2;2;1;3;44,1369390000;0,3364990000
202200011455;17;3;2022;19:30;5;94;2;1;1;5;48,8414200000;2,4301200000
202200011456;24;12;2022;12:50;1;75;2;3;1;3;48,8920029607;2,3598302901
202200011457;27;5;2022;18:30;1;29;2;1;1;6;48,6594011000; -3,9187059400
202200011458;24;12;2022;09:40;1;75;2;3;1;6;48,8671940000;2,2953690000
202200011459;24;12;2022;10:50;1;94;2;9;8;3;48,7438160000;2,4592420000
202200011460;28;4;2022;00:15;3;06;2;1;1;6;43,6321870000;7,1356490000
202200011461;18;5;2022;16:40;1;84;1;4;1;1;44,0229400000;5,5071540000
202200011462;24;12;2022;15:15;1;94;2;2;2;2;48,7938100000;2,4922800000
202200011463;17;3;2022;17:00;1;94;2;2;1;3;48,7401200000;2,4571200000
202200011464;30;5;2022;20:15;1;26;1;1;1;7;44,3830260000;5,2305870000
202200011465;30;5;2022;10:15;1;26;1;1;1;6;44,4222110000;5,3296140000
202200011466;24;12;2022;05:00;5;93;2;4;1;4;48,9587100000;2,3085300000
202200011467;16;3;2022;16:30;1;94;2;1;1;6;48,7875600000;2,4802800000
202200011468;29;4;2022;08:28;1;71;1;1;1;2;46,3000870000;4,7927860000
202200011469;17;3;2022;02:03;5;94;2;1;1;6;48,7973900000;2,3677000000
202200011470;24;12;2022;08:35;1;93;2;1;1;2;48,9146464403;2,3581267416
202200011471;31;5;2022;17:30;1;54;1;3;1;3;48,9396900000;5,8859243000
202200011472;28;4;2022;14:40;1;44;1;1;1;7;47,3565700000; -1,9946900000
202200011473;17;3;2022;09:45;1;94;2;1;1;6;48,8560000000;2,4820000000
202200011474;24;12;2022;02:00;5;93;2;1;1;2;48,9147389682;2,3581018676
202200011475;31;5;2022;16:45;1;06;1;1;1;6;44,1238130000;6,7855730000
202200011476;29;4;2022;06:00;2;41;2;1;1;6;47,7283770000;1,0856830000
202200011477;16;3;2022;22:12;3;94;2;1;1;1;48,7768200000;2,4334100000
202200011478;30;5;2022;14:20;1;05;1;1;1;6;44,6343990000;5,6959390000
202200011479;24;12;2022;09:30;1;93;2;3;1;3;48,8484900000;2,5634900000
202200011480;16;3;2022;18:10;1;94;2;1;1;2;48,8032300000;2,4588400000
202200011481;30;5;2022;14:25;1;50;2;1;1;1;48,6146700000; -1,5103170000
202200011482;29;4;2022;11:00;1;57;1;1;1;1;49,1040780000;7,3113160000
202200011483;24;12;2022;12:50;1;92;2;3;1;3;48,8674180214;2,2277296185
202200011484;16;3;2022;15:00;1;93;2;2;1;3;48,9581760000;2,5583710000
202200011485;22;3;2022;17:45;1;73;1;4;1;3;45,5100270000;5,9829620000
202200011486;24;12;2022;20:10;5;92;2;1;2;3;48,8979400184;2,2565612197
202200011487;29;4;2022;07:15;1;89;1;6;1;3;48,1878060000;3,3185150000
202200011488;30;5;2022;14:30;1;16;1;1;1;6;45,6045510000;0,4868420000
202200011489;16;3;2022;15:11;1;93;2;3;8;2;48,9026422285;2,4706980586
202200011490;28;4;2022;18:55;2;74;1;9;1;3;45,9188670000;6,6646830000
202200011491;24;12;2022;18:45;5;92;2;1;2;4;48,8885500000;2,2541100000
202200011492;29;5;2022;05:30;2;07;1;1;1;1;44,8942490000;4,4893310000
202200011493;20;12;2022;20:50;3;92;1;1;2;3;48,7734147442;2,2414217591
202200011494;17;3;2022;18:15;1;93;2;1;1;2;48,8576000000;2,4336000000
202200011495;31;5;2022;07:10;2;53;1;6;7;3;48,2855044837; -0,6231234142
202200011496;24;12;2022;16:20;1;973;2;1;2;1;3,6424590840; -54,0316669643
202200011497;29;4;2022;11:10;1;74;1;1;1;2;45,7861030000;6,2222150000
202200011498;28;4;2022;05:00;3;76;1;1;1;6;49,6610580000;1,2158440000
202200011499;16;3;2022;12:20;1;93;2;3;8;3;48,8667100000;2,4558200000
202200011500;24;12;2022;16:25;1;33;1;1;1;3;45,0184210000; -0,1276260000
202200011501;31;5;2022;07:20;1;21;1;4;1;3;47,5193490000;5,0497520000
202200011502;29;5;2022;18:20;1;40;1;3;1;6;44,0409670000; -1,0132250000
202200011503;24;12;2022;19:15;3;22;1;1;2;6;48,4250960000; -2,2164050000
202200011504;28;4;2022;18:20;1;79;1;3;1;7;46,5563080000; -0,4829050000
202200011505;16;3;2022;17:00;1;93;2;3;1;6;48,8831000000;2,5275000000
202200011506;24;12;2022;18:00;3;12;1;1;1;6;44,2070270000;3,0675030000
202200011507;16;3;2022;13:05;1;93;2;1;1;6;48,8788900000;2,5551400000
202200011508;11;5;2022;18:00;1;85;2;1;1;3;46,7812680000; -1,2143620000
202200011509;29;4;2022;07:50;1;82;1;1;1;1;44,0926851000;1,0932587690
202200011510;17;3;2022;14:00;1;93;2;1;1;3;48,9173200000;2,3819600000
202200011511;31;5;2022;18:40;1;28;1;1;1;1;48,2830790000;1,9788910000
202200011512;24;12;2022;17:00;2;62;2;3;1;2;50,3728000000;2,6368500000
202200011513;28;4;2022;18:00;1;89;2;2;1;3;48,0328960000;3,3017190000
202200011514;17;3;2022;18:00;1;92;2;1;1;7;48,8144615779;2,3025415242
202200011515;17;3;2022;10:00;1;92;2;4;1;6;48,8827700000;2,1883300000
202200011516;17;3;2022;19:10;5;92;2;2;1;6;48,8944014100;2,1939238608
202200011517;17;3;2022;13:15;1;92;2;2;1;3;48,8936088368;2,2911177277
202200011518;28;4;2022;20:39;1;63;1;2;1;3;45,8144140000;3,3375260000
202200011519;16;3;2022;22:00;5;92;2;1;1;3;48,8254300000;2,2435900000
202200011520;21;4;2022;15:50;1;61;1;1;1;7;48,9477040000;0,2501680000
202200011521;17;3;2022;14:05;1;92;2;1;1;2;48,7466567558;2,2969731241
202200011522;16;3;2022;23:29;5;92;2;1;1;4;48,7636519202;2,3096752614
202200011523;18;3;2022;18:15;1;06;2;1;8;7;43,7565110000;7,3183860000