Accident_Id;jour;mois;an;hrmn;lum;dep;agg;int;atm;col;lat;long
202200011524;29;4;2022;19:30;1;55;2;1;1;3;48,6709910000;5,1117270000
202200011525;17;3;2022;15:15;1;09;1;1;2;6;43,0780300000;1,3774060000
202200011526;17;3;2022;15:40;1;95;1;1;1;1;49,1502141957;2,3306813836
202200011527;17;3;2022;07:05;2;17;1;1;1;1;45,5759010000; -0,7684420000
202200011528;17;3;2022;21:15;3;88;1;1;5;6;48,1729550000;7,0397470000
202200011529;28;4;2022;17:55;1;41;1;3;1;2;47,2819220000;1,3558240000
202200011530;29;4;2022;01:30;3;25;1;1;1;6;47,3815380000;6,7013410000
202200011531;18;3;2022;07:50;1;85;1;1;1;5;46,8595310000; -0,9665340000
202200011532;17;3;2022;23:40;3;08;1;1;1;6;49,5422820000;4,4319640000
202200011533;29;4;2022;11:30;1;25;1;1;1;6;47,2806770000;5,8031160000
202200011534;29;4;2022;16:15;1;29;1;1;1;6;47,8744760000; -4,2691110000
202200011535;18;3;2022;07:15;1;62;1;2;7;3;50,1543180000;3,1007250000
202200011536;27;4;2022;23:30;3;38;1;1;1;6;45,1079540000;5,3233070000
202200011537;18;3;2022;16:55;1;76;1;1;1;7;49,9505430000;1,5227870000
202200011538;28;4;2022;11:15;1;15;1;1;1;6;45,2927810000;2,5948920000
202200011539;27;4;2022;14:50;1;15;1;1;1;7;44,7986930000;2,3600540000
202200011540;29;4;2022;18:20;1;01;1;1;2;1;46,2606910000;5,0051580000
202200011541;28;4;2022;17:15;1;01;2;2;1;3;46,3371730000;4,9891020000
202200011542;29;4;2022;05:45;3;85;1;1;1;4;46,7930300000; -1,1991670000
202200011543;19;2;2022;03:05;3;57;1;1;1;1;49,3632400000;6,1069600000
202200011544;28;4;2022;18:30;1;18;1;2;1;3;46,9206660000;2,6535840000
202200011545;28;4;2022;22:20;3;18;1;1;1;6;46,6529860000;2,3770700000
202200011546;12;9;2022;07:45;1;02;1;1;7;1;49,8946210000;3,4062980000
202200011547;29;4;2022;15:25;1;24;1;1;1;3;45,1416510000;1,1944180000
202200011548;5;9;2022;12:00;1;58;1;1;7;3;47,4179940000;2,9579940000
202200011549;28;4;2022;18:24;1;04;2;9;1;3;43,9816600000;6,5246770000
202200011550;11;9;2022;17:45;1;72;2;1;1;1;48,1916330000;0,6613530000
202200011551;12;4;2022;14:20;1;04;1;1;1;7;43,9991200000;5,9193560000
202200011552;11;9;2022;12:00;1;72;1;1;1;7;47,8830960000;0,0385170000
202200011553;29;4;2022;12:05;1;17;1;1;1;1;45,9689000000; -0,5593160000
202200011554;11;9;2022;19:00;1;50;1;1;1;3;48,8665110000; -1,3913260000
202200011555;29;4;2022;01:45;3;30;1;1;1;6;43,8592100000;4,2247370000
202200011556;11;9;2022;15:30;1;50;1;1;1;7;49,5356620000; -1,4679060000
202200011557;11;9;2022;19:30;1;53;2;1;1;7;48,4105450000; -0,8120440000
202200011558;28;4;2022;18:50;1;06;1;1;1;7;43,6124900000;7,0474410000
202200011559;29;4;2022;10:00;1;51;1;9;1;7;49,0839430000;4,9573870000
202200011560;3;9;2022;10:00;1;85;1;1;1;4;46,7564530000; -1,7151920000
202200011561;21;7;2022;06:00;2;85;1;1;1;6;46,7855070000; -0,8134300000
202200011562;29;4;2022;09:30;1;69;1;9;1;1;45,9100550000;4,7908810000
202200011563;11;9;2022;03:00;5;971;2;1;1;6;16,2443180000; -61,5598170000
202200011564;27;4;2022;20:45;3;976;1;1;1;7; -12,7968300000;45,1305810000
202200011565;10;9;2022;18:50;5;987;2;1;3;3; -17,5920000000; -149,3910000000
202200011566;27;4;2022;22:45;3;971;1;1;1;2;16,2328210000; -61,5905140000
202200011567;11;9;2022;17:45;3;988;1;1;3;4; -22,1400700000;166,3542510000
202200011568;28;4;2022;18:30;3;971;1;1;8;1;15,9890130000; -61,6187100000
202200011569;11;9;2022;16:00;1;41;1;1;1;7;47,6613480000;1,6217280000
202200011570;28;4;2022;19:45;2;95;1;1;1;1;49,0484450000;2,5760360000
202200011571;11;9;2022;19:25;1;77;2;1;1;3;49,0500900000;2,7673320000
202200011572;11;9;2022;18:50;1;30;1;1;1;1;44,1435370000;3,6986160000
202200011573;28;4;2022;16:50;1;30;2;2;1;3;43,6735000000;4,4335400000
202200011574;8;9;2022;09:00;1;13;2;9;1;3;43,3675870000;5,6455240000
202200011575;11;9;2022;16:18;1;13;1;1;1;6;43,3125950000;5,6659840000
202200011576;28;4;2022;17:50;1;21;1;1;1;7;47,2829260000;5,2692320000
202200011577;11;9;2022;18:35;1;89;1;1;1;7;47,8702320000;3,4857900000
202200011578;26;4;2022;15:00;1;68;1;1;1;6;47,8095160000;7,1444280000
202200011579;11;9;2022;21:30;3;88;1;1;1;1;48,3901300000;5,6383470000
202200011580;11;9;2022;14:38;1;73;1;3;1;3;45,5748865200;6,7275722623
202200011581;29;4;2022;14:15;1;67;1;1;1;1;48,5752730000;7,5970510000
202200011582;10;8;2022;15:10;1;38;2;1;1;6;45,1342740000;5,6982100000
202200011583;29;4;2022;12:15;1;73;2;6;1;3;45,2725910000;6,3615560000
202200011584;2;9;2022;10:15;1;01;2;3;1;3;45,8254800000;4,9688780000
202200011585;29;4;2022;14:00;1;07;1;4;1;1;45,0775440000;4,7803510000
202200011586;11;9;2022;06:30;5;69;2;9;1;5;45,8358340000;4,8329440000
202200011587;11;9;2022;23:30;3;09;1;1;1;6;43,2432960000;1,5788340000
202200011588;28;4;2022;17:00;1;07;2;1;1;1;45,0530980000;4,8366500000
202200011589;9;9;2022;16:10;1;33;2;1;1;6;45,0492990000; -0,5840530000
202200011590;11;9;2022;17:00;1;85;1;3;1;7;46,7833900000; -1,5383460000
202200011591;28;4;2022;14:11;1;19;1;9;1;3;45,2257049134;1,8126408756
202200011592;11;9;2022;13:35;1;50;1;1;1;7;49,3532630000; -1,2565450000
202200011593;10;9;2022;12:30;1;14;2;1;1;6;49,3209030623; -0,3569253087
202200011594;28;4;2022;06:40;2;86;2;3;1;3;46,6840430000;0,3759180000
202200011595;11;9;2022;14:40;1;76;2;1;1;6;49,5235860000;0,7502620000
202200011596;29;4;2022;11:30;1;49;2;1;1;3;47,4784680000; -0,6180610000
202200011597;11;9;2022;16:15;1;13;1;1;1;2;43,4712200000;5,2356400000
202200011598;9;9;2022;15:20;1;13;1;1;1;3;43,2926000000;5,4242000000
202200011599;10;9;2022;02:43;3;13;1;1;1;2;43,4048420000;5,3397220000
202200011600;25;4;2022;17:00;1;49;1;6;1;5;47,4381900000; -0,6991340000
202200011601;11;9;2022;01:40;5;83;1;1;1;6;43,1270000000;5,8230200000
202200011602;28;4;2022;17:17;1;29;2;1;1;6;48,0852820000; -4,3297810000
202200011603;10;9;2022;15:43;1;83;2;1;1;3;43,1257200000;5,9717000000
202200011604;10;9;2022;10:30;1;42;1;1;1;6;45,4943194540;4,5407862067
202200011605;28;4;2022;17:26;1;60;2;9;1;3;49,3468990000;2,6796560000
202200011606;11;9;2022;06:10;4;33;1;1;1;6;44,7895100000; -0,6447600000
202200011607;11;9;2022;18:38;2;91;1;1;1;4;48,5974500000;2,4414200000
202200011608;27;4;2022;09:45;1;13;1;1;1;2;43,3978152439;5,0748467445
202200011609;11;9;2022;14:42;1;92;1;1;1;2;48,7295420000;2,3069010000
202200011610;23;4;2022;01:40;3;13;1;9;1;7;43,4029013227;5,3452402353
202200011611;11;9;2022;05:36;3;91;1;1;1;3;48,7279300000;2,3140900000
202200011612;10;9;2022;20:00;2;91;1;1;8;1;48,7472300000;2,2191200000
202200011613;18;4;2022;15:30;1;69;1;1;1;6;45,7036900000;4,8445200000
202200011614;11;9;2022;18:45;1;93;1;1;1;3;48,8658500000;2,4168400000
202200011615;15;4;2022;17:10;1;33;1;1;1;4;44,8767920000; -0,6325590000
202200011616;11;9;2022;12:15;1;93;1;1;1;4;48,9421443682;2,4781664745
202200011617;15;4;2022;15:30;1;33;1;1;1;6;44,7783300000; -0,5659600000
202200011618;11;9;2022;21:15;3;94;1;1;1;2;48,8162613201;2,4528248380
202200011619;11;9;2022;08:15;1;94;1;1;8;6;48,8290964148;2,4806796649
202200011620;27;4;2022;18:50;1;91;1;1;1;2;48,7117200000;2,2916620000
202200011621;11;9;2022;01:35;3;94;1;1;1;7;48,8176057496;2,4212441061
202200011622;27;4;2022;17:25;1;94;1;1;1;4;48,7602012934;2,3206169189
202200011623;11;3;2022;18:38;2;69;2;3;6;1;45,6097200000;4,7770900000
202200011624;26;4;2022;20:10;1;78;1;1;1;2;48,8225870000;2,0713200000
202200011625;10;9;2022;11:25;1;971;2;9;1;6;15,9946800000; -61,7312300000
202200011626;9;9;2022;16:27;1;91;2;1;2;6;48,7270300000;2,3167300000
202200011627;26;4;2022;19:10;1;92;1;1;1;2;48,7769354895;2,2248458868
202200011628;26;4;2022;08:10;1;78;1;1;1;7;48,8709790000;2,0281060000
202200011629;9;9;2022;17:15;1;59;2;6;2;6;50,6232205814;3,0539819598
202200011630;25;4;2022;20:40;1;92;1;1;1;6;48,8205945740;2,2186143918
202200011631;10;9;2022;12:55;1;53;2;1;1;6;48,0680200000; -0,7686800000
202200011632;10;9;2022;09:50;1;37;2;1;1;6;47,3421600000;0,6639200000
202200011633;25;4;2022;09:50;1;78;1;1;1;4;48,8397340000;2,1178700000
202200011634;8;9;2022;08:25;1;71;2;1;1;6;46,6584900000;4,3527900000
202200011635;25;4;2022;06:40;1;92;1;1;1;2;48,8388738592;2,1936046998
202200011636;8;9;2022;08:30;1;69;2;3;1;6;45,6916200000;4,9384100000
202200011637;24;4;2022;18:20;1;94;1;1;1;4;48,7669185754;2,3785361704
202200011638;8;9;2022;13:35;1;61;2;6;8;7;48,4458900000;0,0632100000
202200011639;8;9;2022;17:10;1;44;2;1;1;6;47,2623900000; -2,2544900000
202200011640;19;4;2022;17:45;1;94;1;1;1;2;48,8172002825;2,4437061533
202200011641;8;9;2022;09:35;1;38;2;1;1;6;45,1837011300;5,7468688100
202200011642;19;2;2022;11:12;1;95;2;1;1;6;49,0325269661;2,4773633480
202200011643;8;9;2022;08:40;1;33;2;3;2;1;44,7839900000; -0,6797900000
202200011644;24;2;2022;21:40;5;62;1;1;1;7;50,7050810000;1,5904630000
202200011645;25;4;2022;09:00;1;974;2;3;1;3; -21,3011700000;55,4574400000
202200011646;10;9;2022;13:15;1;976;2;1;1;7; -12,7788700000;45,2322500000
202200011647;25;4;2022;13:50;1;974;2;3;1;5; -20,9002100000;55,4993100000
202200011648;10;9;2022;19:50;3;974;1;1;1;2; -20,9563100000;55,3111400000
202200011649;26;4;2022;09:50;1;972;1;1;2;7;14,5982310000; -60,9762120000
202200011650;10;9;2022;13:30;1;974;1;1;1;7; -20,9499000000;55,3199000000
202200011651;25;4;2022;06:35;1;971;2;1;1;6;16,2539300000; -61,5233800000
202200011652;9;9;2022;01:55;5;972;1;1;1;2;14,6211250000; -60,9907550000
202200011653;25;4;2022;17:28;1;87;1;1;1;7;45,8621200000;1,1735700000
202200011654;10;9;2022;12:20;1;69;2;1;1;6;45,7755000000;4,8034600000
202200011655;10;9;2022;14:57;1;2A;1;6;1;2;41,9271300000;8,7791600000
202200011656;25;4;2022;17:00;1;83;1;1;1;2;43,1379000000;6,0247500000
202200011657;20;4;2022;21:40;5;80;2;1;1;6;49,9009000000;2,2990600000
202200011658;10;9;2022;17:35;1;78;2;1;2;2;48,9704300000;2,0359400000
202200011659;21;4;2022;17:45;1;80;2;1;1;6;50,1090949093;1,8248132344
202200011660;10;9;2022;06:20;5;72;2;9;1;3;47,9987863002;0,2184569833
202200011661;11;9;2022;01:00;5;71;2;1;1;2;46,8042500000;4,8452100000
202200011662;20;3;2022;15:10;1;78;2;2;1;3;48,8161730000;1,9975330000
202200011663;10;9;2022;19:20;1;71;2;1;1;3;46,8042500000;4,8452100000
202200011664;19;4;2022;18:54;1;76;2;1;1;3;49,4234400000;1,0974700000
202200011665;10;9;2022;23:10;5;64;2;1;1;2;43,4211520000; -1,6058320000
202200011666;10;9;2022;11:05;1;64;1;1;1;2;43,4170900000; -1,6095700000
202200011667;16;4;2022;18:15;1;76;2;1;1;2;49,4471800000;1,0370200000
202200011668;10;9;2022;17:45;1;64;2;1;1;3;43,2848100000; -0,3877500000
202200011669;25;4;2022;16:45;1;72;2;1;1;2;47,9843100000;0,1858900000
202200011670;10;9;2022;12:20;1;64;2;6;1;3;43,3209940986; -0,3919351101
202200011671;26;4;2022;16:50;1;69;2;1;1;6;45,7481800000;4,9145500000
202200011672;10;9;2022;09:30;1;64;2;6;1;3;43,2790435022; -0,3755763173
202200011673;9;9;2022;04:50;5;64;2;1;3;6;43,4809900000; -1,5122000000
202200011674;25;4;2022;14:00;1;69;2;4;1;3;45,6955400000;4,9123500000
202200011675;10;9;2022;21:53;3;62;1;9;1;6;50,9220200000;1,7928170000
202200011676;10;9;2022;14:15;1;59;2;1;1;6;50,7349522257;3,1150746346
202200011677;22;4;2022;13:00;1;67;2;1;1;2;48,5145700000;7,7063400000
202200011678;10;9;2022;04:15;5;57;2;1;9;6;49,1379000000;6,1421900000
202200011679;1;9;2022;16:08;1;54;1;1;1;7;48,9220000000;6,0654600000
202200011680;22;4;2022;10:55;1;67;2;1;1;3;48,5909600000;7,7465330000
202200011681;10;9;2022;22:25;5;54;2;2;2;3;48,6867100000;6,2011000000
202200011682;25;4;2022;17:10;1;64;2;6;1;2;43,3051000000; -0,4019700000
202200011683;11;9;2022;00:10;3;51;2;1;1;7;49,2333800000;4,0999500000
202200011684;22;4;2022;19:30;1;62;2;1;1;7;50,4408390000;2,8501630000
202200011685;9;9;2022;17:55;1;51;2;7;8;1;49,2566500000;4,0347100000
202200011686;10;9;2022;00:30;5;51;2;1;2;7;49,2523700000;4,0220000000
202200011687;17;4;2022;16:55;1;59;2;2;7;2;50,6166983111;3,0620902777
202200011688;10;9;2022;18:30;1;49;2;1;1;7;47,4499300000; -0,5757400000
202200011689;23;4;2022;21:15;5;58;2;1;2;6;46,9894400000;3,1504800000
202200011690;10;9;2022;03:00;5;47;2;3;1;6;44,4230829627;0,7003763785
202200011691;24;4;2022;08:50;1;57;2;1;2;6;49,3562700000;6,0646700000
202200011692;10;9;2022;18:34;1;47;1;9;1;1;44,1904320000;0,6854100000
202200011693;24;4;2022;08:20;1;54;2;2;1;2;48,6834200000;6,1735100000
202200011694;9;9;2022;17:23;1;47;1;1;1;3;44,1645800000;0,5989100000
202200011695;10;9;2022;20:40;5;45;2;3;1;3;47,9038155315;1,9353181422
202200011696;26;4;2022;19:10;1;51;2;1;1;3;49,2613000000;4,0500400000
202200011697;10;9;2022;10:15;1;45;2;2;8;3;48,0130400000;2,7312100000
202200011698;25;4;2022;12:44;1;49;2;1;1;3;47,4813900000; -0,5238300000
202200011699;10;9;2022;18:50;1;43;2;1;1;6;45,0496100000;3,9120500000
202200011700;10;9;2022;02:20;5;43;2;1;1;6;45,0504800000;3,8463100000
202200011701;22;4;2022;22:50;4;49;2;1;1;3;47,4545500000; -0,5338600000
202200011702;10;7;2022;22:10;5;42;2;2;1;3;45,4244500000;4,3930900000
202200011703;23;4;2022;15:40;1;41;2;2;1;3;47,6101800000;1,3328700000
202200011704;5;9;2022;11:45;1;42;2;2;1;3;45,4240100000;4,3751800000
202200011705;10;9;2022;17:30;1;35;2;1;1;6;48,1079100000; -1,6657700000
202200011706;26;4;2022;18:15;1;37;2;3;1;2;47,3267304362;0,6628704071
202200011707;10;9;2022;16:30;1;35;1;1;1;4;48,0789300000; -1,6737700000
202200011708;26;4;2022;18:30;1;35;1;1;1;2;48,1123600000; -1,7183900000
202200011709;10;9;2022;03:25;3;35;1;1;1;2;48,0825868966; -1,6446501017
202200011710;9;9;2022;14:25;1;31;2;1;1;6;43,5577400000;1,3798200000
202200011711;26;4;2022;11:00;1;33;2;6;1;3;44,8370600000; -0,6469200000
202200011712;10;9;2022;15:45;1;26;2;1;1;6;44,5534600000;4,7463500000
202200011713;25;4;2022;16:15;1;33;2;1;1;3;44,8983400000; -0,5100600000
202200011714;10;9;2022;11:15;1;22;2;1;1;6;48,5156300000; -2,7710100000
202200011715;26;4;2022;08:20;1;31;2;9;1;6;43,6178200000;1,3886350000
202200011716;10;9;2022;15:00;1;14;2;1;2;3;49,1695979921; -0,3226053715
202200011717;26;4;2022;08:10;1;28;1;1;1;1;48,7430000000;1,3377400000
202200011718;9;9;2022;17:54;1;14;2;3;1;3;49,1915100000; -0,3923600000
202200011719;26;4;2022;17:22;1;27;2;1;1;6;49,0987700000;1,4559100000
202200011720;10;9;2022;23:45;5;13;2;9;1;3;43,6387000000;5,0953400000
202200011721;26;4;2022;18:15;1;14;2;1;1;3;49,1725516988; -0,3889954091
202200011722;10;9;2022;23:45;5;13;2;3;1;3;43,2889500000;5,4300100000
202200011723;26;4;2022;16:33;1;14;2;1;1;6;49,1734580000; -0,3341940000
202200011724;10;9;2022;04:50;5;13;2;1;1;7;43,2849000000;5,3675600000
202200011725;26;4;2022;17:45;1;13;2;1;1;2;43,3200848944;5,3920024445
202200011726;9;9;2022;23:35;5;13;2;2;1;3;43,3061950996;5,3722956776
202200011727;26;4;2022;08:25;1;13;2;1;1;2;43,3593891940;5,3648255222
202200011728;10;9;2022;15:55;1;08;1;1;3;7;49,8008816098;4,7082831859
202200011729;10;9;2022;05:10;5;06;2;1;1;-1;43,7345300000;7,2579100000
202200011730;15;4;2022;12:00;1;13;2;2;1;3;43,2991000000;5,3880200000
202200011731;10;9;2022;01:30;5;06;2;1;1;1;43,5948430000;7,1200210000
202200011732;25;4;2022;16:30;1;13;2;1;1;6;43,3397619524;5,4776105073
202200011733;10;9;2022;13:50;1;75;2;1;1;2;48,9007640000;2,3302420000
202200011734;9;9;2022;22:15;5;75;2;1;1;7;48,8168800000;2,3483260000
202200011735;26;4;2022;21:30;5;13;2;9;1;2;43,5879600000;4,9995400000
202200011736;9;9;2022;19:50;1;75;2;1;2;3;48,8458310000;2,4142090000
202200011737;10;9;2022;09:00;1;75;2;2;1;6;48,8886360000;2,3156520000
202200011738;25;4;2022;10:55;1;13;2;6;1;2;43,2837124582;5,5141008246
202200011739;10;9;2022;04:21;5;75;2;7;1;2;48,8624140000;2,3015900000
202200011740;26;4;2022;18:00;1;11;2;3;1;3;43,2229000000;2,3454100000
202200011741;9;9;2022;05:30;5;75;2;2;1;7;48,8469140000;2,2932750000
202200011742;25;4;2022;18:10;1;10;2;1;1;6;48,2716921026;4,0788030624
202200011743;10;9;2022;11:50;1;75;2;1;2;6;48,8204350000;2,3386760000
202200011744;10;9;2022;10:15;1;75;2;2;2;3;48,8648650000;2,3665380000
202200011745;26;4;2022;11:45;1;06;2;1;1;3;43,6380680000;6,9507160000
202200011746;10;9;2022;13:37;1;75;2;1;8;6;48,8682880000;2,3657120000
202200011747;21;4;2022;17:10;1;05;2;1;8;3;44,5591100000;6,0730900000
202200011748;10;9;2022;05:32;5;75;2;2;1;3;48,8810990000;2,3651650000
202200011749;10;9;2022;05:50;5;75;2;2;1;3;48,8707190000;2,3479550000
202200011750;25;4;2022;18:15;1;75;2;1;1;4;48,8581320366;2,4140898383
202200011751;10;9;2022;06:50;2;75;2;3;8;7;48,8710880000;2,3347830000
202200011752;10;9;2022;13:15;1;75;2;3;2;6;48,8670800000;2,3161210000
202200011753;26;4;2022;22:28;5;75;2;2;1;3;48,8514700000;2,3370590000
202200011754;10;9;2022;03:20;5;75;2;5;8;2;48,8719770000;2,3400450000
202200011755;26;4;2022;12:50;1;75;2;3;8;3;48,8370940000;2,3526830000
202200011756;10;9;2022;18:35;2;94;2;1;2;4;48,8145200000;2,4636600000
202200011757;26;4;2022;04:20;5;75;2;3;1;6;48,8540730000;2,3315560000
202200011758;10;9;2022;03:00;5;94;2;2;1;3;48,8060970000;2,3459540000
202200011759;10;9;2022;00:30;5;94;2;1;8;3;48,7970000000;2,3680000000
202200011760;26;4;2022;21:10;5;75;2;4;1;3;48,8804677531;2,4071136117
202200011761;10;9;2022;15:24;1;94;2;1;3;4;48,7730000000;2,4399200000
202200011762;26;4;2022;14:20;1;75;2;4;1;6;48,8830929655;2,3714549839
202200011763;10;9;2022;06:10;5;94;2;6;1;6;48,7846100000;2,4367600000
202200011764;25;4;2022;22:45;5;75;2;3;1;3;48,8981860000;2,3860220000
202200011765;9;9;2022;22:20;5;93;2;1;1;2;48,9471090276;2,3865364982
202200011766;9;9;2022;23:30;5;93;2;4;1;3;48,8863300000;2,4039800000
202200011767;26;4;2022;17:40;1;75;2;2;1;6;48,8865540000;2,3495580000
202200011768;10;9;2022;11:45;1;93;2;1;2;2;48,9278614403;2,3911815836
202200011769;26;4;2022;20:25;2;75;2;2;1;3;48,8429980000;2,3127970000
202200011770;10;9;2022;18:00;1;93;2;1;1;5;48,8946780658;2,4705612375
202200011771;10;9;2022;18:50;1;93;2;1;2;6;48,9389386692;2,4872589047
202200011772;26;4;2022;12:40;1;75;2;7;1;2;48,8280511075;2,3268444836
202200011773;10;9;2022;14:00;1;92;2;1;1;7;48,8695245429;2,1944318712
202200011774;25;4;2022;23:30;5;75;2;2;1;2;48,8224090000;2,3715700000
202200011775;10;9;2022;18:29;1;92;2;1;3;2;48,8827490793;2,2670894265
202200011776;10;9;2022;09:10;1;92;2;3;1;6;48,8840962716;2,1924161911
202200011777;26;4;2022;10:30;1;75;2;2;1;6;48,8651870000;2,3677300000
202200011778;10;9;2022;09:25;1;92;1;1;1;2;48,9180660000;2,2989580000
202200011779;26;4;2022;01:00;5;75;2;2;1;3;48,8557600000;2,3913350000
202200011780;10;9;2022;12:37;1;92;2;9;8;2;48,9230340000;2,2562850000
202200011781;11;9;2022;10:45;1;63;1;1;1;2;45,7026800000;3,0444410000
202200011782;26;4;2022;10:20;1;75;2;4;1;3;48,8814437721;2,3514336348
202200011783;11;9;2022;14:15;1;67;1;1;1;6;48,6102710000;7,6298980000
202200011784;5;9;2022;22:10;3;41;1;1;9;6;47,7461610000;1,5364850000
202200011785;26;4;2022;09:05;1;75;2;7;1;7;48,8706459442;2,3320533335
202200011786;16;8;2022;12:45;1;38;1;1;1;3;44,8677470000;5,7796130000
202200011787;26;4;2022;10:10;1;75;2;1;1;3;48,8726370000;2,3214550000
202200011788;11;9;2022;10:30;1;22;1;1;1;3;48,3427730000; -2,3356350000
202200011789;9;9;2022;20:40;5;66;2;1;1;1;42,7348070000;2,9093330000
202200011790;25;4;2022;07:40;1;75;2;2;1;3;48,8711637307;2,3216439345
202200011791;26;4;2022;09:08;1;94;2;1;1;3;48,7514400000;2,4888500000
202200011792;11;9;2022;14:45;1;83;1;1;1;4;43,3969170000;5,9688110000
202200011793;26;4;2022;08:00;1;94;2;1;1;1;48,8100100000;2,4991800000
202200011794;10;9;2022;20:35;3;30;1;9;1;2;43,8040005903;4,4058403373
202200011795;30;8;2022;07:10;1;51;1;1;2;4;48,9175500000;4,0204810000
202200011796;26;4;2022;11:45;1;94;2;1;1;3;48,8067200000;2,3633600000
202200011797;11;9;2022;14:15;1;19;1;1;1;6;45,0420141037;1,7479033470
202200011798;25;4;2022;15:30;1;93;2;1;1;2;48,9324790000;2,3486550000
202200011799;11;9;2022;16:50;1;19;1;1;1;6;45,1415720000;1,8687160000
202200011800;10;9;2022;20:30;3;82;1;1;1;6;43,9413630000;0,8716640000
202200011801;26;4;2022;18:00;1;93;2;1;1;6;48,9552200000;2,2936200000
202200011802;10;9;2022;23:30;5;71;2;1;1;6;46,4919330000;5,3870080000
202200011803;11;9;2022;07:15;2;71;1;1;1;6;46,7125020000;4,4220830000
202200011804;26;4;2022;16:00;1;93;2;2;1;2;48,9072000000;2,4568300000
202200011805;11;9;2022;15:00;1;71;1;1;1;6;46,9514830000;4,3742140000
202200011806;11;9;2022;06:30;2;89;1;1;5;2;48,2955000000;3,1923870000
202200011807;26;4;2022;20:00;2;93;2;2;1;2;48,9522133560;2,4945769221
202200011808;11;9;2022;16:50;1;12;1;1;1;7;44,4350360000;2,5144100000
202200011809;26;4;2022;18:30;1;93;2;1;1;6;48,9109600000;2,3819600000
202200011810;11;9;2022;03:30;3;12;1;1;1;6;44,4234980000;2,2547880000
202200011811;11;9;2022;13:00;1;47;2;6;1;3;44,4934630000;0,9636370000
202200011812;25;4;2022;16:40;1;92;2;3;1;3;48,8192182161;2,3009385019
202200011813;9;9;2022;23:20;3;47;1;1;1;6;44,3064170000;0,3240840000
202200011814;23;4;2022;11:45;1;92;2;1;1;3;48,8655600000;2,1845600000
202200011815;25;4;2022;21:30;5;92;2;1;1;3;48,9187230000;2,3027400000
202200011816;10;9;2022;10:10;1;41;1;9;1;5;47,3296030000;1,1518590000
202200011817;11;9;2022;19:15;1;34;1;1;1;2;43,6781380000;3,3468770000
202200011818;26;4;2022;16:48;1;92;2;1;1;3;48,7841675772;2,2381673008
202200011819;11;9;2022;03:45;3;31;1;1;1;6;43,7208150000;1,2476990000
202200011820;10;9;2022;19:45;2;38;2;3;1;3;45,5372720000;5,5868160000
202200011821;9;4;2022;05:50;3;01;1;1;1;6;45,9589670000;5,3282830000
202200011822;26;4;2022;12:13;1;06;2;3;1;1;43,7421290000;7,3208800000
202200011823;11;9;2022;14:30;1;58;1;1;1;1;47,2082580000;4,0287850000
202200011824;11;9;2022;11:50;1;06;1;1;1;7;44,1221300000;6,7920190000
202200011825;27;4;2022;13:15;1;13;2;1;1;3;43,3960360000;4,7960040000
202200011826;11;9;2022;03:00;3;06;2;1;1;7;43,7314620000;7,3724310000
202200011827;11;9;2022;09:30;1;90;2;1;1;7;47,6888940000;6,8308030000
202200011828;25;4;2022;06:15;1;974;2;6;1;6; -21,2832360000;55,5205090000
202200011829;10;9;2022;16:33;1;43;1;9;1;7;44,9132270000;3,8829230000
202200011830;11;9;2022;06:50;1;10;2;1;1;1;48,1649690000;4,3776940000
202200011831;27;4;2022;14:30;1;974;2;3;1;3; -21,2675250000;55,3710400000
202200011832;11;9;2022;02:30;3;16;1;1;1;6;46,0297710000;0,1016550000
202200011833;11;9;2022;08:45;1;07;1;1;1;1;45,2296740000;4,6740820000
202200011834;27;4;2022;17:00;1;42;2;4;1;1;46,1838264999;3,8626280725
202200011835;11;9;2022;13:10;1;07;1;3;1;1;44,4257050000;4,4170620000
202200011836;27;4;2022;22:20;5;974;2;1;1;2; -21,0361810000;55,7069490000
202200011837;11;9;2022;00:40;5;24;1;9;1;3;45,1296610000;1,2550730000
202200011838;27;4;2022;12:30;1;59;2;1;1;6;51,0696840000;2,5133800000
202200011839;11;9;2022;19:20;2;04;1;1;1;1;43,9615300000;6,1874910000
202200011840;28;4;2022;11:40;1;62;1;1;1;2;50,2644840000;2,8758060000
202200011841;11;9;2022;03:20;3;85;1;1;1;6;46,7239300000; -0,9260310000
202200011842;9;9;2022;23:30;3;17;1;1;1;7;46,1306470000; -0,6910780000
202200011843;24;3;2022;09:30;1;34;1;6;1;3;43,5928000000;3,8215550000
202200011844;10;9;2022;07:30;1;23;1;1;1;6;46,1986480000;2,1392870000
202200011845;11;9;2022;05:45;3;87;1;1;1;6;45,8507220000;0,8573730000
202200011846;28;4;2022;04:30;3;33;1;1;1;4;45,1477540000; -0,3634820000
202200011847;11;9;2022;12:00;1;30;1;9;1;3;43,5873700000;4,2181900000
202200011848;11;9;2022;02:40;3;88;1;1;1;1;48,0366700000;6,9271110000
202200011849;26;4;2022;12:40;1;2A;2;1;1;2;41,9208800000;8,9039470000
202200011850;26;8;2022;14:00;1;987;2;9;1;3; -17,7120000000; -149,5080000000
202200011851;27;4;2022;09:30;1;32;1;1;1;3;43,6056950000;1,0746380000
202200011852;10;9;2022;02:20;3;33;1;1;1;6;44,7082600000; -0,6988010000