Accident_Id;jour;mois;an;hrmn;lum;dep;agg;int;atm;col;lat;long
202200011853;10;9;2022;19:54;2;73;1;1;1;6;45,3010940000;6,5689440000
202200011854;28;4;2022;11:50;1;71;2;6;1;2;46,6101520000;4,2186370000
202200011855;10;9;2022;11:55;1;34;1;1;1;2;43,5981510000;3,7824580000
202200011856;28;4;2022;05:14;5;89;2;1;1;6;47,8584320000;3,9769540000
202200011857;11;9;2022;06:00;2;973;1;1;2;1;4,9151270000; -52,3746690000
202200011858;28;4;2022;11:45;1;42;1;1;1;6;45,5442900000;4,0886740000
202200011859;10;9;2022;21:25;3;33;1;1;1;6;44,9647210000; -1,0254470000
202200011860;27;4;2022;19:15;1;25;1;1;1;6;46,8616000000;6,3492390000
202200011861;10;9;2022;04:40;3;77;1;1;5;1;48,5110040000;2,7832850000
202200011862;27;4;2022;17:40;1;44;2;1;1;6;47,2442650000; -2,1586310000
202200011863;11;9;2022;15:08;1;91;2;1;1;1;48,4107450000;2,4713870000
202200011864;10;9;2022;15:00;1;34;1;1;1;6;43,4895930000;3,6835900000
202200011865;28;4;2022;18:00;1;35;1;1;1;1;48,5598520000; -1,7685950000
202200011866;11;9;2022;00:15;3;84;1;1;1;7;43,8920550000;5,4705370000
202200011867;10;9;2022;18:35;1;04;1;1;1;1;44,3103990000;6,5961960000
202200011868;27;4;2022;22:00;3;14;1;1;1;5;49,0885880000; -0,7478960000
202200011869;11;9;2022;08:30;1;13;1;1;1;1;43,7973670000;4,7993730000
202200011870;27;4;2022;17:15;1;05;1;1;1;6;44,4661270000;6,2466930000
202200011871;11;9;2022;18:25;1;70;2;2;9;3;47,6771780000;6,5338450000
202200011872;25;4;2022;14:30;1;09;1;1;1;7;42,8991070000;1,4527520000
202200011873;10;9;2022;16:50;1;21;1;1;1;3;47,2873260000;4,9648330000
202200011874;26;4;2022;17:10;1;60;1;1;1;3;49,3881280000;2,0054980000
202200011875;9;9;2022;14:30;1;68;2;4;1;7;48,1961660000;7,3188750000
202200011876;27;4;2022;19:00;2;64;1;1;1;6;43,2888970000; -1,3520160000
202200011877;11;9;2022;00:45;5;57;2;2;1;3;49,2159120000;6,1637860000
202200011878;27;4;2022;14:30;1;16;1;9;1;6;45,6771360000;0,4122790000
202200011879;28;4;2022;15:43;1;21;2;6;1;6;47,1123100000;5,2541000000
202200011880;27;4;2022;23:02;3;04;2;1;1;7;44,0620560000;5,9970550000
202200011881;27;4;2022;15:30;1;69;2;6;1;3;45,7657880000;4,7518780000
202200011882;28;4;2022;12:00;1;17;1;1;1;7;46,0392800000; -0,5367850000
202200011883;23;4;2022;17:34;1;973;1;1;1;2;5,5984500000; -53,7063870000
202200011884;7;2;2022;10:30;1;95;1;1;1;6;48,9726584874;2,2472566366
202200011885;7;2;2022;09:00;1;93;1;1;1;2;48,8641300000;2,4822400000
202200011886;7;2;2022;10:00;1;94;1;1;1;2;48,8411888425;2,4928625425
202200011887;7;2;2022;08:50;1;77;1;1;1;2;48,7193293662;2,5987937246
202200011888;7;2;2022;06:15;3;77;1;1;1;5;48,8311700000;2,6829200000
202200011889;7;2;2022;07:45;1;974;2;1;1;3; -21,3335200000;55,4571100000
202200011890;7;2;2022;16:30;1;06;2;1;1;6;43,6948820000;7,2622480000
202200011891;3;2;2022;08:25;1;55;2;2;1;6;48,7726600000;5,1654800000
202200011892;6;2;2022;10:54;1;974;2;3;2;6; -20,8891800000;55,4249000000
202200011893;7;2;2022;17:30;2;69;2;1;1;3;45,7389100009;4,8666885495
202200011894;7;2;2022;16:00;1;69;2;2;1;6;45,7444700000;4,8223100000
202200011895;7;2;2022;07:00;5;69;2;6;8;3;45,7817500000;4,8331900000
202200011896;7;2;2022;16:00;1;971;1;1;1;7;16,2094500000; -61,4722400000
202200011897;7;2;2022;14:45;1;95;1;2;1;3;48,9762993853;2,4993413687
202200011898;7;2;2022;08:00;1;91;2;3;1;3;48,6661600000;2,3634200000
202200011899;7;2;2022;10:30;1;91;2;6;1;2;48,6481600000;2,3667300000
202200011900;4;2;2022;15:44;1;87;2;6;1;7;45,8939800000;1,2811700000
202200011901;4;2;2022;11:39;1;87;2;1;2;6;45,8283000000;1,2615200000
202200011902;7;2;2022;19:30;5;83;2;1;1;6;43,1314100000;5,9124600000
202200011903;6;2;2022;01:39;5;76;2;1;1;2;49,3920100000;1,0580190000
202200011904;4;2;2022;21:25;5;76;2;2;1;6;49,4942000000;0,1384000000
202200011905;4;2;2022;13:00;1;76;1;1;2;6;49,5295000000;0,1472400000
202200011906;6;2;2022;00:28;3;74;2;1;1;1;46,2038000000;6,2444100000
202200011907;5;2;2022;14:05;1;74;2;3;1;3;46,1929500000;6,2374100000
202200011908;26;1;2022;03:00;5;71;2;2;1;3;46,7875300000;4,8390400000
202200011909;7;2;2022;09:15;1;69;2;1;1;2;45,7690546148;4,9057120085
202200011910;2;2;2022;21:20;3;67;2;3;2;2;48,5952600000;7,7278800000
202200011911;7;2;2022;08:20;1;67;2;1;1;6;48,5203700000;7,7023700000
202200011912;4;2;2022;16:05;1;67;2;1;2;5;48,5702500000;7,7376100000
202200011913;4;2;2022;02:00;5;67;2;3;1;3;48,6114281238;7,7510046959
202200011914;6;2;2022;16:22;1;66;1;1;1;6;42,7006070000;2,9354451000
202200011915;6;2;2022;03:50;5;66;2;2;1;3;42,6895600000;2,8844800000
202200011916;6;2;2022;02:05;3;66;1;1;1;6;42,6709000000;2,8566700000
202200011917;5;2;2022;20:40;5;66;2;3;1;3;42,6961300000;2,9060500000
202200011918;5;2;2022;00:42;5;66;1;1;1;6;42,7298786566;2,8777366877
202200011919;4;2;2022;10:32;1;66;2;1;1;6;42,6866600000;2,9072000000
202200011920;6;2;2022;15:13;1;65;2;2;1;1;43,2348610000;0,0715540000
202200011921;13;10;2022;19:52;5;59;2;4;2;3;50,1732000000;3,2437000000
202200011922;7;2;2022;15:30;1;64;2;4;1;7;43,2946100000; -0,3651700000
202200011923;5;2;2022;16:25;1;63;2;1;1;6;45,7649900000;3,1254400000
202200011924;5;2;2022;15:20;1;63;2;1;1;3;45,7575400000;3,1480000000
202200011925;5;8;2022;20:18;1;58;2;6;1;3;46,9941400000;3,1363300000
202200011926;7;2;2022;07:50;1;59;2;1;1;1;50,7720000000;3,1220500000
202200011927;7;2;2022;07:20;5;59;2;1;1;6;50,6924000000;3,1836900000
202200011928;13;10;2022;14:20;1;56;2;1;2;3;47,8111046600; -3,2641428700
202200011929;4;2;2022;09:40;1;58;2;1;1;6;46,9887500000;3,1716800000
202200011930;6;2;2022;11:18;1;56;1;6;2;3;47,7506500000; -3,4190400000
202200011931;4;2;2022;22:48;3;56;1;1;8;6;47,7880600000; -3,2812734000
202200011932;2;9;2022;12:00;1;54;2;9;1;2;48,6685100000;5,8894400000
202200011933;7;2;2022;21:55;5;51;2;1;1;7;49,2699400000;4,0242400000
202200011934;13;10;2022;17:47;1;54;2;1;1;6;48,6880000000;5,8990000000
202200011935;7;2;2022;15:50;1;51;2;1;1;2;49,2325600000;4,0378000000
202200011936;13;10;2022;07:25;3;53;2;1;1;6;48,0846340000; -0,7870190000
202200011937;4;2;2022;14:52;1;49;2;1;1;2;47,2581700000; -0,0883900000
202200011938;13;10;2022;18:35;2;51;2;1;2;7;49,2482200000;4,0589300000
202200011939;7;2;2022;10:20;1;45;2;1;1;3;47,9496059651;1,8434795737
202200011940;6;2;2022;21:30;3;44;1;6;1;1;47,2854300000; -2,2499000000
202200011941;6;2;2022;14:25;1;44;1;6;1;2;47,2868000000; -2,2509000000
202200011942;13;10;2022;16:35;1;51;2;6;2;3;49,2249400000;4,0177800000
202200011943;2;2;2022;17:20;1;43;2;1;8;6;45,0361072921;3,8783347607
202200011944;8;10;2022;21:00;3;50;2;7;1;6;49,6315600000; -1,6052500000
202200011945;7;2;2022;18:10;2;37;2;3;1;3;47,3443400000;0,6556500000
202200011946;7;2;2022;09:30;1;37;2;3;1;1;47,3551552080;0,7273299247
202200011947;7;2;2022;16:55;1;35;2;1;1;2;48,1295200000; -1,6791500000
202200011948;13;10;2022;07:42;5;49;2;1;2;7;47,4957500000; -0,5644500000
202200011949;7;2;2022;14:08;1;35;2;9;1;6;48,0840000000; -1,6779600000
202200011950;7;2;2022;09:20;1;35;2;9;1;6;48,1152500000; -1,6768800000
202200011951;12;10;2022;15:51;1;49;2;2;1;6;47,4604100000; -0,5545000000
202200011952;7;2;2022;21:50;5;34;2;2;1;6;43,6268723911;3,8894216443
202200011953;7;2;2022;12:55;1;33;2;2;1;6;44,8678300000; -0,6700000000
202200011954;12;10;2022;07:18;5;49;2;6;1;7;47,4456100000; -0,5269600000
202200011955;7;2;2022;12:55;1;29;2;2;1;3;48,4025900000; -4,4819300000
202200011956;12;10;2022;07:15;3;49;2;1;1;7;47,4447400000; -0,5362500000
202200011957;1;2;2022;09:00;1;29;2;2;1;1;48,4223760000; -4,4982010000
202200011958;7;2;2022;12:55;1;27;1;3;1;7;49,0993500000;1,5024800000
202200011959;11;10;2022;16:58;1;49;2;1;1;6;47,4698000000; -0,5496000000
202200011960;7;2;2022;15:40;1;27;2;2;1;3;49,2636300000;1,2142400000
202200011961;4;2;2022;20:55;5;25;2;3;8;3;46,9162200000;6,3448000000
202200011962;7;2;2022;20:55;3;17;1;1;1;6;45,7303300000; -0,6218300000
202200011963;13;10;2022;13:50;1;45;2;2;1;3;47,8462100000;1,8917000000
202200011964;7;2;2022;16:20;1;14;2;9;7;6;49,3597700000;0,0806900000
202200011965;7;2;2022;17:45;1;14;1;1;1;4;49,1984100000; -0,3737800000
202200011966;7;2;2022;09:05;1;13;2;1;1;3;43,2843500000;5,3496500000
202200011967;13;10;2022;12:40;1;44;2;6;2;3;47,2709500000; -2,2443000000
202200011968;7;2;2022;01:19;5;13;2;1;1;1;43,2875370028;5,4651593049
202200011969;6;2;2022;01:50;3;13;1;1;1;7;43,4545800000;5,0095600000
202200011970;7;2;2022;12:00;1;06;2;6;1;3;43,5540700000;6,9730000000
202200011971;13;10;2022;07:05;5;44;2;6;2;3;47,2700000000; -2,2391300000
202200011972;7;2;2022;19:15;5;06;2;1;1;2;43,6734100000;7,1898100000
202200011973;7;2;2022;13:50;1;06;2;1;1;3;43,5909780000;7,0562970000
202200011974;30;9;2022;11:00;1;44;1;1;1;2;47,1599460000; -1,5345500000
202200011975;6;2;2022;18:00;2;05;2;1;1;2;44,5515900000;6,0706800000
202200011976;4;2;2022;15:00;1;05;2;1;1;2;44,5647500000;6,0905300000
202200011977;6;2;2022;13:30;1;75;2;3;2;2;48,8851790000;2,3793710000
202200011978;12;10;2022;10:25;1;40;2;1;1;4;43,8985500000; -0,5114900000
202200011979;13;10;2022;20:30;5;37;2;6;2;6;47,3955300000;0,6773800000
202200011980;6;2;2022;11:25;1;75;2;2;1;5;48,8479260293;2,2601741552
202200011981;12;10;2022;16:40;1;37;2;6;1;3;47,3639406519;0,6995901018
202200011982;7;2;2022;18:55;5;75;2;2;1;3;48,8530560000;2,3972380000
202200011983;13;10;2022;18:00;1;35;2;5;2;6;48,1384900000; -1,6586000000
202200011984;13;10;2022;17:05;1;35;2;3;2;6;48,0923391376; -1,6913433373
202200011985;7;2;2022;13:45;1;75;2;2;1;6;48,8936270000;2,3363920000
202200011986;13;10;2022;12:10;1;35;2;1;2;3;48,1064413488; -1,6659441590
202200011987;7;2;2022;09:20;1;75;2;2;1;3;48,8976830000;2,3291650000
202200011988;12;10;2022;13:55;1;34;2;1;1;3;43,6044800000;3,8776400000
202200011989;7;2;2022;09:00;1;75;2;1;1;2;48,8826120000;2,2834970000
202200011990;13;10;2022;20:22;5;33;2;1;2;6;44,8244500000; -0,5993100000
202200011991;6;2;2022;13:30;1;75;2;2;2;7;48,8862040000;2,3177490000
202200011992;7;2;2022;11:30;1;75;2;7;1;2;48,8479320000;2,2601320000
202200011993;10;10;2022;21:25;5;33;2;2;1;3;44,8315020246; -0,5586274266
202200011994;6;2;2022;22:00;5;75;2;1;2;3;48,8693040000;2,2883450000
202200011995;10;10;2022;07:22;5;33;2;3;1;3;44,8306900000; -0,5668700000
202200011996;6;2;2022;15:50;1;75;2;3;2;6;48,8867330000;2,3259130000
202200011997;13;10;2022;21:05;5;31;2;4;1;1;43,6655960000;1,4389510000
202200011998;3;2;2022;13:15;1;75;2;1;1;6;48,8763490000;2,2826790000
202200011999;7;2;2022;21:40;5;75;2;2;1;6;48,8462000000;2,2951780000
202200012000;12;10;2022;13:12;1;31;2;1;1;2;43,6144020000;1,4492110000
202200012001;7;2;2022;20:35;5;75;2;3;1;2;48,8274620000;2,3569050000
202200012002;13;10;2022;10:59;1;29;2;3;2;1;47,9957700000; -4,0636900000
202200012003;7;2;2022;17:20;1;75;2;3;1;3;48,8280960000;2,3848520000
202200012004;13;10;2022;13:50;1;29;1;1;8;7;47,8704700000; -3,8752900000
202200012005;7;2;2022;10:47;1;75;2;3;1;3;48,8264170000;2,3420040000
202200012006;7;2;2022;06:20;5;75;2;3;1;6;48,8474170000;2,4034350000
202200012007;13;10;2022;21:00;3;25;1;1;1;6;47,2686100000;6,0022100000
202200012008;7;2;2022;15:35;1;75;2;3;1;6;48,8621320000;2,3729410000
202200012009;12;10;2022;18:00;1;14;2;1;1;6;49,3458070000;0,0438050000
202200012010;30;6;2022;17:00;1;13;1;1;1;3;43,2847894092;5,4176223276
202200012011;13;10;2022;19:30;2;13;2;9;1;6;43,6318600000;5,1000900000
202200012012;7;2;2022;11:50;1;75;2;3;1;3;48,8725390000;2,3762450000
202200012013;13;10;2022;16:10;1;13;1;1;1;6;43,6400180243;4,9645093283
202200012014;29;6;2022;19:50;1;13;1;1;1;4;43,3033095614;5,4253730178
202200012015;7;2;2022;13:00;1;75;2;6;1;6;48,8741160000;2,2554110000
202200012016;29;6;2022;10:30;1;13;1;1;1;6;43,3989100000;5,2945800000
202200012017;7;2;2022;10:00;1;75;2;7;1;2;48,8734940000;2,2959060000
202200012018;12;10;2022;20:40;5;13;2;2;1;3;43,5840000000;5,0070000000
202200012019;30;6;2022;07:35;1;13;1;1;1;4;43,3933524338;5,3513199090
202200012020;30;6;2022;07:27;1;13;1;1;1;7;43,2887000000;5,4980000000
202200012021;6;2;2022;19:00;5;75;2;2;8;3;48,8825690000;2,3234060000
202200012022;13;10;2022;09:00;1;13;2;3;1;3;43,2878000000;5,5789000000
202200012023;7;2;2022;11:05;1;75;2;1;1;6;48,8604704621;2,2952574492
202200012024;30;6;2022;00:30;4;13;2;9;1;4;43,2833432206;5,4007932543
202200012025;30;6;2022;07:50;1;33;1;1;2;6;44,8829900000; -0,5612500000
202200012026;30;6;2022;11:05;1;59;1;1;1;6;50,4210879095;3,6346077919
202200012027;12;10;2022;18:35;1;10;2;1;1;4;48,2921521783;4,0404152870
202200012028;2;2;2022;16:35;1;94;2;1;8;6;48,7996744644;2,4386987685
202200012029;30;6;2022;18:20;1;91;1;9;8;7;48,7086700000;2,3063200000
202200012030;7;2;2022;17:25;2;94;2;1;1;6;48,7875390000;2,3544710000
202200012031;30;6;2022;13:15;1;91;1;1;1;2;48,6534100000;2,3812000000
202200012032;13;10;2022;08:55;1;06;2;2;1;6;43,7005050000;7,2854910000
202200012033;30;6;2022;09:00;1;91;1;1;2;2;48,6246600000;2,3084700000
202200012034;7;2;2022;10:10;1;94;2;3;1;3;48,7644200000;2,3517800000
202200012035;13;10;2022;11:30;1;06;2;7;1;3;43,5368600000;7,0369300000
202200012036;30;6;2022;18:00;1;78;1;1;8;6;48,8295490000;2,0806360000
202200012037;29;6;2022;20:00;1;92;1;1;1;7;48,9003281179;2,2094354778
202200012038;14;10;2022;12:45;1;85;1;1;2;6;46,5784800000; -1,1165700000
202200012039;7;2;2022;17:00;1;94;2;3;1;3;48,8198600000;2,5112500000
202200012040;7;2;2022;20:00;5;93;2;1;1;6;48,9095340889;2,3329158152
202200012041;6;2;2022;13:20;1;93;2;1;2;6;48,8631829865;2,4366805136
202200012042;29;6;2022;08:20;1;78;1;1;1;3;48,8413640000;2,1017810000
202200012043;7;2;2022;14:40;1;93;2;3;1;3;48,9207215190;2,4496796583
202200012044;29;6;2022;06:30;2;92;1;1;1;6;48,8873433597;2,1665055928
202200012045;14;10;2022;14:30;1;21;1;1;3;4;47,5947040000;5,2065270000
202200012046;30;6;2022;13:30;1;93;1;1;2;6;48,9281288890;2,3579758958
202200012047;7;2;2022;20:20;5;93;2;3;1;1;48,8899861308;2,4931769723
202200012048;13;10;2022;13:40;1;974;2;1;1;6; -21,2800220000;55,5202250000
202200012049;30;6;2022;09:50;1;93;1;1;2;3;48,9273844641;2,4813437462
202200012050;7;2;2022;18:00;5;92;2;2;1;6;48,8673078365;2,2001465857
202200012051;16;9;2022;00:15;3;83;2;1;1;2;43,4674500000;6,6080400000
202200012052;30;6;2022;02:20;4;93;1;1;1;6;48,9708600000;2,4999400000
202200012053;18;1;2022;10:15;1;92;1;9;1;7;48,8809990000;2,2456290000
202200012054;29;6;2022;18:20;1;93;1;1;1;7;48,9416500000;2,4300100000
202200012055;7;2;2022;15:00;1;92;2;1;1;6;48,8900600000;2,2839600000
202200012056;13;10;2022;19:27;3;26;1;1;2;5;44,5782410000;4,8062610000
202200012057;6;2;2022;12:00;1;92;2;1;1;7;48,9281075107;2,2855086922
202200012058;29;6;2022;17:50;1;95;1;1;1;5;49,0271000000;2,5125600000
202200012059;9;10;2022;18:00;1;58;1;1;1;6;47,5577480000;3,0641180000
202200012060;7;2;2022;08:50;1;92;2;2;1;6;48,9020638541;2,3105460405
202200012061;29;6;2022;13:45;1;93;1;1;1;2;48,9670334697;2,4758934975
202200012062;7;2;2022;10:35;1;92;2;1;1;3;48,9100907866;2,2836408019
202200012063;14;10;2022;17:15;1;57;2;2;2;6;49,1855500000;6,4916590000
202200012064;28;6;2022;18:50;1;93;1;1;1;3;48,9610900000;2,4736200000
202200012065;14;10;2022;01:30;3;56;1;1;1;7;47,7766200000; -2,4540070000
202200012066;7;2;2022;07:30;2;35;2;2;1;6;47,9558390000; -1,4975360000
202200012067;20;1;2022;09:00;1;51;1;1;5;7;48,8069130000;4,8853430000
202200012068;30;6;2022;19:15;1;77;1;1;1;6;48,8366856383;2,6648136628
202200012069;13;10;2022;18:30;1;76;1;2;2;3;49,8534560000;0,7821860000
202200012070;3;2;2022;21:15;3;73;1;1;1;6;45,7031557044;5,7787228681
202200012071;30;6;2022;10:10;1;94;1;1;3;2;48,8343300000;2,5362000000
202200012072;13;10;2022;19:00;5;2B;1;1;1;3;42,4948210000;9,4708590000
202200012073;7;2;2022;12:40;1;71;1;1;1;3;46,5234010000;4,9169500000
202200012074;29;6;2022;19:00;1;94;1;1;1;2;48,8169440126;2,4545718611
202200012075;8;2;2022;13:15;1;62;1;1;2;6;50,2317450000;2,6479410000
202200012076;29;6;2022;13:25;1;94;1;1;1;6;48,8175409327;2,4350450069
202200012077;8;2;2022;16:54;1;34;1;2;1;3;43,5648250000;3,8036570000
202200012078;29;6;2022;09:30;1;94;1;1;1;6;48,7849557997;2,4403835348
202200012079;13;10;2022;17:10;1;65;1;2;1;2;43,1745690000; -0,1190770000
202200012080;6;2;2022;09:30;1;63;1;1;8;7;45,8301600000;2,9584550000
202200012081;8;10;2022;19:50;5;71;2;1;1;6;46,5643750000;4,9133290000
202200012082;30;4;2022;18:20;1;69;2;1;1;2;45,8532290000;4,6817530000
202200012083;8;2;2022;08:20;1;42;1;2;1;3;45,3728760000;4,0517450000
202200012084;14;10;2022;11:05;1;89;2;1;2;7;47,8692260000;3,9711980000
202200012085;22;2;2022;19:10;2;48;2;2;1;3;44,5140000000;3,4970000000
202200012086;7;2;2022;17:20;1;47;1;6;1;3;44,2857690000;0,2694330000
202200012087;13;10;2022;08:40;1;76;2;1;2;6;50,0487780000;1,4100400000
202200012088;7;2;2022;12:25;1;41;2;3;1;3;47,2842930000;1,3832830000
202200012089;26;3;2022;16:00;1;14;2;3;1;6;48,9142790000; -0,3304700000
202200012090;13;10;2022;14:20;1;12;1;1;1;3;44,3439540000;3,0190030000
202200012091;2;3;2022;11:10;1;14;1;1;1;6;48,8482390000; -0,5813530000
202200012092;7;2;2022;18:25;3;68;1;4;1;2;47,8262290000;7,2860790000
202200012093;13;10;2022;21:09;3;42;1;1;2;6;46,1656030000;4,0108570000
202200012094;14;2;2022;18:10;3;14;1;3;2;3;48,8604240000; -1,0865730000
202200012095;6;2;2022;17:03;1;44;2;1;8;6;47,3676550000; -2,5204150000
202200012096;14;10;2022;19:40;5;47;1;3;1;2;44,1647110000;0,3039430000
202200012097;7;2;2022;21:55;5;35;2;1;1;6;48,6745740000; -1,8525210000
202200012098;30;4;2022;06:15;2;976;1;1;1;3; -12,7590800000;45,2306000000
202200012099;28;4;2022;00:30;5;64;2;1;2;7;43,4830761872; -1,5536588430
202200012100;5;10;2022;21:17;4;22;2;9;1;3;48,7881670000; -3,2250450000
202200012101;7;2;2022;16:25;1;38;1;3;1;3;45,2657650000;5,4630750000
202200012102;27;4;2022;18:30;1;69;1;1;1;6;45,8415220000;4,5393490000
202200012103;8;2;2022;18:00;2;03;1;1;1;6;46,1502980000;2,6473380000
202200012104;1;3;2022;10:45;1;54;1;1;1;7;48,7273500000;6,1674600000
202200012105;12;10;2022;05:20;3;35;1;1;1;6;48,1004940000; -1,4212190000
202200012106;29;6;2022;15:45;1;974;1;6;7;6; -21,3095900000;55,4330900000
202200012107;14;10;2022;07:00;2;38;1;1;1;1;45,4681820000;5,9916900000
202200012108;13;10;2022;10:25;1;13;2;1;1;1;43,8385780000;4,8474060000
202200012109;8;2;2022;16:36;1;09;1;1;1;3;42,7712440000;1,7223650000
202200012110;29;6;2022;00:35;3;972;2;6;2;6;14,6269800000; -61,0401800000
202200012111;7;2;2022;11:00;1;18;2;3;1;6;46,7228620000;2,5049040000
202200012112;14;10;2022;17:40;1;02;1;1;2;2;49,4949530000;3,5535730000
202200012113;28;6;2022;21:20;5;971;1;1;1;7;16,2526443436; -61,4905214310
202200012114;7;2;2022;15:49;1;16;1;1;1;1;45,8822790000;0,5714610000
202200012115;29;6;2022;23:30;4;95;2;1;2;2;49,0276100000;2,1033300000
202200012116;14;10;2022;12:30;1;70;1;1;2;3;47,9046630000;6,3329100000
202200012117;8;2;2022;07:15;3;53;1;1;5;1;48,1060840000; -0,5270860000
202200012118;14;10;2022;15:00;1;72;1;1;2;6;48,2366100000;0,6864500000
202200012119;29;6;2022;11:45;1;91;2;1;1;3;48,6903300000;2,2890600000
202200012120;7;2;2022;14:10;1;21;1;1;1;6;47,6849583480;4,9710037707
202200012121;13;10;2022;20:15;3;72;1;1;2;6;48,2643500000; -0,0988700000
202200012122;6;2;2022;21:00;5;27;2;2;2;3;48,7327000000;0,9281520000
202200012123;29;6;2022;19:10;1;91;2;2;1;3;48,6513835589;2,3703283600
202200012124;13;10;2022;07:00;3;50;1;2;2;7;48,8469220000; -1,4212330000
202200012125;7;2;2022;16:45;1;95;2;1;7;6;49,0617007600;2,1749925613
202200012126;14;10;2022;01:10;3;50;1;1;1;7;49,1578540000; -1,0097960000
202200012127;7;2;2022;10:10;1;974;1;1;1;5; -21,0458840000;55,2314790000
202200012128;13;10;2022;19:50;5;90;2;1;2;1;47,5318930000;6,9204320000
202200012129;7;2;2022;17:30;1;78;2;1;1;6;48,7816630000;1,8178940000
202200012130;28;6;2022;18:15;1;87;2;1;1;2;45,8550670000;1,2480920000
202200012131;13;10;2022;13:27;1;60;1;6;2;7;49,4281980000;2,0279650000
202200012132;7;2;2022;19:35;3;13;1;1;1;2;43,5223500000;5,1978920000
202200012133;24;6;2022;14:20;1;83;2;1;1;3;43,5292700000;6,4492500000
202200012134;7;2;2022;07:00;2;13;1;1;1;4;43,4383220000;5,4302500000
202200012135;13;10;2022;21:40;5;45;2;3;2;3;47,9333650000;2,9308040000
202200012136;26;6;2022;18:00;1;83;2;1;1;2;43,5219300000;6,4730300000
202200012137;13;10;2022;20:20;3;64;1;1;1;6;43,3569309547; -0,8936540663
202200012138;8;2;2022;15:41;1;73;2;2;7;6;45,6168153109;6,7691418529
202200012139;29;6;2022;02:20;3;81;1;1;1;6;43,6413000000;2,1894400000
202200012140;12;10;2022;19:00;1;43;2;1;1;6;45,1748980000;4,3112970000
202200012141;29;6;2022;10:05;1;79;2;1;1;1;46,3029100000; -0,4600600000
202200012142;6;2;2022;00:15;3;01;1;2;1;6;45,8588780000;5,1378300000
202200012143;14;10;2022;05:39;3;16;1;1;2;6;45,5221810000; -0,0796520000
202200012144;29;6;2022;07:48;1;77;2;2;1;1;48,8378400000;2,7100100000
202200012145;4;2;2022;16:05;1;33;1;1;1;4;44,9666990000; -0,5533930000
202200012146;14;10;2022;18:35;2;30;1;2;1;3;44,1551300000;4,1591730000
202200012147;28;6;2022;18:55;1;77;1;1;1;6;48,3633700000;2,6932200000
202200012148;8;2;2022;13:15;1;50;1;3;2;3;49,5897830000; -1,6232190000
202200012149;14;10;2022;08:34;1;52;1;1;2;1;48,3435250000;5,1660900000
202200012150;27;6;2022;11:25;1;76;2;2;1;1;49,4620400000;1,1261600000
202200012151;7;2;2022;17:15;1;22;1;1;1;6;48,5775160000; -2,2359540000
202200012152;28;6;2022;23:40;5;76;2;1;1;7;49,4959800000;0,1376500000
202200012153;14;10;2022;11:25;1;38;1;1;1;2;45,0920960000;5,2206090000
202200012154;7;2;2022;16:50;1;59;2;1;2;6;50,1868780000;3,4977810000
202200012155;29;6;2022;17:47;1;76;2;1;1;2;49,7241877902;0,3676186601
202200012156;6;2;2022;14:13;1;13;1;1;1;3;43,2033371011;5,5997904243
202200012157;13;10;2022;10:30;1;34;1;1;8;2;43,5239000000;3,8162110000
202200012158;7;2;2022;10:00;1;33;1;1;1;6;44,7871300000; -0,6287400000
202200012159;29;6;2022;23:40;5;69;2;1;1;6;45,7706300000;4,8647200000
202200012160;4;2;2022;13:45;1;59;1;1;2;6;50,6826348953;3,1166410446
202200012161;11;10;2022;08:30;1;34;2;1;7;3;43,6429000000;3,8245400000
202200012162;29;6;2022;14:35;1;67;2;3;1;3;48,8179900000;7,7845400000
202200012163;4;2;2022;08:52;1;59;1;1;2;4;50,6642892934;3,1142042577
202200012164;7;10;2022;11:57;1;06;2;1;1;3;43,5795860000;6,9955120000
202200012165;28;6;2022;18:36;1;67;2;6;1;2;48,8278400000;7,7560600000
202200012166;3;2;2022;12:45;1;59;1;1;2;6;51,0155073414;2,3930990696
202200012167;10;10;2022;04:30;5;06;1;1;2;3;43,6704170000;7,2014950000
202200012168;29;6;2022;14:25;1;64;2;1;1;6;43,4829000000; -1,5400000000
202200012169;7;2;2022;18:43;3;91;1;1;1;3;48,6280000000;2,4800000000
202200012170;14;10;2022;18:40;2;27;1;1;2;7;49,1717300000;1,2489010000
202200012171;7;2;2022;05:38;3;91;1;1;1;7;48,6601100000;2,3723500000
202200012172;29;6;2022;11:38;1;64;2;1;1;3;43,4932264577; -1,4662885666
202200012173;13;10;2022;19:30;3;973;1;1;2;6;5,4919820000; -53,9715810000
202200012174;7;2;2022;17:50;2;78;1;1;1;2;48,8556360000;2,0576800000
202200012175;29;6;2022;10:50;1;64;2;7;1;3;43,4999700000; -1,4554400000
202200012176;28;6;2022;17:43;1;63;2;1;1;6;45,8141500000;3,1134900000
202200012177;13;10;2022;17:45;1;973;1;1;2;3;4,7039360000; -52,3852590000
202200012178;6;2;2022;19:05;3;92;1;1;2;2;48,8345922746;2,1716273344
202200012179;24;6;2022;10:50;1;59;2;1;1;6;50,7408232668;2,7380096912
202200012180;12;10;2022;06:50;1;971;2;1;1;6;16,1240320000; -61,7721100000
202200012181;4;2;2022;19:20;1;78;1;1;1;3;48,9609330000;1,9303220000
202200012182;27;6;2022;06:54;1;57;2;1;9;1;49,1032700000;7,0766200000