Accident_Id;jour;mois;an;hrmn;lum;dep;agg;int;atm;col;lat;long
202200012183;13;10;2022;16:10;1;971;2;1;1;1;16,1644710000; -61,7755920000
202200012184;7;2;2022;15:20;1;94;1;1;1;3;48,8147500000;2,4490300000
202200012185;29;6;2022;17:45;1;51;2;1;1;3;49,2400800000;4,0376800000
202200012186;7;2;2022;13:00;1;94;1;1;1;7;48,7823000000;2,4397000000
202200012187;14;10;2022;11:00;1;29;1;1;3;1;47,8985640000; -3,4671200000
202200012188;7;2;2022;00:05;3;94;1;1;2;6;48,7683100000;2,3789300000
202200012189;27;4;2022;18:25;1;50;2;1;1;3;48,8316400000; -1,5713700000
202200012190;13;1;2022;18:30;3;59;1;1;5;6;50,7482345723;2,6625645158
202200012191;13;10;2022;22:25;5;29;2;1;2;6;47,9008110000; -3,5840021000
202200012192;29;6;2022;00:33;5;49;2;1;1;3;47,4702900000; -0,5628000000
202200012193;4;2;2022;08:30;1;05;2;1;1;6;44,8957100000;6,6314500000
202200012194;14;10;2022;16:00;1;77;1;1;2;6;48,7860000000;2,8677750000
202200012195;28;6;2022;21:24;1;49;2;1;1;1;47,4764400000; -0,5393900000
202200012196;6;2;2022;19:27;5;976;1;1;1;1; -12,7946100000;45,2180600000
202200012197;28;6;2022;17:33;1;49;2;1;1;3;47,4540700000; -0,5351500000
202200012198;29;6;2022;13:50;1;45;2;2;1;6;47,9037700000;1,8945300000
202200012199;29;6;2022;08:25;1;35;2;3;1;3;48,1341947004; -1,6968368366
202200012200;29;4;2022;18:50;1;33;2;1;1;2;44,8221000000; -0,5672800000
202200012201;29;6;2022;16:10;1;33;1;6;1;7;44,6170200000; -1,1379800000
202200012202;6;2;2022;21:25;5;69;2;2;1;2;45,7651674956;4,8679389047
202200012203;14;10;2022;08:05;1;77;2;3;1;7;48,8638150000;2,9031910000
202200012204;29;6;2022;20:25;1;31;2;2;1;3;43,5756300000;1,4209400000
202200012205;5;2;2022;05:10;3;972;1;1;1;1;14,6169300000; -61,0598800000
202200012206;29;6;2022;12:05;1;31;2;1;1;3;43,1136707940;0,7527163625
202200012207;14;10;2022;08:15;1;78;1;1;2;3;48,7375530000;1,8858820000
202200012208;5;2;2022;14:50;1;69;2;3;1;1;45,7225350283;4,8030647511
202200012209;29;6;2022;16:55;1;28;2;9;1;3;48,7550100000;1,3673200000
202200012210;4;2;2022;09:00;1;971;2;3;1;3;16,0029400000; -61,7387600000
202200012211;29;6;2022;18:25;1;26;2;1;1;2;44,5255600000;4,7431000000
202200012212;5;2;2022;17:50;2;91;2;1;1;2;48,7047710000;2,3226640000
202200012213;29;6;2022;19:30;1;25;2;6;1;6;47,2215640000;5,9678000000
202200012214;14;10;2022;14:15;1;2B;1;1;1;1;42,4940340000;9,2919180000
202200012215;6;2;2022;20:26;5;91;2;9;2;3;48,7113500000;2,4014400000
202200012216;29;6;2022;17:51;1;25;2;5;1;3;47,2477540000;6,0366410000
202200012217;13;10;2022;09:40;1;83;2;9;1;6;43,1818940000;5,6978170000
202200012218;6;2;2022;19:25;5;91;2;2;2;6;48,6846000000;2,3753000000
202200012219;29;6;2022;12:40;1;22;2;9;1;3;48,7300000000; -3,4687100000
202200012220;14;10;2022;00:20;5;83;2;1;1;2;43,1248670000;6,2444830000
202200012221;5;2;2022;15:14;1;88;2;1;1;6;48,2005900000;6,4395900000
202200012222;29;6;2022;20:05;1;17;2;6;2;3;45,9476590000; -0,9709820000
202200012223;13;10;2022;18:00;2;04;1;1;1;7;43,9702950000;6,0667710000
202200012224;6;2;2022;19:00;5;83;2;1;1;1;43,1256400000;5,8353000000
202200012225;28;6;2022;20:07;1;10;2;1;1;7;48,3266182603;4,0341281891
202200012226;13;10;2022;15:15;1;89;1;1;1;4;47,7332550000;3,6031400000
202200012227;27;6;2022;08:45;1;10;2;3;2;3;48,3073186950;4,0956473351
202200012228;5;2;2022;09:00;1;83;2;1;1;5;43,1245920000;5,9372440000
202200012229;14;10;2022;03:21;3;71;1;1;9;6;46,4679700000;4,5315600000
202200012230;29;6;2022;14:30;1;06;2;1;1;3;43,6241500000;6,9658500000
202200012231;13;10;2022;12:30;1;67;2;1;1;7;48,4870030000;7,4889960000
202200012232;29;6;2022;13:40;1;75;2;3;1;3;48,8903960000;2,3558380000
202200012233;29;6;2022;17:45;1;75;2;2;1;6;48,8915130000;2,3203330000
202200012234;5;2;2022;16:25;1;77;1;1;1;1;48,7878900000;2,7132200000
202200012235;28;6;2022;07:45;1;75;2;2;1;3;48,8884200000;2,3172580000
202200012236;5;2;2022;20:15;5;73;1;1;1;2;45,6550750000;6,3671710000
202200012237;5;2;2022;17:55;1;60;2;1;1;6;49,4291970000;2,0815880000
202200012238;10;10;2022;17:24;2;69;1;2;1;3;46,1303710000;4,7703300000
202200012239;29;6;2022;17:30;1;75;2;5;1;6;48,8597128496;2,2789737582
202200012240;6;2;2022;03:20;5;57;2;1;2;6;48,7247811000;7,0458845000
202200012241;6;10;2022;05:05;5;72;2;9;5;3;47,7924400000; -0,2520360000
202200012242;29;6;2022;18:25;1;75;2;3;1;3;48,8292140000;2,2923440000
202200012243;6;2;2022;21:01;3;45;2;1;2;2;47,9952683912;2,7401769161
202200012244;14;10;2022;13:00;1;27;1;3;2;1;49,3232410000;1,1490370000
202200012245;28;6;2022;18:45;1;75;2;2;1;3;48,8355770000;2,4065060000
202200012246;6;2;2022;20:35;5;35;2;2;2;3;48,1161600000; -1,6582700000
202200012247;13;10;2022;16:00;1;62;2;4;1;6;50,3468622056;2,8487571018
202200012248;29;6;2022;14:05;1;75;2;1;1;6;48,8726340000;2,3593460000
202200012249;13;10;2022;16:58;1;59;1;1;2;7;50,1588905372;3,4990006685
202200012250;29;6;2022;09:50;1;75;2;2;1;7;48,8777940000;2,3512620000
202200012251;1;2;2022;15:15;1;35;2;9;1;6;48,1053900000; -1,6788900000
202200012252;13;10;2022;19:20;2;59;2;3;1;3;50,7472300000;2,5266730000
202200012253;28;6;2022;22:30;5;75;2;2;1;3;48,8748210000;2,3573760000
202200012254;6;2;2022;21:40;5;33;2;6;1;6;44,7855300000; -0,5787600000
202200012255;13;10;2022;08:20;1;75;2;1;1;6;48,8648676817;2,4129742384
202200012256;29;6;2022;09:30;1;75;2;7;1;3;48,8731430000;2,3313230000
202200012257;4;2;2022;18:35;2;27;2;1;2;3;49,1057580000;1,4576280000
202200012258;11;10;2022;09:45;1;75;2;1;1;3;48,8578446507;2,3358660936
202200012259;29;6;2022;15:30;1;75;2;2;1;2;48,8677910000;2,3138840000
202200012260;5;2;2022;19:00;5;15;2;1;1;6;44,9226930000;2,4351780000
202200012261;13;10;2022;13:10;1;75;2;1;2;6;48,8493770000;2,3992660000
202200012262;6;2;2022;21:10;5;13;2;1;1;3;43,2964700000;5,3640400000
202200012263;29;6;2022;09:21;1;75;2;2;1;3;48,8723700000;2,2995200000
202200012264;13;10;2022;10:20;1;75;2;4;1;2;48,8669000000;2,4085000000
202200012265;29;6;2022;00:30;5;75;2;4;1;3;48,8559130000;2,3510710000
202200012266;1;2;2022;00:04;5;13;2;3;1;6;43,2905000000;5,3780700000
202200012267;28;6;2022;14:11;1;75;2;4;1;6;48,8755430000;2,3239450000
202200012268;6;2;2022;13:00;1;13;2;1;1;1;43,3164500000;5,3833900000
202200012269;13;10;2022;10:09;1;75;2;3;2;2;48,8690390000;2,3806790000
202200012270;6;2;2022;02:10;5;13;2;1;1;2;43,2767118002;5,3577029378
202200012271;13;10;2022;20:50;5;75;2;3;1;7;48,8857870000;2,3709810000
202200012272;27;6;2022;20:30;2;75;2;3;1;3;48,8670870000;2,3160510000
202200012273;5;2;2022;16:20;1;13;2;3;1;2;43,3753910570;5,3558614754
202200012274;29;6;2022;10:50;1;75;2;2;1;3;48,8588290000;2,3035280000
202200012275;13;10;2022;16:50;1;75;2;2;8;3;48,8905500000;2,3768720000
202200012276;28;6;2022;20:20;1;75;2;3;1;2;48,8557590000;2,3051260000
202200012277;5;2;2022;14:20;1;13;2;1;1;5;43,2818000000;5,3816800000
202200012278;5;2;2022;15:30;1;13;2;3;1;2;43,3006900000;5,4033900000
202200012279;28;6;2022;13:35;1;75;2;4;1;2;48,8558130000;2,3030310000
202200012280;13;10;2022;13:47;1;75;2;5;2;3;48,8830280000;2,3854670000
202200012281;6;2;2022;04:30;3;13;1;1;1;1;43,5577000000;4,9618200000
202200012282;13;10;2022;17:00;1;75;2;3;8;7;48,8854180000;2,3540230000
202200012283;29;6;2022;16:00;1;75;2;2;1;3;48,8609120000;2,3408090000
202200012284;6;2;2022;05:00;5;13;2;1;1;1;43,7026400000;4,6412700000
202200012285;28;6;2022;23:00;5;75;2;1;1;1;48,8521410000;2,3609300000
202200012286;13;10;2022;16:45;1;75;2;2;2;3;48,8585610000;2,2448770000
202200012287;5;2;2022;15:05;1;03;2;6;1;3;46,3311100000;2,6000000000
202200012288;29;6;2022;14:10;1;94;1;9;1;2;48,7462120000;2,4390560000
202200012289;13;10;2022;09:30;1;75;2;1;2;7;48,8449250000;2,2534560000
202200012290;29;6;2022;19:30;1;94;2;3;1;3;48,8086600000;2,4038800000
202200012291;13;10;2022;09:15;1;75;2;3;1;3;48,8364560000;2,2991570000
202200012292;29;6;2022;15:27;1;94;2;3;1;3;48,8174200000;2,3819400000
202200012293;12;10;2022;20:35;5;75;2;5;1;6;48,8357000000;2,3592950000
202200012294;6;2;2022;18:50;5;75;2;1;2;3;48,8162900000;2,3457770000
202200012295;29;6;2022;04:50;2;94;2;9;1;2;48,7520960000;2,3689290000
202200012296;13;10;2022;19:15;5;75;2;1;2;3;48,8497020000;2,3937710000
202200012297;29;6;2022;21:20;2;94;2;6;1;3;48,7530740636;2,3499089690
202200012298;12;10;2022;12:00;1;75;2;1;1;5;48,8677800000;2,3658730000
202200012299;29;6;2022;18:45;1;94;2;3;1;3;48,7207210000;2,4175350000
202200012300;28;6;2022;08:20;1;94;2;3;1;6;48,8018300000;2,5401400000
202200012301;13;10;2022;19:25;5;75;2;3;2;6;48,8712880000;2,3359510000
202200012302;27;6;2022;17:30;1;94;2;1;1;6;48,8239908479;2,5513574481
202200012303;13;10;2022;18:50;2;75;2;7;2;7;48,8704610000;2,3239350000
202200012304;13;10;2022;19:43;5;75;2;3;2;7;48,8660610000;2,3250530000
202200012305;29;6;2022;14:10;1;94;2;2;1;1;48,8237300000;2,4966300000
202200012306;12;10;2022;18:20;1;75;2;2;1;3;48,8599450000;2,3402680000
202200012307;29;6;2022;08:45;1;94;2;3;1;3;48,7997500000;2,4260900000
202200012308;11;10;2022;19:21;2;94;2;1;1;6;48,7895800000;2,4928600000
202200012309;29;6;2022;18:50;1;93;2;3;1;6;48,9377700000;2,3718350000
202200012310;29;6;2022;15:30;1;93;2;3;1;2;48,8849390000;2,5024180000
202200012311;12;10;2022;15:50;1;94;2;2;1;3;48,8059340000;2,4729690000
202200012312;29;6;2022;16:17;1;93;2;1;1;1;48,9144690000;2,4107830000
202200012313;13;10;2022;08:05;2;94;2;3;1;6;48,7966900000;2,3501600000
202200012314;29;6;2022;12:10;1;93;2;2;1;3;48,8299700000;2,5813000000
202200012315;13;10;2022;19:45;5;94;2;3;2;6;48,8125500000;2,3784400000
202200012316;29;6;2022;10:00;1;93;2;3;1;3;48,8384400000;2,5432300000
202200012317;11;10;2022;11:25;1;94;2;1;1;2;48,8097900000;2,5221100000
202200012318;29;6;2022;19:30;1;93;2;1;1;2;48,8585876004;2,4300027788
202200012319;13;10;2022;15:38;1;94;2;3;2;3;48,7516600000;2,5068000000
202200012320;13;10;2022;01:30;3;94;2;6;1;6;48,7562600000;2,4971700000
202200012321;29;6;2022;14:40;1;93;2;2;1;5;48,9207000000;2,5261600000
202200012322;13;10;2022;10:56;1;93;2;2;1;2;48,9581100000;2,5582500000
202200012323;29;6;2022;08:10;1;93;2;4;1;6;48,9338306271;2,5603302217
202200012324;29;6;2022;19:00;1;93;2;1;1;6;48,8722320000;2,4272140000
202200012325;13;10;2022;21:05;5;93;2;2;2;3;48,9454862716;2,3638339726
202200012326;29;6;2022;14:35;1;93;2;1;1;2;48,8810820000;2,4126740000
202200012327;13;10;2022;08:35;1;93;2;1;2;3;48,8429403933;2,5486135939
202200012328;29;6;2022;00:50;5;93;2;2;1;1;48,9500800000;2,3285700000
202200012329;29;6;2022;18:00;1;93;2;1;1;2;48,9131000000;2,5061600000
202200012330;13;10;2022;16:57;1;93;2;2;2;6;48,8596100000;2,5373100000
202200012331;29;6;2022;12:30;1;93;2;1;1;6;48,9097600000;2,4374800000
202200012332;13;10;2022;18:48;2;93;2;3;2;1;48,8586200000;2,4317200000
202200012333;29;6;2022;11:30;1;93;2;1;1;3;48,9656539992;2,4938342573
202200012334;14;6;2022;08:10;1;92;2;1;1;3;48,8650200000;2,1877500000
202200012335;13;10;2022;08:16;1;93;2;1;1;3;48,9518572951;2,3386166990
202200012336;29;6;2022;20:30;1;92;2;3;1;3;48,8873071168;2,2331011109
202200012337;13;10;2022;19:55;5;92;2;1;2;6;48,8244615236;2,3010448515
202200012338;29;6;2022;00:00;5;92;2;1;1;2;48,8845300000;2,1936800000
202200012339;13;10;2022;09:15;1;92;2;1;2;6;48,8281820087;2,2261369228
202200012340;28;6;2022;11:40;1;92;2;3;1;3;48,9392200000;2,2561300000
202200012341;13;10;2022;08:36;1;92;2;1;1;2;48,9022300000;2,2812900000
202200012342;29;6;2022;19:20;1;92;2;1;1;6;48,9134729869;2,2304072678
202200012343;13;10;2022;12:00;1;92;2;1;8;6;48,8388040000;2,2466880000
202200012344;29;6;2022;15:45;1;92;2;2;1;2;48,9023879853;2,3139028251
202200012345;29;6;2022;18:00;1;92;2;1;1;7;48,7631100000;2,2824700000
202200012346;13;10;2022;08:10;1;94;1;1;8;4;48,7747980569;2,3456436183
202200012347;29;6;2022;18:42;1;92;2;1;1;7;48,7644148603;2,2678120136
202200012348;13;10;2022;16:43;1;78;1;1;2;3;48,9609220000;1,9303700000
202200012349;28;6;2022;22:00;5;92;2;1;1;2;48,7979710781;2,3174771368
202200012350;13;10;2022;14:18;1;92;1;1;2;6;48,8392231522;2,2111531980
202200012351;30;6;2022;10:15;1;39;1;3;1;1;46,5637330000;5,9350790000
202200012352;29;6;2022;10:15;1;85;1;1;2;6;46,5686560000; -1,1106490000
202200012353;12;10;2022;22:30;3;92;1;1;1;4;48,8086464963;2,2119533690
202200012354;20;6;2022;17:40;1;16;2;2;1;3;45,5929530000; -0,0513480000
202200012355;26;6;2022;17:15;1;95;1;1;1;6;49,1280910000;2,2532220000
202200012356;12;10;2022;15:17;1;78;1;1;1;4;48,8161480000;2,0626320000
202200012357;3;6;2022;13:00;1;31;2;4;1;3;43,6831230000;1,4422720000
202200012358;12;10;2022;12:15;1;78;1;1;1;2;48,9681480000;1,8591870000
202200012359;29;6;2022;21:30;1;81;1;1;1;6;43,8400030000;2,2177080000
202200012360;29;6;2022;22:55;3;62;1;1;2;6;50,8372880000;1,9885190000
202200012361;13;10;2022;17:40;2;95;1;1;2;2;49,0173238417;2,1422427893
202200012362;23;6;2022;22:30;3;57;1;1;3;6;48,6405090000;7,0666120000
202200012363;13;10;2022;18:40;1;95;1;1;2;6;49,0477887340;2,1329408884
202200012364;27;6;2022;12:40;1;04;1;1;1;3;44,4504940000;6,3918330000
202200012365;13;10;2022;20:50;3;95;1;1;2;7;48,9761444589;2,2367316484
202200012366;13;10;2022;19:00;3;95;1;1;2;6;48,9638908371;2,2632077336
202200012367;29;6;2022;06:55;1;51;2;2;7;3;49,2628310000;4,1052110000
202200012368;12;10;2022;08:45;1;92;1;1;1;3;48,9493430159;2,2802250087
202200012369;29;6;2022;12:10;1;51;2;2;1;3;49,2700660000;4,1457350000
202200012370;24;6;2022;21:36;2;95;1;1;1;2;49,0016562249;2,4645531178
202200012371;30;7;2022;16:30;1;50;1;2;1;3;48,9330660000; -1,1771890000
202200012372;20;6;2022;08:45;1;78;1;1;1;7;48,9333970000;1,7239520000
202200012373;24;7;2022;12:00;1;62;2;1;1;7;50,4202720000;2,9063920000
202200012374;29;6;2022;20:05;1;2A;1;3;1;3;41,9928260000;8,7631470000
202200012375;30;6;2022;11:50;1;80;1;1;2;6;49,8602310000;1,9258690000
202200012376;20;6;2022;11:35;1;62;2;1;1;6;50,7475260000;2,2574870000
202200012377;2;6;2022;15:00;1;32;1;1;1;6;43,8445090000; -0,1372860000
202200012378;12;10;2022;18:20;1;95;2;1;1;6;48,9726990000;2,3065550000
202200012379;29;6;2022;09:55;1;32;2;1;1;2;43,7905710000;0,3046130000
202200012380;12;10;2022;16:38;1;27;2;1;1;6;49,0302900000;1,1529900000
202200012381;30;6;2022;08:10;1;63;2;3;1;6;45,8288901892;3,3808426559
202200012382;10;10;2022;16:15;1;974;2;1;1;1; -20,8745400000;55,4464400000
202200012383;11;6;2022;16:50;1;61;1;1;1;2;48,6138390000; -0,3593410000
202200012384;12;10;2022;10:00;1;974;2;1;1;6; -20,9611500000;55,6510400000
202200012385;28;6;2022;17:20;1;49;1;6;7;3;47,4043290000; -0,1132000000
202200012386;29;6;2022;21:00;1;47;2;3;1;6;44,2832690000;0,7619260000
202200012387;10;10;2022;16:00;1;974;2;6;1;3; -20,9317700000;55,2968500000
202200012388;29;6;2022;17:20;1;44;2;2;1;2;47,3317840000; -2,4310470000
202200012389;27;9;2022;15:05;1;973;2;1;1;6;4,9409300819; -52,3228946328
202200012390;30;6;2022;16:00;1;35;1;1;1;1;48,5603070000; -1,7155840000
202200012391;12;10;2022;07:35;1;973;1;1;1;2;4,9186100000; -52,3308100000
202200012392;30;6;2022;10:45;1;29;1;1;1;1;48,6436570000; -3,8992880000
202200012393;30;6;2022;16:15;1;03;1;1;3;1;46,4920030000;2,7473730000
202200012394;12;10;2022;12:40;1;69;2;2;1;3;45,7673400000;4,8507500000
202200012395;29;6;2022;16:40;1;15;2;4;1;3;45,1727500000;2,9683260000
202200012396;12;10;2022;13:58;1;2A;1;1;2;6;41,9491100000;8,7342100000
202200012397;30;6;2022;00:20;3;15;1;1;1;1;44,9617610000;2,3630040000
202200012398;12;10;2022;19:30;3;95;2;1;1;1;48,9752078480;2,4159353971
202200012399;29;6;2022;09:50;1;70;1;1;1;3;47,6598050000;6,7356810000
202200012400;12;10;2022;09:30;1;95;2;1;1;6;48,9924454753;2,3212400079
202200012401;30;6;2022;19:45;1;72;1;2;1;3;47,9169300000;0,7847100000
202200012402;29;6;2022;16:30;1;60;2;1;1;6;49,4024260000;2,9662180000
202200012403;11;10;2022;16:35;1;87;2;1;2;6;45,8367131786;1,2705774307
202200012404;29;6;2022;17:15;1;60;2;1;1;7;49,2223760000;2,4151250000
202200012405;26;6;2022;13:50;1;64;1;1;1;7;43,2136210000; -1,1297890000
202200012406;11;10;2022;18:25;1;87;2;1;1;3;45,8325800000;1,2496000000
202200012407;30;6;2022;15:04;1;04;1;1;1;3;43,7610210000;5,9655280000
202200012408;10;10;2022;08:38;1;87;2;1;2;7;45,8315400000;1,2587100000
202200012409;11;10;2022;17:13;1;87;2;1;1;1;45,8588400000;1,2409700000
202200012410;26;6;2022;06:20;2;72;1;1;1;7;47,8641397466;0,2997159960
202200012411;11;10;2022;14:53;1;87;2;1;1;7;45,8327100000;1,2619500000
202200012412;30;6;2022;04:20;2;01;1;1;1;6;45,8544670000;5,1021730000
202200012413;28;6;2022;18:40;3;976;1;1;1;7; -12,9165850000;45,1863600000
202200012414;11;10;2022;07:30;2;83;2;4;1;3;43,1371700000;5,9145700000
202200012415;29;6;2022;17:50;1;91;1;1;7;3;48,5642150000;2,1780800000
202200012416;11;10;2022;18:28;1;83;2;1;1;6;43,1214700000;6,1387200000
202200012417;21;6;2022;18:50;1;77;1;1;1;7;48,4817590000;2,5142420000
202200012418;29;6;2022;17:05;2;974;2;1;7;6; -20,9050000000;55,6058860000
202200012419;7;10;2022;17:45;1;80;2;6;1;3;49,8755600000;2,2817900000
202200012420;30;6;2022;09:10;1;972;1;1;1;3;14,7391628000; -60,9516316000
202200012421;12;10;2022;08:50;1;78;2;1;1;3;48,9064360000;2,1529820000
202200012422;30;6;2022;06:45;1;37;2;3;3;3;47,3204690000;0,9186830000
202200012423;6;9;2022;19:23;1;78;2;9;1;5;48,8022210000;1,9610430000
202200012424;30;6;2022;12:45;1;78;2;2;2;3;49,0380650000;1,5950780000
202200012425;29;6;2022;20:30;1;11;1;1;1;6;43,3306250000;2,4565170000
202200012426;12;10;2022;01:40;5;78;2;1;1;6;48,9773600000;1,9146900000
202200012427;30;6;2022;09:05;1;34;2;1;1;3;43,4665040000;3,6905160000
202200012428;30;6;2022;11:35;1;83;1;3;1;1;43,2874643125;5,8827280998
202200012429;29;6;2022;17:50;1;83;1;3;1;3;43,3632810000;6,0938850000
202200012430;29;6;2022;19:15;1;68;1;1;1;1;48,2627980000;7,2418360000
202200012431;3;6;2022;20:15;1;67;2;2;1;7;48,7577730000;7,7269560000
202200012432;29;6;2022;18:05;1;55;1;1;1;7;48,7738640000;5,0458980000
202200012433;30;6;2022;16:48;1;03;1;1;2;1;46,4761760000;3,4149400000
202200012434;12;10;2022;08:10;1;77;2;3;1;6;48,8745570000;2,6927040000
202200012435;30;6;2022;05:45;2;38;2;1;1;1;45,6454130000;5,3131770000
202200012436;12;10;2022;12:35;1;77;2;1;1;6;48,2649100000;2,7009600000
202200012437;30;6;2022;08:40;1;01;2;2;1;3;46,2462910000;6,0961460000
202200012438;12;10;2022;11:00;1;77;1;1;1;6;48,4476300000;2,6701700000
202200012439;30;6;2022;14:20;1;33;2;1;2;2;45,0069256649; -0,6313973665
202200012440;12;10;2022;17:55;1;76;2;1;1;6;49,3279600000;1,0955100000
202200012441;30;6;2022;14:20;1;27;2;2;1;3;49,1579690000;1,3368130000
202200012442;30;6;2022;09:30;1;02;2;1;2;3;49,8951550000;4,0176450000
202200012443;12;10;2022;11:10;1;76;2;6;1;3;49,4668405554;1,1346776783
202200012444;29;6;2022;17:45;1;57;1;1;1;4;49,2142295906;6,1745048858
202200012445;27;6;2022;00:00;3;67;1;1;3;3;48,5655200000;7,7326100000
202200012446;29;6;2022;18:55;1;94;1;1;1;4;48,8141200000;2,3550500000
202200012447;12;10;2022;08:05;1;76;2;4;1;3;49,4530200000;1,0988900000
202200012448;29;6;2022;15:00;1;91;1;1;1;3;48,7013600000;2,1931300000
202200012449;11;10;2022;17:40;1;76;2;3;1;6;49,4906900000;0,1166200000
202200012450;12;10;2022;11:30;1;76;2;2;1;2;49,5725479816;0,4711970687
202200012451;12;10;2022;12:10;1;69;2;1;1;6;45,8136400000;4,9117700000
202200012452;12;10;2022;11:00;1;69;2;1;1;3;45,9918200000;4,7150300000
202200012453;12;10;2022;14:05;1;69;2;3;1;3;45,5807600000;4,7788200000
202200012454;11;10;2022;10:35;1;67;2;1;1;3;48,5348900000;7,7245100000
202200012455;11;10;2022;17:00;1;67;2;3;1;3;48,5906700000;7,7459500000
202200012456;12;10;2022;08:10;2;64;2;2;8;3;43,3861300000; -1,6530200000
202200012457;12;10;2022;18:02;1;64;2;1;1;6;43,4612600000; -1,3295690000
202200012458;31;7;2022;17:05;1;974;2;6;1;3; -20,9015200000;55,4803800000
202200012459;31;7;2022;14:00;1;973;2;2;7;3;4,9361400000; -52,3335700000
202200012460;31;7;2022;03:20;5;69;2;9;1;2;45,7851314467;4,8518325932
202200012461;30;7;2022;01:53;3;972;1;6;1;7;14,6243200000; -60,9880000000
202200012462;31;7;2022;02:25;5;972;2;1;1;6;14,6113400000; -61,0722000000
202200012463;31;7;2022;05:34;2;2B;1;1;1;1;42,5937900000;9,4390700000
202200012464;31;7;2022;18:25;5;971;2;1;1;2;16,2387147103; -61,5328037739
202200012465;31;7;2022;16:50;1;2A;2;1;1;7;41,9093700000;8,6882900000
202200012466;30;7;2022;11:30;1;91;2;1;1;3;48,6910600000;2,4534200000
202200012467;30;7;2022;10:10;1;83;2;1;1;1;43,1072100000;5,9378600000
202200012468;31;7;2022;18:24;1;82;2;1;1;2;44,0341100000;1,1743900000
202200012469;31;7;2022;03:15;5;81;2;1;1;6;43,5921300000;2,2014700000
202200012470;30;7;2022;22:50;5;64;2;1;1;2;43,3687400000; -1,6847400000
202200012471;31;7;2022;23:15;5;64;2;2;1;3;43,4824200000; -1,5444500000
202200012472;31;7;2022;17:50;1;62;2;3;1;1;50,5414000000;2,6064500000
202200012473;31;7;2022;19:05;1;59;2;1;1;7;50,2130989113;3,8644570112
202200012474;21;7;2022;02:30;5;57;2;1;1;6;49,1032726598;6,6996807384
202200012475;31;7;2022;20:10;1;56;1;1;1;2;47,6563340000; -2,7043760000
202200012476;31;7;2022;22:07;5;49;2;1;1;6;47,4492200000; -0,5670800000
202200012477;31;7;2022;06:12;2;49;2;1;1;6;47,4470700000; -0,5291000000
202200012478;31;7;2022;23:26;5;45;2;1;1;6;47,8849520307;1,9292633235
202200012479;30;7;2022;11:45;1;33;2;2;1;3;44,7682375777; -0,5796307325
202200012480;30;7;2022;07:43;2;29;1;6;1;7;47,8623122500; -3,8894927500
202200012481;30;7;2022;18:40;1;27;2;1;1;6;49,2284200000;1,1688500000
202200012482;31;7;2022;08:15;1;27;2;1;1;6;49,0083797000;1,1639936000
202200012483;31;7;2022;07:35;1;22;2;9;1;1;48,7450790000; -3,4953790000
202200012484;31;7;2022;03:30;5;13;2;2;1;3;43,2834600000;5,3823900000
202200012485;31;7;2022;15:36;1;12;1;1;1;6;44,1201000000;3,1849200000
202200012486;31;7;2022;03:00;5;10;2;3;1;6;48,3208100000;4,0348800000
202200012487;12;7;2022;22:15;5;04;2;1;1;3;43,8335600000;5,7857000000
202200012488;30;7;2022;10:35;1;01;1;2;1;3;46,1648300000;5,2207000000
202200012489;30;7;2022;23:45;5;75;2;1;1;2;48,8617120000;2,4136970000
202200012490;31;7;2022;06:45;1;75;2;2;1;2;48,8858430000;2,3263870000
202200012491;31;7;2022;11:55;1;75;2;2;1;6;48,8192220000;2,3620700000
202200012492;31;7;2022;01:55;4;75;2;3;1;6;48,8261850000;2,3871670000
202200012493;31;7;2022;00:20;5;75;2;2;1;3;48,8375250000;2,3735770000
202200012494;30;7;2022;23:18;5;75;2;3;1;6;48,8157620000;2,3607060000
202200012495;31;7;2022;12:15;1;75;2;2;1;3;48,8652890000;2,3745100000
202200012496;31;7;2022;14:05;1;75;2;2;1;2;48,8705540000;2,3728950000
202200012497;31;7;2022;00:05;5;75;2;2;1;6;48,8573240000;2,3099360000
202200012498;30;7;2022;13:25;1;75;2;1;1;6;48,8596010000;2,2971040000
202200012499;31;7;2022;08:20;1;75;2;2;1;3;48,8600760000;2,3334270000
202200012500;31;7;2022;00:25;5;75;2;3;1;6;48,8587360000;2,3483820000
202200012501;30;7;2022;11:15;1;93;2;2;1;6;48,9300000000;2,3860300000
202200012502;31;7;2022;12:45;1;93;2;2;1;3;48,9300180000;2,4818730000
202200012503;30;7;2022;14:50;1;63;1;1;1;3;45,7082170000;3,0595640000
202200012504;27;7;2022;19:52;1;83;1;1;1;7;43,4309202019;6,3291549683
202200012505;30;7;2022;10:20;1;972;1;1;1;3;14,5255030000; -60,9864590000
202200012506;1;8;2022;13:20;1;972;1;1;1;6;14,5193230000; -60,8392600000
202200012507;29;7;2022;18:30;1;63;2;6;1;3;45,9604360000;3,1123660000
202200012508;31;7;2022;17:00;1;46;1;6;1;4;44,3784410000;1,4541010000
202200012509;1;8;2022;10:00;1;22;1;1;1;7;48,5853800000; -3,2490780000
202200012510;31;7;2022;19:00;3;971;2;1;1;3;15,9835830000; -61,6326570000
202200012511;30;7;2022;06:30;2;84;1;1;1;1;43,8803130000;5,1599430000