Accident_Id;jour;mois;an;hrmn;lum;dep;agg;int;atm;col;lat;long
202200013494;23;12;2022;18:30;5;75;2;4;1;2;48,9008440000;2,3670720000
202200013495;7;9;2022;17:10;1;14;2;1;1;3;49,1373900000;0,2232560000
202200013496;10;7;2022;22:00;3;13;1;1;1;1;43,3762300000;5,0646700000
202200013497;23;12;2022;17:50;5;75;2;1;1;3;48,8698870000;2,2715100000
202200013498;27;4;2022;19:00;1;25;1;2;1;3;47,2604170000;6,3214090000
202200013499;22;12;2022;01:30;5;75;2;1;2;2;48,8944260000;2,3948290000
202200013500;27;4;2022;18:30;1;67;2;6;7;3;48,6906610000;7,7847920000
202200013501;9;9;2022;15:45;1;13;2;3;1;4;43,2921400000;5,3926400000
202200013502;26;4;2022;09:46;1;67;1;1;1;6;48,4177980000;7,5301410000
202200013503;9;9;2022;14:30;1;13;2;9;1;3;43,3358500000;5,3985200000
202200013504;23;12;2022;15:24;1;75;2;3;8;3;48,8866610000;2,3848230000
202200013505;9;9;2022;15:15;1;13;2;6;1;3;43,2817400000;5,6038600000
202200013506;27;4;2022;19:10;1;88;1;1;1;7;48,3091920000;5,6242970000
202200013507;23;12;2022;06:40;5;75;2;7;2;3;48,8547040000;2,2888730000
202200013508;9;9;2022;09:00;1;13;2;4;1;3;43,4894400000;5,4080800000
202200013509;28;4;2022;18:10;1;42;2;2;1;3;45,5943600000;4,0747740000
202200013510;7;9;2022;20:20;1;11;1;9;1;2;43,2022000000;2,3149000000
202200013511;23;12;2022;19:30;5;75;2;3;2;6;48,8287820000;2,3277130000
202200013512;8;9;2022;07:45;1;10;2;3;1;3;48,2963100000;4,0498800000
202200013513;23;12;2022;18:00;5;75;2;3;2;3;48,8453130000;2,3982980000
202200013514;9;9;2022;10:15;1;07;2;6;1;3;44,9324300000;4,8696400000
202200013515;28;4;2022;14:10;1;61;1;1;1;3;48,3916980000;0,0532470000
202200013516;26;4;2022;15:30;1;27;1;1;1;6;48,9418680000;0,8734990000
202200013517;6;9;2022;19:00;1;75;2;1;1;4;48,8328450000;2,2793860000
202200013518;23;12;2022;12:50;1;75;2;3;1;3;48,8397810000;2,4043750000
202200013519;27;4;2022;17:54;1;60;1;4;1;1;49,4000081856;2,4656120538
202200013520;9;9;2022;00:20;5;75;2;7;1;3;48,8679460000;2,3623820000
202200013521;30;10;2022;02:50;5;75;2;2;1;6;48,8590240000;2,3226410000
202200013522;8;9;2022;19:20;1;75;2;2;1;3;48,8462480000;2,3241500000
202200013523;27;4;2022;11:00;1;59;1;1;1;3;50,6538934062;2,6144832373
202200013524;23;12;2022;15:25;1;94;2;1;2;3;48,7937900000;2,3338400000
202200013525;26;4;2022;19:20;5;13;1;1;1;2;43,3301300000;5,4075700000
202200013526;9;9;2022;18:40;1;75;2;2;2;4;48,8481350000;2,3992160000
202200013527;23;12;2022;08:30;5;94;2;3;2;6;48,8540572527;2,4722391729
202200013528;9;9;2022;17:47;1;75;2;2;8;3;48,8877900000;2,3892980000
202200013529;26;4;2022;18:30;1;13;1;1;1;2;43,3499730000;5,3689010000
202200013530;9;9;2022;15:00;1;75;2;3;2;6;48,8877820000;2,3397620000
202200013531;23;12;2022;07:30;5;94;1;3;2;3;48,7824900000;2,4944100000
202200013532;26;4;2022;18:17;1;13;1;1;1;6;43,2884892599;5,5483670050
202200013533;9;9;2022;09:30;1;75;2;2;2;7;48,8414900000;2,3079360000
202200013534;6;2;2022;05:45;5;75;2;1;1;3;48,8531830000;2,2528990000
202200013535;23;12;2022;19:40;5;93;2;1;2;5;48,8628825899;2,5461888042
202200013536;9;9;2022;19:45;5;75;2;3;2;6;48,8264350000;2,3107190000
202200013537;26;4;2022;13:15;1;13;1;1;1;3;43,5097775279;5,4160624050
202200013538;5;2;2022;13:40;1;75;2;1;1;3;48,8223130000;2,3803760000
202200013539;9;9;2022;16:30;1;75;2;1;1;6;48,8384170000;2,3239890000
202200013540;23;12;2022;17:20;5;93;2;1;1;6;48,8533461581;2,5161545277
202200013541;6;2;2022;06:09;5;75;2;2;1;7;48,8209970000;2,3507500000
202200013542;8;9;2022;17:15;1;75;2;1;1;6;48,8416870000;2,3252350000
202200013543;25;4;2022;08:00;1;13;1;1;1;2;43,2874400000;5,5434100000
202200013544;6;2;2022;03:55;5;75;2;1;1;6;48,8726530000;2,3909750000
202200013545;27;12;2022;19:15;5;93;2;3;1;3;48,8787400000;2,5330900000
202200013546;9;9;2022;09:10;1;75;2;1;8;3;48,8468610000;2,3825590000
202200013547;20;4;2022;17:15;1;33;1;1;2;3;44,7785050000; -0,5676240000
202200013548;6;2;2022;17:15;1;75;2;2;2;7;48,8860110000;2,3981660000
202200013549;9;9;2022;03:55;5;75;2;1;1;6;48,8454620000;2,3667190000
202200013550;20;4;2022;06:45;5;33;1;1;3;6;44,8840900000; -0,5596900000
202200013551;22;12;2022;23:15;3;93;1;1;2;2;48,9527661078;2,4933332205
202200013552;9;9;2022;16:01;1;75;2;1;8;6;48,8803620000;2,3131580000
202200013553;6;2;2022;12:55;1;75;2;2;2;3;48,8496300000;2,3742930000
202200013554;25;4;2022;00:30;3;59;1;1;1;6;50,4082400000;3,4387100000
202200013555;9;9;2022;22:30;5;75;2;2;2;7;48,8622800000;2,3637180000
202200013556;22;12;2022;22:00;5;93;2;2;2;1;48,9513200000;2,5138000000
202200013557;6;2;2022;19:20;5;75;2;2;2;6;48,8567790000;2,3778650000
202200013558;9;9;2022;22:20;5;75;2;1;2;7;48,8631460000;2,3508050000
202200013559;21;4;2022;20:00;1;59;1;1;1;2;50,3389700000;3,4998900000
202200013560;23;12;2022;14:30;1;92;2;1;2;3;48,8206000000;2,2710000000
202200013561;6;2;2022;17:14;1;75;2;2;2;6;48,8700050000;2,3710570000
202200013562;25;4;2022;09:10;1;59;1;1;1;7;50,5557603195;3,1761910915
202200013563;23;12;2022;02:10;5;92;2;1;2;6;48,8219797813;2,2511849999
202200013564;9;9;2022;17:30;1;75;2;4;2;3;48,8496920000;2,3615220000
202200013565;6;2;2022;06:18;5;75;2;1;1;7;48,8842460000;2,3583960000
202200013566;21;4;2022;20:40;1;92;2;1;1;2;48,7607350000;2,2930310000
202200013567;6;2;2022;02:05;5;75;2;1;1;7;48,8618080000;2,3218700000
202200013568;9;9;2022;17:30;1;75;2;2;2;3;48,8609080000;2,3408210000
202200013569;23;12;2022;18:27;5;92;2;2;1;3;48,9145450000;2,2288230000
202200013570;3;12;2022;03:30;5;92;1;1;1;6;48,9201489280;2,2817592323
202200013571;9;9;2022;15:10;1;94;2;1;3;3;48,8447300000;2,4399100000
202200013572;26;4;2022;08:00;1;93;1;1;1;2;48,9216600000;2,3573500000
202200013573;5;2;2022;12:45;1;75;2;3;1;7;48,8682480000;2,3502090000
202200013574;9;9;2022;12:18;1;94;2;1;8;6;48,8034320000;2,5000950000
202200013575;6;2;2022;16:45;1;94;2;1;2;1;48,7695590000;2,4488090000
202200013576;23;12;2022;15:40;1;92;2;1;2;2;48,7578300000;2,2771900000
202200013577;26;4;2022;05:20;3;95;1;1;1;6;49,0304870204;2,5388073921
202200013578;7;9;2022;23:15;5;94;2;9;2;7;48,8011900000;2,4946400000
202200013579;6;2;2022;06:45;2;94;2;1;1;3;48,7540700000;2,4850100000
202200013580;23;12;2022;00:05;5;92;2;1;2;2;48,7875188412;2,3185910582
202200013581;7;9;2022;09:15;1;94;2;1;1;2;48,8065200000;2,4788700000
202200013582;25;4;2022;21:50;3;95;1;1;1;2;48,9858700000;2,2121400000
202200013583;21;12;2022;22:30;5;92;2;3;2;6;48,7850899670;2,3175278306
202200013584;9;9;2022;17:15;1;94;2;1;2;3;48,8238500000;2,4655200000
202200013585;25;4;2022;07:50;1;93;1;1;1;6;48,9255800000;2,4815000000
202200013586;6;2;2022;20:02;5;94;2;3;2;2;48,8102400000;2,4235900000
202200013587;9;9;2022;14:05;1;94;2;1;2;2;48,7884400000;2,4355600000
202200013588;5;2;2022;02:40;5;94;2;6;8;6;48,8172900000;2,4526000000
202200013589;15;4;2022;14:30;1;75;1;1;1;2;48,8216000000;2,4623000000
202200013590;9;9;2022;09:30;1;94;2;1;1;6;48,7763400000;2,3407400000
202200013591;24;12;2022;19:00;5;51;2;1;2;3;48,7293990000;4,5860540000
202200013592;6;2;2022;07:05;5;94;2;3;2;6;48,8126400000;2,5148300000
202200013593;8;9;2022;11:35;1;94;2;3;1;3;48,7684300000;2,4191950000
202200013594;6;2;2022;20:00;5;93;2;2;2;1;48,9231200000;2,3840700000
202200013595;9;9;2022;08:20;1;94;2;1;1;6;48,8213454849;2,5403254713
202200013596;6;2;2022;12:15;1;01;2;6;1;2;45,9259610000;4,9512930000
202200013597;22;12;2022;10:15;1;11;1;1;1;5;43,2827670000;1,9777750000
202200013598;20;2;2022;08:09;1;36;2;1;1;6;46,7737100000;1,7107900000
202200013599;6;2;2022;22:45;3;76;1;1;1;7;49,8930860000;1,4271500000
202200013600;9;9;2022;14:00;1;93;1;6;2;3;48,9645600000;2,5526800000
202200013601;3;2;2022;14:05;1;11;1;1;1;7;43,2690270000;2,8350310000
202200013602;25;4;2022;07:30;1;974;2;9;1;6; -20,8961300000;55,4579100000
202200013603;22;12;2022;18:30;3;21;1;1;3;6;47,5643430000;5,2013080000
202200013604;9;9;2022;15:40;1;93;2;2;2;6;48,8574152680;2,4400676144
202200013605;6;2;2022;19:35;3;29;1;1;6;4;48,1736111100; -4,0442250360
202200013606;23;4;2022;12:30;1;974;2;1;1;2; -20,8867400000;55,4864000000
202200013607;8;9;2022;18:14;1;93;2;3;1;6;48,8781700000;2,4354100000
202200013608;23;12;2022;20:30;3;10;1;1;8;5;48,3437895977;4,0072556347
202200013609;7;2;2022;16:45;1;60;1;3;1;3;49,3075919276;2,9504921436
202200013610;9;9;2022;17:35;1;92;1;1;8;3;48,9239300000;2,3287600000
202200013611;21;4;2022;06:45;1;974;2;1;1;3; -20,8903900000;55,4910900000
202200013612;20;9;2022;12:35;1;92;2;6;1;3;48,8264100000;2,2192500000
202200013613;7;2;2022;04:55;5;62;1;1;1;1;50,3178190000;2,8373910000
202200013614;25;4;2022;09:20;1;973;2;2;1;7;4,9376289639; -52,3280417919
202200013615;9;9;2022;10:00;1;92;1;1;1;6;48,8332500000;2,1955000000
202200013616;9;9;2022;14:30;1;92;2;1;2;6;48,8855900000;2,2276400000
202200013617;7;2;2022;10:56;1;56;2;6;8;3;47,6287920000; -2,6550540000
202200013618;25;4;2022;08:30;1;69;2;3;1;3;45,7357400000;4,8675400000
202200013619;7;2;2022;13:15;1;71;1;4;1;7;46,4578010000;4,8843940000
202200013620;9;9;2022;13:35;1;92;2;2;2;2;48,8968780000;2,2240400000
202200013621;25;4;2022;15:10;1;972;1;1;1;4;14,6182050257; -61,0350018740
202200013622;7;2;2022;15:45;1;61;2;1;1;2;48,7737830000; -0,7172700000
202200013623;9;9;2022;10:55;1;92;2;2;8;3;48,8894016131;2,2888716459
202200013624;6;2;2022;19:00;3;61;1;1;6;6;48,6522940000; -0,0888940000
202200013625;25;4;2022;22:50;5;69;2;3;2;6;45,7727963585;4,8053654905
202200013626;8;9;2022;18:45;1;92;2;2;1;3;48,9010170000;2,2497050000
202200013627;7;2;2022;17:10;2;55;1;1;1;6;48,6407220000;5,0238420000
202200013628;9;9;2022;18:00;1;92;2;1;2;6;48,9239120000;2,2482330000
202200013629;25;4;2022;08:55;1;69;2;1;1;3;45,7507100000;4,8248600000
202200013630;6;2;2022;16:45;1;12;1;1;2;6;44,2833390000;2,6713940000
202200013631;8;9;2022;17:45;1;92;2;1;1;3;48,9312830000;2,2670360000
202200013632;23;4;2022;12:10;1;2B;1;1;1;2;42,6359000000;9,4385000000
202200013633;9;9;2022;21:30;5;92;2;4;2;3;48,7977293773;2,2652470171
202200013634;6;2;2022;17:45;2;42;2;1;1;3;45,6020340000;4,2557280000
202200013635;9;9;2022;20:05;2;92;2;1;3;2;48,7849579519;2,3071256876
202200013636;25;4;2022;09:10;1;91;2;1;1;6;48,6789580000;2,1727530000
202200013637;4;2;2022;19:45;3;34;1;1;1;2;43,3142340000;3,4411400000
202200013638;9;9;2022;13:15;1;92;2;1;1;1;48,9163251991;2,2896797955
202200013639;25;4;2022;15:30;1;91;2;1;1;2;48,7047800000;2,4370800000
202200013640;6;2;2022;10:40;1;44;1;2;1;3;47,5421590000; -1,8809010000
202200013641;9;9;2022;19:53;3;2A;1;4;1;3;41,6739700000;8,9259410000
202200013642;25;4;2022;15:45;1;91;2;1;1;6;48,6828000000;2,5327400000
202200013643;5;2;2022;21:00;3;02;1;1;1;1;49,7894240000;3,4482910000
202200013644;9;9;2022;17:45;1;17;2;6;1;7;46,1271175337; -0,9839011217
202200013645;6;2;2022;11:30;1;18;1;1;1;7;46,5116810000;2,2632300000
202200013646;22;4;2022;18:20;1;91;2;2;1;3;48,7000000000;2,3600000000
202200013647;9;9;2022;19:45;2;22;2;4;1;3;48,5146180000; -3,0328220000
202200013648;5;2;2022;14:15;1;36;1;1;1;6;46,6684490000;1,0123300000
202200013649;10;9;2022;11:10;1;11;1;1;1;6;43,2286280000;2,1391480000
202200013650;7;2;2022;07:30;2;16;1;1;8;6;45,8432410000;0,5918030000
202200013651;9;2;2022;18:45;1;78;1;9;1;3;48,9854200000;1,7376130000
202200013652;9;9;2022;19:00;1;45;1;2;1;3;47,9427110000;2,5542270000
202200013653;4;2;2022;17:20;1;07;2;1;1;7;44,7537620000;4,7486790000
202200013654;25;4;2022;16:50;1;77;2;1;1;6;48,7307440000;2,7351150000
202200013655;6;2;2022;19:20;3;27;1;6;3;6;48,9972339612;0,5095510479
202200013656;9;9;2022;14:55;1;41;1;1;1;5;47,5027500000;1,2412190000
202200013657;7;2;2022;07:10;3;27;1;1;1;7;48,7806910000;1,1903210000
202200013658;10;9;2022;08:00;1;01;1;1;1;1;46,1215590000;5,8943370000
202200013659;7;2;2022;15:00;1;52;1;1;1;6;48,3021660000;5,1478400000
202200013660;25;4;2022;17:30;1;77;2;2;1;2;48,8537800000;2,6907300000
202200013661;30;5;2022;09:35;1;38;1;1;1;1;45,3604380000;5,4339810000
202200013662;6;2;2022;18:15;5;95;2;1;2;6;49,0990302279;2,5138762593
202200013663;16;4;2022;16:54;1;76;2;1;1;6;49,3980600000;1,0624600000
202200013664;5;2;2022;19:49;5;987;1;1;1;2; -17,5383760000; -149,3702890000
202200013665;5;2;2022;15:45;1;988;1;1;2;1; -21,6946370000;165,7910390000
202200013666;16;4;2022;10:25;1;76;1;6;1;3;49,3515971873;1,0284811505
202200013667;6;2;2022;16:10;1;2B;1;2;1;3;42,5387340000;9,4483950000
202200013668;10;9;2022;18:15;1;51;1;1;1;1;49,0206560000;4,0733340000
202200013669;23;4;2022;15:40;1;76;2;3;1;6;49,5100600000;0,1837200000
202200013670;6;2;2022;02:40;3;84;1;1;1;7;44,3028370000;4,7743640000
202200013671;9;9;2022;13:10;1;80;1;1;1;2;49,8039680000;2,8114270000
202200013672;22;4;2022;20:45;1;72;2;6;1;3;48,0097118268;0,1957976816
202200013673;9;9;2022;07:55;1;80;1;1;3;1;50,0547420000;1,6332830000
202200013674;6;2;2022;17:30;1;83;2;3;6;3;43,4478760101;6,6332174689
202200013675;10;9;2022;11:40;1;65;1;1;1;6;42,7974710000;0,2744110000
202200013676;25;4;2022;07:40;1;66;2;1;1;2;42,6779843373;2,8503352404
202200013677;4;2;2022;18:50;5;89;2;1;2;1;47,8814770000;3,5281880000
202200013678;9;9;2022;19:30;1;65;2;1;1;6;43,0784410000;0,3911120000
202200013679;10;9;2022;12:15;1;65;1;1;1;6;42,9486800000; -0,0833850000
202200013680;6;2;2022;15:30;1;57;1;9;6;1;49,3081350000;6,1597490000
202200013681;24;4;2022;14:48;1;66;2;3;2;2;42,6783800000;2,9061200000
202200013682;6;2;2022;20:00;5;57;2;2;3;3;49,2371450000;6,1725780000
202200013683;23;4;2022;17:07;1;66;2;1;2;3;42,6957978395;2,8886348382
202200013684;10;9;2022;14:00;1;71;1;3;1;5;46,6527800000;5,3264700000
202200013685;6;2;2022;16:00;1;74;1;1;1;6;46,1423960000;6,0927180000
202200013686;22;4;2022;17:50;1;66;1;1;1;6;42,6909400000;2,8549400000
202200013687;10;9;2022;10:30;1;89;1;1;1;6;47,4622730000;3,7381950000
202200013688;5;2;2022;22:00;3;16;1;1;1;6;45,7202319277;0,0455921888
202200013689;25;4;2022;14:10;1;64;2;1;1;6;43,4455300000; -1,5762700000
202200013690;5;2;2022;23:00;3;33;1;1;1;6;44,7358510000; -0,5649910000
202200013691;10;9;2022;04:00;3;49;1;1;1;6;47,2471860000; -0,5246620000
202200013692;24;4;2022;20:46;2;64;2;1;1;7;43,5326630000; -1,4886380000
202200013693;7;2;2022;18:20;2;27;2;1;1;6;49,0913070000;1,2724610000
202200013694;10;9;2022;12:20;1;49;1;9;1;6;47,3634530000; -0,4496510000
202200013695;9;9;2022;14:00;1;12;1;1;1;6;44,7011640000;2,8427980000
202200013696;7;2;2022;16:30;1;02;1;1;1;1;49,9392370000;4,1206910000
202200013697;10;9;2022;14:15;1;39;2;2;8;3;46,7603430000;5,5307820000
202200013698;25;4;2022;18:35;1;59;2;1;2;3;50,6988135057;3,1549429893
202200013699;4;2;2022;18:05;2;62;1;1;8;3;50,6813550000;1,6559130000
202200013700;9;9;2022;11:50;1;35;1;1;1;6;48,5580790056; -1,9463677704
202200013701;25;4;2022;13:30;1;59;2;1;2;3;50,7204910246;3,1379163265
202200013702;7;9;2022;17:25;1;29;2;6;1;5;47,8730286839; -4,2198657989
202200013703;5;2;2022;20:12;3;13;1;1;1;2;43,3818400000;5,3518070000
202200013704;25;4;2022;13:05;1;59;2;2;3;6;50,7379415917;3,1623016298
202200013705;5;2;2022;10:00;1;13;2;1;1;2;43,3170630000;5,3641010000
202200013706;10;9;2022;09:10;1;31;1;1;7;5;43,3516380000;0,8814870000
202200013707;24;4;2022;15:40;1;59;2;1;1;3;50,5567400000;3,0586800000
202200013708;8;9;2022;12:19;1;66;1;1;1;6;42,5028370000;2,7593870000
202200013709;4;2;2022;17:46;2;13;1;1;1;4;43,2873000000;5,5041000000
202200013710;22;4;2022;19:15;1;59;2;1;1;6;50,6323580000;3,0068340000
202200013711;6;9;2022;08:47;1;45;1;1;1;6;47,6751950000;1,7811640000
202200013712;22;4;2022;14:10;1;59;2;6;1;2;50,3777300000;3,0891100000
202200013713;5;2;2022;03:20;3;69;2;1;2;1;45,7079500000;4,8302500000
202200013714;6;9;2022;17:32;1;45;1;1;1;4;47,7951970000;1,9323060000
202200013715;4;2;2022;13:00;1;38;2;1;1;3;45,5316600000;4,8740900000
202200013716;9;9;2022;15:45;1;36;1;1;1;6;46,4887580000;2,0533940000
202200013717;21;4;2022;22:10;3;59;1;1;1;6;50,3938200000;3,0454000000
202200013718;9;9;2022;16:20;1;21;1;1;1;6;47,5476460000;4,5959100000
202200013719;6;2;2022;16:09;1;94;1;1;2;6;48,8151900000;2,3367000000
202200013720;10;9;2022;15:55;1;17;1;1;1;1;45,8925620000; -0,6477000000
202200013721;23;4;2022;20:05;1;56;2;3;1;3;47,7591100000; -3,3792400000
202200013722;6;2;2022;13:10;1;91;1;1;2;7;48,6321300000;2,4011000000
202200013723;9;9;2022;17:15;1;23;2;3;1;3;46,0279486655;2,4977159500
202200013724;6;2;2022;15:10;1;91;1;1;2;7;48,7107100000;2,2881200000
202200013725;23;4;2022;18:32;1;56;2;6;1;3;47,7453000000; -3,3660800000
202200013726;9;9;2022;15:20;1;30;1;1;1;6;43,9416950000;4,3820430000
202200013727;10;9;2022;18:00;1;48;2;1;1;7;44,6377770000;3,4774630000
202200013728;6;2;2022;13:00;1;91;1;1;8;7;48,6966170000;2,2375950000
202200013729;16;4;2022;22:15;5;56;2;1;1;1;47,7253700000; -3,3854900000
202200013730;9;9;2022;12:50;1;83;1;1;1;2;43,5206410000;6,7733290000
202200013731;6;2;2022;08:00;1;77;1;1;1;2;48,6153600000;2,5619100000
202200013732;10;9;2022;03:15;5;34;1;1;1;6;43,6187410000;3,9510440000
202200013733;22;4;2022;14:52;1;49;2;1;1;6;47,4685000000; -0,5585200000
202200013734;6;2;2022;08:15;2;77;1;1;1;7;48,6110200000;2,5731000000
202200013735;10;9;2022;17:35;1;55;1;1;2;2;49,0908000000;5,2056110000
202200013736;25;4;2022;22:45;5;45;2;3;1;6;47,9940983341;2,7254000902
202200013737;24;4;2022;15:06;1;45;2;1;1;6;47,9833630370;2,7165050358
202200013738;6;2;2022;15:00;1;92;1;1;2;2;48,9275585140;2,2372593370
202200013739;9;9;2022;08:35;1;13;1;1;1;3;43,5412160000;5,3687500000
202200013740;10;9;2022;09:30;1;988;1;1;1;6; -21,2864200000;165,5257700000
202200013741;6;2;2022;13:15;1;92;1;1;1;6;48,8260258853;2,2226260108
202200013742;24;4;2022;14:04;1;45;2;1;1;6;47,9978900000;2,7385400000
202200013743;6;2;2022;20:20;3;93;1;1;2;6;48,9257500000;2,4014300000
202200013744;9;9;2022;19:00;3;973;1;1;1;4;5,6020620000; -53,8863950000
202200013745;6;2;2022;17:00;2;93;1;1;3;3;48,9602500000;2,4674000000
202200013746;10;9;2022;09:35;1;971;2;1;1;3;16,3337920000; -61,4606090000
202200013747;24;4;2022;01:30;5;45;2;1;2;2;47,9972737484;2,7286432386
202200013748;6;2;2022;15:40;1;95;1;1;3;6;49,0309369293;2,1208119392
202200013749;9;9;2022;16:00;1;972;1;1;1;5;14,7603530000; -60,9811860000
202200013750;25;4;2022;11:00;1;35;2;1;1;3;48,0966887221; -1,6363674402
202200013751;6;2;2022;12:10;1;93;1;1;2;2;48,9241500000;2,3872700000
202200013752;3;9;2022;14:00;1;972;2;9;1;1;14,7489820000; -61,0016780000
202200013753;10;9;2022;13:30;1;45;2;1;1;6;48,1660280000;2,2665100000
202200013754;6;2;2022;06:25;5;93;1;1;1;2;48,9237309191;2,3569409743
202200013755;22;4;2022;16:05;1;33;2;2;1;3;44,8715900000; -0,5093000000
202200013756;9;9;2022;18:50;1;95;1;1;1;2;49,0587445450;2,5365784764
202200013757;6;2;2022;05:10;3;95;1;1;1;6;48,9630631777;2,2651281953
202200013758;20;4;2022;23:25;5;29;2;1;1;6;48,4137700000; -4,4797700000
202200013759;9;9;2022;23:25;3;91;1;1;9;6;48,4273030000;2,0643870000
202200013760;5;2;2022;23:28;3;95;1;1;1;4;49,0437733036;2,0768934488
202200013761;25;4;2022;07:00;1;25;2;3;2;3;47,2344760000;5,9842750000
202200013762;9;9;2022;20:40;3;13;1;2;1;3;43,8733030000;4,9145360000
202200013763;5;2;2022;18:35;3;95;1;1;1;3;49,0320300000;2,1067600000
202200013764;25;4;2022;19:10;2;13;2;1;1;1;43,6374021966;5,0821640439
202200013765;9;9;2022;17:15;1;71;2;3;8;3;46,6428560000;4,8706850000
202200013766;25;4;2022;13:30;1;13;2;1;1;1;43,3400000000;5,4300000000
202200013767;9;9;2022;16:35;1;63;1;1;1;7;45,7821600000;3,0387500000
202200013768;5;2;2022;15:15;1;93;1;1;1;4;48,9179540593;2,4785582721
202200013769;10;9;2022;14:00;1;73;1;1;1;7;45,2843680000;6,8838120000
202200013770;25;4;2022;09:41;1;13;2;1;1;1;43,3022081496;5,4226887529
202200013771;6;2;2022;18:45;3;94;1;1;2;2;48,8173900000;2,4341000000
202200013772;10;9;2022;12:15;1;73;1;1;1;1;45,5529600000;6,6590090000
202200013773;25;4;2022;08:49;1;13;2;1;1;7;43,2889400000;5,3620900000
202200013774;5;2;2022;19:15;3;94;1;1;1;4;48,7916209426;2,4409774263
202200013775;10;9;2022;18:30;1;38;2;1;1;6;45,3659630000;4,8000270000
202200013776;9;9;2022;20:15;3;26;2;1;1;6;44,9196440000;4,9804920000
202200013777;5;2;2022;18:30;3;77;1;1;1;6;48,9697644713;2,5981800905
202200013778;25;4;2022;07:30;1;13;2;1;1;3;43,3186000000;5,3705700000
202200013779;24;4;2022;09:35;1;11;2;1;2;6;43,2154800000;2,3304600000
202200013780;10;9;2022;18:11;1;60;1;1;8;1;49,2601193785;1,9837510585
202200013781;5;2;2022;14:45;1;77;1;1;1;6;48,9593499411;2,6217754482
202200013782;4;2;2022;18:30;5;94;1;1;1;2;48,8164500000;2,4499000000
202200013783;24;4;2022;07:30;2;11;1;1;2;7;43,2174000000;2,3106000000
202200013784;4;2;2022;18:00;3;77;1;1;1;2;48,9693000000;2,5997000000
202200013785;5;2;2022;11:45;1;94;2;7;1;6;48,7510200000;2,4910000000
202200013786;24;4;2022;02:10;5;11;2;1;3;6;43,2054800000;2,3148400000
202200013787;5;2;2022;07:40;5;81;2;7;2;6;43,4910900000;2,3750900000
202200013788;25;4;2022;20:50;5;06;2;1;1;6;43,6841390000;7,2284060000
202200013789;5;2;2022;15:00;1;974;1;2;1;2; -20,9193000000;55,3979000000
202200013790;25;4;2022;10:10;1;75;2;1;1;3;48,8915274821;2,3003528811
202200013791;5;2;2022;18:55;5;973;2;9;1;6;4,9389851321; -52,3308742046
202200013792;5;2;2022;16:45;1;973;2;1;1;3;4,9333702661; -52,3131850362
202200013793;25;4;2022;15:20;1;75;2;2;1;3;48,8480741261;2,3505130137
202200013794;5;2;2022;23:00;5;69;2;1;1;2;45,7506349257;4,8760601878
202200013795;5;2;2022;00:58;5;2B;2;1;1;2;42,6703300000;9,4435000000
202200013796;25;4;2022;19:00;1;75;2;4;1;3;48,8741083290;2,2753998668
202200013797;5;2;2022;13:30;1;971;1;1;1;2;16,2789300000; -61,5075900000
202200013798;25;4;2022;00:40;5;75;2;1;1;3;48,8379545488;2,3192214894
202200013799;5;2;2022;14:45;1;83;1;1;1;1;43,0943841588;6,1376544535
202200013800;5;2;2022;21:40;5;83;1;1;1;3;43,3762500000;6,7203300000
202200013801;31;1;2022;13:55;1;83;2;1;1;6;43,4286900000;6,7724400000
202200013802;25;4;2022;21:35;5;75;2;4;1;3;48,8399767715;2,3617574573
202200013803;5;2;2022;09:30;1;77;2;1;1;6;48,5861100000;2,5940200000
202200013804;25;4;2022;18:45;1;75;2;1;1;3;48,8183440000;2,3586860000
202200013805;25;4;2022;02:35;5;75;2;1;1;3;48,8517431655;2,3846476133
202200013806;4;2;2022;21:50;5;77;2;6;1;6;48,2583700000;2,6934700000
202200013807;5;2;2022;06:00;3;77;2;1;9;6;48,8151700000;3,0173400000
202200013808;5;1;2022;14:00;1;76;2;9;1;7;49,4838013948;1,0483697184
202200013809;4;3;2022;23:27;5;75;2;3;1;3;48,8788960000;2,3398470000
202200013810;25;4;2022;22:27;5;75;2;2;1;3;48,8634000000;2,3509550000
202200013811;1;2;2022;18:20;5;74;2;1;1;2;46,3698800000;6,4776200000
202200013812;24;4;2022;12:50;1;94;2;1;1;6;48,8371100000;2,4844500000
202200013813;5;2;2022;12:45;1;73;2;4;1;3;45,5675300000;5,9377800000
202200013814;4;2;2022;20:50;4;72;2;1;1;6;48,0283800000;0,1782200000
202200013815;6;2;2022;01:10;5;64;2;1;1;3;43,2965346773; -0,3662502766
202200013816;5;2;2022;11:50;1;64;2;5;1;3;43,3016800000; -0,3672200000
202200013817;25;4;2022;16:45;1;94;2;2;1;3;48,8058000000;2,4410000000
202200013818;5;2;2022;23:50;3;64;1;1;1;7;43,4246900000; -1,5746200000
202200013819;25;4;2022;20:15;1;94;2;1;1;7;48,7431900000;2,3997600000
202200013820;5;2;2022;18:40;3;62;2;1;6;3;50,9246380000;1,9058120000
202200013821;5;2;2022;21:30;5;59;2;3;1;6;50,6258900000;3,0518800000
202200013822;5;2;2022;11:15;1;59;1;1;1;2;50,1422810000;3,2230990000
202200013823;5;2;2022;17:12;1;57;2;1;1;6;49,1052107397;6,1635842174
202200013824;25;4;2022;16:03;1;93;1;1;1;2;48,9843270000;2,5339430000
202200013825;4;2;2022;19:05;5;56;2;6;8;3;47,7430500000; -3,3889300000