Accident_Id;jour;mois;an;hrmn;lum;dep;agg;int;atm;col;lat;long
202200013826;4;2;2022;17:27;1;56;1;1;1;4;47,7911800000; -3,3177550000
202200013827;3;2;2022;17:23;1;56;2;3;1;3;47,7448500000; -3,3776100000
202200013828;25;4;2022;00:10;5;93;2;1;1;3;48,9622100000;2,3697400000
202200013829;5;2;2022;17:45;1;51;2;2;1;7;49,2707600000;4,0260700000
202200013830;5;2;2022;15:17;1;49;2;1;1;3;47,4593800000; -0,4850500000
202200013831;24;4;2022;06:30;2;93;2;1;8;6;48,9355000000;2,3699400000
202200013832;5;2;2022;16:07;1;45;2;1;1;2;47,9341300000;1,8993700000
202200013833;5;2;2022;11:00;1;45;2;1;1;2;47,9396973145;1,8934920430
202200013834;25;4;2022;20:00;1;93;2;1;1;3;48,8654130000;2,4878510000
202200013835;5;2;2022;09:45;1;44;2;1;7;2;47,2311400000; -1,5300530000
202200013836;5;2;2022;01:25;5;44;2;1;1;3;47,2346390000; -1,5409940000
202200013837;30;1;2022;21:40;5;42;2;1;2;2;45,4552170538;4,4129106402
202200013838;25;4;2022;13:20;1;93;2;1;1;6;48,8838570000;2,4884560000
202200013839;4;2;2022;14:15;1;38;2;3;8;3;45,3666300000;5,5829000000
202200013840;5;2;2022;23:30;5;33;2;2;1;3;44,8419700000; -0,5845600000
202200013841;5;2;2022;11:00;1;33;2;3;1;1;44,7992900000; -0,6706000000
202200013842;25;4;2022;15:15;1;93;2;1;1;3;48,8816400000;2,4961800000
202200013843;5;2;2022;10:30;1;33;2;4;1;3;44,8317800000; -0,5589100000
202200013844;5;2;2022;11:38;1;33;2;3;1;3;44,8151100000; -0,5796800000
202200013845;25;4;2022;07:50;1;93;2;1;1;3;48,9261100000;2,4675800000
202200013846;5;2;2022;12:35;1;33;2;1;1;6;44,6383700000; -1,1327500000
202200013847;24;4;2022;17:44;1;92;2;3;1;3;48,8888470000;2,1986820000
202200013848;5;2;2022;01:17;3;31;2;1;1;7;43,5904600000;1,3993800000
202200013849;4;2;2022;18:30;1;30;2;3;1;3;44,1172600000;4,0938700000
202200013850;25;4;2022;13:05;1;92;2;1;1;3;48,8969200000;2,2374400000
202200013851;4;2;2022;21:10;5;29;1;1;1;5;48,3983980000; -4,4225511000
202200013852;24;4;2022;19:00;1;92;2;9;1;2;48,9247520000;2,2661740000
202200013853;5;2;2022;17:30;2;26;2;3;1;3;44,9390000000;4,9033300000
202200013854;25;4;2022;13:20;1;92;2;1;1;6;48,8470621749;2,2445583344
202200013855;5;2;2022;12:00;1;25;2;6;1;2;47,2452300000;5,9966000000
202200013856;5;2;2022;17:45;1;18;2;1;1;7;47,2308910000;2,0803490000
202200013857;5;2;2022;14:50;1;13;2;1;1;3;43,2993800000;5,3821300000
202200013858;26;4;2022;18:45;2;17;1;2;1;3;45,7873970000; -0,7796860000
202200013859;26;4;2022;14:30;1;16;1;2;1;7;45,5996870000; -0,2155580000
202200013860;5;2;2022;17:00;1;13;2;2;1;3;43,3187978590;5,3792952304
202200013861;5;2;2022;08:45;1;13;2;1;1;3;43,2612793406;5,3976761160
202200013862;5;2;2022;17:10;1;10;2;1;1;2;48,2964000000;4,0728000000
202200013863;27;4;2022;12:30;1;62;2;1;1;6;50,8476710000;2,0601620000
202200013864;4;2;2022;14:55;1;75;2;3;1;3;48,8881683771;2,3907199502
202200013865;5;2;2022;21:30;5;75;2;4;1;2;48,9006990000;2,3649590000
202200013866;5;2;2022;11:10;1;75;2;2;1;3;48,8860130000;2,3981160000
202200013867;5;2;2022;22:00;5;75;2;5;1;6;48,8930600000;2,3275090000
202200013868;5;2;2022;19:00;5;75;2;3;1;6;48,8686650000;2,2733620000
202200013869;25;4;2022;18:00;1;26;1;1;1;2;44,4545220000;4,7563670000
202200013870;5;2;2022;10:45;1;75;2;7;1;2;48,8685000000;2,2651350000
202200013871;4;2;2022;13:50;1;75;2;1;1;2;48,8657190000;2,2455020000
202200013872;4;2;2022;23:50;5;75;2;1;1;6;48,8304480000;2,3291340000
202200013873;4;2;2022;20:35;5;75;2;2;1;3;48,8750370000;2,3091980000
202200013874;26;4;2022;18:05;1;35;1;2;1;3;48,0058880000; -1,3278540000
202200013875;5;2;2022;16:30;1;75;2;5;1;2;48,8665060000;2,3341050000
202200013876;5;2;2022;14:50;1;75;2;2;1;6;48,8564490000;2,3608150000
202200013877;5;2;2022;09:25;1;94;2;2;1;1;48,7962040000;2,3983360000
202200013878;27;4;2022;16:20;1;74;2;1;1;7;45,9392320000;6,1438950000
202200013879;5;2;2022;13:50;1;94;2;3;1;3;48,8486600000;2,4263700000
202200013880;5;2;2022;15:25;1;94;2;1;1;2;48,7451750000;2,4465230000
202200013881;27;4;2022;13:55;1;30;1;1;1;7;44,0071390000;4,7976780000
202200013882;5;2;2022;19:30;5;94;2;2;1;3;48,8195100000;2,5435390000
202200013883;5;2;2022;09:40;1;94;2;3;1;6;48,8072300000;2,4712600000
202200013884;5;2;2022;11:20;1;94;2;1;1;3;48,7494280000;2,3558800000
202200013885;4;2;2022;22:50;5;94;2;1;2;3;48,7883500000;2,4512400000
202200013886;5;2;2022;15:51;1;94;2;1;1;6;48,7808700000;2,5202700000
202200013887;5;2;2022;06:55;5;94;2;2;1;3;48,7902400000;2,5224600000
202200013888;4;2;2022;08:00;2;94;2;1;2;2;48,8232138745;2,4304226786
202200013889;5;2;2022;14:00;1;93;2;3;1;1;48,9640951084;2,5570598245
202200013890;5;2;2022;20:00;2;93;2;3;1;3;48,9367638674;2,3405389289
202200013891;25;4;2022;11:05;1;51;1;2;1;3;49,2018760000;4,2553030000
202200013892;5;2;2022;16:45;1;93;2;9;1;3;48,9270010954;2,3552297766
202200013893;5;2;2022;13:28;1;93;2;1;1;3;48,8460800000;2,5587700000
202200013894;27;4;2022;15:35;1;19;1;1;1;7;45,0272770000;1,6727860000
202200013895;5;2;2022;13:00;1;93;2;1;1;1;48,8606600000;2,5800200000
202200013896;5;2;2022;14:00;1;93;2;3;1;6;48,9538930000;2,3125170000
202200013897;5;2;2022;12:05;1;93;2;2;1;3;48,9037935334;2,3919552487
202200013898;5;2;2022;16:25;1;92;2;5;1;2;48,8864880307;2,2093488425
202200013899;23;4;2022;21:00;2;56;1;1;1;7;47,7710890000; -3,3811280000
202200013900;4;2;2022;21:57;5;92;2;9;1;3;48,7951930000;2,3002190000
202200013901;27;4;2022;11:00;1;56;2;3;1;2;47,5181100000; -2,7851680000
202200013902;5;2;2022;10:30;1;02;1;1;7;4;49,7759670000;3,3453900000
202200013903;6;2;2022;16:45;1;28;2;1;2;1;48,0706380000;1,3374570000
202200013904;6;2;2022;10:05;1;01;1;1;1;6;46,1608280000;5,9152260000
202200013905;26;4;2022;15:05;1;56;2;3;1;3;47,6865640000; -2,7325700000
202200013906;5;2;2022;16:30;1;974;1;9;1;1; -21,2630060000;55,4010590000
202200013907;5;2;2022;15:25;1;06;1;1;1;1;43,6399910000;6,8770820000
202200013908;27;4;2022;07:20;1;76;2;1;1;6;49,6992750000;0,2827690000
202200013909;4;2;2022;19:00;5;83;2;1;1;6;43,1371621485;6,3590283394
202200013910;5;2;2022;22:30;3;47;1;1;1;7;44,3429632609;0,1073568862
202200013911;6;2;2022;10:45;1;56;2;6;2;3;47,8307680000; -3,1554200000
202200013912;23;4;2022;09:30;1;2A;2;1;1;1;41,8592540000;9,3962880000
202200013913;6;2;2022;16:20;1;63;1;3;8;2;45,8584710000;2,9730890000
202200013914;6;2;2022;10:45;1;61;1;1;2;1;48,3250610000;0,4232820000
202200013915;5;2;2022;23:30;3;49;1;1;1;6;47,2683680000; -1,0157740000
202200013916;6;2;2022;02:00;3;42;1;1;8;7;45,2839420000;4,4397050000
202200013917;27;4;2022;13:20;1;71;1;2;1;3;46,6203330000;5,2538470000
202200013918;4;2;2022;08:45;1;41;2;1;2;1;47,2716880000;1,5565930000
202200013919;6;2;2022;00:15;3;34;1;1;1;6;43,6095180000;3,5039240000
202200013920;26;4;2022;19:40;2;12;1;1;1;6;44,3817540000;2,4087950000
202200013921;6;2;2022;16:10;1;34;1;1;1;6;43,4807950000;2,7676430000
202200013922;26;4;2022;09:00;1;44;2;1;1;6;47,4809620000; -1,1064330000
202200013923;4;2;2022;19:00;3;39;2;1;2;2;46,9905180000;5,5504530000
202200013924;26;4;2022;22:00;3;29;1;1;1;7;48,6139450000; -4,1500210000
202200013925;5;2;2022;19:10;3;35;1;1;1;6;48,5473610000; -1,6779920000
202200013926;27;4;2022;04:17;3;03;1;1;1;6;46,4126530000;3,6745620000
202200013927;4;2;2022;17:30;2;29;2;1;1;2;48,5092830000; -4,0562000000
202200013928;26;4;2022;15:40;1;01;1;4;1;1;45,9022310000;5,6354180000
202200013929;4;2;2022;19:20;3;29;1;2;1;3;48,4948030000; -4,4670690000
202200013930;6;2;2022;00:45;3;02;1;1;1;6;49,2166930000;3,2293580000
202200013931;27;4;2022;19:50;1;26;2;1;1;6;44,7542510000;5,3710860000
202200013932;6;2;2022;04:10;5;03;2;1;1;6;46,3110300000;3,2874390000
202200013933;26;4;2022;09:00;1;66;2;1;1;6;42,5252700000;2,8328610000
202200013934;5;2;2022;20:59;3;85;1;3;1;6;46,7808870000; -1,2593290000
202200013935;5;2;2022;16:30;1;50;2;1;1;6;48,9956850000; -1,2581060000
202200013936;27;4;2022;09:35;1;06;1;2;1;3;43,6464640000;7,0111520000
202200013937;5;2;2022;03:10;5;18;2;1;5;6;46,7262310000;2,5005050000
202200013938;30;3;2022;18:00;1;05;2;1;1;2;44,5520000000;6,4910210000
202200013939;6;2;2022;10:30;1;36;1;1;8;1;46,4589463922;1,6021686030
202200013940;4;2;2022;18:20;2;36;1;1;8;6;47,0158620000;1,3577210000
202200013941;27;4;2022;14:15;1;50;2;1;1;2;49,1351360000; -1,4131490000
202200013942;5;2;2022;11:10;1;53;1;1;1;1;48,3903550000; -0,8050010000
202200013943;5;2;2022;11:42;1;04;1;1;1;6;44,0155950000;6,2290550000
202200013944;5;2;2022;17:10;1;60;1;1;1;6;49,2646120000;2,0929810000
202200013945;26;4;2022;10:50;1;07;1;1;1;3;45,3384210000;4,7578100000
202200013946;5;2;2022;09:00;1;987;2;3;1;1; -17,5845220000; -149,5685780000
202200013947;26;4;2022;19:55;1;53;2;3;1;6;47,7779650000; -0,5688770000
202200013948;26;4;2022;18:05;1;53;2;1;1;2;48,1286790000; -0,7538620000
202200013949;28;6;2022;11:23;1;78;1;1;1;6;48,9139270000;2,1579380000
202200013950;5;2;2022;16:50;1;67;1;1;1;2;48,7601670000;7,3595200000
202200013951;26;4;2022;07:10;2;40;1;1;1;1;43,7695060000; -0,8828380000
202200013952;25;4;2022;00:50;5;85;2;6;1;6;46,8116700000; -2,1163120000
202200013953;28;6;2022;09:00;1;92;1;1;1;2;48,8329114762;2,1582348586
202200013954;4;2;2022;11:30;1;972;1;1;1;4;14,7327665383; -60,9729266171
202200013955;5;2;2022;12:30;1;988;1;1;3;6; -20,9357690000;164,6776560000
202200013956;26;4;2022;15:55;1;27;1;2;1;3;49,2438280000;0,9190320000
202200013957;28;6;2022;09:35;1;92;1;1;1;4;48,8332845137;2,1599041392
202200013958;24;6;2022;15:15;1;95;1;1;1;2;49,0870398838;2,5509095192
202200013959;28;6;2022;10:00;1;95;1;1;1;7;49,0669450000;2,2167570000
202200013960;29;6;2022;09:00;1;94;1;1;1;3;48,8294402618;2,4821308871
202200013961;25;4;2022;20:30;2;27;1;1;1;6;48,9402026113;1,0497938097
202200013962;29;6;2022;09:00;1;94;1;1;1;2;48,7730912108;2,3994112548
202200013963;23;4;2022;12:10;1;27;2;9;1;6;48,7649870000;1,2121730000
202200013964;28;6;2022;08:20;1;68;2;1;1;6;47,7437480709;7,3399690391
202200013965;26;4;2022;19:20;1;17;1;9;1;7;45,8699020000; -0,6691200000
202200013966;14;4;2022;18:46;1;87;1;2;1;3;45,5814730000;1,4686920000
202200013967;26;4;2022;17:15;1;30;2;1;1;3;43,9701000000;4,7954300000
202200013968;26;4;2022;20:10;2;53;1;1;1;6;48,0443350000; -0,3921820000
202200013969;29;4;2022;17:25;1;76;2;1;1;1;49,5092800000;0,2138100000
202200013970;29;4;2022;14:51;1;63;2;2;1;3;45,7840200000;3,0761100000
202200013971;25;4;2022;02:45;3;34;1;1;1;2;43,3419640000;3,3084990000
202200013972;14;4;2022;18:20;1;38;2;1;1;6;45,1667773937;5,7233200110
202200013973;27;4;2022;05:30;3;38;1;1;1;6;45,5701630000;5,3355570000
202200013974;28;6;2022;08:45;1;974;1;1;1;1; -20,9247400000;55,4902300000
202200013975;2;10;2022;22:12;5;59;2;3;1;6;50,6941786696;3,1769424677
202200013976;8;4;2022;19:00;1;33;1;1;1;4;44,7967890000; -0,5119160000
202200013977;27;6;2022;08:25;1;974;2;1;1;3; -20,8839300000;55,4645200000
202200013978;12;10;2022;10:50;1;59;2;1;1;6;50,5937991064;3,0510449409
202200013979;22;4;2022;05:45;3;41;1;3;1;3;47,7342530000;1,5614990000
202200013980;27;6;2022;05:50;5;974;2;1;1;2; -20,9627600000;55,3194000000
202200013981;12;10;2022;07:30;1;59;2;9;1;3;50,6300000000;3,0400000000
202200013982;26;4;2022;17:00;1;78;1;9;1;7;49,0558980000;1,8275610000
202200013983;26;4;2022;17:00;1;30;1;1;1;7;44,4230840000;4,0380330000
202200013984;28;6;2022;11:50;1;69;2;1;1;3;45,7498400000;4,9126200000
202200013985;12;10;2022;07:30;2;59;2;2;1;6;51,0260400000;2,3178600000
202200013986;12;10;2022;14:50;1;57;2;1;1;3;49,1486850000;6,1603140000
202200013987;26;4;2022;17:40;1;84;2;2;1;3;44,3302640000;4,9078010000
202200013988;28;6;2022;11:00;1;69;2;2;1;3;45,7283300000;4,8379100000
202200013989;26;4;2022;23:30;5;42;2;1;1;6;45,6093170000;4,0536490000
202200013990;27;4;2022;00:00;2;86;1;1;1;7;46,2194750111;0,4798579216
202200013991;11;10;2022;18:13;1;56;2;6;7;4;47,7577837000; -3,3877104520
202200013992;28;6;2022;22:30;3;69;2;1;1;5;45,7071800000;4,8322100000
202200013993;28;6;2022;18:23;1;69;2;2;1;6;45,7550800000;4,8312900000
202200013994;12;10;2022;18:40;1;51;2;2;1;3;49,2637958313;4,0180416405
202200013995;27;4;2022;00:00;3;60;1;1;1;6;49,4020420144;2,1897425650
202200013996;28;6;2022;11:45;1;69;2;1;1;6;45,7739361702;4,8269080371
202200013997;25;4;2022;14:30;1;13;1;1;1;3;43,2857344526;5,4268996745
202200013998;12;10;2022;11:00;1;51;2;2;1;7;49,2533083775;4,0540784597
202200013999;28;6;2022;09:35;1;69;2;1;1;6;45,7486546331;4,7933001690
202200014000;17;4;2022;12:26;1;13;1;1;1;2;43,2922600000;5,4534900000
202200014001;25;4;2022;00:18;5;83;1;1;1;6;43,1209300000;5,9435000000
202200014002;28;6;2022;09:00;1;69;2;6;2;6;45,8036200000;4,8611600000
202200014003;6;10;2022;13:00;1;50;2;3;1;3;49,6442400000; -1,6607000000
202200014004;28;6;2022;10:05;1;2B;1;1;2;6;42,6288200000;9,4671200000
202200014005;22;4;2022;13:35;1;69;1;2;1;3;45,6945500000;4,8441400000
202200014006;11;10;2022;17:23;1;49;2;2;1;1;47,4756800000; -0,5938900000
202200014007;28;6;2022;12:06;1;2A;2;1;1;3;41,9227700000;8,7378000000
202200014008;21;4;2022;16:00;1;59;1;1;1;2;50,3288100000;3,4378200000
202200014009;28;6;2022;17:11;1;95;2;1;1;3;48,9959700000;2,1979600000
202200014010;11;10;2022;08:56;1;49;2;1;1;4;47,4643700000; -0,5166900000
202200014011;25;4;2022;17:20;1;91;1;1;1;5;48,7499100000;2,3284800000
202200014012;28;6;2022;08:25;1;95;2;1;1;1;48,9943300000;2,2501000000
202200014013;11;10;2022;09:34;1;49;2;1;1;3;47,5019000000; -0,5849000000
202200014014;25;4;2022;09:25;1;91;1;1;1;7;48,6312150000;2,5148920000
202200014015;28;6;2022;23:10;5;91;2;9;1;3;48,6870000000;2,2937600000
202200014016;12;10;2022;20:00;5;45;2;3;1;2;47,9906815870;2,7089157701
202200014017;24;4;2022;13:10;1;92;1;1;1;4;48,9337607492;2,2545401700
202200014018;28;6;2022;15:00;1;91;2;1;1;2;48,6864800000;2,4926300000
202200014019;28;6;2022;16:37;1;91;2;2;1;2;48,7053530000;2,3463590000
202200014020;11;10;2022;13:30;1;43;2;1;1;4;45,0444400000;3,8791100000
202200014021;23;4;2022;19:25;1;78;1;1;1;4;48,7776010000;2,2192410000
202200014022;26;6;2022;17:12;1;87;2;1;2;2;45,8537900000;1,2660000000
202200014023;23;4;2022;12:40;1;78;1;1;1;2;48,7975800000;2,0147300000
202200014024;12;10;2022;21:30;5;42;2;2;1;3;46,0601600000;4,0881000000
202200014025;25;4;2022;03:30;3;95;1;1;1;6;48,9880981986;2,2056019306
202200014026;28;6;2022;07:05;2;86;2;9;1;2;46,5772240000;0,3479010000
202200014027;12;10;2022;18:30;1;42;2;6;1;3;46,0545300000;4,0642000000
202200014028;24;4;2022;17:25;2;974;2;1;1;6; -20,8809600000;55,4598500000
202200014029;10;10;2022;04:40;3;37;1;1;1;7;47,3605700000;0,6460700000
202200014030;24;4;2022;22:00;5;69;2;1;2;6;45,7251700000;4,8688600000
202200014031;27;6;2022;21:07;1;77;1;1;1;7;48,6059500000;2,6398800000
202200014032;11;10;2022;14:10;1;37;2;2;1;1;47,4186100000;0,6913800000
202200014033;24;4;2022;18:15;1;69;2;2;2;3;45,7805387989;4,8090612888
202200014034;12;10;2022;20:00;3;35;1;1;1;5;48,1074200000; -1,7173000000
202200014035;24;4;2022;00:27;5;79;2;2;8;3;46,3352700000; -0,4259700000
202200014036;28;6;2022;17:00;1;77;1;1;1;4;48,8329700000;2,7965600000
202200014037;10;10;2022;16:20;1;34;2;1;1;7;43,3449534293;3,2359121740
202200014038;28;6;2022;14:30;1;76;2;1;1;3;49,9243000000;1,1205000000
202200014039;24;4;2022;02:29;5;77;1;1;1;6;48,8370060000;2,7764510000
202200014040;29;9;2022;09:30;1;33;2;1;1;3;44,8297700000; -0,5423800000
202200014041;28;6;2022;22:00;3;69;2;1;1;6;45,7688600000;5,0308200000
202200014042;24;4;2022;14:00;1;76;2;9;1;1;49,5781287259;0,5008381605
202200014043;11;10;2022;16:15;1;31;2;3;1;3;43,5954100000;1,4892400000
202200014044;25;4;2022;00:10;5;69;2;3;2;6;45,7687286133;4,8834039449
202200014045;28;6;2022;08:10;1;69;2;1;1;2;45,7630238754;4,9901081827
202200014046;12;10;2022;20:20;5;29;2;3;1;6;47,9963453270; -4,1058511733
202200014047;24;4;2022;00:10;5;62;2;2;1;3;50,5346230000;2,6387410000
202200014048;27;6;2022;16:00;1;69;2;3;1;3;45,9924700000;4,7421400000
202200014049;18;4;2022;14:05;1;60;2;1;1;1;49,2558840000;2,4301990000
202200014050;9;10;2022;13:18;1;27;2;6;1;6;49,2743900000;1,2149800000
202200014051;27;6;2022;10:05;1;69;2;2;1;7;45,9898400000;4,7185400000
202200014052;24;4;2022;05:45;5;59;2;1;1;6;50,7035500000;3,0983100000
202200014053;24;4;2022;04:00;5;59;2;2;1;3;50,6230500000;3,0506400000
202200014054;27;6;2022;12:25;1;67;2;1;1;3;48,5867880000;7,7059550000
202200014055;22;4;2022;15:50;1;59;2;3;1;3;50,6798873078;2,8747301102
202200014056;12;10;2022;15:40;1;17;2;1;1;6;45,6315100000; -1,0545680000
202200014057;22;4;2022;18:00;1;42;2;1;1;6;45,4670600000;4,4989900000
202200014058;12;6;2022;11:15;1;67;2;3;1;3;48,6073200000;7,7590300000
202200014059;12;10;2022;22:00;5;17;2;1;1;2;46,1641930000; -1,1151970000
202200014060;24;4;2022;21:00;5;33;2;3;1;6;44,8826110000; -0,6520920000
202200014061;11;6;2022;22:50;5;67;2;1;1;2;48,5943724671;7,6945495605
202200014062;12;10;2022;07:22;5;14;2;1;1;3;49,1331780000;0,2348020000
202200014063;23;4;2022;19:40;1;33;1;1;1;4;44,8773100000; -0,5661100000
202200014064;27;6;2022;15:04;1;66;2;1;8;3;42,7346600000;2,8915200000
202200014065;23;4;2022;04:45;3;18;1;6;1;7;47,1245400000;2,3498500000
202200014066;13;10;2022;02:24;5;14;2;1;1;3;49,1882200000; -0,3597900000
202200014067;27;6;2022;12:40;1;66;1;6;1;3;42,6981260000;2,8660430000
202200014068;18;4;2022;17:15;1;16;2;1;1;7;45,6945149695; -0,3007292747
202200014069;12;10;2022;08:30;1;14;2;1;1;2;49,1946600000; -0,3974200000
202200014070;28;6;2022;13:05;1;64;1;1;1;7;43,3189744027; -0,3599631786
202200014071;23;4;2022;17:50;1;15;2;6;2;3;44,9232500000;2,4405900000
202200014072;12;10;2022;19:55;2;13;2;1;1;2;43,2534500000;5,3760900000
202200014073;28;6;2022;15:10;1;64;2;3;1;3;43,4802200000; -1,5210900000
202200014074;24;4;2022;17:00;1;13;2;3;8;1;43,3088100000;5,4002500000
202200014075;26;6;2022;10:28;1;63;2;1;1;1;45,7816100000;3,0741000000
202200014076;12;10;2022;08:30;1;13;2;1;1;1;43,2825700000;5,4810940000
202200014077;24;4;2022;14:50;1;13;2;1;1;3;43,3380100000;5,3846200000
202200014078;14;6;2022;18:40;1;62;2;1;1;3;50,2838200000;2,7988400000
202200014079;10;10;2022;09:34;1;13;2;2;1;1;43,3097545005;5,3796167671
202200014080;24;4;2022;19:15;1;03;2;2;2;1;46,3425300000;2,5778500000
202200014081;28;6;2022;12:42;1;59;2;6;1;3;50,7197000000;3,1095000000
202200014082;12;10;2022;04:35;3;09;1;1;1;6;43,1550170000;1,6115900000
202200014083;23;4;2022;15:50;1;01;1;2;1;2;46,1648950000;5,2207300000
202200014084;8;10;2022;06:30;2;06;1;1;1;7;43,7158200000;7,1869500000
202200014085;22;6;2022;20:20;1;59;1;1;1;4;50,5486080963;3,0483412743
202200014086;24;4;2022;20:30;2;75;2;2;1;3;48,8827920000;2,3702760000
202200014087;22;9;2022;16:30;1;73;2;1;1;6;45,5825700000;5,9069100000
202200014088;24;4;2022;16:25;1;75;2;3;1;6;48,8906470000;2,3545320000
202200014089;11;10;2022;09:30;1;75;2;1;1;2;48,9001584826;2,3899501562
202200014090;27;6;2022;11:55;1;59;2;1;1;1;50,3361662682;3,2587552071
202200014091;24;4;2022;19:20;1;75;2;1;1;3;48,8977159347;2,3280050182
202200014092;11;6;2022;21:15;2;58;2;1;1;6;46,9899800000;3,1485000000
202200014093;11;10;2022;18:20;1;75;2;2;1;3;48,8605740000;2,3493730000
202200014094;24;4;2022;03:35;5;75;2;7;1;2;48,8309929723;2,3557927305
202200014095;28;6;2022;09:00;1;57;2;6;1;6;49,1062513403;6,1645762571
202200014096;11;10;2022;20:10;5;75;2;1;1;4;48,8309270000;2,4029910000
202200014097;24;4;2022;01:42;4;75;2;2;1;3;48,8748100000;2,3573930000
202200014098;24;4;2022;20:30;1;75;2;2;1;7;48,8677400000;2,3139860000
202200014099;28;6;2022;11:55;1;51;2;3;1;7;49,2239900000;4,0116900000
202200014100;11;10;2022;00:02;5;75;2;4;1;4;48,8975277007;2,3129063845
202200014101;28;6;2022;17:34;1;49;2;1;1;3;47,4482400000; -0,5634300000
202200014102;24;4;2022;09:15;1;75;2;2;1;7;48,8783800000;2,3155490000
202200014103;11;10;2022;07:25;2;75;2;4;1;3;48,8767960000;2,4120080000
202200014104;27;6;2022;10:25;1;49;2;1;1;2;47,4690300000; -0,5400600000
202200014105;10;10;2022;13:20;1;75;2;1;1;6;48,8511460000;2,3288710000
202200014106;24;4;2022;16:02;1;75;2;1;1;2;48,8627051723;2,3184055597
202200014107;28;6;2022;19:05;1;47;1;2;1;3;44,1706600000;0,6397700000
202200014108;12;10;2022;11:15;1;75;2;7;1;3;48,8838730000;2,3686060000
202200014109;27;6;2022;12:30;1;44;2;1;1;3;47,2257760000; -1,6208010000
202200014110;12;10;2022;16:40;1;75;2;1;1;6;48,8985590000;2,3616520000
202200014111;28;6;2022;18:25;1;43;2;1;1;3;45,0492800000;3,9192200000
202200014112;12;10;2022;10:30;1;75;2;2;1;3;48,8829740000;2,3254410000
202200014113;23;6;2022;16:55;1;42;2;2;1;3;45,4709000000;4,5161000000
202200014114;12;10;2022;01:10;5;75;2;2;1;2;48,8744270000;2,2929990000
202200014115;27;6;2022;11:10;1;37;2;2;1;3;47,3597612733;0,6975942850
202200014116;12;10;2022;07:05;5;75;2;2;1;3;48,8372250000;2,2964170000
202200014117;2;5;2022;07:33;2;36;2;3;1;3;46,7958870000;1,6920570000
202200014118;9;10;2022;13:10;1;75;2;2;1;6;48,8421920000;2,3293670000
202200014119;28;6;2022;15:30;1;35;1;1;1;2;48,1396930000; -1,6966460000
202200014120;28;6;2022;16:10;1;35;2;1;1;6;48,1114400000; -1,6929100000
202200014121;12;10;2022;16:30;1;75;2;4;1;6;48,8383070000;2,3420860000
202200014122;28;6;2022;08:00;1;35;2;9;1;3;48,1016600000; -1,7292700000
202200014123;12;10;2022;12:00;1;75;2;3;1;3;48,8329720000;2,3787580000
202200014124;13;6;2022;17:10;1;33;1;1;1;1;44,4859000000; -1,2367200000
202200014125;12;10;2022;17:20;1;75;2;2;1;6;48,8480000000;2,3714200000
202200014126;28;6;2022;21:20;1;31;2;3;1;3;43,6287977464;1,3964411616
202200014127;12;10;2022;16:45;1;75;2;1;1;2;48,8348390000;2,4367250000
202200014128;28;6;2022;06:10;2;31;2;1;1;1;43,6265000000;1,3852500000
202200014129;12;10;2022;14:00;1;75;2;2;1;3;48,8623150000;2,3725600000
202200014130;27;6;2022;15:40;1;31;2;2;2;3;43,1102300000;0,7186700000
202200014131;12;10;2022;04:25;5;75;2;1;1;7;48,8610190000;2,3627570000
202200014132;18;6;2022;17:55;1;29;2;1;1;6;47,8903100000; -3,9250800000
202200014133;12;10;2022;21:00;5;94;2;2;1;6;48,7861200000;2,3919500000
202200014134;28;6;2022;19:10;1;28;2;1;1;1;48,7161600000;1,3644500000
202200014135;12;10;2022;15:30;1;94;2;9;1;1;48,8462910000;2,5106700000
202200014136;12;10;2022;18:15;1;94;2;1;1;3;48,8098000000;2,3262000000
202200014137;28;6;2022;16:15;1;27;2;3;1;3;49,0235417844;1,1552958190
202200014138;12;10;2022;17:30;1;94;2;1;1;1;48,7738700000;2,3380500000
202200014139;28;6;2022;16:45;1;27;2;4;1;3;49,0335900000;1,1465800000
202200014140;5;5;2022;09:50;1;26;2;1;1;6;44,8578100000;4,8744100000
202200014141;12;10;2022;16:50;1;94;2;1;1;3;48,7720800000;2,5207860000
202200014142;12;10;2022;15:10;1;93;2;1;1;7;48,9057000000;2,3238600000
202200014143;28;6;2022;16:45;1;24;2;3;1;7;44,8368100000;0,4912200000
202200014144;12;10;2022;13:40;1;93;2;1;1;1;48,9146143796;2,3581316143
202200014145;28;6;2022;20:00;1;22;1;1;1;2;48,7386200000; -3,4388800000
202200014146;12;10;2022;07:00;5;93;2;1;1;6;48,9190486328;2,3617889383
202200014147;28;6;2022;23:20;5;18;2;1;1;6;47,1176000000;2,3749100000
202200014148;4;10;2022;09:33;1;93;2;1;1;6;48,9509743744;2,3068521454
202200014149;25;6;2022;05:40;1;13;2;9;1;3;43,4130903866;5,2208364814
202200014150;12;10;2022;07:30;5;93;2;1;1;6;48,8774580051;2,4613737146
202200014151;28;6;2022;08:10;1;13;2;1;1;3;43,6377546591;5,0883164241
202200014152;12;10;2022;17:35;1;93;2;3;1;6;48,9647000000;2,2992500000
202200014153;28;6;2022;11:00;1;13;2;1;1;6;43,3248700000;5,3944600000
202200014154;28;6;2022;12:40;1;13;2;1;1;3;43,3279613563;5,3627438674