Accident_Id;jour;mois;an;hrmn;lum;dep;agg;int;atm;col;lat;long
202200014155;11;10;2022;23:00;5;93;2;3;1;3;48,9583100000;2,3255600000
202200014156;27;6;2022;12:20;1;10;2;1;2;7;48,2650000000;4,0596000000
202200014157;27;6;2022;10:35;1;75;2;1;1;2;48,8204060000;2,3754440000
202200014158;12;10;2022;08:40;1;93;2;3;1;3;48,9613709180;2,5002014440
202200014159;28;6;2022;05:20;2;75;2;2;1;3;48,8544710000;2,3304630000
202200014160;12;10;2022;12:45;1;92;2;3;1;3;48,8190080000;2,3000340000
202200014161;28;6;2022;12:50;1;75;2;4;1;6;48,8422990000;2,3637000000
202200014162;12;10;2022;17:50;1;92;2;1;1;3;48,8192900000;2,2196200000
202200014163;28;6;2022;08:52;1;75;2;2;1;6;48,8499500000;2,3399950000
202200014164;12;10;2022;16:55;1;92;2;3;1;3;48,8541300000;2,2226100000
202200014165;28;6;2022;07:35;1;75;2;7;1;3;48,8537550000;2,3442860000
202200014166;28;6;2022;16:10;1;75;2;4;1;2;48,8873420000;2,3728720000
202200014167;12;10;2022;15:35;1;92;2;3;1;6;48,8458901450;2,1892833710
202200014168;12;10;2022;10:00;1;92;2;5;1;7;48,8328633227;2,1532747149
202200014169;28;6;2022;20:25;1;75;2;1;1;2;48,8950520000;2,3687540000
202200014170;12;10;2022;17:42;1;92;2;1;1;2;48,8915200000;2,2580250000
202200014171;27;6;2022;00:50;3;75;2;2;1;3;48,8978800000;2,3444220000
202200014172;11;10;2022;13:30;1;92;2;1;1;6;48,7795660000;2,3153810000
202200014173;28;6;2022;19:30;1;75;2;1;1;3;48,8957630000;2,3253270000
202200014174;13;10;2022;13:30;1;76;1;3;2;3;49,8828970000;1,2957640000
202200014175;28;6;2022;20:00;1;75;2;2;1;3;48,8665640000;2,2801290000
202200014176;27;9;2022;16:20;1;76;2;1;1;6;49,5423190000;1,1659030000
202200014177;28;6;2022;08:35;1;75;2;2;1;3;48,8676480000;2,2508820000
202200014178;28;6;2022;12:45;1;75;2;1;1;6;48,8309770000;2,2770610000
202200014179;11;10;2022;07:34;2;82;2;1;1;5;44,0043600000;1,1794020000
202200014180;27;6;2022;20:45;1;75;2;1;1;3;48,8226340000;2,3285260000
202200014181;13;10;2022;12:50;1;69;1;1;1;2;46,0779010000;4,3129220000
202200014182;12;10;2022;22:10;3;81;1;1;1;6;44,0325400000;1,9911750000
202200014183;28;6;2022;07:30;1;75;2;4;1;3;48,8503080000;2,3986160000
202200014184;13;10;2022;17:15;1;32;1;1;1;7;43,6084880000; -0,0835990000
202200014185;28;6;2022;20:10;1;75;2;3;1;6;48,8732630000;2,3405480000
202200014186;13;10;2022;17:50;2;61;2;2;2;7;48,2633590000;0,6878470000
202200014187;28;6;2022;12:45;1;75;2;2;1;6;48,8823115897;2,3420029879
202200014188;13;10;2022;11:05;1;61;1;1;2;1;48,7903540000; -0,0013730000
202200014189;28;6;2022;14:00;1;75;2;1;1;3;48,8758400000;2,3084010000
202200014190;9;10;2022;12:55;1;61;1;1;1;1;48,8564880000;0,0088410000
202200014191;28;6;2022;15:45;1;75;2;7;1;3;48,8537940000;2,3126850000
202200014192;28;6;2022;11:30;1;75;2;2;1;6;48,8611610000;2,3023940000
202200014193;13;10;2022;07:10;2;68;1;1;1;5;47,6136850000;7,4913130000
202200014194;29;9;2022;17:25;1;25;2;1;1;7;47,1719280000;5,9174520000
202200014195;28;6;2022;09:15;1;75;2;3;1;1;48,8574990000;2,2910190000
202200014196;13;10;2022;06:10;3;44;2;1;2;6;46,9586770000; -1,7621470000
202200014197;13;10;2022;04:20;3;29;1;1;2;6;48,5887010000; -4,5059180000
202200014198;28;6;2022;13:40;1;94;2;5;1;3;48,7939100000;2,4864700000
202200014199;6;10;2022;00:05;3;29;1;1;1;7;47,9180210000; -4,2620300000
202200014200;27;6;2022;20:45;2;94;2;9;1;3;48,7970200000;2,5049000000
202200014201;13;10;2022;08:45;1;02;1;1;2;1;49,2554980000;3,1048390000
202200014202;13;10;2022;08:30;1;03;1;1;8;7;46,5260070000;3,5506120000
202200014203;28;6;2022;07:55;1;94;2;1;1;5;48,8164400000;2,4600700000
202200014204;2;10;2022;19:30;2;72;1;1;1;6;48,3740300000;0,0733800000
202200014205;28;6;2022;08:40;1;94;2;2;1;6;48,7957400000;2,4252800000
202200014206;13;10;2022;16:45;1;60;2;6;1;6;49,6070880000;2,0763570000
202200014207;28;6;2022;06:00;2;93;1;1;1;6;49,0044745893;2,5442546448
202200014208;28;6;2022;16:18;1;93;2;9;1;3;48,9481070000;2,3776480000
202200014209;13;10;2022;10:30;1;45;1;1;1;5;47,8154480599;2,0148012656
202200014210;12;10;2022;21:50;3;53;1;1;1;7;48,4460950000; -0,8880740000
202200014211;28;6;2022;18:41;1;93;2;3;1;6;48,9384000000;2,3759000000
202200014212;28;6;2022;07:05;1;93;2;1;1;3;48,8826900000;2,5167600000
202200014213;7;10;2022;15:15;1;21;2;2;1;7;47,4117650000;4,9029170000
202200014214;27;6;2022;18:10;1;93;2;2;1;2;48,8814380000;2,4215650000
202200014215;12;10;2022;18:25;2;04;1;1;2;3;43,8797840000;5,7029560000
202200014216;28;6;2022;11:20;1;93;2;2;1;3;48,9062470000;2,3753540000
202200014217;13;10;2022;07:00;3;28;1;1;9;2;48,4816690000;1,2409720000
202200014218;27;6;2022;15:20;1;92;2;1;1;6;48,8903110450;2,2794926316
202200014219;11;10;2022;17:45;1;87;1;1;1;1;45,8555570000;0,8667180000
202200014220;28;6;2022;19:10;1;92;2;1;1;6;48,8912612859;2,2897755503
202200014221;13;10;2022;15:15;1;30;2;1;1;6;44,0526780000;4,1389060000
202200014222;28;6;2022;09:56;1;92;2;1;1;6;48,9185731339;2,2397882938
202200014223;28;6;2022;17:45;1;92;2;1;1;6;48,8302400000;2,2422300000
202200014224;28;6;2022;19:50;1;92;2;6;1;3;48,7970555508;2,3017807156
202200014225;13;10;2022;08:15;1;73;1;1;1;2;45,5548733420;5,9543641941
202200014226;28;6;2022;22:45;3;57;1;6;1;7;49,1962040000;6,2081770000
202200014227;12;10;2022;15:50;1;53;1;1;1;7;48,0738960000; -1,0047390000
202200014228;22;6;2022;06:40;2;80;1;1;1;1;50,1012850000;2,4372910000
202200014229;13;10;2022;11:45;1;47;1;1;1;6;44,4054120000;0,1866230000
202200014230;28;6;2022;09:20;1;52;2;1;1;6;48,1355510217;5,0845760549
202200014231;28;8;2022;04:15;3;34;1;1;1;6;43,5887530000;3,7982940000
202200014232;27;6;2022;14:30;1;91;1;1;1;3;48,3586620000;2,2662040000
202200014233;11;10;2022;21:15;3;974;1;1;1;7; -20,9131610000;55,6066350000
202200014234;29;6;2022;12:15;1;43;2;9;1;6;45,3462720000;3,8992660000
202200014235;18;6;2022;14:40;1;42;1;1;1;7;45,9784350000;3,9540180000
202200014236;12;10;2022;17:40;1;77;1;2;7;6;49,0205240000;2,9630090000
202200014237;12;10;2022;12:19;1;30;2;1;1;6;43,7283130000;4,3480940000
202200014238;11;10;2022;11:00;1;83;2;1;1;3;43,1651620000;5,8294650000
202200014239;29;6;2022;17:00;1;28;1;1;1;2;48,2475120000;1,1160620000
202200014240;13;10;2022;11:00;1;01;1;1;1;6;45,9728220000;5,6303840000
202200014241;25;6;2022;09:54;1;26;1;9;1;4;44,5001790000;4,7683240000
202200014242;13;10;2022;07:45;2;29;2;3;2;6;48,5696960000; -4,3331350000
202200014243;25;6;2022;13:45;1;68;1;1;1;7;47,8833630000;7,2654930000
202200014244;13;10;2022;08:25;1;60;2;1;2;6;49,2850267093;1,8213171792
202200014245;12;10;2022;07:35;1;13;1;1;1;1;43,3224927279;5,4229259490
202200014246;29;6;2022;18:35;1;50;1;1;1;7;49,3035730000; -1,1610530000
202200014247;10;10;2022;12:20;1;59;1;1;3;5;50,5366080280;3,0499720573
202200014248;29;6;2022;12:44;1;47;1;3;1;7;44,3585560000;0,0297860000
202200014249;27;6;2022;10:30;1;76;2;9;1;6;49,6497230000;0,3252340000
202200014250;30;5;2022;23:30;5;82;2;1;1;6;44,1145930000;0,9011280000
202200014251;3;10;2022;17:15;1;94;1;1;1;5;48,8303228960;2,4893496496
202200014252;28;6;2022;18:30;1;82;2;6;1;3;44,1484140000;1,5230280000
202200014253;25;4;2022;17:18;1;69;2;2;8;6;45,6020400000;4,7703100000
202200014254;23;6;2022;07:45;1;69;2;3;1;1;46,1923090000;4,7042410000
202200014255;13;3;2022;11:35;1;69;2;2;1;4;45,7617700000;4,8832800000
202200014256;26;6;2022;12:30;1;69;1;1;5;7;46,2346361581;4,4812052249
202200014257;8;6;2022;20:33;1;14;2;1;7;1;49,4040280000;0,2503760000
202200014258;7;2;2022;12:35;1;2A;2;1;2;6;41,9235400000;8,7378200000
202200014259;20;6;2022;12:50;1;41;2;1;1;3;47,5975980000;2,0224660000
202200014260;11;10;2022;08:30;1;974;1;1;1;2; -21,3381300000;55,4894500000
202200014261;11;10;2022;07:55;1;973;2;3;1;3;4,9202470518; -52,3126861453
202200014262;28;6;2022;20:00;1;25;2;1;1;7;47,2625620000;6,7770360000
202200014263;11;10;2022;06:45;2;973;2;6;1;7;4,9295000000; -52,3032300000
202200014264;11;10;2022;19:20;3;69;2;1;2;6;45,7640476455;4,7891539335
202200014265;12;5;2022;23:20;3;44;1;1;1;1;47,4644710000; -1,9542470000
202200014266;28;6;2022;18:05;1;38;2;2;1;6;45,2119830000;5,7660250000
202200014267;10;10;2022;15:00;1;69;2;2;1;1;45,7432500000;4,8228100000
202200014268;28;6;2022;10:20;1;02;1;3;1;3;49,3963050000;3,1789860000
202200014269;10;10;2022;16:45;1;971;1;1;1;1;16,2076700000; -61,4584100000
202200014270;28;6;2022;17:00;1;70;2;1;1;1;47,6915480000;6,6480370000
202200014271;11;10;2022;15:30;1;2A;2;1;1;3;41,9236400000;8,7392500000
202200014272;29;6;2022;17:40;1;26;2;1;1;7;44,7595330000;5,3615210000
202200014273;11;10;2022;08:57;1;91;2;2;1;1;48,7099200000;2,3856500000
202200014274;19;6;2022;21:15;2;72;1;1;1;7;48,0765220000; -0,1189660000
202200014275;10;10;2022;11:38;1;87;2;3;2;7;45,8808500000;1,2965100000
202200014276;25;6;2022;11:00;1;16;1;3;2;3;45,4383480000; -0,1531650000
202200014277;7;10;2022;22:11;5;87;2;2;1;3;45,8260400000;1,2679600000
202200014278;28;6;2022;20:20;1;27;1;1;7;1;49,0969770000;0,4154530000
202200014279;11;10;2022;17:20;1;85;2;6;1;3;46,5140681000; -1,7681416800
202200014280;28;6;2022;18:30;1;87;1;3;7;3;45,7298580000;1,2654770000
202200014281;11;10;2022;09:00;1;83;2;1;1;2;43,1351900000;6,0340200000
202200014282;28;6;2022;10:20;1;30;1;1;1;1;43,9576200000;3,3906340000
202200014283;28;6;2022;20:10;1;48;1;1;1;7;44,6540960000;3,0860960000
202200014284;28;6;2022;17:15;1;01;2;6;1;6;46,4375170000;4,9531550000
202200014285;6;10;2022;16:20;1;80;2;1;1;1;49,9025800000;2,3027900000
202200014286;28;6;2022;10:30;1;82;1;1;1;6;44,0448460000;0,9949280000
202200014287;8;10;2022;21:10;5;80;2;1;1;3;49,8901800000;2,2773000000
202200014288;29;6;2022;14:15;1;69;1;1;1;7;45,8694700000;4,5595200000
202200014289;11;10;2022;19:20;2;78;2;3;1;6;48,9361850000;2,1641840000
202200014290;29;6;2022;00:10;5;987;1;1;1;1; -17,5741980000; -149,6102770000
202200014291;8;10;2022;09:00;1;77;1;1;1;3;48,7663000000;2,6526800000
202200014292;29;6;2022;17:39;1;69;2;3;1;6;45,6657320000;4,7524340000
202200014293;29;6;2022;15:35;1;25;2;1;1;1;46,8607810000;6,3711130000
202200014294;11;10;2022;20:00;5;77;2;3;1;3;48,8774800000;2,6979600000
202200014295;28;6;2022;17:00;1;13;1;1;1;4;43,5903450000;5,1870600000
202200014296;11;10;2022;13:40;1;77;2;3;1;3;48,8732400000;2,6950200000
202200014297;27;6;2022;08:40;1;77;2;1;2;5;49,0109760000;2,8354330000
202200014298;24;6;2022;08:00;1;95;2;1;2;7;49,0420420000;2,3394390000
202200014299;7;10;2022;08:40;1;76;2;2;1;2;49,4893400000;0,1029500000
202200014300;28;6;2022;22:15;4;95;2;1;1;7;49,1398131735;1,9843089581
202200014301;10;10;2022;06:40;1;71;2;1;1;2;46,6927900000;4,3619000000
202200014302;25;6;2022;21:30;3;2B;1;1;1;1;42,4675070000;9,1041250000
202200014303;10;10;2022;12:00;1;67;2;1;1;3;48,5731200000;7,7553500000
202200014304;29;6;2022;13:40;1;2B;1;1;1;6;42,5187380000;9,3948930000
202200014305;10;10;2022;13:46;1;66;2;1;1;3;42,7008100000;2,8864000000
202200014306;25;8;2022;14:30;1;2A;1;1;1;1;41,6334257670;9,2591669708
202200014307;27;6;2022;17:15;1;34;2;1;1;6;43,3289670000;3,0411450000
202200014308;10;10;2022;07:50;5;66;2;1;1;6;42,6991000000;2,8798600000
202200014309;29;6;2022;08:50;1;83;1;1;1;3;43,2679640000;6,5740570000
202200014310;11;10;2022;10:20;1;64;2;1;1;1;43,3755531463; -1,6776680946
202200014311;28;6;2022;16:10;1;70;2;6;1;3;47,6757190000;6,5227350000
202200014312;11;10;2022;17:00;1;64;2;2;1;3;43,3074900000; -0,3801700000
202200014313;28;6;2022;12:10;1;88;1;3;1;3;48,3104730000;5,8555630000
202200014314;11;10;2022;13:40;1;64;1;1;1;3;43,3287700000; -0,3515200000
202200014315;29;6;2022;16:30;1;42;2;1;1;6;45,6987090000;4,1768220000
202200014316;10;10;2022;06:30;5;64;2;3;8;3;43,5039800000; -1,4953200000
202200014317;29;6;2022;10:20;1;01;2;1;1;1;45,8224080000;5,0165610000
202200014318;7;10;2022;13:20;1;63;1;1;1;3;45,7365800000;3,1578100000
202200014319;29;6;2022;06:30;1;01;1;1;1;6;46,0319060000;5,5183550000
202200014320;29;6;2022;12:20;1;22;1;1;1;7;48,6349210000; -2,4357020000
202200014321;11;10;2022;19:55;5;59;2;3;1;3;50,7547500000;3,0391800000
202200014322;26;6;2022;23:35;3;13;1;1;1;5;43,3992800000;5,2962100000
202200014323;6;10;2022;23:44;5;59;2;1;1;6;50,6302909304;3,0565381050
202200014324;11;10;2022;14:05;1;59;2;1;1;6;50,6084500000;3,1458500000
202200014325;24;6;2022;00:15;3;54;1;1;1;2;48,8024600000;6,1135100000
202200014326;24;6;2022;08:50;1;54;1;1;1;5;48,6917600000;6,0438700000
202200014327;10;10;2022;17:35;1;59;2;1;1;2;50,6880888047;3,0633991957
202200014328;28;6;2022;11:30;1;33;1;1;1;2;44,7545480000; -0,6884110000
202200014329;6;10;2022;21:45;5;59;2;3;1;3;50,6143980000;3,1361510000
202200014330;27;6;2022;10:00;1;62;1;1;1;6;50,4754080000;2,9793770000
202200014331;11;10;2022;16:30;1;56;2;4;7;3;47,6507570000; -2,7914530000
202200014332;28;6;2022;20:10;1;91;1;1;1;2;48,7439400000;2,3242700000
202200014333;10;10;2022;09:06;1;56;2;6;1;3;47,7478400000; -3,3648900000
202200014334;28;6;2022;16:00;1;91;1;1;1;2;48,7132550000;2,2802960000
202200014335;28;6;2022;10:00;1;94;1;1;1;2;48,7938663001;2,3452392359
202200014336;10;10;2022;08:00;1;54;2;3;1;2;48,6929400000;6,1433000000
202200014337;27;9;2022;19:00;2;54;2;1;1;6;49,5169600000;5,7724000000
202200014338;28;6;2022;19:00;1;93;1;1;1;4;48,9629669714;2,5486509873
202200014339;11;10;2022;16:30;1;51;2;6;1;3;49,2574970910;4,0394362807
202200014340;28;6;2022;18:30;1;93;1;1;1;3;48,9601710192;2,4735270436
202200014341;10;10;2022;17:25;1;49;2;3;1;3;47,2808700000; -0,0540800000
202200014342;28;6;2022;16:45;1;92;1;1;1;5;48,9378886633;2,2976672190
202200014343;10;10;2022;08:04;1;49;2;1;1;2;47,4920000000; -0,5652900000
202200014344;27;6;2022;07:55;1;93;1;1;1;4;48,9610900000;2,4663100000
202200014345;27;6;2022;01:10;3;93;1;1;1;6;48,9230400000;2,3438800000
202200014346;9;10;2022;11:30;1;49;2;2;1;3;47,4588400000; -0,5586100000
202200014347;28;6;2022;09:15;1;94;1;1;1;2;48,7511316832;2,5143885611
202200014348;28;6;2022;08:40;1;94;1;1;1;3;48,8354458972;2,5387118132
202200014349;10;10;2022;16:35;1;47;2;4;1;6;44,1977600000;0,6203300000
202200014350;28;6;2022;05:30;2;94;1;1;1;2;48,8205076244;2,4018322324
202200014351;11;10;2022;12:35;1;46;2;1;1;6;44,4499000000;1,4399800000
202200014352;27;6;2022;21:45;5;94;1;1;1;3;48,8275534036;2,5061390180
202200014353;11;10;2022;17:50;1;45;2;1;1;6;47,9080100000;1,8861400000
202200014354;27;6;2022;15:00;1;69;2;9;2;6;45,7614900000;4,8581100000
202200014355;11;10;2022;13:08;1;31;2;1;1;3;43,5819600000;1,4077400000
202200014356;11;10;2022;07:25;5;31;2;6;1;2;43,6138380000;1,3410240000
202200014357;10;10;2022;17:15;1;29;1;1;1;7;48,5897300000; -3,8360100000
202200014358;28;4;2022;19:05;1;63;2;3;1;3;45,7602800000;3,0974800000
202200014359;11;10;2022;21:35;5;27;2;1;1;6;49,2069500000;1,1549600000
202200014360;26;4;2022;13:15;1;63;2;1;1;6;45,7656200000;3,0889800000
202200014361;11;10;2022;08:55;1;27;2;1;1;3;49,2705300000;1,2079600000
202200014362;11;10;2022;12:01;1;26;2;1;1;3;44,9371800000;4,9119600000
202200014363;27;4;2022;11:00;1;63;2;1;1;2;45,7760000000;3,0679200000
202200014364;12;10;2022;00:10;4;25;1;9;9;6;46,8952900000;6,3388300000
202200014365;25;4;2022;00:03;5;63;2;1;1;2;45,7969300000;3,1169700000
202200014366;11;10;2022;16:30;1;25;2;1;1;5;47,2501400000;6,0331520000
202200014367;11;10;2022;08:50;1;25;2;1;1;1;47,2350400000;5,9643900000
202200014368;11;10;2022;10:30;1;22;2;6;1;6;48,4979700000; -2,7251400000
202200014369;11;10;2022;07:55;1;22;2;1;1;2;48,5179000000; -2,7356900000
202200014370;10;10;2022;13:45;1;22;2;1;1;3;48,7353500000; -3,4539100000
202200014371;11;10;2022;19:10;2;15;2;1;1;3;44,9210540000;2,4348250000
202200014372;11;10;2022;18:30;1;15;2;1;1;5;44,9292100000;2,4489000000
202200014373;11;10;2022;16:45;1;14;1;1;1;2;49,3739700000;0,2298100000
202200014374;11;10;2022;07:05;2;13;1;1;1;1;43,3990800000;5,3545800000
202200014375;11;10;2022;13:40;1;13;2;1;1;2;43,3658324793;5,3531654532
202200014376;10;10;2022;08:45;1;13;2;1;1;5;43,3548100000;5,3571200000
202200014377;11;10;2022;08:00;1;13;2;3;1;3;43,2943900000;5,5573600000
202200014378;10;10;2022;14:00;1;11;2;1;1;1;43,1854876870;2,9944383495
202200014379;11;10;2022;10:24;1;06;2;9;1;6;43,6997900000;7,2387700000
202200014380;9;10;2022;05:40;5;06;2;1;3;1;43,6504500000;7,1512500000
202200014381;11;10;2022;11:10;1;04;2;1;1;-1;43,8327300000;5,7817000000
202200014382;28;6;2022;08:30;1;88;2;1;1;6;48,0066400000;6,6099700000
202200014383;10;3;2022;15:50;1;94;2;1;1;2;48,8481780000;2,4943820000
202200014384;1;8;2022;20:10;1;29;2;3;1;1;48,4161680000; -4,4373560000
202200014385;18;6;2022;21:30;3;26;1;1;1;7;45,2860440000;5,0370330000
202200014386;11;10;2022;07:00;2;75;2;1;1;3;48,8271650000;2,3920040000
202200014387;18;8;2022;23:20;3;75;2;4;1;2;48,8524278915;2,3417964578
202200014388;11;10;2022;12:44;1;75;2;2;1;6;48,8699650000;2,3944870000
202200014389;11;10;2022;16:20;1;75;2;3;1;3;48,8785140000;2,3752040000
202200014390;11;10;2022;18:25;1;75;2;1;1;3;48,8796810445;2,3055973649
202200014391;29;7;2022;14:12;1;19;1;1;1;1;45,1296970000;1,4419500000
202200014392;30;7;2022;23:25;3;19;1;1;1;7;45,3257810000;1,6811210000
202200014393;31;7;2022;01:00;3;67;1;1;1;1;48,5352042006;7,3464792967
202200014394;31;7;2022;19:00;1;76;2;1;1;7;49,5649930000;1,3002440000
202200014395;30;7;2022;23:45;5;80;2;1;1;6;50,0018780000;2,2554700000
202200014396;31;7;2022;00:40;3;33;1;1;1;2;45,3579940000; -1,0018270000
202200014397;30;7;2022;05:15;2;32;1;1;1;7;43,4975070000;0,4893640000
202200014398;31;7;2022;08:50;1;11;2;1;1;6;43,2342520000;3,0675870000
202200014399;31;7;2022;09:27;1;71;2;1;7;6;46,2074730000;4,3372980000
202200014400;31;7;2022;00:20;3;71;1;1;1;6;46,9767610000;4,3811520000
202200014401;31;7;2022;19:20;2;71;1;1;1;1;46,3705030000;4,5529750000
202200014402;31;7;2022;15:20;1;89;1;9;1;7;47,6925840000;4,0070270000
202200014403;30;7;2022;02:16;3;61;1;1;1;6;48,3665570000;0,8593580000
202200014404;31;7;2022;17:10;1;12;1;1;1;6;44,2476240000;2,1477140000
202200014405;31;7;2022;20:10;1;12;2;1;1;1;44,4112370000;2,5199250000
202200014406;31;7;2022;06:00;2;47;1;1;1;1;44,2396810000;0,4795130000
202200014407;30;7;2022;16:10;1;29;1;1;1;6;48,1910960000; -4,1510300000
202200014408;30;7;2022;05:30;2;29;2;6;1;6;47,8805280000; -4,2162390000
202200014409;31;7;2022;00:00;3;02;2;6;1;6;49,3878270000;3,3924960000
202200014410;31;7;2022;04:30;5;15;2;1;1;6;45,0540930000;2,9331630000
202200014411;30;7;2022;16:30;1;15;1;1;1;1;45,0214300000;3,0611730000
202200014412;30;7;2022;11:30;1;06;2;1;1;6;44,0672250000;7,2566500000
202200014413;31;7;2022;17:15;1;50;1;1;1;5;48,9436650000; -1,3309170000
202200014414;31;7;2022;12:45;1;50;1;1;1;1;49,5136670000; -1,3230690000
202200014415;30;7;2022;02:20;3;16;1;1;1;7;45,8302440000;0,0163560000
202200014416;31;7;2022;14:45;1;07;1;1;1;7;44,8813260000;4,1893100000
202200014417;31;7;2022;16:00;1;53;1;1;1;7;48,2132220000; -1,0182820000
202200014418;31;7;2022;09:20;1;24;1;2;7;3;44,9823000000;1,2385900000
202200014419;31;7;2022;14:00;1;85;2;1;1;6;46,7830990000; -2,0710620000
202200014420;31;7;2022;14:43;1;27;2;3;1;3;49,0449570000;0,3858440000
202200014421;31;7;2022;01:05;3;48;1;1;1;7;44,3811210000;3,6774430000
202200014422;30;7;2022;17:50;1;88;2;1;1;3;48,0060030000;6,8763420000
202200014423;30;7;2022;10:29;1;13;1;2;7;6;43,6719260000;5,4299850000
202200014424;29;7;2022;21:15;2;35;1;1;1;6;48,1091470000; -1,7428190000
202200014425;29;7;2022;20:40;2;06;1;1;1;7;43,6706500000;7,2003580000
202200014426;30;7;2022;20:05;1;73;1;1;1;6;45,7146410000;5,9223770000
202200014427;31;7;2022;14:30;1;988;1;3;1;6; -21,4593700000;165,4877800000
202200014428;29;7;2022;20:30;1;33;2;1;1;2;44,6402580000; -1,0716340000
202200014429;31;7;2022;02:45;3;66;1;1;1;1;42,7560550000;2,8642560000
202200014430;23;7;2022;03:45;5;66;2;1;1;6;42,6955530000;3,0318650000
202200014431;30;7;2022;08:10;1;83;2;1;1;6;43,3412070000;6,6837750000
202200014432;31;7;2022;17:24;1;06;1;1;1;-1;43,9519460000;6,8813400000
202200014433;30;7;2022;20:15;1;71;1;1;1;4;46,4732760000;4,0228840000
202200014434;30;7;2022;18:00;1;03;1;1;1;6;46,4838960000;3,8687750000
202200014435;30;7;2022;11:22;1;74;1;1;1;5;46,3067564590;6,6774203538
202200014436;30;7;2022;19:00;1;38;2;1;7;3;45,5280200000;5,3390980000
202200014437;31;7;2022;07:15;2;07;1;4;1;6;45,0246380000;4,8315010000
202200014438;17;11;2022;16:15;1;37;1;1;2;1;47,4853089565;0,5191469193
202200014439;31;7;2022;08:30;1;07;1;1;1;7;44,6246100000;4,4824220000
202200014440;19;11;2022;20:00;3;72;1;1;1;2;48,0564050000;0,2502420000
202200014441;31;7;2022;08:10;1;69;1;1;1;6;46,0484030000;4,7212990000
202200014442;31;7;2022;06:45;2;47;2;1;1;6;44,4945840000;0,1717120000
202200014443;30;7;2022;13:05;1;22;2;1;1;3;48,8137490000; -3,4494290000
202200014444;14;11;2022;21:00;3;67;1;1;1;2;48,7031970000;7,8492810000
202200014445;18;11;2022;18:02;5;13;2;9;1;2;43,5879690000;5,4766530000
202200014446;31;7;2022;04:15;3;27;1;1;1;6;49,2017850000;1,5868160000
202200014447;18;11;2022;12:25;1;06;2;1;1;6;43,5781370000;6,9926940000
202200014448;30;7;2022;00:23;3;13;1;1;1;6;43,4025430797;5,3563754260
202200014449;18;11;2022;20:25;3;02;1;1;2;2;49,0336480000;3,1807140000
202200014450;29;7;2022;04:15;3;38;1;1;1;6;45,4923787921;4,8334484738
202200014451;14;11;2022;08:00;2;24;1;1;2;7;45,0461020000;0,7870240000
202200014452;18;11;2022;19:00;3;83;1;1;1;2;43,4713900000;5,8247710000
202200014453;30;7;2022;18:30;1;33;1;1;1;3;44,9855100000; -0,4278380000
202200014454;14;11;2022;16:15;1;987;2;1;1;6; -17,5074480000; -149,4965540000
202200014455;30;7;2022;15:00;1;33;1;1;1;2;44,8684684628; -0,4968711734
202200014456;18;11;2022;19:00;3;77;1;1;1;1;49,0413070000;2,9557510000
202200014457;30;7;2022;02:35;3;33;1;1;1;4;44,8922050000; -0,5009910000
202200014458;19;11;2022;00:00;3;66;1;1;1;5;42,6442780000;2,5013480000
202200014459;30;7;2022;12:30;1;91;1;1;1;2;48,7195600000;2,2573900000
202200014460;19;11;2022;01:40;3;34;2;1;1;7;43,6047220000;3,9655780000
202200014461;30;7;2022;14:25;1;78;1;1;1;2;48,9400200000;1,9544300000
202200014462;18;11;2022;23:55;3;34;1;1;1;2;43,6042890000;3,9646380000
202200014463;16;11;2022;16:50;1;13;2;9;1;3;43,4299660000;5,3930800000
202200014464;30;7;2022;02:35;3;93;1;1;1;5;48,9628100000;2,4742600000
202200014465;18;11;2022;19:35;5;68;2;1;8;1;47,7870410000;7,3449180000
202200014466;30;7;2022;14:20;1;94;1;1;1;4;48,8265628660;2,4667862096
202200014467;30;7;2022;01:50;3;77;1;1;1;4;48,9697644713;2,5981800905
202200014468;18;11;2022;09:45;1;07;2;9;7;3;44,5404620000;4,4119820000
202200014469;29;7;2022;21:00;1;94;1;1;1;3;48,7827541084;2,4408460732
202200014470;18;11;2022;15:30;1;01;1;1;1;4;45,9352550000;5,3347370000
202200014471;29;7;2022;12:30;1;77;1;1;1;3;48,7813740511;2,6158588028
202200014472;18;11;2022;15:30;1;69;2;9;1;3;45,6330290000;4,4566140000
202200014473;8;11;2022;19:55;3;31;1;1;1;7;43,4592430000;1,2994340000
202200014474;11;4;2022;07:05;5;30;2;1;1;3;43,8400000000;4,3657000000
202200014475;18;11;2022;15:00;1;40;1;1;3;6;43,8096790000; -1,0833980000
202200014476;19;11;2022;09:00;1;14;2;2;8;6;48,8397560000; -0,8905230000
202200014477;29;7;2022;08:05;1;976;2;3;1;3; -12,7731100000;45,2248200000
202200014478;14;11;2022;21:00;4;60;1;6;2;1;49,2094547176;2,6221766174
202200014479;29;7;2022;18:10;5;974;2;9;1;3; -20,8841900000;55,4575900000
202200014480;18;11;2022;17:50;3;80;1;2;8;3;49,8831320000;2,4980160000
202200014481;30;7;2022;01:13;5;69;2;1;1;6;45,7611100000;4,8577500000
202200014482;18;11;2022;13:15;1;59;2;1;1;6;50,6462960000;2,7209070000