Accident_Id;jour;mois;an;hrmn;lum;dep;agg;int;atm;col;lat;long
202200014483;29;7;2022;13:30;1;69;2;3;1;3;45,7294100000;4,8676900000
202200014484;18;11;2022;07:30;1;13;1;1;1;3;43,4049000000;5,3595100000
202200014485;29;7;2022;16:20;1;972;1;9;1;3;14,6206700000; -61,0209800000
202200014486;17;11;2022;14:05;1;69;1;1;1;2;45,7278600000;4,9066100000
202200014487;18;11;2022;17:15;5;33;1;1;2;6;44,8820612356; -0,5116206408
202200014488;29;7;2022;10:22;1;972;1;1;1;6;14,6172800000; -61,0714700000
202200014489;18;11;2022;09:00;1;91;1;9;1;3;48,7283010000;2,2436500000
202200014490;29;7;2022;11:24;1;69;2;1;8;2;45,7549100000;4,8350400000
202200014491;18;11;2022;08:25;1;94;1;1;8;3;48,7749732919;2,3463337748
202200014492;29;7;2022;08:50;1;69;2;1;1;6;45,7517800000;4,8283700000
202200014493;18;11;2022;08:19;1;94;1;1;1;3;48,7558545422;2,3420064850
202200014494;28;7;2022;06:22;2;2B;2;1;1;1;42,6912500000;9,4497100000
202200014495;18;11;2022;11:15;1;78;1;1;1;2;48,9610050000;1,9299780000
202200014496;30;7;2022;00:10;5;2A;1;1;1;4;41,9286000000;8,7660000000
202200014497;18;11;2022;09:05;1;78;1;1;1;2;48,9365220000;1,9607990000
202200014498;29;7;2022;11:55;1;91;2;3;1;3;48,7058020597;2,3676007053
202200014499;18;11;2022;09:25;1;78;1;1;1;2;48,9058330000;2,0605060000
202200014500;29;7;2022;09:00;1;91;2;9;1;3;48,4392060000;2,1601390000
202200014501;18;11;2022;04:00;3;95;1;1;1;2;48,9843273966;2,2163202017
202200014502;28;7;2022;22:48;5;87;2;2;1;7;45,8313200000;1,2524200000
202200014503;16;11;2022;22:40;5;77;1;1;3;6;48,6650800000;2,6131110000
202200014504;25;7;2022;07:50;1;83;2;1;1;6;43,1117400000;5,8659040000
202200014505;17;9;2022;03:30;5;94;2;1;1;2;48,7787900000;2,3961100000
202200014506;28;7;2022;08:10;1;83;2;9;1;3;43,1139130000;5,8425440000
202200014507;29;7;2022;09:00;1;83;2;1;1;6;43,1158100000;6,1331200000
202200014508;17;11;2022;19:40;5;75;2;1;2;5;48,8178660000;2,3682270000
202200014509;15;11;2022;18:10;5;75;2;1;1;2;48,8308070000;2,4031540000
202200014510;27;7;2022;16:20;1;78;2;1;1;2;48,9867300000;1,9235780000
202200014511;16;11;2022;08:05;1;75;2;3;8;6;48,8447620000;2,3293550000
202200014512;17;11;2022;10:00;1;75;2;1;2;7;48,8731620000;2,4037760000
202200014513;29;7;2022;07:32;1;76;2;3;1;1;49,3422270000;0,9680840000
202200014514;17;11;2022;11:50;1;75;2;1;1;6;48,8882200000;2,3920490000
202200014515;17;7;2022;06:00;2;76;2;3;1;6;49,9292300000;1,0946900000
202200014516;17;11;2022;10:32;1;75;2;3;9;2;48,8926980000;2,3487440000
202200014517;17;11;2022;00:30;5;75;2;2;2;6;48,8978670000;2,3444200000
202200014518;29;7;2022;18:30;1;72;2;1;1;5;48,0192930876;0,2222979067
202200014519;17;11;2022;10:25;1;75;2;3;1;6;48,8892480000;2,3019700000
202200014520;29;7;2022;20:45;1;69;2;2;1;3;45,7807600000;4,9233700000
202200014521;28;7;2022;18:45;1;67;2;1;1;6;48,8123900000;7,7895500000
202200014522;16;11;2022;21:48;5;75;2;2;2;3;48,8284810000;2,3013900000
202200014523;28;7;2022;17:10;1;64;1;1;1;1;43,4592700000; -1,5559400000
202200014524;29;7;2022;20:45;1;59;2;1;1;6;50,4556164833;3,5847133398
202200014525;17;11;2022;22:15;5;75;2;2;1;7;48,8241680000;2,3767670000
202200014526;29;7;2022;17:55;1;59;2;6;1;6;50,7191415679;3,1700652838
202200014527;16;11;2022;22:45;5;75;2;2;2;6;48,8349560000;2,3493600000
202200014528;17;11;2022;17:15;2;75;2;1;8;2;48,8698760000;2,3545750000
202200014529;29;7;2022;15:35;1;54;2;1;1;4;48,6604498077;6,1760008335
202200014530;17;11;2022;11:30;1;75;2;4;9;2;48,8771396648;2,3552745581
202200014531;29;7;2022;09:20;1;51;2;2;1;2;49,2669800000;4,0241100000
202200014532;17;11;2022;08:00;1;75;2;2;1;2;48,8712460000;2,3701350000
202200014533;17;11;2022;01:03;5;75;2;2;2;3;48,8813290000;2,3647200000
202200014534;17;11;2022;18:35;5;75;2;1;1;3;48,8704580000;2,3311150000
202200014535;26;7;2022;17:15;1;49;2;6;1;2;47,2501300000; -0,0795000000
202200014536;17;11;2022;10:20;1;75;2;2;2;5;48,8672210000;2,3019350000
202200014537;29;7;2022;17:28;1;49;2;6;7;3;47,4649600000; -0,5655500000
202200014538;17;11;2022;21:00;5;75;2;3;2;1;48,8555020000;2,3636390000
202200014539;29;7;2022;16:37;1;49;2;2;1;3;47,4666600000; -0,4686400000
202200014540;16;11;2022;09:55;1;94;2;2;8;6;48,7844500000;2,3621900000
202200014541;17;11;2022;14:05;1;94;2;1;1;6;48,7593000000;2,3957000000
202200014542;29;7;2022;16:07;1;49;2;2;1;3;47,4773700000; -0,5894200000
202200014543;17;11;2022;09:00;1;94;2;1;2;7;48,7683540000;2,3678350000
202200014544;16;11;2022;23:43;5;94;2;4;2;6;48,8525869234;2,4607755239
202200014545;28;7;2022;12:25;1;49;2;2;1;3;47,4894700000; -0,5609400000
202200014546;28;7;2022;10:15;1;39;2;6;7;6;47,0813790000;5,4756470000
202200014547;17;11;2022;18:10;5;93;2;2;1;6;48,9553780000;2,5526950000
202200014548;29;7;2022;15:20;1;35;2;1;1;6;48,6598821373; -1,9928001612
202200014549;17;11;2022;07:45;5;93;2;1;9;6;48,9491800000;2,3239600000
202200014550;17;11;2022;14:45;1;93;2;1;1;2;48,9228920000;2,3567120000
202200014551;27;7;2022;10:30;1;34;1;6;1;5;43,3449000000;3,1729500000
202200014552;17;11;2022;10:50;1;93;2;1;1;2;48,8698125849;2,4594327807
202200014553;29;7;2022;05:56;3;34;1;1;1;1;43,3060700000;3,4455200000
202200014554;16;11;2022;22:43;5;93;2;1;3;3;48,8831100000;2,4267100000
202200014555;29;7;2022;16:10;1;33;1;6;1;4;44,6220600000; -1,1601600000
202200014556;17;11;2022;13:15;1;93;2;2;2;3;48,9616400000;2,2950470000
202200014557;29;7;2022;09:22;1;32;2;3;1;6;43,6495500000;0,5975500000
202200014558;16;11;2022;22:50;5;93;2;1;3;1;48,9035680000;2,4775340000
202200014559;28;7;2022;16:25;1;31;2;1;1;3;43,6382700000;1,4765800000
202200014560;17;11;2022;18:55;5;92;2;1;1;3;48,8078987966;2,2992534041
202200014561;17;11;2022;10:50;1;92;2;1;8;3;48,8159186110;2,3108620047
202200014562;28;6;2022;05:50;1;30;2;6;1;3;43,8218000000;4,3648000000
202200014563;17;11;2022;09:10;1;92;2;3;8;3;48,9143780000;2,2342600000
202200014564;24;7;2022;12:05;1;30;2;1;1;1;43,8186462129;4,3492823839
202200014565;29;7;2022;10:30;1;29;2;1;1;6;47,9903800000; -4,0692900000
202200014566;16;11;2022;18:45;5;92;2;2;2;3;48,9151925126;2,2467617690
202200014567;29;7;2022;15:15;1;29;2;3;1;1;47,8822000000; -3,9171500000
202200014568;17;11;2022;12:10;1;92;2;1;8;2;48,8968488824;2,3081443906
202200014569;29;7;2022;13:30;1;27;1;1;1;7;49,0282200000;1,1899900000
202200014570;16;11;2022;16:35;1;92;2;1;1;5;48,9133900000;2,3082700000
202200014571;17;11;2022;04:30;4;40;2;1;8;6;43,6362650000; -1,3542100000
202200014572;29;7;2022;16:54;1;17;2;1;1;3;45,6340210000; -1,0291440000
202200014573;18;11;2022;12:05;1;18;1;1;8;1;47,4802300000;2,7142780000
202200014574;29;7;2022;20:18;1;17;1;1;1;5;46,1729990000; -1,1173620000
202200014575;17;11;2022;02:05;3;01;1;1;2;1;46,1406830000;5,9103870000
202200014576;29;7;2022;12:40;1;13;2;1;1;1;43,6375332047;5,0965277899
202200014577;29;7;2022;17:00;1;13;2;9;1;1;43,3220300000;5,4178500000
202200014578;29;7;2022;09:20;1;13;2;1;8;2;43,2937900000;5,4010100000
202200014579;16;11;2022;19:20;3;51;1;1;3;1;48,8736920000;3,5789040000
202200014580;28;7;2022;08:30;1;13;2;3;1;3;43,2928300000;5,3747900000
202200014581;8;11;2022;12:05;1;56;2;4;1;6;47,9017570000; -2,1203180000
202200014582;18;11;2022;09:45;1;80;1;1;2;1;50,0134480000;2,3161410000
202200014583;17;11;2022;15:10;1;32;1;1;2;5;43,8124820000;0,6490090000
202200014584;29;7;2022;10:45;1;11;2;1;2;2;43,2191900000;2,3425700000
202200014585;29;7;2022;12:55;1;09;2;1;2;6;42,9641200000;1,6116700000
202200014586;18;11;2022;19:40;5;55;2;2;8;3;49,0381350000;5,6584310000
202200014587;16;11;2022;19:25;3;49;2;1;6;6;47,3984490000; -0,5252810000
202200014588;29;7;2022;07:50;1;07;2;6;1;3;44,9443800000;4,8566700000
202200014589;17;11;2022;11:50;1;12;1;1;8;7;43,8773480000;2,7871690000
202200014590;17;11;2022;12:20;1;39;2;1;1;6;46,6640990000;5,5555969000
202200014591;29;7;2022;22:10;5;06;2;3;1;1;43,6673600000;7,2082000000
202200014592;17;11;2022;18:40;3;25;1;1;3;5;46,9180390000;6,2933050000
202200014593;29;7;2022;18:00;1;06;2;3;1;3;43,7109100000;7,2647100000
202200014594;29;7;2022;03:40;5;06;2;1;1;6;43,7797900000;7,4863400000
202200014595;14;11;2022;18:05;2;29;2;3;2;3;48,5282260000; -4,4521340000
202200014596;11;10;2022;17:20;1;38;2;1;1;6;45,2455500000;5,8300780000
202200014597;29;7;2022;21:25;2;06;2;1;1;2;43,6569200000;6,9232300000
202200014598;17;11;2022;12:00;1;58;1;9;2;7;47,3669090000;3,6436630000
202200014599;29;7;2022;13:45;1;06;2;1;1;7;43,6615700000;6,9326500000
202200014600;18;11;2022;06:50;5;58;2;1;1;6;46,9718780000;3,1573890000
202200014601;28;7;2022;19:00;1;06;1;1;1;7;43,6322910000;6,9314300000
202200014602;16;11;2022;14:57;1;06;1;1;1;1;43,7235100000;7,3846470000
202200014603;29;7;2022;16:20;1;75;2;1;1;3;48,8490440000;2,4103700000
202200014604;17;11;2022;08:30;1;14;2;2;2;3;49,3403147660; -0,5830210440
202200014605;29;7;2022;14:10;1;75;2;2;1;3;48,8918290000;2,3439250000
202200014606;18;11;2022;07:50;5;50;2;1;2;6;48,6200220000; -1,1732010000
202200014607;29;7;2022;14:00;1;75;2;1;1;3;48,8521140000;2,2416890000
202200014608;29;7;2022;13:25;1;75;2;1;1;6;48,8634980000;2,2391330000
202200014609;18;11;2022;11:15;1;83;1;1;1;7;43,8032480000;6,6134290000
202200014610;18;11;2022;17:20;3;45;1;1;1;6;48,0314283970;2,0511009540
202200014611;29;7;2022;10:25;1;75;2;7;1;3;48,8770860000;2,2834630000
202200014612;16;11;2022;16:40;1;64;1;9;1;6;43,4707670000; -0,4800720000
202200014613;28;7;2022;21:30;5;75;2;7;1;3;48,8741300000;2,2942170000
202200014614;27;7;2022;11:00;1;75;2;1;1;3;48,8437460000;2,2567370000
202200014615;17;11;2022;15:15;1;43;1;1;1;1;45,2898952204;4,1531391880
202200014616;18;11;2022;18:15;3;21;1;1;5;6;47,9360223963;4,3541350364
202200014617;17;11;2022;18:42;5;04;2;1;2;6;44,1878740000;5,9471440000
202200014618;17;11;2022;09:54;1;04;2;1;7;6;44,1914890000;5,9450810000
202200014619;27;7;2022;10:30;1;75;2;4;1;6;48,8719570000;2,2825300000
202200014620;18;11;2022;07:05;2;28;2;1;8;6;48,5836770000;1,5896110000
202200014621;14;11;2022;20:15;3;87;1;3;2;3;46,1468354263;1,0631424176
202200014622;29;7;2022;16:10;1;75;2;2;1;7;48,8349600000;2,3449860000
202200014623;17;11;2022;18:35;3;48;1;1;2;6;44,5732890000;3,3199310000
202200014624;17;11;2022;21:25;3;08;1;1;1;6;49,7039730000;4,4175660000
202200014625;29;7;2022;12:15;1;75;2;1;1;3;48,8317590000;2,3789140000
202200014626;17;11;2022;19:50;5;973;2;1;1;6;4,8455950000; -52,3271270000
202200014627;18;11;2022;00:30;3;24;1;1;2;6;44,8601580000;0,2005760000
202200014628;17;11;2022;17:05;1;30;1;1;1;2;43,7761410000;4,2871250000
202200014629;18;11;2022;01:30;3;02;1;1;1;6;49,5686700000;3,7213020000
202200014630;18;11;2022;09:50;1;974;1;4;1;1; -21,2595240000;55,3413150000
202200014631;29;7;2022;09:57;1;75;2;7;1;5;48,8437080000;2,3645700000
202200014632;18;11;2022;03:00;3;34;1;1;1;6;43,3290720000;3,1151230000
202200014633;14;11;2022;08:30;1;84;2;1;1;1;43,9404560000;4,9034910000
202200014634;29;7;2022;10:15;1;75;2;1;1;2;48,8301710000;2,3760290000
202200014635;17;11;2022;17:40;3;06;1;9;1;3;43,7881370000;7,3465640000
202200014636;12;11;2022;21:55;5;63;1;6;1;6;45,7849856117;3,2139569521
202200014637;29;7;2022;14:00;1;75;2;3;1;3;48,8415340000;2,3873640000
202200014638;17;11;2022;00:25;4;63;2;1;1;6;45,7997400000;3,2371580000
202200014639;18;11;2022;15:05;1;73;2;1;1;6;45,2733114883;6,3602728851
202200014640;28;7;2022;20:30;2;75;2;1;7;3;48,8359590000;2,3957660000
202200014641;17;11;2022;17:15;5;69;1;1;3;2;45,8593580000;4,6686720000
202200014642;29;7;2022;23:16;5;75;2;2;1;3;48,8705200000;2,3052520000
202200014643;17;11;2022;08:50;2;69;2;1;1;2;45,9431290000;4,7188130000
202200014644;29;7;2022;03:20;5;75;2;7;1;6;48,8733020000;2,2955390000
202200014645;16;11;2022;22:15;5;69;2;6;1;2;45,6825610000;4,9253640000
202200014646;17;11;2022;20:25;3;33;2;1;2;6;44,5957160000; -0,9076010000
202200014647;29;7;2022;17:06;1;75;2;3;1;3;48,8505360000;2,3195680000
202200014648;17;11;2022;19:00;3;50;1;1;2;2;49,0451940000; -1,0041280000
202200014649;28;7;2022;09:35;1;75;2;4;1;6;48,8553770000;2,2995530000
202200014650;28;5;2022;16:33;1;04;1;3;1;3;43,8847140000;5,8619650000
202200014651;29;7;2022;11:35;1;75;2;3;1;3;48,8603250000;2,3530060000
202200014652;29;5;2022;08:15;1;13;1;3;1;1;43,2567680000;5,5916870000
202200014653;18;11;2022;11:58;1;60;1;6;1;7;49,2206520000;2,4667740000
202200014654;28;7;2022;19:05;1;75;2;3;1;2;48,8652330000;2,3571380000
202200014655;16;11;2022;18:50;3;60;1;6;3;7;49,2089910000;2,2793840000
202200014656;30;5;2022;07:20;1;13;1;6;1;3;43,8775640000;4,8341290000
202200014657;16;11;2022;18:12;3;60;1;1;2;1;49,3112190000;2,0868020000
202200014658;28;7;2022;22:05;5;94;2;6;1;3;48,7861500000;2,4025600000
202200014659;16;11;2022;18:10;3;13;1;1;1;3;43,5268780000;5,4268570000
202200014660;30;5;2022;13:40;1;42;2;2;1;3;45,7912430000;4,3425710000
202200014661;17;11;2022;11:45;1;13;1;1;1;3;43,2879000000;5,5465000000
202200014662;29;5;2022;11:00;1;01;2;1;1;6;45,8430100000;5,0282870000
202200014663;16;11;2022;18:10;3;13;1;1;1;4;43,5258860000;5,4266020000
202200014664;29;7;2022;12:00;1;94;2;1;1;1;48,8099000000;2,4985600000
202200014665;30;5;2022;07:00;1;69;1;1;1;3;45,6149141639;4,7045275569
202200014666;17;11;2022;10:25;1;83;1;1;1;2;43,1465993298;5,7717078814
202200014667;29;5;2022;10:21;1;09;2;1;1;7;43,2335010000;1,5755740000
202200014668;11;11;2022;04:10;5;83;1;1;1;2;43,1339500000;5,9864400000
202200014669;29;5;2022;17:00;1;31;2;1;1;6;43,4064150000;1,3851360000
202200014670;6;5;2022;12:20;1;33;2;6;1;6;44,9930910000; -0,4334830000
202200014671;16;11;2022;17:15;2;83;1;1;1;2;43,1254500000;5,9714800000
202200014672;29;7;2022;19:55;1;94;2;1;1;2;48,8349100000;2,4887600000
202200014673;29;5;2022;10:30;1;974;2;1;1;6; -21,2922200000;55,5040500000
202200014674;29;5;2022;08:10;1;974;1;1;7;7; -21,2986500000;55,4191800000
202200014675;28;5;2022;11:40;1;974;1;1;1;2; -20,8866190000;55,4917980000
202200014676;29;5;2022;12:00;1;974;1;1;1;3; -20,9367360000;55,3092110000
202200014677;16;11;2022;06:30;3;69;1;1;1;2;45,7887700000;4,7843100000
202200014678;29;7;2022;11:18;1;94;2;1;1;2;48,7927600000;2,3693300000
202200014679;17;11;2022;21:05;5;33;1;1;2;7;44,7776000000; -0,5624500000
202200014680;28;5;2022;11:00;1;974;2;2;1;3; -20,9385700000;55,2898900000
202200014681;28;7;2022;19:00;1;94;2;2;1;3;48,8157600000;2,3829600000
202200014682;17;11;2022;20:30;5;33;1;1;2;6;44,8814239284; -0,5112263560
202200014683;29;7;2022;20:50;2;94;2;1;1;3;48,7660400000;2,3899000000
202200014684;29;5;2022;11:30;1;69;2;2;1;3;45,7524400000;4,8461300000
202200014685;17;11;2022;15:20;1;33;1;1;3;4;44,9069500000; -0,4915700000
202200014686;29;7;2022;21:15;2;94;2;4;1;2;48,8126500000;2,5317200000
202200014687;16;11;2022;11:00;1;92;1;1;8;6;48,8873652787;2,1662899936
202200014688;28;5;2022;23:40;5;972;2;2;1;3;14,6145800000; -61,0512900000
202200014689;17;11;2022;17:30;3;95;1;1;3;5;49,0269147678;2,1296855366
202200014690;29;7;2022;11:00;1;94;2;2;1;3;48,8193200000;2,5146700000
202200014691;29;5;2022;16:00;1;69;2;5;1;3;45,7768300000;4,8076100000
202200014692;29;5;2022;19:55;2;2B;2;2;1;3;42,6660200000;9,4394100000
202200014693;29;7;2022;19:05;1;93;2;1;1;3;48,9421381670;2,5728526711
202200014694;16;11;2022;19:20;3;95;1;1;3;3;48,9634678661;2,2642166727
202200014695;29;5;2022;12:28;1;2A;2;4;1;3;41,9328000000;8,7373800000
202200014696;29;7;2022;20:30;1;93;2;1;1;6;48,9631600000;2,3701580000
202200014697;19;5;2022;08:00;1;83;1;6;1;3;43,1405200000;5,7969900000
202200014698;16;11;2022;16:10;1;93;1;1;1;5;48,9103394083;2,3583054543
202200014699;29;5;2022;07:35;1;81;1;1;1;6;43,4390900000;2,3332500000
202200014700;29;7;2022;15:10;1;93;2;1;1;2;48,9286490000;2,3715020000
202200014701;17;11;2022;01:15;3;94;1;1;2;6;48,8264802908;2,5222880130
202200014702;29;5;2022;19:30;1;81;1;1;1;1;43,9463605000;2,1847296000
202200014703;16;11;2022;21:30;3;94;1;1;3;3;48,7701146919;2,3822327243
202200014704;29;7;2022;07:00;1;93;2;1;1;2;48,9163200000;2,3391700000
202200014705;16;11;2022;15:30;1;94;1;1;2;2;48,8354458972;2,5387118132
202200014706;27;5;2022;18:15;1;77;2;3;1;1;48,8765700000;2,7711200000
202200014707;28;7;2022;20:10;1;93;2;3;1;1;48,8363900000;2,5628300000
202200014708;16;11;2022;14:45;1;77;1;1;1;5;48,8891000000;2,6676170000
202200014709;28;5;2022;08:00;1;74;2;1;1;1;46,1654500000;6,1874200000
202200014710;16;11;2022;11:30;1;94;1;1;1;4;48,8040866158;2,4486362017
202200014711;29;7;2022;12:50;1;93;2;1;1;4;48,8563270406;2,4263681172
202200014712;29;5;2022;15:10;1;74;2;1;1;1;45,9102700000;6,1238600000
202200014713;20;11;2022;00:50;5;76;2;3;1;6;49,4055410000;1,1003020000
202200014714;29;7;2022;16:15;1;93;2;1;1;6;48,9098400000;2,3784800000
202200014715;26;8;2022;17:00;1;50;1;1;1;1;49,2327040000; -1,1545730000
202200014716;27;5;2022;18:57;1;73;2;6;1;3;45,6952000000;5,9069400000
202200014717;28;7;2022;13:40;1;92;2;2;1;6;48,8811231577;2,2372031808
202200014718;2;9;2022;18:00;1;74;2;1;1;1;45,9035200000;6,1219100000
202200014719;29;5;2022;21:56;5;71;2;1;1;1;46,7878600000;4,8501000000
202200014720;29;7;2022;12:35;1;92;2;1;1;3;48,8824222412;2,2680748701
202200014721;16;11;2022;15:49;1;974;2;1;1;6; -21,3342700000;55,4811000000
202200014722;28;7;2022;09:15;1;92;2;1;1;7;48,8198284323;2,3121430278
202200014723;29;5;2022;19:15;1;69;2;3;1;3;45,7689100000;4,9376400000
202200014724;15;11;2022;22:32;5;973;2;1;1;6;4,9437000000; -52,3074200000
202200014725;29;5;2022;12:25;1;69;2;1;1;6;45,7783700000;4,8624100000
202200014726;28;7;2022;19:50;1;92;2;1;1;4;48,8219677727;2,2511613965
202200014727;16;11;2022;22:00;5;69;2;1;1;3;45,7414900000;4,8567800000
202200014728;29;5;2022;20:25;1;64;2;1;1;3;43,3080000000; -0,3594200000
202200014729;29;7;2022;12:45;1;92;2;1;1;6;48,7969649556;2,2991289496
202200014730;16;11;2022;11:55;1;69;2;1;1;2;45,7715191098;4,8432612420
202200014731;28;5;2022;19:40;1;54;2;1;1;2;48,6937200000;6,2129500000
202200014732;28;5;2022;16:20;1;44;2;1;1;1;47,2863000000; -2,3666200000
202200014733;28;7;2022;18:39;1;92;2;2;1;6;48,7953481737;2,3007900417
202200014734;29;5;2022;14:30;1;42;2;1;1;3;45,4268700000;4,3905800000
202200014735;16;11;2022;07:55;2;69;2;2;8;6;45,7301600000;4,8634100000
202200014736;28;7;2022;19:15;1;92;2;1;1;3;48,9209354405;2,2835614085
202200014737;27;5;2022;16:15;1;37;2;1;1;2;47,3493620786;0,6673121452
202200014738;28;7;2022;15:34;1;65;1;1;8;6;42,9156090000;0,5122800000
202200014739;28;5;2022;15:15;1;32;2;9;1;3;43,6470000000;0,5900000000
202200014740;29;5;2022;05:20;3;31;1;1;1;6;43,5887400000;1,4006200000
202200014741;15;11;2022;19:30;3;972;1;1;1;4;14,6160000000; -61,0150000000
202200014742;27;7;2022;15:40;1;24;1;1;1;7;45,0131930000;0,3612180000
202200014743;29;5;2022;03:00;5;30;2;9;1;6;44,1105400000;4,0805900000
202200014744;29;5;2022;21:20;1;17;1;1;1;7;45,6655100000; -1,0766000000
202200014745;29;7;2022;23:20;3;22;2;1;1;3;48,5164910000; -2,3354320000
202200014746;16;11;2022;12:51;1;972;2;1;1;2;14,6143300000; -61,0817400000
202200014747;30;7;2022;00:30;3;22;1;1;1;7;48,4425260000; -2,1209840000
202200014748;29;5;2022;20:30;1;13;2;1;1;3;43,3890000000;5,3611700000
202200014749;29;5;2022;17:50;1;13;2;1;1;3;43,6402600000;5,0860000000
202200014750;29;7;2022;16:30;1;42;1;1;1;1;46,0857930000;4,0198370000
202200014751;16;11;2022;12:42;1;972;1;1;1;2;14,6182600000; -61,0362300000
202200014752;29;5;2022;13:55;1;13;2;1;1;2;43,3848812667;5,5596008445
202200014753;28;5;2022;20:00;1;13;2;1;1;7;43,2816700000;5,5241300000
202200014754;29;7;2022;16:10;1;974;1;1;1;6; -21,2855160000;55,3972350000
202200014755;16;11;2022;14:45;1;69;2;2;1;6;45,7149800000;4,8097900000
202200014756;28;5;2022;09:45;1;07;2;1;1;2;44,7256100000;4,6004900000
202200014757;25;7;2022;13:00;1;41;1;1;1;6;47,7598170000;1,5554400000
202200014758;16;11;2022;10:30;1;69;1;9;1;2;45,7877800000;4,8607700000
202200014759;29;5;2022;11:30;1;07;2;1;1;2;44,9402480000;4,8297570000
202200014760;29;7;2022;17:10;1;38;1;1;1;1;45,3358840000;5,5413580000
202200014761;29;5;2022;20:30;2;75;2;1;1;3;48,8271410000;2,3910300000
202200014762;16;11;2022;19:25;5;2B;2;1;1;6;42,6870000000;9,4450000000
202200014763;29;5;2022;19:30;1;75;2;1;1;3;48,8217326715;2,3179312322
202200014764;29;5;2022;08:00;1;75;2;1;1;2;48,9003340000;2,3807850000
202200014765;30;7;2022;09:00;1;84;2;3;1;3;44,1762370000;4,7611460000
202200014766;16;11;2022;08:53;1;2B;2;1;2;3;42,6957000000;9,4420000000
202200014767;27;5;2022;23:30;5;75;2;1;1;7;48,8647742768;2,4130226015
202200014768;29;5;2022;18:10;1;75;2;3;1;3;48,8830810000;2,3714630000
202200014769;21;10;2022;20:30;4;971;2;3;1;4;15,9947600000; -61,7255500000
202200014770;29;5;2022;18:50;1;75;2;2;1;3;48,8991470000;2,3362810000
202200014771;16;11;2022;19:05;3;91;1;1;2;2;48,6560290000;2,2897410000
202200014772;29;5;2022;08:55;1;75;2;4;1;6;48,8936399448;2,3479606801
202200014773;16;11;2022;08:30;2;91;2;1;1;5;48,5881400000;2,2444300000
202200014774;29;5;2022;07:40;1;75;2;2;1;3;48,8685968685;2,2741519867
202200014775;30;7;2022;08:15;1;38;1;1;1;1;44,8698610000;5,6198070000
202200014776;16;11;2022;17:35;5;91;2;1;2;6;48,7176500000;2,2459300000
202200014777;24;7;2022;18:55;1;23;1;1;1;1;46,3284143924;1,7189311981
202200014778;29;5;2022;14:10;1;75;2;3;1;3;48,8306736555;2,3063046147
202200014779;16;11;2022;09:00;1;91;1;6;2;6;48,6754400000;2,1943300000
202200014780;8;7;2022;14:55;1;35;2;7;1;6;48,2172986983; -1,6972012818
202200014781;16;11;2022;18:40;5;91;2;1;2;6;48,6876540000;2,4335700000
202200014782;26;6;2022;18:35;1;56;1;1;1;7;47,8324030000; -3,1879660000
202200014783;30;7;2022;07:15;1;2B;2;1;1;1;42,5673400000;8,7572570000
202200014784;16;11;2022;17:45;3;91;1;1;3;4;48,6768600000;2,5259630000
202200014785;29;5;2022;14:35;1;75;2;2;1;6;48,8583512297;2,3519472897
202200014786;29;7;2022;18:00;1;2B;2;1;1;1;42,8881830000;9,4742140000
202200014787;16;11;2022;14:30;1;82;1;1;1;1;44,0303400000;1,0946800000
202200014788;30;7;2022;13:10;1;65;1;1;1;7;42,8131100000;0,4282840000
202200014789;29;5;2022;14:30;1;75;2;3;8;6;48,8572970000;2,3523800000
202200014790;29;7;2022;18:15;1;65;1;1;5;7;42,8173850000;0,1959300000
202200014791;14;11;2022;09:30;1;78;2;1;1;1;48,9513390000;1,7943010000
202200014792;29;5;2022;13:30;1;94;2;1;1;3;48,7899752236;2,4352204799
202200014793;29;5;2022;22:17;3;94;2;1;1;6;48,8041100000;2,4444500000
202200014794;29;7;2022;14:30;1;33;1;3;1;3;44,7681600000; -0,4193600000
202200014795;16;11;2022;18:00;5;77;2;1;2;6;48,8148510000;3,0816720000
202200014796;29;7;2022;09:00;1;32;1;1;2;7;43,5508340000;0,3641370000
202200014797;29;5;2022;21:05;1;93;2;6;1;6;48,9474400000;2,5665700000
202200014798;30;7;2022;17:50;1;71;1;2;1;7;46,5639500000;5,0295070000
202200014799;15;11;2022;13:30;1;76;2;2;2;3;49,4946200000;0,1092100000
202200014800;29;5;2022;03:12;5;93;2;1;1;1;48,9716619292;2,3754702508
202200014801;30;7;2022;12:00;1;89;1;1;1;7;47,5405560000;3,9519350000
202200014802;29;7;2022;17:00;1;89;1;1;1;7;47,7462490000;3,3740900000
202200014803;29;5;2022;17:30;1;93;2;1;1;6;48,9092700000;2,3620200000
202200014804;15;11;2022;17:45;5;72;2;2;1;3;48,0016000000;0,1863000000
202200014805;30;7;2022;16:00;1;55;1;1;1;7;48,4998044824;5,6005965080
202200014806;29;5;2022;12:30;1;93;2;3;1;3;48,8930720000;2,4839280000
202200014807;14;3;2022;15:40;1;49;2;1;1;6;47,4658200000; -0,5571300000
202200014808;16;11;2022;06:25;5;71;2;2;2;3;46,7829800000;4,8470200000
202200014809;29;5;2022;14:42;1;92;2;1;8;2;48,8104223044;2,2989851832