Accident_Id;jour;mois;an;hrmn;lum;dep;agg;int;atm;col;lat;long
202200014810;15;3;2022;17:00;1;45;2;1;1;3;47,8468630604;1,9144609273
202200014811;30;7;2022;00:45;4;49;1;1;1;2;47,6461350000; -0,8598950000
202200014812;29;5;2022;14:35;1;92;2;6;1;2;48,8933800000;2,2522200000
202200014813;29;5;2022;17:20;1;85;1;1;1;7;46,7012380000; -1,7180090000
202200014814;15;3;2022;13:00;1;45;2;2;1;3;47,8364045040;1,9325652123
202200014815;30;5;2022;08:35;1;35;2;1;1;3;48,3014713377; -1,4322238415
202200014816;15;3;2022;07:55;1;43;2;1;1;1;45,0474900000;3,8929300000
202200014817;14;3;2022;16:40;1;42;1;1;8;6;45,4005700000;4,2560400000
202200014818;29;5;2022;16:40;1;35;1;1;1;6;48,0419390000; -1,8860650000
202200014819;16;11;2022;12:00;1;69;2;2;1;6;45,7618030794;4,8725920915
202200014820;15;3;2022;07:40;1;38;2;2;8;6;45,3709000000;5,5798800000
202200014821;30;5;2022;16:50;1;27;1;2;1;5;49,2990880000;1,0786830000
202200014822;28;5;2022;09:49;1;59;1;1;1;3;50,0685809476;3,2127714157
202200014823;15;3;2022;17:20;1;38;2;1;1;5;45,1880683294;5,7299390470
202200014824;5;10;2022;19:20;1;69;2;2;1;2;45,6908000000;4,8660700000
202200014825;29;5;2022;04:25;3;59;1;1;8;6;50,5035260000;3,1767170000
202200014826;15;3;2022;16:15;1;35;1;1;1;3;48,0778000000; -1,6320000000
202200014827;27;5;2022;17:45;1;59;2;1;1;6;50,5692410000;2,8918460000
202200014828;16;11;2022;09:30;1;69;2;9;1;6;45,7049600000;4,9123700000
202200014829;15;3;2022;16:10;1;35;2;6;1;2;48,1180100000; -1,7139400000
202200014830;29;5;2022;00:50;5;13;1;1;1;3;43,3346091941;5,3824549913
202200014831;15;3;2022;12:30;1;35;2;1;1;6;48,1083820000; -1,6939090000
202200014832;27;5;2022;22:41;5;13;1;1;1;3;43,3068400000;5,4256000000
202200014833;15;11;2022;17:10;5;67;2;3;1;3;48,5795200000;7,7309700000
202200014834;11;3;2022;19:10;3;34;1;1;3;1;43,3247200000;3,2467700000
202200014835;16;11;2022;12:50;1;64;2;1;1;6;43,3150600000; -0,3757500000
202200014836;28;5;2022;21:20;1;69;1;1;1;2;45,7831200000;4,8920100000
202200014837;15;3;2022;13:30;1;33;2;1;1;5;44,8771600000; -0,6215200000
202200014838;15;11;2022;19:45;5;64;1;6;3;3;43,3171800000; -0,3949400000
202200014839;29;5;2022;01:50;5;33;1;1;1;2;44,8500000000; -0,5040000000
202200014840;14;3;2022;11:25;1;33;2;3;1;3;44,8376380558; -0,5991647087
202200014841;15;11;2022;18:15;4;64;2;1;3;6;43,2946050000; -0,3723100000
202200014842;29;5;2022;20:40;2;91;1;1;1;2;48,7236900000;2,3125300000
202200014843;29;5;2022;19:35;1;92;1;1;1;7;48,7625406615;2,3024358451
202200014844;27;2;2022;00:50;5;30;2;3;1;3;43,8383000000;4,3556500000
202200014845;16;11;2022;13:15;1;60;2;1;1;3;49,4339880000;2,0757540000
202200014846;15;3;2022;11:35;1;29;1;1;1;1;47,9007048591; -3,9107716084
202200014847;28;5;2022;21:30;2;91;1;1;1;7;48,7038600000;2,3068700000
202200014848;16;11;2022;10:10;1;59;2;1;1;6;50,7327385111;3,1354326010
202200014849;13;3;2022;05:19;5;19;2;1;8;6;45,2590983062;1,7517120838
202200014850;13;11;2022;16:48;1;59;2;1;1;3;50,6354878038;3,1217882037
202200014851;29;5;2022;14:45;1;78;1;1;1;5;48,7772218024;2,2235356136
202200014852;15;3;2022;15:00;1;17;2;1;1;3;46,1622800000; -1,1567900000
202200014853;11;11;2022;16:45;3;57;2;1;2;7;49,2440300000;6,1257400000
202200014854;14;3;2022;09:44;1;14;2;1;1;2;49,4142350000;0,2284390000
202200014855;15;11;2022;19:20;5;54;2;3;2;6;48,6907400000;6,2017900000
202200014856;29;5;2022;11:20;1;78;1;1;1;4;48,8975920000;2,0060740000
202200014857;15;11;2022;17:20;5;54;2;1;2;6;48,6991100000;6,1351700000
202200014858;29;5;2022;19:15;1;93;1;1;1;3;48,8795300000;2,4751600000
202200014859;15;3;2022;15:15;1;13;1;3;1;6;43,3903700000;5,1936000000
202200014860;29;5;2022;12:51;1;93;1;1;1;6;48,9233808834;2,3833670108
202200014861;15;11;2022;16:45;2;54;2;2;2;6;48,6614500000;6,1690800000
202200014862;15;3;2022;13:50;1;13;2;3;1;3;43,4549900000;5,2441300000
202200014863;29;5;2022;09:35;1;93;1;1;1;3;48,9197800000;2,3572500000
202200014864;15;3;2022;12:50;1;13;2;1;1;2;43,3200000000;5,4200000000
202200014865;29;5;2022;07:15;1;95;1;1;1;6;49,0670807814;2,2568535805
202200014866;14;3;2022;08:20;1;13;2;1;1;1;43,2839900000;5,4491000000
202200014867;13;11;2022;17:30;2;54;2;1;1;1;49,2044400000;5,9863890000
202200014868;29;5;2022;18:00;1;94;1;1;1;4;48,8562900000;2,4881400000
202200014869;13;3;2022;06:10;5;11;2;4;2;6;43,2107800000;2,3410900000
202200014870;29;5;2022;17:50;1;93;1;1;1;3;48,8349100000;2,5811000000
202200014871;16;11;2022;19:25;5;51;2;1;2;2;49,2449300000;4,0500400000
202200014872;13;3;2022;06:10;3;11;1;1;2;6;43,1825400000;2,3065500000
202200014873;28;5;2022;15:45;1;94;1;1;1;2;48,8173718411;2,4349507992
202200014874;15;3;2022;12:30;1;10;2;1;1;3;48,3127680243;4,0486174822
202200014875;16;11;2022;18:30;5;51;1;1;3;4;49,2326900000;4,0728200000
202200014876;4;5;2022;21:30;5;69;2;1;1;3;45,7395100000;4,8497500000
202200014877;15;3;2022;12:20;1;10;2;1;8;1;48,2912600000;4,0906000000
202200014878;16;11;2022;15:15;1;51;2;1;2;7;49,2291900000;4,0013600000
202200014879;3;5;2022;19:10;1;39;1;1;1;6;46,7821580000;6,0587130000
202200014880;18;4;2022;11:45;1;79;1;1;1;7;46,2928070000; -0,0545880000
202200014881;14;3;2022;09:18;1;10;2;3;1;3;48,2866700000;4,0774000000
202200014882;15;11;2022;16:34;1;49;2;1;2;6;47,4721400000; -0,5570400000
202200014883;4;5;2022;06:30;2;57;2;1;1;6;49,2629700000;6,4679000000
202200014884;14;3;2022;17:35;2;06;2;1;1;3;43,6300000000;6,9588630000
202200014885;14;3;2022;10:42;1;05;2;1;1;2;44,5636500000;6,0960800000
202200014886;15;11;2022;08:42;1;49;1;1;2;4;47,5007400000; -0,6210800000
202200014887;2;5;2022;16:20;1;49;1;3;1;3;47,4298800000; -0,5661500000
202200014888;24;12;2022;00:30;5;01;1;6;2;6;46,3171837807;6,0515195131
202200014889;10;3;2022;13:55;1;03;2;1;1;6;46,5701800000;3,3478000000
202200014890;16;11;2022;09:40;1;45;2;1;8;3;47,8821000000;1,9036600000
202200014891;24;12;2022;20:50;3;08;1;1;2;7;49,5847860000;4,4887950000
202200014892;3;5;2022;19:41;3;974;1;3;1;1; -21,0447230000;55,2298060000
202200014893;14;3;2022;16:00;1;02;1;1;1;3;49,5396135313;3,6413403153
202200014894;24;12;2022;01:00;3;50;1;1;1;6;49,0767610000; -1,1251970000
202200014895;16;11;2022;07:55;1;45;2;3;1;2;47,9071500000;1,9038600000
202200014896;4;5;2022;18:00;1;57;1;1;1;4;49,1171264458;6,2345773427
202200014897;24;12;2022;08:20;1;51;1;1;1;7;48,8951530000;4,0750050000
202200014898;15;3;2022;17:20;1;75;2;2;1;6;48,8559016734;2,4102987349
202200014899;16;11;2022;08:10;1;45;2;1;2;2;47,9049860000;1,8926460000
202200014900;2;5;2022;21:30;5;92;2;2;1;3;48,9143609165;2,2342292815
202200014901;23;12;2022;19:00;5;19;2;7;1;3;45,1775360000;1,5905810000
202200014902;15;3;2022;15:40;1;75;2;2;2;6;48,8812460000;2,3732240000
202200014903;2;5;2022;18:16;1;26;1;1;1;6;45,0151810000;5,4056170000
202200014904;16;11;2022;19:45;5;44;2;1;2;6;47,2239202000; -1,5504988000
202200014905;23;12;2022;16:20;1;79;1;4;2;7;46,9732140000; -0,8461830000
202200014906;3;5;2022;11:40;1;69;2;1;1;6;45,8523270000;4,5817280000
202200014907;23;12;2022;19:55;3;32;1;1;1;6;43,6364480000;1,0608670000
202200014908;5;4;2022;09:00;1;86;2;6;1;3;46,6722670000;0,3753910000
202200014909;15;3;2022;08:20;1;75;2;2;2;3;48,8786780000;2,2800340000
202200014910;14;11;2022;18:05;5;39;2;3;2;4;47,0714600000;5,4970400000
202200014911;31;3;2022;18:00;1;44;1;1;1;6;47,1849300000; -1,4193400000
202200014912;21;12;2022;18:50;5;63;2;2;1;1;45,8528140000;3,5381340000
202200014913;15;11;2022;08:50;1;39;2;1;8;1;47,1030450000;5,4934590000
202200014914;29;4;2022;15:47;1;06;2;1;1;6;43,7206600000;7,3679530000
202200014915;14;3;2022;13:30;1;75;2;3;1;3;48,8821640000;2,2885450000
202200014916;23;12;2022;16:50;2;61;2;3;1;3;48,5798940000; -0,4174320000
202200014917;2;5;2022;09:55;1;30;2;1;1;6;44,1076560000;4,1583900000
202200014918;16;11;2022;19:00;3;35;1;1;2;2;48,0942600000; -1,7099000000
202200014919;23;12;2022;20:10;3;61;1;1;1;6;48,5949740000;0,0415420000
202200014920;15;3;2022;12:30;1;75;2;7;2;2;48,8678565823;2,2810699046
202200014921;29;4;2022;18:30;3;978;2;3;1;3;18,0716450000; -63,0333440000
202200014922;16;11;2022;17:49;2;35;2;6;2;3;48,0913012321; -1,6690501571
202200014923;1;5;2022;15:15;1;988;1;1;1;6; -20,9272790000;165,3177490000
202200014924;15;3;2022;13:30;1;75;2;3;2;6;48,8453648703;2,3020581901
202200014925;1;5;2022;11:35;1;27;2;1;1;7;49,2682420000;1,5116390000
202200014926;23;12;2022;22:10;3;49;1;3;1;3;47,1995204208; -0,0466409326
202200014927;27;5;2022;15:50;1;37;1;1;1;6;47,2643164399;0,2739152312
202200014928;15;3;2022;07:00;2;75;2;7;3;3;48,8468069725;2,2855706513
202200014929;1;12;2022;07:45;2;47;2;1;5;6;44,6240150000;0,1998560000
202200014930;28;5;2022;10:40;1;37;1;2;1;3;47,3562330000;0,2738110000
202200014931;14;3;2022;22:45;5;75;2;2;1;7;48,8449750000;2,3107030000
202200014932;27;5;2022;19:30;1;37;1;1;7;6;47,2725250000;0,3040020000
202200014933;15;3;2022;15:30;1;75;2;2;8;3;48,8500258112;2,3271750659
202200014934;23;12;2022;11:20;2;34;2;1;1;6;43,4216210000;2,9467980000
202200014935;28;5;2022;15:00;1;62;2;1;1;7;50,5347430000;2,1521010000
202200014936;14;3;2022;13:15;1;75;2;2;1;7;48,8361640000;2,2783450000
202200014937;15;3;2022;17:30;1;75;2;4;1;3;48,8293740000;2,3906950000
202200014938;27;5;2022;15:55;1;26;1;2;1;3;45,0731270000;5,1125050000
202200014939;23;12;2022;22:00;4;39;2;1;3;6;46,8034670000;5,6842230000
202200014940;14;3;2022;22:52;5;75;2;3;1;6;48,8729260000;2,3105010000
202200014941;27;5;2022;06:15;2;66;1;1;1;3;42,6736010000;2,8623680000
202200014942;14;3;2022;09:05;1;75;2;2;1;3;48,8677480000;2,3139740000
202200014943;28;5;2022;11:10;1;80;1;1;1;7;50,0253600000;1,7330930000
202200014944;15;3;2022;12:45;1;75;2;3;2;7;48,8489270000;2,3498400000
202200014945;24;12;2022;04:47;3;25;1;1;2;6;47,2250770000;6,2395480000
202200014946;24;5;2022;18:05;1;22;2;1;1;7;48,6348120000; -2,9388000000
202200014947;15;3;2022;20:05;5;94;2;1;1;3;48,8462188400;2,4196658133
202200014948;28;5;2022;15:42;1;22;1;1;1;1;48,5700760000; -2,2408880000
202200014949;13;3;2022;12:00;1;94;2;1;1;1;48,7942184313;2,5120067591
202200014950;24;12;2022;14:30;1;29;1;1;1;3;47,8919210000; -4,2630550000
202200014951;15;3;2022;17:30;1;94;2;4;8;6;48,8068700000;2,4259500000
202200014952;23;5;2022;16:00;1;22;2;2;3;3;48,5336290000; -2,0805790000
202200014953;15;3;2022;11:45;1;94;2;9;2;6;48,7634700000;2,3553200000
202200014954;5;2;2022;15:00;1;988;1;1;1;6; -21,5490780000;166,0435220000
202200014955;23;12;2022;20:30;3;02;1;1;1;5;49,8766750000;3,2687120000
202200014956;5;2;2022;20:05;3;973;1;1;1;6;5,4200030000; -54,0529490000
202200014957;5;2;2022;22:10;3;91;1;1;1;7;48,5791790000;2,1481800000
202200014958;15;3;2022;06:15;5;94;2;2;2;3;48,7964100000;2,4576400000
202200014959;27;5;2022;01:30;3;95;1;1;1;6;49,1065650000;2,2396230000
202200014960;15;3;2022;07:30;1;93;2;1;2;6;48,9833412797;2,5541600436
202200014961;23;12;2022;18:45;3;02;1;2;1;5;49,6594160000;3,6939110000
202200014962;5;2;2022;16:15;1;34;2;2;7;3;43,4348657311;3,5974557254
202200014963;14;3;2022;16:53;1;93;2;2;1;6;48,9296250000;2,3566190000
202200014964;24;12;2022;17:10;5;03;2;1;2;3;46,1630430000;3,3910310000
202200014965;6;2;2022;14:15;1;13;1;1;1;1;43,2345420000;5,5907540000
202200014966;15;3;2022;16:30;1;93;2;1;1;6;48,9181200000;2,5292600000
202200014967;23;12;2022;07:30;2;58;1;1;2;1;46,7705420000;3,4771620000
202200014968;5;2;2022;17:00;1;13;2;3;1;3;43,2154740000;5,5523230000
202200014969;15;3;2022;19:35;5;93;2;1;1;6;48,9046411311;2,4444268942
202200014970;24;12;2022;13:40;1;06;2;6;1;3;43,5490970000;6,9423810000
202200014971;28;5;2022;15:45;1;95;1;1;1;5;49,1624560000;2,3054340000
202200014972;4;2;2022;21:40;5;51;2;9;1;6;49,0920200000;4,8990170000
202200014973;14;3;2022;11:30;1;92;2;1;1;3;48,9269990000;2,3264600000
202200014974;24;12;2022;09:55;1;50;1;2;1;3;49,1905390000; -1,0409120000
202200014975;26;5;2022;22:30;5;40;2;1;1;6;43,6360260000; -1,4388720000
202200014976;12;3;2022;20:52;5;92;2;1;2;3;48,8871457522;2,1800925135
202200014977;28;11;2022;16:10;1;64;1;1;2;1;43,4944480000; -0,9105560000
202200014978;15;3;2022;08:00;1;92;2;2;2;3;48,8059891679;2,2789164931
202200014979;5;2;2022;22:10;5;57;2;2;1;2;49,2617270000;6,1678470000
202200014980;24;12;2022;15:20;1;73;2;1;1;2;45,6629972082;5,9089702596
202200014981;26;5;2022;10:30;1;49;1;1;1;3;47,1882400000; -0,7918310000
202200014982;5;2;2022;23:10;5;57;2;1;1;3;49,1951630000;6,6817960000
202200014983;14;3;2022;09:25;1;92;2;6;1;3;48,8407169559;2,2281646729
202200014984;24;12;2022;05:20;3;18;1;9;2;-1;46,8389050000;2,1060970000
202200014985;2;2;2022;16:30;1;79;2;1;1;3;46,3837750000; -0,2850490000
202200014986;23;12;2022;23:00;3;16;1;1;2;6;46,0059550000;0,0223560000
202200014987;25;5;2022;09:50;1;49;1;3;1;3;47,2567910000; -0,6878260000
202200014988;12;3;2022;08:45;1;974;2;3;1;3; -20,9776890000;55,3209040000
202200014989;5;2;2022;14:50;1;33;2;6;1;6;44,6903000000; -0,8589000000
202200014990;23;12;2022;17:30;3;17;2;1;2;7;45,9720530000; -1,2920100000
202200014991;16;3;2022;05:45;2;62;1;1;1;6;50,5384010000;2,2327750000
202200014992;23;12;2022;19:45;3;52;1;1;8;7;48,0397690000;5,2707450000
202200014993;5;2;2022;15:15;1;76;1;9;1;3;49,6296181487;1,3492074609
202200014994;12;5;2022;19:00;1;83;1;1;1;2;43,1948990503;6,0398840906
202200014995;5;2;2022;14:00;1;13;1;1;1;2;43,4400000000;5,2490000000
202200014996;16;3;2022;11:00;1;62;2;1;1;5;50,7300790000;1,6256490000
202200014997;24;12;2022;11:49;1;77;1;1;9;1;48,3987500000;2,9768470000
202200014998;28;5;2022;17:15;1;68;1;1;1;3;48,1376550000;7,0622130000
202200014999;4;2;2022;21:15;3;13;1;1;1;3;43,3579179734;5,3625932336
202200015000;16;3;2022;14:00;1;51;1;1;1;1;49,0239610000;3,9845450000
202200015001;24;12;2022;12:30;1;03;1;1;1;6;46,3759290000;2,6755680000
202200015002;12;3;2022;13:20;1;51;1;1;1;3;49,0125130000;4,5641430000
202200015003;29;5;2022;02:04;3;972;1;1;2;6;14,6089580000; -60,9279440000
202200015004;5;2;2022;21:40;5;69;1;1;1;2;45,7385000000;4,9043900000
202200015005;15;3;2022;12:45;1;56;1;1;1;6;48,0989240000; -3,0686280000
202200015006;22;12;2022;19:30;3;38;1;1;2;2;45,6127690000;5,2007170000
202200015007;15;3;2022;07:05;1;76;1;1;1;1;49,7045000000;0,8071520000
202200015008;23;12;2022;22:25;5;973;2;1;1;7;4,8915190000; -52,2746180000
202200015009;4;2;2022;18:00;4;69;1;1;1;4;45,6835100000;4,9618600000
202200015010;28;5;2022;20:45;1;11;2;1;1;1;43,1477370000;2,7293590000
202200015011;3;2;2022;21:40;5;69;2;1;1;7;45,7351500000;4,8191900000
202200015012;16;3;2022;19:00;2;79;1;1;2;1;46,7273160000; -0,6738570000
202200015013;24;12;2022;08:50;1;13;2;1;1;1;43,7254640000;4,7086130000
202200015014;14;3;2022;15:20;1;2B;1;1;2;7;42,2849770000;9,1640350000
202200015015;15;12;2022;08:50;1;73;1;1;1;2;45,5799710000;5,8055020000
202200015016;1;2;2022;17:55;3;67;1;1;1;4;48,5867700000;7,7160600000
202200015017;15;3;2022;08:00;1;80;1;1;1;2;50,1248700000;1,8021230000
202200015018;26;5;2022;20:10;1;26;1;1;7;2;44,6340320000;4,7920990000
202200015019;24;12;2022;06:00;2;988;2;1;1;1; -21,5134680000;165,9427360000
202200015020;15;3;2022;12:15;1;65;2;4;1;6;43,1649750000;0,0357060000
202200015021;4;2;2022;19:00;3;91;1;1;1;4;48,7128900000;2,1801100000
202200015022;24;12;2022;14:56;1;974;2;1;1;7; -21,2252720000;55,5678280000
202200015023;15;3;2022;12:15;1;49;1;9;1;1;47,5233670000; -0,1009480000
202200015024;4;2;2022;12:40;1;94;1;1;2;3;48,7602123240;2,3386485204
202200015025;28;5;2022;14:40;1;23;1;3;1;1;46,2077550000;2,0104630000
202200015026;10;3;2022;07:50;2;46;1;1;2;6;44,8267230000;1,4340740000
202200015027;24;12;2022;17:20;2;45;1;1;2;1;47,5944030239;2,4954110339
202200015028;26;5;2022;10:40;1;46;1;1;1;6;44,4191800000;1,4867110000
202200015029;16;3;2022;17:00;1;22;2;1;8;7;48,2409770000; -3,3146360000
202200015030;4;2;2022;21:40;3;78;1;1;1;4;48,7884810000;2,0682020000
202200015031;23;12;2022;18:20;4;66;1;1;1;2;42,7784880000;2,9064630000
202200015032;16;3;2022;10:25;1;02;1;6;1;3;49,3685270000;3,3635010000
202200015033;23;12;2022;18:00;2;05;1;1;5;6;44,2167320000;5,8680620000
202200015034;29;5;2022;10:40;1;52;1;1;1;2;47,7037620000;5,1871830000
202200015035;4;2;2022;20:00;5;92;1;1;1;1;48,7886364714;2,2215270650
202200015036;23;12;2022;22:15;3;67;1;1;2;7;48,8712460000;7,7205460000
202200015037;15;3;2022;11:20;1;01;2;1;8;2;45,7597700000;5,6882520000
202200015038;28;5;2022;22:20;3;12;1;1;1;3;44,4153600000;2,6350000000
202200015039;23;12;2022;16:00;1;55;1;1;3;6;48,7302090000;5,1034930000
202200015040;5;2;2022;13:05;1;93;1;1;1;4;48,9601700000;2,4675400000
202200015041;14;3;2022;18:30;3;58;1;1;1;6;46,9479630000;3,5006050000
202200015042;22;4;2022;10:00;1;86;2;9;1;6;46,4297990000;0,8786570000
202200015043;4;2;2022;20:45;3;92;1;1;1;2;48,9435929610;2,2873958945
202200015044;23;12;2022;08:00;2;57;2;6;1;3;49,2044240000;6,9562660000
202200015045;15;3;2022;17:25;1;06;2;3;1;1;43,6764600000;7,0184480000
202200015046;27;5;2022;13:55;1;74;1;1;1;6;45,9092710000;6,0846020000
202200015047;5;2;2022;00:30;3;93;1;1;1;6;48,9638400000;2,4739400000
202200015048;16;3;2022;11:15;1;07;1;1;6;6;44,9616250000;4,5501640000
202200015049;23;12;2022;19:30;5;73;2;1;3;3;45,6577160000;5,9088210000
202200015050;28;5;2022;15:50;1;41;1;1;1;6;47,7390770000;1,5243370000
202200015051;16;3;2022;09:05;1;53;2;2;8;7;48,0601200000; -0,5702110000
202200015052;5;2;2022;18:15;3;75;1;1;1;2;48,8193730000;2,4581050000
202200015053;24;11;2022;17:00;2;79;1;1;7;1;46,3707990000; -0,0849290000
202200015054;13;3;2022;18:45;1;53;1;1;1;3;47,9606600000; -0,5419890000
202200015055;23;12;2022;15:15;1;17;1;1;2;7;45,6989450000; -0,6634070000
202200015056;5;2;2022;03:20;3;94;1;1;1;7;48,7760900000;2,4287200000
202200015057;29;5;2022;17:30;1;42;1;1;1;1;45,4440240000;4,6081260000
202200015058;27;5;2022;06:00;1;30;1;1;1;6;44,0507380000;4,7517160000
202200015059;15;3;2022;17:40;1;37;2;2;1;3;47,4785027266;0,2659202367
202200015060;5;2;2022;01:30;3;77;1;1;1;5;48,8315526731;2,6773766725
202200015061;24;12;2022;10:20;1;64;1;1;1;5;43,1842939012; -0,5787375764
202200015062;15;3;2022;21:05;3;52;1;1;8;3;48,5928670000;5,0416890000
202200015063;28;5;2022;18:45;1;30;2;1;7;6;44,0114770000;4,4146560000
202200015064;3;2;2022;06:50;2;33;2;1;1;2;44,8656700000; -0,5743400000
202200015065;23;12;2022;18:40;5;80;2;1;2;3;50,1088650000;1,4960690000
202200015066;13;3;2022;14:20;1;22;1;1;1;2;48,4373010000; -2,8139380000
202200015067;28;5;2022;13:20;1;2B;1;3;1;2;42,2392100000;9,5456650000
202200015068;21;12;2022;13:10;1;13;1;1;1;2;43,3087460000;5,3665160000
202200015069;4;2;2022;13:00;1;974;2;2;2;3; -20,8755500000;55,4519200000
202200015070;16;3;2022;12:30;1;95;2;1;1;6;49,0928770000;2,5282180000
202200015071;4;2;2022;16:45;1;973;2;2;1;3;4,9329084081; -52,3332962394
202200015072;23;12;2022;19:55;5;33;1;1;2;2;44,8410000000; -0,5010000000
202200015073;29;5;2022;16:00;1;62;2;1;1;6;50,1576040000;2,4257010000
202200015074;16;3;2022;17:20;1;973;1;1;8;2;5,0407800000; -52,5108080000
202200015075;4;2;2022;07:50;2;973;1;1;1;2;4,9013000000; -52,3249900000
202200015076;23;12;2022;12:58;1;91;1;1;2;2;48,6221000000;2,2831200000
202200015077;16;3;2022;12:15;1;29;2;1;2;3;47,8662750000; -3,5610530000
202200015078;26;5;2022;17:50;1;77;1;1;1;7;48,7460090000;3,1240330000
202200015079;4;2;2022;08:30;1;973;2;1;1;1;4,9375800000; -52,2983400000
202200015080;16;3;2022;11:00;1;91;2;1;1;4;48,5910600000;2,2332610000
202200015081;23;12;2022;09:35;1;91;1;1;2;4;48,7522600000;2,2230000000
202200015082;16;3;2022;17:00;1;2B;1;1;1;1;42,5431010000;9,4549070000
202200015083;23;12;2022;08:40;3;93;1;1;2;6;48,9284698590;2,4132638547
202200015084;4;2;2022;19:30;5;69;2;1;1;1;45,7058200000;4,8781500000
202200015085;26;5;2022;18:40;1;34;1;1;1;6;43,6943920000;3,8994810000
202200015086;4;3;2022;08:15;1;66;1;1;1;2;42,5997456333;2,8569388390
202200015087;23;12;2022;12:00;1;77;1;1;1;2;48,8322600000;2,6660520000
202200015088;4;2;2022;20:50;5;69;2;1;1;3;45,7303900000;4,8328700000
202200015089;14;3;2022;08:00;1;30;1;1;2;3;44,0400180000;3,9875010000
202200015090;26;5;2022;22:40;3;74;1;1;1;2;46,3426760000;6,2920010000
202200015091;23;12;2022;08:50;1;77;1;1;2;3;48,9696730000;2,5984150000
202200015092;4;2;2022;14:50;1;69;2;1;1;6;45,7499162272;4,8586204648
202200015093;13;3;2022;10:30;1;84;2;1;8;6;44,2839160000;4,7508840000
202200015094;22;12;2022;21:35;3;94;1;1;2;6;48,7719567548;2,3956891381
202200015095;15;3;2022;19:55;5;68;2;3;2;7;47,6531060000;7,4560850000
202200015096;4;2;2022;11:00;1;69;2;2;1;1;45,7544600000;4,8500400000
202200015097;9;7;2022;17:50;1;13;1;1;1;6;43,3592250000;5,2740620000
202200015098;27;5;2022;11:15;1;83;1;1;7;1;43,4102000000;6,1824920000
202200015099;15;3;2022;19:00;3;03;1;1;1;2;46,3009100000;3,4210230000
202200015100;22;12;2022;01:15;5;75;2;4;2;6;48,8669420000;2,4132200000
202200015101;4;2;2022;08:50;1;972;1;1;1;4;14,6105000000; -61,0546400000
202200015102;16;3;2022;17:00;1;74;1;1;1;5;46,1455520000;6,2651250000
202200015103;21;12;2022;09:40;1;75;2;2;1;3;48,8749450000;2,2711300000
202200015104;3;2;2022;07:25;1;971;1;6;1;6;16,2240900000; -61,5264800000
202200015105;26;5;2022;20:15;2;57;1;1;1;3;49,3284780000;6,1818050000
202200015106;16;3;2022;07:10;1;69;2;6;1;7;46,0515260000;4,7221850000
202200015107;22;12;2022;18:20;5;75;2;2;2;6;48,8396966895;2,3366836900
202200015108;4;2;2022;17:04;1;2A;2;1;1;6;41,9307633741;8,7366376519
202200015109;29;5;2022;01:45;3;51;1;1;1;7;49,1170610000;4,1993090000
202200015110;15;3;2022;22:15;3;69;2;1;1;7;46,1053900000;4,7545700000
202200015111;4;2;2022;15:50;1;2A;2;1;1;6;41,9195300000;8,7369000000
202200015112;16;3;2022;15:15;1;64;1;1;1;6;43,2484070000; -0,3564280000
202200015113;22;12;2022;14:50;1;75;2;3;2;3;48,8888229661;2,3465688491
202200015114;28;5;2022;18:55;1;51;1;1;7;7;48,8287770000;3,8184300000
202200015115;3;2;2022;15:05;1;91;2;1;1;7;48,6171000000;2,3004000000
202200015116;22;12;2022;11:30;1;75;2;4;8;3;48,8837070000;2,3482860000
202200015117;15;3;2022;10:30;1;80;2;3;1;6;49,9087080000;2,5122110000
202200015118;9;5;2022;04:40;3;51;1;1;1;2;48,9043020000;4,3725050000
202200015119;15;3;2022;07:23;2;59;1;1;1;7;50,6809280000;2,3775110000
202200015120;4;2;2022;08:10;2;91;2;1;2;6;48,7302400000;2,2893300000
202200015121;28;5;2022;16:14;1;19;1;1;1;7;45,7163380000;2,1749500000
202200015122;22;12;2022;19:54;5;75;2;7;2;2;48,8631652004;2,2685671037
202200015123;15;3;2022;18:53;2;13;1;1;1;2;43,3345155594;5,3826210796
202200015124;4;2;2022;11:45;1;91;2;3;2;6;48,6900000000;2,5000000000
202200015125;28;5;2022;06:08;2;56;2;1;1;2;48,0312640000; -2,7903130000
202200015126;21;12;2022;07:10;5;75;2;7;8;3;48,8695652125;2,2851327464
202200015127;3;2;2022;12:20;1;91;2;2;1;3;48,6992300000;2,4868700000
202200015128;15;3;2022;07:56;1;13;1;1;1;5;43,3167612507;5,3643612350
202200015129;27;5;2022;00:45;4;56;1;1;1;7;47,6482310000; -2,7068370000
202200015130;4;2;2022;18:35;5;91;2;9;2;6;48,6920600000;2,3865800000
202200015131;22;12;2022;19:05;5;75;2;4;2;6;48,8502830000;2,2901520000
202200015132;15;3;2022;08:30;1;13;1;1;8;2;43,3887800000;5,3509400000
202200015133;4;2;2022;08:30;1;91;2;1;2;6;48,7048100000;2,3633000000
202200015134;28;5;2022;11:30;1;56;2;1;1;2;47,5211350000; -2,2998760000
202200015135;22;12;2022;12:05;1;75;2;1;2;3;48,8356190000;2,3335800000
202200015136;14;3;2022;15:45;1;13;1;1;1;3;43,3816400000;5,3151700000
202200015137;3;2;2022;07:05;5;86;2;1;1;1;46,5758200000;0,3817090000
202200015138;29;5;2022;11:45;1;74;2;1;1;2;45,9238890000;6,6915440000