Accident_Id;jour;mois;an;hrmn;lum;dep;agg;int;atm;col;lat;long
202200015469;23;12;2022;12:20;1;13;1;1;1;4;43,6043240000;5,1514720000
202200015470;4;2;2022;04:03;5;75;2;2;2;6;48,8493700000;2,3560410000
202200015471;8;9;2022;08:25;1;07;2;1;1;3;44,9380500000;4,8696100000
202200015472;8;9;2022;18:30;1;06;2;9;1;1;43,6944800000;7,2602300000
202200015473;4;2;2022;07:40;2;75;2;5;2;6;48,8504680000;2,3844500000
202200015474;23;12;2022;05:40;1;987;1;1;1;1; -17,7895960000; -149,2990490000
202200015475;7;8;2022;16:55;1;06;1;1;1;5;43,7147400000;7,3314300000
202200015476;4;2;2022;08:55;1;75;2;4;1;1;48,8329970000;2,2942390000
202200015477;8;9;2022;18:00;1;05;2;9;1;3;44,5677200000;6,0883500000
202200015478;23;12;2022;10:45;1;971;1;1;1;1;15,9391910000; -61,3352750000
202200015479;4;2;2022;13:00;1;75;2;2;1;2;48,8598970000;2,3439950000
202200015480;8;9;2022;21:10;5;04;2;1;1;6;44,0928700000;6,2350800000
202200015481;21;12;2022;03:30;4;971;2;1;1;7;16,2030790000; -61,6108240000
202200015482;2;9;2022;16:00;1;03;2;1;1;6;46,1376100000;3,4462700000
202200015483;4;2;2022;08:20;1;94;2;1;2;3;48,8082361314;2,4246611594
202200015484;23;12;2022;11:45;1;37;2;1;2;6;47,2089270000;0,1486690000
202200015485;7;9;2022;12:10;1;03;2;1;1;2;46,3418900000;2,5881100000
202200015486;22;12;2022;22:30;3;18;1;1;2;-1;46,9257810000;2,1664070000
202200015487;2;2;2022;17:20;2;94;2;3;1;3;48,7741700000;2,4597400000
202200015488;8;9;2022;17:53;1;01;2;2;1;3;46,2095800000;5,2275500000
202200015489;23;12;2022;13:20;1;77;1;1;8;1;49,0181140000;2,9491960000
202200015490;3;2;2022;22:25;5;94;2;3;1;3;48,8006970000;2,5422310000
202200015491;6;9;2022;11:50;1;75;2;1;1;4;48,8340100000;2,4095160000
202200015492;23;12;2022;04:10;3;77;1;9;2;1;48,7548420000;2,8587380000
202200015493;4;2;2022;15:10;1;93;2;9;1;3;48,9477718642;2,3798355460
202200015494;8;9;2022;20:25;5;75;2;3;1;3;48,8771210000;2,3741700000
202200015495;22;12;2022;17:45;3;2A;1;1;1;7;41,5941010000;9,2307930000
202200015496;3;2;2022;08:55;1;93;2;1;1;7;48,9322200000;2,3652200000
202200015497;21;12;2022;19:40;5;06;2;1;8;6;43,7419800000;7,1773280000
202200015498;8;9;2022;10:30;1;75;2;2;8;3;48,8796430000;2,2947090000
202200015499;8;9;2022;18:30;2;75;2;3;1;6;48,8599090000;2,2797550000
202200015500;4;2;2022;06:40;5;93;2;4;2;3;48,8478500000;2,5371700000
202200015501;8;9;2022;05:45;5;75;2;2;1;3;48,8380310000;2,2946850000
202200015502;4;2;2022;12:35;1;93;2;4;1;6;48,8655380972;2,5637465715
202200015503;7;9;2022;22:40;5;75;2;3;2;6;48,8485290000;2,2828860000
202200015504;22;12;2022;15:25;1;21;1;1;8;2;47,1733930000;5,2936510000
202200015505;8;9;2022;19:25;1;75;2;3;1;7;48,8418780000;2,3226280000
202200015506;4;2;2022;13:37;1;93;2;1;1;3;48,8658000000;2,4262400000
202200015507;7;9;2022;17:15;1;75;2;2;8;7;48,8367620000;2,3207530000
202200015508;22;12;2022;22:15;3;68;1;2;2;7;47,9422000000;7,2829480000
202200015509;4;2;2022;18:30;5;93;2;2;8;6;48,9526600000;2,4966800000
202200015510;8;9;2022;17:47;1;75;2;2;1;3;48,8261820000;2,3572730000
202200015511;22;12;2022;16:05;1;42;2;6;2;3;45,6066540000;4,0557310000
202200015512;4;2;2022;17:15;1;92;2;9;1;3;48,9351880000;2,3292350000
202200015513;22;12;2022;20:00;3;38;1;1;2;1;45,3212360000;4,8771730000
202200015514;3;2;2022;23:27;5;92;2;1;1;6;48,8142869855;2,3031855225
202200015515;8;9;2022;17:00;1;75;2;2;1;3;48,8558116699;2,3685032129
202200015516;4;2;2022;14:10;1;92;2;1;1;6;48,8105231644;2,2819429636
202200015517;22;12;2022;18:25;5;38;2;1;3;1;45,5671980000;5,4387880000
202200015518;8;9;2022;09:10;1;75;2;2;1;6;48,8785350000;2,3540580000
202200015519;4;2;2022;19:29;5;92;2;6;1;2;48,8175294756;2,2487681955
202200015520;21;12;2022;18:30;3;85;1;1;2;3;46,9819940000; -1,1117600000
202200015521;8;9;2022;19:08;1;75;2;2;1;3;48,8692770000;2,3092010000
202200015522;4;2;2022;20:40;5;92;2;1;1;3;48,8988417571;2,2938514352
202200015523;23;12;2022;18:40;5;44;2;1;1;3;47,2126740000; -1,7149940000
202200015524;8;9;2022;07:31;1;75;2;2;8;3;48,8705190000;2,3052890000
202200015525;22;12;2022;18:00;5;80;2;1;2;1;49,6457700000;2,5727960000
202200015526;4;2;2022;14:20;1;92;2;1;1;6;48,8171644603;2,2549712062
202200015527;8;9;2022;14:45;1;75;2;2;8;6;48,8548240000;2,3291910000
202200015528;23;12;2022;15:30;1;62;2;1;1;6;50,4335470000;2,5600130000
202200015529;3;2;2022;10:55;1;92;2;3;1;2;48,9377226999;2,2767979503
202200015530;22;12;2022;17:45;5;59;2;9;2;3;50,1274980000;3,4243010000
202200015531;7;9;2022;18:15;1;94;2;2;2;3;48,7860100000;2,4952400000
202200015532;2;2;2022;13:35;1;92;2;2;1;3;48,9284340000;2,2595720000
202200015533;16;12;2022;19:30;3;13;1;1;1;3;43,4031900000;5,3571100000
202200015534;8;9;2022;16:00;1;94;2;2;2;2;48,8148000000;2,4633900000
202200015535;4;2;2022;17:20;1;92;2;1;1;2;48,7811467722;2,2411736548
202200015536;7;9;2022;22:05;5;94;2;3;2;3;48,8044000000;2,4434300000
202200015537;4;2;2022;18:10;5;92;2;3;2;6;48,7928378667;2,3065562546
202200015538;17;12;2022;15:15;1;13;1;1;1;5;43,4154500000;5,3649800000
202200015539;7;9;2022;13:20;1;94;2;1;1;2;48,8273200000;2,5128000000
202200015540;3;2;2022;18:30;1;92;2;1;1;2;48,9105259472;2,2990761101
202200015541;18;12;2022;15:50;1;13;1;1;1;2;43,2946082001;5,4242652654
202200015542;8;9;2022;16:30;1;93;2;1;1;6;48,9504996421;2,3927049876
202200015543;22;12;2022;18:22;5;94;1;1;2;2;48,7580352906;2,3269085883
202200015544;4;2;2022;21:00;3;37;1;1;1;5;47,4833040000;0,7672240000
202200015545;8;9;2022;08:25;1;93;2;2;1;1;48,9084300000;2,3326300000
202200015546;22;12;2022;18:40;5;92;1;1;2;3;48,9088704627;2,2144268065
202200015547;4;2;2022;17:22;1;01;2;2;1;3;45,8880350000;5,1545810000
202200015548;8;9;2022;02:40;4;93;2;2;1;1;48,9331600000;2,4242300000
202200015549;4;2;2022;17:25;1;22;1;1;1;7;48,5541200000; -2,9176090000
202200015550;21;12;2022;11:08;1;92;1;1;2;3;48,8233194056;2,2222341789
202200015551;4;2;2022;15:35;1;43;2;1;1;6;45,4064670000;3,3212150000
202200015552;6;9;2022;19:55;1;93;2;2;1;3;48,9384000000;2,4687500000
202200015553;8;9;2022;18:50;1;92;2;1;1;6;48,8993058446;2,2364006638
202200015554;22;12;2022;19:40;3;93;1;1;2;2;48,8775820000;2,4773200000
202200015555;4;2;2022;23:30;3;972;1;1;1;7;14,7209510000; -61,0205390000
202200015556;7;9;2022;21:10;5;92;2;1;2;6;48,9241280000;2,2496350000
202200015557;22;12;2022;16:25;1;95;1;1;2;3;48,9911920000;2,1926800000
202200015558;4;2;2022;19:45;3;26;1;1;1;3;44,4875200000;4,7672300000
202200015559;22;12;2022;04:45;3;94;1;1;1;6;48,7573897525;2,4765319865
202200015560;5;2;2022;16:45;1;35;1;1;1;7;48,0707210000; -1,1203960000
202200015561;7;9;2022;11:50;1;92;2;2;1;3;48,9104430000;2,2347230000
202200015562;4;2;2022;19:20;3;22;1;1;1;6;48,4984469609; -2,0402280689
202200015563;21;12;2022;23:22;3;94;1;1;2;6;48,8285410714;2,4757609509
202200015564;7;9;2022;23:10;5;92;2;1;2;2;48,8985430602;2,3073863983
202200015565;5;2;2022;21:55;5;974;2;1;1;6; -21,2156450000;55,4531300000
202200015566;20;12;2022;11:30;1;77;2;1;2;6;48,7067800000;2,5845000000
202200015567;4;2;2022;16:30;1;83;1;1;1;6;43,2060260000;6,0292430000
202200015568;7;9;2022;14:35;1;92;2;2;2;3;48,9044930342;2,3037144542
202200015569;20;12;2022;18:40;5;33;2;1;2;3;44,8281300000; -0,5525000000
202200015570;4;2;2022;18:30;3;24;1;1;2;6;45,1435170000;0,5871250000
202200015571;7;9;2022;17:05;1;92;2;1;2;2;48,9135908261;2,2837282419
202200015572;19;12;2022;01:25;3;63;1;1;1;6;45,8591181589;3,1352287531
202200015573;5;2;2022;02:04;5;51;2;6;1;7;48,9068010000;4,0163830000
202200015574;9;9;2022;06:00;5;06;2;1;1;1;43,6386140000;7,1370540000
202200015575;2;2;2022;13:05;1;74;1;1;1;7;45,8788200000;6,0232110000
202200015576;18;12;2022;07:35;5;92;2;2;1;3;48,9351300000;2,3288100000
202200015577;17;12;2022;10:00;1;55;2;1;1;6;48,7721389223;5,1676270678
202200015578;8;9;2022;20:00;2;41;1;1;1;2;47,6102680000;1,2595220000
202200015579;4;2;2022;14:28;1;71;2;3;8;3;46,9459450000;4,3957540000
202200015580;17;12;2022;16:00;1;42;2;1;1;6;45,4009400000;4,3554600000
202200015581;5;2;2022;14:45;1;89;2;1;1;6;47,7256490000;3,9578890000
202200015582;8;9;2022;18:30;1;31;2;1;1;6;43,5514390000;1,4698980000
202200015583;17;12;2022;19:45;5;01;2;3;5;3;46,2130160000;5,2182920000
202200015584;5;2;2022;16:45;1;61;1;1;1;6;48,6217540000; -0,5765250000
202200015585;15;12;2022;20:45;5;73;2;4;2;6;45,5700485224;5,9159065693
202200015586;4;9;2022;10:25;1;68;1;1;1;1;48,1230030000;7,1040990000
202200015587;4;2;2022;19:30;3;49;1;1;1;2;47,6969100000; -0,9175730000
202200015588;5;9;2022;21:45;5;27;2;1;1;7;48,8637440000;1,4058210000
202200015589;5;2;2022;11:30;1;49;1;1;1;7;47,2944150895;0,0600600243
202200015590;15;12;2022;17:35;5;02;2;8;8;6;49,6547500000;3,2955500000
202200015591;9;9;2022;13:30;1;14;1;1;2;7;49,0188230202; -0,6548409463
202200015592;5;2;2022;17:30;2;49;1;1;7;6;47,2686740000; -1,0151030000
202200015593;19;9;2022;14:10;1;14;2;4;1;1;49,1142600000; -0,8285450000
202200015594;5;2;2022;10:00;1;35;1;1;1;6;48,1273210000; -1,3292260000
202200015595;8;9;2022;15:00;1;30;1;1;1;6;43,9500300000;4,7055600000
202200015596;13;9;2022;18:30;1;14;1;1;1;7;49,2211010000; -0,5837770000
202200015597;4;2;2022;08:27;1;35;1;1;1;1;48,1462100000; -2,0996170000
202200015598;8;9;2022;17:35;1;19;1;1;1;5;45,0716110000;1,6139820000
202200015599;17;7;2022;10:15;1;14;1;2;1;1;49,2813280000; -0,5232870000
202200015600;3;2;2022;17:30;2;38;1;1;1;1;45,3657070000;5,2640390000
202200015601;8;9;2022;07:45;1;95;1;1;1;5;49,0013480000;2,4856510000
202200015602;4;2;2022;14:39;1;01;1;4;1;3;45,7202132016;5,5404835939
202200015603;31;7;2022;19:20;1;41;1;1;1;3;47,5947600000;1,3529500000
202200015604;7;9;2022;12:40;1;74;2;6;1;3;45,8357470000;5,9553630000
202200015605;4;2;2022;16:35;1;72;1;1;1;7;48,2134530000;0,4327910000
202200015606;4;2;2022;18:00;2;50;1;1;1;1;49,5800970000; -1,5399960000
202200015607;18;9;2022;18:17;1;56;1;2;7;3;47,8172900000; -3,4875150000
202200015608;9;9;2022;16:40;1;80;1;2;1;5;49,8731760000;2,6856420000
202200015609;6;1;2022;20:30;5;90;2;1;1;1;47,6908360000;6,8358620000
202200015610;9;9;2022;15:45;1;55;2;1;2;6;49,0381740000;5,6583880000
202200015611;30;9;2022;17:30;1;56;1;2;2;3;47,8176670000; -2,7925970000
202200015612;7;9;2022;22:47;3;49;1;1;2;2;47,6818570000; -0,7092040000
202200015613;5;2;2022;03:00;5;60;1;1;1;1;49,5589145076;1,9751948118
202200015614;5;7;2022;18:25;1;22;1;4;1;3;48,4180390082; -2,0331117511
202200015615;9;9;2022;17:05;1;41;1;1;1;6;47,5885320000;2,0405920000
202200015616;4;2;2022;18:30;3;10;1;1;8;2;48,5278000000;3,7332400000
202200015617;17;12;2022;20:16;5;988;2;1;1;6; -22,2423100000;166,4469600000
202200015618;7;9;2022;14:00;1;34;1;1;1;3;43,3743230000;3,5336520000
202200015619;5;2;2022;12:25;1;53;2;1;1;6;47,8470140000; -0,9505370000
202200015620;21;12;2022;06:45;1;974;2;1;1;2; -21,3037600000;55,4604700000
202200015621;9;9;2022;05:40;3;68;1;1;2;7;47,5483200000;7,4314890000
202200015622;5;2;2022;12:16;1;04;1;5;7;1;43,9065500000;5,7853590000
202200015623;19;12;2022;13:20;1;974;1;1;1;1; -21,3043400000;55,4591800000
202200015624;9;9;2022;13:50;1;44;1;1;1;7;46,9103030000; -1,5677300000
202200015625;5;2;2022;03:45;3;27;1;1;8;6;49,1481310000;0,9344920000
202200015626;17;12;2022;16:55;1;974;2;1;1;3; -21,2873000000;55,4724000000
202200015627;8;9;2022;16:15;1;44;1;1;1;3;47,6366950000; -1,4385440000
202200015628;20;12;2022;08:15;1;974;2;1;1;2; -20,8899500000;55,4643100000
202200015629;4;2;2022;20:15;5;28;2;1;1;7;48,1826150000;1,3872880000
202200015630;8;9;2022;16:30;1;29;1;2;2;3;47,9186180000; -3,8158120000
202200015631;4;2;2022;19:25;1;30;2;1;1;6;43,7978710000;4,2542950000
202200015632;19;12;2022;07:50;1;974;1;1;1;2; -20,8957600000;55,3770000000
202200015633;9;9;2022;16:51;1;29;1;1;1;1;47,9083432800; -3,8608355300
202200015634;18;12;2022;08:15;1;974;2;1;1;6; -20,8765000000;55,4415500000
202200015635;5;2;2022;07:10;4;69;1;1;1;2;45,8722020000;4,5086430000
202200015636;8;9;2022;22:09;3;03;1;1;1;6;46,6026780000;3,1839110000
202200015637;5;2;2022;09:30;1;02;1;1;1;3;49,0354340000;3,1853700000
202200015638;8;9;2022;17:50;1;01;1;2;1;2;46,2798140000;5,1642880000
202200015639;17;12;2022;09:34;1;974;1;9;1;5; -20,8883300000;55,4455100000
202200015640;5;2;2022;04:00;3;83;1;1;1;2;43,4183592892;6,0357470511
202200015641;8;9;2022;23:30;3;26;2;1;1;6;44,5218460000;5,0669210000
202200015642;20;12;2022;21:00;5;974;2;1;1;2; -20,9419300000;55,6475300000
202200015643;5;2;2022;19:20;5;988;2;1;2;6; -21,0621300000;164,8628620000
202200015644;7;9;2022;09:20;1;72;1;1;1;7;48,3835753556;0,0883662698
202200015645;5;2;2022;11:30;1;976;1;1;1;3; -12,8237060000;45,1949210000
202200015646;19;12;2022;20:00;5;974;2;2;1;3; -20,9405900000;55,2954300000
202200015647;8;9;2022;16:15;1;14;2;9;7;3;49,1240826280; -0,3239893913
202200015648;4;2;2022;18:45;3;971;2;9;1;1;16,0375630000; -61,5892010000
202200015649;19;12;2022;23:40;5;973;2;1;1;7;4,9302561706; -52,3196491599
202200015650;4;2;2022;13:35;1;77;1;2;1;3;49,0330920000;2,8965260000
202200015651;9;9;2022;16:50;1;14;1;3;1;1;49,2525543701;0,2099590492
202200015652;19;12;2022;14:00;1;973;2;1;2;6;4,9366362203; -52,3340432346
202200015653;5;2;2022;16:45;1;66;2;1;1;6;42,6412040000;2,9079330000
202200015654;23;9;2022;15:20;1;50;1;1;2;1;48,8610660000; -1,3859000000
202200015655;19;12;2022;09:30;1;973;1;6;2;3;4,9078085981; -52,3225057125
202200015656;4;2;2022;19:40;3;83;2;1;1;2;43,4592661787;6,6676282883
202200015657;8;9;2022;20:35;3;60;2;1;3;7;49,5006040000;2,9764040000
202200015658;4;2;2022;19:55;3;83;1;1;1;6;43,4675130000;6,6087060000
202200015659;18;12;2022;20:30;5;973;2;1;1;3;4,9403400000; -52,3018400000
202200015660;4;2;2022;19:20;2;13;1;1;1;3;43,2212910000;5,5800030000
202200015661;6;9;2022;17:33;1;64;2;4;1;1;43,3388430000; -1,5504240000
202200015662;16;12;2022;13:20;1;973;2;3;1;3;4,9192462653; -52,3175945878
202200015663;5;2;2022;08:45;1;52;2;1;9;6;48,0246670000;5,3359170000
202200015664;7;9;2022;17:30;1;36;1;1;8;6;46,7247660530;1,3216745853
202200015665;21;12;2022;18:10;5;69;2;1;1;5;45,7604000000;4,8444600000
202200015666;5;2;2022;15:45;1;67;1;3;1;3;48,9273000000;7,9004570000
202200015667;7;9;2022;19:50;2;21;2;1;8;1;47,2976110000;5,4060690000
202200015668;20;12;2022;19:30;5;69;2;1;1;3;45,7727000000;4,8571200000
202200015669;8;9;2022;23:00;3;85;2;1;1;6;46,3315500000; -1,3273920000
202200015670;4;2;2022;14:20;1;67;1;6;1;6;48,4120340000;7,6536890000
202200015671;20;12;2022;18:00;5;69;2;2;1;3;45,7691809838;4,8489797116
202200015672;2;9;2022;08:00;1;85;2;4;7;2;46,8357896000; -1,8546637100
202200015673;7;9;2022;21:15;3;37;1;1;2;2;47,4741130000;0,7570370000
202200015674;5;2;2022;19:45;4;74;1;1;1;2;46,2348270000;6,3176640000
202200015675;19;12;2022;20:29;5;69;2;3;1;6;45,7615100000;4,8698700000
202200015676;1;9;2022;20:30;5;88;2;1;1;1;47,9668750000;6,4641770000
202200015677;1;9;2022;11:10;1;06;2;1;1;3;43,5893200000;6,9777130000
202200015678;19;12;2022;16:30;2;69;2;3;1;3;45,7532887893;4,8561635613
202200015679;9;9;2022;13:55;1;38;1;1;1;7;45,0696410000;5,8704010000
202200015680;1;9;2022;01:40;5;987;1;1;1;3; -16,4987850000; -151,7000590000
202200015681;8;9;2022;07:05;1;973;2;1;1;3;5,0112180000; -52,4703060000
202200015682;8;9;2022;23:00;3;971;1;1;1;1;16,3413080000; -61,7173290000
202200015683;9;9;2022;07:20;2;28;1;1;8;1;48,8376620000;1,4232770000
202200015684;8;9;2022;18:37;1;77;2;3;1;6;49,0500760000;2,7716020000
202200015685;5;9;2022;11:35;1;77;2;1;1;1;49,0717360000;3,0205360000
202200015686;8;9;2022;17:00;1;77;1;3;8;2;48,9258270000;3,0015420000
202200015687;8;9;2022;17:10;1;66;1;2;1;1;42,6483380000;2,8903160000
202200015688;9;9;2022;15:08;1;84;1;1;1;1;43,8816240000;5,0397420000
202200015689;9;9;2022;06:54;2;06;1;1;1;3;43,9319920000;7,1751880000
202200015690;8;9;2022;15:44;1;13;1;1;1;1;43,4649240000;5,7146880000
202200015691;8;9;2022;08:10;1;13;2;1;1;6;43,4264480000;5,3881390000
202200015692;6;9;2022;16:30;1;42;2;1;3;6;45,6092340000;4,0573020000
202200015693;8;9;2022;11:15;1;38;2;1;1;2;45,3824770000;4,7988050000
202200015694;9;9;2022;13:05;1;38;1;1;1;1;45,6632240000;5,3268030000
202200015695;8;9;2022;15:20;1;69;1;1;1;2;46,0290460000;4,6494050000
202200015696;6;9;2022;19:35;1;17;1;1;1;6;46,1661190000; -1,2525170000
202200015697;6;8;2022;15:05;1;14;2;2;1;3;49,2958481584; -0,2974194288
202200015698;9;9;2022;15:40;1;22;1;1;1;1;48,7779410000; -3,5271690000
202200015699;9;9;2022;01:00;3;60;1;1;1;7;49,0851335732;2,7642650306
202200015700;8;9;2022;19:20;2;59;2;1;2;6;50,0207830000;3,1960770000
202200015701;9;9;2022;02:30;3;59;1;1;1;6;50,5565496434;3,2101696730
202200015702;7;9;2022;15:00;1;83;2;9;1;2;43,1273125598;5,9176687002
202200015703;6;9;2022;08:30;1;33;1;1;1;2;44,7150040000; -0,5181770000
202200015704;8;9;2022;16:40;1;92;1;1;1;7;48,7663930838;2,2446641971
202200015705;7;9;2022;14:45;1;91;1;1;2;3;48,6106500000;2,4449500000
202200015706;8;9;2022;19:00;1;78;1;1;1;2;48,7925670000;2,0541850000
202200015707;8;9;2022;19:00;1;93;1;1;1;3;48,9209477807;2,3716716074
202200015708;8;9;2022;16:30;1;93;1;9;1;2;48,9237309191;2,3569409743
202200015709;8;9;2022;13:00;1;93;1;1;1;2;48,9090000000;2,3586800000
202200015710;8;9;2022;21:05;3;77;1;1;1;2;48,8306220000;2,6931690000
202200015711;7;9;2022;08:15;1;77;1;1;1;5;48,9113880000;2,6360390000
202200015712;7;9;2022;07:15;2;77;1;1;1;6;48,8204760000;2,6158640000
202200015713;6;9;2022;15:00;1;83;2;1;1;6;43,1082000000;5,8794800000
202200015714;6;9;2022;14:20;1;66;1;6;1;6;42,7267419460;2,9005622864
202200015715;5;9;2022;18:00;2;987;2;1;1;3; -17,5340930000; -149,5616830000
202200015716;7;9;2022;10:00;1;974;1;9;1;4; -21,3297700000;55,4536700000
202200015717;7;9;2022;13:40;1;974;1;1;1;7; -20,8949300000;55,4817500000
202200015718;7;9;2022;00:45;4;973;2;1;1;6;4,9327200000; -52,2904900000
202200015719;7;9;2022;13:35;1;69;2;4;1;6;45,7417348039;4,8603187502
202200015720;7;9;2022;17:00;1;972;1;1;1;5;14,6178800000; -61,0262900000
202200015721;7;9;2022;09:27;1;972;2;9;1;7;14,6213900000; -61,0064800000
202200015722;8;9;2022;00:20;5;69;2;3;9;6;45,7764200000;4,7966300000
202200015723;6;9;2022;19:05;5;971;2;3;1;6;16,0518572396; -61,5649312735
202200015724;7;9;2022;10:25;1;2A;2;2;1;2;41,9261000000;8,7286700000
202200015725;7;9;2022;20:20;3;95;2;1;8;3;49,0156000000;2,4699400000
202200015726;7;9;2022;19:30;2;95;2;1;2;6;49,0078802297;2,3140007257
202200015727;7;9;2022;17:10;1;91;2;1;2;2;48,7185600000;2,4886800000
202200015728;6;9;2022;20:05;5;91;1;1;1;6;48,6833440000;2,4906040000
202200015729;7;9;2022;19:50;2;91;2;2;3;3;48,7104900000;2,3885100000
202200015730;7;9;2022;18:09;1;91;2;1;2;6;48,6940700000;2,3712000000
202200015731;6;9;2022;17:26;1;87;2;3;2;3;45,8267300000;1,2914400000
202200015732;24;4;2022;14:15;1;94;2;3;1;3;48,8183300000;2,3953600000
202200015733;6;9;2022;12:00;1;85;2;3;2;3;46,4666200000; -1,7314800000
202200015734;24;4;2022;21:10;5;93;2;1;1;6;48,9471500000;2,5329400000
202200015735;7;9;2022;06:45;2;83;2;7;1;6;43,1241500000;5,9361200000
202200015736;5;9;2022;08:20;1;83;2;1;1;6;43,5325470000;6,4674110000
202200015737;24;4;2022;21:00;5;93;2;2;1;1;48,8830600000;2,4918300000
202200015738;5;9;2022;12:02;1;83;2;9;1;1;43,5313440000;6,4495570000
202200015739;5;9;2022;16:20;1;72;2;1;1;2;47,9972900000;0,2170800000
202200015740;23;4;2022;22:30;5;93;2;1;1;3;48,9320100000;2,3918300000
202200015741;5;9;2022;13:15;1;72;2;1;1;3;48,0249166137;0,1789140699
202200015742;24;4;2022;22:20;5;93;2;3;1;3;48,9082300000;2,5048500000
202200015743;5;9;2022;08:50;1;72;1;9;2;6;48,0208700000;0,1694200000
202200015744;4;9;2022;19:20;1;71;2;6;1;6;46,7908900000;4,8620400000
202200015745;24;4;2022;07:00;2;93;2;1;1;6;48,9030000000;2,4455310000
202200015746;7;9;2022;08:05;1;69;2;1;1;7;46,0033900000;4,6859600000
202200015747;24;4;2022;01:20;5;93;2;2;1;3;48,8984400000;2,4422200000
202200015748;7;9;2022;11:20;1;69;1;2;1;3;45,7432400000;4,9373200000
202200015749;24;4;2022;17:20;1;93;2;6;1;2;48,9544510000;2,5093390000
202200015750;24;4;2022;20:10;1;92;2;1;1;7;48,9099537239;2,3100307882
202200015751;24;4;2022;15:25;1;92;2;2;1;2;48,9008272350;2,3158409893
202200015752;26;4;2022;00:00;3;54;1;1;5;6;48,7636574453;6,4085483551
202200015753;26;4;2022;14:55;1;07;1;1;1;3;44,4943320000;4,6802720000
202200015754;26;4;2022;03:30;3;71;1;1;8;6;46,2610060000;4,7927690000
202200015755;26;4;2022;08:25;1;35;1;9;1;1;48,4006002377; -1,7266851515
202200015756;25;4;2022;07:20;2;86;1;3;1;6;46,6506440000;0,8710960000
202200015757;25;4;2022;17:55;1;21;1;1;2;6;47,3368614357;4,4722656906
202200015758;23;4;2022;15:45;1;41;1;1;1;6;47,7590890000;1,1583390000
202200015759;26;4;2022;11:45;1;62;1;1;1;6;50,1402000000;2,8989470000
202200015760;20;4;2022;15:00;1;51;1;1;1;7;48,8430280000;4,0777950000
202200015761;26;4;2022;16:15;1;19;1;1;1;5;45,2168460000;1,4366630000
202200015762;25;4;2022;15:50;1;56;1;1;1;6;48,0050160000; -3,5425700000
202200015763;25;4;2022;19:55;2;65;1;3;1;3;43,3011810000;0,2181950000
202200015764;24;4;2022;05:40;5;71;2;1;1;3;46,6670270000;5,3851630000
202200015765;15;4;2022;14:30;1;42;2;3;1;3;45,4850000000;4,3792160000
202200015766;26;4;2022;12:11;1;34;1;2;1;5;43,4976820000;3,3283530000
202200015767;23;4;2022;11:50;1;22;1;1;1;7;48,3537500000; -3,2168700000
202200015768;26;4;2022;18:00;1;39;2;1;1;6;46,3906170000;5,8640280000
202200015769;25;4;2022;16:15;1;35;1;1;1;3;48,6580660000; -1,9020940000
202200015770;25;4;2022;17:15;1;29;1;1;1;6;48,6347380000; -3,7768720000
202200015771;26;4;2022;08:30;1;14;1;1;7;1;48,9726120000; -0,0937160000
202200015772;26;4;2022;19:25;1;14;1;3;7;3;49,2761310000; -0,0132910000
202200015773;25;4;2022;14:45;1;54;1;1;1;6;49,5053100000;5,7892200000
202200015774;25;4;2022;17:40;1;53;1;3;1;2;48,1467400000; -0,8873070000
202200015775;15;2;2022;02:00;5;35;2;1;8;6;48,1043605933; -1,6639612914
202200015776;26;4;2022;07:45;1;53;1;1;7;2;48,1027550000; -0,3790190000
202200015777;16;4;2022;09:55;1;17;2;2;7;6;46,1682500000; -1,1321600000
202200015778;9;2;2022;08:05;1;17;2;1;1;6;46,1562000000; -1,1310800000
202200015779;26;4;2022;13:25;1;21;1;3;1;1;46,9283282897;4,7420265153
202200015780;9;2;2022;08:06;1;17;2;3;1;3;46,1731610000; -1,1258530000
202200015781;4;2;2022;21:55;5;17;2;1;1;3;46,1690900000; -1,1498000000
202200015782;25;4;2022;10:20;1;04;1;3;1;1;43,8962220000;6,1287620000
202200015783;16;4;2022;21:50;5;02;2;7;1;3;49,3819800000;3,3216300000
202200015784;22;4;2022;21:15;3;87;1;1;1;6;45,7261880000;1,3438890000
202200015785;27;6;2022;16:15;1;988;2;2;1;6; -22,2745500000;166,4438400000
202200015786;25;4;2022;15:10;1;30;1;1;1;7;44,0923940000;3,5620590000
202200015787;27;6;2022;06:30;2;974;1;2;1;1; -21,3211500000;55,4829500000
202200015788;16;2;2022;12:42;1;67;1;1;1;7;48,5330930000;7,6916370000
202200015789;27;6;2022;09:45;1;974;2;2;7;6; -20,8780700000;55,4457500000
202200015790;27;6;2022;11:50;1;973;2;3;1;3;4,9175300000; -52,3129500000
202200015791;27;6;2022;15:10;1;69;2;2;1;6;45,7722400000;4,8054300000
202200015792;25;4;2022;17:15;1;18;1;1;1;6;47,1082270000;2,2986420000
202200015793;24;6;2022;17:55;1;971;1;1;1;3;16,2117400000; -61,4744700000
202200015794;25;4;2022;16:45;1;89;1;9;3;6;47,5484770000;3,9658150000
202200015795;27;6;2022;10:05;1;91;2;2;1;3;48,6823340000;2,3434910000
202200015796;25;4;2022;14:29;1;89;1;1;1;3;47,6612450000;3,8797760000
202200015797;25;6;2022;00:26;5;87;2;2;1;3;45,8351900000;1,2605000000
202200015798;24;6;2022;17:26;1;87;2;3;1;3;45,8336500000;1,2290000000