Accident_Id;jour;mois;an;hrmn;lum;dep;agg;int;atm;col;lat;long
202200015799;26;4;2022;17:35;1;55;2;3;1;6;48,7598530000;5,5893480000
202200015800;25;4;2022;18:40;3;988;1;1;1;7; -22,2497250000;166,6088250000
202200015801;27;6;2022;09:30;1;78;2;9;1;6;48,9424770000;2,0281140000
202200015802;10;4;2022;17:50;1;66;1;1;1;1;42,6793910000;2,7517750000
202200015803;27;6;2022;09:00;1;76;2;3;1;3;49,4278500000;1,0633000000
202200015804;25;4;2022;17:45;1;83;1;1;7;1;43,4790050000;6,6653650000
202200015805;25;6;2022;06:31;1;76;2;2;1;6;49,4948800000;0,1060200000
202200015806;25;6;2022;07:15;1;76;2;3;1;6;49,5363900000;0,1432200000
202200015807;26;4;2022;14:01;1;06;1;4;1;2;43,7935430000;7,3290960000
202200015808;26;4;2022;07:50;1;61;2;6;1;7;48,4141980000; -0,0370470000
202200015809;26;4;2022;09:25;1;50;2;6;1;2;49,3105120000; -1,2620170000
202200015810;27;6;2022;06:30;1;74;2;1;1;3;45,8979700000;6,1306900000
202200015811;25;4;2022;22:55;3;60;1;1;1;1;49,2162100000;1,8827180000
202200015812;25;6;2022;17:04;1;72;2;3;1;3;48,0288151679;0,1737749574
202200015813;27;6;2022;23:00;5;69;2;1;1;6;45,7488093897;4,9273802529
202200015814;24;4;2022;15:00;1;13;1;1;1;5;43,3257100000;5,3784800000
202200015815;27;6;2022;18:30;1;69;2;9;1;4;45,8228800000;4,9098700000
202200015816;23;4;2022;19:15;1;13;1;1;3;1;43,3989110000;5,2938340000
202200015817;27;6;2022;19:00;1;69;2;2;1;1;45,7710000000;4,8682200000
202200015818;23;4;2022;17:20;1;13;1;1;2;2;43,4051900000;5,3602100000
202200015819;26;6;2022;02:45;5;67;2;3;1;3;48,5559200000;7,7519000000
202200015820;25;6;2022;21:20;1;67;2;1;1;6;48,5998200000;7,7411200000
202200015821;23;4;2022;02:40;3;13;1;1;8;1;43,3871000000;5,3508400000
202200015822;25;6;2022;16:00;1;67;2;1;1;6;48,5878154144;7,7016936243
202200015823;22;4;2022;18:00;1;67;1;1;1;2;48,5861800000;7,7195700000
202200015824;11;6;2022;19:45;1;67;2;3;1;3;48,6090800000;7,7462000000
202200015825;24;4;2022;16:40;1;91;1;1;1;2;48,7437500000;2,1898800000
202200015826;25;4;2022;00:45;3;95;1;1;1;2;48,9896705372;2,1990466118
202200015827;24;6;2022;18:35;1;66;2;1;1;3;42,7067200000;2,9001700000
202200015828;22;4;2022;19:30;1;95;1;1;1;3;48,9614735641;2,2682690620
202200015829;22;4;2022;20:35;5;974;2;1;1;3; -21,3435000000;55,4739500000
202200015830;27;6;2022;10:30;1;65;2;2;2;3;43,2242000000;0,0683900000
202200015831;26;6;2022;21:35;1;64;2;6;2;7;43,4944700000; -1,5183000000
202200015832;23;4;2022;20:20;3;974;2;1;1;3; -20,9553100000;55,3118100000
202200015833;29;4;2022;22:45;5;63;2;1;1;6;45,7900400000;3,0908600000
202200015834;27;6;2022;05:40;1;61;2;9;1;7;48,4200580000;0,0895440000
202200015835;22;4;2022;14:15;1;974;2;9;1;3; -20,9530000000;55,3160000000
202200015836;27;6;2022;13:15;1;60;2;2;1;3;49,4300600000;2,1050400000
202200015837;23;4;2022;20:45;5;973;2;3;1;3;4,9418805084; -52,3300708830
202200015838;27;6;2022;22:40;5;59;1;9;1;6;50,7595900000;3,1338900000
202200015839;23;4;2022;14:30;1;69;2;2;1;6;45,7530300000;4,8451500000
202200015840;11;6;2022;12:05;1;59;2;3;7;2;50,7071300000;3,1027780000
202200015841;23;4;2022;10:45;1;69;2;3;1;6;45,7613300000;4,8654900000
202200015842;27;6;2022;08:30;1;59;2;2;1;5;50,6242554789;3,0609951541
202200015843;23;4;2022;12:30;1;972;2;1;1;2;14,6138800000; -61,0105300000
202200015844;25;6;2022;12:09;1;56;2;1;1;3;47,7637200000; -3,3609900000
202200015845;23;4;2022;05:00;2;972;1;1;2;6;14,6196800000; -61,0562300000
202200015846;26;6;2022;16:55;1;50;1;3;1;3;49,6674100000; -1,6966500000
202200015847;23;4;2022;14:13;1;971;1;1;3;6;16,2645989391; -61,4674115181
202200015848;26;6;2022;00:45;5;47;1;6;2;3;44,3940000000;0,6930000000
202200015849;27;6;2022;13:30;1;45;2;1;1;6;47,9022352843;1,8593463153
202200015850;22;4;2022;22:45;3;91;2;1;1;3;48,7070000000;2,2500000000
202200015851;27;6;2022;19:15;1;44;1;1;1;2;47,2347470000; -1,6254330000
202200015852;22;4;2022;22:45;5;83;2;1;1;3;43,1086869974;5,8134822249
202200015853;7;6;2022;04:50;4;41;2;1;1;6;47,6171460000;1,3701170000
202200015854;4;4;2022;09:44;1;83;2;6;1;3;43,4324205321;6,7492611408
202200015855;27;6;2022;11:20;1;37;2;1;1;4;47,3600000000;0,6974100000
202200015856;27;6;2022;11:00;1;37;2;1;1;3;47,3553569021;0,6987959146
202200015857;23;4;2022;13:50;1;78;2;1;1;2;49,0015990000;1,8933490000
202200015858;27;6;2022;23:40;5;35;2;6;1;3;48,1325970199; -1,6907827556
202200015859;23;4;2022;09:55;1;69;2;3;1;1;45,7830300000;4,9947000000
202200015860;27;6;2022;09:00;1;35;2;1;1;3;48,1086609803; -1,6537092626
202200015861;26;6;2022;18:35;1;35;2;1;1;1;48,1420301196; -1,6716795601
202200015862;22;4;2022;16:40;1;69;2;2;1;3;45,7678600000;4,9365800000
202200015863;27;6;2022;10:25;1;34;2;3;1;3;43,5932600000;3,8825800000
202200015864;23;4;2022;10:12;1;65;2;1;2;6;43,2516430000;0,0726920000
202200015865;27;6;2022;14:45;1;33;1;1;1;7;44,5789300000; -1,1255800000
202200015866;23;4;2022;03:20;3;65;2;1;1;6;43,2199600000;0,0594300000
202200015867;27;6;2022;00:45;5;31;1;1;2;2;43,6574100000;1,4280700000
202200015868;23;4;2022;11:26;1;47;2;5;2;3;44,1947910000;0,6076070000
202200015869;27;6;2022;21:05;5;26;2;3;1;5;44,9271300000;4,8997700000
202200015870;26;6;2022;19:40;1;22;2;1;1;6;48,4980638427; -2,7724544406
202200015871;19;4;2022;12:40;1;44;2;2;1;3;47,2802500000; -2,2285300000
202200015872;27;6;2022;13:35;1;17;2;1;1;6;45,6208410000; -1,0364890000
202200015873;23;4;2022;20:10;2;37;2;1;1;3;47,3601000000;0,6704900000
202200015874;27;6;2022;14:35;1;14;1;1;1;6;49,3966700000;0,1967490000
202200015875;22;4;2022;16:10;1;37;2;1;1;1;47,3374921730;0,6534880400
202200015876;27;6;2022;14:55;1;13;1;1;1;6;43,6735100000;5,0922900000
202200015877;27;6;2022;11:30;1;13;2;1;1;2;43,2914700000;5,3738500000
202200015878;23;4;2022;23:30;5;33;2;2;1;3;44,8364000000; -0,5810100000
202200015879;23;4;2022;19:30;1;33;2;1;2;6;44,8772300000; -0,5685300000
202200015880;27;6;2022;10:05;1;13;2;2;1;1;43,2947300000;5,5640900000
202200015881;27;6;2022;23:14;3;06;2;1;1;1;43,8122000000;7,4856200000
202200015882;27;6;2022;20:05;2;06;2;1;1;6;43,7875500000;7,4927700000
202200015883;22;4;2022;17:40;1;13;2;1;1;4;43,6359200000;5,0804300000
202200015884;26;6;2022;14:00;1;06;2;1;1;1;43,7006000000;7,1733700000
202200015885;15;4;2022;05:45;5;13;2;1;1;6;43,2987900000;5,4009100000
202200015886;27;6;2022;20:36;1;05;2;6;1;6;44,5639079566;6,0955774784
202200015887;27;6;2022;02:05;5;01;2;1;1;7;46,2016200000;5,2418900000
202200015888;23;4;2022;13:00;1;06;2;1;3;1;43,6462170000;6,9206660000
202200015889;22;4;2022;18:22;1;75;2;1;1;4;48,8203870000;2,3244410000
202200015890;23;4;2022;18:30;1;75;2;3;1;2;48,8578125330;2,3352950066
202200015891;23;4;2022;13:50;1;75;2;1;1;2;48,9015358297;2,3722247901
202200015892;23;4;2022;10:15;1;75;2;1;1;3;48,8968771487;2,3846420063
202200015893;26;6;2022;10:18;1;75;2;2;1;6;48,8951400000;2,3119780000
202200015894;26;6;2022;01:14;5;75;2;3;1;6;48,8401950000;2,3347830000
202200015895;23;4;2022;12:20;1;75;2;3;1;2;48,8388030000;2,2613190000
202200015896;24;6;2022;05:05;5;75;2;3;2;6;48,8704460000;2,3490890000
202200015897;23;4;2022;11:00;1;75;2;3;1;6;48,8315461166;2,3153294539
202200015898;27;6;2022;17:40;1;75;2;3;1;6;48,8423940000;2,3284050000
202200015899;22;4;2022;18:10;1;75;2;3;1;6;48,8213683213;2,3287108892
202200015900;27;6;2022;12:15;1;75;2;1;1;2;48,8507480000;2,3371490000
202200015901;23;4;2022;00:10;5;75;2;5;1;3;48,8628871975;2,3872338673
202200015902;27;6;2022;01:07;5;75;2;2;1;3;48,8517570000;2,3370420000
202200015903;27;6;2022;18:30;1;75;2;1;1;6;48,8676510000;2,4008730000
202200015904;22;4;2022;17:10;1;75;2;3;1;3;48,8710560000;2,3457250000
202200015905;27;6;2022;12:45;1;75;2;2;1;6;48,8852440000;2,3846090000
202200015906;22;4;2022;23:55;5;75;2;7;1;6;48,8706790000;2,3255520000
202200015907;27;6;2022;10:10;1;75;2;2;1;3;48,8911320000;2,3775720000
202200015908;23;4;2022;17:15;1;75;2;3;2;2;48,8576311210;2,3327104747
202200015909;27;6;2022;16:30;1;75;2;2;1;3;48,8808460000;2,2899580000
202200015910;27;6;2022;16:10;1;75;2;7;1;3;48,8696380000;2,2856520000
202200015911;23;4;2022;15:00;1;75;2;2;1;3;48,8695310000;2,3368110000
202200015912;27;6;2022;07:45;1;75;2;1;1;5;48,8268970000;2,3570450000
202200015913;23;4;2022;14:20;1;75;2;2;1;7;48,8634033712;2,3509647277
202200015914;27;6;2022;12:27;1;75;2;2;1;2;48,8386600000;2,3895680000
202200015915;23;4;2022;19:30;1;94;2;1;1;2;48,7945900000;2,4026600000
202200015916;27;6;2022;09:30;1;75;2;1;1;6;48,8504530000;2,3687750000
202200015917;27;6;2022;07:10;1;75;2;1;1;3;48,8301360000;2,4183720000
202200015918;23;4;2022;00:58;5;94;2;6;1;7;48,7975300000;2,4391100000
202200015919;27;6;2022;13:55;1;75;2;2;1;3;48,8646040000;2,3780520000
202200015920;23;4;2022;16:15;1;93;1;1;2;2;48,9713850000;2,4987900000
202200015921;26;6;2022;12:45;1;75;2;2;1;6;48,8577960000;2,3709360000
202200015922;27;6;2022;12:05;1;75;2;3;1;3;48,8805390000;2,3287900000
202200015923;27;6;2022;09:30;1;75;2;1;1;6;48,8763050000;2,3334620000
202200015924;23;4;2022;15:44;1;93;2;2;1;3;48,9175990000;2,5230540000
202200015925;27;6;2022;15:20;1;94;2;1;1;3;48,7738800000;2,4949800000
202200015926;23;4;2022;03:05;5;93;2;2;1;6;48,8494410000;2,5472950000
202200015927;27;6;2022;14:30;1;94;2;2;1;3;48,8137300000;2,5102000000
202200015928;26;6;2022;18:55;1;93;2;1;1;6;48,9510700000;2,5817300000
202200015929;27;6;2022;14:00;1;93;2;1;1;6;48,8906899002;2,4002755882
202200015930;22;4;2022;23:35;5;93;2;2;1;3;48,8640880000;2,5169540000
202200015931;27;6;2022;19:00;1;93;2;2;1;3;48,9164800000;2,5315800000
202200015932;23;4;2022;20:00;1;93;2;3;2;6;48,9593570000;2,2998850000
202200015933;27;6;2022;09:36;1;93;2;2;1;6;48,9555610000;2,4161960000
202200015934;23;4;2022;12:00;1;93;2;1;1;3;48,9358800000;2,4673200000
202200015935;27;6;2022;20:40;1;93;2;1;1;5;48,9043376203;2,4849545360
202200015936;23;4;2022;15:24;1;93;2;1;2;2;48,9487031554;2,5150644779
202200015937;27;6;2022;10:30;1;93;2;2;8;2;48,9075700000;2,4256700000
202200015938;22;4;2022;20:50;2;93;2;1;1;3;48,9086600000;2,3916800000
202200015939;26;6;2022;14:51;1;93;2;3;1;3;48,9398980000;2,4546980000
202200015940;27;6;2022;16:00;1;93;2;1;1;2;48,9300100000;2,5149700000
202200015941;23;4;2022;14:30;1;92;2;2;1;1;48,8825225594;2,2044696361
202200015942;27;6;2022;17:34;1;92;2;1;1;3;48,8040063955;2,3031146452
202200015943;23;4;2022;15:10;1;92;2;2;1;6;48,8422501909;2,2401089519
202200015944;26;6;2022;00:10;5;92;2;9;1;6;48,8121600000;2,3260900000
202200015945;22;4;2022;19:35;1;39;2;1;1;6;46,8437960000;5,7032450000
202200015946;26;6;2022;16:30;1;92;2;1;1;6;48,9076500000;2,2381500000
202200015947;27;6;2022;18:50;1;92;2;9;1;6;48,9019044435;2,2639952302
202200015948;21;4;2022;10:00;1;38;1;9;1;3;45,4856240000;4,8958900000
202200015949;19;6;2022;01:05;5;92;2;1;1;7;48,9148904762;2,2335339188
202200015950;27;6;2022;11:52;1;92;2;3;1;6;48,8328838917;2,2413898408
202200015951;25;6;2022;23:30;5;92;2;1;1;6;48,9190382719;2,2735546231
202200015952;26;6;2022;07:15;2;92;2;1;1;6;48,9079725751;2,2676036060
202200015953;23;4;2022;19:30;1;57;1;1;1;6;48,7898420000;6,8234970000
202200015954;27;6;2022;15:23;1;83;1;1;1;5;43,5041220000;6,3400130000
202200015955;24;4;2022;01:20;5;972;2;1;1;1;14,5088640000; -60,9605710000
202200015956;26;6;2022;03:30;5;01;2;2;2;3;45,9571990000;5,3331650000
202200015957;17;6;2022;12:30;1;17;2;6;1;3;46,0769480000; -1,0879420000
202200015958;25;4;2022;06:10;3;34;1;1;1;6;43,6239200000;3,6227750000
202200015959;27;6;2022;21:50;3;95;1;1;1;6;49,1460080000;2,3162700000
202200015960;25;4;2022;15:30;1;30;1;1;1;7;44,0432420000;4,4062040000
202200015961;28;6;2022;09:35;1;33;2;1;1;6;45,0159030000; -0,0589480000
202200015962;28;6;2022;15:20;1;81;1;1;1;1;43,5113173154;2,4112200737
202200015963;28;6;2022;14:42;1;01;1;1;1;7;46,1907200000;5,9591500000
202200015964;24;4;2022;10:25;1;30;1;2;8;3;44,1352910000;4,4748800000
202200015965;26;6;2022;23:05;5;62;2;2;1;1;50,9066590000;1,9329450000
202200015966;27;6;2022;11:07;1;50;1;1;1;2;49,4815760000; -1,3878650000
202200015967;25;4;2022;15:50;1;50;1;2;1;3;48,9330730000; -1,1771250000
202200015968;28;6;2022;07:40;1;22;1;1;7;6;48,2426750000; -2,2416750000
202200015969;25;4;2022;09:30;1;51;1;1;1;7;49,1470870000;4,8166940000
202200015970;24;6;2022;16:10;1;04;1;1;1;3;44,5088710000;6,3525010000
202200015971;28;6;2022;11:55;1;56;1;1;1;6;47,6962450000; -2,5429920000
202200015972;13;6;2022;18:55;1;80;2;6;1;7;50,0762260000;1,5418890000
202200015973;15;6;2022;22:15;3;34;1;1;1;1;43,5359768891;3,4550525048
202200015974;9;4;2022;13:30;1;51;1;2;1;5;48,7182671352;3,7429744005
202200015975;26;6;2022;17:15;1;22;2;2;1;3;48,1826560000; -2,5803600000
202200015976;23;4;2022;05:30;3;56;1;1;1;6;48,0543860000; -3,6376820000
202200015977;28;6;2022;17:55;1;39;1;1;1;5;46,6188340000;5,6047760000
202200015978;27;6;2022;19:15;1;35;2;1;1;6;48,3396969068; -1,3144956529
202200015979;26;6;2022;23:50;3;35;1;1;1;6;48,2322367110; -2,1744621545
202200015980;26;6;2022;19:30;1;29;1;1;1;1;48,4394699566; -4,4558286669
202200015981;19;4;2022;08:00;1;71;2;1;1;6;46,6796860000;5,2511050000
202200015982;28;6;2022;10:20;1;15;1;1;1;3;45,2454830000;2,5410870000
202200015983;24;4;2022;16:45;1;49;2;1;1;1;47,1556850000; -0,2957410000
202200015984;28;6;2022;13:50;1;72;1;1;1;7;48,2360200000;0,2505100000
202200015985;24;4;2022;14:15;1;29;1;1;1;2;48,3687270000; -3,7912330000
202200015986;27;6;2022;08:30;1;72;1;1;1;6;48,0986040000;0,5742900000
202200015987;22;4;2022;02:30;3;01;1;1;1;6;46,1633440000;5,6971940000
202200015988;27;6;2022;05:45;1;72;1;1;1;1;47,9361410000;0,0916140000
202200015989;19;6;2022;14:50;1;83;1;1;1;1;43,4982480000;6,1623430000
202200015990;25;4;2022;15:20;1;26;2;2;1;1;44,7533660000;4,8176040000
202200015991;26;6;2022;14:30;1;73;1;1;1;6;45,6662760000;6,3013670000
202200015992;27;6;2022;08:40;1;21;1;1;2;6;47,4387000000;5,2906600000
202200015993;22;4;2022;13:13;1;66;2;1;1;7;42,4988310000;2,0322020000
202200015994;14;6;2022;11:10;1;40;1;1;1;6;44,3441690000; -0,9490730000
202200015995;27;6;2022;14:15;1;27;1;1;1;1;48,7466670000;0,8102360000
202200015996;24;4;2022;17:00;1;66;2;2;1;3;42,4874550000;3,1268280000
202200015997;27;6;2022;15:30;1;28;1;1;1;3;48,6610270000;1,3651780000
202200015998;14;4;2022;21:55;3;45;1;1;1;7;48,1018930000;2,7338630000
202200015999;15;3;2022;09:30;1;45;1;1;8;7;47,9544444334;3,0605641901
202200016000;27;6;2022;19:45;1;87;1;2;1;3;46,2773000000;1,3998500000
202200016001;27;6;2022;22:20;3;31;1;1;1;6;43,0919260000;0,5350690000
202200016002;24;4;2022;11:30;1;45;1;2;1;3;47,9192830000;2,9728420000
202200016003;27;6;2022;08:00;1;42;1;4;8;3;45,4546630000;4,1477870000
202200016004;24;4;2022;07:00;2;07;1;1;8;6;44,5074740000;4,3148640000
202200016005;27;6;2022;12:15;1;68;1;1;2;5;47,7473320000;7,2757070000
202200016006;20;4;2022;15:45;1;21;1;1;1;2;47,5957000000;5,2375000000
202200016007;26;6;2022;02:35;3;57;1;1;1;3;49,1333110000;6,5491500000
202200016008;26;6;2022;01:48;5;73;1;1;1;6;45,4912770000;6,9412140000
202200016009;22;4;2022;15:20;1;24;1;4;1;7;45,0104020000;1,0208590000
202200016010;28;6;2022;12:25;1;76;1;1;1;1;49,3409440000;0,9369060000
202200016011;11;10;2022;08:55;1;75;2;3;1;6;48,8852310000;2,3254120000
202200016012;28;6;2022;03:10;3;13;1;9;1;2;43,6733780000;5,0959690000
202200016013;25;4;2022;14:30;1;85;1;1;1;5;46,9373180000; -1,9749620000
202200016014;26;6;2022;23:00;3;987;1;1;2;7; -17,8100000000; -149,2450000000
202200016015;11;10;2022;17:27;1;75;2;3;1;3;48,8731660000;2,2844680000
202200016016;27;6;2022;17:40;2;976;1;1;1;2; -12,8538330000;45,1954150000
202200016017;28;6;2022;11:30;1;971;1;1;1;6;15,8440310000; -61,6334940000
202200016018;11;10;2022;08:20;1;75;2;1;1;3;48,8540690000;2,2262220000
202200016019;25;6;2022;13:15;1;28;1;2;2;3;48,7880180000;1,4254870000
202200016020;9;4;2022;19:10;2;17;2;1;7;1;45,3749410000; -0,5054410000
202200016021;11;10;2022;10:15;1;75;2;1;1;1;48,8394800000;2,2672900000
202200016022;25;4;2022;08:37;1;52;1;1;8;3;48,2708540000;5,4221180000
202200016023;28;6;2022;14:15;1;77;1;2;1;6;48,7169670000;2,8691050000
202200016024;11;10;2022;15:30;1;75;2;1;1;3;48,8426040000;2,2730720000
202200016025;11;10;2022;08:55;1;75;2;2;1;6;48,8429970000;2,3127940000
202200016026;24;4;2022;18:15;3;987;1;1;1;3; -16,5230610000; -151,7350640000
202200016027;11;10;2022;09:00;1;75;2;3;1;6;48,8526650000;2,2872880000
202200016028;28;6;2022;08:00;1;78;1;3;7;3;48,6693720000;1,9566980000
202200016029;25;4;2022;15:30;1;976;2;1;1;6; -12,8660080000;45,1984730000
202200016030;10;10;2022;11:05;1;75;2;1;1;3;48,8386300000;2,3366260000
202200016031;27;6;2022;10:15;1;71;1;1;2;6;46,7816810000;4,1406550000
202200016032;24;4;2022;19:30;1;2B;2;1;1;6;42,5695210000;8,9601180000
202200016033;25;6;2022;03:45;5;73;2;1;1;1;45,4629960000;6,4421590000
202200016034;11;10;2022;09:08;1;75;2;2;1;4;48,8366790000;2,3718720000
202200016035;28;6;2022;11:00;1;42;1;3;7;3;45,6208740000;4,1386860000
202200016036;22;4;2022;22:20;3;2B;1;1;1;1;42,6286170000;8,9507270000
202200016037;28;6;2022;03:20;3;38;1;1;1;6;45,3720090000;5,6932680000
202200016038;24;4;2022;09:15;1;2B;1;1;3;3;42,6772400000;9,3856180000
202200016039;11;10;2022;08:10;1;75;2;1;1;3;48,8321020000;2,4576680000
202200016040;11;10;2022;09:30;1;75;2;1;1;6;48,8526690000;2,3713100000
202200016041;24;4;2022;10:40;1;83;1;1;1;1;43,2796350000;5,9544560000
202200016042;25;6;2022;14:15;1;26;1;2;1;3;44,4033300000;4,7001020000
202200016043;28;6;2022;17:00;1;69;2;3;7;3;45,7491990000;4,6861410000
202200016044;18;4;2022;19:20;2;57;2;1;1;2;49,1057840000;6,9573410000
202200016045;11;10;2022;13:30;1;75;2;3;1;3;48,8784760000;2,3566690000
202200016046;27;6;2022;07:45;1;33;1;1;1;2;44,9351430000; -0,7121800000
202200016047;15;4;2022;17:50;1;03;1;1;1;7;46,6507770000;3,2664590000
202200016048;28;6;2022;08:15;1;14;1;1;1;7;48,9533160000; -0,2240320000
202200016049;11;10;2022;18:20;2;75;2;1;1;7;48,8556050000;2,3310890000
202200016050;28;6;2022;08:05;1;22;2;1;1;3;48,5868740000; -2,5332930000
202200016051;11;10;2022;18:15;1;75;2;1;1;3;48,8532080000;2,3521360000
202200016052;26;6;2022;21:45;2;59;1;1;1;7;50,2630890000;3,6724810000
202200016053;24;4;2022;14:35;1;81;2;1;1;1;43,9061910000;1,9143460000
202200016054;28;6;2022;07:10;1;59;2;6;1;3;50,5480040000;2,8245110000
202200016055;11;10;2022;00:20;5;75;2;3;1;6;48,8565469879;2,3555991054
202200016056;27;6;2022;17:45;1;13;1;1;1;6;43,3299700000;5,3894300000
202200016057;23;6;2022;08:35;1;13;2;1;1;3;43,3300189325;5,3951050484
202200016058;23;4;2022;11:00;1;44;1;6;1;3;47,2803070000; -1,4516550000
202200016059;23;6;2022;16:32;1;13;1;1;1;2;43,3907776987;5,3509971499
202200016060;11;10;2022;10:32;1;94;2;1;1;2;48,8083040000;2,4413890000
202200016061;4;4;2022;17:00;1;44;2;1;1;2;47,2737240000; -1,4715560000
202200016062;11;10;2022;09:50;1;94;2;1;1;3;48,8161800000;2,3334500000
202200016063;8;6;2022;19:20;1;69;1;1;2;3;45,7477126989;4,9070048332
202200016064;25;6;2022;04:30;3;59;1;1;1;2;51,0322865556;2,4356689452
202200016065;22;4;2022;15:45;1;13;1;1;1;2;43,2924500000;5,4539500000
202200016066;27;6;2022;14:40;1;94;1;1;1;7;48,8166900000;2,3371400000
202200016067;23;4;2022;14:20;1;91;1;1;1;2;48,6876700000;2,3257200000
202200016068;27;6;2022;08:24;1;91;1;1;1;2;48,6420400000;2,5355400000
202200016069;11;10;2022;20:10;5;93;2;3;1;2;48,9597300000;2,3822300000
202200016070;22;4;2022;23:45;3;92;1;1;1;6;48,9424432251;2,2899144727
202200016071;27;6;2022;12:45;1;78;1;1;1;2;48,9704750000;1,8737010000
202200016072;14;4;2022;20:45;2;92;1;1;1;3;48,9283084303;2,3316245851
202200016073;26;6;2022;22:36;5;92;1;1;1;3;48,8273423681;2,2244655267
202200016074;11;10;2022;11:55;1;93;2;1;1;4;48,8904674742;2,4099640635
202200016075;26;6;2022;16:30;1;78;1;1;1;6;48,9755840000;1,7239730000
202200016076;22;4;2022;07:25;1;94;1;1;1;2;48,8586231423;2,4869211857
202200016077;26;6;2022;03:00;5;92;1;1;1;2;48,8810060864;2,2720879002
202200016078;11;10;2022;14:40;1;93;2;1;1;5;48,8390300000;2,5429100000
202200016079;14;4;2022;13:10;1;94;1;1;1;3;48,8284416936;2,5027316394
202200016080;11;10;2022;18:40;1;93;2;1;1;1;48,8678476760;2,4343898732
202200016081;14;4;2022;11:15;1;93;1;1;1;2;48,8351523817;2,5760945539
202200016082;25;6;2022;10:44;1;78;1;1;2;4;48,8911700000;2,0095000000
202200016083;21;4;2022;12:00;1;987;2;1;1;6; -17,5354700000; -149,5651600000
202200016084;27;6;2022;18:10;1;92;1;1;1;2;48,9390027228;2,2956647869
202200016085;11;10;2022;11:10;1;93;2;2;1;3;48,8571878611;2,4411794999
202200016086;22;4;2022;10:00;1;974;2;1;1;2; -20,8856300000;55,4713900000
202200016087;25;6;2022;20:15;1;93;1;1;1;3;48,9221655771;2,3610144854
202200016088;11;10;2022;12:55;1;93;2;1;1;6;48,9543707320;2,3348750174
202200016089;22;4;2022;20:00;5;974;2;9;3;3; -20,9326170000;55,6484550000
202200016090;25;6;2022;17:30;1;93;1;1;2;2;48,9507985275;2,4743666025
202200016091;22;4;2022;12:07;1;973;2;1;1;3;4,9346957120; -52,2917944193
202200016092;11;10;2022;18:30;2;93;2;3;1;3;48,9061737322;2,4831607907
202200016093;25;6;2022;04:40;3;93;1;1;1;4;48,8959400000;2,4705400000
202200016094;22;4;2022;21:50;5;69;2;2;1;3;45,7245612524;4,8712322116
202200016095;11;10;2022;10:50;1;92;2;3;1;6;48,8906761446;2,2790907025
202200016096;17;4;2022;19:10;5;972;1;1;1;7;14,5989530000; -61,0516640000
202200016097;27;6;2022;16:40;1;77;1;1;1;6;48,8825796143;2,6679437381
202200016098;26;6;2022;21:45;2;94;1;1;1;6;48,8176590351;2,4128117856
202200016099;11;10;2022;13:20;1;92;2;5;1;3;48,8977248965;2,2401380539
202200016100;26;6;2022;15:52;1;94;1;1;1;2;48,7776016949;2,4400786182
202200016101;22;4;2022;17:10;1;69;2;3;1;2;45,7404200000;4,8047400000
202200016102;11;10;2022;19:00;2;92;2;4;1;3;48,8442132474;2,2501113117
202200016103;26;6;2022;01:15;3;77;1;1;1;6;48,9070300000;2,6393300000
202200016104;22;4;2022;12:40;1;69;2;2;1;1;45,8010200000;4,8551800000
202200016105;26;6;2022;03:00;5;35;2;1;1;2;48,1114690000; -1,6861060000
202200016106;11;10;2022;07:40;1;92;2;1;1;2;48,8488887393;2,2409496903
202200016107;22;4;2022;18:40;1;2B;1;1;1;4;42,6487100000;9,4404400000
202200016108;26;6;2022;15:00;1;33;2;2;1;3;44,6566200000; -1,1602400000
202200016109;10;10;2022;13:10;1;92;2;2;1;1;48,9105900000;2,2608500000
202200016110;22;4;2022;05:30;2;971;1;1;1;6;16,2177651840; -61,4918518066
202200016111;24;4;2022;07:30;2;19;1;1;3;2;45,1616956826;1,4285659790
202200016112;11;10;2022;19:40;2;92;2;1;1;3;48,7476438577;2,3038163781
202200016113;21;4;2022;22:40;5;971;1;9;1;3;16,2177033725; -61,4925169945
202200016114;26;6;2022;17:00;1;69;2;2;1;6;45,7430400000;4,8769000000
202200016115;21;4;2022;12:40;1;95;1;1;1;3;48,9787200000;2,4650700000
202200016116;2;9;2022;01:25;3;35;1;1;2;6;47,9988710000; -1,5141020000
202200016117;26;6;2022;13:50;1;69;2;2;1;3;45,7524000000;4,8443500000
202200016118;22;4;2022;18:50;1;95;2;1;1;6;48,9779500000;2,2412800000
202200016119;20;4;2022;21:36;5;91;2;1;1;7;48,4505400000;2,1829500000
202200016120;29;9;2022;15:40;1;40;2;2;3;1;43,6421040000; -1,4304440000
202200016121;26;6;2022;07:40;1;972;1;1;3;3;14,6280700000; -60,9722000000
202200016122;8;4;2022;19:55;2;89;1;1;3;1;48,1741600000;3,2267100000
202200016123;11;10;2022;12:15;1;44;1;1;1;2;47,0582130000; -1,6155160000
202200016124;23;6;2022;21:55;3;972;1;9;1;2;14,6584584000; -60,9719090000
202200016125;21;4;2022;13:03;1;87;2;3;1;3;45,8308500000;1,2447700000
202200016126;2;10;2022;10:35;1;974;2;6;1;6; -21,2849280000;55,5193660000