Accident_Id;jour;mois;an;hrmn;lum;dep;agg;int;atm;col;lat;long
202200016127;26;6;2022;10:25;1;972;1;1;2;2;14,6115300000; -61,0793800000
202200016128;22;4;2022;23:50;5;78;2;1;1;3;48,8972200000;2,0983900000
202200016129;25;6;2022;02:20;5;972;2;3;1;3;14,6048100000; -61,0691800000
202200016130;12;10;2022;12:40;1;26;1;1;8;2;44,6183630000;4,7929570000
202200016131;22;4;2022;08:30;1;78;2;1;1;6;48,9899100000;1,9132310000
202200016132;12;10;2022;03:40;5;83;2;1;1;6;43,1502490000;6,4027440000
202200016133;22;4;2022;13:20;1;78;1;1;1;3;48,9587900000;2,0176100000
202200016134;26;6;2022;18:56;1;69;2;2;1;3;45,8123600000;4,8936200000
202200016135;11;10;2022;21:10;3;50;1;1;1;2;48,7828807164; -1,2676154900
202200016136;22;4;2022;18:00;1;77;2;1;1;6;48,8841200000;2,7102900000
202200016137;26;6;2022;16:20;1;69;2;1;1;6;45,7888600000;4,8402100000
202200016138;26;6;2022;14:00;1;95;2;1;1;3;48,9923739042;2,3890328407
202200016139;22;4;2022;16:30;1;77;2;1;1;1;48,8776700000;2,7321500000
202200016140;26;6;2022;19:15;1;91;2;1;1;7;48,6737400000;2,3266500000
202200016141;22;4;2022;15:00;1;77;2;1;1;3;48,8769000000;2,6847800000
202200016142;25;6;2022;07:45;1;91;2;1;2;7;48,6969910000;2,3717780000
202200016143;22;4;2022;18:20;1;76;2;1;1;1;49,4448300000;1,0682900000
202200016144;25;6;2022;08:09;1;91;2;1;1;3;48,7010800000;2,3717400000
202200016145;7;10;2022;18:39;2;14;1;1;1;4;49,1580520000; -0,4716990000
202200016146;12;4;2022;18:00;1;72;2;1;8;6;48,0072700000;0,1995300000
202200016147;25;6;2022;14:10;1;83;1;1;1;1;43,1271400000;5,7861220000
202200016148;11;10;2022;13:00;1;37;1;1;1;6;47,3080448901;0,6046772003
202200016149;20;4;2022;09:20;1;71;2;1;1;6;46,3353000000;4,8265900000
202200016150;11;10;2022;07:15;2;62;1;1;1;7;50,1858130000;2,9027180000
202200016151;21;4;2022;17:30;1;71;2;1;1;3;46,7687540000;4,8433880000
202200016152;25;6;2022;10:20;1;81;2;6;1;2;43,6195535000;2,2701580000
202200016153;11;10;2022;18:40;2;19;1;1;1;3;45,0844090000;1,9717210000
202200016154;21;4;2022;17:37;1;66;2;3;2;3;42,7039800000;2,8827300000
202200016155;2;10;2022;22:48;3;56;2;1;1;6;47,5185800000; -2,7552980000
202200016156;26;6;2022;06:00;2;69;2;1;3;6;45,7575800000;4,8909300000
202200016157;11;10;2022;20:20;3;59;1;1;1;6;50,8029950000;2,5139380000
202200016158;19;4;2022;16:20;1;58;1;1;1;3;46,9875400000;3,1376900000
202200016159;26;6;2022;08:00;1;69;1;1;2;6;46,0166927663;4,7028210516
202200016160;12;10;2022;03:30;5;76;2;2;5;6;49,3584410000;0,9456610000
202200016161;21;4;2022;19:56;1;56;2;6;1;6;47,7396400000; -3,3798000000
202200016162;24;6;2022;16:30;1;69;2;1;2;3;45,5865600000;4,7551200000
202200016163;22;4;2022;15:50;1;51;2;6;1;3;49,2202133365;4,0208137035
202200016164;11;10;2022;17:00;1;80;2;1;1;1;50,0610250000;1,5913680000
202200016165;11;10;2022;12:12;1;32;1;1;1;1;43,8411590000;0,0929760000
202200016166;22;4;2022;18:15;1;47;2;1;1;1;44,1992900000;0,6232200000
202200016167;21;4;2022;13:45;1;47;1;1;8;2;44,1765600000;0,6169300000
202200016168;8;10;2022;15:15;1;71;2;3;1;5;46,4273420000;4,7842780000
202200016169;11;10;2022;18:15;1;63;2;1;2;1;45,8706400000;3,6131430000
202200016170;15;4;2022;14:40;1;43;2;1;1;2;45,0284200000;3,8807200000
202200016171;12;10;2022;10:15;1;44;2;1;7;6;47,1693900000; -1,7209780000
202200016172;21;4;2022;10:20;1;38;2;6;8;6;45,1582400000;5,7243000000
202200016173;11;10;2022;12:00;1;29;2;9;1;6;47,8170050000; -4,3766520000
202200016174;22;4;2022;05:28;5;37;2;2;1;2;47,3975300000;0,6994300000
202200016175;4;10;2022;12:55;1;13;1;9;1;3;43,8960790000;4,7850720000
202200016176;11;10;2022;17:35;1;03;2;1;2;6;46,2864610000;2,7297000000
202200016177;22;4;2022;17:00;1;35;2;1;1;3;48,0969013363; -1,6332104802
202200016178;12;10;2022;07:30;2;03;1;1;5;6;46,5472550000;3,3027970000
202200016179;11;10;2022;19:00;2;01;1;2;1;1;46,0817450000;5,0704480000
202200016180;11;10;2022;17:55;1;14;2;2;1;1;49,0545800000; -0,2151240000
202200016181;10;10;2022;15:00;1;50;1;3;1;2;49,3054230000; -1,4278200000
202200016182;12;10;2022;16:39;1;50;1;2;7;3;49,6907070000; -1,3590110000
202200016183;27;9;2022;18:30;2;45;1;1;8;3;47,7799220000;1,8824490000
202200016184;12;10;2022;18:20;2;64;2;2;1;3;43,1680810000; -1,2583320000
202200016185;11;10;2022;18:30;2;16;1;1;1;3;45,8446610000;0,7899530000
202200016186;12;10;2022;13:50;1;07;1;5;1;1;44,7094675830;4,7222489125
202200016187;11;10;2022;16:40;1;53;2;6;1;1;48,3025710000; -0,6112000000
202200016188;12;10;2022;07:35;2;53;1;1;1;7;48,1401970000; -1,0560860000
202200016189;2;10;2022;12:10;1;21;2;2;1;3;47,3109000000;5,4096290000
202200016190;10;10;2022;23:30;3;17;1;1;2;7;46,0158000000; -0,5159710000
202200016191;12;10;2022;10:05;1;08;1;2;7;5;49,3229868436;4,7219109535
202200016192;11;10;2022;07:30;2;08;1;1;1;1;49,6925190000;5,1866140000
202200016193;11;10;2022;22:00;3;13;1;1;1;2;43,5132960000;5,4735200000
202200016194;12;10;2022;17:55;1;68;1;1;1;4;47,7177310000;7,1413280000
202200016195;11;10;2022;07:00;2;38;1;1;5;3;45,1146510000;6,0047280000
202200016196;11;10;2022;16:35;1;971;1;3;1;2;16,3027220000; -61,3663350000
202200016197;8;9;2022;12:00;1;77;2;1;2;3;48,9039800000;2,8797480000
202200016198;16;9;2022;20:05;3;78;1;1;1;6;48,5366700000;1,8290950000
202200016199;10;10;2022;19:47;3;34;1;5;1;3;43,3870740000;3,4199350000
202200016200;4;7;2022;19:28;2;84;2;1;1;6;44,2431250000;4,7116400000
202200016201;5;10;2022;10:45;1;83;1;1;1;2;43,4023860000;6,0988390000
202200016202;11;10;2022;17:15;1;83;1;1;1;1;43,6091250000;6,8123980000
202200016203;10;10;2022;17:45;1;26;1;3;1;3;45,0317855760;4,8678443457
202200016204;11;10;2022;18:05;1;26;2;1;1;6;45,0086960000;4,9285380000
202200016205;11;10;2022;14:17;1;86;1;1;1;7;46,5697870000;0,0206960000
202200016206;7;10;2022;23:05;5;33;2;6;1;3;44,8991620000; -0,2122910000
202200016207;5;10;2022;09:15;1;85;2;4;1;3;46,6760457094; -1,6124160703
202200016208;9;10;2022;15:10;1;44;1;1;1;1;47,1382880000; -1,4213800000
202200016209;11;10;2022;12:15;1;14;2;1;1;6;48,8569080000; -0,8801260000
202200016210;12;10;2022;09:00;1;22;1;3;1;3;48,4920940000; -1,9207620000
202200016211;11;10;2022;09:00;1;13;1;1;1;2;43,3995952580;5,3492407618
202200016212;11;10;2022;08:00;1;13;1;1;1;3;43,2850000000;5,4250000000
202200016213;10;10;2022;08:50;1;69;1;1;1;3;45,7654500000;4,7999300000
202200016214;11;10;2022;07:30;2;69;1;1;1;5;45,6395000000;4,8248400000
202200016215;10;10;2022;23:00;3;69;1;1;1;6;45,6859900000;4,8471100000
202200016216;9;10;2022;04:50;3;59;1;1;1;5;50,4203769837;3,6336636543
202200016217;8;10;2022;05:35;3;59;1;1;1;6;50,3962966147;3,1168435514
202200016218;7;10;2022;15:20;1;59;1;1;1;2;50,6178283432;2,9794996977
202200016219;6;10;2022;16:00;1;59;1;1;1;2;50,6539319515;3,1065747142
202200016220;6;10;2022;15:50;1;59;1;1;1;4;50,6513697525;3,1026023626
202200016221;11;10;2022;09:10;1;94;1;9;1;3;48,7743600000;2,3460400000
202200016222;10;10;2022;23:55;5;94;1;1;1;1;48,8153700000;2,3364500000
202200016223;11;10;2022;08:55;1;78;1;1;1;2;48,7773760000;2,2222100000
202200016224;10;10;2022;21:40;3;78;1;1;1;3;48,7878610000;2,1441120000
202200016225;10;10;2022;20:00;5;93;1;1;1;2;48,9308700000;2,3678400000
202200016226;11;10;2022;06:40;3;94;1;1;1;3;48,8269800000;2,5128900000
202200016227;10;10;2022;19:40;3;77;1;1;1;2;48,8292000000;2,7165200000
202200016228;9;10;2022;02:05;3;94;1;1;1;4;48,7760849626;2,4295495219
202200016229;13;4;2022;16:45;1;38;2;1;1;1;45,5151500000;4,8900200000
202200016230;21;7;2022;08:33;1;38;1;1;1;5;45,1640300000;5,7016000000
202200016231;8;10;2022;12:30;1;75;2;4;1;2;48,8954681180;2,3075419664
202200016232;10;10;2022;13:20;1;75;2;1;1;2;48,8781750000;2,3721240000
202200016233;10;10;2022;08:20;1;75;2;2;1;2;48,8864670000;2,2957770000
202200016234;10;10;2022;10:20;1;75;2;1;1;3;48,8650620000;2,2724550000
202200016235;9;10;2022;18:24;1;75;2;7;1;3;48,8647040000;2,3009420000
202200016236;10;10;2022;11:30;1;75;2;3;1;3;48,8205490000;2,3374130000
202200016237;10;10;2022;06:55;5;75;2;2;1;7;48,8591060000;2,3464400000
202200016238;10;10;2022;02:45;5;75;2;7;1;6;48,8592130000;2,3621400000
202200016239;9;10;2022;15:10;1;75;2;2;1;6;48,8666960000;2,3255750000
202200016240;9;10;2022;13:35;1;75;2;4;1;6;48,8644450000;2,3426340000
202200016241;7;10;2022;12:00;1;94;2;3;1;3;48,8382500000;2,4894280000
202200016242;10;10;2022;12:00;1;94;2;1;1;3;48,8143700000;2,3598200000
202200016243;10;10;2022;09:50;1;94;2;1;1;3;48,7934500000;2,3691300000
202200016244;9;10;2022;22:40;5;94;2;9;1;1;48,7678000000;2,3760000000
202200016245;10;10;2022;09:45;1;94;2;2;1;2;48,8251300000;2,5100100000
202200016246;10;10;2022;06:50;3;94;2;1;1;2;48,7276800000;2,5467100000
202200016247;10;10;2022;16:00;1;93;1;6;1;3;48,9892000000;2,5197700000
202200016248;10;10;2022;15:00;1;93;2;1;1;2;48,9775096515;2,5169041873
202200016249;10;10;2022;10:10;1;93;2;1;1;6;48,9277700000;2,3530900000
202200016250;10;10;2022;14:00;1;93;2;3;1;6;48,8882300000;2,4599500000
202200016251;10;10;2022;07:40;1;93;2;2;1;3;48,8485600000;2,5654900000
202200016252;10;10;2022;13:20;1;93;2;6;1;3;48,9178680297;2,4177609104
202200016253;10;10;2022;17:50;1;93;2;9;1;3;48,9399570301;2,4712124907
202200016254;10;10;2022;09:00;1;92;2;2;1;7;48,8254000000;2,2158000000
202200016255;6;10;2022;08:50;1;92;2;1;1;3;48,8920219771;2,2566902339
202200016256;8;10;2022;16:10;1;92;2;1;1;4;48,9153646382;2,3149797320
202200016257;11;10;2022;15:45;1;35;1;3;1;1;47,9378230000; -1,4614070000
202200016258;10;10;2022;20:40;3;14;1;3;1;3;48,9592690000; -0,1170110000
202200016259;11;10;2022;15:05;1;73;1;1;1;3;45,7926109584;5,8626155555
202200016260;11;10;2022;09:06;1;28;1;1;1;6;48,2784590000;1,2029390000
202200016261;13;9;2022;23:30;3;14;1;1;2;6;48,9798194592; -0,6412767470
202200016262;7;10;2022;17:15;1;72;1;1;1;2;47,9385000000;0,3412300000
202200016263;9;10;2022;23:20;3;34;1;1;2;6;43,6474730000;3,5463950000
202200016264;11;10;2022;06:45;5;62;2;1;1;6;50,7868860000;2,1807750000
202200016265;9;10;2022;03:40;4;95;2;1;1;6;49,1269340299;2,3701661825
202200016266;19;9;2022;08:45;1;76;2;3;1;3;49,5327317827;0,9956462340
202200016267;11;10;2022;14:53;1;82;1;2;1;2;43,9578340000;1,2866460000
202200016268;10;10;2022;18:00;1;42;2;1;1;6;45,9397030000;4,2679360000
202200016269;9;10;2022;14:25;1;41;1;1;1;3;47,2508630000;1,4278260000
202200016270;11;10;2022;16:30;1;39;1;3;1;3;46,6372440000;5,6289510000
202200016271;9;10;2022;00:45;3;44;1;1;1;1;47,3753840000; -2,3474370000
202200016272;9;10;2022;06:25;3;35;1;1;1;1;48,1907810000; -2,0486930000
202200016273;31;7;2022;16:43;1;29;1;1;8;6;48,1641189537; -3,6482992170
202200016274;11;10;2022;17:05;1;29;1;6;7;6;48,4980770000; -4,4277460000
202200016275;10;10;2022;07:00;2;14;1;1;1;1;49,1687140000; -0,4790000000
202200016276;10;10;2022;11:15;1;60;1;1;1;3;49,4408407950;1,8539560971
202200016277;11;10;2022;10:00;2;64;2;8;5;3;43,2394990000; -1,3086260000
202200016278;10;10;2022;16:45;1;10;1;1;3;6;48,0365440000;4,6485040000
202200016279;9;10;2022;03:00;3;36;1;1;1;6;46,8958232064;1,3849425316
202200016280;11;10;2022;18:10;3;24;1;1;2;6;45,1037660000;0,2217760000
202200016281;10;10;2022;08:00;1;85;2;2;1;3;46,7914700000; -2,0613630000
202200016282;10;10;2022;14:30;1;48;1;2;1;3;44,7405110000;3,3977470000
202200016283;10;10;2022;15:10;1;52;2;1;1;6;47,8045800000;5,4352710000
202200016284;10;10;2022;15:05;1;01;1;1;1;3;46,1644310000;5,2991940000
202200016285;8;10;2022;19:00;5;987;2;1;1;3; -17,5541750000; -149,5883950000
202200016286;29;9;2022;09:50;1;17;1;1;2;1;45,2089640000; -0,3681010000
202200016287;2;10;2022;05:30;3;86;1;1;1;2;46,9445620000;0,5470230000
202200016288;10;10;2022;20:52;3;38;1;1;1;5;45,2681700000;5,6283260000
202200016289;10;10;2022;07:15;2;83;1;3;1;2;43,1288210000;6,0769680000
202200016290;11;10;2022;16:25;1;06;2;1;1;1;43,9477840000;7,0075040000
202200016291;21;8;2022;09:21;1;13;2;3;1;1;43,4814690000;5,1705050000
202200016292;11;10;2022;16:15;1;71;2;1;1;1;46,1969580000;4,7578950000
202200016293;9;10;2022;16:10;1;21;2;1;1;5;47,2240420000;5,0618650000
202200016294;5;10;2022;16:57;2;67;2;6;1;3;48,4477990000;7,5494290000
202200016295;10;10;2022;15:08;1;57;2;1;1;2;49,1663320000;6,9623820000
202200016296;11;10;2022;08:40;1;38;1;1;1;3;45,5965110000;5,5358430000
202200016297;10;10;2022;20:30;3;07;1;1;1;6;44,6838200000;4,2820070000
202200016298;10;10;2022;07:50;2;79;2;1;1;6;46,8302360000; -0,4987890000
202200016299;10;10;2022;17:55;2;16;2;1;1;3;45,7011740000;0,1816020000
202200016300;3;10;2022;17:30;1;86;2;1;1;1;46,6754020000;0,4015480000
202200016301;11;10;2022;08:05;2;64;1;1;9;7;43,4819300000; -1,4222100000
202200016302;9;10;2022;18:40;1;50;1;1;1;1;49,2975910000; -1,1886640000
202200016303;18;9;2022;19:35;2;56;1;1;1;7;47,6517870000; -2,8832140000
202200016304;11;10;2022;08:40;2;76;1;1;7;2;49,5344770000;0,9240750000
202200016305;9;10;2022;22:43;3;59;2;1;1;6;50,5107202148;3,1946504116
202200016306;10;10;2022;17:00;1;83;1;1;1;2;43,1973900713;5,7611909382
202200016307;10;10;2022;14:45;1;33;1;1;1;4;44,8819000000; -0,6241300000
202200016308;9;10;2022;02:37;4;33;1;1;1;2;44,8870000000; -0,5704200000
202200016309;6;10;2022;14:00;1;62;1;1;1;7;50,4622690000;2,9744090000
202200016310;10;10;2022;17:10;1;94;1;1;1;6;48,7828929028;2,3471321325
202200016311;10;10;2022;10:25;1;92;1;1;1;4;48,7295420000;2,3069390000
202200016312;10;10;2022;07:45;1;91;1;1;1;2;48,7478366855;2,3272195931
202200016313;10;10;2022;16:40;1;93;1;1;1;2;48,9411800000;2,4269100000
202200016314;9;10;2022;22:30;3;95;1;1;1;2;49,0184789544;2,1405771375
202200016315;14;10;2022;00:46;3;94;1;1;2;2;48,8174509582;2,4185959238
202200016316;23;7;2022;15:40;1;69;2;2;1;6;45,7495700000;4,8841000000
202200016317;16;11;2022;16:10;1;35;2;1;3;6;48,1519995788; -1,6849449277
202200016318;16;11;2022;07:45;1;34;2;1;1;6;43,6206400000;3,8975200000
202200016319;12;11;2022;17:30;2;34;1;1;1;2;43,3484700000;3,2522100000
202200016320;16;11;2022;22:27;5;33;2;1;2;3;44,8008725636; -0,5952170491
202200016321;16;11;2022;09:35;1;33;2;1;1;3;44,8763000000; -0,5226500000
202200016322;16;11;2022;07:30;3;33;2;2;2;3;44,7907339839; -0,6572431326
202200016323;15;11;2022;17:50;5;31;2;1;1;6;43,5871370000;1,3493600000
202200016324;15;11;2022;21:55;5;29;2;1;3;3;48,3850805863; -4,4941808581
202200016325;15;11;2022;20:20;5;29;2;3;2;1;48,4132550000; -4,4866540000
202200016326;15;11;2022;18:00;5;27;2;3;2;3;49,0867700000;1,4803000000
202200016327;16;11;2022;16:15;1;17;2;1;2;7;45,7440900000; -0,6521500000
202200016328;15;11;2022;19:00;2;11;2;1;1;6;43,1913000000;3,0071000000
202200016329;15;11;2022;16:10;1;11;2;1;1;6;43,2142300000;2,3686300000
202200016330;16;11;2022;20:50;5;10;2;1;2;3;48,2782223739;4,0818688273
202200016331;16;11;2022;15:50;1;10;2;1;1;1;48,2835000000;4,0567000000
202200016332;16;11;2022;14:52;1;10;2;6;1;2;48,3084366755;4,0686267614
202200016333;24;10;2022;08:20;1;06;2;3;1;6;43,7698700000;7,4922700000
202200016334;29;10;2022;21:00;3;05;1;9;1;2;44,5800500000;6,0845400000
202200016335;16;11;2022;20:25;5;04;2;9;1;6;43,8254000000;5,7878600000
202200016336;14;11;2022;11:50;1;03;2;2;1;3;46,1124420000;3,4438820000
202200016337;23;8;2022;09:23;1;69;2;3;1;3;45,7697900000;4,8779000000
202200016338;22;5;2022;16:55;1;69;2;3;1;6;45,7613800000;4,8638500000
202200016339;21;5;2022;03:10;5;69;1;2;1;3;45,7452000000;4,8418000000
202200016340;20;5;2022;12:15;1;69;2;3;1;2;45,7232233127;4,8540760466
202200016341;19;5;2022;08:20;1;69;2;1;1;6;45,7265100000;4,8747500000
202200016342;15;5;2022;10:19;1;69;2;3;1;3;45,7540200000;4,8395900000
202200016343;13;5;2022;16:20;1;69;2;2;1;3;45,7486100000;4,8838000000
202200016344;12;5;2022;22:00;4;69;2;2;1;1;45,7274560202;4,8621127009
202200016345;12;5;2022;13:10;1;69;2;2;1;3;45,7434300000;4,8653500000
202200016346;14;8;2022;15:20;1;14;1;1;1;7;49,0617373735; -0,2954936028
202200016347;7;11;2022;09:51;1;75;2;1;8;3;48,8162800000;2,3375730000
202200016348;14;11;2022;18:55;5;75;2;1;1;6;48,8350220000;2,3581520000
202200016349;16;11;2022;13:43;1;75;2;2;1;6;48,8838560000;2,3447600000
202200016350;16;11;2022;17:40;5;75;2;4;3;6;48,8789830000;2,2927640000
202200016351;16;11;2022;13:50;1;75;2;6;1;3;48,8775090000;2,2699030000
202200016352;16;11;2022;08:12;1;75;2;3;8;6;48,8351259865;2,3037748039
202200016353;16;11;2022;08:18;2;75;2;2;8;2;48,8226440000;2,3148330000
202200016354;15;11;2022;13:25;1;75;2;2;2;6;48,8320140000;2,3274260000
202200016355;16;11;2022;19:15;5;75;2;3;2;3;48,8202350000;2,3479640000
202200016356;16;11;2022;17:20;5;75;2;2;2;3;48,8215450000;2,3724690000
202200016357;16;11;2022;22:40;5;75;2;2;2;6;48,8473420000;2,3867720000
202200016358;16;11;2022;10:10;1;75;2;2;1;2;48,8590020000;2,3398500000
202200016359;16;11;2022;09:05;1;75;2;4;8;3;48,8654810000;2,3532290000
202200016360;15;11;2022;10:20;1;75;2;2;2;3;48,8539730000;2,3647970000
202200016361;16;11;2022;08:00;1;94;2;1;1;3;48,8481620000;2,4504300000
202200016362;16;11;2022;19:50;5;94;2;6;2;3;48,7703600000;2,4466800000
202200016363;16;11;2022;17:05;2;94;2;1;2;3;48,8108900000;2,4322600000
202200016364;16;11;2022;17:40;5;94;2;1;2;6;48,7912800000;2,3536600000
202200016365;16;11;2022;12:50;1;94;2;1;8;3;48,8056600000;2,3257400000
202200016366;16;11;2022;11:05;1;94;2;7;2;3;48,8524040000;2,4629370000
202200016367;16;11;2022;12:10;1;94;2;1;1;2;48,7928800000;2,5540000000
202200016368;15;11;2022;19:40;5;94;2;2;2;6;48,8179634688;2,5390918110
202200016369;29;7;2022;17:40;1;49;1;3;1;3;47,3976140000; -0,6155160000
202200016370;15;11;2022;12:00;1;94;2;2;2;6;48,8322600000;2,5451500000
202200016371;28;7;2022;17:25;1;42;2;1;1;3;45,5868710000;4,2496810000
202200016372;28;7;2022;09:40;1;42;1;1;1;7;45,7085770000;3,8568020000
202200016373;16;11;2022;19:00;5;94;2;3;3;6;48,8190800000;2,5088200000
202200016374;28;7;2022;10:40;1;42;2;1;1;6;45,7458600000;4,0042910000
202200016375;16;11;2022;17:20;3;94;1;1;3;7;48,7277470000;2,5298480000
202200016376;29;7;2022;16:30;1;47;1;1;1;7;44,1795150921;0,2485370618
202200016377;16;11;2022;12:15;1;94;2;6;1;3;48,7615026216;2,5332391262
202200016378;29;7;2022;14:50;1;41;2;3;1;3;47,2777230000;1,5580190000
202200016379;26;7;2022;14:45;1;86;1;1;1;6;46,8913650000;0,1641730000
202200016380;16;11;2022;15:24;1;93;2;1;3;3;48,9127544218;2,3327144980
202200016381;29;7;2022;19:25;1;44;1;2;1;3;46,9795170000; -1,7760620000
202200016382;16;11;2022;17:05;5;93;2;2;2;6;48,8433100000;2,5469500000
202200016383;29;7;2022;13:30;1;35;1;1;1;2;48,1966420000; -1,9402770000
202200016384;16;11;2022;17:56;4;93;2;1;2;3;48,8686700000;2,5334700000
202200016385;30;7;2022;06:45;2;29;1;1;1;6;48,5204561000; -3,9311310000
202200016386;11;7;2022;07:35;1;31;2;1;1;1;43,0842050000;0,8969090000
202200016387;16;11;2022;00:15;5;93;2;2;1;3;48,8607080000;2,4597730000
202200016388;30;7;2022;09:30;1;02;1;1;1;7;49,5669480000;3,5697840000
202200016389;16;11;2022;17:30;5;92;2;3;2;2;48,8245487581;2,2200751305
202200016390;28;7;2022;18:15;1;06;2;1;1;3;43,7259130000;7,3959900000
202200016391;15;11;2022;19:30;5;92;2;9;8;6;48,8826800000;2,1885800000
202200016392;30;7;2022;16:30;1;05;1;4;1;3;44,5349750000;6,3919240000
202200016393;14;11;2022;22:05;5;92;2;1;9;3;48,8872600000;2,1816600000
202200016394;29;7;2022;20:00;1;50;1;1;1;7;49,3253740000; -1,4650650000
202200016395;30;7;2022;07:00;1;60;1;1;1;6;49,2865670000;2,6022850000
202200016396;16;11;2022;13:07;1;92;2;9;1;3;48,8838220915;2,2715587914
202200016397;30;7;2022;11:00;1;64;2;3;1;3;43,2347450000; -1,2968910000
202200016398;16;11;2022;08:50;1;92;2;2;1;3;48,8857200000;2,2010400000
202200016399;16;11;2022;14:25;1;92;2;1;2;2;48,8944200000;2,2441600000
202200016400;30;7;2022;07:20;1;43;1;1;1;1;45,1588420000;4,1307310000
202200016401;15;11;2022;20:10;5;92;2;1;2;6;48,9183170000;2,2390400000
202200016402;15;11;2022;12:20;1;92;2;2;1;2;48,9030100000;2,2834700000
202200016403;30;7;2022;11:45;1;07;1;2;1;3;44,9085960000;4,6519370000
202200016404;16;11;2022;20:50;5;92;2;1;2;6;48,7531580069;2,2988950610
202200016405;29;7;2022;16:10;1;07;1;4;2;3;44,4850170000;4,2625020000
202200016406;16;11;2022;08:05;1;92;2;1;8;4;48,7397380092;2,2785360217
202200016407;30;7;2022;10:30;1;53;1;1;1;6;48,0293200000; -0,9920096390
202200016408;16;11;2022;15:47;1;47;2;9;1;7;44,6516500000;0,5924680000
202200016409;29;7;2022;17:00;1;40;2;1;1;6;44,0274690000; -0,9079970000
202200016410;16;11;2022;09:30;1;67;1;1;8;7;48,9219920000;7,3459050000
202200016411;29;7;2022;14:55;1;04;2;1;9;1;44,0787220000;5,9942220000
202200016412;17;11;2022;19:30;5;33;1;1;1;6;44,5930880000; -0,0302070000
202200016413;29;7;2022;19:55;1;27;2;1;1;1;48,8908750000;0,9266230000
202200016414;17;11;2022;08:00;2;14;2;1;3;3;49,0149000000; -0,6391100000
202200016415;30;7;2022;11:30;1;37;1;1;1;1;47,0853300000;1,0521070000
202200016416;13;11;2022;15:50;1;62;2;2;7;3;50,4750890000;1,5928510000
202200016417;3;7;2022;14:45;1;37;1;1;1;7;47,1274400000;1,1430930000
202200016418;17;11;2022;12:58;1;50;1;1;3;7;48,9836710000; -0,9413360000
202200016419;26;7;2022;09:45;1;37;2;5;1;3;47,3490510000;0,7009630000
202200016420;16;11;2022;16:05;1;30;1;1;1;6;44,2083960000;4,5498150000
202200016421;30;7;2022;09:30;1;48;1;1;1;1;44,6155000000;3,4781710000
202200016422;15;11;2022;09:30;1;62;1;1;2;1;50,5624510000;2,5607370000
202200016423;13;11;2022;16:40;1;19;2;1;1;6;45,1707960000;1,5723680000
202200016424;28;7;2022;01:00;3;10;1;1;1;2;48,2084019609;4,2487907410
202200016425;30;7;2022;14:00;1;45;1;1;1;2;48,0388970000;2,6721510000
202200016426;16;11;2022;20:35;3;80;1;1;3;6;49,8337200000;1,7685840000
202200016427;16;11;2022;17:30;2;11;1;1;1;6;42,9716540000;2,3862220000
202200016428;30;7;2022;03:55;5;987;2;1;1;1; -17,5840000000; -149,5600000000
202200016429;16;11;2022;16:26;1;11;2;1;1;6;43,0508390000;2,2179240000
202200016430;29;7;2022;10:00;1;06;1;1;1;3;43,6076960000;7,0958050000
202200016431;16;11;2022;07:51;2;55;1;1;2;6;49,2306860000;5,3614140000
202200016432;30;7;2022;09:00;1;60;1;1;1;7;49,2743557806;2,6956948936
202200016433;16;11;2022;07:30;2;49;2;1;2;3;47,5452640000; -0,6073430000
202200016434;30;7;2022;03:00;5;987;2;1;1;6; -23,3730000000; -149,4630000000
202200016435;30;7;2022;18:50;5;988;2;1;2;6; -22,2336420000;166,5648150000
202200016436;16;11;2022;19:20;3;12;1;1;1;1;44,4508000000;2,4325970000
202200016437;30;7;2022;08:10;1;978;2;1;1;1;18,0583840000; -63,1039790000
202200016438;17;11;2022;14:00;1;42;1;1;2;1;45,7998490000;3,7370990000
202200016439;30;7;2022;17:45;1;45;2;1;1;1;47,7845000000;2,4592210000
202200016440;16;11;2022;16:00;1;47;1;1;2;1;44,5970990000;0,4198730000
202200016441;17;11;2022;10:00;1;39;1;1;1;1;47,0032610000;5,8597250000
202200016442;30;7;2022;07:50;1;66;1;1;1;7;42,7851450000;2,8304330000
202200016443;13;11;2022;04:00;3;44;1;1;1;6;47,3085830000; -2,4299850000
202200016444;30;7;2022;05:30;3;34;1;1;1;1;43,4689770000;3,6743310000
202200016445;17;11;2022;15:30;1;38;2;1;2;6;45,3985860000;5,4669000000
202200016446;30;7;2022;16:15;1;83;1;1;1;1;43,3372510000;6,6087430000
202200016447;16;11;2022;13:00;1;58;2;1;1;6;47,1006400000;3,3394680000
202200016448;16;11;2022;18:30;3;64;1;1;1;6;43,0534300000; -0,8810090000
202200016449;22;7;2022;20:15;2;83;2;1;7;6;43,3668156589;6,7122387886
202200016450;15;11;2022;21:30;3;07;1;1;3;7;44,4109148520;4,1489481927
202200016451;29;7;2022;17:30;1;04;1;1;1;2;44,4459140000;6,7417480000
202200016452;14;11;2022;12:55;1;40;1;1;2;5;43,9767580000; -0,2406480000
202200016453;30;7;2022;16:28;1;71;1;1;1;7;46,9299420000;4,0486980000