Accident_Id;jour;mois;an;hrmn;lum;dep;agg;int;atm;col;lat;long
202200016454;17;11;2022;10:40;1;30;1;1;1;6;43,9340300000;4,3855400000
202200016455;29;7;2022;17:30;1;71;1;1;1;7;46,3570140000;4,7374950000
202200016456;17;11;2022;09:10;1;01;1;2;1;3;45,9077490000;4,8924860000
202200016457;30;7;2022;09:30;1;68;2;2;1;6;48,0182500000;7,5302060000
202200016458;17;11;2022;17:00;2;65;1;1;3;6;43,1990820000;0,1581670000
202200016459;30;7;2022;10:45;1;88;2;3;1;3;48,3025770000;5,8334260000
202200016460;12;11;2022;07:00;2;67;1;6;5;7;48,5224030000;7,6664190000
202200016461;29;7;2022;11:45;1;88;2;1;1;1;48,3540030000;5,6844030000
202200016462;29;7;2022;15:30;1;73;1;1;1;7;45,4478590000;6,6864250000
202200016463;17;11;2022;14:45;1;42;1;1;1;2;45,5904980000;4,2111110000
202200016464;30;7;2022;17:00;1;42;1;4;7;3;45,5998070000;3,9572880000
202200016465;16;11;2022;17:30;2;38;1;1;1;4;45,3241850000;5,9514360000
202200016466;30;7;2022;02:00;3;69;1;1;1;3;45,8054730000;4,6600540000
202200016467;7;11;2022;18:34;3;73;1;1;1;6;45,7421320000;5,9262220000
202200016468;29;7;2022;23:30;5;46;1;1;1;6;44,5988940000;2,0441010000
202200016469;30;7;2022;00:20;3;85;1;1;1;6;46,6255400000; -1,5417700000
202200016470;16;11;2022;23:38;3;21;1;1;2;2;47,1222730000;4,9662940000
202200016471;28;7;2022;19:45;1;56;1;6;1;3;48,0405620000; -2,9492420000
202200016472;16;11;2022;17:10;5;95;2;1;2;1;49,0960930000;2,5138930000
202200016473;13;7;2022;13:10;5;76;2;6;1;3;49,4028680000;1,1665570000
202200016474;15;11;2022;15:05;1;30;1;1;2;7;44,3364000000;3,9582910000
202200016475;30;7;2022;15:15;1;60;2;1;1;3;49,3197680000;2,4488640000
202200016476;30;7;2022;00:10;5;59;2;1;1;6;50,4679490000;3,2527460000
202200016477;28;7;2022;14:26;1;42;1;9;7;2;45,4782100000;4,3529600000
202200016478;29;7;2022;19:25;1;57;1;9;1;2;49,4047200000;6,1118000000
202200016479;15;11;2022;18:10;2;04;1;1;1;4;43,8566570000;5,8311060000
202200016480;17;11;2022;18:50;3;70;1;1;8;6;47,5317880000;5,5334030000
202200016481;29;7;2022;11:00;1;91;1;1;1;2;48,7488000000;2,2147000000
202200016482;28;7;2022;11:29;1;27;2;1;1;6;49,0202000000;1,1383000000
202200016483;17;11;2022;15:45;1;89;1;1;1;1;47,9528790000;3,4600060000
202200016484;27;7;2022;16:40;1;971;2;1;1;3;16,2114980922; -61,5007460117
202200016485;3;11;2022;18:30;5;67;2;3;3;1;48,3239250000;7,6980150000
202200016486;27;7;2022;10:10;1;27;2;9;1;6;49,2150000000;1,1670000000
202200016487;16;11;2022;22:30;3;26;1;1;1;6;45,0071860000;4,8597120000
202200016488;27;4;2022;21:48;3;84;2;3;1;3;43,9482100000;4,8111000000
202200016489;17;11;2022;15:45;1;07;1;1;8;1;44,5692760000;4,5101340000
202200016490;15;4;2022;09:30;1;26;2;6;1;2;44,9398200000;4,9160100000
202200016491;17;11;2022;07:40;2;01;1;1;1;7;45,8106750000;5,2145790000
202200016492;10;5;2022;11:48;1;33;1;1;1;2;44,9930200000; -0,4270900000
202200016493;16;11;2022;18:05;5;69;2;1;1;3;45,9002740000;4,7009360000
202200016494;28;7;2022;17:05;1;974;1;1;1;4; -21,3415200000;55,4958000000
202200016495;12;11;2022;14:00;1;81;1;1;1;1;43,6727817013;1,8406069279
202200016496;28;7;2022;10:00;1;974;2;3;1;6; -21,2862600000;55,4705500000
202200016497;17;11;2022;09:00;1;80;1;1;1;6;49,7559020000;2,5835900000
202200016498;27;7;2022;13:10;1;974;2;1;1;3; -20,9252000000;55,4944400000
202200016499;27;7;2022;13:30;1;974;2;2;1;3; -20,8823000000;55,4526600000
202200016500;28;7;2022;05:30;3;974;1;1;1;5; -20,9492500000;55,6538900000
202200016501;11;11;2022;02:25;3;69;1;1;1;6;45,7239283140;4,9748244882
202200016502;28;7;2022;15:05;1;973;1;1;1;3;4,9043380654; -52,3178708553
202200016503;15;11;2022;22:10;3;01;1;1;2;6;45,8304700000;5,0281800000
202200016504;28;7;2022;19:40;1;69;2;1;1;6;45,7220911498;4,8840381195
202200016505;16;11;2022;12:25;1;33;1;1;1;6;44,8835500000; -0,5612500000
202200016506;16;11;2022;08:50;1;33;1;1;2;7;44,8818700000; -0,5476200000
202200016507;28;7;2022;18:30;1;69;2;2;1;3;45,7396000000;4,8657300000
202200016508;16;11;2022;15:25;1;91;1;1;3;3;48,6260500000;2,3532100000
202200016509;28;7;2022;13:05;1;69;1;9;1;3;45,7371100000;4,8503600000
202200016510;16;11;2022;09:00;1;92;1;1;1;2;48,8913250000;2,2407690000
202200016511;28;7;2022;11:40;1;69;2;2;1;7;45,7491300000;4,8535500000
202200016512;16;11;2022;03:10;3;92;1;1;1;6;48,9354217595;2,2605830961
202200016513;28;7;2022;14:20;1;972;2;1;1;3;14,6253440522; -60,9793379903
202200016514;16;11;2022;10:45;1;93;1;1;1;6;48,8876800000;2,4726200000
202200016515;27;7;2022;15:10;1;69;2;2;1;3;45,7468648572;4,8273481590
202200016516;15;11;2022;23:30;3;93;1;1;8;3;48,8645800000;2,4150000000
202200016517;28;7;2022;19:20;2;91;2;1;1;6;48,6635200000;2,4182600000
202200016518;15;11;2022;22:30;3;93;1;1;1;6;48,8875111248;2,4748206139
202200016519;28;7;2022;16:45;1;91;2;5;1;3;48,6925400000;2,4449000000
202200016520;26;8;2022;21:55;3;14;2;1;1;6;49,1400080000;0,2061860000
202200016521;28;7;2022;13:40;1;91;2;1;1;2;48,7016500000;2,3718100000
202200016522;25;8;2022;01:10;5;14;2;9;1;6;49,3480230000;0,0817460000
202200016523;27;7;2022;16:50;1;88;2;1;1;6;48,1931300000;6,4531600000
202200016524;19;7;2022;15:50;1;83;2;1;1;2;43,0932900000;5,8433500000
202200016525;23;7;2022;22:40;3;14;1;1;1;7;49,3872500000;0,1081300000
202200016526;27;7;2022;14:15;1;83;2;1;1;6;43,1368400000;5,7596600000
202200016527;7;9;2022;09:46;1;22;2;6;2;3;48,7215900000; -3,4811000000
202200016528;22;10;2022;09:35;1;91;2;7;1;6;48,7127800000;2,3633600000
202200016529;26;7;2022;17:45;1;83;1;1;7;5;43,1271480000;5,7861110000
202200016530;15;11;2022;15:40;1;69;2;1;2;6;45,8172400000;4,8911800000
202200016531;26;7;2022;16:50;1;83;2;1;1;3;43,0925100000;6,0770300000
202200016532;27;7;2022;16:15;1;81;2;1;1;7;43,9190900984;2,1248298883
202200016533;13;11;2022;00:04;5;66;2;3;1;6;42,6948300000;2,8893900000
202200016534;10;11;2022;13:50;1;12;2;6;1;6;44,5624441207;2,2482419015
202200016535;28;7;2022;09:05;1;77;2;1;1;2;48,7705600000;3,0414400000
202200016536;15;11;2022;17:00;1;988;2;1;1;4; -22,2351300000;166,4435000000
202200016537;27;7;2022;17:20;1;76;1;1;1;3;49,9074300000;1,1073700000
202200016538;15;11;2022;13:00;1;988;2;2;1;3; -22,2761500000;166,4465700000
202200016539;27;7;2022;09:00;1;74;2;3;1;3;46,1975000000;6,2671800000
202200016540;27;7;2022;18:00;1;69;2;1;1;7;45,9655300000;4,7162800000
202200016541;11;11;2022;04:40;2;987;1;1;1;3; -17,5308000000; -149,5631730000
202200016542;15;11;2022;08:30;1;974;2;1;1;3; -21,3255800000;55,4877800000
202200016543;27;7;2022;13:42;1;68;2;2;1;3;48,0908390000;7,3601250000
202200016544;26;7;2022;17:45;1;67;1;1;1;6;48,5981508171;7,7997726202
202200016545;14;11;2022;20:00;5;974;2;1;1;2; -20,9055500000;55,4785000000
202200016546;28;7;2022;21:40;5;64;2;9;1;3;43,3598215863; -1,7755520910
202200016547;14;11;2022;10:30;1;974;2;1;1;4; -20,8854400000;55,4689100000
202200016548;28;7;2022;14:21;1;64;2;1;1;3;43,3933900000; -1,6873000000
202200016549;15;11;2022;17:40;1;974;2;1;1;3; -20,9593600000;55,3149100000
202200016550;28;7;2022;17:50;1;64;2;1;1;7;43,3347400000; -0,3659500000
202200016551;26;7;2022;16:47;1;63;2;3;1;3;45,7789900000;3,0648600000
202200016552;15;11;2022;11:00;1;973;2;3;1;5;4,9311100000; -52,3166900000
202200016553;15;11;2022;08:02;1;973;2;1;2;6;4,9339400000; -52,3271200000
202200016554;27;7;2022;12:00;1;63;2;1;1;6;45,7744000000;3,0628800000
202200016555;28;7;2022;11:35;1;54;2;1;1;2;48,6605514561;6,1718219519
202200016556;15;11;2022;07:40;2;69;2;2;8;3;45,7466293661;4,8681020737
202200016557;15;11;2022;09:45;1;69;2;2;8;6;45,7030200000;4,8208700000
202200016558;28;7;2022;16:22;1;51;2;1;1;7;49,2532243430;3,9772814512
202200016559;9;11;2022;11:50;1;971;2;3;1;6;16,2557400000; -61,5156900000
202200016560;26;7;2022;20:10;1;50;2;3;1;3;49,6268000000; -1,6342900000
202200016561;15;11;2022;16:23;1;2A;1;1;3;2;41,9402200000;8,7442600000
202200016562;28;7;2022;09:22;1;47;2;3;1;3;44,1918950000;0,5930030000
202200016563;15;11;2022;07:10;2;2A;2;1;8;2;41,9364808024;8,7359090051
202200016564;22;7;2022;13:10;1;42;1;1;1;6;45,4375503272;4,3902182579
202200016565;27;7;2022;14:25;1;37;2;1;1;4;47,4247700000;0,6562000000
202200016566;28;7;2022;17:30;1;35;1;6;1;3;48,0783800000; -1,6323000000
202200016567;15;11;2022;08:00;1;91;2;1;1;3;48,6544800000;2,3129600000
202200016568;15;11;2022;20:00;5;91;2;1;2;7;48,7144900000;2,4480500000
202200016569;26;6;2022;20:10;1;34;2;1;1;2;43,2754700000;3,5022700000
202200016570;15;11;2022;14:00;1;91;2;3;2;7;48,7220330000;2,5102740000
202200016571;27;7;2022;19:00;1;33;2;1;1;6;44,8648600000; -0,6046000000
202200016572;15;11;2022;21:00;5;91;2;3;2;2;48,6889900000;2,3710000000
202200016573;28;7;2022;07:55;1;31;2;1;1;3;43,6218100000;1,4351900000
202200016574;14;11;2022;18:03;5;87;2;1;2;6;45,8380000000;1,2588400000
202200016575;27;7;2022;12:20;1;29;1;1;1;2;47,8927008000; -3,9150161100
202200016576;23;7;2022;13:20;1;28;2;1;1;7;48,4743280000;1,4810610000
202200016577;28;7;2022;14:00;1;26;2;1;7;2;44,9199100000;4,8783700000
202200016578;10;11;2022;12:35;1;78;2;1;1;1;48,9747400000;1,8027000000
202200016579;14;11;2022;17:40;5;77;2;1;1;6;48,8717806499;2,7282289401
202200016580;14;11;2022;17:25;2;77;2;1;8;2;48,8619067092;2,6738713710
202200016581;14;11;2022;15:00;1;77;1;1;1;1;48,3000100000;2,6789600000
202200016582;28;7;2022;12:15;1;15;2;6;1;3;44,9173020000;2,4222850000
202200016583;15;11;2022;18:20;5;76;2;6;2;6;49,3095800000;0,9954900000
202200016584;8;11;2022;16:10;1;76;2;3;1;2;49,5156106890;0,1126527786
202200016585;28;7;2022;06:45;1;13;1;1;1;3;43,4412300000;4,9121000000
202200016586;11;11;2022;06:45;5;76;2;3;1;6;49,5022800000;0,1989400000
202200016587;15;11;2022;20:15;5;69;2;1;3;6;45,7020800000;4,9316100000
202200016588;25;7;2022;13:55;1;13;1;1;1;3;43,4132100000;5,0131500000
202200016589;15;11;2022;16:15;1;69;2;3;8;6;45,6947547353;4,9412807822
202200016590;28;7;2022;21:15;5;13;2;1;1;3;43,3138904991;5,3684243322
202200016591;15;11;2022;15:00;1;69;2;2;2;1;45,7461600000;4,9234700000
202200016592;23;7;2022;21:10;2;13;2;2;1;3;43,2889900000;5,3776500000
202200016593;14;11;2022;09:35;1;67;2;1;1;6;48,5660465613;7,7601523697
202200016594;28;7;2022;10:00;1;13;1;9;1;3;43,5570313028;5,4601537214
202200016595;12;11;2022;14:01;1;66;2;3;1;3;42,6965778234;2,9034268856
202200016596;12;11;2022;18:00;5;66;2;9;1;3;42,6704770000;2,8816900000
202200016597;28;7;2022;14:48;1;11;2;1;1;2;43,2177400000;2,3527400000
202200016598;10;11;2022;18:05;5;66;2;1;1;4;42,6871059749;2,9062774032
202200016599;27;7;2022;17:55;1;07;2;1;1;6;44,9355700000;4,8748500000
202200016600;15;11;2022;22:15;5;64;2;9;1;6;43,3716600000; -1,7727300000
202200016601;15;11;2022;21:40;5;64;2;1;2;7;43,3828100000; -1,6445900000
202200016602;28;7;2022;21:06;5;06;2;1;1;7;43,7088700000;7,2877400000
202200016603;15;11;2022;19:45;5;64;2;3;2;3;43,3019500000; -0,3923200000
202200016604;28;7;2022;08:10;1;05;2;6;1;3;44,5637907492;6,0785937309
202200016605;15;11;2022;18:30;5;64;2;3;3;3;43,3112600000; -0,3564400000
202200016606;22;7;2022;13:59;1;05;1;6;1;2;44,5094400000;6,0458200000
202200016607;15;11;2022;09:10;1;62;2;6;1;6;50,5165100000;2,6722300000
202200016608;15;11;2022;21:25;5;59;2;1;2;6;50,7333021353;3,1611281633
202200016609;28;7;2022;11:30;1;75;2;1;1;2;48,8500990000;2,4151060000
202200016610;15;11;2022;09:45;1;59;2;3;1;3;50,6941107067;3,1327289343
202200016611;27;7;2022;16:00;1;75;2;1;1;5;48,9003550000;2,3821030000
202200016612;15;11;2022;21:00;3;59;1;1;3;6;50,2031600000;3,7769870000
202200016613;28;5;2022;11:44;1;06;1;1;1;7;44,2014530000;7,0869330000
202200016614;15;11;2022;15:00;1;59;2;1;2;6;50,6332000000;3,0595000000
202200016615;28;7;2022;16:30;1;75;2;3;1;3;48,8596700000;2,4031000000
202200016616;27;5;2022;19:00;1;06;2;9;1;3;43,7335230000;7,3866320000
202200016617;15;11;2022;14:15;1;59;2;1;2;6;50,6420222099;2,9823321104
202200016618;4;2;2022;23:30;5;38;2;1;1;6;45,6313860000;5,0928280000
202200016619;24;5;2022;12:10;1;06;1;1;1;3;44,0688920000;7,5890590000
202200016620;28;7;2022;15:00;1;75;2;3;1;3;48,8857890000;2,3709780000
202200016621;15;11;2022;08:42;1;56;2;1;2;3;47,7436530000; -3,3815610000
202200016622;5;2;2022;12:15;1;65;1;1;2;7;43,0987580000;0,1899000000
202200016623;22;5;2022;03:20;5;14;2;2;1;7;49,0798820000; -0,4010120000
202200016624;2;2;2022;21:40;3;17;1;2;1;3;45,6853620000; -0,8485650000
202200016625;27;7;2022;18:30;1;75;2;1;1;3;48,8883680000;2,3793950000
202200016626;27;5;2022;19:25;1;05;1;1;1;1;44,5515490000;6,2562850000
202200016627;15;11;2022;19:20;5;54;2;3;2;6;48,6872585247;6,1697003245
202200016628;5;2;2022;17:25;1;49;1;3;7;3;47,1808900000; -1,1311410000
202200016629;27;5;2022;18:15;1;50;1;3;1;7;49,1329530000; -1,5028100000
202200016630;5;2;2022;13:30;1;60;1;1;1;2;49,3217588586;2,4388489722
202200016631;5;2;2022;07:40;1;60;1;1;1;1;49,3837678156;2,1471319196
202200016632;29;5;2022;06:30;1;50;2;1;1;1;48,8649230000; -1,3079040000
202200016633;28;7;2022;16:20;1;75;2;2;1;3;48,8883530000;2,3495990000
202200016634;15;11;2022;21:35;5;53;2;2;2;3;48,0590300000; -0,7626600000
202200016635;5;2;2022;02:20;3;60;1;1;1;7;49,2473660000;1,7130270000
202200016636;27;5;2022;20:35;2;50;1;1;1;7;49,0808900000; -1,5852870000
202200016637;5;2;2022;07:30;3;02;1;1;2;6;49,5971838725;3,7679201178
202200016638;15;11;2022;05:56;5;51;2;6;1;3;49,2662700000;4,0453300000
202200016639;28;7;2022;12:15;1;75;2;3;1;5;48,8866980000;2,3054240000
202200016640;4;2;2022;13:04;1;80;1;1;2;7;49,9800270000;2,8671200000
202200016641;26;5;2022;15:05;1;64;1;1;5;7;42,9895650000; -0,9843060000
202200016642;14;11;2022;14:50;1;51;2;6;1;3;49,2165000000;4,0510700000
202200016643;4;2;2022;16:38;1;59;2;6;1;3;49,9901437071;4,0965431929
202200016644;28;7;2022;06:08;2;75;2;4;1;6;48,8860040000;2,2891170000
202200016645;4;2;2022;01:00;5;83;1;1;1;6;43,1133123463;6,1265316009
202200016646;29;5;2022;06:00;1;18;1;1;1;7;46,6910470000;2,4727710000
202200016647;14;11;2022;11:05;1;51;2;3;8;7;49,2639900000;4,0575500000
202200016648;28;7;2022;10:40;1;75;2;3;1;6;48,8504070000;2,2705470000
202200016649;4;2;2022;07:30;2;69;1;1;1;2;45,9417500000;4,7209900000
202200016650;28;5;2022;16:00;1;18;1;6;1;2;47,1248560000;2,4235800000
202200016651;27;7;2022;18:00;1;75;2;2;1;6;48,8407090000;2,2650300000
202200016652;12;11;2022;14:10;1;50;2;3;1;3;49,6332700000; -1,6484300000
202200016653;27;1;2022;18:00;3;67;1;1;1;4;48,5870000000;7,7152000000
202200016654;14;11;2022;05:27;5;49;2;9;1;7;47,5022300000; -0,5852500000
202200016655;4;2;2022;11:12;1;33;1;1;1;3;44,8841740000; -0,5591460000
202200016656;29;5;2022;10:45;1;43;1;3;1;2;45,0643242887;3,8758000731
202200016657;28;7;2022;17:50;1;75;2;2;1;3;48,8259490000;2,3452050000
202200016658;10;11;2022;09:52;1;49;2;1;1;7;47,4679600000; -0,5488500000
202200016659;28;5;2022;16:30;1;10;1;1;1;7;48,0413839096;4,1858428439
202200016660;4;2;2022;03:10;3;91;1;1;2;2;48,6791100000;2,3341200000
202200016661;28;7;2022;13:50;1;75;2;4;1;2;48,8480180000;2,3676530000
202200016662;14;11;2022;12:50;1;49;2;1;1;6;47,4441400000; -0,5349000000
202200016663;27;5;2022;14:25;1;36;1;1;1;3;46,5656600000;1,6035260000
202200016664;4;2;2022;14:00;1;92;1;1;1;4;48,9189886921;2,2237886747
202200016665;28;7;2022;08:30;1;75;2;1;1;2;48,8434420000;2,3701880000
202200016666;24;5;2022;15:39;1;16;1;9;1;3;45,4978950000; -0,1247980000
202200016667;4;2;2022;15:25;1;93;1;1;1;7;48,9236000000;2,3426700000
202200016668;14;11;2022;10:50;1;49;2;1;1;4;47,4516500000; -0,5402000000
202200016669;28;7;2022;00:48;5;75;2;2;1;3;48,8610540000;2,3132410000
202200016670;27;5;2022;11:00;1;07;1;1;1;6;44,3439240000;4,4910050000
202200016671;3;2;2022;21:30;3;93;1;1;1;5;48,9218500000;2,3633200000
202200016672;14;11;2022;06:55;2;49;2;1;1;2;47,4528700000; -0,5411500000
202200016673;28;7;2022;19:00;1;75;2;3;1;6;48,8529040000;2,3589770000
202200016674;27;5;2022;16:20;1;07;1;1;1;6;44,4441600000;4,6832440000
202200016675;4;2;2022;09:00;1;77;1;1;2;6;48,9266610488;2,6288637319
202200016676;27;5;2022;11:46;1;53;2;1;1;7;48,2578270000; -0,4982790000
202200016677;15;11;2022;09:06;1;47;2;2;1;2;44,2088000000;0,6115900000
202200016678;28;7;2022;00:05;5;94;2;2;1;3;48,7705100000;2,4470200000
202200016679;27;5;2022;16:00;1;21;1;1;1;6;47,2116100000;4,3571520000
202200016680;4;2;2022;01:50;3;94;1;1;1;6;48,8173000000;2,4164000000
202200016681;15;11;2022;18:30;5;45;1;1;2;2;47,9692800088;2,7569863200
202200016682;28;5;2022;10:40;1;21;1;1;1;7;47,5716376320;5,2188621882
202200016683;28;7;2022;20:10;1;94;1;1;1;3;48,8327900000;2,5296700000
202200016684;4;2;2022;01:16;3;94;1;1;1;2;48,8180452094;2,4118106839
202200016685;26;5;2022;09:30;1;40;2;1;1;6;43,5575090000; -1,4969140000
202200016686;23;10;2022;18:10;2;42;2;3;1;1;45,5193900000;4,5949300000
202200016687;28;7;2022;18:45;1;93;2;1;1;3;48,9592197378;2,4766024053
202200016688;3;2;2022;13:07;1;988;2;3;1;3; -22,2781200000;166,4507800000
202200016689;27;5;2022;18:45;1;24;1;1;1;1;45,3933100000;1,1428950000
202200016690;15;11;2022;17:40;5;38;2;1;8;1;45,1892100000;5,7226200000
202200016691;3;2;2022;09:01;1;988;2;6;1;3; -22,2425800000;166,4604900000
202200016692;28;7;2022;08:33;1;93;2;2;1;2;48,8865200000;2,4720700000
202200016693;28;5;2022;14:00;1;04;1;1;1;6;43,9099980000;6,1395760000
202200016694;27;5;2022;13:35;1;27;2;1;1;1;49,4103660000;1,3469410000
202200016695;15;11;2022;07:45;1;37;2;1;2;2;47,4125868679;0,7265889645
202200016696;2;2;2022;09:05;1;976;2;1;1;3; -12,7727000000;45,2232300000
202200016697;8;5;2022;18:25;1;17;1;3;1;7;45,9682173948; -0,2054927051
202200016698;28;7;2022;07:30;2;93;2;2;1;3;48,8614800000;2,5040700000
202200016699;26;5;2022;17:50;1;17;1;1;1;7;45,3668250000; -0,5190520000
202200016700;3;2;2022;17:15;1;69;2;3;1;3;45,7150400000;4,8955400000
202200016701;29;5;2022;10:00;1;23;1;1;1;1;45,9517020000;2,1141820000
202200016702;2;5;2022;17:20;1;87;2;1;1;1;45,8883810000;0,8908110000
202200016703;28;7;2022;12:00;1;93;2;3;1;6;48,9281200000;2,5429500000
202200016704;3;2;2022;10:20;1;972;2;2;1;3;14,6213900000; -60,9881500000
202200016705;24;5;2022;18:45;1;37;1;1;1;4;47,3123440000;0,7122310000
202200016706;27;7;2022;23:25;5;93;2;9;1;3;48,9287059590;2,3837960957
202200016707;2;2;2022;22:10;5;69;2;1;1;1;45,7873425839;4,7784889122
202200016708;27;5;2022;15:00;1;37;1;1;1;6;46,8381706454;0,9224116802
202200016709;28;7;2022;20:00;1;93;2;1;1;6;48,9085900000;2,5415000000
202200016710;26;5;2022;03:15;3;37;2;2;1;6;47,4099912266;0,7973214984
202200016711;28;7;2022;12:15;1;93;2;1;1;6;48,9041418317;2,5483077764
202200016712;3;2;2022;17:00;2;69;2;3;1;4;45,7800200000;4,7787400000
202200016713;3;2;2022;22:50;5;2A;2;9;1;7;41,9339507058;8,7504054307
202200016714;27;5;2022;15:15;1;37;2;3;1;2;47,3317916342;0,7062309980
202200016715;28;7;2022;16:00;1;93;2;2;1;3;48,9028550000;2,5083030000
202200016716;1;2;2022;22:00;4;95;2;3;2;3;49,0021600000;2,1852800000
202200016717;29;5;2022;11:10;1;30;1;1;1;4;43,5871370000;4,2122700000
202200016718;3;2;2022;12:45;1;95;2;1;1;6;48,9517022377;2,2218507528
202200016719;20;5;2022;19:00;1;30;1;1;1;6;43,9913790000;4,0505970000
202200016720;28;7;2022;14:15;1;93;2;2;1;3;48,9152000000;2,3742900000
202200016721;3;2;2022;12:30;1;84;2;1;1;6;43,8344950000;5,0422280000
202200016722;28;7;2022;06:07;2;92;2;1;1;7;48,8872880000;2,2456020000
202200016723;2;2;2022;13:45;1;83;2;3;1;3;43,1245200000;5,9262200000
202200016724;26;5;2022;09:40;1;30;1;2;1;3;43,9776080000;4,2091350000
202200016725;3;2;2022;08:30;1;83;2;1;1;6;43,1051300000;6,1273100000
202200016726;28;7;2022;17:30;1;92;2;1;1;2;48,8952283568;2,2132564187
202200016727;27;5;2022;14:50;1;52;1;9;1;1;48,4991930589;5,1080104122
202200016728;2;2;2022;17:26;1;81;1;1;1;7;43,6059626013;2,1872998774
202200016729;3;2;2022;18:15;2;81;2;1;2;3;43,9409100000;2,1488200000
202200016730;27;5;2022;16:45;1;52;1;1;1;2;47,8753100000;5,7174400000
202200016731;28;7;2022;08:50;1;92;2;1;1;3;48,8894088439;2,2199962735
202200016732;1;2;2022;07:35;5;80;2;1;2;6;49,8860100000;2,3318900000
202200016733;28;5;2022;22:45;3;49;1;1;1;2;47,0013290000; -0,9072300000
202200016734;21;1;2022;16:45;1;78;2;2;1;6;48,9890100000;2,0539700000
202200016735;27;7;2022;23:30;5;92;2;2;1;2;48,8905208641;2,2917437553
202200016736;28;7;2022;20:50;1;92;2;1;1;2;48,9215671090;2,2526527047
202200016737;28;5;2022;13:05;1;24;1;3;1;5;44,7249130000;1,2680570000
202200016738;31;1;2022;07:27;3;76;1;1;1;6;49,7461527852;0,3959899396
202200016739;28;7;2022;10:20;1;92;2;2;1;3;48,9339274516;2,2558209300
202200016740;29;4;2022;05:15;2;80;1;9;1;2;49,9994920000;2,1756360000
202200016741;2;2;2022;15:00;1;72;2;6;1;6;48,0090000000;0,1960000000
202200016742;28;7;2022;14:30;1;92;2;1;1;3;48,9165288720;2,3053876161
202200016743;2;2;2022;09:20;1;72;1;1;1;2;47,9655900000;0,1345700000
202200016744;27;5;2022;16:50;1;30;1;1;1;1;43,7649270000;4,3191720000
202200016745;3;2;2022;18:00;5;69;2;1;1;6;45,7689700000;4,9753300000
202200016746;27;5;2022;14:50;1;13;1;1;1;6;43,6605840000;5,2531600000
202200016747;27;7;2022;20:45;2;92;2;1;1;3;48,9131827506;2,3072957396
202200016748;3;2;2022;17:05;1;69;2;1;1;7;45,7327500000;4,8886500000
202200016749;27;5;2022;18:45;1;77;1;9;1;6;48,5416100000;2,7914710000
202200016750;28;7;2022;00:30;5;92;2;1;1;3;48,9110744538;2,2990216613
202200016751;2;2;2022;17:00;1;69;2;1;1;6;45,7604300000;4,8848800000
202200016752;26;5;2022;11:30;1;77;1;1;1;2;48,3732420000;3,0560870000
202200016753;2;2;2022;10:10;1;68;2;3;1;3;48,0697110000;7,3507490000
202200016754;28;5;2022;18:30;1;13;2;1;1;3;43,6293190000;5,1343060000
202200016755;28;7;2022;17:52;1;54;2;3;1;1;48,4956491370;6,0145908602
202200016756;2;2;2022;16:40;2;67;2;4;2;3;48,6073000000;7,7622200000
202200016757;27;5;2022;15:39;1;973;2;1;1;1;4,8871421000; -52,2980710000
202200016758;2;2;2022;18:25;1;65;2;1;1;3;43,2328900000;0,0820400000
202200016759;27;7;2022;20:25;2;2A;1;1;1;1;42,2625260000;8,6957650000
202200016760;26;5;2022;02:30;5;973;1;1;1;3;4,8899480000; -52,2874920000
202200016761;3;2;2022;07:45;2;64;2;1;1;6;43,3217000000; -0,3631600000
202200016762;29;7;2022;02:40;3;01;1;1;1;7;45,9275690000;5,5224880000
202200016763;21;5;2022;18:25;1;34;1;1;1;7;43,6664440000;3,7266180000
202200016764;3;2;2022;09:34;1;63;2;1;1;3;45,7894400000;3,0842500000
202200016765;24;5;2022;19:50;1;34;1;1;1;7;43,7112230000;3,8183930000
202200016766;2;2;2022;14:01;1;63;2;1;1;3;45,7713500000;3,0834200000
202200016767;5;7;2022;15:40;1;33;1;1;1;1;44,5142570000; -0,1741500000
202200016768;13;4;2022;13:50;2;34;1;1;1;3;43,6598230000;3,8378440000
202200016769;31;1;2022;18:45;2;62;2;6;1;6;50,4226540000;2,7959690000
202200016770;28;7;2022;20:00;1;29;1;1;1;6;48,3068516001; -4,1923315614
202200016771;3;2;2022;07:30;2;59;2;2;1;6;50,7396301067;3,1165781020
202200016772;28;7;2022;17:50;1;22;1;1;1;7;48,5637380000; -3,5342450000
202200016773;3;2;2022;18:50;5;59;2;1;1;6;50,6365937949;3,0769447088
202200016774;25;5;2022;11:00;1;06;2;1;1;3;43,5833510000;7,0086840000
202200016775;3;2;2022;18:10;2;59;2;1;1;6;50,6293900000;3,0774500000
202200016776;2;2;2022;14:40;1;56;2;1;8;6;47,7382870000; -3,4430680000
202200016777;22;7;2022;19:45;1;62;1;2;1;3;50,3916050000;1,6203980000
202200016778;16;5;2022;02:50;3;82;1;1;1;2;44,0681770000;0,8476420000
202200016779;1;2;2022;10:25;1;51;2;3;2;3;49,2491969422;4,0481339619
202200016780;28;7;2022;20:30;2;44;1;1;1;6;47,5152300000; -1,6399700000
202200016781;2;2;2022;12:20;1;45;2;1;8;6;47,9699699270;2,7562802285