Accident_Id;jour;mois;an;hrmn;lum;dep;agg;int;atm;col;lat;long
202200017111;20;12;2022;17:40;5;77;2;1;2;6;48,4022000000;2,6968800000
202200017112;14;3;2022;19:20;3;59;1;3;1;3;50,9783110000;2,3601130000
202200017113;27;1;2022;19:30;3;14;1;2;2;3;48,8787010000; -0,2305200000
202200017114;14;3;2022;10:30;1;23;1;1;7;1;46,2902570000;1,5965370000
202200017115;28;5;2022;17:35;1;83;2;1;1;3;43,1227600000;5,9458500000
202200017116;14;3;2022;06:30;2;87;1;1;9;7;45,8125590000;1,0791490000
202200017117;17;12;2022;18:50;3;77;1;1;1;5;48,8336100000;3,0009700000
202200017118;3;2;2022;17:15;1;22;2;2;1;5;48,5534860000; -3,1669060000
202200017119;27;5;2022;14:20;1;83;2;9;1;2;43,1085600000;5,9596500000
202200017120;6;3;2022;00:50;3;44;1;1;1;7;47,1572310000; -1,4131760000
202200017121;18;12;2022;16:10;1;76;2;2;3;6;49,4403000000;1,1022000000
202200017122;2;2;2022;22:15;5;27;2;3;1;3;49,2458520000;1,4138780000
202200017123;12;3;2022;11:00;1;51;1;6;1;3;49,2519800000;3,9237710000
202200017124;14;5;2022;18:40;1;83;2;1;1;3;43,1349500000;5,7948000000
202200017125;17;12;2022;16:10;1;76;2;3;1;6;49,5137100000;0,1748500000
202200017126;13;3;2022;13:00;1;69;2;1;1;6;46,0022271180;4,4457989937
202200017127;2;2;2022;15:00;1;60;2;2;1;3;49,3579980953;2,7551522254
202200017128;10;3;2022;22:44;5;69;2;1;1;1;45,8150570000;4,8667070000
202200017129;3;2;2022;17:00;1;59;2;3;2;6;50,8095760000;2,6795270000
202200017130;17;5;2022;08:50;1;83;2;9;1;3;43,4337400000;6,7739700000
202200017131;13;3;2022;17:40;2;89;2;1;2;1;48,3416414182;3,0763944983
202200017132;16;12;2022;17:55;3;76;2;1;1;6;49,5063310000;0,1417500000
202200017133;3;2;2022;08:08;1;13;1;1;1;1;43,2840996229;5,5936224048
202200017134;21;5;2022;14:55;1;83;1;9;1;2;43,4923470000;6,4855910000
202200017135;14;3;2022;14:00;1;89;1;1;1;3;47,9920110000;3,7343110000
202200017136;18;12;2022;17:50;5;76;2;3;2;6;49,5146500000;0,1536500000
202200017137;3;2;2022;17:55;2;91;1;1;1;3;48,6794900000;2,3334200000
202200017138;14;3;2022;11:45;1;61;1;3;1;2;48,7575400000;0,6939840000
202200017139;20;12;2022;11:10;1;76;2;9;2;6;49,9100000000;1,0780000000
202200017140;3;2;2022;09:50;1;94;1;1;1;5;48,7617700000;2,3452100000
202200017141;28;5;2022;10:20;1;81;2;6;1;2;43,9268000000;2,1535400000
202200017142;14;3;2022;18:25;1;25;1;3;1;3;47,2377530000;6,4447690000
202200017143;16;12;2022;16:05;1;76;1;9;8;3;49,9071700000;1,1059600000
202200017144;3;2;2022;06:50;3;91;1;1;1;3;48,6209500000;2,4616400000
202200017145;13;3;2022;16:10;1;31;1;1;1;6;43,2352610000;0,7449250000
202200017146;28;5;2022;14:40;1;79;2;1;1;2;46,3162600000; -0,4768300000
202200017147;13;3;2022;17:45;1;01;1;1;3;7;46,1473950000;5,3118470000
202200017148;2;2;2022;22:45;3;91;1;1;1;2;48,5677600000;2,4721300000
202200017149;19;12;2022;15:00;1;74;2;4;1;2;46,1865800000;6,2478400000
202200017150;26;5;2022;18:55;1;78;2;1;1;6;48,9011800000;2,1068800000
202200017151;13;3;2022;20:45;3;70;1;1;3;2;47,3633190000;6,0398200000
202200017152;2;2;2022;12:50;1;78;1;1;1;2;48,7967440000;2,0260860000
202200017153;3;3;2022;23:00;3;26;2;4;1;6;44,2859793558;4,8359665275
202200017154;27;5;2022;17:35;1;78;2;1;1;2;49,0033830000;1,9066700000
202200017155;3;2;2022;13:30;1;77;1;1;1;2;48,7824478757;2,6161280087
202200017156;6;9;2022;19:50;2;67;2;1;1;3;48,5807500000;7,7373700000
202200017157;12;3;2022;16:40;1;64;1;1;1;6;43,1115730000; -0,2620410000
202200017158;21;12;2022;23:00;3;73;1;4;2;3;45,5681600000;5,9407300000
202200017159;2;2;2022;12:35;1;94;1;1;1;4;48,7609888888;2,3826099002
202200017160;25;5;2022;15:00;1;77;1;1;1;1;48,8408500000;2,5963700000
202200017161;6;9;2022;08:45;1;67;2;3;1;3;48,5707500000;7,7697500000
202200017162;2;2;2022;14:40;1;44;2;1;1;6;47,2440900000; -1,5753700000
202200017163;13;3;2022;18:45;3;88;1;1;2;3;48,0986400000;5,7371380000
202200017164;20;12;2022;18:40;5;72;2;1;3;2;47,9794900000;0,1979200000
202200017165;27;5;2022;23:10;5;77;1;2;1;3;48,6247400000;2,5664800000
202200017166;6;9;2022;16:52;1;66;1;1;1;4;42,7269600000;2,8997800000
202200017167;31;1;2022;08:38;1;05;2;1;1;6;44,5596800000;6,0757900000
202200017168;13;3;2022;17:15;1;34;1;1;3;6;43,3030550000;3,2206790000
202200017169;16;12;2022;13:58;1;72;2;1;1;3;47,9733600000;0,2230190000
202200017170;28;5;2022;22:15;5;77;2;1;1;6;48,3999500000;2,7133400000
202200017171;6;9;2022;08:04;1;66;2;1;1;3;42,7176028111;2,8874368966
202200017172;13;1;2022;14:12;1;91;2;1;1;6;48,6016430000;2,4699870000
202200017173;14;3;2022;12:45;1;51;1;1;1;7;49,0270600000;4,5087800000
202200017174;13;12;2022;15:00;1;71;2;3;1;3;46,7891200000;4,4357300000
202200017175;27;5;2022;04:53;5;76;1;1;1;6;49,4493000000;1,0628500000
202200017176;14;3;2022;05:36;2;988;1;1;1;6; -21,4209870000;165,2632090000
202200017177;1;2;2022;09:55;1;973;2;1;2;7;4,9386907392; -52,3267221451
202200017178;3;9;2022;11:56;1;66;1;6;1;6;42,6582228249;2,8846675158
202200017179;21;12;2022;18:10;5;69;2;3;1;3;45,8132400000;4,8934500000
202200017180;31;1;2022;10:50;1;973;1;6;1;3;4,9069600000; -52,3223400000
202200017181;24;5;2022;10:15;1;76;1;1;1;3;49,3309500000;1,1045780000
202200017182;29;1;2022;00:00;5;69;2;1;1;6;45,7589400000;4,8409700000
202200017183;7;9;2022;11:40;1;64;2;3;1;3;43,3500046686; -1,7812769693
202200017184;27;5;2022;13:35;1;76;2;1;1;7;49,5212021197;0,1090983152
202200017185;19;12;2022;19:10;5;69;2;2;8;3;45,7581300000;4,8933100000
202200017186;13;3;2022;18:20;2;77;1;2;3;3;48,2404150000;2,8093160000
202200017187;6;9;2022;16:00;1;64;1;1;1;3;43,2629770763; -0,3901648521
202200017188;2;2;2022;12:40;1;69;2;1;1;3;45,7656268727;4,8515260220
202200017189;17;12;2022;21:25;3;69;2;1;1;6;45,7846700000;4,8880100000
202200017190;28;5;2022;12:50;1;76;2;2;1;3;49,9245600000;1,1034500000
202200017191;14;3;2022;10:35;1;95;1;1;1;5;49,0892980000;1,9141530000
202200017192;1;2;2022;06:00;5;69;2;3;1;6;45,7703000000;4,8009000000
202200017193;5;9;2022;14:10;1;64;2;9;1;3;43,4300530000; -1,5730240000
202200017194;28;5;2022;09:50;1;74;2;1;1;6;46,3547800000;6,4348600000
202200017195;14;3;2022;09:30;1;95;1;1;1;6;49,1003040323;1,8956780434
202200017196;17;12;2022;12:05;1;69;2;3;1;3;45,9830500000;4,7314300000
202200017197;31;1;2022;07:40;1;971;2;2;1;3;16,2758300000; -61,5074600000
202200017198;7;9;2022;16:40;1;64;2;1;1;3;43,4965700000; -1,4506100000
202200017199;10;3;2022;08:15;1;21;1;1;1;7;47,1864435532;5,2999391555
202200017200;14;1;2022;17:50;5;95;2;1;2;7;49,0051000000;2,2695000000
202200017201;21;12;2022;09:15;1;69;2;3;1;6;45,7001574490;4,8857134581
202200017202;27;5;2022;17:50;1;74;2;5;1;3;45,9070200000;6,1102000000
202200017203;6;9;2022;19:52;1;64;2;1;1;3;43,4871900000; -1,4858050000
202200017204;28;2;2022;18:00;1;67;2;1;1;3;48,3874550000;7,4202450000
202200017205;1;2;2022;19:58;5;87;2;3;2;6;45,8249000000;1,2747700000
202200017206;26;5;2022;23:37;5;74;2;1;1;3;45,9029900000;6,1261000000
202200017207;19;12;2022;06:20;5;69;2;3;1;2;45,6963000000;4,9263800000
202200017208;6;9;2022;09:40;1;64;2;1;1;3;43,4968200000; -1,5095900000
202200017209;13;3;2022;20:00;3;42;1;9;1;3;45,7052730000;4,2271130000
202200017210;1;2;2022;11:03;1;87;2;2;1;2;45,8214900000;1,2402700000
202200017211;16;3;2022;13:30;1;73;2;2;1;1;45,5759029959;5,9069631994
202200017212;18;12;2022;16:10;1;69;2;1;8;3;45,7140056728;4,8761889338
202200017213;14;3;2022;14:00;1;38;1;1;1;1;45,4395720000;5,6097330000
202200017214;6;9;2022;18:23;1;63;2;2;1;3;45,7513012108;3,1092944741
202200017215;1;2;2022;07:42;2;87;2;3;1;6;45,8200100000;1,2448400000
202200017216;27;5;2022;16:25;1;72;2;1;1;3;48,0174900000;0,2180100000
202200017217;3;3;2022;21:45;5;69;2;3;1;3;45,6869810000;4,7863270000
202200017218;18;12;2022;13:40;1;69;2;3;1;6;45,6918900000;4,9337500000
202200017219;2;2;2022;11:45;1;86;2;1;8;3;46,5855840000;0,3331120000
202200017220;13;3;2022;17:18;1;46;1;1;3;-1;44,4373650000;1,5036680000
202200017221;3;9;2022;21:00;4;62;2;1;1;6;50,4131400000;2,9669500000
202200017222;13;3;2022;17:00;1;31;1;1;1;7;43,4511740000;1,2712280000
202200017223;28;5;2022;20:00;1;69;2;2;1;3;45,7713900000;4,9082600000
202200017224;2;2;2022;19:10;5;81;2;2;1;6;43,6059550591;2,2393049151
202200017225;7;9;2022;14:40;1;59;2;2;1;3;50,7371600000;3,1708600000
202200017226;14;3;2022;12:00;1;14;1;1;1;7;48,9056358948; -0,1057434082
202200017227;17;12;2022;20:30;3;69;1;3;1;7;45,7117295570;4,8424038291
202200017228;14;3;2022;12:20;1;60;2;1;1;3;49,4097050609;2,2487919330
202200017229;27;5;2022;16:30;1;69;2;2;1;1;45,7785700000;4,9166100000
202200017230;2;2;2022;15:00;1;78;2;2;1;3;48,9978800000;1,9089800000
202200017231;7;9;2022;21:45;5;59;2;1;1;1;50,6734743227;3,0551098287
202200017232;19;12;2022;17:30;5;67;2;1;8;2;48,6131000000;7,7729000000
202200017233;2;2;2022;18:20;3;77;1;9;1;6;48,8760700000;2,8242600000
202200017234;7;9;2022;19:30;1;59;2;1;8;1;50,5844950368;3,0881388858
202200017235;12;3;2022;23:20;3;13;1;1;1;2;43,2859370000;5,4296640000
202200017236;26;5;2022;19:40;1;69;2;2;1;3;45,7652500000;4,8715600000
202200017237;18;12;2022;19:47;5;66;2;3;1;7;42,6949400000;2,9117600000
202200017238;1;2;2022;20:20;5;77;2;2;1;2;48,8751400000;2,6945600000
202200017239;6;9;2022;08:30;1;59;2;1;1;6;50,6222341872;3,0850405991
202200017240;12;3;2022;18:00;2;13;1;1;8;2;43,2922600000;5,4791700000
202200017241;25;5;2022;19:30;2;66;1;1;1;1;42,6624600000;2,9059800000
202200017242;17;12;2022;18:11;5;66;2;1;1;7;42,7058186051;2,9029333591
202200017243;2;2;2022;08:30;1;76;2;1;1;7;49,3189109254;1,1162106693
202200017244;11;3;2022;17:10;1;13;1;1;1;4;43,2852200000;5,5165500000
202200017245;6;9;2022;11:40;1;51;2;2;1;1;49,2525310514;4,0579301119
202200017246;25;5;2022;14:01;1;66;2;3;1;3;42,7088600000;2,8889400000
202200017247;17;12;2022;15:20;1;66;2;3;1;1;42,7009815586;2,8924110532
202200017248;13;3;2022;00:10;3;69;1;1;1;2;45,6871200000;4,8465000000
202200017249;1;2;2022;17:35;1;72;2;1;1;2;47,9847800000;0,1610200000
202200017250;29;8;2022;19:00;1;42;2;1;1;1;45,5068900000;4,5570000000
202200017251;27;5;2022;17:00;1;64;2;1;1;6;43,3550700000; -1,7745900000
202200017252;13;3;2022;17:45;1;91;1;1;2;7;48,6257400000;2,3565900000
202200017253;17;12;2022;14:33;1;64;2;2;1;1;43,4824000000; -1,5444400000
202200017254;2;2;2022;17:20;1;69;2;1;1;6;45,7781954440;4,8624231093
202200017255;7;9;2022;18:55;1;38;1;1;1;4;45,2024800000;5,7820800000
202200017256;26;5;2022;16:30;1;64;2;1;1;3;43,3712140000; -1,7707440000
202200017257;13;3;2022;15:30;1;94;1;1;2;4;48,7614600000;2,3164400000
202200017258;7;9;2022;17:00;1;37;1;1;2;7;47,3407275366;0,6624197960
202200017259;20;12;2022;18:25;5;64;2;1;1;3;43,4836200000; -1,5008600000
202200017260;13;3;2022;21:00;5;78;1;1;8;6;48,8403880000;2,1147730000
202200017261;27;5;2022;18:00;1;64;2;1;1;6;43,3037500000; -0,3654500000
202200017262;2;2;2022;07:55;2;69;2;3;8;3;45,7189721879;4,9307209253
202200017263;18;12;2022;22:05;5;64;2;1;1;2;43,4847600000; -1,4963300000
202200017264;13;3;2022;19:10;2;92;1;1;1;2;48,8350422017;2,1744212904
202200017265;27;5;2022;17:15;1;64;2;1;1;3;43,3068500000; -0,3346900000
202200017266;7;9;2022;15:30;1;33;2;2;1;3;44,8627800000; -0,5834700000
202200017267;13;3;2022;06:50;2;78;1;1;1;6;48,7987240000;1,9154830000
202200017268;1;2;2022;17:25;1;66;2;1;1;6;42,6967800000;2,8817500000
202200017269;17;12;2022;08:20;2;64;2;1;8;2;43,4929488529; -1,4791524410
202200017270;27;5;2022;22:45;4;64;2;1;1;6;43,4731200000; -1,5456400000
202200017271;13;3;2022;21:30;3;92;1;1;2;6;48,9436471157;2,2877561673
202200017272;7;9;2022;15:45;1;33;2;3;1;3;44,6361592374; -1,1416339874
202200017273;17;12;2022;17:22;2;63;2;4;1;6;45,7879720500;3,0575680733
202200017274;13;3;2022;16:10;1;95;1;1;1;6;49,0317300000;2,1150200000
202200017275;26;5;2022;19:48;1;63;2;2;1;3;45,7732000000;3,0951500000
202200017276;7;9;2022;19:15;1;31;2;1;1;6;43,6246520000;1,4017600000
202200017277;13;3;2022;08:15;1;95;1;1;1;7;49,0387588348;2,1920084953
202200017278;16;12;2022;22:20;5;63;2;2;1;3;45,7807483052;3,1092193723
202200017279;7;9;2022;20:50;2;22;2;1;1;6;48,4967000000; -2,7349500000
202200017280;28;5;2022;14:00;1;62;2;3;1;3;50,9439520000;1,7463750000
202200017281;16;12;2022;11:43;1;63;2;9;2;3;45,7556277764;3,1295934319
202200017282;24;5;2022;11:10;1;61;2;2;1;3;48,7532300000; -0,5611000000
202200017283;7;12;2022;18:53;4;63;2;2;1;3;45,7768300000;3,0786500000
202200017284;12;3;2022;12:30;1;38;2;1;1;6;45,1662400000;5,7517200000
202200017285;22;5;2022;16:00;1;60;2;2;1;6;49,4140900000;2,0854000000
202200017286;7;9;2022;07:34;1;21;2;3;1;3;47,3526610000;5,0628540000
202200017287;8;12;2022;19:10;3;63;2;1;1;3;45,7880912845;3,1117004156
202200017288;12;3;2022;10:55;1;91;2;2;8;3;48,6430520000;2,3416540000
202200017289;28;5;2022;13:10;1;59;2;2;1;3;50,6306800000;3,0475900000
202200017290;3;9;2022;17:40;1;18;2;3;1;1;47,2289600000;2,0479800000
202200017291;12;3;2022;16:50;1;974;2;1;1;7; -20,8823700000;55,4475100000
202200017292;27;5;2022;22:25;5;59;2;1;1;1;50,5894944737;3,0447793007
202200017293;7;12;2022;12:16;1;63;2;1;9;1;45,8115810885;3,1322820174
202200017294;10;12;2022;02:30;3;63;2;1;1;1;45,7678000000;3,0811500000
202200017295;25;5;2022;07:30;1;59;1;1;1;1;51,0108100000;2,4568400000
202200017296;12;8;2022;11:15;1;17;1;1;1;3;45,9232100000; -0,9722900000
202200017297;12;3;2022;12:50;1;974;2;9;1;3; -20,9032300000;55,5033000000
202200017298;9;12;2022;21:50;3;63;2;1;1;6;45,7824204693;3,0938154459
202200017299;26;5;2022;15:30;1;57;2;6;1;2;49,3200000000;6,0600000000
202200017300;7;9;2022;13:25;1;13;2;3;1;3;43,4426700000;5,2303600000
202200017301;12;3;2022;07:10;1;974;1;1;1;6; -20,9501000000;55,2880000000
202200017302;12;3;2022;00:55;5;973;2;1;1;3;4,9321410196; -52,3127773404
202200017303;26;5;2022;03:45;4;56;2;6;1;6;47,7421000000; -3,3733400000
202200017304;4;9;2022;21:00;5;13;2;9;1;5;43,2462746257;5,3881528574
202200017305;18;12;2022;05:55;5;62;2;1;9;5;50,4606850000;2,6786500000
202200017306;26;5;2022;00:22;4;56;2;1;1;1;47,7228406000; -3,3772560900
202200017307;6;9;2022;15:00;1;13;2;1;1;1;43,3067600000;5,3996900000
202200017308;13;12;2022;07:25;5;62;2;3;1;3;50,9465400000;1,8433200000
202200017309;28;5;2022;03:40;5;54;2;1;1;6;48,6989300000;6,1755700000
202200017310;12;3;2022;22:18;5;69;2;3;1;3;45,7143700000;4,8794400000
202200017311;7;9;2022;08:20;1;13;2;1;1;6;43,5141743669;5,4700974024
202200017312;19;12;2022;17:30;5;62;2;2;2;6;50,5300200000;2,6401200000
202200017313;6;9;2022;18:55;1;11;2;3;1;3;43,2163100000;2,3561600000
202200017314;12;3;2022;15:30;1;69;2;1;1;2;45,7555700000;4,8499600000
202200017315;26;5;2022;16:45;1;54;2;2;1;3;48,6904700000;6,1883500000
202200017316;15;12;2022;11:30;1;62;1;1;5;1;50,5091820000;2,6181220000
202200017317;6;9;2022;18:50;1;10;2;1;1;2;48,2943000000;4,0827000000
202200017318;12;3;2022;14:20;1;972;2;1;1;2;14,6297600000; -60,9893400000
202200017319;6;9;2022;09:15;1;09;2;9;1;6;42,9635730000;1,6071930000
202200017320;12;3;2022;16:40;1;972;1;1;1;7;14,6045600000; -61,0816300000
202200017321;26;5;2022;07:30;1;54;2;1;1;6;48,6843000000;6,1394500000
202200017322;21;12;2022;18:50;5;61;2;1;3;3;48,7200800000; -0,0094300000
202200017323;5;9;2022;07:33;1;06;2;1;1;3;43,5609500000;7,0164800000
202200017324;12;3;2022;16:55;1;971;1;1;1;6;16,2663100000; -61,4919700000
202200017325;8;12;2022;03:30;3;61;1;1;5;7;48,7052550000; -0,0020560000
202200017326;6;9;2022;12:40;1;75;2;1;1;3;48,8213550000;2,3191800000
202200017327;25;5;2022;15:45;1;52;2;3;1;3;48,6357100000;4,9420600000
202200017328;16;12;2022;17:35;5;61;2;9;1;7;48,7292900000; -0,0172300000
202200017329;12;3;2022;16:05;1;971;1;2;1;3;16,2973313006; -61,5114158392
202200017330;19;12;2022;22:50;5;61;2;1;2;7;48,4365900000;0,0893500000
202200017331;7;9;2022;13:08;1;75;2;2;1;6;48,8610430000;2,3132370000
202200017332;27;5;2022;08:55;1;51;2;1;1;1;49,2485543582;4,0121582150
202200017333;12;3;2022;19:40;3;91;1;1;2;7;48,4254800000;2,1036800000
202200017334;19;12;2022;15:00;1;61;2;1;8;7;48,4219300000;0,0896700000
202200017335;7;9;2022;06:22;5;75;2;2;1;3;48,8736750000;2,3144780000
202200017336;12;3;2022;02:10;5;88;2;1;1;1;48,2997700000;6,9368900000
202200017337;20;12;2022;11:00;1;59;2;1;2;6;50,7565910000;2,9908590000
202200017338;25;5;2022;16:00;1;50;2;2;1;3;49,6375300000; -1,6056200000
202200017339;7;9;2022;12:45;1;75;2;5;1;6;48,8937710000;2,3733590000
202200017340;11;3;2022;16:30;1;85;1;1;1;2;46,6691970000; -1,4602830000
202200017341;19;12;2022;18:40;5;59;1;1;1;1;50,7730700000;3,1110300000
202200017342;7;9;2022;17:30;1;75;2;2;2;2;48,8518360000;2,3144960000
202200017343;11;3;2022;17:12;1;77;1;1;2;1;48,9914700000;2,6522000000
202200017344;7;9;2022;11:35;1;75;2;1;1;2;48,8458180000;2,3763370000
202200017345;17;12;2022;21:15;5;59;2;1;1;6;50,6645000000;3,1186000000
202200017346;25;5;2022;15:55;1;50;2;3;1;3;49,6438000000; -1,6259200000
202200017347;11;3;2022;17:00;1;74;2;1;1;2;46,1963300000;6,2372500000
202200017348;7;9;2022;16:38;1;75;2;2;2;6;48,8728600000;2,3404680000
202200017349;17;12;2022;19:00;5;59;2;2;9;3;50,7234900000;3,1910800000
202200017350;12;3;2022;03:52;5;73;2;6;1;1;45,7132300000;5,8933300000
202200017351;18;12;2022;17:10;5;59;1;4;4;6;50,5887900000;3,0077200000
202200017352;7;9;2022;17:17;1;75;2;3;2;3;48,8606440000;2,2954560000
202200017353;12;3;2022;19:00;5;69;2;1;1;6;45,7744900000;4,9149100000
202200017354;7;9;2022;15:52;1;75;2;3;2;6;48,8557320000;2,3049750000
202200017355;19;12;2022;12:32;1;59;2;3;2;3;50,6156300000;3,0626560000
202200017356;6;9;2022;19:20;1;75;2;3;1;7;48,8550510000;2,3616480000
202200017357;12;3;2022;01:55;5;64;2;2;3;3;43,3026500000; -0,3745500000
202200017358;7;9;2022;16:24;1;94;2;1;2;4;48,7447220000;2,4523630000
202200017359;16;12;2022;17:20;2;59;2;2;1;5;50,6429000000;3,1230400000
202200017360;12;3;2022;06:30;2;59;2;1;1;4;50,6486634197;3,0681279302
202200017361;6;9;2022;08:30;1;94;2;1;1;3;48,8487100000;2,4787600000
202200017362;21;12;2022;08:56;2;56;2;1;3;6;47,6670340000; -2,7935117000
202200017363;7;9;2022;17:40;1;94;2;3;1;3;48,7879700000;2,4258300000
202200017364;12;3;2022;01:20;5;59;2;2;1;3;50,6243400000;3,0696700000
202200017365;21;12;2022;13:50;1;56;2;1;2;6;47,7632200000; -3,3940300000
202200017366;7;9;2022;09:01;1;93;2;1;1;2;48,9750400000;2,5101700000
202200017367;7;3;2022;12:05;1;59;2;1;1;3;50,5820714623;3,1142295599
202200017368;20;12;2022;15:00;1;56;2;1;1;4;47,7580600000; -3,3868300000
202200017369;7;9;2022;08:10;1;93;2;2;1;3;48,8805359574;2,4887055159
202200017370;18;12;2022;22:14;3;56;2;6;3;2;47,7431140000; -3,3659410000
202200017371;12;3;2022;12:10;1;59;1;1;1;1;50,7162659179;2,6917764544
202200017372;7;9;2022;08:50;1;93;2;3;1;6;48,8944600000;2,5133900000
202200017373;17;12;2022;15:15;1;56;2;1;1;3;47,7488000000; -3,3657000000
202200017374;12;3;2022;02:40;5;54;2;3;1;6;48,6805700000;6,1811800000
202200017375;6;9;2022;17:20;1;93;2;2;1;3;48,8783818656;2,4225332458
202200017376;12;3;2022;19:24;5;51;2;2;1;1;49,2700700000;4,0221400000
202200017377;19;12;2022;12:21;1;54;2;2;1;6;48,6903600000;6,1562000000
202200017378;7;9;2022;08:40;1;93;2;3;1;3;48,9497350805;2,3415020853
202200017379;19;12;2022;17:20;5;54;2;1;1;6;48,6913800000;6,1980200000
202200017380;12;3;2022;17:44;1;49;2;1;1;6;47,4523400000; -0,5560100000
202200017381;5;9;2022;11:20;1;92;2;1;1;7;48,8250782538;2,2281759381
202200017382;11;3;2022;11:05;1;45;1;1;2;7;47,9843000000;2,8233400000
202200017383;12;3;2022;20:02;3;37;2;1;8;6;47,3423106114;0,6474718451
202200017384;19;12;2022;08:00;2;54;2;1;8;4;48,7067600000;6,1620100000
202200017385;7;9;2022;12:45;1;92;2;1;1;2;48,8370700000;2,1495400000
202200017386;12;3;2022;21:00;5;33;2;6;1;3;44,8771300000; -0,5767600000
202200017387;12;3;2022;21:20;5;33;2;2;2;3;44,7973300000; -0,5921200000
202200017388;6;9;2022;09:55;1;92;2;1;1;2;48,8881900000;2,1921800000
202200017389;17;12;2022;15:45;1;54;2;1;1;2;48,6885853227;6,1841171980
202200017390;12;3;2022;14:00;1;33;2;1;7;4;44,8726900000; -0,5620300000
202200017391;12;3;2022;03:00;5;31;2;1;2;3;43,6041100000;1,4566700000
202200017392;17;12;2022;10:30;1;54;2;1;1;6;48,6721600000;6,1531400000
202200017393;6;9;2022;09:40;1;92;2;1;1;7;48,8173600000;2,3268900000
202200017394;12;3;2022;15:05;1;30;2;1;1;1;44,1073700000;4,0958800000
202200017395;12;3;2022;15:25;1;29;1;3;1;3;48,0390105850; -4,0727177560
202200017396;20;12;2022;12:20;1;53;1;2;3;5;48,0917240000; -0,8229150000
202200017397;12;3;2022;14:26;1;29;1;1;2;1;48,4231190000; -4,5107750000
202200017398;7;9;2022;20:05;2;92;2;1;2;7;48,8945100000;2,2893600000
202200017399;21;12;2022;16:33;1;51;2;1;2;7;49,2552400000;4,0592500000
202200017400;12;3;2022;20:25;3;27;2;3;1;3;49,2477400000;1,1742600000
202200017401;7;9;2022;20:00;1;92;2;9;2;7;48,8235874932;2,2554990649
202200017402;21;12;2022;09:20;1;51;2;1;1;2;49,2483200000;4,0107600000
202200017403;13;3;2022;00:22;3;18;2;3;1;3;47,0950600000;2,4233900000
202200017404;7;9;2022;20:10;5;92;2;6;2;7;48,8201687478;2,2429436445
202200017405;7;9;2022;15:50;1;92;2;1;2;2;48,8297100000;2,2673700000
202200017406;20;12;2022;18:00;5;51;2;1;2;4;49,2760321691;4,0064504743
202200017407;12;3;2022;03:32;3;17;1;1;1;1;45,6150760000; -0,9865360000
202200017408;7;9;2022;15:05;1;92;2;1;2;7;48,8234000000;2,2491900000
202200017409;7;9;2022;11:23;1;92;2;1;1;6;48,8996600000;2,2615800000
202200017410;20;12;2022;10:35;1;51;2;6;1;3;49,2852200000;4,0156700000
202200017411;7;9;2022;21:22;5;92;2;1;3;2;48,7857700000;2,2513700000
202200017412;12;3;2022;18:30;1;13;2;1;8;2;43,4361700000;5,2582800000
202200017413;7;9;2022;16:07;1;974;1;1;1;7; -21,3651700000;55,5498580000
202200017414;18;12;2022;17:30;5;51;2;1;1;7;49,2571300000;4,0263800000
202200017415;7;9;2022;18:15;1;58;2;1;1;3;47,3801470000;2,9053800000
202200017416;11;3;2022;15:30;1;13;2;2;1;3;43,4034500000;5,3569700000
202200017417;17;12;2022;16:10;1;50;1;1;7;2;49,6292100000; -1,5811100000
202200017418;12;3;2022;19:45;5;13;2;1;8;3;43,2796000000;5,3997000000
202200017419;6;9;2022;12:30;1;62;2;6;1;6;50,4836188108;1,6239687211
202200017420;20;12;2022;08:28;1;49;2;1;2;1;47,4787700000; -0,5561500000
202200017421;8;9;2022;17:00;1;30;1;1;1;6;44,0388770000;4,7886550000
202200017422;12;3;2022;15:30;1;13;2;1;2;3;43,2768600000;5,4082800000
202200017423;18;12;2022;21:23;5;49;2;1;2;7;47,4647400000; -0,5937700000
202200017424;2;9;2022;15:10;1;76;1;1;1;6;49,7669453857;1,7579552163
202200017425;12;3;2022;11:20;1;13;2;1;1;5;43,3007532706;5,4308337614
202200017426;18;12;2022;15:27;1;49;1;1;2;7;47,5154600000; -0,5695900000
202200017427;3;9;2022;15:45;1;79;2;2;1;7;46,4833530000; -0,4075240000
202200017428;18;12;2022;06:44;3;49;2;1;1;6;47,4684100000; -0,5652400000
202200017429;12;3;2022;11:30;1;13;2;1;1;1;43,2994400000;5,3864600000
202200017430;7;9;2022;18:30;1;65;1;1;1;6;43,2077680000;0,4094870000
202200017431;8;9;2022;15:14;1;11;2;1;1;3;43,0560280000;2,2132850000
202200017432;12;3;2022;00:20;5;13;2;1;1;2;43,2747555486;5,4154367280
202200017433;19;12;2022;13:20;1;47;2;4;1;4;44,1977100000;0,6123500000
202200017434;7;9;2022;12:00;1;71;2;4;1;6;46,3850260000;4,6877500000
202200017435;17;12;2022;16:10;1;45;2;1;1;3;47,8987900000;1,9200500000
202200017436;8;9;2022;11:35;1;12;2;1;1;6;44,0120120000;2,9639300000
202200017437;7;9;2022;18:00;1;12;1;1;1;6;44,0054640000;2,9662010000
202200017438;20;12;2022;08:57;1;45;1;1;1;6;47,9865340000;2,8121060000
202200017439;8;9;2022;10:30;1;34;1;1;1;6;43,4662600000;3,2090470000