Accident_Id;jour;mois;an;hrmn;lum;dep;agg;int;atm;col;lat;long
202200017440;12;3;2022;06:45;1;06;2;3;1;3;43,7125240000;7,2886760000
202200017441;16;12;2022;18:00;5;45;2;1;1;4;47,9818300000;2,7697700000
202200017442;7;9;2022;06:00;2;68;2;1;1;3;47,7529870000;7,0912460000
202200017443;21;12;2022;01:50;5;44;2;1;1;6;47,2232600000; -1,5636230000
202200017444;7;9;2022;09:00;1;68;2;1;1;1;47,6314460000;7,0219640000
202200017445;8;9;2022;11:50;1;22;2;1;1;6;48,8090194293; -3,2991237938
202200017446;17;12;2022;05:30;3;43;2;1;9;6;45,0579000000;3,9038600000
202200017447;7;9;2022;22:55;3;39;1;1;2;6;46,9925500000;5,7713234000
202200017448;11;3;2022;07:25;1;75;2;1;1;3;48,8705970000;2,2723520000
202200017449;8;9;2022;13:30;1;35;1;1;3;6;48,2077670000; -2,0479790000
202200017450;18;12;2022;19:50;5;38;2;1;1;6;45,5251800000;4,8858300000
202200017451;11;3;2022;10:05;1;75;2;1;1;3;48,8931720000;2,3035210000
202200017452;7;9;2022;13:40;1;29;1;4;3;6;48,4988130000; -4,0897250000
202200017453;20;12;2022;17:00;5;38;2;2;1;1;45,2054900000;5,7486900000
202200017454;11;3;2022;20:35;5;75;2;1;2;2;48,8602100000;2,3612550000
202200017455;6;9;2022;15:45;1;38;1;2;1;3;45,3796263899;5,0528605010
202200017456;8;9;2022;13:45;1;38;2;3;1;3;45,4657180000;5,6517470000
202200017457;11;3;2022;21:25;5;75;2;4;1;3;48,8493890000;2,3559630000
202200017458;7;9;2022;19:36;5;02;2;1;2;7;49,0162000000;3,2758060000
202200017459;12;3;2022;12:10;1;75;2;1;8;6;48,8766380000;2,4071540000
202200017460;8;9;2022;11:55;1;01;1;3;1;6;46,0387740000;5,3959390000
202200017461;12;3;2022;21:30;5;75;2;1;2;7;48,8867820000;2,3981290000
202200017462;8;9;2022;14:55;1;14;1;1;1;5;49,2690737258; -0,0339530111
202200017463;7;9;2022;15:00;1;05;1;3;1;3;44,4112111939;5,9681940079
202200017464;12;3;2022;21:20;5;75;2;2;2;6;48,8977463500;2,3290532827
202200017465;8;9;2022;06:50;2;50;1;1;1;6;49,4826240000; -1,6638280000
202200017466;12;3;2022;20:00;5;75;2;1;2;3;48,8871780000;2,3331170000
202200017467;18;12;2022;19:10;5;38;2;2;1;3;45,1841900000;5,7684700000
202200017468;7;9;2022;17:00;1;64;2;1;1;6;43,2158180000; -0,8909980000
202200017469;12;3;2022;01:05;5;75;2;3;1;6;48,8426280000;2,2686650000
202200017470;7;9;2022;12:30;1;07;2;1;1;1;45,3156340000;4,7317410000
202200017471;17;12;2022;22:10;5;38;2;1;1;2;45,1830000000;5,7380000000
202200017472;28;8;2022;16:30;1;24;1;1;1;7;44,9265940000;0,9979320000
202200017473;10;3;2022;22:30;5;75;2;3;1;3;48,8479790000;2,2512830000
202200017474;5;9;2022;08:30;1;04;1;1;1;7;44,1621580000;6,2990070000
202200017475;17;12;2022;19:25;3;38;2;1;5;6;45,5987900000;5,2540400000
202200017476;12;3;2022;15:40;1;75;2;2;1;6;48,8372350000;2,2964440000
202200017477;7;9;2022;11:40;1;52;1;1;1;7;47,6017551684;5,2942299843
202200017478;20;12;2022;20:10;5;37;2;1;2;6;47,3897353862;0,6863129139
202200017479;20;12;2022;15:00;1;37;2;1;1;3;47,3814398096;0,6830942631
202200017480;12;3;2022;15:30;1;75;2;3;1;6;48,8706090000;2,3549590000
202200017481;17;12;2022;15:50;1;37;2;1;1;2;47,4098900000;0,6791800000
202200017482;26;8;2022;16:40;1;69;2;1;1;7;45,5173930000;4,8383750000
202200017483;21;12;2022;22:40;5;35;2;1;2;6;48,1285100000; -1,6474700000
202200017484;12;3;2022;00:10;5;94;2;2;8;3;48,8153100000;2,3756000000
202200017485;8;9;2022;14:27;1;973;1;1;1;7;4,5929370000; -52,4075320000
202200017486;20;12;2022;11:50;1;35;1;6;3;3;48,1549449353; -1,7007055879
202200017487;12;3;2022;19:10;5;94;2;2;1;1;48,7779900000;2,3526800000
202200017488;8;9;2022;17:10;1;37;1;3;3;3;47,4129680000;0,9635700000
202200017489;20;12;2022;08:00;5;35;2;6;2;3;48,0893800000; -1,6820000000
202200017490;8;9;2022;13:55;1;2B;2;1;1;3;42,6328180000;8,9383700000
202200017491;12;3;2022;20:35;5;94;2;2;2;3;48,7470600000;2,4112600000
202200017492;19;12;2022;19:00;3;35;1;1;2;4;48,0988480000; -1,7141210000
202200017493;12;3;2022;18:20;5;92;2;1;1;6;48,8880800000;2,1903700000
202200017494;7;9;2022;16:22;1;66;1;1;1;4;42,6443960000;2,8771730000
202200017495;19;12;2022;14:20;1;35;2;1;1;3;48,1251200000; -1,6986300000
202200017496;12;3;2022;20:45;5;92;2;1;2;6;48,9184650000;2,2395550000
202200017497;8;9;2022;09:15;1;83;2;1;1;6;43,2694760000;6,6346720000
202200017498;18;12;2022;06:03;3;35;2;2;1;3;48,0867200000; -1,6750600000
202200017499;8;9;2022;01:25;3;89;1;1;1;6;48,2653480000;3,2904700000
202200017500;12;3;2022;14:25;1;92;2;7;1;2;48,8253564752;2,2482195497
202200017501;18;12;2022;19:40;5;35;2;1;2;3;48,1320800000; -1,6211900000
202200017502;12;3;2022;19:45;1;92;2;1;1;2;48,9212362066;2,2685075104
202200017503;7;9;2022;07:15;1;54;1;1;1;6;48,5794969000;6,0977590000
202200017504;12;3;2022;15:40;1;92;2;1;1;2;48,9156700000;2,2765900000
202200017505;17;12;2022;09:30;1;35;2;1;8;6;48,0865900000; -1,6676200000
202200017506;8;9;2022;16:50;1;63;1;1;1;1;45,5866390000;2,9356880000
202200017507;13;3;2022;05:55;2;60;2;1;1;6;49,3201690000;2,5089350000
202200017508;17;12;2022;18:30;3;34;1;1;1;3;43,4290900000;3,7534300000
202200017509;4;9;2022;12:10;1;38;1;1;1;1;45,1066210000;5,6501480000
202200017510;13;3;2022;15:55;1;95;2;1;2;6;49,1500840000;2,2779740000
202200017511;16;12;2022;23:00;3;34;2;1;1;7;43,3665760000;3,2189180000
202200017512;7;9;2022;13:45;1;69;2;2;1;1;45,7946330000;4,7907740000
202200017513;21;12;2022;18:30;5;33;2;3;2;3;44,7969000000; -0,5684400000
202200017514;7;9;2022;18:00;1;14;2;1;2;7;48,9008700000; -0,2028700000
202200017515;12;3;2022;15:13;1;18;1;2;2;3;47,3953190000;2,8559170000
202200017516;20;12;2022;12:10;1;33;2;1;2;2;44,8717600000; -0,5764200000
202200017517;7;9;2022;21:52;5;76;2;1;1;1;49,5116190000;0,1967560000
202200017518;13;3;2022;15:45;1;41;1;2;8;3;47,5880900000;1,0735650000
202200017519;20;12;2022;09:30;1;33;2;1;1;1;44,8086600000; -0,6361700000
202200017520;12;3;2022;07:50;1;988;1;1;1;6; -20,3941120000;164,2103930000
202200017521;19;12;2022;17:15;2;33;2;3;1;3;44,8543600000; -0,5908500000
202200017522;12;3;2022;18:50;3;83;2;1;1;1;43,1860090000;6,0403080000
202200017523;7;9;2022;14:31;1;13;1;1;1;3;43,4288800000;5,3883400000
202200017524;12;3;2022;15:50;1;44;1;1;1;7;47,1736050000; -1,3965460000
202200017525;19;12;2022;08:40;2;33;2;3;1;3;44,8594055381; -0,5804670453
202200017526;7;9;2022;16:12;1;83;1;1;1;2;43,1272131149;5,9198731184
202200017527;13;3;2022;09:30;1;57;1;3;1;6;49,1415290000;6,4688310000
202200017528;18;12;2022;23:00;5;33;2;3;1;3;44,8383700000; -0,5817400000
202200017529;12;3;2022;06:00;3;56;1;3;2;6;47,9361293514; -2,4816302431
202200017530;7;9;2022;14:59;1;83;1;1;1;4;43,1271309043;5,9161235786
202200017531;16;12;2022;22:25;5;33;2;1;1;3;44,7781009048; -0,5555123091
202200017532;21;12;2022;12:05;1;33;2;1;1;1;44,6106470000; -1,1454120000
202200017533;7;9;2022;12:40;1;33;1;1;1;4;44,8181810000; -0,5208260000
202200017534;12;3;2022;17:00;1;74;1;4;1;3;46,0131480000;5,9972050000
202200017535;18;12;2022;19:10;3;33;2;1;1;3;44,6103900000; -1,1237400000
202200017536;6;9;2022;08:40;1;78;1;1;1;3;48,8314740000;2,1470700000
202200017537;12;3;2022;22:00;3;12;1;1;6;6;43,8096790000;2,8887710000
202200017538;17;12;2022;19:05;3;31;2;1;1;6;43,6330120000;1,4742300000
202200017539;5;9;2022;09:10;1;92;1;1;9;7;48,8388738592;2,1936046998
202200017540;12;3;2022;06:00;3;12;1;1;2;6;44,2884610000;2,6476840000
202200017541;17;12;2022;20:00;5;30;2;1;1;2;44,1290000000;4,1065700000
202200017542;7;9;2022;16:20;1;92;1;1;2;4;48,9291558347;2,3291803213
202200017543;7;9;2022;06:40;2;93;1;1;1;3;48,8713016540;2,4817836285
202200017544;18;12;2022;19:55;5;29;2;2;2;3;47,9974310000; -4,1094040000
202200017545;25;4;2022;13:40;1;62;2;9;1;3;50,2941000000;2,8049600000
202200017546;19;12;2022;19:10;5;29;2;6;3;6;48,5874410000; -3,8210260000
202200017547;6;9;2022;10:25;1;38;2;1;1;6;45,5243400000;4,8749100000
202200017548;19;12;2022;08:15;5;29;1;6;3;3;48,5674435011; -3,8531166229
202200017549;6;9;2022;17:49;1;33;2;1;7;4;44,8642900073; -0,5195143819
202200017550;20;12;2022;19:50;5;29;2;2;1;3;48,4222830691; -4,4941210460
202200017551;5;9;2022;12:50;1;91;2;9;1;6;48,6907850000;2,4597850000
202200017552;16;12;2022;14:10;1;29;2;1;1;6;48,3933581405; -4,4789371489
202200017553;4;9;2022;20:50;3;94;2;1;1;6;48,8534560000;2,4627150000
202200017554;2;9;2022;01:30;5;94;2;1;1;7;48,8341440000;2,5179300000
202200017555;19;12;2022;09:30;1;29;2;3;1;3;48,4117855243; -4,4956840575
202200017556;2;9;2022;22:08;5;66;2;1;1;6;42,6927100000;2,8921500000
202200017557;17;12;2022;12:10;1;29;2;6;1;3;48,4153800000; -4,4754700000
202200017558;31;8;2022;18:30;1;51;2;1;1;7;48,9477970000;4,3471400000
202200017559;6;9;2022;06:48;1;976;2;1;1;3; -12,7707000000;45,2221300000
202200017560;17;12;2022;17:45;5;28;2;1;1;3;48,4457400000;1,4835600000
202200017561;6;9;2022;08:00;1;974;2;3;1;3; -21,3369400000;55,4591100000
202200017562;17;12;2022;16:40;1;27;1;1;7;1;49,2886200000;1,2349600000
202200017563;6;9;2022;21:50;5;973;2;1;1;7;4,9364800000; -52,3150000000
202200017564;19;12;2022;07:50;5;27;2;1;1;6;49,2101604699;1,1758067262
202200017565;5;9;2022;22:50;5;973;2;2;1;7;4,9310725531; -52,3132333159
202200017566;19;12;2022;17:00;2;27;2;3;2;7;49,0180400000;1,1312100000
202200017567;5;9;2022;12:35;1;972;2;9;1;3;14,6213700000; -61,0204400000
202200017568;17;12;2022;10:45;2;27;2;1;8;6;49,0268300000;1,1563600000
202200017569;4;9;2022;08:35;1;971;1;1;1;2;16,2732800000; -61,5172100000
202200017570;21;12;2022;13:20;1;22;2;1;1;1;48,5340400000; -2,7426400000
202200017571;5;9;2022;17:12;1;2A;2;1;1;6;41,9417400000;8,7482300000
202200017572;5;9;2022;12:30;1;91;2;1;1;7;48,6851680000;2,3893310000
202200017573;20;12;2022;16:25;1;22;1;1;1;4;48,4994850426; -2,7262868619
202200017574;6;9;2022;08:10;2;91;2;2;1;3;48,6957300000;2,3649700000
202200017575;20;12;2022;16:05;1;19;2;1;2;3;45,1500500000;1,4891100000
202200017576;5;9;2022;21:50;5;87;2;1;1;6;45,8277300000;1,2931900000
202200017577;17;12;2022;16:30;1;19;2;3;1;4;45,1473600000;1,4825100000
202200017578;3;9;2022;11:45;1;87;2;1;1;7;45,8564000000;1,2702600000
202200017579;6;9;2022;04:40;3;86;1;1;1;6;46,5855100000;0,2822220000
202200017580;17;12;2022;10:15;1;19;2;2;1;1;45,1574000000;1,5237200000
202200017581;5;9;2022;13:50;1;86;2;1;1;1;46,8118620000;0,5427530000
202200017582;17;12;2022;09:30;1;19;2;6;1;3;45,1447400000;1,4706800000
202200017583;5;9;2022;17:30;1;83;1;1;1;6;43,1383800000;6,0325000000
202200017584;18;12;2022;22:10;5;18;2;1;1;6;47,0837080000;2,4219250000
202200017585;5;9;2022;20:10;2;83;1;1;1;6;43,1344909538;5,7794516087
202200017586;19;12;2022;13:30;1;17;2;9;8;3;45,7543000000; -0,6522100000
202200017587;19;12;2022;19:35;5;17;2;1;1;1;45,6229690000; -1,0169660000
202200017588;5;9;2022;13:30;1;77;2;1;1;3;48,5879600000;2,5632900000
202200017589;19;12;2022;19:50;5;17;2;1;2;3;46,1651260000; -1,1928710000
202200017590;16;12;2022;13:05;1;14;2;6;1;7;49,1434060000;0,2183270000
202200017591;18;12;2022;22:25;5;14;2;1;3;6;49,4204200000;0,2287700000
202200017592;6;9;2022;16:10;1;76;2;1;1;2;49,4401100000;1,0808700000
202200017593;22;12;2022;01:25;3;14;1;9;2;2;49,1794700000; -0,3222100000
202200017594;6;9;2022;10:40;1;76;2;1;1;6;49,9247800000;1,1093100000
202200017595;16;12;2022;17:40;3;14;2;3;1;7;49,1834100000; -0,3669700000
202200017596;20;12;2022;12:00;1;13;1;1;1;5;43,4300000000;5,2800000000
202200017597;6;9;2022;18:30;1;72;2;1;1;6;47,9758900000;0,2368900000
202200017598;21;12;2022;17:30;1;13;2;1;1;1;43,3200202814;5,3773869752
202200017599;6;9;2022;17:55;1;72;1;1;1;3;48,0299000000;0,1796300000
202200017600;21;12;2022;07:32;5;13;2;1;2;1;43,2962700000;5,4757200000
202200017601;6;9;2022;17:20;1;72;2;1;1;3;48,0247204823;0,1788568495
202200017602;21;12;2022;07:30;5;13;2;1;2;3;43,2942300000;5,4285700000
202200017603;5;9;2022;17:40;1;72;2;1;1;6;47,9984991328;0,1952898500
202200017604;20;12;2022;22:20;5;13;2;1;1;6;43,2935999110;5,4834333805
202200017605;29;10;2022;19:32;5;13;2;1;1;1;43,3602900000;5,3302800000
202200017606;6;9;2022;17:40;1;69;2;6;8;7;46,0007700000;4,7175100000
202200017607;6;9;2022;18:25;1;69;2;2;2;4;45,7152100000;4,9575000000
202200017608;20;12;2022;16:30;1;13;2;1;1;3;43,3321795462;5,4101580739
202200017609;2;9;2022;23:40;5;67;2;1;1;6;48,5750797345;7,7603200078
202200017610;2;9;2022;15:48;1;66;2;3;1;3;42,6912300000;2,8822600000
202200017611;6;9;2022;07:05;1;64;1;3;1;3;43,3229481961; -0,3196462244
202200017612;6;9;2022;07:30;1;59;2;2;1;6;50,6500976707;3,0371041596
202200017613;3;9;2022;06:45;1;59;1;1;1;1;50,3615793301;3,0410027504
202200017614;3;9;2022;13:25;1;57;2;1;2;6;49,3282100000;6,1187800000
202200017615;6;9;2022;22:16;5;54;2;2;1;3;48,6894989770;6,1784952879
202200017616;6;9;2022;13:35;1;51;2;6;1;3;49,2196246968;4,0413057804
202200017617;6;9;2022;07:50;1;51;2;1;1;3;49,2700700000;4,0438900000
202200017618;6;9;2022;12:08;1;50;2;4;1;2;49,1170500000; -1,0974800000
202200017619;6;9;2022;09:30;1;49;2;2;1;3;47,4788900000; -0,5451700000
202200017620;5;9;2022;10:15;1;45;2;1;1;6;47,9907400000;2,7092900000
202200017621;6;9;2022;11:05;1;43;1;1;1;7;45,0403400000;3,8939000000
202200017622;6;9;2022;14:57;1;37;2;1;1;6;47,3991662049;0,7362931967
202200017623;6;9;2022;11:35;1;37;2;2;1;6;47,3793003270;0,6823110580
202200017624;22;4;2022;16:55;1;35;1;1;1;4;48,1192125687; -1,7200141400
202200017625;26;6;2022;15:06;1;65;2;2;1;3;43,2565100000;0,0929700000
202200017626;5;9;2022;09:00;1;37;2;1;1;7;47,3641900000;0,6995500000
202200017627;20;4;2022;00:15;4;33;2;1;2;6;44,8221590000; -0,5170720000
202200017628;26;6;2022;16:05;1;57;2;9;8;3;49,1328200000;6,1674400000
202200017629;6;9;2022;10:55;1;35;2;6;2;2;48,1142001543; -1,6076289117
202200017630;22;4;2022;22:45;5;31;2;2;1;1;43,5732700000;1,4932800000
202200017631;6;9;2022;19:45;1;35;2;1;1;3;48,3459093367; -1,1786672473
202200017632;13;6;2022;11:25;1;57;2;5;1;3;49,1134786083;6,1835284531
202200017633;22;4;2022;16:45;1;31;2;1;1;3;43,6071530000;1,4471580000
202200017634;6;9;2022;22:15;3;33;1;1;1;2;44,9115115510; -0,5584774911
202200017635;21;4;2022;17:40;1;29;1;6;1;3;47,9836400000; -4,0747700000
202200017636;6;9;2022;15:05;1;33;2;1;1;4;44,7976400000; -0,6651100000
202200017637;26;6;2022;16:50;1;54;2;1;1;3;48,6652809625;6,2166491748
202200017638;5;9;2022;20:20;1;33;2;1;1;2;44,8348600000; -0,5868000000
202200017639;22;4;2022;08:20;1;27;2;1;1;1;49,0777100000;1,4789700000
202200017640;26;6;2022;06:00;2;54;1;1;1;6;49,2370500000;5,9529800000
202200017641;6;9;2022;19:05;1;31;2;1;1;2;43,6225000000;1,3911000000
202200017642;19;4;2022;13:00;1;22;2;6;1;3;48,7573110227; -3,4516167641
202200017643;6;9;2022;19:25;1;31;2;1;1;3;43,5579800000;1,4258000000
202200017644;26;6;2022;16:45;1;44;2;1;1;3;47,2204110000; -1,6032060000
202200017645;21;4;2022;08:55;1;19;1;1;8;7;45,5724760304;2,3039531708
202200017646;6;9;2022;08:40;1;31;2;1;1;6;43,6296000000;1,4337700000
202200017647;6;9;2022;04:15;5;31;2;7;1;6;43,6337200000;1,3971400000
202200017648;22;4;2022;22:10;5;13;2;1;8;2;43,4157800000;5,3530000000
202200017649;25;6;2022;23:55;5;33;2;2;1;3;44,8660700000; -0,5613200000
202200017650;6;9;2022;09:45;1;29;1;6;1;7;47,9733300000; -4,0877110000
202200017651;22;4;2022;19:15;1;13;2;1;1;3;43,3063521947;5,5102874595
202200017652;6;9;2022;12:30;1;29;2;1;1;6;47,8683030000; -3,9045670000
202200017653;25;6;2022;16:00;1;33;2;1;1;6;44,6575800000; -1,1713100000
202200017654;5;9;2022;18:05;1;27;2;1;1;2;49,0841900000;1,4778600000
202200017655;22;4;2022;19:35;1;06;2;3;1;3;43,6873490000;7,1813240000
202200017656;22;6;2022;16:56;1;29;2;1;1;2;47,9855900000; -4,1065000000
202200017657;6;9;2022;11:30;1;22;2;1;1;6;48,5058400000; -2,7473000000
202200017658;26;6;2022;04:45;5;29;2;1;1;6;47,9756700000; -4,0986000000
202200017659;22;4;2022;11:15;1;75;2;1;1;2;48,8161510000;2,3611500000
202200017660;6;9;2022;07:25;2;22;1;1;1;1;48,5271410000; -2,7697310000
202200017661;5;9;2022;18:19;1;17;2;2;1;3;46,1713000000; -1,1770000000
202200017662;21;4;2022;22:23;5;75;2;3;1;1;48,8561330682;2,3403940007
202200017663;24;6;2022;17:05;1;29;1;1;2;5;48,0073800000; -4,0830500000
202200017664;6;9;2022;15:50;1;13;2;1;1;3;43,2619700000;5,3747800000
202200017665;14;6;2022;17:20;1;22;2;1;1;2;48,5234800000; -2,7526800000
202200017666;22;4;2022;15:25;1;75;2;2;1;6;48,8907140000;2,3766820000
202200017667;5;9;2022;17:00;1;13;2;1;1;2;43,3027200000;5,3736800000
202200017668;25;6;2022;19:15;1;22;2;1;1;2;48,7502900000; -3,4599610000
202200017669;22;4;2022;17:50;1;75;2;1;1;3;48,8767090000;2,2735140000
202200017670;26;6;2022;13:50;1;13;2;1;1;2;43,2706100900;5,3880162754
202200017671;5;9;2022;12:20;1;11;2;9;1;3;43,2067700000;2,3109000000
202200017672;21;4;2022;13:05;1;75;2;1;1;6;48,8575159774;2,2873596561
202200017673;5;9;2022;10:20;1;11;2;9;1;6;43,2280400000;2,3257700000
202200017674;26;6;2022;11:00;1;13;2;3;1;3;43,3471300000;5,3685500000
202200017675;21;4;2022;09:50;1;75;2;1;1;3;48,8641852310;2,2867413363
202200017676;26;6;2022;06:30;2;13;2;3;1;3;43,3045783245;5,3749532234
202200017677;5;9;2022;07:45;1;11;2;3;1;6;43,2219000000;2,3449000000
202200017678;22;4;2022;18:25;1;75;2;4;1;2;48,8205450000;2,3242210000
202200017679;26;6;2022;10:17;1;13;1;2;1;3;43,5827900000;5,0355600000
202200017680;6;9;2022;10:50;1;07;2;1;1;6;44,9438320000;4,8566200000
202200017681;22;4;2022;18:45;1;75;2;1;1;3;48,8253570000;2,3162520000
202200017682;25;6;2022;15:55;1;13;2;1;1;3;43,1937500000;5,6282200000
202200017683;5;9;2022;17:35;1;06;2;1;1;2;43,6363900000;6,9406890000
202200017684;22;4;2022;11:12;1;75;2;2;1;7;48,8381143092;2,3559270054
202200017685;25;6;2022;20:00;1;06;2;6;7;3;43,6451100000;6,9406500000
202200017686;5;9;2022;10:00;1;05;2;1;1;2;44,8965100000;6,6343000000
202200017687;22;4;2022;15:00;1;75;2;2;1;3;48,8354884953;2,4064412809
202200017688;25;6;2022;17:00;1;06;2;1;1;3;43,6600200000;7,1838530000
202200017689;5;9;2022;08:48;1;04;2;1;1;6;43,8319800000;5,7848400000
202200017690;26;6;2022;18:50;1;05;2;3;1;3;44,5457860000;6,0534460000
202200017691;22;4;2022;16:45;1;75;2;3;1;2;48,8411955369;2,4010458323
202200017692;5;9;2022;17:25;1;01;2;1;1;3;46,2268990000;5,2291460000
202200017693;26;6;2022;17:45;1;75;2;1;1;2;48,9011940000;2,3507470000
202200017694;22;4;2022;14:30;1;75;2;4;1;6;48,8480300000;2,3676590000
202200017695;6;9;2022;08:35;1;75;2;1;1;2;48,8858090000;2,2883020000
202200017696;22;4;2022;10:28;1;75;2;3;1;3;48,8357120000;2,3861100000
202200017697;24;6;2022;19:40;1;75;2;1;1;5;48,8705970000;2,2723520000
202200017698;5;9;2022;10:40;1;75;2;1;1;2;48,8748760000;2,4106970000
202200017699;22;4;2022;01:42;5;75;2;3;1;3;48,8840570386;2,3554821588
202200017700;26;6;2022;19:28;1;75;2;2;1;3;48,8421590000;2,3520650000
202200017701;22;4;2022;13:50;1;75;2;7;1;2;48,8755753217;2,3266215895
202200017702;26;6;2022;11:00;1;75;2;5;1;3;48,8537480000;2,3442960000
202200017703;22;4;2022;16:40;1;75;2;4;1;6;48,8648030000;2,3451240000
202200017704;26;6;2022;17:00;1;75;2;3;1;2;48,8858120000;2,3706430000
202200017705;22;4;2022;12:45;1;75;2;3;1;7;48,8543087355;2,3637461464
202200017706;26;6;2022;14:15;1;75;2;2;1;3;48,8421680000;2,2855480000
202200017707;22;4;2022;18:10;1;94;2;4;1;3;48,7960367032;2,3941247463
202200017708;26;6;2022;00:30;5;75;2;4;1;3;48,8266300000;2,3921050000
202200017709;22;4;2022;12:55;1;94;2;7;1;6;48,8142700000;2,3906400000
202200017710;26;6;2022;20:35;1;75;2;7;1;3;48,8738380000;2,2960210000
202200017711;21;4;2022;19:50;1;94;2;1;1;6;48,7664400000;2,4802000000
202200017712;26;6;2022;19:40;1;75;2;4;1;3;48,8473300000;2,3648000000
202200017713;26;6;2022;16:10;1;75;2;3;1;6;48,8632120000;2,3337770000
202200017714;21;4;2022;11:18;1;94;1;2;7;4;48,7736130184;2,3995814322
202200017715;21;4;2022;12:30;1;94;2;1;1;1;48,8281500000;2,5279500000
202200017716;26;6;2022;06:30;1;75;2;2;1;2;48,8543690000;2,3549680000
202200017717;22;4;2022;15:05;1;93;2;1;1;6;48,9450970000;2,3521440000
202200017718;26;6;2022;18:35;1;94;2;1;1;3;48,7902900000;2,3916400000
202200017719;21;4;2022;20:20;2;93;2;3;1;2;48,9240700000;2,3722400000
202200017720;21;4;2022;14:35;1;93;2;1;1;6;48,9446200000;2,3592500000
202200017721;26;6;2022;23:20;5;94;2;3;1;1;48,8113900000;2,3901900000
202200017722;26;6;2022;04:30;5;94;2;1;1;7;48,7571500000;2,3889200000
202200017723;21;4;2022;08:03;1;93;2;3;1;6;48,9084590000;2,3623180000
202200017724;26;6;2022;07:10;1;94;2;2;1;3;48,7734400000;2,3996900000
202200017725;22;4;2022;02:40;5;93;2;1;1;6;48,8757700000;2,4772400000
202200017726;26;6;2022;16:15;1;94;2;3;1;6;48,8052500000;2,4191600000
202200017727;22;4;2022;14:00;1;93;2;1;1;3;48,8837000000;2,4994300000
202200017728;26;6;2022;21:20;1;93;2;3;1;6;48,9466743957;2,3863195181
202200017729;21;4;2022;19:29;1;93;2;1;1;3;48,9523890000;2,3379260000
202200017730;26;6;2022;16:40;1;93;2;1;1;3;48,8926670000;2,4106170000
202200017731;26;6;2022;07:00;2;93;2;2;1;3;48,8900990000;2,4529230000
202200017732;22;4;2022;08:50;1;93;2;3;1;6;48,9215510000;2,4549540000
202200017733;26;6;2022;17:40;1;93;2;2;1;3;48,8520100000;2,4325700000
202200017734;22;4;2022;19:40;1;93;2;1;1;5;48,9239108573;2,4140068888
202200017735;26;6;2022;17:00;1;93;2;1;1;6;48,9095700000;2,3862600000
202200017736;26;6;2022;20:30;1;92;2;1;1;2;48,8832604099;2,2741602659
202200017737;22;4;2022;16:50;1;93;2;1;1;6;48,9325200000;2,4258800000
202200017738;22;4;2022;06:20;5;93;2;1;1;3;48,9490965846;2,4561068415
202200017739;25;6;2022;15:30;1;60;1;1;2;3;49,4853010000;2,5469830000
202200017740;25;6;2022;17:15;1;08;2;1;8;7;49,4963540000;4,3644150000
202200017741;22;4;2022;07:50;1;92;2;1;1;3;48,8593442888;2,2100220770
202200017742;22;4;2022;19:30;1;92;2;1;1;6;48,8099804436;2,3200032413
202200017743;26;6;2022;17:00;1;86;2;1;1;1;46,9341830000;0,6055110000
202200017744;22;4;2022;15:20;1;92;2;3;1;3;48,8128072965;2,3161113560
202200017745;26;6;2022;20:20;2;36;1;1;2;6;47,0671220000;1,8216120000
202200017746;19;4;2022;18:50;1;92;2;3;1;6;48,9337726579;2,3136091232
202200017747;21;6;2022;13:45;1;31;2;1;1;3;43,6722100000;1,4100210000
202200017748;20;4;2022;13:12;1;92;2;9;1;6;48,9064670046;2,2388851941
202200017749;22;4;2022;16:20;1;92;2;1;1;6;48,8933973113;2,2536115944
202200017750;26;6;2022;16:30;1;84;1;1;1;1;44,1810660000;5,1342900000
202200017751;19;4;2022;08:37;1;92;2;3;1;3;48,8972400000;2,3077300000
202200017752;26;6;2022;05:00;3;63;1;1;3;6;45,9520435318;2,8836938739
202200017753;22;4;2022;14:40;1;92;2;6;1;6;48,7878147550;2,3045880496
202200017754;23;4;2022;15:45;1;09;1;3;3;1;43,0024500000;1,1692070000
202200017755;26;6;2022;18:45;1;50;1;4;2;1;49,0898390000; -1,1193610000
202200017756;23;4;2022;17:30;1;36;2;1;8;3;46,9845950000;1,6086840000
202200017757;25;6;2022;20:00;1;37;1;1;1;3;47,4073830000;0,7194540000
202200017758;23;4;2022;22:30;3;76;1;1;1;3;49,8630520000;1,1988830000
202200017759;23;6;2022;07:30;2;37;1;1;8;6;47,3351800388;0,4379081726
202200017760;23;4;2022;18:40;1;28;1;1;1;7;48,3145190000;1,3222220000
202200017761;26;6;2022;15:55;1;77;1;1;1;3;48,3990350000;2,5593210000
202200017762;27;6;2022;11:15;1;83;1;1;1;7;43,3596030000;6,1993580000
202200017763;27;6;2022;15:20;1;79;1;1;1;1;46,8270730000; -0,1822080000
202200017764;22;4;2022;03:34;3;79;2;1;1;1;46,2668690000; -0,0082610000
202200017765;20;4;2022;18:35;1;83;1;1;2;7;43,3480540000;6,2976500000
202200017766;24;4;2022;00:40;3;56;1;1;1;7;47,7363060000; -2,1534920000
202200017767;24;4;2022;17:40;1;74;1;1;2;3;45,9703020000;5,8356710000
202200017768;26;6;2022;17:00;1;80;1;2;1;5;49,8730930000;2,6856420000
202200017769;23;4;2022;02:43;5;65;1;1;2;6;43,1160920000;0,4105600000