Accident_Id;jour;mois;an;hrmn;lum;dep;agg;int;atm;col;lat;long
202200019083;19;12;2022;09:55;1;75;2;2;1;6;48,8716200000;2,3308000000
202200019084;11;3;2022;22:00;5;95;2;1;1;2;48,9685150000;2,4063350000
202200019085;20;12;2022;17:54;5;75;2;7;2;3;48,8666606764;2,3220144453
202200019086;4;3;2022;20:30;5;95;2;3;1;2;48,9676063303;2,2846278548
202200019087;18;12;2022;22:35;5;75;2;2;2;3;48,8743480000;2,3227270000
202200019088;11;3;2022;10:50;1;95;2;1;1;6;48,9482900000;2,2519600000
202200019089;18;12;2022;18:30;5;75;2;3;2;6;48,8724060000;2,3041210000
202200019090;18;12;2022;06:43;5;75;2;1;1;6;48,8646500648;2,3075339198
202200019091;25;5;2022;22:00;3;11;1;9;1;4;43,1791645048;2,5806121491
202200019092;10;3;2022;19:15;1;91;2;2;1;3;48,4298900000;2,1479400000
202200019093;20;12;2022;19:50;5;75;2;7;2;2;48,8347130000;2,3312440000
202200019094;10;3;2022;15:41;1;87;2;1;1;7;45,8260000000;1,2683300000
202200019095;19;12;2022;10:25;1;75;2;7;8;3;48,8607130000;2,3187690000
202200019096;26;5;2022;05:30;2;71;1;1;1;3;46,4046120000;4,8561930000
202200019097;17;12;2022;19:00;5;75;2;1;1;3;48,8490240000;2,3216860000
202200019098;11;3;2022;17:30;1;83;2;6;8;6;43,1304500000;5,9915200000
202200019099;26;5;2022;12:25;1;83;1;1;1;1;43,4674720000;6,6047120000
202200019100;20;12;2022;11:30;1;75;2;4;2;3;48,8667390000;2,3619650000
202200019101;11;3;2022;06:35;4;83;2;1;1;3;43,1367900000;6,0011500000
202200019102;20;12;2022;08:55;1;75;2;2;1;3;48,8679470000;2,3245840000
202200019103;11;3;2022;08:30;1;78;2;1;1;6;48,9799000000;1,9078700000
202200019104;19;12;2022;13:30;1;75;2;2;1;6;48,8652520000;2,3571260000
202200019105;26;5;2022;14:30;1;35;1;1;1;6;48,3602341411; -1,8712055683
202200019106;11;3;2022;11:35;1;78;2;1;2;6;48,9986900000;2,0639000000
202200019107;16;12;2022;13:25;1;94;2;1;1;3;48,7941200000;2,4007200000
202200019108;11;3;2022;08:40;1;77;2;1;1;6;48,8532100000;2,7726600000
202200019109;20;12;2022;19:15;5;94;2;4;2;6;48,8479900000;2,4458500000
202200019110;20;12;2022;01:30;5;94;2;4;1;1;48,8499000000;2,4346000000
202200019111;9;3;2022;09:45;1;77;2;9;1;3;48,8782500000;2,7014600000
202200019112;18;12;2022;06:15;5;94;2;1;1;3;48,8039590000;2,4276280000
202200019113;11;3;2022;14:44;1;76;2;4;2;3;49,4506100000;1,0588600000
202200019114;18;12;2022;17:34;5;94;2;1;2;1;48,7828300000;2,3670200000
202200019115;18;12;2022;15:20;1;94;2;1;1;1;48,8242000000;2,3901700000
202200019116;11;3;2022;15:05;1;73;2;4;1;3;45,5587600000;5,9168000000
202200019117;18;12;2022;17:00;5;94;2;3;2;3;48,7837700000;2,4703600000
202200019118;9;3;2022;17:18;1;71;2;6;1;3;46,3088000000;4,8204600000
202200019119;21;12;2022;08:15;1;94;2;3;2;3;48,8218100000;2,4901200000
202200019120;11;3;2022;17:10;1;64;2;1;1;2;43,3156200000; -0,3731100000
202200019121;20;12;2022;16:50;2;94;2;2;2;1;48,8237300000;2,4961300000
202200019122;11;3;2022;15:20;1;64;2;1;1;2;43,4858930006; -1,4910394983
202200019123;16;12;2022;17:30;5;94;2;2;1;6;48,8135540000;2,5018110000
202200019124;11;3;2022;11:10;1;63;2;1;1;6;45,7290500000;3,1865500000
202200019125;18;12;2022;19:23;5;93;2;1;2;6;48,9556969175;2,5395101309
202200019126;11;3;2022;19:45;5;59;2;1;2;6;50,7205710000;3,1588100000
202200019127;20;12;2022;17:30;5;93;2;2;2;6;48,9083600000;2,3327600000
202200019128;10;3;2022;17:40;1;59;2;1;1;6;50,6239634973;2,9834331796
202200019129;8;3;2022;15:00;1;59;1;1;1;2;50,6300000000;3,0800000000
202200019130;16;12;2022;22:15;5;93;2;1;1;2;48,9173570000;2,3298860000
202200019131;20;12;2022;17:10;5;93;2;6;2;3;48,9357790000;2,3679290000
202200019132;10;3;2022;16:55;1;56;2;1;1;3;47,6534500000; -2,7836300000
202200019133;11;3;2022;08:45;1;54;2;1;1;3;48,6999000000;6,1658000000
202200019134;16;12;2022;19:05;5;93;2;1;1;5;48,8610610000;2,5797340000
202200019135;11;3;2022;22:59;5;51;2;2;2;3;49,2643800000;4,0187500000
202200019136;19;12;2022;15:15;1;93;2;6;8;2;48,8321170000;2,5574450000
202200019137;11;3;2022;23:35;5;51;2;1;2;6;49,2429070000;4,0223530000
202200019138;18;12;2022;19:30;5;93;2;6;2;6;48,8360600000;2,5476100000
202200019139;18;12;2022;11:05;1;93;2;1;1;6;48,8487637978;2,5567969680
202200019140;11;3;2022;16:50;1;51;2;1;1;5;49,0453567768;3,9616414905
202200019141;21;12;2022;10:10;1;93;2;1;1;1;48,8603163156;2,4434146285
202200019142;21;12;2022;09:35;1;93;2;1;1;6;48,9197000000;2,5385000000
202200019143;9;3;2022;12:30;1;49;2;6;1;3;47,2654200000; -0,0718500000
202200019144;21;12;2022;15:45;1;93;2;1;2;3;48,8801996018;2,4219140410
202200019145;11;3;2022;22:44;5;49;2;1;1;3;47,4854300000; -0,5329600000
202200019146;11;3;2022;18:15;1;49;2;1;1;6;47,4364900000; -0,5171900000
202200019147;19;12;2022;20:45;5;93;2;2;8;3;48,9165800000;2,4446130000
202200019148;27;2;2022;18:40;2;45;2;2;1;3;47,8795300000;1,9089100000
202200019149;19;12;2022;13:50;1;93;2;2;2;3;48,9217989156;2,3833626509
202200019150;21;12;2022;19:05;3;92;2;2;2;7;48,8218400000;2,3039400000
202200019151;11;3;2022;13:40;1;45;2;1;2;3;47,9153400000;1,8934000000
202200019152;11;3;2022;20:15;5;37;2;1;1;2;47,4305087293;0,7041992247
202200019153;21;12;2022;09:55;1;92;2;2;8;3;48,8291600000;2,2241900000
202200019154;11;3;2022;16:00;1;37;2;1;1;7;47,4086700000;0,7082500000
202200019155;20;12;2022;18:00;3;92;2;2;2;3;48,8291800000;2,2241100000
202200019156;11;3;2022;13:40;1;34;2;1;1;6;43,3441000000;3,2383500000
202200019157;20;12;2022;08:45;5;92;2;6;1;7;48,8240355472;2,2122752666
202200019158;10;3;2022;19:50;2;34;2;3;1;3;43,3352200000;3,2295600000
202200019159;18;12;2022;21:35;5;92;2;3;2;3;48,8291800000;2,2241100000
202200019160;21;12;2022;20:05;5;92;2;1;3;7;48,8491570216;2,2239605784
202200019161;11;3;2022;14:00;1;33;2;3;3;4;44,8449800000; -0,5705900000
202200019162;19;12;2022;07:30;5;92;2;3;2;3;48,8614600000;2,1997500000
202200019163;18;12;2022;19:20;5;92;2;1;2;6;48,8829746721;2,2753726244
202200019164;10;3;2022;09:40;1;33;2;1;2;6;44,8436600000; -0,5236300000
202200019165;20;12;2022;16:30;2;92;2;1;2;6;48,8901663888;2,1956061423
202200019166;11;3;2022;07:15;1;31;2;1;1;1;43,6473400000;1,4332400000
202200019167;18;12;2022;18:50;5;92;2;9;3;3;48,9188300000;2,2227900000
202200019168;19;12;2022;14:40;1;92;2;1;2;6;48,8856000000;2,2200600000
202200019169;19;12;2022;15:20;1;92;2;1;8;6;48,8922290000;2,2775190000
202200019170;9;3;2022;19:20;5;31;2;1;1;5;43,5759500000;1,5077200000
202200019171;20;12;2022;17:24;5;92;2;1;2;6;48,8203800000;2,2586000000
202200019172;10;3;2022;08:10;1;29;2;3;5;2;47,9742700000; -4,0911000000
202200019173;18;12;2022;19:35;5;92;2;9;3;7;48,9123806916;2,2539101243
202200019174;10;3;2022;08:50;1;29;2;1;7;3;47,8632653970; -3,8958361745
202200019175;20;12;2022;23:50;5;92;2;2;1;6;48,9016583071;2,2641937136
202200019176;11;3;2022;08:50;1;27;1;1;1;1;49,1019900000;1,4332800000
202200019177;18;12;2022;18:15;5;92;2;2;2;2;48,9309900000;2,2445300000
202200019178;19;12;2022;20:00;5;92;2;1;1;3;48,9048170000;2,2925800000
202200019179;20;12;2022;20:35;3;92;1;1;2;3;48,7735505017;2,2408434748
202200019180;11;3;2022;14:10;1;27;2;2;2;1;49,0328600000;1,1556900000
202200019181;20;12;2022;17:48;5;92;2;1;2;3;48,7799300000;2,2379600000
202200019182;11;3;2022;07:20;1;26;2;3;1;3;44,5556700000;4,7572700000
202200019183;20;12;2022;05:55;5;92;2;1;1;1;48,7862500000;2,2535700000
202200019184;19;12;2022;13:55;1;92;2;1;8;5;48,8450000000;2,2350000000
202200019185;17;12;2022;20:29;5;92;2;9;1;6;48,7799441259;2,3247054219
202200019186;19;12;2022;14:45;1;57;2;3;8;3;49,1664790000;6,3001120000
202200019187;10;3;2022;13:40;1;21;2;1;1;4;47,3364707747;5,0128349784
202200019188;21;12;2022;00:40;3;37;2;1;2;6;47,2825407174;0,2911055088
202200019189;11;3;2022;12:10;1;17;2;1;8;6;46,1638400000; -1,1379100000
202200019190;19;12;2022;08:30;1;51;1;1;1;1;48,7183760000;4,6323250000
202200019191;18;12;2022;21:30;3;01;1;2;1;3;45,8771684922;5,1611548662
202200019192;11;3;2022;20:40;5;15;2;2;2;3;44,9127780000;2,4418520000
202200019193;19;12;2022;17:14;2;38;2;4;1;3;45,4575420000;4,8422670000
202200019194;11;3;2022;19:10;2;14;2;3;1;3;49,1641310000; -0,3600180000
202200019195;22;12;2022;07:00;3;66;1;1;1;2;42,8332410000;2,9098210000
202200019196;18;12;2022;03:55;4;17;2;1;1;7;45,8155090000; -0,7821430000
202200019197;11;3;2022;17:30;1;14;2;6;2;2;49,1774600000; -0,3892100000
202200019198;21;12;2022;17:30;3;67;1;1;3;6;48,8304820000;7,4049540000
202200019199;11;3;2022;20:00;5;13;2;1;1;1;43,2461487954;5,4173480819
202200019200;21;12;2022;17:45;3;06;2;1;1;6;43,7430960000;7,3162880000
202200019201;11;3;2022;16:49;1;13;2;9;1;6;43,2983800000;5,3775900000
202200019202;14;12;2022;17:30;3;22;1;1;1;-1;48,5438836680; -2,9595292211
202200019203;9;12;2022;10:48;1;43;2;1;2;6;45,3327540000;3,8450740000
202200019204;10;3;2022;18:42;2;13;2;9;1;3;43,2868500000;5,3898000000
202200019205;21;12;2022;03:40;3;40;1;1;2;7;43,6600440000; -1,3764130000
202200019206;11;3;2022;14:00;1;10;2;1;1;6;48,3113433103;4,0530967712
202200019207;18;12;2022;22:00;3;77;1;9;2;6;48,8721390000;2,8639980000
202200019208;10;3;2022;17:21;1;10;2;1;1;6;48,3040000000;4,0962900000
202200019209;22;12;2022;09:30;1;71;1;1;2;6;46,5092700000;4,9090750000
202200019210;11;3;2022;05:07;5;06;2;3;1;3;43,6941500000;7,2576300000
202200019211;19;12;2022;17:16;5;68;2;2;1;3;48,1428630000;7,3247690000
202200019212;5;9;2022;10:00;1;75;2;1;1;2;48,8241010000;2,3077610000
202200019213;21;12;2022;22:00;3;68;1;1;1;7;48,0547560000;7,4456240000
202200019214;17;12;2022;14:30;1;974;2;1;1;7; -21,2549920000;55,5001560000
202200019215;5;9;2022;08:50;1;75;2;1;1;3;48,8396370000;2,2541650000
202200019216;11;3;2022;08:30;1;06;2;3;1;5;43,6715340000;7,1437120000
202200019217;19;12;2022;11:00;1;972;1;1;1;3;14,6291350000; -61,1160480000
202200019218;4;9;2022;19:30;1;75;2;1;1;3;48,8273430000;2,2931980000
202200019219;10;3;2022;12:55;1;75;2;1;1;2;48,8260810000;2,3879370000
202200019220;18;12;2022;21:25;3;23;1;1;1;6;46,2570831946;1,8640279770
202200019221;10;3;2022;04:50;5;75;2;4;1;6;48,8173670000;2,3661180000
202200019222;18;12;2022;00:15;4;62;1;6;1;7;50,5708910000;2,6490140000
202200019223;4;9;2022;18:00;1;75;2;1;1;5;48,8886860000;2,2933940000
202200019224;9;3;2022;08:55;1;75;2;1;1;3;48,8163470000;2,3638370000
202200019225;20;12;2022;11:30;1;22;1;1;3;2;48,5051750000; -2,0392510000
202200019226;6;9;2022;12:51;1;75;2;1;1;6;48,8430470000;2,3892940000
202200019227;10;3;2022;10:00;1;75;2;1;1;6;48,8202250000;2,3386980000
202200019228;16;12;2022;12:20;1;22;1;9;1;-1;48,4373195665; -2,1433450122
202200019229;11;3;2022;17:00;1;75;2;2;3;6;48,8466100000;2,3516390000
202200019230;5;9;2022;22:45;5;75;2;2;1;3;48,8754630000;2,3979250000
202200019231;13;10;2022;14:20;1;68;1;1;1;7;47,8548980000;7,2469850000
202200019232;5;9;2022;23:20;5;75;2;2;8;3;48,8829910000;2,3855670000
202200019233;10;3;2022;17:20;1;75;2;3;1;3;48,8476850000;2,3520080000
202200019234;22;12;2022;14:10;1;83;2;1;1;6;43,1373270000;6,3681070000
202200019235;21;12;2022;11:25;1;44;1;1;3;6;47,5906300000; -1,6703080000
202200019236;6;9;2022;12:25;1;75;2;3;1;6;48,8979290000;2,3393120000
202200019237;11;3;2022;15:50;1;75;2;7;2;3;48,9008580000;2,3888900000
202200019238;15;12;2022;14:10;1;34;1;1;1;6;43,6383750000;3,5797260000
202200019239;18;12;2022;13:00;1;40;1;1;1;6;44,1385750000; -0,7453050000
202200019240;5;9;2022;17:00;1;75;2;1;1;3;48,8670040000;2,2691200000
202200019241;11;3;2022;13:20;1;75;2;1;8;3;48,8636220000;2,2300450000
202200019242;21;12;2022;17:25;2;30;1;6;1;3;43,7511200000;4,5199080000
202200019243;5;9;2022;14:30;1;75;2;2;1;3;48,8453340000;2,2586790000
202200019244;11;3;2022;16:55;1;75;2;3;2;2;48,8551210000;2,2894570000
202200019245;10;12;2022;19:40;3;57;1;1;1;7;48,7892660000;6,4904520000
202200019246;6;9;2022;09:05;1;75;2;4;1;3;48,8394550000;2,3305150000
202200019247;11;3;2022;17:10;1;75;2;2;2;2;48,8382370000;2,3083430000
202200019248;19;12;2022;13:30;1;57;2;1;1;7;49,2905730000;6,5376220000
202200019249;20;12;2022;19:40;3;51;1;1;2;1;49,1583870000;4,2034290000
202200019250;19;12;2022;15:50;1;51;1;1;8;7;48,5339041147;3,7027627230
202200019251;18;12;2022;23:05;3;51;1;1;2;7;48,9723392212;4,4424569607
202200019252;20;12;2022;10:05;1;56;1;1;2;1;47,6522720000; -3,1833850000
202200019253;6;9;2022;09:17;1;75;2;3;1;3;48,8354690000;2,3692910000
202200019254;21;12;2022;16:19;2;59;1;2;2;4;50,7824800000;2,5644490000
202200019255;21;12;2022;10:15;1;76;1;1;1;1;49,7911830000;1,7471270000
202200019256;11;3;2022;15:40;1;75;2;7;2;3;48,8368150000;2,2787420000
202200019257;19;12;2022;19:15;3;79;1;3;1;1;47,0919080000; -0,1710610000
202200019258;20;12;2022;19:00;3;79;1;2;2;3;46,3202710000; -0,3365960000
202200019259;6;9;2022;06:35;5;75;2;1;1;6;48,8453860000;2,4058980000
202200019260;21;12;2022;17:40;3;2B;1;1;2;1;42,2750940000;9,1700220000
202200019261;20;12;2022;09:05;1;2B;2;1;1;2;42,5048070000;9,4633750000
202200019262;19;12;2022;20:40;3;80;1;1;8;6;49,7231680000;3,0323370000
202200019263;20;12;2022;06:30;3;80;1;2;2;3;50,0902600000;2,0655500000
202200019264;11;3;2022;12:45;1;75;2;2;2;3;48,8438150000;2,2819440000
202200019265;6;9;2022;22:50;5;75;2;2;1;3;48,8652710000;2,3745320000
202200019266;16;12;2022;17:00;2;33;1;1;7;3;44,9172240000; -0,1694730000
202200019267;11;3;2022;09:45;1;75;2;3;1;6;48,8446990000;2,3212220000
202200019268;21;12;2022;12:30;1;32;1;1;1;1;43,4181450000;0,2417640000
202200019269;6;9;2022;15:00;1;75;2;2;1;3;48,8659990000;2,3707250000
202200019270;18;12;2022;20:00;3;11;1;1;6;7;43,3246630000;1,7479100000
202200019271;6;9;2022;20:15;2;75;2;1;1;3;48,8726200000;2,3550020000
202200019272;6;9;2022;00:40;5;75;2;3;1;6;48,8734220000;2,3296990000
202200019273;10;3;2022;21:00;5;75;2;4;1;3;48,8440410000;2,3233830000
202200019274;6;9;2022;11:00;1;75;2;7;1;3;48,8748640000;2,3198980000
202200019275;21;12;2022;20:00;3;71;1;1;2;1;46,6607030000;5,3575940000
202200019276;5;9;2022;13:45;1;75;2;2;1;6;48,8591100000;2,3464330000
202200019277;11;3;2022;11:15;1;75;2;3;2;3;48,8198140000;2,3416570000
202200019278;20;12;2022;20:45;3;71;1;1;1;3;46,7179570000;4,4387620000
202200019279;6;9;2022;22:15;5;94;2;1;1;3;48,7540500000;2,4487100000
202200019280;18;12;2022;19:30;3;63;1;1;1;7;46,0258540000;3,3711560000
202200019281;11;3;2022;19:05;5;75;2;1;1;3;48,8372060000;2,3479940000
202200019282;18;12;2022;16:39;2;63;1;1;1;6;45,6820275281;3,2837427273
202200019283;6;9;2022;11:40;1;94;2;1;1;1;48,8198900000;2,4825600000
202200019284;8;3;2022;08:58;1;75;2;1;1;3;48,8478955830;2,3915818428
202200019285;20;12;2022;04:30;3;55;1;1;1;7;49,3156856177;5,6579160690
202200019286;6;9;2022;08:55;1;94;2;1;1;1;48,8285400000;2,5143900000
202200019287;19;12;2022;18:25;3;55;1;1;1;1;48,6370780000;5,6427240000
202200019288;11;3;2022;17:15;1;75;2;3;2;3;48,8548060000;2,3687400000
202200019289;6;9;2022;17:10;1;94;2;6;1;1;48,7324049272;2,4133004096
202200019290;6;9;2022;14:49;1;94;2;1;1;6;48,7822658912;2,5138199753
202200019291;11;3;2022;01:45;5;75;2;2;1;4;48,8840520000;2,3554800000
202200019292;6;9;2022;08:50;1;94;2;1;1;1;48,8282600000;2,4047000000
202200019293;11;3;2022;12:15;1;75;2;2;2;3;48,8668290000;2,3026020000
202200019294;6;9;2022;18:40;1;94;2;1;1;7;48,7608700000;2,5350100000
202200019295;20;12;2022;17:45;3;42;1;1;1;3;45,8481550000;4,3297400000
202200019296;10;3;2022;08:35;1;75;2;2;7;7;48,8642150000;2,3017950000
202200019297;6;9;2022;18:40;1;94;2;1;8;6;48,7838040000;2,4280690000
202200019298;6;9;2022;09:30;1;93;2;1;1;6;48,9506344677;2,5798025695
202200019299;11;3;2022;15:25;1;94;2;2;3;6;48,7861300000;2,4878500000
202200019300;6;9;2022;17:15;1;93;2;9;1;2;48,9148709295;2,3580967485
202200019301;11;3;2022;19:30;3;94;2;1;2;3;48,8149200000;2,4182700000
202200019302;6;9;2022;14:27;1;93;2;1;1;6;48,9154500000;2,3596200000
202200019303;11;3;2022;21:15;5;94;2;1;1;1;48,7897710000;2,3538700000
202200019304;6;9;2022;07:00;1;93;2;1;8;3;48,9039435692;2,3643105139
202200019305;11;3;2022;18:20;2;94;2;1;2;6;48,7946100000;2,3542600000
202200019306;21;12;2022;11:05;1;42;1;1;1;1;45,5231870000;4,0276480000
202200019307;5;9;2022;09:15;1;93;2;3;1;6;48,9389000000;2,3489000000
202200019308;11;3;2022;05:50;5;94;2;1;1;2;48,7565000000;2,3458200000
202200019309;6;9;2022;12:30;1;93;2;6;1;6;48,9337600000;2,5537500000
202200019310;11;3;2022;18:40;2;94;2;1;2;4;48,7732375635;2,4958781004
202200019311;6;9;2022;13:50;1;93;2;1;1;6;48,9096431188;2,5515829028
202200019312;10;3;2022;19:35;5;94;2;3;1;6;48,7901100000;2,4536900000
202200019313;21;12;2022;12:20;1;42;2;1;1;7;45,7170650000;3,8332950000
202200019314;11;3;2022;00:35;5;94;2;2;1;3;48,7448000000;2,4077500000
202200019315;6;9;2022;08:15;1;92;2;2;1;3;48,8625300000;2,2170800000
202200019316;11;3;2022;08:40;1;94;2;3;1;3;48,8033700000;2,5375300000
202200019317;6;9;2022;15:55;1;92;2;5;1;2;48,8933800000;2,2680300000
202200019318;10;3;2022;17:26;1;94;2;2;1;6;48,8063000000;2,4185900000
202200019319;6;9;2022;10:30;1;92;2;9;1;6;48,8744225088;2,2539677918
202200019320;6;9;2022;07:10;1;92;2;1;1;4;48,9431100000;2,2825000000
202200019321;11;3;2022;11:10;1;93;2;2;1;2;48,9508900000;2,5463600000
202200019322;6;9;2022;21:45;5;92;2;3;1;3;48,9006220000;2,2449980000
202200019323;10;3;2022;19:00;1;93;2;3;1;1;48,9385890000;2,3552270000
202200019324;16;12;2022;07:30;2;46;2;2;1;6;44,5037390000;1,1877440000
202200019325;10;3;2022;14:20;1;93;2;1;1;2;48,9146570000;2,3581410000
202200019326;6;9;2022;19:00;1;92;2;2;1;3;48,8391822176;2,2455668449
202200019327;17;12;2022;10:45;1;47;1;1;1;1;44,2165170000;0,5978720000
202200019328;11;3;2022;08:50;1;93;2;9;1;6;48,8681700000;2,4921040000
202200019329;19;12;2022;01:00;5;34;2;6;2;7;43,5925760000;3,1068030000
202200019330;5;9;2022;12:20;1;92;2;1;1;3;48,9063900000;2,2816900000
202200019331;11;3;2022;18:20;1;93;2;3;2;3;48,8954740000;2,4434500000
202200019332;21;12;2022;08:50;2;22;1;1;2;1;48,5517990000; -3,3732430000
202200019333;11;3;2022;18:55;5;93;2;1;2;3;48,8766700000;2,4661600000
202200019334;5;9;2022;16:10;1;01;1;1;1;1;46,0130210000;5,0126620000
202200019335;20;12;2022;07:15;3;22;1;1;2;3;48,2007510000; -2,2482920000
202200019336;11;3;2022;17:10;1;93;2;3;2;6;48,8860280000;2,4269340000
202200019337;11;3;2022;18:35;5;93;2;1;2;6;48,9060490000;2,4822980000
202200019338;29;8;2022;18:40;1;43;2;1;1;1;45,3264910000;3,8423940000
202200019339;19;12;2022;18:30;3;39;1;3;1;3;46,2762660000;5,5122180000
202200019340;27;8;2022;20:40;3;35;1;1;1;7;48,4492330000; -1,7704040000
202200019341;11;3;2022;07:15;1;92;2;2;1;3;48,8142651724;2,2781902850
202200019342;18;12;2022;13:00;1;44;1;1;2;3;46,9701940000; -1,7550820000
202200019343;7;9;2022;13:45;1;58;1;1;1;1;47,3188690000;3,3072920000
202200019344;20;12;2022;19:20;2;44;1;1;5;6;47,5826200000; -2,0172090000
202200019345;11;3;2022;14:00;1;92;2;2;2;6;48,8459466290;2,2187876701
202200019346;19;12;2022;20:50;3;44;1;6;1;6;47,6348080000; -2,0548080000
202200019347;6;9;2022;17:30;1;59;1;1;1;4;50,5936450000;2,9313760000
202200019348;11;3;2022;21:15;5;92;2;5;2;7;48,8248337258;2,2441720963
202200019349;8;8;2022;20:30;1;68;1;1;1;7;47,8504189753;7,2394806147
202200019350;21;12;2022;16:05;1;44;1;1;3;6;47,3840770000; -1,0090090000
202200019351;10;3;2022;20:20;3;92;2;1;1;3;48,9197680928;2,2801124901
202200019352;7;9;2022;14:30;1;30;1;1;1;6;44,0603060000;4,7367600000
202200019353;11;3;2022;11:45;1;35;2;1;2;6;47,6499635949; -2,0872360468
202200019354;22;12;2022;12:30;1;29;2;1;2;1;47,8542350000; -4,2352940000
202200019355;7;9;2022;10:20;1;87;1;1;1;6;45,8454750000;1,1736490000
202200019356;12;3;2022;16:20;1;54;1;1;1;7;48,7815042300;6,2858104707
202200019357;19;12;2022;07:16;4;29;2;1;8;7;47,8671640000; -4,2288030000
202200019358;6;9;2022;16:20;1;62;1;2;1;3;50,3175424437;2,2842195332
202200019359;21;12;2022;14:22;1;31;1;1;7;6;43,7156630000;1,0694990000
202200019360;11;3;2022;16:50;1;86;1;2;3;1;46,8092840000;0,3113790000
202200019361;3;9;2022;15:00;1;51;1;1;1;7;48,6779410000;4,0152880000
202200019362;3;12;2022;23:30;3;38;2;1;2;7;45,4555250000;5,1830900000
202200019363;5;9;2022;15:00;1;31;1;6;1;2;43,6588920000;1,3353650000
202200019364;2;3;2022;10:20;1;16;2;2;1;3;45,6172120000; -0,2188520000
202200019365;20;12;2022;10:15;1;02;2;2;2;3;49,8724160000;3,7535480000
202200019366;12;3;2022;18:20;1;22;1;1;1;6;48,6151230000; -3,0431810000
202200019367;6;9;2022;19:25;2;81;1;4;1;3;43,7005200000;2,2664560000
202200019368;21;12;2022;17:22;5;02;2;3;2;6;49,2595590000;3,0978490000
202200019369;11;3;2022;14:45;1;35;2;3;1;1;48,4132061706; -1,7393320799
202200019370;6;9;2022;17:30;1;11;2;9;1;3;43,2442280000;3,0017970000
202200019371;18;12;2022;20:13;3;02;1;3;2;6;50,0218690000;3,2463580000
202200019372;12;3;2022;12:30;1;74;2;3;1;3;45,9373150000;6,0783270000
202200019373;6;9;2022;13:15;1;12;2;1;1;2;44,3009630000;2,5556030000
202200019374;12;3;2022;10:30;1;76;1;9;1;6;49,9240540000;1,6390870000
202200019375;7;9;2022;09:45;1;42;2;4;7;1;45,4819800000;4,3898530000
202200019376;19;12;2022;17:24;3;02;1;2;1;5;49,2009220000;3,3586940000
202200019377;6;9;2022;17:10;1;68;2;1;1;1;47,8335330000;7,3010910000
202200019378;11;3;2022;21:45;3;72;1;3;8;3;47,8003500000;0,3419900000
202200019379;19;12;2022;00:15;3;03;1;1;1;6;46,3071370000;3,3534460000
202200019380;12;3;2022;15:00;1;51;2;1;1;7;49,0993470000;4,1174240000
202200019381;6;9;2022;20:45;3;68;1;1;1;6;47,7341100000;7,2487880000
202200019382;21;12;2022;10:29;1;15;1;1;7;1;45,1373720000;3,0108330000
202200019383;12;3;2022;19:00;5;67;2;3;1;6;48,5491500000;7,3169930000
202200019384;1;9;2022;08:10;1;29;2;6;1;2;48,4342859243; -4,6164296865
202200019385;12;3;2022;14:30;1;80;1;1;1;2;49,9433740000;1,6430090000
202200019386;6;9;2022;18:10;1;03;1;3;1;1;46,2797990000;3,2592490000
202200019387;18;12;2022;13:45;1;70;1;1;1;5;47,3519300000;5,9642990000
202200019388;12;3;2022;12:55;1;61;1;2;1;6;48,7179930000; -0,2517840000
202200019389;7;9;2022;17:20;1;01;1;1;8;3;46,1385768622;5,3055693170
202200019390;21;12;2022;17:55;3;26;1;1;9;5;44,3418370000;4,8198220000
202200019391;11;3;2022;17:55;1;61;1;1;2;2;48,7810800000; -0,2485710000
202200019392;6;9;2022;19:30;1;14;1;1;2;1;49,0086116106;0,1410246491
202200019393;21;12;2022;23:15;3;26;1;1;1;1;44,7425650000;5,3859780000
202200019394;11;3;2022;17:30;1;68;1;3;1;1;47,8269290000;7,2867410000
202200019395;7;9;2022;09:30;1;14;1;1;1;7;49,0742931032;0,3249667883
202200019396;19;12;2022;01:00;3;58;1;1;1;1;46,8050040000;3,9664000000
202200019397;11;3;2022;12:50;1;22;2;2;2;6;48,6001824900; -2,8263723850
202200019398;6;9;2022;18:15;1;14;2;1;3;6;49,2843485208;0,1834845543
202200019399;9;12;2022;16:10;1;58;2;1;1;7;46,8853920000;3,4637030000
202200019400;12;3;2022;01:30;3;39;1;1;1;6;46,9608740000;5,8429860000
202200019401;6;9;2022;11:30;1;09;1;1;1;7;42,7822050000;1,6824910000
202200019402;16;12;2022;19:45;3;66;1;1;1;6;42,4111070077;1,9921624660
202200019403;12;3;2022;05:50;2;44;2;4;1;6;47,1961260000; -1,2913150000
202200019404;11;3;2022;23:30;3;29;1;1;1;6;48,4975876870; -4,0334773064
202200019405;5;9;2022;10:00;1;16;1;5;1;3;45,3015540000;0,0601570000
202200019406;11;3;2022;21:00;3;29;1;1;3;6;48,2434320000; -3,6618050000
202200019407;11;12;2022;18:30;3;72;2;1;5;1;48,1035400000;0,7872400000
202200019408;9;12;2022;17:25;5;72;2;1;1;1;47,9846290000;0,1422320000
202200019409;3;9;2022;01:15;3;07;1;1;1;6;44,7529660000;4,6835290000
202200019410;20;12;2022;08:00;1;06;1;1;1;1;43,7276420000;7,4073920000
202200019411;11;3;2022;12:20;1;29;1;2;1;1;48,5052980000; -4,5468620000