Accident_Id;jour;mois;an;hrmn;lum;dep;agg;int;atm;col;lat;long
202200019412;7;9;2022;10:05;1;40;1;1;1;1;44,3725970000; -0,9913020000
202200019413;17;12;2022;05:00;3;14;1;1;1;6;48,8685100000; -0,5536880000
202200019414;12;3;2022;15:15;1;29;2;1;1;3;47,8580930760; -4,2373462021
202200019415;30;8;2022;11:41;1;27;2;1;1;6;49,0877940000;0,6008470000
202200019416;20;12;2022;17:00;1;14;1;1;8;7;49,2569030000;0,0069840000
202200019417;9;3;2022;05:59;3;85;1;1;1;7;46,9424740000; -0,9664417000
202200019418;19;12;2022;11:05;1;50;2;9;2;6;48,6554260000; -0,9376410000
202200019419;23;8;2022;16:26;1;87;1;1;1;3;46,2287300000;0,8994570000
202200019420;11;3;2022;17:40;1;10;1;1;1;6;48,1774476509;4,0101814270
202200019421;11;3;2022;23:00;3;36;1;1;1;6;46,6704070000;1,0277370000
202200019422;12;3;2022;18:45;2;17;1;9;1;7;45,9592050000; -0,7975390000
202200019423;21;12;2022;14:10;1;90;2;1;1;1;47,6646290000;7,0280530000
202200019424;6;9;2022;23:30;3;42;1;1;1;6;46,1724790000;3,8686470000
202200019425;20;12;2022;12:15;1;83;1;1;1;1;43,4906420000;6,1400970000
202200019426;9;3;2022;15:15;1;17;1;2;1;3;46,2525480000; -0,8351410000
202200019427;6;9;2022;12:45;1;73;1;1;1;2;45,4327840000;7,0173390000
202200019428;11;3;2022;15:15;1;88;1;1;1;7;48,2540550000;6,3464770000
202200019429;2;9;2022;12:10;1;987;1;1;1;3; -16,4797320000; -151,7322210000
202200019430;7;9;2022;11:10;1;976;1;1;1;6; -12,7930480000;45,2714020000
202200019431;12;3;2022;00:10;3;51;1;1;2;2;49,1988589741;4,1138434410
202200019432;12;3;2022;13:45;1;988;1;1;1;6; -22,2395460000;166,6049680000
202200019433;6;9;2022;07:30;1;973;1;3;1;3;4,9376470000; -52,4092750000
202200019434;12;3;2022;11:47;1;974;2;1;1;1; -20,9407840000;55,6356880000
202200019435;4;9;2022;10:00;1;37;2;1;1;3;47,4209419675;0,8918841183
202200019436;11;3;2022;17:55;1;973;2;6;1;6;5,1555700000; -52,6527580000
202200019437;30;8;2022;10:05;1;77;1;1;1;6;49,1014650000;3,1094740000
202200019438;11;3;2022;20:15;3;973;1;1;1;6;4,9304660000; -52,3968990000
202200019439;6;9;2022;23:10;3;91;1;9;1;2;48,4807380000;2,1923630000
202200019440;12;3;2022;05:30;3;37;1;9;2;7;47,3428358691;0,9804439545
202200019441;11;3;2022;21:00;3;77;1;1;2;7;48,2807100000;2,5999040000
202200019442;7;9;2022;18:30;1;2B;1;1;8;5;42,5137720000;9,3930530000
202200019443;12;3;2022;07:00;2;78;1;6;1;3;48,7973940000;1,9305470000
202200019444;6;9;2022;18:00;1;11;2;1;1;7;43,2515870000;2,3694960000
202200019445;12;3;2022;16:25;1;2B;1;1;1;1;42,5308200000;9,4508810000
202200019446;7;9;2022;08:30;1;04;1;1;2;3;43,7977390000;5,7759120000
202200019447;7;9;2022;06:50;1;74;1;1;1;1;46,2428780000;6,3966340000
202200019448;27;2;2022;17:30;1;13;2;3;1;1;43,3960170000;5,5922720000
202200019449;6;9;2022;18:05;1;81;1;1;1;1;43,5895920000;1,7868660000
202200019450;11;3;2022;10:00;1;68;2;1;1;7;48,1900300000;7,3384760000
202200019451;7;9;2022;07:35;1;59;2;9;1;6;50,5142906941;2,8998112679
202200019452;11;3;2022;08:29;1;07;1;1;6;7;45,0820130000;4,7411210000
202200019453;11;3;2022;22:15;3;07;1;1;2;6;44,4163250000;4,6539650000
202200019454;6;9;2022;15:50;1;13;1;1;1;3;43,3598340637;5,3621237102
202200019455;6;9;2022;15:15;1;13;1;1;1;3;43,3753300000;5,3603300000
202200019456;12;3;2022;00:30;5;01;2;1;1;1;46,1968500000;5,1607150000
202200019457;27;8;2022;18:30;1;69;1;1;1;2;45,6728300000;4,8475600000
202200019458;12;3;2022;07:30;2;69;1;1;1;6;45,7312630544;4,6939998865
202200019459;6;9;2022;15:25;1;33;1;1;1;6;44,7739000000; -0,5563000000
202200019460;6;9;2022;15:04;1;94;1;1;1;2;48,7531481533;2,3318690099
202200019461;12;3;2022;00:15;3;33;2;3;8;7;44,5281760000; -0,2365840000
202200019462;6;9;2022;14:20;1;91;1;1;1;2;48,6664000000;2,1914100000
202200019463;12;3;2022;19:30;3;60;1;1;2;1;49,1467362021;2,8392534253
202200019464;6;9;2022;08:40;1;91;1;1;1;2;48,6585300000;2,3752800000
202200019465;5;9;2022;20:35;3;91;1;1;2;6;48,6234100000;2,4679300000
202200019466;6;9;2022;09:30;1;78;1;1;1;3;48,8015630000;1,9462770000
202200019467;6;9;2022;08:30;1;95;1;1;1;3;49,0534644010;2,4262216687
202200019468;12;3;2022;17:14;1;62;1;1;1;7;50,3845550000;2,7191870000
202200019469;6;9;2022;02:15;3;93;1;1;2;2;48,9250100000;2,3919000000
202200019470;6;9;2022;01:15;4;95;1;1;2;6;48,9624785249;2,2635161877
202200019471;5;9;2022;23:45;4;93;1;1;1;2;48,9525900000;2,4529900000
202200019472;5;9;2022;21:45;3;93;1;1;8;4;48,9266500000;2,4038400000
202200019473;6;9;2022;14:30;1;77;1;1;1;2;48,6475570000;2,6053600000
202200019474;6;9;2022;08:50;1;94;1;1;1;6;48,7990073592;2,4455352070
202200019475;6;9;2022;08:20;1;77;1;1;1;3;48,9452700000;2,6285900000
202200019476;5;9;2022;20:40;3;94;1;1;2;6;48,7573897525;2,4765319865
202200019477;4;6;2022;01:00;5;74;2;1;1;7;46,4020000000;6,5909700000
202200019478;18;4;2022;16:55;1;74;1;6;1;3;46,1345080000;6,3934050000
202200019479;18;4;2022;10:35;1;74;1;1;1;3;46,0747820000;6,0559240000
202200019480;14;5;2022;21:20;5;74;2;1;1;6;46,3850600000;6,5156400000
202200019481;24;5;2022;14:15;1;14;1;1;1;1;49,2777450000; -0,9370780000
202200019482;5;9;2022;11:35;1;81;2;1;1;6;43,9221900000;2,1393800000
202200019483;5;9;2022;06:55;1;974;1;9;8;4; -21,3175800000;55,4903900000
202200019484;4;9;2022;22:20;3;973;2;3;1;1;4,9380431634; -52,3063856363
202200019485;5;9;2022;11:00;1;69;2;2;1;6;45,7324700000;4,8650200000
202200019486;5;9;2022;09:30;1;69;2;4;1;3;45,7747900000;4,8426600000
202200019487;3;9;2022;22:35;5;972;1;1;1;2;14,6231470000; -61,0196320000
202200019488;5;9;2022;09:15;1;971;2;9;1;5;16,2173393717; -61,4843201637
202200019489;5;9;2022;06:40;2;971;1;2;1;3;16,2178493162; -61,4908272028
202200019490;3;9;2022;17:15;1;971;1;1;2;6;16,2212100000; -61,5214900000
202200019491;5;9;2022;19:30;1;2A;1;1;1;3;41,9465254712;8,7972047226
202200019492;5;9;2022;13:28;1;2A;2;1;1;2;41,9365800000;8,7445300000
202200019493;3;9;2022;18:59;1;87;1;1;1;3;45,8995200000;1,2272200000
202200019494;4;9;2022;17:50;1;83;2;2;1;3;43,1224927575;5,9719104767
202200019495;3;9;2022;22:43;5;76;2;2;1;3;49,4907700000;0,1166500000
202200019496;5;9;2022;23:00;5;69;2;4;1;3;45,7102400000;4,8877600000
202200019497;5;9;2022;23:15;5;69;2;2;1;3;45,7143900000;4,8794000000
202200019498;2;9;2022;18:24;1;68;2;1;1;2;48,0959200000;7,3722500000
202200019499;5;9;2022;00:01;5;67;2;3;1;3;48,6148100000;7,7325900000
202200019500;4;9;2022;05:55;5;67;2;3;1;3;48,6161400000;7,7321900000
202200019501;3;9;2022;16:35;1;67;2;1;1;2;48,5918500000;7,6928800000
202200019502;2;9;2022;07:45;1;67;2;3;7;3;48,5627000000;7,7624300000
202200019503;1;9;2022;22:00;5;67;2;1;1;6;48,5706600000;7,7259900000
202200019504;5;9;2022;10:00;1;64;2;9;1;7;43,3189800000; -0,3599300000
202200019505;4;9;2022;08:25;1;64;2;2;1;1;43,4808600000; -1,5452600000
202200019506;5;9;2022;08:11;1;63;2;1;1;6;45,7645092326;3,0568519235
202200019507;3;9;2022;17:00;1;63;2;1;1;6;45,7858300000;3,1075000000
202200019508;3;9;2022;07:01;1;63;2;4;1;4;45,7791200000;3,1249400000
202200019509;31;8;2022;19:00;1;62;2;1;1;5;50,4033500000;2,9396500000
202200019510;5;9;2022;12:15;1;61;1;2;1;3;48,4356800000;0,0224500000
202200019511;5;9;2022;14:30;1;59;2;2;1;3;50,7246749992;3,1519711018
202200019512;5;9;2022;14:05;1;59;2;2;1;3;50,7471235197;3,1320664287
202200019513;4;9;2022;20:25;5;59;2;1;1;3;50,5996707992;3,0805519223
202200019514;4;9;2022;19:45;1;59;2;1;1;6;50,6255551732;3,0355390906
202200019515;3;9;2022;05:50;2;55;1;1;1;6;48,7804940000;5,1576930000
202200019516;5;9;2022;18:06;1;51;2;2;1;1;49,2670100000;4,0516400000
202200019517;5;9;2022;16:13;1;51;2;6;1;7;49,2466000000;4,0623800000
202200019518;5;9;2022;17:38;1;49;2;1;1;3;47,4630800000; -0,5446200000
202200019519;5;9;2022;14:57;1;49;2;2;1;1;47,4530100000; -0,5654600000
202200019520;5;9;2022;11:16;1;47;2;2;1;2;44,1913500000;0,6507300000
202200019521;5;9;2022;13:20;1;45;2;3;1;3;47,9224500000;1,8938000000
202200019522;5;9;2022;20:00;2;44;2;1;1;3;47,2107400000; -1,5743300000
202200019523;5;6;2022;04:00;5;42;2;1;1;2;45,4698485216;4,5091561228
202200019524;4;9;2022;13:50;1;41;1;1;1;1;47,6016080000;1,3727350000
202200019525;30;8;2022;10:10;1;41;1;1;1;6;47,5718100000;1,3573300000
202200019526;5;9;2022;21:40;5;37;2;1;1;2;47,3875381298;0,7087200880
202200019527;5;9;2022;08:05;1;37;2;3;8;6;47,3651681173;0,6836897135
202200019528;5;9;2022;07:17;2;37;2;2;2;6;47,4123672417;0,7029211521
202200019529;5;9;2022;20:45;5;31;1;1;2;7;43,5530900000;1,4097700000
202200019530;5;9;2022;11:45;1;29;1;1;1;7;48,0360800000; -4,0787800000
202200019531;5;9;2022;03:55;5;29;2;1;1;7;47,9881090000; -4,1053080000
202200019532;5;9;2022;21:05;5;29;2;1;1;3;48,3997770000; -4,4967590000
202200019533;5;9;2022;14:10;1;27;2;1;2;7;49,0957000000;1,5251500000
202200019534;5;9;2022;19:35;2;25;2;2;1;3;46,9043800000;6,3472500000
202200019535;5;9;2022;09:50;1;25;2;2;1;3;47,2533890000;6,0159000000
202200019536;4;9;2022;00:35;5;21;2;3;1;2;47,3345741669;5,0537426883
202200019537;4;9;2022;05:45;5;21;2;2;1;3;47,3221110000;5,0378670000
202200019538;2;9;2022;14:30;1;19;2;1;1;6;45,1533900000;1,5086600000
202200019539;5;9;2022;16:22;1;18;2;1;1;7;47,2287050000;2,0612020000
202200019540;5;9;2022;19:40;1;17;2;1;1;3;45,7397890000; -0,6138300000
202200019541;4;9;2022;13:40;1;14;2;3;1;3;49,1448280000;0,2223110000
202200019542;5;9;2022;22:15;3;14;2;6;1;3;49,1747400000; -0,3533700000
202200019543;5;9;2022;03:05;3;14;1;1;1;6;49,2062600000; -0,3222900000
202200019544;5;9;2022;19:00;1;13;2;1;1;2;43,3148600000;5,3908500000
202200019545;2;9;2022;05:10;5;13;2;1;1;1;43,3669700000;5,3434400000
202200019546;4;9;2022;17:50;1;11;2;9;1;6;43,2104240000;2,3691640000
202200019547;5;9;2022;12:57;1;10;2;3;1;2;48,3059300000;4,0635900000
202200019548;4;9;2022;15:58;1;10;2;2;1;-1;48,2981200000;4,1194400000
202200019549;5;9;2022;11:30;1;06;2;1;1;6;43,6444080000;6,9409770000
202200019550;2;9;2022;14:00;1;02;2;1;1;3;49,6594900000;3,3442100000
202200019551;3;9;2022;21:40;5;02;2;1;1;6;49,5695100000;3,6325400000
202200019552;5;9;2022;15:50;1;75;2;1;1;3;48,8161200000;2,3599110000
202200019553;3;9;2022;15:35;1;75;2;1;1;3;48,8713380000;2,2731220000
202200019554;5;9;2022;10:00;1;75;2;3;1;3;48,8997020000;2,3702830000
202200019555;25;6;2022;18:30;1;94;2;6;8;3;48,7690100000;2,4819700000
202200019556;25;6;2022;21:35;2;93;2;1;1;6;48,9567300000;2,5509300000
202200019557;5;9;2022;08:50;1;75;2;2;1;3;48,8835400000;2,3469800000
202200019558;25;6;2022;10:40;1;93;2;1;1;6;48,9362400000;2,3560000000
202200019559;5;9;2022;18:00;1;75;2;2;2;3;48,8828000000;2,3232620000
202200019560;25;6;2022;19:20;1;93;2;1;2;2;48,8682000000;2,4600300000
202200019561;5;9;2022;18:15;1;75;2;7;1;2;48,8710730000;2,2752570000
202200019562;1;7;2022;22:50;5;93;2;2;1;3;48,9127800000;2,5398800000
202200019563;5;9;2022;09:20;1;75;2;1;1;2;48,8636400000;2,2394870000
202200019564;25;6;2022;17:42;1;93;2;3;2;3;48,9122570000;2,5519520000
202200019565;4;9;2022;09:50;1;75;2;3;1;2;48,8618810000;2,2303920000
202200019566;25;6;2022;18:45;1;93;2;1;1;6;48,9475200000;2,4915800000
202200019567;5;9;2022;20:00;5;75;2;1;8;6;48,8506170000;2,3754000000
202200019568;25;6;2022;14:45;1;93;2;1;2;3;48,9214039934;2,3723017573
202200019569;24;6;2022;22:25;5;92;2;1;1;6;48,8192050000;2,3025390000
202200019570;5;9;2022;20:45;5;75;2;4;8;6;48,8713730000;2,3026000000
202200019571;5;9;2022;13:14;1;75;2;1;1;3;48,8627740000;2,3241580000
202200019572;25;6;2022;14:40;1;92;2;3;2;4;48,8672700000;2,1556400000
202200019573;4;9;2022;13:15;1;94;2;1;1;3;48,8383000000;2,4909100000
202200019574;25;6;2022;15:30;1;92;2;1;2;1;48,8624683745;2,1945313811
202200019575;25;6;2022;22:40;5;92;2;9;1;3;48,9065904798;2,2116847113
202200019576;5;9;2022;06:22;5;94;2;9;1;7;48,7947000000;2,3624000000
202200019577;25;6;2022;11:27;1;92;2;1;2;2;48,9007300000;2,2244200000
202200019578;5;9;2022;15:26;1;94;2;2;1;3;48,7688386904;2,4206917779
202200019579;25;6;2022;09:00;1;92;2;3;1;6;48,8898850113;2,2195209861
202200019580;24;6;2022;23:57;5;92;2;3;1;7;48,8092901773;2,3009803444
202200019581;5;9;2022;15:25;1;94;2;2;1;3;48,7449034581;2,5118954480
202200019582;25;6;2022;19:15;1;92;2;4;8;3;48,8398394577;2,2304072678
202200019583;25;6;2022;14:50;1;92;2;1;2;6;48,7773721564;2,3077203333
202200019584;22;4;2022;21:30;3;40;1;1;1;2;43,7171940000; -0,2757580000
202200019585;5;9;2022;12:27;1;93;2;6;1;5;48,8995588558;2,5177290837
202200019586;23;4;2022;17:50;1;59;1;1;1;6;50,9332870000;2,3694260000
202200019587;25;6;2022;15:55;1;39;1;1;1;6;46,7803420000;5,8903630000
202200019588;21;4;2022;14:05;1;91;1;1;1;1;48,6317880000;2,4682330000
202200019589;26;6;2022;07:54;1;22;2;1;1;6;48,5676270000; -3,0139230000
202200019590;22;4;2022;18:50;1;19;1;1;1;6;45,4356762573;2,4496722220
202200019591;26;6;2022;14:28;1;11;1;9;1;6;43,2195640000;2,2144320000
202200019592;23;4;2022;12:30;1;19;1;3;8;6;45,0980410000;1,5215740000
202200019593;26;6;2022;01:45;3;28;1;1;1;6;48,1971660000;1,0710220000
202200019594;22;4;2022;20:31;2;41;1;1;1;6;47,3146690000;1,8129390000
202200019595;22;4;2022;23:25;3;71;1;1;1;6;46,4537660000;4,6335050000
202200019596;25;6;2022;15:15;1;83;1;1;1;7;43,4419220077;6,4585198478
202200019597;24;6;2022;00:50;3;67;2;3;1;7;48,7449340000;7,3690740000
202200019598;21;6;2022;06:24;2;01;2;1;1;5;46,2371200000;6,0426310000
202200019599;22;4;2022;16:12;1;25;1;3;1;1;47,0384570000;6,4954520000
202200019600;26;6;2022;07:10;1;44;1;1;1;6;47,3395000000; -1,8203200000
202200019601;22;4;2022;19:30;2;44;1;2;1;3;47,4809900000; -1,9148500000
202200019602;22;4;2022;09:00;1;38;1;2;1;3;45,1196210000;5,2409560000
202200019603;25;6;2022;11:25;1;22;1;1;1;7;48,4208850000; -2,4408530000
202200019604;26;6;2022;04:30;3;23;1;1;2;6;46,1610030000;1,5778470000
202200019605;22;4;2022;20:30;2;38;2;6;1;1;45,3374860000;5,9749210000
202200019606;4;4;2022;16:00;1;84;1;1;1;1;43,8644230000;5,3015470000
202200019607;25;6;2022;16:35;1;62;1;3;2;5;50,3866350000;2,1675750000
202200019608;22;4;2022;19:30;1;70;2;1;1;7;47,8851590000;6,4057820000
202200019609;26;6;2022;10:15;1;30;1;3;1;2;43,7007180000;4,5746850000
202200019610;20;4;2022;18:35;1;06;1;4;1;3;43,8807060000;7,4315650000
202200019611;25;6;2022;02:40;3;67;1;3;1;6;48,8695770000;7,2421570000
202200019612;25;6;2022;13:40;1;79;1;1;2;7;46,6655330000; -0,2476000000
202200019613;26;6;2022;03:00;3;89;1;1;1;1;48,2990400000;3,1868510000
202200019614;23;4;2022;11:00;1;24;1;1;2;1;44,8525720000;1,0198030000
202200019615;24;6;2022;17:50;1;61;1;1;1;3;48,6542820000;0,6800580000
202200019616;22;4;2022;20:45;2;24;1;1;1;6;44,8869060000;0,5807950000
202200019617;11;4;2022;16:24;1;04;2;1;1;6;43,9476630000;6,8112980000
202200019618;26;6;2022;19:15;1;61;1;3;1;5;48,8160100000;0,6192630000
202200019619;22;4;2022;17:45;1;27;1;2;1;3;49,4033780000;1,6182090000
202200019620;25;6;2022;15:15;1;22;1;2;1;1;48,2683120000; -2,5770240000
202200019621;23;4;2022;17:25;1;28;2;4;1;6;48,6106320000;1,6824370000
202200019622;21;6;2022;12:29;1;35;2;2;1;3;48,5145400000; -1,9079520000
202200019623;20;4;2022;12:00;1;87;1;4;2;1;45,8155910000;0,8184130000
202200019624;12;6;2022;09:55;1;35;2;1;7;1;48,5903567597; -1,8576610833
202200019625;22;4;2022;19:10;1;87;2;2;1;3;46,1230009553;1,0461923653
202200019626;26;6;2022;06:00;2;03;1;1;3;1;46,2194850000;3,4341500000
202200019627;26;6;2022;00:25;3;72;1;1;1;6;48,0444350000;0,5723620000
202200019628;16;4;2022;20:55;3;30;1;1;1;3;43,5736290000;4,3040660000
202200019629;26;6;2022;10:45;1;50;2;1;1;3;48,7160080000; -0,9244560000
202200019630;25;6;2022;23:50;3;18;1;1;1;6;47,0806730000;2,9429730000
202200019631;22;4;2022;15:30;1;52;1;1;1;1;47,6463950000;5,2798320000
202200019632;25;6;2022;22:45;3;85;1;1;1;4;46,5112600000; -1,2023700000
202200019633;26;6;2022;06:30;2;30;1;1;1;6;44,1456440000;4,0617470000
202200019634;22;4;2022;23:20;3;63;1;1;2;5;45,7846440000;3,2073210000
202200019635;25;6;2022;19:00;1;48;1;1;8;6;44,2824780000;3,7989550000
202200019636;26;6;2022;04:45;5;88;1;1;1;1;47,9902540000;6,8476130000
202200019637;19;4;2022;16:05;1;69;1;1;1;7;45,7198510000;4,7676370000
202200019638;22;4;2022;23:55;3;11;1;9;1;2;43,1436140000;2,9802130000
202200019639;26;6;2022;08:05;1;30;1;1;1;5;43,7636560000;4,2791100000
202200019640;20;4;2022;17:20;1;987;2;1;1;3; -17,5429770000; -149,5036460000
202200019641;23;4;2022;14:30;1;973;2;1;2;3;5,4950200000; -54,0210200000
202200019642;23;4;2022;04:45;3;971;1;1;2;6;16,2174707210; -61,4153699577
202200019643;17;4;2022;16:00;1;30;2;1;1;6;43,8757700000;4,4931880000
202200019644;23;4;2022;03:40;3;11;1;1;1;1;43,3682365429;1,9658551227
202200019645;17;6;2022;16:45;1;11;1;1;1;2;43,2265370000;3,1017490000
202200019646;22;4;2022;18:30;1;84;1;1;1;7;44,0302460000;4,8835090000
202200019647;25;6;2022;19:45;1;69;2;1;1;6;45,5190940000;4,8494420000
202200019648;25;6;2022;03:20;5;987;2;1;1;1; -16,7440000000; -151,4600000000
202200019649;23;4;2022;07:10;2;83;1;1;1;1;43,2596710000;6,5908690000
202200019650;24;6;2022;19:45;5;971;1;1;1;1;16,2772710000; -61,3935540000
202200019651;22;4;2022;16:34;1;70;1;1;1;1;47,6483140000;6,5896990000
202200019652;25;6;2022;18:30;1;78;1;1;1;1;48,8335520000;1,8764330000
202200019653;18;4;2022;15:00;1;74;1;1;1;6;45,9244650000;6,2168030000
202200019654;25;6;2022;20:55;1;83;1;1;1;3;43,2585960000;6,6326740000
202200019655;22;4;2022;16:00;1;42;2;3;1;3;45,7870120000;4,3409890000
202200019656;25;6;2022;07:30;1;06;2;1;1;3;43,8116230000;7,3252760000
202200019657;23;4;2022;16:50;1;26;1;1;2;1;45,0658830000;5,2286120000
202200019658;26;6;2022;12:40;1;13;1;1;1;7;43,8085060000;4,8166520000
202200019659;22;4;2022;16:40;1;26;1;1;1;2;44,9144990000;4,9577360000
202200019660;25;6;2022;19:40;1;68;2;1;1;3;47,6568210000;7,4522390000
202200019661;20;4;2022;10:40;1;01;1;3;1;1;46,1338910000;5,1918130000
202200019662;19;4;2022;12:40;1;69;1;1;1;6;45,8024480000;4,5612140000
202200019663;10;6;2022;10:00;1;88;1;1;7;5;48,4096190000;6,5866680000
202200019664;22;4;2022;11:00;1;09;2;1;1;6;42,9284490000;1,8559900000
202200019665;26;6;2022;05:47;2;57;1;1;2;6;49,0329440000;6,0862490000
202200019666;22;4;2022;13:30;1;79;1;1;1;1;46,4160560000; -0,1762430000
202200019667;22;4;2022;16:30;1;29;2;1;1;6;47,9306450651; -4,0699264035
202200019668;24;6;2022;17:45;1;69;1;1;1;6;46,0412390000;4,4893370000
202200019669;22;4;2022;12:45;1;60;2;6;1;2;49,2022940506;2,4612851142
202200019670;25;6;2022;23:45;4;31;2;1;2;6;43,4965230000;1,5185330000
202200019671;10;4;2022;13:14;1;60;2;2;1;6;49,1555110000;2,4397800000
202200019672;25;6;2022;22:45;3;17;2;1;1;6;45,6661950000; -0,9281650000
202200019673;20;4;2022;07:50;1;13;1;1;1;2;43,3299108590;5,3930220694
202200019674;26;6;2022;07:53;1;40;1;1;8;6;43,7697460000; -1,2191820000
202200019675;23;6;2022;22:45;5;33;2;1;1;6;44,6811952109; -1,0166115314
202200019676;7;4;2022;18:25;1;69;1;1;2;5;45,5883400000;4,7906800000
202200019677;26;6;2022;11:05;1;85;2;6;1;7;46,7554400000; -1,6227400000
202200019678;20;4;2022;06:35;1;59;1;1;1;6;50,6115084381;3,0899800658
202200019679;26;6;2022;17:05;1;49;1;2;1;1;47,1370090000; -0,9568410000
202200019680;20;4;2022;18:00;1;92;1;1;1;4;48,7766292971;2,2331996201
202200019681;25;6;2022;19:40;1;61;1;4;1;3;48,4754210000;0,1430420000
202200019682;20;4;2022;17:00;1;78;1;1;1;6;48,9544730000;1,9385440000
202200019683;21;6;2022;21:15;1;29;2;6;1;6;47,8981470000; -4,0142260000
202200019684;21;4;2022;17:47;1;95;1;1;1;3;49,0667400000;2,4019800000
202200019685;21;4;2022;19:00;1;93;1;1;1;6;48,8980694688;2,4693498171
202200019686;21;4;2022;18:10;1;92;1;1;1;3;48,9274987900;2,3333366364
202200019687;26;6;2022;11:00;1;62;1;2;7;3;50,3334894711;2,8881477713
202200019688;20;4;2022;21:00;2;95;1;1;1;3;49,0265346803;2,1301272511
202200019689;25;6;2022;18:40;1;83;1;1;1;6;43,1351300000;5,9907400000
202200019690;21;4;2022;08:30;1;93;1;1;1;2;48,9424500000;2,4307600000
202200019691;25;6;2022;04:10;3;69;1;1;1;2;45,6833431432;4,8470642961
202200019692;20;4;2022;15:45;1;95;1;1;1;4;49,0279264186;2,5056552887
202200019693;21;6;2022;17:25;1;69;1;1;1;2;45,6680100000;4,9272500000
202200019694;25;6;2022;18:00;1;91;1;1;1;7;48,6314200000;2,5048000000
202200019695;20;4;2022;12:30;1;94;1;1;1;6;48,8284416936;2,5027316394
202200019696;17;4;2022;12:00;1;94;1;1;1;6;48,7763980000;2,4152400000
202200019697;24;6;2022;18:05;1;94;1;1;1;3;48,7995177224;2,3424763536
202200019698;16;4;2022;17:25;1;94;1;1;1;2;48,8289075736;2,4782949522
202200019699;25;6;2022;12:15;1;92;1;1;2;2;48,8395693208;2,2020814717
202200019700;11;2;2022;16:30;1;89;2;3;1;3;48,1909300000;3,2854000000
202200019701;25;6;2022;03:00;5;78;1;1;1;6;48,7849757564;2,2229106395
202200019702;20;4;2022;22:30;5;976;2;2;1;3; -12,7724500000;45,2231300000
202200019703;24;6;2022;02:10;3;78;1;1;2;2;48,8455400000;2,0847600000
202200019704;20;4;2022;13:50;1;974;1;1;1;2; -21,3108200000;55,4968300000
202200019705;20;4;2022;16:40;1;69;2;1;1;6;45,7747700000;4,8111700000
202200019706;20;4;2022;11:23;1;69;2;2;1;6;45,7792000000;4,8041200000
202200019707;25;6;2022;07:30;1;95;1;1;1;2;49,0692210000;2,2494770000
202200019708;20;4;2022;01:50;3;2B;1;1;1;2;42,6221199225;9,4368918527
202200019709;25;6;2022;02:15;3;95;1;1;2;4;49,0309794287;2,1210640669
202200019710;4;4;2022;22:05;5;971;1;1;1;2;16,2762301084; -61,5089750290
202200019711;19;4;2022;21:00;3;971;1;1;1;6;16,2357652235; -61,4726793766
202200019712;19;4;2022;11:20;1;2A;2;1;1;3;41,9404500000;8,7461000000
202200019713;24;6;2022;16:20;1;95;1;1;2;4;48,9983515319;2,5199809670
202200019714;20;4;2022;16:50;1;95;1;2;1;3;48,9915700000;2,3601100000
202200019715;25;6;2022;10:15;1;94;1;1;1;3;48,8271790507;2,5086856622
202200019716;20;4;2022;16:00;1;91;1;1;1;2;48,7008100000;2,4440000000
202200019717;19;4;2022;20:24;1;87;2;1;2;7;45,8757000000;1,3312100000
202200019718;24;6;2022;18:45;1;77;1;1;1;6;48,9266610488;2,6288637319
202200019719;24;6;2022;13:13;1;37;2;1;1;6;47,3793200000;0,6986600000
202200019720;11;4;2022;10:25;1;85;2;2;7;3;46,6763140000; -1,4409700000
202200019721;23;6;2022;10:40;1;86;2;1;1;6;46,5759620000;0,3760240000
202200019722;20;4;2022;07:30;1;78;2;1;1;3;48,8947900000;2,0697700000
202200019723;20;4;2022;14:45;1;78;2;6;1;2;48,9958780000;1,9161210000
202200019724;25;4;2022;11:50;1;976;2;3;1;6; -12,7865600000;45,2193400000
202200019725;19;4;2022;18:00;1;65;2;1;2;3;43,2347790000;0,0785360000
202200019726;20;4;2022;08:15;1;64;1;1;2;7;43,3426400000; -0,4374500000
202200019727;24;4;2022;17:40;2;976;2;3;1;3; -12,7837800000;45,2226900000
202200019728;19;4;2022;18:45;1;64;2;3;3;3;43,3246800000; -0,3569240000
202200019729;20;4;2022;20:25;1;61;1;6;1;7;48,4422000000;0,0588100000
202200019730;17;4;2022;14:00;1;976;2;3;1;3; -12,7940900000;45,2147400000
202200019731;20;4;2022;23:10;5;59;2;2;1;3;50,7242400000;3,1727800000
202200019732;20;4;2022;23:15;5;59;2;1;1;6;50,7011000000;3,2380600000
202200019733;20;4;2022;15:10;1;59;2;1;1;6;50,2695522707;3,9657526014
202200019734;4;4;2022;05:45;5;91;2;2;1;3;48,6176720000;2,4301010000
202200019735;20;4;2022;13:40;1;59;2;1;1;3;50,6354628530;3,1217694283
202200019736;22;4;2022;18:43;1;77;2;1;1;3;48,5946700000;2,5668200000
202200019737;19;4;2022;16:30;1;56;2;3;1;3;47,7743500000; -3,3414400000
202200019738;25;4;2022;09:00;1;26;2;2;1;3;44,5345400000;4,7589300000
202200019739;15;4;2022;15:22;1;54;2;6;1;3;48,5922700000;6,5100300000
202200019740;21;6;2022;16:30;1;974;2;1;1;6; -21,3247090000;55,4580630000
202200019741;17;4;2022;22:50;5;54;2;1;1;6;49,5151800000;5,7568200000
202200019742;22;6;2022;21:00;5;974;2;1;1;2; -20,8899200000;55,4610400000