Accident_Id;jour;mois;an;hrmn;lum;dep;agg;int;atm;col;lat;long
202200019743;14;4;2022;21:10;5;50;2;1;1;6;49,6308400000; -1,6055800000
202200019744;17;4;2022;16:52;1;49;2;1;1;7;47,4455900000; -0,4933600000
202200019745;24;6;2022;16:30;1;973;2;1;1;6;4,9231727970; -52,3125815392
202200019746;20;4;2022;09:04;1;49;2;1;1;2;47,4400000000; -0,5292900000
202200019747;24;6;2022;11:23;1;973;2;1;1;6;4,9271897165; -52,3140648007
202200019748;17;4;2022;23:10;5;49;2;1;1;3;47,4505900000; -0,5527900000
202200019749;16;4;2022;19:07;2;49;2;1;1;7;47,4702000000; -0,5096200000
202200019750;24;6;2022;17:20;1;69;2;9;1;6;45,7567500000;4,8539400000
202200019751;16;4;2022;17:25;1;44;2;3;1;3;47,2851500000; -2,2267900000
202200019752;20;4;2022;13:05;1;37;2;9;1;6;47,4263416311;0,7065689564
202200019753;24;6;2022;09:20;1;69;2;3;3;6;45,7617500000;4,8474000000
202200019754;20;4;2022;05:35;5;35;2;3;1;3;48,0863693831; -1,6143612564
202200019755;19;4;2022;19:40;1;34;1;1;1;5;43,5637700000;3,8677900000
202200019756;24;6;2022;08:10;1;69;2;3;1;6;45,7078741546;4,8646877598
202200019757;24;6;2022;08:47;1;2A;1;1;1;7;41,9329000000;8,6703700000
202200019758;20;4;2022;11:40;1;33;2;3;3;6;44,8486100000; -0,5917500000
202200019759;20;4;2022;13:57;1;31;2;1;8;7;43,6665700000;1,4120100000
202200019760;19;4;2022;19:30;5;31;2;9;2;6;43,6035700000;1,4777900000
202200019761;24;6;2022;10:00;1;95;2;2;1;3;48,9972874610;2,3235493898
202200019762;20;4;2022;14:00;1;23;2;1;8;6;46,1748600000;1,8735800000
202200019763;20;4;2022;23:30;5;13;2;2;2;3;43,2900000000;5,4200000000
202200019764;24;6;2022;13:30;1;95;1;1;1;3;49,0590700000;1,9997000000
202200019765;20;4;2022;14:45;1;13;2;1;2;4;43,3251700000;5,3882800000
202200019766;24;6;2022;19:25;1;91;1;1;1;2;48,7058000000;2,3517700000
202200019767;24;6;2022;05:35;5;89;2;1;1;6;47,8040500000;3,5726500000
202200019768;20;4;2022;11:15;1;13;2;1;1;3;43,2799722826;5,4420520156
202200019769;12;4;2022;14:30;1;13;2;3;1;3;43,2937000000;5,4014100000
202200019770;20;4;2022;12:45;1;13;2;1;1;2;43,2848800000;5,5966700000
202200019771;23;6;2022;16:54;1;87;2;2;1;4;45,8687500000;1,2964900000
202200019772;23;6;2022;21:10;1;83;2;1;1;5;43,1362100000;5,7775500000
202200019773;20;4;2022;19:40;1;09;2;1;2;6;42,9520270000;1,6275230000
202200019774;19;4;2022;16:25;1;06;2;6;1;3;43,5511200000;7,0300000000
202200019775;16;6;2022;16:30;1;83;2;3;1;3;43,0924720000;5,8122560000
202200019776;20;4;2022;17:35;1;75;2;1;1;4;48,8532095859;2,2531234678
202200019777;24;6;2022;22:15;5;83;2;1;1;6;43,0867700000;6,1573300000
202200019778;20;4;2022;16:45;1;75;2;1;1;4;48,8725632870;2,4126230426
202200019779;20;4;2022;01:08;4;75;2;1;1;6;48,8629549740;2,4140900373
202200019780;23;6;2022;19:00;1;83;2;3;1;6;43,0915347466;6,1229896545
202200019781;20;4;2022;09:50;1;75;2;2;1;2;48,8622779677;2,3015612868
202200019782;24;6;2022;11:55;1;81;1;1;1;6;43,4759800000;2,3733900000
202200019783;20;4;2022;20:45;5;75;2;3;1;3;48,8756740000;2,4059750000
202200019784;20;4;2022;18:40;1;75;2;1;1;7;48,8704450000;2,3871930000
202200019785;24;6;2022;10:20;1;78;2;1;1;2;48,9919100000;2,0847400000
202200019786;20;4;2022;16:25;1;75;2;1;1;3;48,8749810000;2,3826340000
202200019787;20;4;2022;18:30;1;75;2;5;1;6;48,8930091738;2,3274121883
202200019788;25;2;2022;20:15;5;75;2;2;1;3;48,8835557512;2,3469894381
202200019789;20;4;2022;10:15;1;75;2;2;1;2;48,8813983014;2,3163557873
202200019790;24;6;2022;18:15;1;77;2;2;2;3;48,8538800000;2,7736800000
202200019791;22;6;2022;14:25;1;71;2;1;2;7;46,3166100000;4,8266500000
202200019792;20;4;2022;18:20;1;75;2;4;1;3;48,8429606172;2,2563420392
202200019793;24;6;2022;09:35;1;66;2;1;1;6;42,6886533361;2,9041390121
202200019794;19;4;2022;12:00;1;75;2;1;1;3;48,8463650000;2,3175000000
202200019795;20;4;2022;21:36;5;75;2;3;1;3;48,8480260000;2,3738380000
202200019796;24;6;2022;19:26;1;64;2;1;1;3;43,3187600000; -0,3598700000
202200019797;20;4;2022;00:00;5;75;2;7;1;3;48,8486279275;2,3943630606
202200019798;20;4;2022;14:30;1;75;2;1;1;3;48,8774755792;2,2992870162
202200019799;23;6;2022;15:57;1;63;2;1;1;2;45,7729200000;3,0826800000
202200019800;20;4;2022;10:30;1;75;2;1;1;3;48,8718550000;2,3083420000
202200019801;24;6;2022;13:00;1;61;1;1;1;1;48,4511600000;0,1182300000
202200019802;20;4;2022;19:33;1;75;2;2;1;3;48,8628350105;2,3134476815
202200019803;20;4;2022;15:30;1;75;2;1;1;6;48,8568010000;2,3149020000
202200019804;24;6;2022;13:40;1;57;1;1;3;5;49,1786000000;6,1616000000
202200019805;23;6;2022;12:50;1;56;2;2;1;1;47,7331540000; -3,3752692500
202200019806;19;4;2022;12:30;1;75;2;6;1;2;48,8584528818;2,3123726249
202200019807;20;4;2022;12:15;1;75;2;2;1;6;48,8666870000;2,3255680000
202200019808;23;6;2022;08:10;1;56;1;1;2;2;47,7665800000; -3,3786900000
202200019809;19;4;2022;08:10;1;75;2;3;1;3;48,8521070000;2,3656510000
202200019810;24;6;2022;18:50;1;54;2;3;1;3;48,6856875923;6,1719265581
202200019811;19;4;2022;20:40;3;94;1;1;1;4;48,7736100000;2,4041200000
202200019812;23;6;2022;22:30;3;54;1;1;1;3;48,6455900000;6,2871100000
202200019813;24;6;2022;17:15;1;51;2;1;1;3;49,2689500000;4,0232400000
202200019814;20;4;2022;14:00;1;94;2;7;1;6;48,7527000000;2,3295000000
202200019815;20;4;2022;17:47;1;94;2;1;1;2;48,7915771293;2,4443131685
202200019816;22;6;2022;18:30;1;50;2;2;1;3;49,6673700000; -1,6966700000
202200019817;20;4;2022;17:20;1;94;2;1;1;3;48,7451800000;2,4010400000
202200019818;20;4;2022;14:45;1;94;2;1;1;1;48,8224500000;2,4922000000
202200019819;10;6;2022;08:00;1;50;2;1;2;4;49,6577300000; -1,6666900000
202200019820;20;4;2022;12:45;1;93;2;4;1;6;48,9383900000;2,5304300000
202200019821;24;6;2022;08:06;1;49;2;6;1;3;47,4904700000; -0,5822000000
202200019822;19;4;2022;22:15;5;93;2;3;1;6;48,9361860000;2,3645190000
202200019823;24;6;2022;22:23;2;46;2;1;1;6;44,4597400000;1,4325100000
202200019824;20;4;2022;17:57;1;93;2;2;1;3;48,8891680000;2,4101100000
202200019825;25;4;2022;15:50;1;42;2;2;1;6;45,4572300000;4,3897200000
202200019826;9;10;2022;02:50;3;81;2;1;1;1;43,8877760000;2,4493500000
202200019827;20;4;2022;14:00;1;93;2;2;7;3;48,8867800000;2,4202430000
202200019828;1;6;2022;18:30;1;42;2;1;2;6;45,4416700000;4,3424400000
202200019829;20;4;2022;19:50;1;93;2;1;1;3;48,8658300000;2,5672300000
202200019830;8;10;2022;06:15;1;974;2;1;1;7; -21,2651700000;55,3661800000
202200019831;20;4;2022;12:10;1;93;2;9;1;6;48,8688350000;2,4678380000
202200019832;2;6;2022;03:40;4;42;1;1;3;6;45,4328300000;4,3281900000
202200019833;8;10;2022;13:40;1;40;1;1;1;7;43,8545830000; -0,3445670000
202200019834;20;4;2022;13:50;1;93;2;2;1;3;48,9165100000;2,5315500000
202200019835;23;6;2022;17:20;1;37;2;1;1;6;47,4247483751;0,7097259164
202200019836;14;4;2022;11:10;1;93;2;1;1;2;48,9277400000;2,3916500000
202200019837;25;6;2022;00:30;5;35;2;2;1;6;48,0950400000; -1,6373900000
202200019838;20;4;2022;17:30;1;93;2;3;1;3;48,9052590000;2,4257030000
202200019839;8;10;2022;18:50;1;21;1;1;1;2;47,4681950000;4,2347150000
202200019840;24;6;2022;22:20;5;35;2;2;8;3;48,1124500000; -1,6662000000
202200019841;20;4;2022;14:40;1;93;2;1;1;5;48,9161744048;2,4150105714
202200019842;20;4;2022;17:12;1;92;2;9;1;1;48,8166870000;2,3253870000
202200019843;24;6;2022;18:35;1;35;1;1;2;2;48,1144368247; -1,5596600000
202200019844;8;10;2022;11:45;1;62;2;3;1;6;50,6622920000;2,8024200000
202200019845;20;4;2022;09:35;1;92;2;9;1;3;48,8168395561;2,3067384437
202200019846;9;10;2022;03:00;4;85;2;1;1;7;46,8708900000; -1,0171310000
202200019847;24;6;2022;07:40;1;35;2;2;1;1;48,1145872486; -1,6570519656
202200019848;20;4;2022;09:00;1;92;2;3;1;3;48,8121301398;2,3262979835
202200019849;9;10;2022;00:25;3;30;1;1;1;6;44,1422500000;4,3585470000
202200019850;21;6;2022;17:53;1;34;2;1;1;7;43,3416200000;3,2161500000
202200019851;14;4;2022;18:07;1;92;2;1;1;3;48,9168600000;2,3062970000
202200019852;8;10;2022;23:30;3;30;1;1;1;6;44,0033420000;4,3967630000
202200019853;18;4;2022;01:40;5;92;2;2;1;3;48,9190460000;2,2259740000
202200019854;8;10;2022;20:06;3;59;1;1;1;1;50,0317310000;3,2925140000
202200019855;23;6;2022;21:24;1;33;2;2;1;6;44,8375900000; -0,5736900000
202200019856;15;4;2022;19:40;1;37;1;1;1;6;47,5256200000;0,8287600000
202200019857;8;10;2022;21:30;5;67;2;1;1;6;48,4520120000;7,1994510000
202200019858;24;6;2022;18:25;1;33;2;1;1;6;44,6512300000; -1,1485200000
202200019859;9;10;2022;10:55;1;76;2;3;1;3;49,8157140000;1,1724140000
202200019860;22;4;2022;17:40;1;54;1;1;1;1;49,4805860000;5,6327460000
202200019861;24;6;2022;13:35;1;31;2;1;1;6;43,6102800000;1,4529000000
202200019862;22;4;2022;17:25;1;62;1;1;1;1;50,2553310000;2,0813410000
202200019863;8;10;2022;16:10;1;79;2;6;1;2;46,3030360000; -0,4916100000
202200019864;9;10;2022;11:05;1;82;2;1;1;7;43,8063810000;1,0312130000
202200019865;22;4;2022;17:00;1;30;2;3;1;3;44,1033460000;4,6517930000
202200019866;23;6;2022;07:50;1;29;1;2;2;5;47,9207900000; -3,9172800000
202200019867;9;10;2022;03:00;4;89;2;1;5;6;47,6278810000;3,6619150000
202200019868;22;6;2022;19:30;1;29;2;3;1;1;48,3995100000; -4,4434870000
202200019869;9;10;2022;19:35;2;61;1;1;1;1;48,6049150000; -0,3664540000
202200019870;22;4;2022;08:08;1;79;1;2;1;3;46,9547680000; -0,1441200000
202200019871;7;10;2022;17:45;1;42;1;1;1;6;45,8538080000;3,7802200000
202200019872;18;4;2022;03:35;3;79;1;1;5;6;46,9765960000; -0,7756730000
202200019873;8;10;2022;16:20;1;47;2;1;1;6;44,2657360000;0,2443780000
202200019874;22;4;2022;16:20;1;80;2;1;1;6;50,1852800000;1,7978310000
202200019875;29;4;2022;01:20;5;26;2;2;1;3;44,5365700000;4,7578900000
202200019876;8;10;2022;01:10;3;44;1;1;1;1;47,4565900000; -2,0805360000
202200019877;21;4;2022;09:15;1;11;1;1;2;6;43,1702090000;2,9168490000
202200019878;9;10;2022;06:45;5;44;1;6;1;6;47,2426630000; -1,4277610000
202200019879;22;4;2022;07:25;1;49;1;1;1;7;47,3040160000; -0,0096050000
202200019880;24;6;2022;08:50;1;22;2;2;1;3;48,5402700000; -2,7715000000
202200019881;9;10;2022;01:50;3;44;1;1;1;6;46,9884940000; -1,8515180000
202200019882;22;4;2022;14:00;1;47;1;2;1;3;44,3702030000;0,4701900000
202200019883;24;6;2022;15:40;1;13;2;2;1;3;43,4232100000;5,2411300000
202200019884;9;10;2022;11:35;1;02;1;1;1;1;49,9112610000;3,2050040000
202200019885;22;4;2022;06:54;2;39;1;1;1;6;46,8832490000;5,8976370000
202200019886;9;10;2022;08:00;2;02;1;1;1;6;49,7721290000;3,2071760000
202200019887;22;6;2022;19:15;1;13;2;1;1;1;43,4327200000;4,9404500000
202200019888;20;4;2022;19:13;1;44;1;4;1;1;47,3729210000; -2,2072810000
202200019889;24;6;2022;19:40;1;13;2;1;1;6;43,3513715222;5,3540414571
202200019890;9;10;2022;15:10;1;84;1;4;1;2;43,7305430000;5,5521570000
202200019891;22;4;2022;16:00;1;35;1;1;1;6;48,1553766890; -1,9258421659
202200019892;24;6;2022;12:15;1;13;2;1;1;3;43,2786732167;5,3807811521
202200019893;9;10;2022;16:00;1;70;1;1;1;1;47,5846890000;6,6317460000
202200019894;21;4;2022;17:35;1;35;1;1;7;7;48,1346330000; -2,2388720000
202200019895;21;4;2022;11:50;1;29;1;1;1;6;48,6284410000; -3,8847750000
202200019896;24;6;2022;09:45;1;13;2;1;1;1;43,3084400000;5,4003000000
202200019897;8;10;2022;11:35;1;72;1;1;1;7;47,6376020000;0,3282000000
202200019898;1;4;2022;19:42;3;03;1;1;4;1;46,4382120000;2,5784930000
202200019899;7;10;2022;15:00;1;06;2;1;1;7;43,8346530000;7,4696650000
202200019900;20;6;2022;16:10;1;13;2;1;1;6;43,2943374929;5,4422682523
202200019901;22;4;2022;17:20;1;58;2;1;1;6;47,0245040000;3,1323590000
202200019902;9;10;2022;17:10;1;50;1;1;1;6;48,8936080000; -1,3787570000
202200019903;21;4;2022;22:00;3;50;1;1;1;6;48,9925630000; -1,4179070000
202200019904;23;6;2022;18:50;1;13;2;9;1;3;43,2937209136;5,3730225563
202200019905;24;6;2022;19:35;1;13;2;1;1;6;43,5249700000;5,3899600000
202200019906;22;4;2022;11:00;1;50;1;1;1;7;49,6105290000; -1,3738060000
202200019907;7;10;2022;18:30;1;09;1;1;1;5;43,0356030000;1,5429460000
202200019908;22;4;2022;13:15;1;60;2;1;1;6;49,2587276113;2,5816572904
202200019909;24;6;2022;08:21;1;10;2;1;1;6;48,3000000000;4,0652900000
202200019910;21;4;2022;23:05;3;85;1;1;1;1;46,4629440000; -1,6384369000
202200019911;23;6;2022;16:25;1;10;2;3;1;6;48,2842300000;4,0707390000
202200019912;8;10;2022;18:45;3;43;1;5;1;7;45,2251540000;4,2596350000
202200019913;22;4;2022;19:10;1;60;1;1;7;2;49,3918990000;2,6990750000
202200019914;20;4;2022;18:15;2;971;2;1;1;6;15,8792320000; -61,3080720000
202200019915;18;4;2022;17:00;1;37;2;1;1;6;47,3229614921;1,0357403755
202200019916;23;6;2022;08:35;1;10;2;1;1;6;48,3063500000;4,0742700000
202200019917;7;10;2022;17:05;1;07;1;1;1;5;45,2532330000;4,7692840000
202200019918;21;4;2022;19:05;2;66;2;1;2;6;42,8265481768;2,9177860916
202200019919;9;10;2022;12:05;1;53;1;1;1;7;48,0721860000; -0,9008150000
202200019920;23;6;2022;15:57;1;09;2;1;1;1;42,9574500000;1,6046000000
202200019921;22;4;2022;13:15;1;83;2;1;8;3;43,2634893730;6,5795122683
202200019922;8;10;2022;17:00;1;21;1;1;1;7;47,4369670000;5,2912530000
202200019923;23;6;2022;18:20;1;06;2;1;1;6;43,6736200000;7,1900100000
202200019924;21;4;2022;19:40;1;68;2;4;1;1;47,8803530000;7,0375360000
202200019925;9;10;2022;06:15;3;27;1;1;5;7;49,3228820000;0,4764020000
202200019926;18;6;2022;17:00;1;05;1;1;1;7;44,6106100000;6,1394000000
202200019927;21;4;2022;18:40;1;67;1;1;1;7;48,4086080000;7,4353620000
202200019928;21;4;2022;15:50;1;57;2;3;1;6;49,1057920000;6,9574250000
202200019929;23;6;2022;17:50;1;75;2;1;1;3;48,8241170000;2,3833990000
202200019930;8;10;2022;19:55;3;28;1;1;1;5;48,5576510000;1,6780110000
202200019931;22;4;2022;12:45;1;01;2;1;1;2;45,8286410000;4,9693160000
202200019932;23;6;2022;14:00;1;75;2;1;1;2;48,8349730000;2,2733990000
202200019933;9;10;2022;10:05;1;30;1;1;1;1;43,8053400000;4,0678400000
202200019934;19;4;2022;08:50;1;69;2;2;1;6;45,8738740000;4,7720850000
202200019935;21;4;2022;18:51;1;85;1;1;1;7;46,7076300000; -1,5151700000
202200019936;21;6;2022;13:00;1;75;2;1;1;5;48,8705970000;2,2723520000
202200019937;9;10;2022;01:30;3;30;1;1;1;1;44,1290300000;4,1469740000
202200019938;21;4;2022;18:30;1;35;1;1;1;3;48,5895877136; -2,1159315706
202200019939;22;4;2022;17:10;1;60;1;1;1;2;49,3030760000;2,1980810000
202200019940;24;6;2022;07:50;1;75;2;4;1;4;48,8510730000;2,3306490000
202200019941;21;4;2022;15:45;1;59;2;1;1;7;50,5398448239;3,0837796032
202200019942;8;10;2022;12:00;1;987;1;1;1;1; -17,7120000000; -149,5080000000
202200019943;24;6;2022;09:40;1;75;2;1;8;6;48,8553470000;2,3969470000
202200019944;8;10;2022;17:00;1;67;1;1;1;7;48,8915700000;7,6821900000
202200019945;19;4;2022;08:55;1;83;1;1;1;2;43,1405392399;6,0001856088
202200019946;24;6;2022;18:56;1;75;2;2;1;3;48,8772710000;2,4067700000
202200019947;1;10;2022;20:00;3;01;1;1;3;2;46,2512770000;5,6256870000
202200019948;20;4;2022;18:05;1;91;1;1;1;3;48,7600100000;2,2569300000
202200019949;7;10;2022;22:30;3;987;1;1;1;3; -16,6200000000; -151,4960000000
202200019950;19;4;2022;14:25;1;78;1;1;1;2;48,7775740000;2,2220490000
202200019951;24;6;2022;10:40;1;75;2;2;1;3;48,8860060000;2,3981670000
202200019952;20;4;2022;07:45;1;95;1;1;1;6;49,0453500000;2,4757900000
202200019953;24;6;2022;10:30;1;75;2;7;1;6;48,8593330000;2,2768860000
202200019954;9;10;2022;05:30;3;57;1;9;1;5;49,1416780000;6,8138780000
202200019955;20;4;2022;09:58;1;988;2;3;7;2; -22,2821900000;166,4483300000
202200019956;24;6;2022;02:00;5;75;2;7;1;6;48,8544240000;2,2886590000
202200019957;8;10;2022;20:00;3;13;1;9;1;1;43,5291200000;5,3979350000
202200019958;19;4;2022;16:10;1;974;1;1;8;2; -20,9563400000;55,3125800000
202200019959;24;6;2022;17:45;1;75;2;2;1;6;48,8256902196;2,3820121586
202200019960;8;10;2022;13:45;1;988;1;1;8;6; -20,9272730000;165,3177580000
202200019961;19;4;2022;09:55;1;974;1;1;1;1; -20,9562000000;55,3123000000
202200019962;8;10;2022;18:30;3;974;2;1;1;6; -21,3678070000;55,7452300000
202200019963;24;6;2022;21:30;2;75;2;3;1;3;48,8340860000;2,4549100000
202200019964;19;4;2022;08:45;1;974;2;9;1;3; -20,9587400000;55,3198700000
202200019965;9;10;2022;07:30;1;971;2;1;1;6;16,2823350000; -61,6699480000
202200019966;24;6;2022;21:17;1;75;2;5;1;7;48,8577290000;2,3803420000
202200019967;19;4;2022;14:50;1;973;2;1;2;3;4,9200586530; -52,3218566179
202200019968;8;10;2022;03:15;3;971;1;1;1;2;16,2608430000; -61,6334080000
202200019969;24;6;2022;19:00;1;75;2;3;1;2;48,8761650000;2,3721340000
202200019970;19;4;2022;11:40;1;69;2;2;1;3;45,7663700000;4,8477500000
202200019971;7;10;2022;01:30;5;971;1;4;1;3;16,1478230000; -61,5835620000
202200019972;24;6;2022;13:05;1;75;2;4;1;6;48,8783060000;2,3543090000
202200019973;18;4;2022;14:30;1;972;1;1;1;2;14,6122300000; -61,0615100000
202200019974;5;10;2022;13:15;1;29;2;1;2;6;47,8771740000; -3,5442390000
202200019975;19;4;2022;11:45;1;69;2;1;1;6;45,7724200000;4,8392000000
202200019976;23;6;2022;23:40;5;75;2;2;1;3;48,8752330000;2,3703330000
202200019977;8;10;2022;12:15;1;45;2;2;1;3;47,9256750000;2,0461660000
202200019978;18;4;2022;18:00;1;69;2;2;1;3;45,7451500000;4,8181900000
202200019979;24;6;2022;17:35;1;75;2;4;1;3;48,8760250000;2,3445510000
202200019980;8;10;2022;09:30;1;45;2;1;7;5;47,9080290000;1,9977550000
202200019981;18;4;2022;15:10;1;69;2;1;1;4;45,8136653249;4,8686183989
202200019982;24;6;2022;15:40;1;75;2;7;1;2;48,8703340000;2,3323440000
202200019983;9;10;2022;06:24;2;77;1;1;1;1;48,9163800000;3,0631690000
202200019984;19;4;2022;11:10;1;91;2;1;1;2;48,6793400000;2,2007000000
202200019985;24;6;2022;21:50;2;94;2;3;1;3;48,7588900000;2,4088800000
202200019986;4;10;2022;18:20;1;34;2;2;1;3;43,6460160000;3,9617210000
202200019987;24;6;2022;16:00;1;94;2;3;2;3;48,7517700000;2,4573200000
202200019988;8;10;2022;20:00;3;83;1;1;1;3;43,4163250000;6,6837700000
202200019989;24;6;2022;15:46;1;94;2;1;3;1;48,7502700000;2,4830350000
202200019990;24;6;2022;15:35;1;94;2;1;1;2;48,7480800000;2,4669000000
202200019991;8;10;2022;15:50;1;67;1;1;1;7;49,0268660000;7,8914240000
202200019992;24;6;2022;08:45;1;94;2;1;1;6;48,8108770000;2,4695490000
202200019993;24;6;2022;12:15;1;94;2;1;1;3;48,8017000000;2,4422000000
202200019994;9;10;2022;16:35;1;54;1;1;1;1;48,6059433680;6,4343404771
202200019995;24;6;2022;16:07;1;94;2;1;1;3;48,8115600000;2,3648900000
202200019996;8;10;2022;22:50;5;57;2;3;1;3;49,1745360000;6,9177870000
202200019997;24;6;2022;14:00;1;94;2;1;1;1;48,7548100000;2,3700800000
202200019998;7;10;2022;12:25;1;69;1;2;1;2;45,7947770000;4,7413890000
202200019999;24;6;2022;15:40;1;94;2;3;1;3;48,7960200000;2,4632600000
202200020000;8;10;2022;16:25;1;17;1;1;1;7;45,6655330000; -0,9440460000
202200020001;8;10;2022;20:25;5;22;2;1;1;3;48,4537840000; -2,0521900000
202200020002;16;6;2022;12:35;1;94;2;7;9;5;48,7936530000;2,4611160000
202200020003;24;6;2022;14:15;1;94;2;1;1;7;48,7720363637;2,4167194993
202200020004;8;10;2022;16:10;1;22;2;3;1;3;48,5051903806; -2,6447004676
202200020005;7;10;2022;21:30;3;27;1;1;1;7;49,1144940000;1,4658490000
202200020006;24;6;2022;17:20;1;94;2;1;1;6;48,8185800000;2,5040900000
202200020007;8;10;2022;16:00;1;76;1;1;1;5;49,7221050000;1,4682980000
202200020008;24;6;2022;08:11;1;94;2;2;1;6;48,7853400000;2,4268000000
202200020009;24;6;2022;06:55;2;93;2;1;8;1;48,9389000000;2,3397900000
202200020010;9;10;2022;09:20;1;59;1;1;1;1;50,1335360000;3,5310750000
202200020011;24;6;2022;19:20;1;93;2;1;1;1;48,8990350000;2,4080400000
202200020012;8;10;2022;00:55;4;59;2;6;2;7;50,6334758132;2,7205109596
202200020013;24;6;2022;19:10;1;93;2;1;1;6;48,8583700000;2,4344500000
202200020014;8;10;2022;13:40;1;13;1;1;1;4;43,2855300000;5,4280000000
202200020015;24;6;2022;17:10;1;93;2;3;1;6;48,8710992816;2,4569839239
202200020016;3;10;2022;17:37;1;13;2;1;1;2;43,3300000000;5,3900000000
202200020017;24;6;2022;13:30;1;93;2;1;1;3;48,8539300000;2,4477600000
202200020018;4;10;2022;19:00;1;38;2;1;1;3;45,5264000000;4,8726100000
202200020019;24;6;2022;09:10;1;93;2;2;8;6;48,9330900000;2,4243800000
202200020020;7;10;2022;23:00;3;91;1;1;1;3;48,5785100000;2,4630200000
202200020021;7;10;2022;20:00;3;78;1;1;1;3;48,7872070000;2,1486190000
202200020022;23;6;2022;12:15;1;93;2;1;1;6;48,9271027673;2,3888241649
202200020023;8;10;2022;16:45;1;93;1;1;1;2;48,9144200000;2,4776400000
202200020024;7;10;2022;22:15;3;95;1;1;1;6;49,0102377821;2,1549886465
202200020025;22;6;2022;16:55;1;93;2;1;1;1;48,9234600000;2,3897000000
202200020026;8;10;2022;14:00;1;77;1;1;1;3;48,9092644359;2,6375749541
202200020027;24;6;2022;16:40;1;93;2;2;1;3;48,8985900000;2,5503900000
202200020028;24;6;2022;18:33;1;93;2;3;1;6;48,9481390000;2,4380410000
202200020029;8;10;2022;10:30;1;93;1;1;1;4;48,8356700000;2,5633700000
202200020030;7;10;2022;19:00;2;94;1;1;1;2;48,7647343039;2,4621159033
202200020031;7;10;2022;15:00;1;94;1;1;1;3;48,8549353253;2,4885811806
202200020032;8;10;2022;00:18;5;49;2;1;1;6;47,4670500000; -0,5446500000
202200020033;7;10;2022;17:30;1;29;2;9;1;6;48,3845040000; -4,5360460000
202200020034;6;10;2022;17:15;1;59;2;2;1;3;50,6448865380;3,0137676001
202200020035;6;10;2022;07:50;1;58;2;1;1;2;46,9900100000;3,1753000000
202200020036;6;10;2022;02:50;5;75;2;2;1;2;48,8641670000;2,3861500000
202200020037;6;10;2022;14:00;1;75;2;2;1;6;48,8907150000;2,3766980000
202200020038;5;10;2022;08:00;2;94;2;4;1;6;48,8130000000;2,3890000000
202200020039;5;10;2022;18:00;1;92;2;9;1;3;48,8999700000;2,2141200000
202200020040;4;10;2022;07:10;5;28;2;9;1;1;48,2643000000;1,6290040000
202200020041;4;10;2022;07:22;5;92;2;1;1;3;48,9240960000;2,2525660000
202200020042;3;10;2022;16:30;1;06;2;1;1;6;43,5729040000;6,9587930000
202200020043;1;10;2022;00:30;5;92;2;2;1;3;48,9237926900;2,2596189380
202200020044;2;10;2022;04:05;5;69;1;1;2;6;45,7820000000;4,8932000000
202200020045;30;9;2022;12:15;1;69;2;1;1;6;45,7867400000;4,7951500000
202200020046;30;9;2022;12:20;1;41;2;1;1;6;47,5929000000;1,3085600000
202200020047;29;9;2022;09:10;1;76;2;2;1;6;49,4967000000;0,1343400000
202200020048;29;9;2022;12:20;1;52;2;1;1;6;48,1100800000;5,1433100000
202200020049;28;9;2022;10:15;1;76;2;1;2;6;49,5024742327;0,1661982703
202200020050;28;9;2022;10:40;1;69;2;1;2;4;45,7667000000;4,9892000000
202200020051;28;9;2022;14:48;1;63;2;1;1;6;45,7751600000;3,0867000000
202200020052;27;9;2022;15:38;1;67;2;2;1;6;48,5381800000;7,7355390000
202200020053;27;9;2022;10:20;1;57;2;1;1;6;49,3642600000;6,1792500000
202200020054;27;9;2022;12:29;1;10;2;2;1;7;48,2999900000;4,0833300000
202200020055;27;9;2022;18:50;1;06;2;1;1;6;43,7070800000;7,2319200000
202200020056;26;9;2022;10:42;1;67;2;9;1;6;48,5800400000;7,7162700000
202200020057;7;10;2022;19:35;5;988;2;2;1;3; -22,2745700000;166,4437700000
202200020058;5;10;2022;16:15;1;974;2;2;1;1; -20,8880500000;55,4648800000
202200020059;4;10;2022;11:45;1;974;2;1;1;6; -20,9343000000;55,3003300000
202200020060;6;10;2022;11:35;1;973;2;1;1;1;4,9271295898; -52,3228141665
202200020061;7;10;2022;08:05;1;973;2;1;1;7;4,9351713753; -52,3123723269
202200020062;7;10;2022;17:30;1;69;2;2;1;3;45,7497400000;4,8897700000
202200020063;7;10;2022;16:20;1;69;2;9;1;6;45,7242466370;4,8872289062
202200020064;7;10;2022;10:20;1;69;2;1;1;3;45,7618100000;4,8499700000
202200020065;6;10;2022;01:00;5;972;1;1;1;1;14,6211450000; -61,0268550000
202200020066;7;10;2022;19:02;1;2B;2;1;1;6;42,6711800000;9,4422000000
202200020067;7;10;2022;07:59;1;2B;1;1;1;4;42,5961100000;9,4234300000
202200020068;7;10;2022;09:33;1;2A;2;1;1;2;41,9129100000;8,7249600000
202200020069;6;9;2022;13:55;1;95;2;1;1;6;48,9790862178;2,3876743019
202200020070;13;9;2022;12:00;1;95;2;1;1;4;48,9739500000;2,4138800000