Accident_Id;jour;mois;an;hrmn;lum;dep;agg;int;atm;col;lat;long
202200020071;7;10;2022;12:50;1;95;1;1;1;6;48,9943802141;2,4793857336
202200020072;6;10;2022;16:35;1;91;2;9;1;6;48,7170900000;2,4880800000
202200020073;7;10;2022;07:10;5;91;2;7;1;6;48,6844700000;2,4974600000
202200020074;7;10;2022;09:00;1;91;1;1;1;2;48,4421100000;2,1341300000
202200020075;6;10;2022;21:30;3;90;2;1;1;2;47,6600000000;6,8570000000
202200020076;5;10;2022;17:51;1;87;2;1;1;6;45,8568000000;1,2730300000
202200020077;5;10;2022;10:32;1;86;2;6;1;3;46,8210370000;0,5475000000
202200020078;27;9;2022;18:30;1;84;2;1;1;6;43,9375700000;4,8118300000
202200020079;4;10;2022;13:30;1;84;2;9;1;2;43,9107000000;4,8833000000
202200020080;6;10;2022;10:00;1;83;2;1;1;3;43,1234500000;5,9702240000
202200020081;7;10;2022;19:15;1;78;2;1;1;3;48,9754700000;1,9161700000
202200020082;7;10;2022;10:00;1;77;2;1;1;2;48,8736500000;2,7162500000
202200020083;7;10;2022;18:40;1;77;1;1;1;2;48,8269300000;3,1490900000
202200020084;7;10;2022;14:10;1;76;1;3;1;2;49,3941300000;1,1116900000
202200020085;7;10;2022;09:35;1;72;2;6;1;3;47,9940000000;0,1950000000
202200020086;7;10;2022;08:15;1;72;2;1;1;6;48,0090000000;0,2230000000
202200020087;6;10;2022;17:50;1;72;2;1;1;6;48,0189007813;0,1792502401
202200020088;8;10;2022;00:00;5;69;2;1;1;2;45,7715600000;4,9612000000
202200020089;7;10;2022;19:15;2;69;2;1;1;1;45,7045022214;4,8862838746
202200020090;7;10;2022;07:30;2;69;2;1;1;1;45,7397362061;4,8923850060
202200020091;7;10;2022;13:09;1;66;2;2;1;3;42,7175900000;2,8896500000
202200020092;7;10;2022;06:10;3;66;1;1;1;2;42,7137400000;2,8724900000
202200020093;7;10;2022;08:15;1;64;2;1;1;1;43,3647630000; -1,7633310000
202200020094;6;10;2022;20:42;5;64;2;3;1;3;43,3081000000; -0,3529900000
202200020095;7;10;2022;07:25;2;64;2;1;1;7;43,4935800000; -1,4531700000
202200020096;7;10;2022;19:50;5;62;2;2;1;3;50,2720065510;2,7452366352
202200020097;7;10;2022;09:00;1;59;2;1;1;6;50,7286639172;3,1463398039
202200020098;7;10;2022;06:45;5;59;2;3;1;6;50,6512439062;3,0747140944
202200020099;6;10;2022;18:40;2;59;2;1;1;3;50,6435916023;3,1429159641
202200020100;6;10;2022;12:00;1;59;2;4;1;3;50,6547572672;3,0184024572
202200020101;6;10;2022;13:45;1;59;2;1;1;3;50,6639800000;3,1461200000
202200020102;27;9;2022;07:50;5;58;2;6;1;3;46,9949100000;3,1686400000
202200020103;6;10;2022;19:38;2;57;1;1;1;6;49,3933700000;6,1775800000
202200020104;6;10;2022;07:50;1;57;2;1;1;6;49,3529800000;6,1595300000
202200020105;4;10;2022;17:48;1;57;2;1;1;2;49,3280000000;6,0582200000
202200020106;6;10;2022;17:40;1;56;1;1;1;7;47,7830072000; -3,3400000300
202200020107;6;10;2022;16:20;1;55;1;1;1;3;49,1312780000;5,4003290000
202200020108;7;10;2022;20:59;5;54;2;1;1;1;48,6880695036;6,1722001433
202200020109;7;10;2022;18:42;1;54;2;9;1;6;49,2254800000;5,9818700000
202200020110;7;10;2022;17:00;1;51;2;6;1;2;49,2324400453;4,0334603190
202200020111;7;10;2022;16:15;1;51;2;2;1;7;49,2465431290;4,0317732096
202200020112;7;10;2022;09:53;1;49;2;6;1;6;47,4523700000; -0,5408300000
202200020113;6;10;2022;16:34;1;49;2;1;1;3;47,4658122379; -0,5655987561
202200020114;7;10;2022;08:30;1;45;2;1;1;3;47,9080600000;1,9106700000
202200020115;5;10;2022;18:00;1;45;2;1;7;6;48,0003400000;2,7338900000
202200020116;6;10;2022;17:50;1;42;2;3;1;3;46,0352100000;4,0727300000
202200020117;5;10;2022;12:11;1;40;2;3;1;3;43,9162300000; -0,5076400000
202200020118;6;10;2022;15:20;1;37;2;1;1;3;47,4088400000;0,7034600000
202200020119;7;10;2022;17:00;1;35;2;3;1;6;48,1250827149; -1,6517499089
202200020120;7;10;2022;08:05;2;35;2;1;1;1;48,1176100000; -1,7139000000
202200020121;7;10;2022;03:40;5;35;2;1;1;6;48,1191854207; -1,6785009205
202200020122;7;10;2022;07:00;2;34;2;3;8;7;43,6041300000;3,8787100000
202200020123;6;10;2022;07:15;2;34;1;1;1;1;43,3264700000;3,1910400000
202200020124;7;10;2022;20:30;5;33;2;3;1;3;44,8321700000; -0,6741900000
202200020125;7;10;2022;20:40;5;33;2;3;1;2;44,8614800000; -0,5872700000
202200020126;7;10;2022;14:00;1;30;2;1;1;3;44,1458800000;4,6148900000
202200020127;5;10;2022;17:10;2;30;2;1;1;6;44,1615100000;4,6221300000
202200020128;7;10;2022;08:40;1;29;2;1;1;6;47,8877100000; -3,9073600000
202200020129;6;10;2022;18:10;1;29;2;1;1;3;48,3823120000; -4,5230640000
202200020130;6;10;2022;15:30;1;29;2;1;1;6;48,4138400000; -4,4797700000
202200020131;7;10;2022;12:45;1;27;2;2;1;3;49,2710500000;1,2076600000
202200020132;7;10;2022;22:00;5;27;2;3;1;1;49,0346800000;1,1555400000
202200020133;7;10;2022;16:01;1;27;2;1;1;2;49,0101400000;1,1746100000
202200020134;7;10;2022;08:56;1;27;2;3;7;1;49,0140200000;1,1641600000
202200020135;7;10;2022;14:30;1;26;2;1;1;6;44,9161900000;4,8864600000
202200020136;7;10;2022;18:40;1;17;1;1;1;4;46,1740630000; -1,1138380000
202200020137;3;11;2022;12:00;1;13;2;4;3;6;43,3631200000;5,0951900000
202200020138;7;10;2022;19:15;2;13;2;2;1;3;43,4684600000;5,2334000000
202200020139;13;11;2022;08:00;2;13;2;1;1;1;43,2920400000;5,3632600000
202200020140;10;11;2022;19:00;5;13;2;1;1;3;43,2636300000;5,4106200000
202200020141;14;11;2022;15:30;1;13;1;1;2;5;43,5395000000;4,9739500000
202200020142;10;11;2022;07:40;1;13;1;9;1;2;43,5407800000;5,4326700000
202200020143;9;11;2022;13:00;1;13;2;1;8;3;43,4843800000;5,3632600000
202200020144;6;11;2022;11:10;1;12;2;1;7;1;44,5549600000;2,2168100000
202200020145;12;11;2022;23:30;5;11;2;1;1;7;43,2010860000;2,9681170000
202200020146;10;11;2022;17:50;2;11;1;1;1;4;43,2323600000;2,3506400000
202200020147;10;11;2022;15:30;1;11;1;1;1;2;43,2175200000;2,3233200000
202200020148;9;11;2022;19:35;5;11;2;9;2;6;43,2104700000;2,3512400000
202200020149;9;11;2022;20:45;3;10;1;1;1;2;48,2967200000;4,0290200000
202200020150;14;11;2022;18:00;5;06;2;2;1;3;43,7348620000;7,2980830000
202200020151;9;11;2022;14:00;1;06;2;1;2;1;43,7180700000;7,2985100000
202200020152;14;11;2022;12:50;1;06;2;1;1;6;43,6555870000;6,9176080000
202200020153;10;11;2022;06:00;5;06;2;1;1;1;43,6637300000;7,1488200000
202200020154;10;11;2022;18:15;2;05;2;1;1;2;44,5574600000;6,0747600000
202200020155;6;11;2022;12:20;1;04;2;1;1;6;43,8253700000;5,7950400000
202200020156;13;11;2022;12:00;1;75;2;1;1;3;48,8287680000;2,3987160000
202200020157;12;11;2022;10:10;1;75;2;1;1;4;48,8891280000;2,3962970000
202200020158;14;11;2022;23:10;5;75;2;7;2;3;48,8896330000;2,3957480000
202200020159;15;11;2022;15:40;1;75;2;2;2;6;48,8958920000;2,3230420000
202200020160;15;11;2022;13:15;1;75;2;2;2;2;48,8399790000;2,2998760000
202200020161;15;11;2022;10:30;1;75;2;1;2;7;48,8279560000;2,2728840000
202200020162;15;11;2022;07:55;1;75;2;1;8;7;48,8451630000;2,3725960000
202200020163;15;11;2022;07:15;5;75;2;4;1;3;48,8532960000;2,3702750000
202200020164;15;11;2022;22:03;5;75;2;2;2;3;48,8810970000;2,3498400000
202200020165;14;11;2022;19:08;5;75;2;2;1;3;48,8640860000;2,3201180000
202200020166;15;11;2022;09:11;1;75;2;1;1;3;48,8521300000;2,3519140000
202200020167;15;11;2022;17:30;4;94;2;1;3;3;48,8451200000;2,4315300000
202200020168;10;11;2022;19:20;5;94;2;1;1;3;48,8040000000;2,4360000000
202200020169;15;11;2022;20:35;5;91;2;1;2;2;48,7117200000;2,3710870000
202200020170;15;11;2022;18:54;5;94;2;3;2;2;48,7455400000;2,4101300000
202200020171;15;11;2022;14:36;1;94;2;2;2;3;48,7687500000;2,4208900000
202200020172;15;11;2022;17:30;5;94;2;1;3;2;48,8277300000;2,5224100000
202200020173;2;11;2022;18:30;5;94;2;1;1;4;48,8149800000;2,5112800000
202200020174;15;11;2022;08:56;1;94;2;1;1;1;48,7000680000;2,5410200000
202200020175;15;11;2022;03:45;3;94;2;1;1;6;48,7309200000;2,5244200000
202200020176;15;11;2022;19:00;3;93;1;1;2;2;48,9843000000;2,5349000000
202200020177;14;11;2022;03:30;5;93;2;9;2;3;48,9555607872;2,5391024351
202200020178;15;11;2022;12:30;1;93;2;1;2;3;48,9427864700;2,5328212364
202200020179;15;11;2022;19:10;5;93;2;1;2;3;48,9111784825;2,5847080350
202200020180;15;11;2022;08:40;1;93;2;1;1;3;48,9126382994;2,5144180655
202200020181;15;11;2022;14:30;1;93;2;1;2;3;48,9244700000;2,4372500000
202200020182;15;11;2022;19:43;5;93;2;2;2;1;48,9129700000;2,5184200000
202200020183;15;11;2022;15:30;1;93;2;3;8;1;48,9030100000;2,5621900000
202200020184;15;11;2022;13:00;1;93;2;1;2;2;48,9102400000;2,4777560000
202200020185;15;11;2022;10:22;1;93;2;1;1;7;48,9067658102;2,4351484658
202200020186;15;11;2022;12:00;1;92;2;1;2;6;48,9264040000;2,3283880000
202200020187;6;11;2022;03:30;5;92;2;1;1;1;48,9360400000;2,3246100000
202200020188;15;11;2022;17:30;2;92;2;1;2;2;48,8176100000;2,3077500000
202200020189;14;11;2022;16:40;1;92;2;1;1;3;48,8263510000;2,1882580000
202200020190;14;11;2022;03:45;5;92;2;4;5;6;48,8310777548;2,1522409915
202200020191;30;10;2022;09:15;1;92;2;1;1;3;48,8874141822;2,1985664964
202200020192;15;11;2022;09:20;1;92;2;2;1;7;48,8988731430;2,2566470504
202200020193;15;11;2022;13:05;1;92;2;2;2;3;48,8988689112;2,3035503030
202200020194;15;11;2022;12:30;1;92;2;1;2;4;48,8987500000;2,3099300000
202200020195;15;11;2022;10:50;1;92;2;2;2;6;48,8342300000;2,2396600000
202200020196;15;11;2022;17:50;3;52;1;6;3;7;48,2091460000;5,1245210000
202200020197;15;11;2022;17:25;3;43;2;1;1;1;45,3076890000;3,3766010000
202200020198;16;11;2022;13:30;1;31;2;1;1;6;43,5003010000;1,3183750000
202200020199;15;11;2022;16:40;3;67;1;1;2;6;48,3139260000;7,3501540000
202200020200;15;11;2022;19:00;3;12;1;1;1;3;44,2116180000;2,4039240000
202200020201;15;11;2022;15:40;1;86;1;1;2;1;46,2817290000;0,8537280000
202200020202;15;11;2022;16:30;2;17;1;1;7;2;46,1703800000; -1,0742780000
202200020203;16;11;2022;13:10;1;21;1;1;1;5;47,3164900000;4,6022630000
202200020204;15;11;2022;09:45;1;51;1;1;8;2;48,9976350000;3,8939880000
202200020205;15;11;2022;16:45;2;56;2;1;1;6;47,9549500000; -2,5475730000
202200020206;16;11;2022;09:00;1;67;1;1;1;1;48,9469700000;7,0774000000
202200020207;16;11;2022;09:40;1;33;2;1;2;6;45,1929030000; -0,7478430000
202200020208;15;11;2022;09:40;1;71;2;1;8;3;46,8261750000;4,3673440000
202200020209;16;11;2022;13:50;1;89;2;1;1;2;47,4941100000;3,9038160000
202200020210;16;11;2022;08:05;1;63;2;1;8;3;45,8338380000;2,8491280000
202200020211;12;11;2022;15:40;1;63;2;1;1;6;45,4303980000;3,8905760000
202200020212;9;11;2022;12:05;1;49;1;4;1;3;47,1681590000; -0,2609950000
202200020213;15;11;2022;15:40;1;49;1;2;3;3;47,4880350000;0,0752090000
202200020214;8;9;2022;16:40;1;34;1;1;1;6;43,7285112263;3,6341330409
202200020215;15;11;2022;17:39;3;22;1;1;2;1;48,3921390000; -2,7373120000
202200020216;15;11;2022;11:40;1;44;2;1;1;6;47,2429760000; -2,1576440000
202200020217;15;11;2022;08:00;2;29;1;1;2;1;48,5133770000; -4,1163210000
202200020218;12;11;2022;15:41;1;29;2;1;7;6;48,3896912466; -4,4015980039
202200020219;12;11;2022;10:00;1;29;2;6;1;3;47,8323383687; -4,1795113385
202200020220;15;11;2022;21:40;3;03;1;1;2;6;46,0992880000;3,3550280000
202200020221;15;11;2022;17:05;2;01;2;3;1;3;45,7564950000;5,6858600000
202200020222;14;11;2022;18:00;5;01;2;3;2;1;46,1859590000;5,3179780000
202200020223;16;11;2022;08:00;2;83;2;1;1;7;43,4774090000;6,1370870000
202200020224;16;11;2022;12:30;1;60;2;1;1;6;49,2485970000;2,4310970000
202200020225;15;11;2022;19:00;3;45;1;1;2;6;47,7587860000;1,9373490000
202200020226;15;11;2022;21:00;3;45;1;1;2;1;47,8161668541;1,9413412432
202200020227;16;11;2022;12:20;1;43;1;1;1;7;45,2518700000;4,1440340000
202200020228;14;11;2022;12:00;1;53;1;3;1;3;48,1391380000; -0,5928780000
202200020229;16;11;2022;17:30;5;27;2;1;3;6;49,3512583877;0,5172371864
202200020230;16;11;2022;12:50;1;28;1;1;2;7;48,6433230000;1,2822140000
202200020231;20;10;2022;08:50;1;23;1;1;1;1;45,9468530000;2,2336580000
202200020232;15;11;2022;12:30;1;06;2;1;1;1;43,6248740000;7,1018960000
202200020233;15;11;2022;19:19;3;33;1;1;2;4;44,7162460000; -0,7422640000
202200020234;16;11;2022;09:50;1;33;1;1;1;5;45,0078040000; -1,1343380000
202200020235;14;11;2022;07:45;2;78;1;2;5;1;48,5430490000;1,7886690000
202200020236;15;11;2022;23:15;3;83;1;1;1;6;43,5875950000;6,6695270000
202200020237;8;11;2022;16:00;1;67;2;1;1;2;48,9672590000;7,7316390000
202200020238;16;11;2022;16:30;1;07;2;1;1;6;45,0732210000;4,8194360000
202200020239;16;11;2022;12:45;1;46;1;1;1;6;44,6400170000;2,0742700000
202200020240;16;11;2022;12:25;1;29;1;1;3;1;48,5943510000; -4,3346510000
202200020241;16;11;2022;03:30;3;02;1;3;2;6;49,9321580000;4,1043190000
202200020242;15;11;2022;17:20;5;59;2;2;8;3;50,6429214417;2,6394787431
202200020243;15;11;2022;12:50;1;83;1;1;1;2;43,1437570000;6,0217120000
202200020244;15;11;2022;08:30;1;33;1;1;1;3;44,8011500000; -0,5347100000
202200020245;13;11;2022;19:10;4;59;1;1;1;2;50,3409900000;3,4762700000
202200020246;13;11;2022;02:00;4;59;1;1;1;1;50,6634700000;3,0232900000
202200020247;15;11;2022;14:57;1;94;1;1;2;3;48,8081987935;2,3476256982
202200020248;31;1;2022;12:35;1;45;2;3;2;3;47,8884640000;1,9204370000
202200020249;15;11;2022;12:35;1;91;1;1;2;2;48,6912300000;2,3224300000
202200020250;1;2;2022;18:30;5;42;2;6;1;3;45,3902951365;4,2804079055
202200020251;30;1;2022;18:15;2;40;1;1;5;1;43,8669700000; -0,5120600000
202200020252;14;11;2022;07:30;1;91;1;1;5;5;48,6253100000;2,3227600000
202200020253;31;1;2022;16:55;1;37;2;2;1;6;47,4259351558;0,6824773550
202200020254;14;11;2022;22:47;3;94;1;1;2;7;48,7646847471;2,3434122189
202200020255;1;2;2022;08:50;1;35;2;6;1;2;48,1039100000; -1,7120100000
202200020256;15;11;2022;17:50;3;92;1;1;3;3;48,8389767173;2,1935262165
202200020257;1;2;2022;08:25;2;35;2;1;1;2;48,1210600000; -1,6430200000
202200020258;15;11;2022;17:45;3;92;1;1;2;2;48,9153626913;2,2204385940
202200020259;31;1;2022;16:20;1;35;2;1;1;2;48,0914300000; -1,6524900000
202200020260;31;1;2022;16:00;1;35;2;5;1;3;48,1164270000; -1,7098540000
202200020261;15;11;2022;13:15;1;95;1;1;3;3;48,9907688432;2,1937817845
202200020262;31;1;2022;08:45;1;35;2;1;8;6;48,1046400000; -1,6669500000
202200020263;15;11;2022;07:50;1;95;1;1;1;2;49,0620315115;2,3199198271
202200020264;31;1;2022;08:15;1;35;1;1;1;4;48,0816016365; -1,6970046613
202200020265;31;1;2022;13:40;1;35;2;1;1;3;48,3441730000; -1,1777180000
202200020266;14;11;2022;20:45;3;95;1;1;1;4;49,0305168306;2,2011010424
202200020267;14;11;2022;11:50;1;93;1;1;1;3;48,9260810000;2,3383500000
202200020268;27;1;2022;14:55;1;34;2;1;1;6;43,6097300000;3,8989600000
202200020269;30;1;2022;02:00;3;34;2;1;1;6;43,5898900000;3,9134300000
202200020270;15;11;2022;22:00;3;94;1;1;1;4;48,7701146919;2,3822327243
202200020271;1;2;2022;12:15;1;33;2;1;1;6;44,8511900000; -0,5886400000
202200020272;18;7;2022;15:15;1;74;2;1;1;6;46,3806400000;6,5011800000
202200020273;1;2;2022;08:05;1;33;2;3;1;3;44,8733800000; -0,6344200000
202200020274;25;5;2022;16:45;1;74;1;1;1;6;45,8725540000;6,7177970000
202200020275;31;1;2022;03:30;5;33;2;6;1;6;44,8410500000; -0,5483300000
202200020276;31;8;2022;18:00;1;74;1;1;1;3;46,1778500000;6,2290400000
202200020277;19;1;2022;17:30;1;31;1;1;1;3;43,6054100000;1,3407600000
202200020278;21;1;2022;09:05;1;30;2;1;1;6;43,8388000000;4,3633000000
202200020279;31;8;2022;12:30;1;74;1;1;1;7;46,0506960000;6,3767050000
202200020280;31;1;2022;08:00;1;30;2;9;1;3;44,1399900000;4,0886900000
202200020281;27;8;2022;04:50;5;74;1;1;1;6;45,9612580000;6,6309790000
202200020282;31;1;2022;17:10;1;29;1;1;1;2;47,9570800000; -4,0455800000
202200020283;9;7;2022;16:05;1;22;1;1;1;2;48,5199800000; -2,7472200000
202200020284;1;2;2022;19:55;5;29;2;6;6;3;48,3889010000; -4,4838780000
202200020285;1;2;2022;18:10;1;29;2;1;2;2;48,3856370000; -4,4700480000
202200020286;10;9;2022;00:30;5;75;2;3;1;6;48,8611270000;2,3241860000
202200020287;14;11;2022;00:24;5;75;2;1;1;7;48,8936140000;2,3035830000
202200020288;30;1;2022;19:35;2;29;2;1;1;5;48,3964536992; -4,4888309240
202200020289;27;1;2022;19:45;5;29;2;1;1;6;48,4093140000; -4,4699070000
202200020290;14;11;2022;18:45;5;75;2;3;1;3;48,8441570000;2,3229490000
202200020291;13;1;2022;08:13;3;29;2;1;1;3;48,3763260000; -4,5528430000
202200020292;7;11;2022;11:00;1;75;2;2;1;3;48,8411680000;2,3559650000
202200020293;31;1;2022;13:25;1;26;2;1;1;3;44,5407380000;4,7465030000
202200020294;12;11;2022;23:59;5;75;2;3;1;3;48,8904110000;2,3265810000
202200020295;28;1;2022;19:00;5;22;2;1;2;1;48,7221600000; -3,4801000000
202200020296;1;2;2022;08:44;1;17;1;1;8;7;45,6362550000; -1,0167390000
202200020297;1;2;2022;19:19;5;17;2;1;2;6;46,1547600000; -1,0956800000
202200020298;13;11;2022;21:25;5;75;2;3;1;3;48,8842510000;2,3026570000
202200020299;1;2;2022;11:45;1;15;2;1;1;3;44,9152410000;2,4404230000
202200020300;13;11;2022;14:20;1;75;2;1;1;6;48,8718880000;2,2524210000
202200020301;1;2;2022;15:40;1;14;2;1;8;6;49,4058320000;0,2736350000
202200020302;14;11;2022;14:40;1;75;2;1;1;7;48,8510010000;2,2832550000
202200020303;1;2;2022;08:15;1;13;2;1;1;6;43,4109200000;5,2217100000
202200020304;1;2;2022;14:40;1;13;2;9;1;7;43,2732662261;5,4007336084
202200020305;14;11;2022;14:10;1;75;2;3;1;3;48,8398440000;2,3020790000
202200020306;30;1;2022;14:20;1;13;2;1;1;3;43,2400106107;5,4569005966
202200020307;13;11;2022;06:00;2;75;2;7;1;2;48,8479770000;2,3038440000
202200020308;31;1;2022;20:05;5;13;2;1;6;6;43,3319100000;5,4285400000
202200020309;10;11;2022;17:45;5;75;2;1;1;6;48,8238460000;2,3359080000
202200020310;14;11;2022;15:45;1;75;2;2;1;3;48,8787620000;2,3222400000
202200020311;30;1;2022;16:00;1;13;2;3;1;3;43,2864932518;5,3855112749
202200020312;11;11;2022;18:05;5;94;2;1;1;3;48,8006600000;2,4710400000
202200020313;29;1;2022;21:30;5;13;2;2;1;3;43,3025316295;5,3691121533
202200020314;7;11;2022;17:53;5;94;2;9;1;6;48,7744900000;2,4689400000
202200020315;31;1;2022;14:01;1;10;2;6;1;3;48,2757006341;4,0781807899
202200020316;31;1;2022;09:10;1;10;2;1;7;6;48,2968700000;4,0604800000
202200020317;12;11;2022;23:14;5;94;2;1;1;7;48,8130900000;2,5126600000
202200020318;30;1;2022;18:47;5;06;2;1;1;6;43,6834500000;7,2332500000
202200020319;1;2;2022;16:50;2;06;2;1;1;1;43,6611300000;6,9316500000
202200020320;14;11;2022;17:15;3;93;2;1;1;6;48,9493900000;2,5507000000
202200020321;1;2;2022;09:15;1;06;2;1;1;1;43,6288000000;6,9379800000
202200020322;31;1;2022;20:00;3;06;1;1;1;7;43,6520550000;6,9575660000
202200020323;14;11;2022;16:30;2;93;2;6;1;3;48,9405285246;2,5784705579
202200020324;1;2;2022;08:05;1;06;2;1;1;2;43,6596500000;7,1584400000
202200020325;14;11;2022;08:30;1;93;2;3;1;3;48,9549900000;2,3834400000
202200020326;30;1;2022;14:45;1;06;2;1;1;3;43,6606700000;7,1600000000
202200020327;1;2;2022;07:20;5;02;2;1;2;6;49,6545648000;3,2948471000
202200020328;14;11;2022;12:30;1;93;2;1;1;3;48,8377800000;2,5457600000
202200020329;30;1;2022;20:45;5;75;2;4;1;3;48,8701780000;2,2716920000
202200020330;14;11;2022;20:15;5;93;2;3;1;3;48,8694806223;2,4491036832
202200020331;30;1;2022;19:20;5;75;2;1;1;3;48,8960210000;2,3943510000
202200020332;14;11;2022;18:20;5;93;2;1;1;3;48,8631500000;2,4638400000
202200020333;30;1;2022;15:30;1;75;2;7;1;6;48,8819110000;2,3112920000
202200020334;14;11;2022;16:40;1;93;2;3;8;6;48,8631900000;2,4489400000
202200020335;1;2;2022;18:30;5;75;2;1;1;3;48,8687430000;2,4088670000
202200020336;1;2;2022;11:05;1;75;2;7;2;6;48,8649640000;2,3953450000
202200020337;14;11;2022;01:10;5;93;2;2;1;3;48,9540700000;2,3350800000
202200020338;1;2;2022;13:34;1;75;2;3;8;3;48,8951770000;2,3827630000
202200020339;14;11;2022;13:36;1;93;2;1;1;6;48,9087234152;2,4617569149
202200020340;1;2;2022;18:20;5;75;2;3;1;3;48,8794640000;2,2977870000
202200020341;14;11;2022;18:00;5;92;2;3;1;3;48,9297840644;2,3258641362
202200020342;31;1;2022;16:20;1;75;2;5;1;3;48,8513340000;2,2784850000
202200020343;14;11;2022;08:15;1;92;2;1;1;1;48,8606600000;2,2248200000
202200020344;1;2;2022;10:40;1;75;2;3;2;4;48,8529040000;2,2866160000
202200020345;14;11;2022;18:25;5;92;2;1;1;6;48,8189580000;2,1677630000
202200020346;14;11;2022;10:30;1;92;2;3;1;6;48,8241815645;2,2105854750
202200020347;1;2;2022;14:45;1;75;2;2;1;3;48,8442730000;2,4104300000
202200020348;14;11;2022;18:45;3;92;2;1;1;1;48,8942510000;2,1977970000
202200020349;1;2;2022;06:50;5;75;2;4;2;3;48,8400910000;2,4367310000
202200020350;1;2;2022;07:30;5;75;2;3;2;3;48,8749180000;2,3589700000
202200020351;11;11;2022;13:00;1;92;2;1;1;6;48,9200834508;2,2952322364
202200020352;1;2;2022;18:25;2;75;2;2;1;6;48,8595570000;2,3113840000
202200020353;14;11;2022;09:30;1;92;2;1;1;3;48,8947900000;2,2417000000
202200020354;1;2;2022;08:30;1;94;2;2;2;6;48,8481800000;2,4526000000
202200020355;31;1;2022;08:00;1;94;2;9;8;6;48,8130858693;2,4753785132
202200020356;14;11;2022;07:50;2;92;2;1;1;3;48,9027548920;2,2744480669
202200020357;10;11;2022;17:10;1;92;2;1;1;6;48,9122142848;2,2952880263
202200020358;31;1;2022;17:55;2;94;2;6;1;6;48,7975967183;2,4391407965
202200020359;31;1;2022;11:00;1;94;2;1;2;6;48,8531300000;2,4706000000
202200020360;13;11;2022;02:00;5;92;2;7;1;6;48,7631000000;2,3089300000
202200020361;1;2;2022;07:45;2;94;2;1;2;6;48,7993600000;2,4542000000
202200020362;14;11;2022;08:30;3;76;1;1;5;5;49,5224260000;1,0039830000
202200020363;31;1;2022;18:45;5;94;2;1;1;3;48,8120200000;2,5167900000
202200020364;12;11;2022;09:45;1;91;2;1;1;7;48,3825030000;2,2305570000
202200020365;1;2;2022;19:30;3;94;1;1;2;2;48,7313900000;2,5236000000
202200020366;15;11;2022;10:28;1;69;2;4;8;3;45,6516720000;4,7511420000
202200020367;1;2;2022;08:30;1;93;2;2;2;3;48,9402100000;2,5773100000
202200020368;1;2;2022;14:30;1;93;2;3;8;2;48,8573300000;2,4399400000
202200020369;11;11;2022;15:10;1;2A;1;1;1;7;41,7547254033;9,1212750246
202200020370;1;2;2022;10:30;1;93;2;2;2;6;48,8640400000;2,4361580000
202200020371;15;11;2022;15:00;1;63;1;1;2;6;45,9418250000;2,7918630000
202200020372;1;2;2022;13:30;1;93;2;2;2;3;48,9201000000;2,5393300000
202200020373;12;11;2022;20:30;5;62;2;3;5;7;50,6145190000;2,6673500000
202200020374;31;1;2022;18:30;5;93;2;1;1;6;48,8828300000;2,5261600000
202200020375;15;11;2022;14:10;1;29;1;1;1;6;48,3171345282; -4,2177685549
202200020376;1;2;2022;05:50;5;93;2;3;2;3;48,9212200000;2,4543300000
202200020377;14;11;2022;19:55;3;14;1;1;2;6;48,9925660000; -0,5999570000
202200020378;1;2;2022;17:00;1;93;2;1;1;3;48,9118185376;2,4911912531
202200020379;1;2;2022;16:00;1;92;2;5;2;7;48,8089216575;2,1878164709
202200020380;14;11;2022;16:54;2;38;1;9;8;3;45,3911120000;5,5268530000
202200020381;1;2;2022;07:25;2;92;2;1;2;6;48,8278541077;2,2742895484
202200020382;31;1;2022;10:02;1;92;2;2;8;3;48,9356740000;2,2609550000
202200020383;14;11;2022;20:35;3;34;1;1;2;1;43,6659620000;3,8661360000
202200020384;1;2;2022;16:10;1;92;2;2;1;3;48,9054600409;2,3018089458
202200020385;1;2;2022;18:52;5;92;2;1;1;3;48,7833308860;2,2683278024
202200020386;14;11;2022;18:15;4;56;2;1;1;3;47,7165110000; -3,3003240000
202200020387;1;2;2022;09:00;1;92;2;1;2;3;48,7893400000;2,2617200000
202200020388;4;11;2022;14:45;1;56;1;2;1;3;47,8781240000; -3,2155390000
202200020389;1;2;2022;19:40;3;92;2;2;1;7;48,8310724137;2,2572614104
202200020390;1;2;2022;16:10;1;974;1;6;1;7; -20,9598220000;55,2938030000
202200020391;14;11;2022;07:00;3;76;1;1;5;6;49,4873850000;1,4874030000
202200020392;30;1;2022;02:20;3;17;1;1;1;6;46,1379020000; -0,9142900000
202200020393;14;11;2022;15:00;1;2A;1;1;7;6;41,9388670000;8,8409360000
202200020394;2;2;2022;10:00;1;01;2;6;1;3;45,9386487203;4,7800236940
202200020395;14;11;2022;12:20;1;2B;1;1;1;3;42,4703280000;9,4808950000
202200020396;1;2;2022;15:00;1;14;1;2;8;3;48,9297047080; -0,8100914955
202200020397;8;11;2022;17:23;2;32;2;2;2;3;43,8566100000;0,6617550000
202200020398;1;2;2022;16:20;1;67;2;4;2;6;48,8299030000;7,9642070000