Accident_Id;jour;mois;an;hrmn;lum;dep;agg;int;atm;col;lat;long
202200020399;29;10;2022;15:30;1;46;1;1;1;6;44,8379630000;1,8811080000
202200020400;1;2;2022;22:10;3;71;1;1;2;6;46,7104051825;4,4274920797
202200020401;1;2;2022;11:45;1;41;1;1;2;7;47,5340520000;1,7393700000
202200020402;14;11;2022;20:15;3;39;1;1;2;7;46,5300490000;5,4546500000
202200020403;31;1;2022;07:45;5;29;2;1;1;6;48,3806210000; -4,3765300000
202200020404;2;2;2022;09:00;1;34;2;1;1;6;43,5031540000;3,3140590000
202200020405;14;11;2022;16:20;1;44;2;1;1;2;47,3798120000; -2,5387640000
202200020406;31;1;2022;13:30;1;38;1;1;2;7;45,3016130000;5,9947440000
202200020407;17;1;2022;14:50;1;38;2;6;1;3;45,2144510000;5,7800640000
202200020408;14;11;2022;19:05;3;29;2;1;1;1;48,3573430000; -4,6530430000
202200020409;15;11;2022;17:15;2;29;1;1;2;6;47,9394800000; -4,1720850000
202200020410;1;2;2022;19:15;5;01;2;2;2;4;46,3405730000;5,1275250000
202200020411;13;11;2022;18:45;3;31;1;1;1;7;43,4056400000;1,4380500000
202200020412;28;7;2022;10:10;1;16;1;1;1;7;45,7515540000; -0,3971310000
202200020413;14;11;2022;18:30;3;58;1;1;2;1;47,3595430000;3,5809100000
202200020414;2;2;2022;12:25;1;50;1;2;1;2;48,8306970000; -1,1676210000
202200020415;19;7;2022;12:00;1;33;1;8;1;6;44,7410220000; -0,5313780000
202200020416;14;11;2022;14:15;1;72;1;9;1;7;48,1717180000;0,2622910000
202200020417;15;11;2022;17:50;5;60;2;1;2;6;49,2171350000;2,4230430000
202200020418;26;7;2022;17:30;1;33;2;3;1;3;44,9486170000; -0,4680630000
202200020419;13;11;2022;05:15;3;45;1;9;2;6;48,0709460000;2,0870000000
202200020420;28;7;2022;17:10;1;59;2;1;1;7;50,3234820362;3,2045960426
202200020421;1;2;2022;09:00;1;43;1;3;1;3;45,2045130000;3,5007860000
202200020422;23;7;2022;02:57;3;13;1;1;1;6;43,3576000000;5,3454700000
202200020423;15;11;2022;17:55;3;73;2;1;8;6;45,4949580000;6,0726770000
202200020424;1;2;2022;15:45;1;10;2;1;2;6;48,2516646719;4,2630386353
202200020425;26;7;2022;22:21;3;13;1;1;1;3;43,2848900000;5,5265100000
202200020426;14;11;2022;08:35;1;23;1;1;7;1;46,3947692227;1,9356107712
202200020427;19;4;2022;17:15;1;976;2;1;1;5; -12,8932010000;45,2018040000
202200020428;27;7;2022;07:55;1;33;1;1;1;7;44,8900656193; -0,6115275621
202200020429;14;11;2022;15:00;1;30;2;1;3;6;43,6971000000;4,2740410000
202200020430;2;2;2022;08:00;2;22;1;1;8;5;48,4424770000; -2,7491220000
202200020431;22;7;2022;18:45;1;59;1;1;1;6;50,4021900603;3,0658078194
202200020432;1;2;2022;18:45;3;76;1;1;2;7;49,3437680000;1,0455570000
202200020433;15;11;2022;06:45;1;973;1;3;1;1;4,8663180000; -52,3112300000
202200020434;29;1;2022;19:00;5;33;2;3;1;3;44,7065000000; -1,0347750000
202200020435;25;7;2022;08:05;1;59;1;1;1;4;50,6212296208;2,9709783196
202200020436;5;11;2022;00:30;3;76;1;1;1;6;49,5690154040;0,3495614501
202200020437;1;2;2022;17:15;1;987;1;1;1;7; -17,7648000000; -149,2130890000
202200020438;27;7;2022;09:40;1;91;1;1;1;2;48,7420400000;2,3228300000
202200020439;14;11;2022;07:40;1;973;2;1;1;3;4,8970990000; -52,2739980000
202200020440;31;1;2022;17:00;2;70;2;3;8;6;47,4477130000;5,6366920000
202200020441;1;2;2022;05:00;3;68;2;1;9;3;47,7716700000;7,3825230000
202200020442;14;11;2022;17:40;2;69;1;1;2;2;45,8703693626;4,4922709465
202200020443;28;1;2022;19:40;3;67;1;1;1;6;48,3887620000;7,5927110000
202200020444;27;7;2022;00:25;3;94;1;1;1;4;48,7659898511;2,3426223387
202200020445;2;2;2022;02:00;3;73;1;4;2;6;45,5467510000;5,9569720000
202200020446;26;7;2022;22:30;3;91;1;1;1;7;48,5520200000;2,4939900000
202200020447;1;2;2022;19:20;5;31;2;1;1;2;43,4467190000;1,3174800000
202200020448;27;7;2022;08:30;1;78;1;1;1;2;48,8888810000;2,0106830000
202200020449;2;2;2022;10:00;1;79;1;1;8;1;46,8158730000; -0,3992470000
202200020450;27;7;2022;00:30;3;92;1;1;1;6;48,8224757424;2,2222421137
202200020451;27;7;2022;14:45;1;93;1;1;1;3;48,8956000000;2,4705300000
202200020452;2;2;2022;17:20;1;60;1;1;1;3;49,1557370000;2,6651820000
202200020453;2;2;2022;16:05;1;60;2;1;1;2;49,2186200000;2,1103410000
202200020454;19;7;2022;11:35;1;93;1;1;1;4;48,9109800000;2,4756800000
202200020455;31;1;2022;17:00;1;80;2;1;8;6;50,1717880000;1,5729930000
202200020456;1;2;2022;16:00;1;13;1;1;1;3;43,3299108118;5,3930482969
202200020457;26;7;2022;21:55;5;94;1;1;1;6;48,8266507839;2,5161742429
202200020458;26;3;2022;11:45;1;43;2;9;1;7;45,0498100000;3,9026000000
202200020459;31;1;2022;16:10;1;13;1;1;1;2;43,2864300000;5,4329400000
202200020460;31;3;2022;17:40;1;43;1;1;8;6;45,1844300000;3,6919420000
202200020461;31;1;2022;10:00;1;13;1;1;1;2;43,2950214935;5,4244418090
202200020462;25;7;2022;20:40;2;77;2;9;1;6;48,5639700000;2,6172800000
202200020463;1;2;2022;09:00;1;91;1;1;2;6;48,7149900000;2,3091700000
202200020464;1;2;2022;20:40;3;95;1;1;1;7;49,0309419120;2,1210050583
202200020465;30;4;2022;02:00;3;57;1;1;1;6;49,2677244000;6,1719020000
202200020466;1;2;2022;11:20;1;93;1;1;2;5;48,9695900000;2,5684100000
202200020467;14;5;2022;16:02;1;30;2;1;1;2;43,9548100000;4,7831000000
202200020468;1;2;2022;10:00;1;93;1;1;1;2;48,9226672444;2,3537688117
202200020469;27;4;2022;19:57;1;92;2;1;1;3;48,9169689999;2,2819778323
202200020470;1;2;2022;09:40;1;92;1;1;2;4;48,9464707688;2,2824191861
202200020471;1;2;2022;09:00;1;93;1;1;2;6;48,9263100000;2,4012700000
202200020472;9;4;2022;01:56;5;92;2;1;1;2;48,9138469514;2,3092247844
202200020473;1;2;2022;06:50;2;95;1;1;2;4;48,9756726346;2,2399449348
202200020474;26;7;2022;16:30;1;69;2;2;1;1;45,7527600000;4,8520800000
202200020475;31;1;2022;07:10;2;93;1;1;1;4;48,9610200000;2,5429000000
202200020476;31;1;2022;19:00;3;77;1;1;1;2;48,8318978282;2,6741537641
202200020477;27;7;2022;00:50;5;69;2;1;1;2;45,7728300000;4,8383400000
202200020478;31;1;2022;09:00;1;77;1;1;1;5;48,8314000000;2,6432000000
202200020479;31;1;2022;16:10;1;75;2;1;1;3;48,8435030000;2,3144130000
202200020480;31;1;2022;13:30;1;75;2;1;1;3;48,8704530000;2,3311280000
202200020481;26;7;2022;15:10;1;69;2;1;1;1;45,7502100000;4,7981700000
202200020482;30;1;2022;20:45;5;75;2;3;1;3;48,8592610000;2,3302280000
202200020483;31;1;2022;15:05;1;75;2;2;1;3;48,8628740000;2,3625940000
202200020484;31;1;2022;14:10;1;75;2;5;1;6;48,8677800000;2,3454200000
202200020485;30;1;2022;14:45;1;94;2;1;1;6;48,7850780000;2,4977790000
202200020486;26;7;2022;07:25;1;2B;2;4;1;3;42,7076500000;9,4431200000
202200020487;29;1;2022;21:20;5;94;2;1;2;3;48,8500300000;2,5093300000
202200020488;25;7;2022;17:00;1;971;2;1;1;7;16,2503000000; -61,5227500000
202200020489;30;1;2022;00:58;5;94;2;1;1;6;48,7780210160;2,4220883846
202200020490;26;7;2022;20:09;1;2A;2;1;1;1;41,9519900000;8,7762700000
202200020491;31;1;2022;18:15;5;93;2;1;1;3;48,8792140000;2,4908810000
202200020492;31;1;2022;08:55;1;93;2;1;1;2;48,8810113202;2,4716910884
202200020493;31;1;2022;13:14;1;93;2;2;1;3;48,9429670550;2,5690554539
202200020494;24;7;2022;10:00;1;95;2;2;1;3;48,9825077824;2,3004877567
202200020495;31;1;2022;18:30;5;93;2;1;1;3;48,9092646323;2,4676814957
202200020496;12;1;2022;13:45;1;93;2;1;1;3;48,9049870000;2,4264550000
202200020497;26;7;2022;13:20;1;91;1;1;1;2;48,7580420000;2,2083760000
202200020498;31;1;2022;16:35;1;93;2;1;1;3;48,9393880000;2,4581190000
202200020499;31;1;2022;09:00;1;93;2;2;8;3;48,9358233297;2,4939051214
202200020500;26;7;2022;08:45;1;91;2;2;1;1;48,7302600000;2,2735000000
202200020501;31;1;2022;09:40;1;92;2;2;1;4;48,8716670000;2,2224080000
202200020502;31;1;2022;16:55;1;92;2;2;8;3;48,9068597090;2,2390485406
202200020503;26;7;2022;08:45;1;91;2;1;8;6;48,7021300000;2,2211300000
202200020504;30;1;2022;01:22;5;92;2;3;1;5;48,7438400000;2,3031400000
202200020505;30;1;2022;13:00;1;92;2;1;1;2;48,7399200000;2,2790200000
202200020506;31;1;2022;15:30;1;09;2;1;2;6;43,0145700000;1,1101130000
202200020507;31;1;2022;09:00;1;09;1;1;2;6;42,9181280000;1,1910900000
202200020508;25;7;2022;08:05;1;87;2;2;1;2;45,8106300000;1,2575500000
202200020509;31;1;2022;17:00;1;76;1;1;1;3;49,8625710000;1,1750490000
202200020510;23;7;2022;12:05;1;83;2;9;1;6;43,4240764380;6,7403483391
202200020511;27;1;2022;17:00;2;57;1;1;2;3;49,1166670000;6,7630400000
202200020512;30;1;2022;17:36;1;36;1;1;1;7;46,4728030000;1,4974020000
202200020513;1;2;2022;17:20;1;30;1;1;1;7;44,1799000000;4,3602200000
202200020514;22;7;2022;21:00;1;80;2;1;1;1;49,8836600000;2,3041800000
202200020515;30;1;2022;09:50;1;37;1;1;2;6;47,2871185488;0,2824902534
202200020516;1;2;2022;14:44;1;44;1;1;1;2;47,1995620000; -2,1474410000
202200020517;1;2;2022;16:15;1;76;1;1;1;6;49,8564840000;0,7222100000
202200020518;31;1;2022;12:55;1;42;1;1;1;1;45,7144020000;4,0480170000
202200020519;31;1;2022;22:30;3;68;2;1;2;6;47,6641370000;7,2656750000
202200020520;14;7;2022;16:59;1;78;2;1;7;1;48,7657930000;2,0745080000
202200020521;1;2;2022;14:55;1;29;1;3;1;3;47,9795840000; -3,8653740000
202200020522;31;1;2022;07:45;1;38;1;1;2;5;45,5409120000;5,0924780000
202200020523;31;1;2022;13:00;1;15;1;1;2;2;45,1411400000;2,3989030000
202200020524;26;7;2022;21:10;5;76;2;1;1;6;49,4642300000;1,0471100000
202200020525;31;1;2022;12:15;1;72;1;2;1;3;48,1399800000;0,3792200000
202200020526;26;7;2022;08:35;1;76;1;1;1;6;49,3994700000;1,0325700000
202200020527;13;1;2022;06:45;5;40;2;6;5;6;43,7019590000; -0,9270040000
202200020528;31;1;2022;20:35;3;27;1;1;1;3;48,7167410000;0,8645190000
202200020529;23;7;2022;17:19;1;76;2;3;1;3;49,5033900000;0,2071500000
202200020530;25;5;2022;14:30;1;22;1;1;1;1;48,5508356444; -3,1132164716
202200020531;28;1;2022;14:00;1;76;1;1;5;6;49,6284733750;0,6105975062
202200020532;26;7;2022;11:10;1;74;1;1;1;5;46,1666800000;6,1934300000
202200020533;1;2;2022;07:35;3;45;1;1;1;2;47,9451899780;1,8484711647
202200020534;1;2;2022;12:45;1;11;1;1;6;6;43,2285700000;3,1065560000
202200020535;25;5;2022;09:15;1;42;2;4;1;3;46,0825820000;4,0174340000
202200020536;25;7;2022;15:10;1;71;2;1;1;6;46,6819770000;4,3624500000
202200020537;29;1;2022;18:15;1;987;2;1;1;3; -17,5067260000; -149,4876410000
202200020538;22;5;2022;17:30;2;974;2;1;1;7; -21,2764860000;55,4177700000
202200020539;30;1;2022;21:00;5;987;2;1;1;1; -17,5429770000; -149,5036460000
202200020540;26;7;2022;11:30;1;69;2;2;1;2;45,7620000000;4,8720000000
202200020541;24;5;2022;23:05;5;38;2;1;1;3;45,3492800000;5,5040160000
202200020542;26;1;2022;16:15;1;34;1;1;1;3;43,6102900000;3,7169410000
202200020543;26;7;2022;11:50;1;67;2;1;1;3;48,5541900000;7,7402300000
202200020544;31;1;2022;12:50;1;973;2;1;1;1;5,1575820000; -52,6426540000
202200020545;25;7;2022;11:30;1;67;2;8;1;6;48,5844200000;7,7584300000
202200020546;24;5;2022;16:40;1;62;2;1;1;1;50,5884380000;1,8090480000
202200020547;26;7;2022;17:20;1;64;2;1;1;3;43,3704300000; -1,7641100000
202200020548;30;1;2022;14:50;1;30;2;1;1;6;44,2794000000;4,0039000000
202200020549;30;4;2022;01:00;3;77;1;1;1;7;48,8890400000;3,3029090000
202200020550;26;7;2022;14:05;1;59;2;9;1;3;50,7203370617;3,1313395500
202200020551;23;7;2022;16:00;1;57;2;1;1;6;49,3643900000;6,1689100000
202200020552;24;5;2022;16:40;1;34;1;9;1;1;43,5488130000;3,8057110000
202200020553;30;1;2022;10:30;1;83;1;1;1;3;43,2002751463;5,7591465711
202200020554;25;7;2022;12:40;1;56;2;1;1;6;47,7555596000; -3,3757766000
202200020555;26;7;2022;12:15;1;54;2;1;1;6;48,6832100000;6,1446700000
202200020556;22;5;2022;15:05;1;57;2;3;1;3;49,3366870000;6,3694200000
202200020557;26;7;2022;11:55;1;53;2;1;1;3;48,0687500000; -0,7980100000
202200020558;30;1;2022;14:30;1;83;1;1;1;2;43,1621960000;5,7641960000
202200020559;24;5;2022;17:30;1;89;2;4;1;1;48,1626520000;3,3900550000
202200020560;26;7;2022;18:38;1;51;2;4;1;1;49,2449400000;4,0552000000
202200020561;26;7;2022;09:55;1;50;2;1;1;3;48,8380800000; -1,5853000000
202200020562;1;2;2022;22:25;1;83;2;9;7;6;43,4061990000;6,0651000000
202200020563;24;5;2022;20:00;2;67;1;1;1;7;48,9317720000;8,1667790000
202200020564;25;7;2022;20:30;1;49;2;1;1;7;47,4725100000; -0,4854100000
202200020565;25;7;2022;10:34;1;49;2;1;1;6;47,4667200000; -0,5154700000
202200020566;25;5;2022;15:00;1;67;1;1;1;7;48,8477450000;7,2084210000
202200020567;1;2;2022;06:15;2;13;1;1;6;5;43,6375580000;4,7440660000
202200020568;26;5;2022;07:00;1;79;2;4;8;7;46,2647410000; -0,2219210000
202200020569;26;7;2022;05:50;2;45;2;1;1;1;48,0008100000;2,7657900000
202200020570;25;5;2022;00:05;3;82;1;1;1;6;43,9716770000;1,2748650000
202200020571;24;7;2022;20:10;1;44;2;6;1;3;47,2678600000; -2,2338800000
202200020572;20;5;2022;17:45;1;65;1;1;1;7;43,3782280000;0,1473710000
202200020573;26;7;2022;11:05;1;43;2;1;1;6;45,0361000000;3,8837500000
202200020574;26;7;2022;17:45;1;37;2;1;1;6;47,3411928310;0,6496310234
202200020575;30;1;2022;16:54;1;71;1;1;1;6;46,3867570000;4,8048820000
202200020576;25;5;2022;17:15;1;33;2;2;1;3;45,3766590000; -1,1502980000
202200020577;26;7;2022;16:00;1;35;2;1;1;6;48,0867200000; -1,6772500000
202200020578;25;5;2022;11:00;1;33;2;1;1;6;44,3882980000; -0,0433180000
202200020579;26;7;2022;15:45;1;35;1;1;1;2;48,1408005508; -1,6903723776
202200020580;24;5;2022;15:30;1;71;2;1;1;7;46,9044840000;4,6536430000
202200020581;30;1;2022;16:20;1;67;2;1;1;6;48,6751690000;7,8572160000
202200020582;26;7;2022;16:05;1;35;2;1;1;1;48,1155700000; -1,5872400000
202200020583;25;7;2022;18:00;1;35;2;1;1;2;48,1136718739; -1,6021840274
202200020584;26;5;2022;12:05;1;71;1;1;1;3;46,3170140000;4,6303400000
202200020585;26;7;2022;08:13;1;31;1;1;2;7;43,0970554726;0,7599931955
202200020586;31;1;2022;19:30;3;03;1;1;1;2;46,4605006957;3,6377073485
202200020587;26;5;2022;03:30;3;61;1;1;2;6;48,7088500000;0,6197600000
202200020588;26;7;2022;09:00;1;27;2;3;1;1;49,0850100000;1,4629400000
202200020589;31;1;2022;10:57;1;42;2;1;8;3;45,5178650000;4,2045020000
202200020590;26;5;2022;01:28;3;49;1;1;1;6;47,6032120000; -0,8214910000
202200020591;26;7;2022;07:50;1;27;2;1;1;6;49,0934700000;1,4726700000
202200020592;29;1;2022;16:20;1;07;1;1;1;7;44,3648890000;4,5302810000
202200020593;25;5;2022;17:52;1;47;1;1;1;2;44,2554820000;0,6564550000
202200020594;14;7;2022;23:08;5;24;2;1;1;6;44,8523306234;0,4707505703
202200020595;31;1;2022;19:35;3;33;1;1;1;3;44,6751101871; -1,0028806329
202200020596;22;7;2022;12:10;1;19;2;3;1;3;45,1504300000;1,4976100000
202200020597;24;5;2022;12:45;1;86;1;2;1;3;46,2594520000;0,2773620000
202200020598;31;1;2022;16:10;1;85;1;1;1;3;47,0024600000; -2,2587110000
202200020599;26;7;2022;10:30;1;17;2;1;2;3;45,6413600000; -1,0247200000
202200020600;16;5;2022;16:45;1;39;2;1;1;3;46,3913060000;5,8640190000
202200020601;25;7;2022;09:50;1;17;2;1;1;6;45,6313220000; -0,9891110000
202200020602;31;1;2022;20:30;5;22;1;2;1;1;48,5463210000; -3,1323340000
202200020603;26;5;2022;19:05;1;29;1;1;1;1;48,3653380000; -4,7457500000
202200020604;26;7;2022;16:45;1;14;1;1;1;4;49,1735300000; -0,3092100000
202200020605;26;5;2022;15:27;1;29;1;3;1;1;47,9459880000; -4,1465990000
202200020606;27;1;2022;08:05;1;54;1;1;1;2;48,6048050000;6,1735070000
202200020607;26;7;2022;18:00;1;13;2;1;1;-1;43,3383769679;5,4675954581
202200020608;27;4;2022;07:55;1;38;2;2;1;3;45,5024070000;5,1291990000
202200020609;28;1;2022;19:35;3;59;1;1;1;6;50,5047703322;3,0173483491
202200020610;26;7;2022;16:15;1;11;2;2;1;3;43,2112400000;2,3265500000
202200020611;25;5;2022;12:40;1;02;2;9;1;3;49,4077690000;3,8212310000
202200020612;26;7;2022;18:25;1;05;2;1;1;6;44,5613100000;6,0811900000
202200020613;31;1;2022;10:21;1;78;1;1;1;3;48,9691380000;1,8639800000
202200020614;25;5;2022;20:36;1;03;1;1;7;6;46,3373920000;3,9429380000
202200020615;25;7;2022;12:40;1;04;2;4;1;2;43,8158600000;5,7915100000
202200020616;31;1;2022;04:45;5;92;1;1;8;6;48,8888475181;2,1682327380
202200020617;25;5;2022;00:20;3;15;1;1;1;6;45,4473290000;2,5421870000
202200020618;18;5;2022;12:50;1;15;1;1;1;7;45,1406330000;2,6469590000
202200020619;24;7;2022;13:30;1;75;2;1;1;2;48,8483160000;2,4147680000
202200020620;25;7;2022;20:40;2;75;2;1;1;7;48,8405460000;2,3393330000
202200020621;30;1;2022;04:30;5;78;1;1;8;1;48,9255460000;1,9973990000
202200020622;26;5;2022;08:25;1;70;2;1;1;1;47,8344870000;6,2130500000
202200020623;26;7;2022;19:20;1;75;2;2;1;3;48,8753550000;2,4075370000
202200020624;26;7;2022;03:42;5;75;2;7;1;2;48,8827860000;2,3702720000
202200020625;26;7;2022;07:30;1;75;2;1;1;2;48,8988730000;2,3441860000
202200020626;31;1;2022;09:15;1;93;1;1;1;1;48,9307730768;2,3665103285
202200020627;26;7;2022;10:50;1;75;2;1;1;3;48,8685100000;2,2910210000
202200020628;25;7;2022;16:05;1;75;2;1;1;6;48,8533010000;2,2789450000
202200020629;25;5;2022;16:35;1;26;1;1;1;5;44,7770900000;5,0214960000
202200020630;25;7;2022;22:35;5;75;2;4;1;3;48,8553150000;2,2895790000
202200020631;31;1;2022;14:00;1;77;1;1;1;4;48,8314000000;2,6432000000
202200020632;25;7;2022;22:50;5;75;2;1;1;2;48,8330550000;2,2779090000
202200020633;25;5;2022;10:15;1;54;1;4;1;2;48,5792334696;5,8875775339
202200020634;23;5;2022;14:35;1;06;1;1;1;6;43,6185780000;6,9219120000
202200020635;26;7;2022;13:05;1;75;2;2;1;6;48,8359900000;2,3276090000
202200020636;30;1;2022;11:45;1;13;2;1;1;1;43,4537800000;5,0126900000
202200020637;25;5;2022;16:00;1;14;1;3;1;6;49,0373800000; -0,0749700000
202200020638;26;7;2022;09:10;1;75;2;3;1;6;48,8356830000;2,3249680000
202200020639;26;7;2022;22:14;5;75;2;2;1;2;48,8700690000;2,3009970000
202200020640;29;1;2022;12:15;1;974;1;1;1;3; -21,3103000000;55,4346000000
202200020641;26;5;2022;17:10;1;50;1;2;1;3;48,7133570000; -1,1087290000
202200020642;25;7;2022;23:50;5;75;2;7;1;3;48,8658640000;2,3198530000
202200020643;24;5;2022;16:00;1;45;1;1;1;1;47,8202780000;1,9871630000
202200020644;26;7;2022;10:50;1;75;2;2;1;3;48,8662380000;2,3525410000
202200020645;26;5;2022;01:00;3;73;1;1;1;6;45,5810670000;6,3318640000
202200020646;30;1;2022;05:20;5;69;2;1;1;6;45,7256600000;4,8671700000
202200020647;26;7;2022;09:15;1;75;2;3;1;6;48,8554710000;2,3601000000
202200020648;26;5;2022;00:15;3;18;1;1;1;6;46,9536460000;2,5657800000
202200020649;25;7;2022;21:50;2;94;2;1;1;7;48,7850380000;2,3783760000
202200020650;25;5;2022;10:40;1;18;2;6;1;6;46,7250580000;2,5064170000
202200020651;26;7;2022;03:30;5;93;2;1;1;6;48,9664415173;2,3854178935
202200020652;26;7;2022;02:40;5;93;2;1;1;6;48,9028622660;2,5476667285
202200020653;22;5;2022;11:30;1;43;1;5;1;3;45,1942370000;4,3455000000
202200020654;30;1;2022;14:00;1;972;2;1;1;5;14,6546100000; -60,9893200000
202200020655;25;7;2022;23:27;5;93;2;2;1;3;48,8901800000;2,5520500000
202200020656;24;5;2022;18:00;1;43;1;1;1;1;45,1299850000;4,0954110000
202200020657;26;7;2022;17:40;1;93;2;1;1;6;48,9294474893;2,5154002905
202200020658;30;1;2022;11:40;1;972;2;9;1;3;14,6128551190; -61,0527741909
202200020659;26;7;2022;18:15;1;92;2;1;1;6;48,8385271757;2,1643828153
202200020660;24;5;2022;22:45;5;07;2;1;1;6;45,2589690000;4,6859210000
202200020661;29;1;2022;21:00;5;972;2;1;1;1;14,6017300000; -61,0672500000
202200020662;26;7;2022;21:23;5;92;2;1;1;3;48,8881316347;2,1912145615
202200020663;25;5;2022;18:50;1;53;1;1;8;3;48,1457190000; -1,0192720000
202200020664;26;7;2022;08:00;1;92;2;3;1;3;48,9036989460;2,3032423854
202200020665;25;5;2022;17:20;1;21;1;1;1;1;47,4035000000;5,3408000000
202200020666;26;7;2022;15:52;1;92;2;1;1;1;48,7770302247;2,2295524478
202200020667;23;5;2022;16:45;1;04;1;1;1;7;44,0231330000;6,1764140000
202200020668;29;6;2022;08:45;1;16;1;1;7;2;45,9953850000;0,1499620000
202200020669;27;7;2022;15:50;1;43;1;1;1;7;45,3383760000;3,2470390000
202200020670;24;5;2022;17:45;1;85;1;2;1;3;46,6375300000; -1,1581550000
202200020671;27;7;2022;17:50;1;28;1;1;1;7;48,3156820000;1,3258270000
202200020672;26;5;2022;06:45;1;85;1;1;2;7;46,5867340000; -1,1967475000
202200020673;18;7;2022;16:49;1;35;1;1;1;1;48,3472362288; -1,9287751615
202200020674;25;5;2022;12:15;1;27;2;1;1;2;49,3581900000;0,5139260000
202200020675;26;7;2022;15:30;1;63;1;2;1;3;46,0625940000;3,2950190000
202200020676;23;5;2022;20:00;1;27;2;1;2;7;49,0912970000;0,5927200000
202200020677;27;7;2022;13:00;1;67;1;1;1;7;48,7404840000;7,5138330000
202200020678;25;5;2022;18:50;1;17;1;1;1;7;45,9790600000; -1,3551590000
202200020679;25;7;2022;11:58;1;72;1;9;1;3;47,9301629747;0,4066121576
202200020680;21;5;2022;09:22;1;87;1;1;1;3;46,2037450000;1,3825610000
202200020681;20;5;2022;14:00;1;87;1;1;1;6;46,2203460000;0,9055140000
202200020682;26;7;2022;17:05;1;71;1;2;1;3;46,7539540000;5,0918520000
202200020683;25;5;2022;17:30;1;37;1;1;1;1;47,1913857290;1,0245421529
202200020684;28;5;2022;07:44;1;37;1;1;1;2;47,1634485489;0,6287741661
202200020685;25;5;2022;17:20;1;10;1;1;1;2;48,2700264974;4,1644599199
202200020686;24;7;2022;19:15;1;74;1;1;1;1;46,3208300000;6,3843390000
202200020687;27;7;2022;13:55;1;83;1;1;1;7;43,4176890000;6,2435390000
202200020688;24;5;2022;07:20;1;13;1;1;1;2;43,6364600000;5,2795640000
202200020689;25;5;2022;14:00;1;63;1;1;1;6;45,8416410000;3,1606940000
202200020690;25;7;2022;14:30;1;30;1;1;1;1;43,8131700000;4,4123300000
202200020691;25;5;2022;01:10;3;35;1;1;1;7;48,1420134171; -1,7348608375
202200020692;25;7;2022;09:25;1;74;2;1;1;3;45,9162400000;6,7032960000
202200020693;23;5;2022;17:15;1;06;1;3;1;1;43,6181710000;7,0536360000
202200020694;24;7;2022;00:50;3;74;1;1;1;2;46,1112700000;5,9901670000
202200020695;25;5;2022;21:40;3;987;2;1;1;3; -17,5845220000; -149,5685780000
202200020696;24;5;2022;15:00;1;06;2;1;1;6;43,7454520000;7,3639240000
202200020697;24;7;2022;15:10;1;41;1;1;1;6;47,2964330000;1,3159990000
202200020698;26;7;2022;15:30;1;65;1;1;5;7;42,8348320000;0,2397400000
202200020699;24;5;2022;08:10;1;34;1;1;1;4;43,6919270000;4,0747510000
202200020700;25;7;2022;11:00;1;65;2;6;1;3;43,1212490000;0,3833790000
202200020701;27;7;2022;16:15;1;71;1;1;1;6;46,9840290000;4,4079740000
202200020702;27;7;2022;11:30;1;42;1;3;1;3;45,2890430000;4,4090690000
202200020703;28;4;2022;17:46;1;68;2;2;7;3;47,7561500000;7,4023660000
202200020704;26;7;2022;13:10;1;68;2;2;1;3;47,8524790000;7,5175670000
202200020705;25;5;2022;12:50;1;973;1;1;1;1;5,5984500000; -53,7063870000
202200020706;27;7;2022;17:10;1;22;2;3;7;3;48,6974900000; -2,9404740000
202200020707;24;5;2022;14:25;1;973;1;1;1;1;5,1561870000; -52,6681460000
202200020708;26;7;2022;09:25;1;29;2;6;1;3;47,9023841107; -4,2796218395
202200020709;26;7;2022;14:15;1;01;2;1;1;6;46,3382670000;5,1281280000
202200020710;24;5;2022;17:00;1;971;2;1;1;4;16,2357100000; -61,7916640000
202200020711;27;7;2022;08:10;1;26;1;1;1;3;44,3096620000;4,8671450000
202200020712;25;5;2022;14:40;1;29;1;3;8;7;47,8991460000; -3,4534300000
202200020713;26;7;2022;15:15;1;58;2;1;1;6;46,7841780000;3,9937640000
202200020714;22;5;2022;18:15;1;45;2;1;1;1;47,6855820000;2,6507230000
202200020715;26;7;2022;14:00;1;66;2;3;1;7;42,8118180000;2,5943590000
202200020716;18;5;2022;16:55;1;78;2;4;1;7;48,8506430000;1,8949650000
202200020717;26;7;2022;16:20;1;16;1;2;1;3;45,9849900000;0,7109790000
202200020718;24;5;2022;09:10;1;78;1;1;1;7;48,7065390000;1,9502020000
202200020719;27;7;2022;11:45;1;40;1;1;1;1;43,5759100000; -1,1301650000
202200020720;25;5;2022;01:00;3;2A;2;1;1;6;41,5532490000;9,2219120000
202200020721;22;7;2022;09:20;1;17;2;1;1;7;45,9929270000; -1,0982250000
202200020722;25;7;2022;08:30;1;30;1;1;1;3;43,8822000000;4,0497800000
202200020723;24;5;2022;19:00;1;34;1;2;1;1;43,4953980000;3,6973290000
202200020724;26;5;2022;05:00;2;34;1;1;1;7;43,3356040000;3,0404020000
202200020725;22;5;2022;20:20;2;34;2;1;1;3;43,5612300000;4,0770540000
202200020726;26;7;2022;18:50;1;13;1;2;1;3;43,5464650657;5,1486342196
202200020727;25;5;2022;02:45;3;83;1;1;2;7;43,2788920000;6,5681720000