Accident_Id;jour;mois;an;hrmn;lum;dep;agg;int;atm;col;lat;long
202200020728;27;7;2022;05:30;2;13;1;1;1;1;43,5712660000;5,1520300000
202200020729;25;5;2022;02:50;3;71;1;3;1;3;46,6636710000;4,8660530000
202200020730;26;7;2022;17:10;1;33;1;1;1;2;45,1261600000; -0,4856970000
202200020731;25;7;2022;17:25;1;06;1;1;1;3;43,6711620000;7,2033780000
202200020732;23;5;2022;05:20;2;21;1;1;1;1;47,1984390000;5,2244600000
202200020733;27;7;2022;01:50;3;13;1;1;1;1;43,5557490000;5,2316930000
202200020734;23;5;2022;17:50;1;68;2;1;2;7;48,0340840000;7,1139910000
202200020735;26;7;2022;08:20;1;987;1;1;8;6; -16,7409960000; -151,0289030000
202200020736;25;5;2022;22:17;3;67;1;1;1;7;48,3441990000;7,6420640000
202200020737;27;7;2022;04:45;5;988;2;1;1;6; -20,9369020000;165,3374360000
202200020738;15;7;2022;15:20;1;971;1;2;2;3;16,2780840000; -61,3019080000
202200020739;25;5;2022;13:07;1;38;2;2;1;6;45,7805740000;5,4419450000
202200020740;23;5;2022;17:15;1;07;1;1;1;7;44,3687090000;4,5208100000
202200020741;26;7;2022;21:30;2;77;2;1;1;6;48,6810370000;2,6703380000
202200020742;26;7;2022;13:45;1;78;1;1;1;7;48,7993450000;1,7471960000
202200020743;25;5;2022;08:10;1;31;2;1;1;6;43,4675460000;1,3279990000
202200020744;27;7;2022;01:00;3;78;1;1;1;7;48,9458710000;1,5149440000
202200020745;25;5;2022;10:35;1;16;1;1;7;1;45,6710278468; -0,0058445334
202200020746;26;7;2022;19:00;1;34;2;1;1;1;43,4250920000;3,6042130000
202200020747;27;7;2022;12:10;1;84;2;1;1;1;43,9535060000;4,8909970000
202200020748;20;5;2022;07:40;1;86;2;4;1;3;46,7063170000;0,3595660000
202200020749;22;7;2022;12:00;1;06;2;1;1;7;43,8341480000;7,2511020000
202200020750;25;5;2022;14:00;1;64;2;3;1;3;43,3136770168; -0,4527018964
202200020751;26;7;2022;18:20;1;17;1;2;1;3;45,3793230000; -0,3757520000
202200020752;25;7;2022;16:25;1;22;1;1;1;3;48,7760360000; -3,0996840000
202200020753;23;5;2022;16:45;1;974;2;1;1;6; -20,9630800000;55,3183200000
202200020754;27;7;2022;07:40;1;35;2;1;1;3;48,4030400000; -1,3258030000
202200020755;2;3;2022;16:50;1;973;2;1;2;7;4,9426400000; -52,3199100000
202200020756;27;3;2022;20:10;5;973;2;9;1;7;4,9326400000; -52,3263300000
202200020757;27;7;2022;14:40;1;62;1;1;1;5;50,3778750000;2,9759220000
202200020758;27;3;2022;19:15;3;973;1;1;1;7;4,9026700000; -52,3140600000
202200020759;26;7;2022;06:38;1;13;1;1;1;2;43,2754700000;5,5880600000
202200020760;26;7;2022;07:02;1;13;1;1;1;5;43,4009400000;5,2986800000
202200020761;22;2;2022;08:55;1;973;1;3;3;3;4,9059700000; -52,3048800000
202200020762;26;7;2022;16:50;1;83;2;1;1;2;43,1223490000;5,9557830000
202200020763;7;2;2022;08:15;1;973;2;3;1;3;4,9395164642; -52,3010426760
202200020764;26;7;2022;18:30;1;33;1;1;1;6;44,7600040000; -0,5465670000
202200020765;26;7;2022;18:40;1;92;1;1;1;3;48,7740663007;2,2410281628
202200020766;24;5;2022;13:20;1;973;2;2;1;3;4,9383700000; -52,3281900000
202200020767;26;7;2022;18:25;1;94;1;1;1;6;48,7609654233;2,3389360390
202200020768;23;5;2022;21:35;5;973;2;1;1;3;4,9423811077; -52,3054683208
202200020769;26;7;2022;09:55;1;91;1;1;1;2;48,7301100000;2,3141800000
202200020770;23;5;2022;18:40;5;973;2;9;1;2;4,9367693881; -52,3071956635
202200020771;26;7;2022;08:15;1;91;1;1;1;4;48,6317900000;2,5179000000
202200020772;26;7;2022;00:00;3;91;1;1;1;7;48,6601500000;2,3723200000
202200020773;25;5;2022;23:20;5;69;2;2;1;3;45,7477700000;4,8396500000
202200020774;25;7;2022;21:00;1;91;1;1;1;7;48,6412900000;2,3937700000
202200020775;25;5;2022;18:40;1;69;2;2;1;3;45,7507300000;4,8394900000
202200020776;25;7;2022;19:00;1;91;1;1;1;4;48,6195900000;2,4256800000
202200020777;24;5;2022;23:30;5;69;2;1;1;7;45,7581800000;4,8407700000
202200020778;26;7;2022;18:35;1;92;1;1;1;3;48,9254957669;2,2330475954
202200020779;25;7;2022;22:30;3;75;1;1;1;6;48,8213702244;2,4616670609
202200020780;24;5;2022;23:20;5;69;2;3;1;3;45,7295957833;4,8679985280
202200020781;24;2;2022;17:55;2;14;1;1;1;6;49,1723890000;0,0086470000
202200020782;24;5;2022;22:45;5;69;2;1;1;7;45,7636435540;4,8694056273
202200020783;25;7;2022;15:00;1;06;2;9;1;6;43,5657000000;6,9650400000
202200020784;25;7;2022;08:13;1;94;2;1;1;3;48,7654599952;2,4476370892
202200020785;28;4;2022;18:00;1;57;2;1;1;6;49,3080180000;6,1054230000
202200020786;24;5;2022;17:30;1;69;2;2;1;3;45,6969700000;4,8875300000
202200020787;16;4;2022;11:15;1;14;2;2;1;3;49,1785143992;0,2095947862
202200020788;24;5;2022;10:15;1;69;2;2;1;3;45,7690600000;4,8460300000
202200020789;28;3;2022;14:10;1;74;2;9;1;3;46,1913400000;6,2421920000
202200020790;25;5;2022;16:20;1;972;1;1;1;1;14,6368900000; -60,9918600000
202200020791;9;3;2022;07:46;1;74;2;1;1;2;46,1879600000;6,2324500000
202200020792;25;7;2022;14:00;1;976;2;1;1;1; -12,8071100000;45,2071100000
202200020793;25;5;2022;09:36;1;972;1;3;2;3;14,6234700000; -61,0516000000
202200020794;24;5;2022;17:50;5;972;1;1;1;7;14,6027500000; -61,0768300000
202200020795;25;7;2022;08:50;1;974;2;3;1;6; -21,3116800000;55,4727700000
202200020796;23;7;2022;12:50;1;971;2;9;1;1;16,0040000000; -61,7387900000
202200020797;24;5;2022;13:55;1;69;2;2;1;1;45,7795626822;4,8238231404
202200020798;25;7;2022;18:10;1;91;2;1;1;3;48,7140000000;2,3710000000
202200020799;24;5;2022;08:30;1;69;2;1;1;7;45,7897176986;4,7967191041
202200020800;25;7;2022;12:50;1;91;2;1;1;2;48,7118700000;2,3712500000
202200020801;24;5;2022;18:44;1;2B;1;1;1;2;42,6575753577;9,4415768897
202200020802;25;7;2022;08:50;1;91;2;3;1;3;48,7112100000;2,3757400000
202200020803;21;5;2022;22:31;5;971;1;1;1;7;16,2727500000; -61,5416000000
202200020804;24;7;2022;21:32;1;87;2;3;1;3;45,8344500000;1,2609000000
202200020805;25;5;2022;17:00;1;91;2;1;1;3;48,6093380000;2,3127220000
202200020806;25;7;2022;08:50;1;77;2;1;1;6;48,8787500000;2,6928600000
202200020807;24;5;2022;10:50;1;91;2;2;1;3;48,6740000000;2,4120000000
202200020808;21;3;2022;01:13;5;76;2;1;1;2;49,4266000000;1,1043500000
202200020809;24;5;2022;08:31;1;87;2;6;1;3;45,8127300000;1,2811700000
202200020810;24;7;2022;16:00;1;76;2;2;1;3;49,4852100000;0,1303800000
202200020811;22;7;2022;23:43;3;76;1;1;1;3;49,5516000000;0,4462000000
202200020812;25;5;2022;15:20;1;83;1;1;1;3;43,1197600000;6,0265900000
202200020813;25;7;2022;08:05;1;67;2;3;1;3;48,5895400000;7,7516600000
202200020814;24;5;2022;08:30;1;80;2;1;1;3;49,9073200000;2,3202000000
202200020815;24;7;2022;12:03;1;66;2;3;1;6;42,7006300000;2,8910400000
202200020816;24;5;2022;01:10;5;78;2;1;2;3;48,9581310000;2,1690900000
202200020817;22;7;2022;00:32;5;66;2;1;1;1;42,6794100000;2,8799300000
202200020818;17;7;2022;23:00;5;64;2;1;1;3;43,3697900000; -1,7732100000
202200020819;23;5;2022;16:20;1;78;2;9;8;3;48,8983000000;2,1154000000
202200020820;25;7;2022;08:30;2;64;2;6;2;3;43,3186540000; -0,3079590000
202200020821;25;5;2022;09:20;1;77;2;1;1;4;48,5442620000;2,6455150000
202200020822;23;7;2022;09:45;1;64;2;1;1;2;43,4594390000; -1,5414350000
202200020823;25;7;2022;12:25;1;64;2;1;1;3;43,4964700000; -1,4978200000
202200020824;24;7;2022;04:14;4;63;2;1;1;1;45,7478100000;3,1353500000
202200020825;24;5;2022;21:05;1;77;2;3;1;1;48,8900300000;2,7103500000
202200020826;1;7;2022;20:45;1;62;1;1;1;6;50,4261670000;2,8196080000
202200020827;24;5;2022;11:20;1;77;2;1;1;2;48,4128000000;2,7109300000
202200020828;23;7;2022;13:20;1;62;2;6;1;3;50,5268370000;2,6304970000
202200020829;26;5;2022;02:10;3;76;2;1;1;7;49,4451500000;1,1109400000
202200020830;25;7;2022;14:30;1;59;2;2;1;3;50,7370639838;3,1395095587
202200020831;5;5;2022;09:15;1;76;2;1;1;6;49,2872600000;1,0240700000
202200020832;25;7;2022;09:00;1;56;2;6;1;2;47,6642000000; -2,7811500000
202200020833;23;7;2022;23:41;5;56;2;1;1;6;47,7405600000; -3,3754800000
202200020834;21;5;2022;06:50;1;76;2;2;1;3;49,5013900000;0,1500100000
202200020835;25;7;2022;11:32;1;54;2;1;1;3;48,6893431612;6,1843210459
202200020836;25;5;2022;12:30;1;74;1;1;1;3;46,1797600000;6,2310900000
202200020837;25;7;2022;09:10;1;54;2;4;1;3;48,6845338809;6,1962515116
202200020838;24;5;2022;17:00;1;72;2;1;1;6;47,9650200000;0,1621800000
202200020839;24;5;2022;09:20;1;72;2;1;1;3;48,0245600000;0,1774700000
202200020840;20;5;2022;14:00;1;72;1;1;1;6;47,9608790000;0,2149190000
202200020841;25;5;2022;20:52;2;69;2;1;1;2;45,7589100000;4,8807100000
202200020842;24;5;2022;12:00;1;69;2;3;1;3;45,7481100000;4,9175400000
202200020843;25;5;2022;09:05;1;69;2;9;1;6;46,0093600000;4,7119900000
202200020844;23;5;2022;14:15;1;67;2;3;1;3;48,5677800000;7,7275300000
202200020845;23;5;2022;08:50;1;67;2;1;8;3;48,6083300000;7,7499600000
202200020846;21;5;2022;05:50;2;67;2;1;1;7;48,5976000000;7,7361600000
202200020847;24;5;2022;17:29;1;66;2;1;1;7;42,6940700000;2,8502100000
202200020848;24;5;2022;18:20;1;64;2;3;1;3;43,3214800000; -0,3399600000
202200020849;17;5;2022;17:50;1;64;2;1;1;6;43,3065900207; -0,3271597624
202200020850;25;5;2022;02:45;5;64;2;1;1;6;43,4766400000; -1,5494400000
202200020851;24;5;2022;17:30;1;64;2;1;8;3;43,4602883019; -1,5475822985
202200020852;24;5;2022;17:30;1;64;2;9;2;3;43,4810600000; -1,5116500000
202200020853;1;12;2022;21:15;3;60;1;3;1;3;49,6530190000;1,8273510000
202200020854;28;3;2022;03:40;5;63;2;6;1;7;45,8173900000;3,1093800000
202200020855;18;12;2022;14:05;1;64;1;1;7;5;43,3182930000; -1,4878320000
202200020856;28;3;2022;00:58;5;63;2;1;1;7;45,7876200000;3,1192500000
202200020857;16;12;2022;14:30;1;64;2;1;2;2;43,3374928331; -0,2730852987
202200020858;22;12;2022;17:20;3;18;1;1;2;3;46,9157630000;2,5596160000
202200020859;17;12;2022;14:25;1;18;2;1;1;6;46,7236860000;2,5056340000
202200020860;4;12;2022;15:30;1;18;2;1;3;7;47,0885010000;3,0052440000
202200020861;23;5;2022;21:45;5;62;2;2;1;3;50,4812500000;2,6613800000
202200020862;12;12;2022;10:07;1;43;2;1;1;6;45,2418210000;4,2355350000
202200020863;18;12;2022;20:20;3;43;1;1;1;6;45,0102920000;3,9508670000
202200020864;25;5;2022;08:00;2;59;2;1;1;6;50,6161300000;3,1399200000
202200020865;19;12;2022;23:05;5;36;2;2;1;3;46,8461840000;1,5444910000
202200020866;19;12;2022;16:30;1;16;1;1;1;5;46,0633920000;0,6703130000
202200020867;24;5;2022;21:20;1;59;2;1;1;6;50,6178759945;3,1476902962
202200020868;9;12;2022;15:50;1;16;1;3;1;1;45,3509540000; -0,0679990000
202200020869;20;5;2022;20:00;1;59;2;3;1;3;50,6330822514;3,0532953143
202200020870;20;12;2022;23:00;5;07;2;1;2;6;44,4504060000;4,3495410000
202200020871;15;5;2022;01:30;5;59;2;9;1;6;51,0485000000;2,4185000000
202200020872;21;12;2022;13:30;1;07;1;4;1;1;44,7823070000;4,7312020000
202200020873;21;12;2022;08:30;1;21;2;1;8;3;47,5403860000;4,4741980000
202200020874;23;5;2022;18:00;1;59;2;6;8;3;50,3631100000;3,0786500000
202200020875;17;12;2022;23:45;3;24;2;1;1;1;44,8746250000;1,2171970000
202200020876;18;12;2022;16:40;1;24;1;1;1;7;45,2521410000;0,3701450000
202200020877;25;5;2022;16:25;1;56;2;6;1;3;47,7583700000; -3,3904200000
202200020878;22;12;2022;19:10;3;04;1;1;1;6;43,8649510000;5,6813390000
202200020879;21;12;2022;13:25;1;85;1;1;2;6;46,7762460000; -0,9472873000
202200020880;19;12;2022;18:05;3;27;1;1;1;6;49,1010940000;0,7379840000
202200020881;25;5;2022;20:00;1;54;2;1;1;3;48,6851000000;6,2192500000
202200020882;21;12;2022;11:30;1;28;2;7;1;6;48,5866290000;1,5780780000
202200020883;25;5;2022;09:10;1;54;2;7;1;6;48,6836100000;6,1926100000
202200020884;15;12;2022;19:25;5;17;2;2;1;1;46,3057060000; -0,9906560000
202200020885;22;12;2022;08:30;1;87;1;1;1;6;45,7762560000;1,5849280000
202200020886;16;12;2022;16:00;2;37;1;1;7;6;47,2589805783;0,7112574577
202200020887;20;12;2022;13:40;1;37;2;1;2;1;47,2307670000;0,4949670000
202200020888;24;5;2022;12:00;1;54;2;3;1;1;48,6836556087;6,1502663791
202200020889;21;12;2022;10:15;1;30;1;1;7;2;43,6904320000;4,2515800000
202200020890;29;11;2022;12:00;1;30;1;9;1;6;43,7078880000;4,1686680000
202200020891;18;12;2022;19:30;5;88;1;1;1;6;48,0015050000;6,9212230000
202200020892;21;5;2022;08:00;1;54;2;2;1;3;49,4971200000;5,8605900000
202200020893;20;12;2022;19:00;3;68;1;9;1;5;47,8612610000;7,3930260000
202200020894;22;5;2022;10:55;1;54;2;1;1;6;49,4938500000;5,7976600000
202200020895;3;5;2022;11:40;1;52;2;9;1;5;48,6210900000;4,9323500000
202200020896;23;5;2022;08:35;1;51;2;1;1;7;48,9566034404;4,3785372376
202200020897;24;5;2022;17:10;1;50;2;1;1;6;49,6433100000; -1,6035100000
202200020898;18;12;2022;15:30;1;80;1;1;9;1;50,0092089576;2,1626003940
202200020899;24;5;2022;07:15;1;50;2;3;1;3;49,6548000000; -1,6918700000
202200020900;25;5;2022;21:28;1;49;2;1;1;3;47,4703300000; -0,5437700000
202200020901;5;12;2022;19:00;3;76;1;9;2;5;49,4949990000;0,2637630000
202200020902;23;5;2022;17:13;1;49;2;1;1;1;47,4730570000; -0,5835140000
202200020903;19;12;2022;09:40;1;35;1;1;2;6;48,1709650000; -1,7886260000
202200020904;23;5;2022;08:35;1;49;2;1;3;6;47,4239300000; -0,5245700000
202200020905;20;12;2022;19:45;3;82;1;1;1;4;43,9341700000;1,3197970000
202200020906;25;5;2022;07:30;1;45;2;3;1;1;47,9162000000;1,8648300000
202200020907;25;5;2022;00:43;5;45;2;6;1;6;47,8928500000;1,8759600000
202200020908;20;12;2022;18:45;5;82;1;1;8;5;43,9284410000;1,3122120000
202200020909;20;12;2022;13:30;1;68;1;1;1;2;47,6435040000;7,4962810000
202200020910;23;5;2022;18:21;1;45;2;9;2;3;47,9959900000;2,7256320000
202200020911;26;4;2022;15:40;1;43;2;1;1;3;45,0421300000;3,8866400000
202200020912;18;12;2022;01:10;3;17;1;1;1;7;45,5044230000; -0,4040890000
202200020913;13;5;2022;13:30;1;42;2;3;1;6;45,4379200000;4,3840800000
202200020914;20;12;2022;17:50;3;07;1;2;1;3;45,0396120000;4,7168250000
202200020915;17;12;2022;18:55;3;63;1;1;5;6;45,7695740000;3,1391930000
202200020916;24;3;2022;07:55;1;41;2;6;1;3;47,6098900000;1,3542000000
202200020917;28;11;2022;07:03;5;69;2;6;3;6;45,8772260000;4,8385440000
202200020918;18;12;2022;14:55;1;83;1;1;1;3;43,4814668840;5,7325463570
202200020919;25;5;2022;11:20;1;38;2;1;1;6;45,1905400000;5,7168800000
202200020920;20;12;2022;14:30;1;59;1;9;3;6;50,1518810000;3,1140230000
202200020921;20;12;2022;19:00;5;27;1;1;2;2;49,2089630000;1,1810950000
202200020922;24;5;2022;07:50;1;38;2;1;1;6;45,1562800000;5,7238300000
202200020923;18;12;2022;17:00;2;27;1;1;2;3;49,1626870000;1,1781500000
202200020924;25;5;2022;12:25;1;37;2;3;1;6;47,3970891730;0,7412928343
202200020925;21;12;2022;04:30;3;13;1;1;3;2;43,4973900000;5,2390190000
202200020926;24;5;2022;08:30;1;37;1;1;1;2;47,3407638879;0,6581443548
202200020927;20;12;2022;16:15;1;69;1;3;1;2;45,5178160000;4,8606350000
202200020928;19;12;2022;15:20;1;11;1;1;1;1;42,8493170000;3,0371560000
202200020929;25;5;2022;07:30;1;35;2;1;1;2;48,1059255261; -1,7331603169
202200020930;17;12;2022;01:00;5;987;1;1;1;1; -16,7446020000; -151,4597670000
202200020931;24;5;2022;16:55;1;35;2;1;1;6;48,1181641635; -1,6105679423
202200020932;19;12;2022;15:00;1;987;1;1;1;1; -17,5920000000; -149,3910000000
202200020933;19;12;2022;14:45;1;988;1;1;1;6; -21,5367330000;167,8675000000
202200020934;24;5;2022;15:00;1;35;1;1;1;3;48,1451192637; -1,6185146570
202200020935;18;12;2022;07:30;1;988;2;1;1;6; -22,2761000000;166,5730300000
202200020936;24;5;2022;05:15;5;34;1;1;1;6;43,5907200000;3,9091000000
202200020937;19;12;2022;13:10;1;974;2;1;1;6; -21,2651800000;55,3355170000
202200020938;21;12;2022;16:05;1;974;1;1;1;3; -21,0618090000;55,2233090000
202200020939;22;12;2022;09:05;1;974;2;1;1;3; -20,9442110000;55,3285240000
202200020940;16;4;2022;18:15;1;34;1;1;1;4;43,3040041500;3,4535301694
202200020941;19;12;2022;17:00;2;45;1;1;8;7;47,9456430000;2,1665380000
202200020942;11;3;2022;17:50;1;33;1;1;1;2;44,7829060000; -0,6328280000
202200020943;25;5;2022;00:25;5;33;2;1;1;6;44,8229800000; -0,5550500000
202200020944;19;12;2022;10:00;1;77;2;2;1;2;48,9025230000;2,8129940000
202200020945;25;5;2022;19:53;1;31;2;1;1;6;43,5624800000;1,4812000000
202200020946;11;3;2022;17:45;1;33;1;1;1;4;44,8801000000; -0,5383200000
202200020947;17;12;2022;17:15;3;77;2;4;4;2;48,6695340000;2,8446650000
202200020948;25;5;2022;10:40;1;31;2;1;1;6;43,5996100000;1,4545300000
202200020949;11;3;2022;05:43;3;33;1;1;1;2;44,7198110000; -0,5217860000
202200020950;15;12;2022;18:30;5;78;2;3;1;6;48,8020870000;1,9070710000
202200020951;25;5;2022;12:45;1;29;2;1;1;7;47,9784000000; -4,0163100000
202200020952;11;3;2022;03:10;3;33;1;1;1;6;44,8828200000; -0,5611200000
202200020953;10;12;2022;20:39;4;78;2;1;8;6;48,7030830000;2,0555320000
202200020954;19;12;2022;10:25;1;987;2;1;1;1; -17,5158120000; -149,4241360000
202200020955;11;3;2022;18:38;2;91;1;1;2;5;48,6455900000;2,3889300000
202200020956;21;12;2022;13:30;1;66;1;1;1;6;42,5836120000;2,9869720000
202200020957;21;5;2022;18:25;1;22;2;1;1;6;48,5051400000; -2,7640200000
202200020958;11;3;2022;08:05;1;78;1;1;1;2;48,7783330000;2,2225030000
202200020959;24;5;2022;19:10;1;19;2;3;1;3;45,2573600000;1,7590700000
202200020960;20;12;2022;15:20;1;34;1;1;1;5;43,3611379355;3,3779532600
202200020961;10;3;2022;18:20;1;92;1;1;1;3;48,8403969917;2,2201802330
202200020962;25;5;2022;22:29;3;18;1;1;1;2;47,2626550000;2,0598830000
202200020963;14;12;2022;10:00;1;34;2;1;2;1;43,6371230000;3,9603840000
202200020964;30;4;2022;21:40;5;17;2;1;1;7;46,1525400000; -1,1393700000
202200020965;11;3;2022;18:30;1;95;1;1;2;4;49,0124099165;2,1505308151
202200020966;21;12;2022;11:00;1;34;2;5;7;6;43,5610310000;4,0770440000
202200020967;22;5;2022;11:00;1;15;2;1;1;6;44,9160100000;2,4320000000
202200020968;20;12;2022;14:10;1;84;1;5;1;3;43,8834880000;4,9733200000
202200020969;11;3;2022;00:50;3;94;1;1;1;6;48,8302008945;2,4957669959
202200020970;24;5;2022;10:45;1;13;2;2;1;3;43,6414700000;5,1031700000
202200020971;19;12;2022;10:34;1;83;1;3;1;1;43,1923080000;5,7626940000
202200020972;17;12;2022;09:40;1;83;2;3;1;6;43,5274940000;6,8177840000
202200020973;25;5;2022;23:30;5;13;2;2;1;3;43,3263900000;5,4215000000
202200020974;22;12;2022;06:30;3;06;1;1;5;5;43,7954120000;7,3537960000
202200020975;22;12;2022;14:40;1;05;1;1;1;7;44,2048200000;5,8916540000
202200020976;25;5;2022;18:55;1;13;2;1;1;3;43,3184800000;5,3797000000
202200020977;10;3;2022;13:05;1;33;2;2;1;3;44,6605200000; -1,1726500000
202200020978;17;12;2022;09:15;1;04;2;1;7;6;44,3984630000;6,6423140000
202200020979;25;5;2022;11:10;1;13;2;9;1;3;43,3010800000;5,3641800000
202200020980;18;12;2022;21:20;5;25;1;2;1;3;47,4696680000;6,3798810000
202200020981;24;5;2022;22:30;5;13;2;1;1;7;43,3283700000;5,4256600000
202200020982;9;3;2022;18:50;2;59;2;1;1;6;50,6268451613;3,1121197343
202200020983;19;12;2022;09:40;1;71;1;1;1;6;46,5124340000;3,9559800000
202200020984;10;12;2022;06:37;2;52;1;1;1;7;48,0200710000;5,2342990000
202200020985;24;5;2022;23:30;5;13;2;3;1;2;43,2875400000;5,3697000000
202200020986;18;12;2022;02:15;3;10;2;1;1;6;48,5374910000;4,0648730000
202200020987;8;3;2022;16:53;1;05;2;1;1;6;44,5382300000;6,0607300000
202200020988;14;12;2022;07:40;2;68;2;2;8;6;48,0404680000;7,5451340000
202200020989;24;5;2022;22:00;5;13;2;1;1;1;43,2558469033;5,3939437685
202200020990;20;12;2022;11:55;1;88;2;1;1;6;48,3549090000;5,6926880000
202200020991;21;1;2022;08:50;2;62;2;1;2;6;50,4268600000;2,9295300000
202200020992;24;5;2022;16:30;1;13;2;9;1;3;43,3756377752;5,3430984558
202200020993;20;12;2022;17:15;3;55;1;1;2;1;49,2694390000;5,4843720000
202200020994;18;12;2022;19:10;5;73;2;1;1;6;45,2756596723;6,3462312520
202200020995;10;3;2022;17:15;1;988;2;1;1;6; -22,2734400000;166,4457800000
202200020996;15;12;2022;17:53;5;73;2;1;2;6;45,4779700000;6,5277940000
202200020997;20;12;2022;06:52;2;38;2;8;1;3;45,5701780000;5,3072550000
202200020998;19;12;2022;17:48;1;26;2;1;1;1;44,3820840000;4,7097910000
202200020999;22;12;2022;01:15;3;07;1;1;1;6;45,0393090000;4,8257450000
202200021000;10;3;2022;07:20;1;974;2;1;1;2; -21,3029490000;55,4301390000
202200021001;19;12;2022;11:00;1;69;1;1;1;1;45,8939730000;4,6730630000
202200021002;10;3;2022;22:10;5;974;2;1;1;7; -20,8767000000;55,4472500000
202200021003;20;12;2022;14:20;1;69;1;2;8;3;45,7477981730;4,6116873622
202200021004;10;3;2022;08:15;1;974;2;1;1;7; -20,8933300000;55,4704700000
202200021005;21;12;2022;10:48;1;69;2;1;7;6;45,6934180000;4,7943410000
202200021006;20;12;2022;08:10;2;81;1;3;1;7;43,6781700000;1,7454790000
202200021007;10;3;2022;07:26;1;973;2;1;1;3;4,9319806829; -52,3074102402
202200021008;18;12;2022;15:30;1;09;2;1;7;6;42,9954630000;1,8754100000
202200021009;10;3;2022;19:00;5;69;2;1;1;3;45,7409900000;4,8626700000
202200021010;19;12;2022;15:10;1;86;1;1;1;6;46,6443720000;0,1871510000
202200021011;19;12;2022;02:50;3;86;1;1;1;6;46,6789560000;0,3884130000
202200021012;9;3;2022;09:50;1;69;2;2;1;3;45,7728800000;4,8420900000
202200021013;29;11;2022;15:06;1;47;1;3;1;3;44,5021680000;0,2405830000
202200021014;10;3;2022;07:35;1;972;2;1;2;6;14,6051000000; -61,0603300000
202200021015;12;12;2022;13:45;1;47;2;1;2;7;44,5359040000;0,1399040000
202200021016;10;3;2022;18:05;1;69;2;3;1;6;45,7383700000;4,8215900000
202200021017;20;12;2022;13:35;1;85;1;1;1;7;46,7591850000; -1,4979359000
202200021018;30;10;2022;20:00;5;85;2;1;2;3;46,7802520000; -1,4307170000
202200021019;10;3;2022;08:55;1;69;2;1;1;3;45,7833400000;4,8445400000
202200021020;9;3;2022;17:15;1;69;2;3;1;3;45,7795900000;4,8115500000
202200021021;19;12;2022;07:15;3;49;1;3;1;3;47,1644650000; -1,0803560000
202200021022;20;12;2022;13:25;1;49;1;1;2;6;47,4360130000; -0,2233960000
202200021023;9;3;2022;14:30;1;971;2;1;1;4;16,2070000000; -61,4845500000
202200021024;16;12;2022;17:10;3;14;1;1;1;6;48,9048510000; -0,1813120000
202200021025;8;3;2022;07:30;1;971;2;1;1;6;16,2681522173; -61,5072208643
202200021026;18;12;2022;13:45;1;29;2;1;3;6;48,2322410000; -4,4998670000
202200021027;21;12;2022;12:15;1;35;2;6;2;3;48,2578950000; -1,4004300000
202200021028;9;3;2022;11:55;1;971;2;3;1;6;16,0444506983; -61,5651994944
202200021029;19;12;2022;14:30;1;27;2;1;1;7;49,2307420000;1,2470390000
202200021030;22;12;2022;18:45;3;60;1;1;2;1;49,3098617719;2,2004669569
202200021031;10;3;2022;14:15;1;2A;1;6;1;3;41,9297938834;8,7609883547
202200021032;7;12;2022;07:56;3;59;1;1;3;2;50,1012030000;3,5114190000
202200021033;6;3;2022;12:30;1;95;2;3;1;2;48,9819268779;2,2928783298
202200021034;10;3;2022;08:45;1;91;2;1;1;3;48,7060520000;2,3724440000
202200021035;18;12;2022;19:35;3;59;2;3;3;6;50,6449550000;2,7210180000
202200021036;20;12;2022;20:20;5;13;1;1;1;2;43,3771900000;5,3579000000
202200021037;8;3;2022;16:25;1;90;2;3;1;3;47,6490000000;6,8550000000
202200021038;20;12;2022;17:14;3;13;1;1;1;7;43,2199264430;5,5810417704
202200021039;19;12;2022;16:50;3;13;1;1;1;3;43,3805950000;5,2139590000
202200021040;9;3;2022;16:38;1;87;2;2;1;3;45,8266100000;1,2579600000
202200021041;17;12;2022;22:25;3;13;1;1;1;7;43,3358220000;5,3525790000
202200021042;9;3;2022;15:45;1;87;2;1;1;6;45,8271500000;1,2620700000
202200021043;16;12;2022;10:35;1;13;1;1;1;4;43,3664345541;5,3608052872
202200021044;18;12;2022;22:19;3;83;1;1;1;3;43,1243540000;5,8723620000
202200021045;9;3;2022;13:49;1;87;1;3;1;2;45,8918700000;1,1778500000
202200021046;19;12;2022;21:30;5;69;1;1;1;7;45,7927400000;4,8730500000
202200021047;17;12;2022;00:50;5;69;1;1;1;2;45,7674300000;4,7965900000
202200021048;8;3;2022;18:31;1;85;2;1;1;6;46,5002900000; -1,7778800000
202200021049;22;2;2022;08:45;1;84;2;1;1;6;43,9531800000;4,8325200000
202200021050;17;12;2022;02:50;3;57;1;9;1;5;49,1796600000;6,1774400000
202200021051;21;12;2022;22:10;5;33;1;1;1;3;44,7892910330; -0,6209345889
202200021052;10;3;2022;10:25;1;83;2;1;1;6;43,1285230000;5,9140000000
202200021053;21;12;2022;15:43;1;33;1;1;1;6;44,7193700000; -0,5217200000
202200021054;9;3;2022;17:20;1;83;2;1;1;3;43,1350700000;5,9009800000