Accident_Id;jour;mois;an;hrmn;lum;dep;agg;int;atm;col;lat;long
202200021055;21;12;2022;02:40;3;33;1;1;1;1;44,8680400000; -0,4939580000
202200021056;20;12;2022;20:30;5;33;1;1;2;6;44,7807130503; -0,5793195963
202200021057;18;12;2022;22:05;5;33;1;1;1;2;45,0063000000; -0,4274580000
202200021058;19;12;2022;04:15;5;62;1;1;2;7;50,4867500000;2,9860600000
202200021059;9;3;2022;11:50;1;83;2;1;1;1;43,5294620000;6,4560320000
202200021060;14;12;2022;13:00;1;59;1;1;1;4;50,7390500000;3,1331600000
202200021061;10;3;2022;22:34;5;79;2;2;1;3;46,3360310000; -0,4520100000
202200021062;21;12;2022;04:20;3;91;1;1;2;7;48,7120300000;2,2845500000
202200021063;8;3;2022;10:00;1;78;2;1;1;6;48,9984480000;1,6769080000
202200021064;19;12;2022;09:30;1;91;1;1;1;2;48,6969600000;2,3157700000
202200021065;18;12;2022;07:04;5;91;2;1;1;3;48,7189700000;2,2989000000
202200021066;10;3;2022;05:20;5;78;2;6;1;3;48,9617300000;2,0596200000
202200021067;18;12;2022;02:30;3;94;1;1;1;2;48,7763427485;2,3462651211
202200021068;9;3;2022;08:00;1;77;2;3;1;2;48,8533500000;2,8168800000
202200021069;9;3;2022;17:15;1;72;2;6;1;3;47,9756043678;0,2175986765
202200021070;19;12;2022;17:15;3;78;1;1;2;4;48,8526600000;2,0635800000
202200021071;18;12;2022;07:35;3;78;1;1;1;1;48,9694640000;1,9147310000
202200021072;9;3;2022;17:40;1;72;2;6;1;3;47,9732600000;0,2001400000
202200021073;5;3;2022;00:26;5;72;2;9;1;6;48,0064200000;0,1927700000
202200021074;17;12;2022;23:20;3;78;1;1;1;2;48,9237600000;2,0002300000
202200021075;21;12;2022;18:15;3;93;1;1;2;3;48,9128400000;2,4360700000
202200021076;10;3;2022;06:45;2;69;2;1;2;3;45,7835600000;5,0129000000
202200021077;21;12;2022;13:10;1;95;1;1;1;5;48,9869273615;2,5071343804
202200021078;10;3;2022;07:50;1;69;2;6;1;3;45,9939000000;4,7346200000
202200021079;19;12;2022;17:30;5;93;1;1;1;2;48,9161940878;2,3577797413
202200021080;19;12;2022;11:50;1;93;1;1;1;7;48,9192000000;2,3575100000
202200021081;25;2;2022;17:10;1;68;2;1;1;1;47,5890200000;7,5540100000
202200021082;19;12;2022;09:15;1;93;1;1;2;2;48,8696602928;2,4297243504
202200021083;19;12;2022;02:10;3;93;1;1;2;6;48,9607700000;2,4682400000
202200021084;18;12;2022;22:20;3;93;1;1;2;3;48,9728000000;2,4924300000
202200021085;10;3;2022;07:22;1;67;1;3;1;3;48,5147100000;7,7060100000
202200021086;18;12;2022;05:45;3;93;1;1;1;5;48,9200811595;2,4791443348
202200021087;9;3;2022;17:16;1;67;2;3;1;3;48,6152200000;7,7274600000
202200021088;18;12;2022;04:30;5;93;1;1;1;2;48,9134400000;2,3578900000
202200021089;9;3;2022;08:44;1;67;2;1;1;3;48,8136500000;7,7840900000
202200021090;18;12;2022;03:20;3;93;1;1;1;6;48,9049641803;2,4719104171
202200021091;17;12;2022;21:35;3;93;1;1;1;4;48,8808658662;2,4751941032
202200021092;17;12;2022;18:00;3;93;1;1;1;3;48,8657818159;2,4124591769
202200021093;10;3;2022;18:15;1;64;1;3;1;5;43,3359600000; -0,3636300000
202200021094;21;12;2022;19:20;3;94;1;1;2;4;48,8071293380;2,4487169744
202200021095;10;3;2022;19:43;5;64;2;2;1;1;43,3081200000; -0,3765600000
202200021096;20;12;2022;21:30;3;94;1;1;2;3;48,8577784448;2,4875039050
202200021097;20;12;2022;16:20;2;94;1;1;1;3;48,7894964088;2,4402226391
202200021098;8;3;2022;13:10;1;64;2;2;2;3;43,4970600000; -1,5067000000
202200021099;20;12;2022;14:15;1;94;1;1;2;2;48,7719567548;2,3956891381
202200021100;20;12;2022;07:30;1;77;1;1;1;2;48,7297000000;2,6078200000
202200021101;10;3;2022;21:00;5;59;2;2;1;3;50,6089235002;3,0148619413
202200021102;18;12;2022;00:30;3;77;1;1;1;6;48,8292400000;2,7189000000
202200021103;9;3;2022;18:35;5;59;2;1;1;2;50,6076800000;3,0592600000
202200021104;9;3;2022;22:54;5;56;2;1;1;6;47,7572800000; -3,3647100000
202200021105;18;8;2022;08:15;1;14;1;3;1;3;49,3120480000;0,0460260000
202200021106;4;7;2022;08:30;1;14;2;9;8;6;49,1412660000; -0,3384220000
202200021107;9;3;2022;11:40;1;54;2;1;1;1;48,7031590966;6,1463570595
202200021108;11;9;2022;06:15;2;59;2;2;1;6;50,6974611595;3,2054382563
202200021109;24;9;2022;19:40;2;36;1;1;1;6;46,7262190000;1,5380450000
202200021110;10;3;2022;19:20;5;51;2;1;1;7;49,2488800000;4,0655100000
202200021111;15;10;2022;17:40;1;74;1;1;1;7;45,7825040000;6,2268230000
202200021112;12;10;2022;17:55;1;74;1;1;1;6;46,2712600000;6,5136370000
202200021113;10;3;2022;10:20;1;51;2;1;1;2;49,2419845842;4,0242227912
202200021114;12;10;2022;16:15;1;74;2;1;1;1;45,9185500000;6,0829070000
202200021115;9;3;2022;19:40;2;50;2;1;1;2;49,6296000000; -1,6180000000
202200021116;1;10;2022;22:00;5;74;1;1;2;1;45,7559590000;6,2715890000
202200021117;11;7;2022;20:50;1;62;2;1;1;6;50,4098330000;1,5996930000
202200021118;9;3;2022;16:05;1;49;2;1;1;6;47,4668500000; -0,5487500000
202200021119;17;12;2022;12:30;1;75;2;1;1;2;48,8166560000;2,3375740000
202200021120;9;3;2022;08:54;1;49;2;1;1;7;47,4781200000; -0,5968200000
202200021121;9;3;2022;17:20;1;47;2;1;1;6;44,2062000000;0,6335500000
202200021122;16;12;2022;20:24;5;75;2;3;1;3;48,8221130000;2,3303400000
202200021123;10;3;2022;17:20;1;45;2;1;1;2;47,8982700000;1,8713700000
202200021124;17;12;2022;17:10;5;75;2;2;1;6;48,8640600000;2,3991320000
202200021125;17;12;2022;15:30;1;75;2;3;1;3;48,8345470000;2,3057900000
202200021126;9;3;2022;14:10;1;45;2;2;1;3;48,0020890000;2,7373950000
202200021127;16;12;2022;15:50;1;75;2;5;1;6;48,8419503766;2,3297131062
202200021128;9;3;2022;11:55;1;43;2;1;1;3;45,0522700000;3,9155300000
202200021129;17;12;2022;18:10;5;75;2;1;1;3;48,8202500000;2,3440030000
202200021130;21;1;2022;16:10;1;42;2;6;1;3;45,4209600000;4,4121300000
202200021131;17;12;2022;17:00;1;75;2;1;1;5;48,8394070000;2,3776470000
202200021132;19;2;2022;12:25;1;42;1;1;1;3;45,4452000000;4,4246000000
202200021133;16;12;2022;17:05;3;75;2;4;1;5;48,8186330000;2,4430180000
202200021134;17;12;2022;16:20;1;75;2;2;1;6;48,8741810000;2,3269430000
202200021135;4;3;2022;16:00;1;42;2;1;1;5;45,4643684563;4,3820915222
202200021136;16;12;2022;23:40;5;75;2;7;1;6;48,8836250465;2,3326179385
202200021137;10;3;2022;08:45;1;33;2;1;2;3;44,8504800000; -0,5959400000
202200021138;17;12;2022;20:10;5;75;2;2;1;3;48,8644430000;2,3515440000
202200021139;9;3;2022;17:45;1;33;2;1;1;7;44,8264000000; -0,6716900000
202200021140;17;12;2022;06:30;5;75;2;2;1;6;48,8558040000;2,3684930000
202200021141;17;12;2022;01:45;5;94;2;1;1;2;48,7490400000;2,4555900000
202200021142;9;3;2022;16:35;1;33;2;6;1;1;44,8585700000; -0,6772500000
202200021143;17;12;2022;19:05;5;94;2;1;1;3;48,7445700000;2,4068000000
202200021144;10;3;2022;18:10;1;27;2;3;1;2;49,0228600000;1,1406700000
202200021145;17;12;2022;19:57;5;93;2;2;8;1;48,9397770000;2,5147420000
202200021146;7;3;2022;17:26;1;24;1;3;1;3;45,2293600000;0,6556000000
202200021147;17;12;2022;11:46;1;93;2;1;8;3;48,9158400000;2,3309100000
202200021148;5;3;2022;15:30;1;13;1;1;1;3;43,4583300000;4,9486800000
202200021149;17;12;2022;19:30;5;93;2;2;1;6;48,8576000000;2,4333800000
202200021150;10;3;2022;16:50;1;13;2;1;1;3;43,3140000000;5,3708500000
202200021151;17;12;2022;14:20;1;93;2;3;1;5;48,9115200000;2,5189400000
202200021152;10;3;2022;16:00;1;13;2;3;1;1;43,3244900000;5,4555600000
202200021153;17;12;2022;01:30;5;93;2;1;1;5;48,8843050000;2,5009680000
202200021154;17;12;2022;20:15;5;92;2;1;1;7;48,8237520759;2,1854580045
202200021155;10;3;2022;11:45;1;13;2;1;1;3;43,3425100000;5,4202400000
202200021156;17;12;2022;12:15;1;92;2;1;8;6;48,8423141372;2,2212477922
202200021157;18;12;2022;14:45;1;974;2;2;1;3; -21,0777730000;55,2685210000
202200021158;9;3;2022;11:10;1;13;2;1;1;2;43,3000000000;5,4300000000
202200021159;16;12;2022;09:30;1;37;2;3;1;3;47,1026920000;0,3139100000
202200021160;8;3;2022;19:10;5;13;2;1;1;4;43,3533700000;5,3685700000
202200021161;17;12;2022;22:35;3;83;1;1;1;6;43,5172570000;6,3394760000
202200021162;9;3;2022;14:12;1;10;2;3;1;3;48,2897000000;4,0400889000
202200021163;17;12;2022;21:00;5;49;2;2;1;3;47,5725100000; -0,3557660000
202200021164;6;3;2022;12:50;1;07;2;6;1;6;44,9332100000;4,8823800000
202200021165;18;12;2022;17:50;3;76;2;1;3;6;49,8343910000;1,4004670000
202200021166;1;12;2022;22:00;5;974;2;6;1;6; -21,2741590000;55,5175640000
202200021167;9;3;2022;14:55;1;07;2;1;1;3;44,9344600000;4,8773100000
202200021168;18;12;2022;01:45;3;68;2;6;4;7;47,7832240000;7,5034530000
202200021169;10;3;2022;14:30;1;06;2;1;1;7;43,6545180000;6,9430020000
202200021170;17;12;2022;03:44;3;21;1;1;1;6;47,3370033090;4,9561415387
202200021171;18;12;2022;04:15;5;22;2;1;1;6;48,2667770000; -2,1598700000
202200021172;18;12;2022;03:50;3;66;1;1;1;6;42,7399431684;2,9411494732
202200021173;10;3;2022;08:10;1;06;2;1;1;3;43,6389250000;6,9499650000
202200021174;19;11;2022;05:30;5;69;1;3;1;3;45,6719320000;4,8291510000
202200021175;9;3;2022;10:45;1;06;2;1;1;3;43,6942600000;7,1846900000
202200021176;17;12;2022;23:00;5;82;2;1;1;6;44,1430900000;1,4226490000
202200021177;17;12;2022;14:30;1;89;1;1;1;2;48,3167410000;3,2129440000
202200021178;9;3;2022;17:00;1;05;2;1;1;3;44,5368500000;6,0541100000
202200021179;18;12;2022;01:00;4;55;2;1;9;6;48,7199810000;5,2711060000
202200021180;17;12;2022;06:30;3;22;1;1;9;7;48,3277780000; -3,0436700000
202200021181;17;12;2022;09:10;1;44;2;1;1;6;47,3703890000; -1,1788850000
202200021182;9;3;2022;14:45;1;03;2;2;1;3;46,3368800000;2,5744700000
202200021183;10;3;2022;14:55;1;75;2;7;1;1;48,8639200000;2,4005140000
202200021184;17;12;2022;20:40;5;31;1;3;1;3;43,7628070000;1,4068190000
202200021185;18;12;2022;08:50;2;16;1;1;1;6;45,7261890000;0,3962730000
202200021186;10;3;2022;19:35;5;75;2;2;1;6;48,8916780000;2,3446080000
202200021187;17;12;2022;22:20;3;16;1;1;1;6;45,7541400000;0,3904220000
202200021188;18;12;2022;13:00;1;40;1;9;1;7;43,9878280000; -0,3595450000
202200021189;17;12;2022;18:55;3;85;1;1;1;5;46,4541190000; -1,4195039000
202200021190;10;3;2022;08:30;1;75;2;3;1;6;48,8921560000;2,3463540000
202200021191;10;3;2022;16:30;1;75;2;3;1;6;48,8359430000;2,2885470000
202200021192;11;12;2022;19:40;5;27;2;2;1;3;49,3555240000;0,8187340000
202200021193;10;3;2022;11:40;1;75;2;3;1;3;48,8353760000;2,2669290000
202200021194;10;3;2022;15:40;1;75;2;3;1;2;48,8280300000;2,3214660000
202200021195;10;3;2022;19:10;5;75;2;1;1;3;48,8170980000;2,3601050000
202200021196;10;3;2022;09:20;1;75;2;3;1;6;48,8623480000;2,3853930000
202200021197;9;3;2022;22:50;5;75;2;7;1;3;48,8647150000;2,3013600000
202200021198;10;3;2022;14:45;1;75;2;2;1;3;48,8624850000;2,3633400000
202200021199;10;3;2022;20:00;5;94;2;1;1;3;48,7837800000;2,4011600000
202200021200;10;3;2022;08:30;1;94;2;2;1;6;48,7928600000;2,3931500000
202200021201;5;9;2022;08:15;1;93;2;3;1;6;48,8463300000;2,5535000000
202200021202;10;3;2022;16:15;1;94;2;2;1;3;48,7940367879;2,5073901415
202200021203;4;9;2022;13:10;1;93;2;1;1;3;48,9325792948;2,4256711844
202200021204;10;3;2022;18:00;1;94;2;1;1;3;48,8409599352;2,4824509619
202200021205;10;3;2022;12:25;1;94;2;3;1;6;48,8108200000;2,3419600000
202200021206;5;9;2022;11:55;1;93;2;2;1;3;48,9081200000;2,5336000000
202200021207;8;3;2022;14:48;1;94;2;9;1;2;48,8081000000;2,3571300000
202200021208;4;9;2022;15:45;1;92;2;1;1;3;48,8262182796;2,2206088900
202200021209;10;3;2022;13:00;1;94;2;1;1;6;48,8114700000;2,3838300000
202200021210;5;9;2022;17:57;1;92;2;9;1;6;48,8012688169;2,2869248986
202200021211;8;3;2022;21:40;5;94;2;3;1;3;48,8179900000;2,4017300000
202200021212;5;9;2022;16:00;1;92;2;2;1;7;48,8931810236;2,2867339253
202200021213;10;3;2022;08:36;1;94;1;9;1;3;48,7537400000;2,3597500000
202200021214;5;9;2022;08:30;1;92;2;1;1;3;48,8256337901;2,2770146727
202200021215;3;9;2022;08:00;1;92;2;1;1;7;48,9284030000;2,2990930000
202200021216;10;3;2022;13:20;1;94;2;6;1;2;48,8524200000;2,4819500000
202200021217;5;9;2022;14:15;1;92;2;1;1;7;48,8343720000;2,2464970000
202200021218;10;3;2022;22:10;5;94;2;2;1;3;48,7740400000;2,4153800000
202200021219;31;8;2022;17:30;1;60;2;1;1;6;49,5506933379;2,5017553568
202200021220;10;3;2022;17:54;1;93;2;3;1;6;48,9031300000;2,3339700000
202200021221;5;9;2022;22:40;5;65;2;1;1;6;43,0158850000;0,5894690000
202200021222;3;9;2022;10:30;1;26;1;1;1;6;45,0888840000;4,9495980000
202200021223;10;3;2022;20:05;5;93;2;2;1;3;48,8880000000;2,4980000000
202200021224;6;9;2022;06:15;2;02;1;1;1;2;49,8611510000;3,2357150000
202200021225;10;3;2022;08:15;1;93;2;3;1;3;48,8468900000;2,5692800000
202200021226;7;8;2022;10:15;1;45;1;1;1;2;48,0172300000;2,5901770000
202200021227;10;3;2022;00:51;5;93;2;1;1;3;48,9208300000;2,4534400000
202200021228;6;9;2022;08:50;1;71;1;1;3;7;46,6806140000;4,9546570000
202200021229;10;3;2022;07:14;2;92;2;1;1;6;48,8784200000;2,1824600000
202200021230;10;3;2022;11:40;1;92;2;1;1;3;48,8844112815;2,1930465102
202200021231;4;9;2022;21:00;3;19;1;1;1;1;45,2226320000;1,4276220000
202200021232;10;3;2022;18:00;1;92;2;5;1;3;48,8185138600;2,3195933998
202200021233;5;9;2022;15:35;1;56;1;1;1;1;47,6032980000; -2,3603010000
202200021234;10;3;2022;10:00;1;92;2;1;1;2;48,9290924972;2,3103904724
202200021235;4;9;2022;19:00;1;56;1;1;1;6;47,7732650000; -2,9202860000
202200021236;10;3;2022;09:30;1;92;2;3;1;3;48,9013090000;2,2599780000
202200021237;5;9;2022;21:50;3;74;1;1;1;1;46,1561650000;6,3703400000
202200021238;9;3;2022;10:30;1;92;2;7;1;3;48,7940622910;2,2726512551
202200021239;3;7;2022;17:44;1;82;2;3;1;3;44,1238400000;0,8300690000
202200021240;11;3;2022;15:55;1;39;2;1;1;6;46,7402760000;5,9153020000
202200021241;6;9;2022;11:50;1;65;2;9;7;6;43,1032230000;0,3853580000
202200021242;6;3;2022;00:37;3;17;1;1;1;7;45,8734570000; -0,8277510000
202200021243;6;9;2022;07:12;1;71;1;4;2;3;46,4212850000;4,7560930000
202200021244;7;3;2022;17:20;1;49;1;1;1;4;47,6785220000; -0,2428360000
202200021245;10;3;2022;09:00;1;31;1;1;1;7;43,4807330000;1,2162420000
202200021246;5;9;2022;22:15;3;55;1;1;1;1;49,0104510000;5,4574960000
202200021247;1;9;2022;03:20;3;55;1;1;1;6;48,6849830000;5,3117610000
202200021248;20;2;2022;13:30;1;31;2;1;2;3;43,6102790000;1,5196650000
202200021249;4;9;2022;15:00;1;42;1;1;1;7;45,7847986447;3,8908338547
202200021250;10;3;2022;15:58;1;67;1;1;1;7;48,2469040000;7,3473430000
202200021251;11;3;2022;12:30;1;11;1;1;8;6;43,2512120000;2,8165770000
202200021252;6;9;2022;11:00;1;39;1;2;3;3;46,5558210000;6,0134160000
202200021253;10;3;2022;18:20;2;11;1;1;1;3;43,2654330000;2,7177270000
202200021254;20;8;2022;18:17;1;29;1;1;1;7;47,8144730000; -4,2400090000
202200021255;9;3;2022;13:15;1;64;1;1;1;1;43,4082260000; -0,5283080000
202200021256;5;9;2022;06:30;5;29;1;6;8;6;48,0118250000; -4,1975790000
202200021257;30;8;2022;13:20;1;03;1;1;3;7;46,4630000000;3,0186000000
202200021258;9;3;2022;17:20;1;59;2;6;1;1;50,6809496516;2,8602501154
202200021259;5;9;2022;11:40;1;70;1;1;1;6;47,5960400000;5,8547070000
202200021260;10;3;2022;18:45;3;59;1;9;1;3;50,9150863238;2,4072811603
202200021261;5;9;2022;14:40;1;58;2;1;1;6;47,2791270000;3,5469530000
202200021262;11;3;2022;18:00;1;30;1;3;1;3;44,0283000000;4,7368450000
202200021263;6;9;2022;09:55;1;06;1;1;1;1;43,7357740000;7,3748870000
202200021264;6;3;2022;21:30;3;22;1;1;1;7;48,3047850000; -2,1420440000
202200021265;5;9;2022;17:55;1;06;1;1;1;1;43,6628180000;6,9760870000
202200021266;6;9;2022;08:40;1;14;2;6;1;7;49,1403370000; -0,0089690000
202200021267;6;9;2022;08:00;1;60;1;1;1;7;49,3092990000;2,7306730000
202200021268;11;3;2022;18:30;5;62;2;1;2;6;50,1810320000;3,1164360000
202200021269;8;3;2022;16:00;1;31;1;1;1;6;43,5197160000;1,3138970000
202200021270;5;9;2022;17:30;1;24;1;1;1;1;44,8573670000;1,2574950000
202200021271;11;3;2022;16:35;1;95;2;1;2;6;49,1251366741;2,3685675859
202200021272;3;9;2022;16:00;1;85;1;1;1;7;46,7838310000; -1,2440293000
202200021273;5;9;2022;11:20;1;87;2;1;1;3;45,7700410000;0,9552260000
202200021274;10;3;2022;19:25;3;51;1;1;1;3;48,9276781724;4,0295147896
202200021275;6;9;2022;03:40;3;78;1;1;1;1;48,8701910000;1,9657260000
202200021276;10;3;2022;19:00;3;95;1;1;1;3;48,9955830000;2,5012340000
202200021277;10;3;2022;11:35;1;56;1;1;7;6;47,7760500000; -3,4942370000
202200021278;5;9;2022;22:35;3;82;1;1;1;2;43,9637333503;1,3295941879
202200021279;11;3;2022;07:40;1;76;2;1;1;6;49,5023550000;1,1566860000
202200021280;5;9;2022;06:55;2;45;1;1;1;3;47,9355700000;1,8489270000
202200021281;5;9;2022;13:25;1;975;2;2;1;3;46,7797480000; -56,1747050000
202200021282;11;3;2022;16:00;1;61;2;3;1;3;48,7401510000;0,5451000000
202200021283;1;9;2022;11:05;1;37;2;1;1;6;47,1628236376;0,2492040396
202200021284;11;3;2022;14:35;1;55;1;1;1;2;49,1972000000;5,6499340000
202200021285;6;9;2022;16:40;1;78;1;1;1;7;48,6928550000;1,9643290000
202200021286;6;3;2022;16:15;1;41;2;1;1;7;47,2773330000;1,3802970000
202200021287;6;9;2022;09:10;1;66;2;3;7;1;42,6959470000;2,6942520000
202200021288;3;9;2022;17:00;1;83;2;9;1;1;43,1382400000;6,2356320000
202200021289;9;3;2022;13:50;1;39;1;1;1;1;46,6472230000;5,7644320000
202200021290;5;9;2022;18:55;1;83;1;9;1;1;43,2260931536;5,8104021549
202200021291;10;3;2022;15:00;1;03;1;1;1;7;46,6910650000;3,0357780000
202200021292;31;8;2022;21:48;3;06;1;1;2;1;43,9525610000;6,8838050000
202200021293;10;3;2022;08:00;1;72;2;1;1;6;47,8898770000;0,0285660000
202200021294;11;3;2022;04:00;3;50;1;6;1;7;49,2002530000; -1,5761730000
202200021295;6;9;2022;16:30;1;63;1;3;1;2;45,7536980000;3,2363100000
202200021296;11;3;2022;00:15;4;50;2;1;1;1;49,3935260000; -1,6650460000
202200021297;5;9;2022;20:45;3;33;2;1;1;3;44,9035050000; -0,2227900000
202200021298;11;3;2022;16:20;1;60;2;2;3;1;49,2153837121;2,4150513410
202200021299;5;9;2022;19:30;1;85;1;1;1;7;46,7914220000; -1,5060280000
202200021300;10;3;2022;12:10;1;53;1;1;1;6;48,3523710000; -0,2598740000
202200021301;11;3;2022;12:00;1;21;1;1;1;6;47,6133103442;4,3639926909
202200021302;18;8;2022;23:55;3;35;1;1;1;6;48,5882190000; -2,0689920000
202200021303;7;3;2022;06:53;3;40;1;1;1;2;43,9878900000; -0,3194400000
202200021304;11;3;2022;14:45;1;28;1;2;2;1;48,2007040000;1,9344410000
202200021305;6;9;2022;07:45;1;80;2;1;1;1;49,7024690000;2,9354450000
202200021306;11;3;2022;15:35;1;38;1;1;7;7;45,0455630000;5,6907030000
202200021307;11;3;2022;09:15;1;978;1;1;1;3;18,0981620000; -63,0436810000
202200021308;5;9;2022;09:33;1;33;1;1;1;4;44,7551620000; -0,6874640000
202200021309;11;3;2022;14:10;1;82;1;9;1;3;43,9992405000;1,2267653000
202200021310;5;9;2022;01:25;3;33;1;1;1;4;44,9746400000; -0,4336400000
202200021311;3;9;2022;21:10;3;78;1;1;1;6;48,9650700000;1,7561580000
202200021312;22;2;2022;19:45;3;53;1;3;1;5;48,1768593284; -0,6793759679
202200021313;4;9;2022;10:50;1;92;1;1;1;7;48,8832130858;2,1659121230
202200021314;11;3;2022;03:04;3;72;1;1;1;6;48,0607510000;0,3862810000
202200021315;5;3;2022;14:00;1;38;2;1;1;7;45,1687140000;5,6779550000
202200021316;3;9;2022;16:00;1;78;1;1;1;2;48,9273140000;1,9924240000
202200021317;11;3;2022;11:00;1;69;1;1;1;2;46,0655284380;4,7389268875
202200021318;5;9;2022;19:40;2;95;1;1;3;3;49,0212710501;2,1366316080
202200021319;31;1;2022;04:45;3;45;1;1;1;7;47,7732670000;2,3549800000
202200021320;5;9;2022;08:50;1;95;1;1;1;2;49,0528069803;2,4271550775
202200021321;11;3;2022;06:50;2;45;1;1;1;7;47,6701850000;2,6493570000
202200021322;9;3;2022;08:50;1;45;1;1;1;6;47,9053980000;2,1104110000
202200021323;4;9;2022;21:30;5;93;1;1;1;2;48,8704936302;2,4307930469
202200021324;11;3;2022;07:50;1;66;2;1;1;6;42,5984370000;2,9734540000
202200021325;5;9;2022;12:45;1;93;1;1;1;3;48,8612242569;2,4841007475
202200021326;11;3;2022;11:10;1;83;2;1;1;6;43,6241120000;6,6929250000
202200021327;2;3;2022;04:10;3;13;1;1;1;6;43,6766490000;5,7314170000
202200021328;5;9;2022;11:15;1;94;1;1;1;2;48,7573441717;2,5038444256
202200021329;10;3;2022;18:00;1;89;1;1;1;3;47,7504910000;3,6049640000
202200021330;5;9;2022;07:40;1;77;1;1;1;6;48,9706040000;2,5960860000
202200021331;5;9;2022;02:45;3;77;1;1;1;7;48,8363900000;2,6651400000
202200021332;10;3;2022;12:45;1;68;1;1;1;1;47,9692920000;7,2229750000
202200021333;28;4;2022;13:40;1;07;1;1;1;6;44,5051330000;4,5786370000
202200021334;7;3;2022;13:30;1;26;1;3;1;3;44,8874380000;5,0718320000
202200021335;10;3;2022;09:00;1;31;2;1;1;3;43,5399000000;1,3753620000
202200021336;4;9;2022;15:55;1;976;2;1;1;6; -12,7881700000;45,2202000000
202200021337;5;3;2022;14:20;1;22;1;6;1;1;48,4252710000; -2,8250210000
202200021338;3;9;2022;22:20;3;974;1;1;1;3; -21,3028500000;55,5011400000
202200021339;11;3;2022;16:25;1;22;1;1;1;6;48,5043080000; -2,6183620000
202200021340;4;9;2022;17:30;1;973;2;9;1;3;4,9213039557; -52,3222374916
202200021341;10;3;2022;23:30;5;59;1;1;1;1;50,3409317961;3,0959111452
202200021342;3;9;2022;22:25;5;973;2;2;1;3;4,9387887217; -52,3317177594
202200021343;10;3;2022;18:30;2;13;1;1;1;4;43,3981700000;5,1211360000
202200021344;4;9;2022;04:25;5;69;2;1;1;5;45,7736570377;4,8240548372
202200021345;10;3;2022;17:30;1;13;2;1;1;4;43,3282980000;5,4171840000
202200021346;10;3;2022;08:32;1;13;1;1;1;2;43,2833000000;5,5744000000
202200021347;4;9;2022;00:49;5;95;2;3;1;3;48,9852900000;2,3816200000
202200021348;10;3;2022;09:20;1;91;1;1;1;3;48,7598815661;2,2659771970
202200021349;9;3;2022;14:20;1;92;1;1;1;2;48,8199792498;2,2180296045
202200021350;4;9;2022;23:10;5;95;2;3;1;3;48,9556699850;2,2555258870
202200021351;10;3;2022;10:45;1;93;1;1;1;6;48,9040303465;2,3587319254
202200021352;2;9;2022;12:15;1;88;2;1;1;3;48,2833200000;6,9497300000
202200021353;10;3;2022;09:45;1;93;1;1;1;5;48,9371000000;2,4800100000
202200021354;4;9;2022;11:30;1;85;1;6;1;6;46,5109780000; -1,7040154300
202200021355;9;3;2022;17:15;1;93;1;1;1;2;48,9337300000;2,3909500000
202200021356;4;9;2022;03:40;3;82;1;1;1;6;44,0254760000;1,1455450000
202200021357;10;3;2022;21:25;3;94;1;1;1;6;48,7763093698;2,4351718690
202200021358;4;9;2022;12:57;1;77;2;1;1;6;48,8438200000;2,6165800000
202200021359;10;3;2022;09:10;1;94;1;1;1;2;48,7610300000;2,4897600000
202200021360;4;9;2022;03:20;5;76;2;2;1;6;49,4290200000;1,0716400000
202200021361;10;3;2022;09:15;1;93;1;1;1;2;48,8360480850;2,5559506947
202200021362;4;9;2022;02:18;5;74;2;1;1;6;46,1972300000;6,2523600000
202200021363;9;3;2022;17:40;1;77;1;1;1;6;48,8096582981;2,6302781794
202200021364;1;1;2022;22:40;4;19;2;1;1;6;45,1580100000;1,5571700000
202200021365;4;9;2022;20:10;5;72;2;2;1;3;47,9860500000;0,2252100000
202200021366;4;9;2022;18:30;1;69;2;1;1;6;45,7052300000;4,8692000000
202200021367;9;3;2022;16:00;1;27;2;2;1;6;49,0106200000;1,1660800000
202200021368;4;9;2022;06:40;2;67;1;1;1;6;48,7878000000;7,7362000000
202200021369;8;3;2022;17:35;1;29;2;3;1;6;48,4050050000; -4,4950540000
202200021370;10;1;2022;16:45;1;02;1;1;1;6;49,4225320000;3,4074780000
202200021371;3;9;2022;17:07;1;65;1;1;1;5;43,2430620000;0,0407880000
202200021372;9;3;2022;07:30;1;974;2;1;1;6; -20,8875600000;55,4724800000
202200021373;4;9;2022;14:52;1;64;2;3;1;3;43,3462200000; -1,7647100000
202200021374;9;3;2022;20:40;5;69;2;1;1;3;45,7535800000;4,8383400000
202200021375;4;9;2022;06:55;2;61;1;1;1;7;48,4413200000;0,0112100000
202200021376;9;3;2022;19:20;5;69;2;1;1;6;45,7719500000;4,8587700000
202200021377;4;9;2022;21:50;5;59;2;1;1;3;50,6675410072;3,0739644170
202200021378;9;3;2022;19:43;5;69;2;3;1;6;45,7175400000;4,8713700000
202200021379;9;3;2022;07:45;1;69;2;2;1;7;45,7372800000;4,8615800000
202200021380;3;9;2022;14:45;1;59;2;1;1;3;50,6174947823;3,0738759041
202200021381;4;9;2022;08:15;1;51;2;6;1;6;49,2867000000;4,0280600000
202200021382;4;9;2022;01:20;5;45;2;1;1;5;47,9374500000;1,9184600000
202200021383;4;9;2022;08:40;1;35;2;1;1;6;48,0873811285; -1,6584822536
202200021384;4;9;2022;00:55;5;34;2;2;1;3;43,6001700000;3,8945100000