Accident_Id;jour;mois;an;hrmn;lum;dep;agg;int;atm;col;lat;long
202200021385;4;9;2022;06:20;2;31;2;1;1;6;43,6276600000;1,4339800000
202200021386;4;9;2022;18:00;1;27;2;1;1;6;49,0302300000;1,1515900000
202200021387;4;9;2022;21:05;2;22;2;2;1;3;48,5381100000; -2,7322800000
202200021388;4;9;2022;06:05;3;22;2;1;1;-1;48,5087544436; -2,7936242223
202200021389;2;9;2022;16:00;1;16;2;1;1;6;45,6904460000; -0,3315000000
202200021390;4;9;2022;16:20;1;13;2;3;1;3;43,2891900000;5,3545900000
202200021391;4;9;2022;14:45;1;13;2;1;1;3;43,3100500000;5,4007800000
202200021392;4;9;2022;06:38;2;13;2;4;1;2;43,3208300000;5,3746700000
202200021393;4;9;2022;07:45;1;13;2;1;1;5;43,3450000000;5,3540000000
202200021394;4;9;2022;06:45;2;13;2;3;1;3;43,3247800000;5,4227200000
202200021395;3;9;2022;05:10;3;13;1;1;1;1;43,5931760000;4,9893950000
202200021396;3;9;2022;09:50;1;05;2;6;2;5;44,5622200000;6,0846200000
202200021397;3;9;2022;17:30;1;75;2;1;1;3;48,8973600000;2,3124310000
202200021398;1;9;2022;22:45;5;75;2;1;1;3;48,8963280000;2,3945690000
202200021399;4;9;2022;18:00;1;75;2;2;1;3;48,8772520000;2,4068570000
202200021400;4;9;2022;01:12;5;75;2;3;1;6;48,8205510000;2,3374220000
202200021401;4;9;2022;19:40;1;75;2;4;1;6;48,8416060000;2,3869320000
202200021402;4;9;2022;04:48;5;75;2;1;1;1;48,8511500000;2,3974020000
202200021403;3;9;2022;23:10;5;75;2;2;1;6;48,8720070000;2,3768190000
202200021404;4;9;2022;20:10;1;94;2;1;1;6;48,7613770000;2,3709200000
202200021405;4;9;2022;15:45;1;93;2;1;1;3;48,9357701987;2,3500003704
202200021406;4;9;2022;12:45;1;93;2;2;1;1;48,8755400000;2,5259400000
202200021407;4;9;2022;06:12;2;93;2;1;1;6;48,8830555438;2,4963769854
202200021408;3;9;2022;09:00;1;93;2;1;1;6;48,9047378031;2,4366823741
202200021409;3;9;2022;13:30;1;92;2;1;1;3;48,9123752270;2,2955363989
202200021410;5;9;2022;14:46;1;35;1;1;1;1;47,9853040000; -1,7054720000
202200021411;4;9;2022;16:35;1;22;2;1;1;3;48,6310880000; -2,9859150000
202200021412;4;9;2022;16:45;1;84;1;1;7;7;44,1818760000;5,1336340000
202200021413;5;9;2022;16:35;1;85;1;1;1;1;46,4654700000; -0,9363850000
202200021414;30;7;2022;22:05;3;972;1;1;1;3;14,5253160000; -60,9859980000
202200021415;4;9;2022;18:45;1;19;1;1;1;6;44,9539420000;1,8543080000
202200021416;5;9;2022;18:00;1;74;2;1;1;3;45,8176440000;6,1965090000
202200021417;5;9;2022;13:55;1;69;2;3;1;5;45,8332860000;4,8456260000
202200021418;4;9;2022;18:15;1;32;1;2;1;3;43,6884150000;0,2680570000
202200021419;5;9;2022;17:40;1;63;1;1;2;6;45,7070560000;3,2749340000
202200021420;5;9;2022;16:25;1;12;1;1;1;5;44,2590320000;2,7488990000
202200021421;3;9;2022;10:30;1;46;2;1;1;6;44,4757700000;1,3588710000
202200021422;5;9;2022;17:40;1;41;1;1;3;2;47,4832500000;2,0394660000
202200021423;4;9;2022;17:30;1;38;2;4;1;1;45,2876260000;5,5248250000
202200021424;3;9;2022;20:25;1;02;1;1;1;2;50,0213210000;3,4566490000
202200021425;4;9;2022;14:05;1;03;1;1;1;7;46,1836000000;2,5375520000
202200021426;4;9;2022;13:55;1;15;1;1;1;7;45,2757170000;2,6684980000
202200021427;5;9;2022;16:25;1;01;1;5;1;2;45,9430260000;5,8140370000
202200021428;3;9;2022;12:35;1;01;1;1;1;1;46,2292490000;4,9876800000
202200021429;4;9;2022;21:40;5;26;2;1;1;6;44,7506460000;5,3766810000
202200021430;4;9;2022;15:15;1;10;1;1;7;6;48,2359933111;4,3906903267
202200021431;4;9;2022;16:45;1;07;1;1;1;1;45,1367660000;4,3943380000
202200021432;3;9;2022;11:25;1;21;2;1;1;7;47,8558260000;4,5657580000
202200021433;3;9;2022;19:10;1;37;2;1;1;6;47,3506087091;0,8315706253
202200021434;5;9;2022;12:50;1;01;1;1;1;2;45,8607790000;5,1811900000
202200021435;5;9;2022;18:05;1;25;1;1;1;1;47,0520470000;6,3479950000
202200021436;10;8;2022;15:15;1;59;1;1;1;6;50,1447151876;3,1264954805
202200021437;4;9;2022;19:00;1;30;1;1;1;6;44,0233180000;4,7372800000
202200021438;4;9;2022;09:00;1;971;2;1;1;6;16,2625790000; -61,6446300000
202200021439;5;9;2022;01:30;5;66;2;2;1;6;42,6982260000;3,0270660000
202200021440;4;9;2022;10:14;1;68;1;1;1;3;47,8252470000;7,1839320000
202200021441;4;9;2022;15:04;1;88;1;1;1;7;48,2200000000;6,7350000000
202200021442;5;9;2022;13:35;1;69;1;1;1;6;45,8674890000;4,6602850000
202200021443;5;9;2022;09:30;1;31;2;3;1;1;43,5493880000;1,2424740000
202200021444;5;9;2022;17:55;1;31;1;1;2;3;43,6751510000;1,2053950000
202200021445;5;9;2022;06:30;2;79;1;3;1;3;46,4189890000; -0,1707600000
202200021446;5;9;2022;16:16;1;47;1;1;1;7;44,4836367625;0,1461374251
202200021447;4;9;2022;12:58;1;50;1;1;1;7;49,0726950000; -1,0225330000
202200021448;4;9;2022;16:45;1;76;1;1;1;6;49,5407120000;0,3432640000
202200021449;5;9;2022;08:45;1;60;2;2;1;6;49,2026890000;2,5985780000
202200021450;4;9;2022;18:15;1;13;1;1;1;6;43,4338133104;5,3947913647
202200021451;4;9;2022;12:52;1;13;1;1;1;3;43,3939400000;5,0617900000
202200021452;3;9;2022;12:14;1;13;1;1;1;3;43,3581883980;5,3626914472
202200021453;4;9;2022;14:30;1;94;1;1;1;2;48,7782722420;2,3460662672
202200021454;4;9;2022;07:00;2;91;1;1;1;2;48,6887700000;2,3243800000
202200021455;4;9;2022;08:00;1;95;1;1;1;6;49,0318587173;2,2000497580
202200021456;4;9;2022;16:00;1;94;1;1;1;4;48,8173718411;2,4349507992
202200021457;4;9;2022;07:40;1;77;1;1;1;6;48,8713150357;2,6704543073
202200021458;3;1;2022;09:00;1;59;1;1;1;3;50,6729590000;2,9829010000
202200021459;3;9;2022;13:45;1;93;2;3;1;6;48,9153500000;2,4263500000
202200021460;20;2;2022;19:00;5;13;1;1;1;5;43,4027304835;5,3563280403
202200021461;3;9;2022;12:25;1;976;2;3;1;3; -12,8198400000;45,1960200000
202200021462;3;9;2022;21:50;5;69;2;2;8;3;45,7324400000;4,8238700000
202200021463;2;9;2022;20:20;5;972;1;1;1;4;14,5964600000; -60,9927000000
202200021464;3;9;2022;10:50;1;972;2;9;1;3;14,6195700000; -61,0701000000
202200021465;3;9;2022;14:46;1;2B;2;1;1;5;42,6880000000;9,4470000000
202200021466;3;9;2022;15:49;1;2B;2;1;2;4;42,6503720097;9,4406514159
202200021467;3;9;2022;11:45;1;2A;2;3;1;3;41,9120200000;8,7226700000
202200021468;2;9;2022;16:39;1;91;2;3;1;6;48,6522000000;2,3076900000
202200021469;3;9;2022;22:17;5;91;2;1;1;2;48,7153800000;2,4472700000
202200021470;4;9;2022;00:50;5;81;2;3;1;3;43,6014250000;2,2521750000
202200021471;3;9;2022;01:45;5;78;2;1;1;7;48,9614500000;1,8508500000
202200021472;3;9;2022;13:10;1;74;2;3;8;2;46,1833010000;6,2410760000
202200021473;2;9;2022;09:10;1;74;2;1;1;2;46,1856700000;6,2758600000
202200021474;2;9;2022;23:00;5;71;2;3;2;3;46,2956600000;4,8161100000
202200021475;3;9;2022;10:50;1;61;2;1;1;1;48,4318100000;0,0745400000
202200021476;3;9;2022;22:25;5;59;2;1;1;6;50,7379300000;3,1637900000
202200021477;3;9;2022;19:30;1;59;2;3;2;3;50,7097194768;3,1529936939
202200021478;31;8;2022;08:30;1;59;2;3;1;1;50,6292360605;3,1546479464
202200021479;2;9;2022;20:08;2;54;2;1;1;5;48,6458020894;6,1855441332
202200021480;3;9;2022;17:17;1;54;1;1;1;1;49,5411470000;5,7921860000
202200021481;3;9;2022;18:30;1;49;2;1;1;7;47,4737100000; -0,5827300000
202200021482;3;9;2022;10:20;1;45;2;1;1;3;47,9086200000;1,9069600000
202200021483;3;9;2022;10:17;1;37;2;1;1;2;47,3772806338;0,7128828764
202200021484;3;9;2022;19:15;1;35;2;2;1;6;48,1146400000; -1,6570900000
202200021485;19;4;2022;18:35;1;91;1;1;1;3;48,7189480000;2,3702820000
202200021486;17;4;2022;19:30;1;87;2;1;1;7;45,8124200000;1,2405100000
202200021487;23;6;2022;21:10;5;93;2;1;1;2;48,9118647670;2,3796504736
202200021488;15;4;2022;17:17;1;87;2;1;1;7;45,8608500000;1,2396500000
202200021489;24;6;2022;00:30;5;92;2;1;1;7;48,8114330000;2,1829990000
202200021490;19;4;2022;20:15;2;83;2;4;1;3;43,1373265579;5,9961887598
202200021491;24;6;2022;12:30;1;92;2;9;2;3;48,8578900000;2,1953300000
202200021492;14;4;2022;20:45;1;80;2;1;1;3;49,9116400000;2,3057700000
202200021493;24;6;2022;14:00;1;92;2;1;1;6;48,8889395059;2,1971249431
202200021494;19;4;2022;10:42;1;78;2;1;1;6;48,9575500000;1,8476800000
202200021495;24;6;2022;02:10;5;92;2;1;1;7;48,8116900000;2,3262200000
202200021496;17;4;2022;18:30;1;76;2;1;1;6;49,5009200000;0,1795900000
202200021497;23;6;2022;08:40;1;92;2;2;1;6;48,8040700000;2,2886800000
202200021498;16;4;2022;19:40;1;76;2;1;1;6;49,4869200000;0,1036000000
202200021499;21;6;2022;09:08;1;92;2;1;1;3;48,8158193515;2,3107568621
202200021500;14;4;2022;18:45;1;76;2;4;1;6;49,5448000000;0,1007500000
202200021501;24;6;2022;17:30;1;92;2;3;1;2;48,8173386013;2,2612239718
202200021502;14;4;2022;11:00;1;71;2;2;1;6;46,8099400000;4,8424300000
202200021503;23;6;2022;10:40;1;92;2;1;1;2;48,9262935744;2,2434619814
202200021504;19;4;2022;07:37;2;66;1;6;1;3;42,6944000000;2,8502800000
202200021505;23;6;2022;14:45;1;92;2;2;1;3;48,9085198317;2,3001220375
202200021506;16;4;2022;12:15;1;64;2;3;1;3;43,3169700000; -0,4236800000
202200021507;24;6;2022;08:20;1;92;2;1;1;3;48,7916300000;2,2668000000
202200021508;19;4;2022;12:30;1;59;2;1;1;3;50,7717198790;3,0790847540
202200021509;24;6;2022;21:40;1;92;2;2;1;6;48,7961812633;2,3217338025
202200021510;19;4;2022;10:45;1;59;2;2;1;3;50,7273800000;3,1584500000
202200021511;19;6;2022;22:22;5;92;2;9;1;6;48,7949000000;2,3037700000
202200021512;24;6;2022;08:00;1;92;1;1;1;7;48,9142306079;2,2947652638
202200021513;16;4;2022;20:25;2;59;2;1;1;3;50,3869500000;3,0724400000
202200021514;23;6;2022;16:40;1;92;1;1;1;6;48,9323535900;2,2766423821
202200021515;14;4;2022;04:27;4;56;2;1;1;6;47,7640300000; -3,3675300000
202200021516;12;4;2022;23:35;3;56;1;1;1;6;47,7647970000; -3,4258210000
202200021517;23;6;2022;14:00;1;60;1;1;1;2;49,3896855385;2,1165204047
202200021518;24;6;2022;21:45;5;2A;2;3;1;6;41,9339163195;9,1543057859
202200021519;15;4;2022;20:17;1;54;2;2;1;3;48,6702600000;6,1582700000
202200021520;25;6;2022;05:30;2;80;1;1;2;6;50,0462270000;1,7631980000
202200021521;24;6;2022;21:24;2;41;2;3;1;6;47,5405700000;1,4463550000
202200021522;24;6;2022;17:00;1;71;1;1;1;6;46,5337680000;3,8416770000
202200021523;18;4;2022;18:00;1;42;1;1;1;5;45,4617400000;4,3267700000
202200021524;24;6;2022;13:55;1;76;1;1;1;2;49,6602610000;0,9122230000
202200021525;18;4;2022;23:15;5;42;2;1;1;6;45,4452300000;4,4028000000
202200021526;25;6;2022;16:00;1;06;1;1;1;3;43,7963530000;7,2075680000
202200021527;19;4;2022;13:35;1;38;2;9;1;3;45,1766400000;5,7321300000
202200021528;12;6;2022;06:55;2;59;1;1;1;2;50,6192283661;2,9579401016
202200021529;19;4;2022;19:20;1;37;2;1;1;6;47,3811500000;0,6681500000
202200021530;25;6;2022;04:05;3;44;1;1;8;6;47,4177510000; -1,8174110000
202200021531;25;6;2022;17:10;1;15;1;1;1;6;44,9762500000;3,1847020000
202200021532;19;4;2022;17:00;1;35;2;1;1;3;48,1191400000; -1,6351800000
202200021533;25;6;2022;12:55;1;31;2;2;1;3;43,5485170000;1,3509210000
202200021534;19;4;2022;07:15;1;35;2;6;1;3;48,1271200000; -1,6521100000
202200021535;24;6;2022;18:15;1;57;1;2;1;3;49,3284230000;6,1818050000
202200021536;19;4;2022;08:40;1;34;2;2;1;3;43,6083900000;3,9065700000
202200021537;24;6;2022;16:10;1;62;1;1;1;2;50,7334610000;1,7310120000
202200021538;19;4;2022;18:00;1;33;2;1;3;3;44,8417600000; -0,6652300000
202200021539;21;6;2022;02:45;4;76;1;1;1;6;49,6285854641;0,2604453563
202200021540;24;6;2022;18:30;1;82;1;3;1;3;44,0538910000;1,4472070000
202200021541;19;4;2022;19:00;1;33;2;2;2;3;44,8767766310; -0,6172059202
202200021542;25;6;2022;03:10;4;89;2;1;8;6;48,2955410000;3,3952290000
202200021543;24;6;2022;17:25;1;89;2;4;1;6;47,7431870000;2,8819960000
202200021544;19;4;2022;06:11;5;31;2;3;1;1;43,6162600000;1,4371700000
202200021545;25;6;2022;12:45;1;89;1;3;1;1;47,8717410000;3,5711740000
202200021546;18;4;2022;19:50;1;29;1;1;1;1;48,3607110000; -4,5329770000
202200021547;25;6;2022;03:25;3;49;2;1;1;6;47,7045700000; -0,8716860000
202200021548;25;6;2022;14:40;1;41;1;1;3;6;47,5242660000;2,0970160000
202200021549;18;4;2022;21:15;5;25;2;2;1;2;47,5044000000;6,7948100000
202200021550;25;6;2022;18:05;1;68;2;2;1;7;47,5939480000;7,2195120000
202200021551;15;4;2022;17:00;1;19;2;1;1;2;45,1629100000;1,5473100000
202200021552;24;6;2022;16:40;1;68;2;9;2;7;47,6766510000;7,2677460000
202200021553;19;4;2022;18:30;1;13;2;1;1;7;43,4442600000;5,2510900000
202200021554;25;6;2022;13:50;1;22;2;2;3;3;48,7167230000; -3,2015490000
202200021555;19;4;2022;20:10;1;13;2;1;8;1;43,3506012418;5,3413421579
202200021556;24;6;2022;13:45;1;35;1;1;1;1;48,6238180000; -1,9045950000
202200021557;19;4;2022;18:50;2;13;2;1;1;2;43,3849500000;5,3610100000
202200021558;25;6;2022;15:30;1;38;1;1;1;2;45,4101360000;5,5319220000
202200021559;19;4;2022;17:30;1;13;2;1;1;3;43,2456600000;5,4226400000
202200021560;25;6;2022;00:25;5;38;1;1;1;1;45,3970070000;5,4672650000
202200021561;18;4;2022;22:00;5;13;2;1;1;3;43,2551327460;5,3763010767
202200021562;25;6;2022;17:30;1;70;1;2;1;3;47,4453740000;5,8808990000
202200021563;19;6;2022;18:15;1;70;1;4;1;3;47,2657430000;5,6303830000
202200021564;19;4;2022;14:51;1;13;1;1;1;2;43,5349000000;5,4310500000
202200021565;25;6;2022;10:40;1;50;1;1;1;3;49,3077170000; -1,5619540000
202200021566;16;4;2022;05:23;3;11;1;1;1;1;43,2094300000;2,3115700000
202200021567;17;6;2022;20:30;2;60;1;5;1;1;49,6014910000;3,0115740000
202200021568;19;4;2022;14:00;1;10;2;3;1;2;48,2925100000;4,0438300000
202200021569;24;6;2022;22:45;3;45;2;9;1;7;48,0696630000;2,1303390000
202200021570;24;6;2022;23:10;3;64;2;1;1;6;43,2433192326; -0,2654743195
202200021571;19;4;2022;13:25;1;10;2;1;1;2;48,2994200000;4,0873100000
202200021572;24;6;2022;16:00;1;18;2;1;8;6;47,2217830000;2,5371340000
202200021573;19;4;2022;08:10;1;06;2;1;1;6;43,6638380000;6,9250700000
202200021574;25;6;2022;12:25;1;04;1;1;1;7;43,8328650000;6,2221640000
202200021575;19;4;2022;19:10;1;75;2;1;1;3;48,8857465259;2,2881784754
202200021576;25;6;2022;05:30;2;88;2;1;1;6;48,3483710000;6,4298400000
202200021577;18;4;2022;16:30;1;75;2;4;1;4;48,8202602026;2,3257180821
202200021578;16;4;2022;22:45;3;75;2;1;1;6;48,8652590000;2,4128720000
202200021579;25;6;2022;03:30;3;72;1;1;1;2;47,8066730000; -0,1663990000
202200021580;19;4;2022;18:15;1;75;2;3;1;7;48,8639430000;2,3916550000
202200021581;24;6;2022;17:15;1;51;1;1;1;7;49,2007750000;4,1058830000
202200021582;19;4;2022;12:15;1;75;2;1;1;2;48,8949280000;2,3806220000
202200021583;23;6;2022;13:45;1;83;1;1;1;2;43,4803320000;5,7682620000
202200021584;24;6;2022;08:00;1;62;1;1;3;6;50,2293080000;3,0533411000
202200021585;19;4;2022;11:10;1;75;2;2;1;2;48,8884705458;2,3738676310
202200021586;22;6;2022;17:30;2;971;1;1;1;3;15,9040510000; -61,2398530000
202200021587;25;6;2022;14:00;1;33;2;1;1;6;44,8626140000; -0,4721330000
202200021588;19;4;2022;17:40;1;75;2;3;1;5;48,8724950000;2,2920070000
202200021589;25;6;2022;16:45;1;13;1;2;1;3;43,2428000000;5,5931620000
202200021590;19;4;2022;08:40;1;75;2;7;1;3;48,8479101438;2,2585447133
202200021591;25;6;2022;10:07;1;13;1;2;1;3;43,8071390000;4,7430680000
202200021592;17;4;2022;20:00;2;75;2;7;1;3;48,8474140000;2,2737960000
202200021593;25;6;2022;09:00;1;68;1;1;1;5;48,2565410000;7,2185430000
202200021594;18;4;2022;02:18;5;75;2;3;1;3;48,8735870000;2,3283560000
202200021595;12;6;2022;12:25;1;67;2;6;1;3;48,3720950000;7,5928400000
202200021596;25;6;2022;05:30;2;03;2;1;1;6;46,5535150000;2,9410370000
202200021597;19;4;2022;09:00;1;75;2;1;1;3;48,8659663380;2,3013755679
202200021598;24;6;2022;16:30;1;01;1;1;1;6;46,0498510000;5,5638780000
202200021599;19;4;2022;17:50;1;75;2;1;1;3;48,8697985074;2,3520371318
202200021600;24;6;2022;10:50;1;31;2;2;1;1;43,4685020000;1,3185580000
202200021601;24;6;2022;07:00;1;49;1;1;2;6;47,2021530000; -0,9173960000
202200021602;19;4;2022;11:15;1;75;2;3;1;2;48,8593420000;2,3456670000
202200021603;24;6;2022;18:05;1;22;2;1;1;6;48,7709770000; -3,0824640000
202200021604;19;4;2022;19:50;1;94;2;1;1;1;48,7488400000;2,4718400000
202200021605;24;6;2022;18:55;1;76;2;1;1;7;49,4974480000;0,6659070000
202200021606;19;4;2022;11:55;1;94;2;1;1;2;48,7888000000;2,3247600000
202200021607;23;6;2022;11:15;1;13;2;1;1;6;43,3339500000;5,3837300000
202200021608;18;4;2022;16:45;1;94;2;1;1;6;48,7944615615;2,4572424887
202200021609;23;6;2022;17:08;1;69;1;1;2;2;45,7215000000;4,8180000000
202200021610;18;4;2022;16:10;1;94;2;5;1;3;48,8271600000;2,5088600000
202200021611;19;4;2022;20:20;2;94;2;1;1;2;48,7193800000;2,5673500000
202200021612;20;4;2022;16:35;1;33;1;1;2;4;44,8828400000; -0,5526400000
202200021613;24;6;2022;13:05;1;94;1;1;1;2;48,8077037126;2,3472629196
202200021614;15;4;2022;19:15;1;94;2;6;1;3;48,7530600000;2,5389500000
202200021615;24;6;2022;07:30;1;94;1;1;1;5;48,8083132183;2,3403117553
202200021616;19;4;2022;05:35;5;94;2;6;1;3;48,7963000000;2,4165300000
202200021617;24;6;2022;16:15;1;78;1;1;1;2;48,8875780000;2,0114440000
202200021618;18;4;2022;18:55;1;93;2;2;1;3;48,9040000000;2,4707500000
202200021619;24;6;2022;12:45;1;92;1;1;1;6;48,8474879607;2,2246484423
202200021620;24;6;2022;17:20;1;93;1;1;2;3;48,9577869664;2,4624502659
202200021621;19;4;2022;18:00;1;93;2;2;1;3;48,8503500000;2,5531900000
202200021622;24;6;2022;13:05;1;93;1;1;1;3;48,8670202732;2,4260687828
202200021623;24;6;2022;06:40;1;93;1;1;8;3;48,9279564099;2,3575211478
202200021624;19;4;2022;09:30;1;93;2;2;1;3;48,8569400000;2,4455100000
202200021625;23;6;2022;19:30;1;93;1;1;1;2;48,9062533918;2,4721405579
202200021626;18;4;2022;11:43;1;93;2;9;1;3;48,8840350000;2,4291420000
202200021627;23;6;2022;18:00;1;95;1;1;1;3;48,9654200000;2,2601100000
202200021628;19;4;2022;14:50;1;92;2;1;1;6;48,8460400000;2,2052900000
202200021629;22;6;2022;18:15;1;95;1;1;1;6;48,9887910000;2,2026210000
202200021630;23;6;2022;06:50;1;44;2;1;1;6;47,2166730000; -1,5184440000
202200021631;19;4;2022;18:01;1;92;2;1;1;6;48,8870901083;2,1976279914
202200021632;23;6;2022;13:10;1;13;2;1;1;4;43,6271027716;5,0961234381
202200021633;19;4;2022;17:40;1;92;2;3;1;6;48,8138394405;2,3072469234
202200021634;19;4;2022;07:05;1;92;2;1;1;2;48,8319339984;2,2671664059
202200021635;4;6;2022;22:02;5;92;2;1;1;6;48,8928018786;2,2892841697
202200021636;19;4;2022;07:30;1;92;2;1;1;3;48,9002135535;2,2740460038
202200021637;24;4;2022;18:25;1;63;2;2;1;3;45,8096600000;3,1094300000
202200021638;18;4;2022;19:30;1;92;2;2;1;3;48,9151322730;2,2332492024
202200021639;21;4;2022;12:40;1;49;2;1;9;6;47,0566220549; -0,8618447185
202200021640;23;4;2022;18:22;1;45;2;6;1;6;47,9569229534;1,8901412488
202200021641;16;4;2022;12:25;1;2A;1;1;1;3;42,1466690000;8,8130090000
202200021642;19;4;2022;12:10;1;38;2;2;1;3;45,1857000000;5,7184000000
202200021643;18;4;2022;19:30;1;34;2;1;1;6;43,3437700000;3,2215800000
202200021644;20;4;2022;22:10;5;95;1;1;1;3;49,0229370000;2,3865440000
202200021645;7;4;2022;00:13;3;33;1;6;2;6;45,0129200000; -0,1032650000
202200021646;17;4;2022;17:59;1;01;1;1;1;3;46,3604490000;6,0377540000
202200021647;23;6;2022;14:00;1;974;1;1;2;7; -21,3448920000;55,4923450000
202200021648;22;6;2022;06:20;2;974;2;3;1;3; -21,2974900000;55,4521800000
202200021649;23;6;2022;20:15;5;974;2;1;1;1; -20,8916100000;55,4787200000
202200021650;19;4;2022;18:15;1;77;1;1;1;7;48,8543170000;3,3201350000
202200021651;23;6;2022;19:45;5;974;2;6;1;2; -20,8784800000;55,4588900000
202200021652;23;6;2022;09:30;1;974;2;1;1;6; -20,9612900000;55,6511700000
202200021653;21;4;2022;12:15;1;34;1;1;1;5;43,5857317704;3,8421174911
202200021654;22;6;2022;19:18;3;973;1;1;1;3;4,9055566730; -52,3204243183
202200021655;23;6;2022;18:40;1;95;2;1;1;2;48,9914164780;2,3745542765
202200021656;21;4;2022;12:15;1;91;2;1;1;2;48,6110720000;2,5056770000
202200021657;22;6;2022;17:50;1;95;2;1;1;6;49,0317532034;2,0626240969
202200021658;20;4;2022;18:41;1;76;1;1;1;3;49,7015160000;0,7856890000
202200021659;23;6;2022;19:08;1;91;2;1;1;2;48,6583300000;2,3689200000
202200021660;21;4;2022;11:15;1;2B;2;1;2;2;42,4852990000;9,4798390000
202200021661;23;6;2022;19:10;1;91;2;1;1;6;48,6478300000;2,3701500000
202200021662;16;4;2022;19:29;1;33;1;2;1;3;45,4054780000; -1,0286300000
202200021663;20;4;2022;20:30;1;89;1;1;1;7;47,9989140000;3,7027860000
202200021664;20;4;2022;14:20;1;55;1;1;1;7;48,8790519041;5,3995978832
202200021665;2;6;2022;17:45;1;89;2;2;1;6;48,1991500000;3,2825700000
202200021666;20;4;2022;19:15;1;86;1;1;1;1;46,2930990000;0,3444280000
202200021667;22;6;2022;14:00;1;80;1;2;1;6;49,9281100000;2,2834400000
202200021668;21;4;2022;15:45;1;68;2;1;1;3;47,5376050000;7,1764970000
202200021669;23;6;2022;17:00;1;78;2;1;7;1;48,6432100000;1,8343800000
202200021670;20;4;2022;15:20;1;25;1;1;1;1;47,3174280000;5,9819910000
202200021671;21;4;2022;12:50;1;44;1;1;1;6;47,7933230000; -1,3442800000
202200021672;19;4;2022;17:46;1;35;2;3;1;3;48,6149060000; -1,9049420000
202200021673;21;6;2022;17:30;1;78;2;2;1;6;48,9878560000;1,7076780000
202200021674;21;4;2022;13:40;1;03;1;6;1;1;46,6355370000;2,7546390000
202200021675;21;6;2022;10:00;1;78;2;1;1;6;48,9959000000;1,6761400000
202200021676;20;4;2022;14:30;1;70;1;1;1;5;47,4556260000;5,9010400000
202200021677;23;6;2022;17:25;1;78;2;1;1;1;48,9317620000;2,0020960000
202200021678;20;4;2022;19:25;1;58;1;1;1;7;47,3511380000;3,6379230000
202200021679;21;4;2022;16:45;1;14;2;2;1;3;49,2160398562;0,1360630989
202200021680;21;4;2022;14:00;1;50;2;2;1;1;48,8271320000; -1,2346850000
202200021681;20;4;2022;15:40;1;09;1;1;2;5;42,6870790000;1,8239700000
202200021682;18;4;2022;17:50;1;45;2;1;1;1;48,0587180000;2,3276050000
202200021683;20;4;2022;14:35;1;43;1;9;2;5;45,2605100000;4,1990090000
202200021684;22;6;2022;10:40;1;77;2;2;3;3;48,8231570000;3,0375840000
202200021685;20;4;2022;18:16;1;30;1;1;2;5;43,8608420000;4,1087690000
202200021686;22;6;2022;10:20;1;72;2;1;8;6;48,0199500000;0,2124300000
202200021687;21;4;2022;18:25;3;974;1;1;1;1; -20,9198360000;55,5412960000
202200021688;22;6;2022;07:35;1;71;1;1;2;7;46,7709139314;4,4710975885
202200021689;20;4;2022;13:30;1;19;1;1;1;7;45,5160990000;2,2666320000
202200021690;20;4;2022;17:30;1;42;1;1;1;6;45,4782490000;4,2220870000
202200021691;17;6;2022;17:45;1;71;2;6;1;3;46,7763400000;4,8578700000
202200021692;21;4;2022;14:55;1;33;1;1;1;2;44,6304890000; -0,9110500000
202200021693;23;6;2022;21:40;2;69;2;1;2;1;45,6976300000;4,9080000000
202200021694;20;4;2022;22:27;3;91;1;1;1;6;48,6231090000;2,1355320000
202200021695;18;4;2022;15:40;1;77;1;1;1;6;48,3736700000;2,5060420000
202200021696;23;6;2022;11:05;1;69;2;2;1;6;45,9873000000;4,7211800000
202200021697;21;4;2022;16:30;1;91;1;1;1;6;48,4432230000;2,4834680000
202200021698;8;4;2022;14:47;1;06;1;1;1;3;43,7822740000;7,3989330000
202200021699;23;6;2022;14:05;1;68;2;1;1;3;47,5928500000;7,5771700000
202200021700;21;4;2022;17:40;1;71;1;2;1;3;46,3514380000;4,1053680000
202200021701;22;6;2022;13:40;1;67;2;1;1;6;48,5934404938;7,7545747161
202200021702;14;4;2022;05:30;5;38;2;2;1;3;45,2052410000;5,6831020000
202200021703;22;6;2022;08:30;1;67;2;1;1;2;48,5733485600;7,7191340178
202200021704;17;3;2022;17:08;1;33;1;2;1;3;44,5848280000; -0,8887340000
202200021705;19;4;2022;19:00;1;44;1;1;1;3;47,2750820000; -1,4688720000
202200021706;21;4;2022;17:50;1;60;1;1;1;7;49,2066008795;2,0610308646
202200021707;10;6;2022;07:00;1;67;2;3;1;3;48,5470987730;7,7581487596
202200021708;18;4;2022;17:35;1;59;1;9;1;6;50,7304789660;2,4325318336
202200021709;23;6;2022;16:15;1;64;2;7;1;3;43,2965500000; -0,3743100000
202200021710;18;4;2022;12:05;1;59;2;1;7;1;50,5293300000;2,9160550000
202200021711;22;6;2022;21:40;2;63;2;3;1;3;45,7712700000;3,0591500000
202200021712;19;4;2022;19:36;1;13;1;1;1;1;43,3415000000;5,3767000000
202200021713;19;4;2022;08:05;1;13;1;1;1;2;43,2875400000;5,4403200000
202200021714;22;6;2022;16:29;1;63;2;1;1;3;45,7603800000;3,1198800000
202200021715;23;6;2022;18:35;1;61;2;1;1;6;48,4186500000;0,0970000000