Accident_Id;jour;mois;an;hrmn;lum;dep;agg;int;atm;col;lat;long
202200021716;15;4;2022;17:00;1;59;1;9;1;2;50,5321515429;3,0471892655
202200021717;18;4;2022;20:30;1;94;1;1;1;2;48,7600700000;2,3210700000
202200021718;18;6;2022;11:00;1;59;2;3;1;5;50,3305300102;3,4811063111
202200021719;17;4;2022;19:22;1;78;1;1;1;2;48,7964200000;2,0373270000
202200021720;21;6;2022;16:00;1;59;2;1;1;6;50,6761718606;2,8894270957
202200021721;19;4;2022;18:20;1;95;1;1;1;2;48,9863521410;2,2422516346
202200021722;19;4;2022;17:05;1;95;1;1;1;2;49,0300086765;2,4979090691
202200021723;19;4;2022;16:15;1;93;1;1;1;6;48,8695473617;2,4299369253
202200021724;19;4;2022;09:00;1;92;1;1;1;2;48,9446848956;2,2853856324
202200021725;22;6;2022;16:05;1;56;2;6;1;3;47,7400560000; -3,4273250000
202200021726;17;4;2022;23:45;5;94;1;1;1;2;48,7538424491;2,3542632476
202200021727;22;6;2022;16:05;1;56;2;1;2;6;47,7273100000; -3,4075000000
202200021728;16;4;2022;03:20;3;77;1;9;1;6;48,9715537756;2,5944922889
202200021729;14;4;2022;18:30;1;77;1;1;1;4;48,8302997752;2,6984275937
202200021730;22;6;2022;08:45;1;56;1;3;1;4;47,7448980000; -3,4205880000
202200021731;13;4;2022;12:50;1;94;1;1;3;6;48,8354458972;2,5387118132
202200021732;18;4;2022;19:00;2;974;1;1;1;2; -21,3127000000;55,4373300000
202200021733;14;4;2022;18:30;3;974;1;1;3;1; -20,9433030000;55,4859410000
202200021734;23;6;2022;18:10;1;51;2;3;1;3;49,2458900000;4,0589400000
202200021735;18;4;2022;09:05;1;973;2;2;1;3;4,9392400000; -52,3183600000
202200021736;18;4;2022;19:00;1;69;2;2;1;3;45,7532400000;4,8400600000
202200021737;23;6;2022;15:55;1;50;2;6;1;3;48,8403700000; -1,5592000000
202200021738;18;4;2022;17:22;1;69;2;2;1;3;45,7371100000;4,8503500000
202200021739;22;6;2022;17:59;1;49;2;6;1;3;47,4881700000; -0,5363500000
202200021740;18;4;2022;11:00;1;972;2;9;1;3;14,6071900000; -61,0678300000
202200021741;18;4;2022;18:15;1;69;2;1;1;7;45,7665475223;4,8380345106
202200021742;18;4;2022;15:35;1;78;2;1;1;1;49,0088800000;1,9053700000
202200021743;22;6;2022;00:15;5;49;2;1;1;7;47,4726600000; -0,5479100000
202200021744;18;4;2022;15:01;1;77;1;3;1;3;48,8612300000;2,6654100000
202200021745;18;4;2022;19:30;1;74;2;1;1;6;46,1831000000;6,2156000000
202200021746;18;4;2022;11:20;1;74;2;9;1;3;46,1960600000;6,2393600000
202200021747;23;6;2022;18:35;1;47;2;9;1;3;44,1786057219;0,6325676775
202200021748;18;4;2022;10:30;1;64;2;6;1;3;43,4913700000; -1,4959300000
202200021749;23;6;2022;18:20;1;45;2;3;1;3;47,9216100000;1,8801500000
202200021750;14;4;2022;17:30;1;60;2;1;1;6;49,2521250000;2,4805000000
202200021751;18;4;2022;18:40;1;59;2;2;1;3;50,7800600000;3,1276300000
202200021752;18;4;2022;00:40;5;59;2;7;1;6;50,6468900000;3,0077500000
202200021753;23;6;2022;17:30;1;45;1;1;1;7;47,9934600000;2,8018100000
202200021754;18;4;2022;09:46;1;37;2;2;7;3;47,3885600000;0,6762900000
202200021755;23;6;2022;15:30;1;37;2;2;1;2;47,4089129995;0,7032886147
202200021756;18;4;2022;21:00;5;26;2;6;1;3;44,9227700000;4,9329600000
202200021757;18;4;2022;02:10;5;13;2;1;1;7;43,2459736859;5,4180466022
202200021758;18;4;2022;11:35;1;13;2;3;1;3;43,2858105846;5,5567053698
202200021759;23;6;2022;16:15;1;35;1;1;1;7;48,1469995916; -1,6163896769
202200021760;18;4;2022;09:50;1;09;2;9;1;6;42,9620260000;1,6039110000
202200021761;15;4;2022;21:40;5;75;2;1;1;3;48,8765149173;2,4096232543
202200021762;23;6;2022;10:00;1;35;1;1;1;4;48,1077140000; -1,5966240000
202200021763;13;4;2022;16:30;1;75;2;1;1;2;48,8491450000;2,4151400000
202200021764;18;4;2022;17:45;1;75;2;2;1;3;48,8537750769;2,3443217576
202200021765;23;6;2022;09:50;1;35;2;2;1;1;48,0944800000; -1,6855900000
202200021766;18;4;2022;12:55;1;75;2;3;1;3;48,8513112228;2,4111196049
202200021767;17;4;2022;12:50;1;75;2;2;1;3;48,8754510000;2,3979420000
202200021768;18;4;2022;17:55;1;75;2;3;1;6;48,8764400000;2,3721380000
202200021769;22;6;2022;04:00;5;34;1;1;3;6;43,6071070000;3,9181730000
202200021770;18;4;2022;06:50;2;75;2;2;1;2;48,8762621996;2,2872297939
202200021771;17;4;2022;23:15;5;75;2;2;1;3;48,8838250000;2,2951670000
202200021772;23;6;2022;08:50;1;33;2;2;1;6;44,8362000000; -0,5824600000
202200021773;17;4;2022;18:10;1;75;2;1;1;5;48,8565920000;2,2265400000
202200021774;13;6;2022;16:04;1;33;2;1;1;6;44,8358100000; -0,5987700000
202200021775;18;4;2022;16:15;1;75;2;2;1;3;48,8392627902;2,2919758922
202200021776;17;4;2022;22:10;5;75;2;5;1;6;48,8346500000;2,4007870000
202200021777;23;6;2022;11:00;1;29;2;1;1;1;47,9969640000; -4,1059970000
202200021778;18;4;2022;20:00;1;75;2;2;1;3;48,8481649854;2,3990807346
202200021779;21;6;2022;09:45;1;29;1;1;1;6;47,9035087761; -3,9107716084
202200021780;18;4;2022;09:50;1;75;2;3;1;3;48,8763587583;2,3559846936
202200021781;17;4;2022;21:30;5;75;2;3;1;6;48,8552110000;2,3611580000
202200021782;18;4;2022;10:50;1;75;2;3;1;3;48,8493280000;2,3665770000
202200021783;18;4;2022;13:20;1;94;2;3;1;3;48,7503400000;2,4828700000
202200021784;17;4;2022;22:25;5;94;2;3;1;6;48,7388900000;2,4562700000
202200021785;17;4;2022;19:49;1;94;2;1;1;7;48,7530500758;2,4482603072
202200021786;18;4;2022;19:15;1;94;2;1;1;3;48,8114200000;2,3620900000
202200021787;23;6;2022;21:49;2;18;2;2;2;4;47,0807700000;2,3829500000
202200021788;17;4;2022;16:30;1;94;2;2;1;3;48,8142100000;2,4118100000
202200021789;18;4;2022;19:30;1;93;2;2;1;3;48,9493730000;2,5196720000
202200021790;20;6;2022;08:33;1;18;2;1;1;1;47,0768000000;2,4039900000
202200021791;18;4;2022;17:05;1;93;2;2;1;6;48,9155700000;2,3998000000
202200021792;19;4;2022;17:20;1;01;1;3;1;3;45,9638890000;5,1723500000
202200021793;23;6;2022;16:30;1;17;2;2;1;3;46,1598200000; -1,1662100000
202200021794;19;4;2022;18:00;1;68;2;1;1;6;48,1597450000;7,3775550000
202200021795;22;6;2022;11:40;1;15;2;1;1;6;44,9279500000;2,4443900000
202200021796;19;4;2022;18:45;1;62;2;3;7;3;50,8626140000;1,8811650000
202200021797;20;4;2022;08:33;1;01;2;3;7;4;46,1768150000;5,7408880000
202200021798;18;4;2022;19:05;1;74;1;3;1;6;46,2839550000;6,2603620000
202200021799;22;6;2022;17:30;1;13;1;1;1;1;43,4037600000;5,2797100000
202200021800;23;6;2022;09:00;1;13;2;6;1;2;43,6281124104;5,1123943180
202200021801;17;4;2022;12:28;1;74;1;3;1;4;45,8176290000;6,0023550000
202200021802;19;4;2022;16:55;1;76;2;1;1;3;49,7459480000;0,5125270000
202200021803;20;4;2022;04:35;3;79;1;1;2;7;46,4348400000; -0,4515120000
202200021804;23;6;2022;18:00;1;13;2;2;1;3;43,2677800000;5,4203200000
202200021805;20;4;2022;15:20;1;61;1;1;1;2;48,7863960000; -0,0005150000
202200021806;17;4;2022;06:12;4;86;1;1;1;6;46,7236720000;0,2137400000
202200021807;23;6;2022;12:00;1;13;2;1;1;3;43,2595392738;5,3963636315
202200021808;19;4;2022;12:14;1;44;2;1;1;6;47,1254710000; -2,1197790000
202200021809;19;4;2022;13:26;1;29;1;1;1;7;47,8945710000; -3,8433690000
202200021810;19;4;2022;17:10;1;29;2;3;1;6;48,4348751722; -4,4009817391
202200021811;22;6;2022;19:20;1;13;2;1;1;3;43,2779200000;5,4032900000
202200021812;17;4;2022;19:10;1;03;2;1;7;6;46,2567300000;3,6318880000
202200021813;17;4;2022;14:50;1;01;2;1;1;7;45,7172410000;5,7107610000
202200021814;19;4;2022;14:05;1;72;1;1;1;7;47,8349740000; -0,0286030000
202200021815;3;6;2022;13:00;1;13;1;1;1;1;43,4615015235;4,9970626831
202200021816;14;4;2022;16:50;1;14;2;9;1;3;49,1279820000; -0,2143190000
202200021817;5;6;2022;04:15;3;13;1;1;1;6;43,4635900000;5,0040500000
202200021818;20;4;2022;01:40;3;05;1;1;1;1;44,5776450000;6,1387180000
202200021819;23;6;2022;18:00;1;13;2;1;1;7;43,4758200000;5,4138200000
202200021820;20;4;2022;12:15;1;18;2;1;1;5;46,7631650000;2,8194870000
202200021821;23;6;2022;15:20;1;12;2;1;3;6;44,1008400000;3,0791000000
202200021822;20;4;2022;12:05;1;18;2;1;1;6;47,0628500000;3,0183490000
202200021823;16;4;2022;23:10;5;24;2;1;1;6;45,1329830000;1,2135440000
202200021824;7;10;2022;12:28;1;13;2;9;1;3;43,2455243876;5,4121506156
202200021825;19;4;2022;19:40;2;85;2;1;1;6;46,6634700000; -1,0132200000
202200021826;7;10;2022;13:50;1;13;2;1;1;2;43,3363667182;5,4099947039
202200021827;23;6;2022;14:45;1;09;2;1;1;6;42,9360356424;1,6331890225
202200021828;19;4;2022;19:35;1;17;1;2;1;3;45,9088450000; -0,4248260000
202200021829;8;4;2022;09:45;1;37;1;1;2;6;47,3076447770;0,5701839924
202200021830;5;10;2022;12:20;1;13;2;2;1;3;43,2901400000;5,3820400000
202200021831;20;4;2022;07:40;1;48;1;1;2;6;44,5719670000;3,6284980000
202200021832;23;6;2022;12:50;1;09;2;3;1;3;42,9522610000;1,6150340000
202200021833;7;4;2022;18:20;1;34;1;1;1;7;43,6718650000;3,7613170000
202200021834;23;6;2022;17:46;1;08;2;1;1;6;49,7784100000;4,7075200000
202200021835;5;10;2022;04:55;3;13;1;1;1;2;43,6007000000;4,9450800000
202200021836;20;4;2022;08:30;1;67;1;1;1;3;48,7681830000;7,3798940000
202200021837;20;6;2022;15:02;1;06;2;1;1;6;43,7833450000;7,5144790000
202200021838;6;10;2022;16:56;1;10;1;1;1;2;48,2986047436;4,0129655600
202200021839;19;4;2022;16:00;1;976;1;1;1;1; -12,7297890000;45,1322220000
202200021840;23;6;2022;08:05;1;06;2;1;1;6;43,5674700000;7,0717000000
202200021841;7;10;2022;07:40;1;06;1;9;1;3;43,6439570000;6,9029280000
202200021842;19;4;2022;11:40;1;34;1;9;1;4;43,3978490000;3,4712860000
202200021843;17;6;2022;18:35;1;03;2;1;1;3;46,1346300000;3,4435400000
202200021844;23;6;2022;02:00;4;02;1;1;1;6;49,5712500000;3,6594900000
202200021845;17;4;2022;23:35;5;987;2;1;1;1; -17,6899310000; -149,5483490000
202200021846;7;10;2022;01:45;3;03;2;2;1;3;46,1314000000;3,4281200000
202200021847;23;6;2022;11:10;1;01;1;2;1;3;46,2433900000;5,1906400000
202200021848;8;10;2022;01:10;5;01;2;2;1;3;46,1953680000;5,2252600000
202200021849;25;9;2022;06:30;5;67;2;1;1;6;48,5759170000;7,7268700000
202200021850;21;6;2022;21:00;1;75;2;7;1;3;48,8658570000;2,3198960000
202200021851;25;9;2022;06:26;5;67;2;8;9;6;48,5772020000;7,7316790000
202200021852;22;6;2022;16:11;1;75;2;3;1;7;48,8374890000;2,3463380000
202200021853;20;4;2022;16:10;1;988;1;1;1;1; -21,9775430000;166,1981670000
202200021854;23;6;2022;10:13;1;75;2;1;1;6;48,8918150000;2,3781360000
202200021855;7;10;2022;12:45;1;75;2;4;1;3;48,8351810000;2,2607800000
202200021856;23;6;2022;18:20;1;75;2;3;1;6;48,8913030000;2,3062460000
202200021857;6;10;2022;16:40;1;75;2;1;1;2;48,8755600000;2,2894170000
202200021858;23;6;2022;18:15;1;75;2;3;1;2;48,8738100000;2,2902340000
202200021859;7;10;2022;12:20;1;75;2;3;1;6;48,8503260000;2,3475390000
202200021860;23;6;2022;10:10;1;75;2;2;1;3;48,8236840000;2,3170990000
202200021861;2;10;2022;20:50;5;75;2;2;1;3;48,8478220000;2,3295710000
202200021862;22;6;2022;16:36;1;75;2;2;1;3;48,8249990000;2,3021500000
202200021863;7;10;2022;09:20;1;75;2;7;1;3;48,8776540000;2,4081670000
202200021864;22;6;2022;10:25;1;75;2;7;1;6;48,8333500000;2,3330930000
202200021865;7;10;2022;18:35;1;75;2;1;1;2;48,8952140000;2,3765590000
202200021866;23;6;2022;10:00;1;75;2;2;1;3;48,8434270000;2,3707130000
202200021867;7;10;2022;17:15;1;75;2;2;1;6;48,8750870000;2,2839750000
202200021868;23;6;2022;13:10;1;75;2;3;1;3;48,8611560000;2,3778410000
202200021869;7;10;2022;16:30;1;75;2;2;1;6;48,8481090000;2,2901470000
202200021870;7;10;2022;12:15;1;75;2;1;1;2;48,8441640000;2,2963680000
202200021871;23;6;2022;00:11;5;75;2;2;1;3;48,8795010000;2,3050110000
202200021872;7;10;2022;17:10;1;75;2;1;1;7;48,8230960000;2,3262470000
202200021873;23;6;2022;11:16;1;75;2;1;1;2;48,8629520000;2,3176630000
202200021874;6;10;2022;21:35;5;75;2;2;1;2;48,8207880000;2,3210580000
202200021875;7;10;2022;04:45;5;75;2;2;1;6;48,8261250000;2,3572800000
202200021876;22;6;2022;22:30;5;75;2;2;1;2;48,8611120000;2,3102920000
202200021877;7;10;2022;11:45;1;75;2;1;1;5;48,8400820000;2,3936610000
202200021878;22;6;2022;11:50;1;75;2;2;1;3;48,8540800000;2,3063540000
202200021879;6;10;2022;19:15;2;75;2;3;1;6;48,8381990000;2,4084370000
202200021880;23;6;2022;18:35;1;94;2;1;1;4;48,7947800000;2,3634900000
202200021881;6;10;2022;11:50;1;75;2;4;1;3;48,8400800000;2,4367260000
202200021882;7;10;2022;16:35;1;75;2;1;1;6;48,8598200000;2,3866020000
202200021883;23;6;2022;01:53;5;94;2;1;1;6;48,8153900000;2,3628400000
202200021884;7;10;2022;16:50;1;75;2;2;1;6;48,8656630000;2,3724740000
202200021885;23;6;2022;10:50;1;94;2;1;1;3;48,7617350000;2,4003580000
202200021886;7;10;2022;15:15;1;75;2;2;1;6;48,8587110000;2,3786000000
202200021887;23;6;2022;12:15;1;94;2;1;1;3;48,7842000000;2,4541900000
202200021888;7;10;2022;14:05;1;75;2;3;1;6;48,8729670000;2,3430840000
202200021889;23;6;2022;18:35;1;94;2;3;1;3;48,7693130000;2,4023940000
202200021890;7;10;2022;20:15;5;75;2;1;1;3;48,8758520000;2,2966500000
202200021891;23;6;2022;16:25;1;94;2;6;1;3;48,8163900000;2,5118500000
202200021892;7;10;2022;17:08;1;75;2;3;1;6;48,8592480000;2,3179930000
202200021893;12;6;2022;04:00;5;94;2;1;1;1;48,8187700000;2,5215500000
202200021894;23;6;2022;01:30;3;93;1;1;8;7;48,9913695448;2,5537705421
202200021895;6;10;2022;20:20;5;75;2;7;1;6;48,8568080000;2,3511010000
202200021896;23;6;2022;19:00;1;93;2;1;1;3;48,9310239316;2,5280061364
202200021897;7;10;2022;12:40;1;94;2;1;1;2;48,7859440000;2,4080800000
202200021898;23;6;2022;13:30;1;93;2;9;1;5;48,9154400000;2,3594550000
202200021899;7;10;2022;10:10;1;94;2;1;1;1;48,8033800000;2,4860700000
202200021900;6;10;2022;18:30;1;94;2;3;1;7;48,7903680000;2,3315420000
202200021901;23;6;2022;17:13;1;93;2;6;1;6;48,8950000000;2,5137000000
202200021902;7;10;2022;15:48;1;94;2;2;1;2;48,8565000000;2,4674000000
202200021903;7;10;2022;15:40;1;94;2;6;1;6;48,7850700000;2,4513600000
202200021904;23;6;2022;16:45;1;93;2;3;1;3;48,9053300000;2,5249000000
202200021905;6;10;2022;14:00;1;94;2;3;1;1;48,7623700000;2,4786800000
202200021906;7;10;2022;09:00;1;94;2;6;1;3;48,8160864516;2,5620531087
202200021907;6;10;2022;11:00;1;94;2;1;1;6;48,8101400000;2,5725100000
202200021908;6;10;2022;16:00;1;94;2;3;1;3;48,8223200000;2,4885100000
202200021909;6;10;2022;11:50;1;94;2;1;1;6;48,8085827892;2,5511643291
202200021910;7;10;2022;11:24;1;94;2;1;1;3;48,7770300000;2,5114400000
202200021911;7;10;2022;09:00;1;94;2;9;1;3;48,7249030000;2,5291000000
202200021912;7;10;2022;08:15;1;93;2;3;1;6;48,8979000000;2,5163000000
202200021913;7;10;2022;07:00;5;93;2;2;1;3;48,8841200000;2,5102000000
202200021914;7;10;2022;03:45;5;93;2;1;1;6;48,8830000000;2,4963300000
202200021915;6;10;2022;14:35;1;93;2;1;1;6;48,8787487873;2,4318885058
202200021916;6;10;2022;10:45;1;93;2;2;1;3;48,9284900000;2,4304200000
202200021917;7;10;2022;07:52;2;93;2;1;1;6;48,9275481484;2,3917376285
202200021918;6;10;2022;15:08;1;93;2;1;1;6;48,9214645414;2,4112317301
202200021919;7;10;2022;08:55;1;93;2;2;1;3;48,8901900000;2,5520800000
202200021920;7;10;2022;15:00;1;93;2;5;1;3;48,9409000000;2,4348800000
202200021921;7;10;2022;20:00;5;92;2;1;1;3;48,8627020000;2,2123830000
202200021922;7;10;2022;11:55;1;92;2;1;1;7;48,8704690000;2,2319070000
202200021923;7;10;2022;18:00;1;92;2;2;7;6;48,8116000000;2,1833500000
202200021924;7;10;2022;10:00;1;92;2;9;7;3;48,8440469667;2,2204938233
202200021925;7;10;2022;16:30;1;92;2;1;1;1;48,8169380000;2,3254610000
202200021926;7;10;2022;17:50;1;92;2;2;1;3;48,8959600000;2,2964600000
202200021927;7;10;2022;12:50;1;92;2;7;1;2;48,8212700000;2,2737100000
202200021928;7;10;2022;11:20;1;92;2;6;1;6;48,8278900000;2,2736800000
202200021929;7;10;2022;13:35;1;92;2;1;1;1;48,9285970000;2,3113890000
202200021930;26;9;2022;20:35;5;92;2;1;2;7;48,9056210000;2,2353710000
202200021931;7;10;2022;13:46;1;92;2;2;1;6;48,9035880000;2,3175320000
202200021932;7;10;2022;12:50;1;92;2;5;1;6;48,8413100000;2,2254500000
202200021933;7;10;2022;11:20;1;92;2;3;1;6;48,9053328605;2,2826556265
202200021934;7;10;2022;23:55;3;09;1;1;2;7;42,9959500000;1,1985490000
202200021935;8;10;2022;14:15;1;51;2;1;1;7;48,7288550000;4,5822860000
202200021936;7;10;2022;18:10;1;85;1;1;1;6;46,5420277000; -1,0832905700
202200021937;8;10;2022;17:40;1;06;2;1;8;3;43,6275720000;7,1327890000
202200021938;7;10;2022;19:30;5;974;2;1;1;6; -21,2617860000;55,3608800000
202200021939;5;10;2022;09:30;1;63;2;1;7;6;46,0241916643;3,2053604722
202200021940;7;10;2022;22:20;3;52;1;9;1;5;48,0390410000;5,0633240000
202200021941;7;10;2022;19:10;2;44;1;1;1;3;47,3247650000; -2,1502680000
202200021942;8;10;2022;05:25;3;50;1;1;5;6;48,9680000000; -1,2190000000
202200021943;7;10;2022;18:20;1;62;1;1;1;3;50,2139880000;2,5576420000
202200021944;7;10;2022;07:50;1;62;1;1;1;7;50,3816457135;2,5990405082
202200021945;7;10;2022;14:54;1;51;1;1;1;2;48,7093850000;3,7476040000
202200021946;7;10;2022;18:30;1;56;1;1;1;2;47,7619200000; -3,2929200000
202200021947;7;10;2022;17:20;1;76;1;2;1;3;49,6368051084;1,3106564870
202200021948;8;10;2022;15:31;1;79;2;3;1;2;46,8600370000; -0,2502310000
202200021949;7;10;2022;17:33;1;82;1;2;1;3;44,2704950000;1,4700440000
202200021950;8;10;2022;12:57;1;32;1;2;1;3;43,9292250000;0,7440660000
202200021951;7;10;2022;17:55;1;11;1;1;1;6;43,0500742380;2,5880742073
202200021952;8;10;2022;16:35;1;61;1;3;7;2;48,8337210000;0,5385660000
202200021953;7;10;2022;11:55;1;46;2;1;1;6;44,9242780000;1,8437610000
202200021954;7;10;2022;22:00;3;41;1;1;1;6;47,3487100000;1,9928170000
202200021955;7;10;2022;15:00;1;25;1;2;1;3;47,1179200000;6,6138550000
202200021956;6;10;2022;16:41;1;29;1;2;1;3;47,8892440000; -3,7975680000
202200021957;7;10;2022;22:45;3;29;1;1;1;6;48,0951510000; -3,8583040000
202200021958;7;10;2022;13:45;1;31;2;1;1;6;43,2071520000;1,0855280000
202200021959;8;10;2022;17:30;1;58;1;1;1;7;46,8314770000;4,0429960000
202200021960;8;10;2022;11:00;1;54;1;1;1;6;48,8840565910;6,1736404904
202200021961;8;10;2022;00:55;3;14;1;1;1;1;49,1435800000;0,3682990000
202200021962;7;10;2022;22:45;5;60;2;1;1;6;49,5867276960;2,9914705280
202200021963;7;10;2022;10:20;1;64;1;9;1;3;43,1521860000; -0,2249520000
202200021964;8;10;2022;15:00;1;64;2;1;1;6;43,3395180000; -0,3196230000
202200021965;7;10;2022;11:00;1;16;1;1;1;7;45,4231690000; -0,0443530000
202200021966;8;10;2022;13:30;1;07;1;3;1;2;44,5812440000;4,3918810000
202200021967;8;10;2022;02:15;3;04;1;1;1;6;43,7868340000;5,8236980000
202200021968;7;10;2022;14:15;1;17;2;2;1;3;45,8860840000; -1,1958580000
202200021969;7;10;2022;16:00;1;37;2;1;1;2;47,3620470000;0,8022170000
202200021970;8;10;2022;00:10;3;52;1;1;1;7;47,9718380000;5,5450490000
202200021971;7;10;2022;19:27;2;49;1;1;1;2;47,5063020000; -0,4757810000
202200021972;8;10;2022;08:20;1;72;1;1;1;2;48,1267799789;0,6247115133
202200021973;4;10;2022;15:15;1;38;2;1;1;3;45,1802860000;5,6966530000
202200021974;4;10;2022;19:01;1;34;1;1;1;2;43,3637420000;3,3788740000
202200021975;7;10;2022;15:20;1;973;2;1;1;6;5,4968915971; -54,0316079557
202200021976;7;10;2022;21:30;5;971;2;2;1;1;16,3278130000; -61,3458540000
202200021977;8;10;2022;15:25;1;45;2;2;1;4;47,8088930000;2,4112520000
202200021978;8;10;2022;18:40;1;77;1;1;1;6;48,9476910000;2,7309500000
202200021979;8;10;2022;14:30;1;2A;2;1;1;3;41,5983230000;9,2741510000
202200021980;7;10;2022;11:30;1;30;1;1;1;1;43,7103850000;4,4222970000
202200021981;8;10;2022;12:00;1;13;2;1;1;3;43,4877780000;5,2354310000
202200021982;7;10;2022;07:20;5;71;2;2;5;6;46,4814510000;3,9719920000
202200021983;7;10;2022;09:50;1;57;1;2;1;3;49,0008760000;6,5097000000
202200021984;6;10;2022;15:55;1;57;2;1;1;1;49,0936060000;6,0953670000
202200021985;5;10;2022;15:40;1;63;2;1;1;1;45,8797130000;3,0008930000
202200021986;8;10;2022;17:40;1;44;2;1;7;6;47,2999770000; -1,5527630000
202200021987;6;10;2022;14:40;1;17;1;1;1;1;46,1738800000; -1,3296840000
202200021988;7;10;2022;01:20;4;56;2;1;1;6;48,0156820000; -2,9529020000
202200021989;8;10;2022;11:15;1;35;1;2;1;1;48,3448200000; -1,3397310000
202200021990;7;10;2022;14:15;1;62;2;1;7;1;50,5184540000;1,7030470000
202200021991;8;10;2022;06:50;5;59;2;4;1;3;50,5248600000;3,2829170000
202200021992;8;10;2022;15:15;1;59;2;1;1;2;50,5488630000;2,8253750000
202200021993;5;10;2022;19:50;3;13;1;1;1;2;43,4913000000;5,2395000000
202200021994;5;10;2022;14:45;1;13;1;1;1;2;43,3357900000;5,3769600000
202200021995;7;10;2022;07:25;1;83;1;9;1;2;43,2026870000;5,7308370000
202200021996;7;10;2022;05:35;3;57;1;9;1;3;49,3657900000;6,1069600000
202200021997;7;10;2022;16:28;1;91;1;1;1;4;48,6315200000;2,5029200000
202200021998;7;10;2022;09:10;1;92;1;1;1;4;48,7605783397;2,2919127345
202200021999;7;10;2022;08:35;1;94;1;1;1;2;48,7508017306;2,3554256350
202200022000;6;10;2022;09:40;1;78;1;1;1;5;48,8390530000;2,1202990000
202200022001;7;10;2022;17:00;1;94;1;1;1;2;48,8302008945;2,4957669959
202200022002;7;10;2022;11:30;1;94;1;1;1;4;48,7639305386;2,3806452928
202200022003;13;9;2022;14:30;1;58;2;1;1;1;46,9792400000;3,1259400000
202200022004;5;10;2022;15:40;1;987;2;1;1;3; -17,5522600000; -149,5715600000
202200022005;6;10;2022;07:25;1;974;1;1;1;4; -21,3012900000;55,5030000000
202200022006;4;10;2022;18:15;5;973;2;1;1;7;4,9412908343; -52,3213389516
202200022007;7;10;2022;00:05;5;69;2;1;1;6;45,7506200000;4,8492800000
202200022008;6;10;2022;18:40;2;69;2;1;1;5;45,7859100000;4,8546700000
202200022009;6;10;2022;15:45;1;972;2;9;1;2;14,6077800000; -61,0691800000
202200022010;6;10;2022;08:50;1;972;2;1;1;6;14,6133200000; -61,0523600000
202200022011;6;10;2022;09:00;1;69;2;1;1;3;45,7529000000;4,8334000000
202200022012;5;10;2022;15:30;1;69;2;1;1;7;45,7801273052;4,7933453323
202200022013;6;10;2022;09:00;1;2B;1;1;1;2;42,6990300000;9,4365900000
202200022014;6;10;2022;16:10;1;971;1;1;1;6;16,2494478600; -61,5030366182
202200022015;6;10;2022;08:30;1;971;2;3;1;1;16,0063600000; -61,7359500000
202200022016;6;10;2022;10:15;1;95;2;1;1;6;49,0381586583;2,4678066373
202200022017;6;10;2022;17:40;1;91;2;1;1;3;48,6846200000;2,1950500000
202200022018;6;10;2022;09:25;1;91;2;1;7;3;48,6501800000;2,3740100000
202200022019;3;10;2022;18:15;1;89;2;1;1;6;48,2048600000;3,2861700000
202200022020;6;10;2022;18:47;2;86;1;1;1;2;46,5631190000;0,3453720000
202200022021;6;10;2022;15:00;1;85;2;2;1;3;46,6679260000; -1,4266580000
202200022022;6;10;2022;08:30;1;83;2;6;1;3;43,1187400000;5,9457300000
202200022023;5;10;2022;11:05;1;83;2;1;1;2;43,0991837179;5,8281344175
202200022024;6;10;2022;09:25;1;78;2;1;1;6;48,9813310000;1,9159880000
202200022025;6;10;2022;17:42;1;78;2;1;1;6;48,9280500000;2,0424040000
202200022026;5;10;2022;17:36;1;77;1;1;2;1;48,5929700000;2,6053300000
202200022027;6;10;2022;11:20;1;77;2;1;1;4;48,8777610000;2,7354410000
202200022028;6;10;2022;15:20;1;77;2;2;1;3;48,4132200000;2,7198000000
202200022029;5;10;2022;17:40;1;76;2;1;1;7;49,4889900000;0,1347100000
202200022030;5;10;2022;20:30;5;72;2;3;2;3;47,9714200000;0,2135000000
202200022031;4;10;2022;17:50;1;72;2;1;1;4;47,9780200000;0,2133900000
202200022032;6;10;2022;11:10;1;71;2;1;8;1;46,7958300000;4,4215800000
202200022033;6;10;2022;11:45;1;69;2;3;1;3;45,7775700000;5,0004200000
202200022034;6;10;2022;08:20;1;69;2;8;1;6;45,7649600000;4,9375400000
202200022035;5;10;2022;16:02;1;67;2;1;1;3;48,5905100000;7,7675500000
202200022036;6;10;2022;08:00;1;66;2;6;1;2;42,6699950266;2,9051193595
202200022037;6;10;2022;13:20;1;64;2;6;1;3;43,2929400000; -0,3866000000
202200022038;5;10;2022;20:30;5;64;2;1;1;6;43,3004800000; -0,3751400000
202200022039;5;10;2022;14:36;1;64;2;9;1;2;43,4969900000; -1,4836100000
202200022040;20;9;2022;17:06;1;63;2;1;1;6;45,7642347601;3,0866271257
202200022041;6;10;2022;09:15;1;59;2;1;8;6;50,7199363030;3,1452387571
202200022042;5;10;2022;01:05;4;57;1;1;1;2;49,3258080000;6,1531960000
202200022043;1;10;2022;02:22;5;56;2;1;1;2;47,6669600000; -2,7356400000
202200022044;14;11;2022;23:50;3;21;1;1;2;6;47,0575494799;4,7828874119