Accident_Id;jour;mois;an;hrmn;lum;dep;agg;int;atm;col;lat;long
202200022045;6;10;2022;17:00;1;54;2;3;1;6;49,2254740000;6,0149120000
202200022046;10;11;2022;18:10;3;13;1;3;1;2;43,5452470000;5,3420270000
202200022047;6;10;2022;15:43;1;51;2;2;1;3;49,2721600000;4,0127100000
202200022048;13;11;2022;19:40;3;17;1;1;1;4;45,5390245515; -0,6066907536
202200022049;6;10;2022;11:30;1;51;2;7;1;1;49,2440900000;4,0495900000
202200022050;14;11;2022;18:15;3;988;1;1;1;7; -20,9164980000;165,3067410000
202200022051;5;10;2022;16:15;1;50;1;1;1;3;49,0992500000; -1,0799500000
202200022052;14;11;2022;09:00;1;45;2;7;1;6;47,8651230000;2,2186700000
202200022053;5;10;2022;16:50;1;50;2;3;1;1;49,6205400000; -1,6187200000
202200022054;5;10;2022;14:37;1;49;2;1;1;6;47,4430300000; -0,4962500000
202200022055;15;11;2022;18:40;5;66;2;3;1;3;42,6661320000;2,6107660000
202200022056;6;9;2022;16:30;1;42;1;3;1;3;45,4689990000;4,4222540000
202200022057;26;9;2022;22:50;5;38;2;3;1;3;45,1593100000;5,7282900000
202200022058;6;11;2022;10:30;1;06;2;1;1;1;43,7350420000;7,1522340000
202200022059;30;9;2022;18:37;1;06;1;1;1;7;43,8119200000;7,2272420000
202200022060;6;10;2022;08:10;1;35;2;3;1;3;48,1080360000; -1,7007360000
202200022061;5;10;2022;17:00;1;34;2;2;1;7;43,3449600000;3,2199300000
202200022062;3;11;2022;21:00;3;04;1;1;2;1;43,8974010000;5,8367760000
202200022063;6;10;2022;22:15;5;33;2;1;1;6;44,8434600000; -0,5702000000
202200022064;6;10;2022;10:43;1;33;2;2;8;3;44,8289900000; -0,6267100000
202200022065;15;11;2022;16:10;1;38;1;1;8;2;45,4212420000;4,8276220000
202200022066;5;10;2022;17:30;1;33;2;2;1;3;44,8506500000; -0,6785100000
202200022067;8;11;2022;18:00;3;21;1;1;1;6;47,1806670000;5,4117970000
202200022068;6;10;2022;00:20;3;31;1;1;1;7;43,0779530000;0,7081980000
202200022069;14;11;2022;17:00;3;67;1;1;1;7;48,4438250000;7,7004990000
202200022070;15;9;2022;14:00;1;30;2;3;1;3;44,1567000000;4,6233000000
202200022071;6;10;2022;08:20;2;30;2;9;1;6;44,1269858428;4,0879822522
202200022072;15;11;2022;17:45;5;38;2;1;1;6;45,1270430000;5,7784730000
202200022073;6;10;2022;08:03;2;29;2;6;1;3;48,3915115440; -4,4805014133
202200022074;13;11;2022;10:15;1;69;2;1;1;2;45,6710520951;4,8986220360
202200022075;5;10;2022;12:15;1;27;2;3;1;3;49,2308500000;1,1695700000
202200022076;15;11;2022;18:00;2;16;1;1;2;1;45,7097300000;0,4138560000
202200022077;14;11;2022;10:35;1;33;2;1;2;1;44,9159820000; -0,6346860000
202200022078;28;10;2022;16:15;1;85;2;6;1;6;46,4641390000; -0,7926950000
202200022079;14;11;2022;01:30;3;61;2;1;2;6;48,5469340000; -0,0822370000
202200022080;15;11;2022;13:20;1;22;2;1;1;6;48,5545251296; -3,1500110328
202200022081;15;11;2022;18:20;3;62;1;1;8;2;50,4193270000;2,6345020000
202200022082;15;11;2022;15:35;1;59;1;1;2;1;50,7318160000;2,6493490000
202200022083;14;11;2022;17:31;5;13;1;1;1;2;43,2891000000;5,4248000000
202200022084;12;11;2022;11:47;1;57;1;1;8;2;49,2979000000;6,1496900000
202200022085;14;11;2022;09:15;1;33;1;1;3;3;44,7838000000; -0,6312000000
202200022086;14;11;2022;09:10;1;33;1;1;3;3;44,8781940000; -0,6304150000
202200022087;10;11;2022;17:18;2;59;1;1;1;2;50,5876541542;3,0946918048
202200022088;14;11;2022;12:30;1;91;1;1;1;3;48,6681700000;2,3549200000
202200022089;14;11;2022;10:08;1;91;1;1;5;3;48,6994600000;2,3121800000
202200022090;14;11;2022;07:55;2;94;1;1;1;3;48,7579800000;2,3270500000
202200022091;14;11;2022;01:40;3;91;1;1;1;2;48,7172900000;2,3098300000
202200022092;14;11;2022;17:55;3;92;1;1;1;4;48,9353585481;2,2851630231
202200022093;13;11;2022;18:05;3;78;1;1;1;7;48,9584360000;1,9336380000
202200022094;13;11;2022;18:00;3;92;1;1;1;2;48,8350422017;2,1744212904
202200022095;13;11;2022;18:00;3;78;1;1;1;6;48,8413100000;2,0940110000
202200022096;13;11;2022;11:15;1;78;1;1;1;4;48,8953200000;2,0071600000
202200022097;14;11;2022;16:50;1;95;1;1;1;6;49,0009270000;2,5226210000
202200022098;12;11;2022;23:45;5;93;1;1;1;5;48,9047800000;2,3584000000
202200022099;14;11;2022;10:00;1;77;1;1;5;6;48,8027050000;2,6266810000
202200022100;20;8;2022;20:00;1;22;1;1;1;2;48,7153100000; -3,3982500000
202200022101;13;11;2022;19:15;5;988;2;1;1;6; -22,2909600000;166,4398900000
202200022102;12;11;2022;15:51;1;974;2;1;1;6; -20,9331400000;55,3091500000
202200022103;13;11;2022;08:00;1;69;2;1;8;2;45,7462440119;4,8690133542
202200022104;12;11;2022;10:25;1;972;1;1;1;6;14,6450900000; -60,9906800000
202200022105;11;11;2022;21:10;5;972;1;1;1;2;14,6214400000; -60,9918400000
202200022106;13;11;2022;10:45;1;972;2;9;1;3;14,6226300000; -61,0389400000
202200022107;12;11;2022;10:58;1;972;2;1;1;6;14,6286800000; -61,0562500000
202200022108;12;11;2022;19:50;5;91;2;3;1;3;48,7207550000;2,4511890000
202200022109;13;11;2022;08:30;1;91;2;9;9;7;48,6504800000;2,3907900000
202200022110;13;11;2022;10:00;1;77;2;1;7;6;48,8414600000;2,7518200000
202200022111;12;11;2022;22:30;5;76;1;1;1;6;49,9052501556;1,0868622663
202200022112;13;11;2022;03:45;5;71;2;5;5;7;46,8057100000;4,4336600000
202200022113;13;11;2022;07:10;1;71;2;1;1;3;46,7739000000;4,8183000000
202200022114;13;11;2022;14:00;1;69;2;2;8;1;45,7754900000;4,9174100000
202200022115;8;11;2022;20:00;5;69;2;2;1;3;45,7116900000;4,8426400000
202200022116;13;11;2022;16:00;1;69;2;1;1;3;45,7241300000;4,9171000000
202200022117;30;1;2022;16:30;1;91;2;2;1;3;48,6961220000;2,3302860000
202200022118;12;11;2022;15:50;1;69;2;1;1;2;45,6923400000;4,9627200000
202200022119;29;1;2022;09:30;1;73;2;6;8;6;45,5662644715;5,9340481460
202200022120;10;11;2022;08:30;1;68;2;1;1;3;48,0809900000;7,3641000000
202200022121;30;1;2022;13:40;1;71;2;1;8;1;46,6889500000;4,3494200000
202200022122;30;1;2022;16:10;1;69;2;3;1;2;45,7508258284;4,9085417390
202200022123;13;11;2022;16:25;1;64;2;3;1;3;43,3169300000; -0,3441600000
202200022124;25;1;2022;08:35;2;69;2;3;1;6;45,6965300000;4,9476500000
202200022125;12;11;2022;15:30;1;60;2;1;5;6;49,4110100000;2,1084400000
202200022126;28;1;2022;17:20;2;69;2;2;1;5;45,7807900000;4,9235900000
202200022127;29;1;2022;18:00;2;64;2;6;8;3;43,3632500000; -1,6918900000
202200022128;12;11;2022;16:30;2;60;2;1;5;2;49,4492430000;2,0855050000
202200022129;30;1;2022;04:27;5;59;2;1;1;6;50,7655600000;3,1442100000
202200022130;13;11;2022;16:15;1;59;2;2;1;3;50,7180890000;3,1482640000
202200022131;30;1;2022;07:22;5;59;2;6;1;3;50,6790409052;3,1363338232
202200022132;30;1;2022;05:10;5;49;2;1;1;7;47,4868500000; -0,5382900000
202200022133;30;1;2022;03:35;5;38;2;6;1;6;45,1978400000;5,7096700000
202200022134;13;11;2022;12:00;1;59;2;2;1;3;50,6000200000;3,0517700000
202200022135;30;1;2022;03:00;3;35;1;1;2;2;48,1829300000; -1,7201500000
202200022136;8;11;2022;16:50;1;59;2;1;1;3;50,6380800000;3,1251900000
202200022137;29;1;2022;11:50;1;35;2;6;1;2;48,1322900000; -1,6911000000
202200022138;13;11;2022;04:00;5;54;2;4;5;7;48,7111927296;6,2067496777
202200022139;30;1;2022;16:10;1;33;2;3;1;3;44,8580083353; -0,5802988708
202200022140;13;11;2022;15:10;1;51;2;1;1;2;49,2259500000;4,0168000000
202200022141;30;1;2022;03:30;5;31;2;1;5;7;43,1142400000;0,7263300000
202200022142;4;2;2022;15:51;1;29;2;2;6;3;48,4166120000; -4,4631000000
202200022143;13;11;2022;17:55;2;44;2;1;1;3;47,2366800000; -1,5459000000
202200022144;10;10;2022;10:35;1;42;2;1;1;6;45,4789000000;4,3591800000
202200022145;30;1;2022;18:55;5;26;2;1;1;3;44,9310200000;4,8866200000
202200022146;13;11;2022;16:40;1;41;1;9;1;6;47,5688500000;1,3677900000
202200022147;28;1;2022;13:05;1;14;2;9;8;3;49,3996280000;0,2436550000
202200022148;28;1;2022;12:20;1;10;2;1;1;6;48,2911500000;4,0710900000
202200022149;13;11;2022;14:40;1;38;2;2;1;3;45,1807200000;5,7195600000
202200022150;30;1;2022;13:10;1;06;2;2;1;5;43,7106500000;7,2635600000
202200022151;13;11;2022;21:05;5;37;2;3;1;6;47,3977863676;0,7500261068
202200022152;30;1;2022;13:52;1;06;2;1;1;3;43,5677200000;7,0152500000
202200022153;13;11;2022;20:00;3;35;1;1;1;2;48,0803000000; -1,6774100000
202200022154;29;1;2022;18:20;3;03;1;1;2;6;46,3566793040;2,5701357361
202200022155;13;11;2022;16:20;1;33;2;1;1;1;44,8648400000; -0,5191300000
202200022156;30;1;2022;16:45;1;75;2;3;1;3;48,8513030000;2,3435270000
202200022157;30;1;2022;15:45;1;75;2;2;1;6;48,8665300000;2,3999140000
202200022158;13;11;2022;06:10;5;33;2;4;1;1;44,8317900000; -0,5588000000
202200022159;30;1;2022;16:00;1;75;2;3;1;3;48,8906980000;2,3623040000
202200022160;30;1;2022;00:45;5;75;2;2;2;6;48,8807060000;2,2852880000
202200022161;13;11;2022;16:10;1;33;1;1;1;5;44,6146100000; -1,1444200000
202200022162;30;1;2022;13:45;1;75;2;2;1;3;48,8750910000;2,2839760000
202200022163;30;1;2022;15:20;1;75;2;1;1;6;48,8278780000;2,3048080000
202200022164;13;11;2022;11:42;1;31;2;1;1;6;43,6529400000;1,4123000000
202200022165;13;11;2022;02:24;5;31;1;9;1;3;43,6052850000;1,3967700000
202200022166;30;1;2022;14:35;1;75;2;1;7;4;48,8290160000;2,4198000000
202200022167;30;1;2022;11:00;1;75;2;2;1;3;48,8780530000;2,3226180000
202200022168;29;10;2022;00:50;3;22;2;1;2;2;48,7488000000; -3,4878790000
202200022169;30;1;2022;21:35;5;94;2;1;1;1;48,7476803033;2,4675258285
202200022170;11;11;2022;18:37;2;18;1;6;1;7;47,0972500000;2,4556000000
202200022171;30;1;2022;04:00;5;93;2;5;1;3;48,9502600000;2,5233000000
202200022172;13;11;2022;20:38;5;14;2;1;1;2;49,3547100000;0,0700430000
202200022173;30;1;2022;06:40;5;93;2;1;1;3;48,8745710000;2,4531700000
202200022174;13;1;2022;00:30;5;93;2;9;1;6;48,9190443771;2,3977757553
202200022175;13;11;2022;16:25;1;13;2;3;1;3;43,2991000000;5,3816300000
202200022176;30;1;2022;21:00;5;93;2;3;1;3;48,8954500000;2,5590700000
202200022177;13;11;2022;01:05;5;13;2;1;1;7;43,3599800000;5,2938800000
202200022178;30;1;2022;17:17;1;93;2;2;1;1;48,9439490000;2,4457900000
202200022179;13;11;2022;22:45;3;13;1;1;1;7;43,4428714969;5,0274715182
202200022180;29;1;2022;22:25;5;92;2;1;8;1;48,8847838761;2,2169280946
202200022181;13;11;2022;11:25;1;12;1;1;1;2;44,5543700000;2,2854900000
202200022182;30;1;2022;16:00;1;83;1;1;1;3;43,5408214802;6,3748047351
202200022183;29;1;2022;16:09;1;84;1;4;1;3;44,0273220000;5,0944320000
202200022184;12;11;2022;14:10;1;12;1;2;1;3;44,5468000000;2,3009700000
202200022185;11;11;2022;20:49;5;78;2;7;1;6;48,8862300000;2,1555600000
202200022186;30;1;2022;15:15;1;68;1;3;1;3;47,9413753908;7,2367182747
202200022187;28;1;2022;08:40;2;95;2;6;2;6;49,1570066674;2,2630012035
202200022188;12;11;2022;13:00;1;54;2;2;8;6;48,7005819115;6,2246400118
202200022189;30;1;2022;12:30;1;972;1;1;1;3;14,5719900000; -60,8608460000
202200022190;13;11;2022;16:20;2;75;2;1;1;3;48,8162900000;2,3457770000
202200022191;13;11;2022;08:35;1;75;2;1;1;3;48,9006450000;2,3247300000
202200022192;28;1;2022;08:10;2;22;1;1;8;2;48,4226998576; -2,4520327584
202200022193;31;1;2022;15:35;1;2B;1;1;1;3;42,0821240000;9,4845270000
202200022194;13;11;2022;07:10;2;75;2;1;1;6;48,8234250000;2,3102740000
202200022195;31;1;2022;10:43;1;59;2;1;1;6;50,0993160000;3,3130220000
202200022196;31;1;2022;08:15;2;56;2;1;1;6;47,9621480000; -3,1749290000
202200022197;12;11;2022;15:00;1;75;2;1;1;4;48,8909580000;2,3960330000
202200022198;28;1;2022;11:00;1;2A;1;3;1;1;41,8977850000;8,8288180000
202200022199;12;11;2022;12:10;1;75;2;1;1;4;48,8599300000;2,4139820000
202200022200;30;1;2022;14:00;1;42;1;1;1;6;45,7382820000;4,0754340000
202200022201;30;1;2022;09:00;1;34;1;1;9;6;43,7878030000;3,2434670000
202200022202;13;11;2022;09:46;1;75;2;7;1;3;48,8423620000;2,2515010000
202200022203;31;1;2022;08:15;1;25;1;1;4;3;47,0427680000;6,7029080000
202200022204;12;11;2022;13:30;1;75;2;1;1;5;48,8479350000;2,3919880000
202200022205;29;1;2022;21:45;3;35;1;2;1;1;48,5863002395; -1,9082616270
202200022206;30;1;2022;00:30;3;31;1;1;5;7;43,6903540000;1,5653370000
202200022207;12;11;2022;23:45;5;75;2;3;1;2;48,8726630000;2,3352260000
202200022208;30;1;2022;21:28;3;38;1;1;1;6;45,2606270000;5,9970870000
202200022209;13;11;2022;03:20;5;75;2;2;1;3;48,8423470000;2,2941870000
202200022210;29;1;2022;19:45;3;14;1;4;2;1;49,1843590000;0,1752210000
202200022211;31;1;2022;05:00;3;50;1;1;1;6;48,7677860000; -1,0770440000
202200022212;13;11;2022;08:45;1;75;2;7;1;3;48,8560830000;2,3507030000
202200022213;29;1;2022;00:00;3;40;1;1;5;6;43,9393930000; -0,3655370000
202200022214;31;1;2022;08:50;1;27;1;2;1;3;49,1300320000;0,7923460000
202200022215;12;11;2022;22:00;3;93;2;2;8;3;48,9495290000;2,5652630000
202200022216;29;1;2022;11:00;1;30;2;6;1;6;43,7787000000;4,0863000000
202200022217;13;11;2022;15:10;1;93;2;1;1;6;48,8940900000;2,4393600000
202200022218;30;1;2022;03:45;4;35;1;6;5;6;48,1213530000; -1,7742170000
202200022219;30;1;2022;15:50;1;987;2;1;1;1; -17,5845220000; -149,5685780000
202200022220;12;11;2022;22:40;5;93;2;2;1;2;48,8531760000;2,4278270000
202200022221;30;1;2022;18:35;5;34;1;1;1;6;43,4775960000;3,6850820000
202200022222;30;1;2022;15:25;1;987;2;1;1;3; -16,5037640000; -151,7512590000
202200022223;13;11;2022;14:10;1;93;2;1;1;2;48,9291500000;2,3966400000
202200022224;31;1;2022;07:30;1;976;2;1;1;3; -12,7877590000;45,2643800000
202200022225;13;11;2022;18:30;5;93;2;2;1;3;48,9574330000;2,5039770000
202200022226;30;1;2022;15:16;1;974;1;1;1;5; -21,2773780000;55,7943250000
202200022227;2;11;2022;16:35;1;92;2;1;1;3;48,8675662279;2,2263595462
202200022228;27;1;2022;06:25;3;973;1;1;3;1;4,9613250000; -52,4331520000
202200022229;30;1;2022;21:00;5;971;2;1;1;7;15,8633780000; -61,5839860000
202200022230;13;11;2022;18:15;2;92;2;4;1;2;48,8298617383;2,2310931086
202200022231;13;11;2022;20:55;3;974;1;1;1;7; -21,0453890000;55,2876560000
202200022232;31;1;2022;14:50;1;971;1;3;1;3;16,2228900000; -61,7844750000
202200022233;13;11;2022;18:50;3;24;1;2;1;6;45,0258740000;0,3464560000
202200022234;31;1;2022;06:25;3;34;1;1;1;7;43,5695450000;4,0729740000
202200022235;12;11;2022;14:50;1;42;2;1;1;6;46,0999670000;4,1168150000
202200022236;30;1;2022;19:00;3;55;1;1;1;6;49,5265608336;5,4194289864
202200022237;31;1;2022;13:10;1;07;1;6;1;1;44,5628330000;4,4740430000
202200022238;13;11;2022;16:00;1;71;1;1;1;3;46,3391100000;4,8497290000
202200022239;17;1;2022;17:00;1;59;2;6;1;3;50,6343808793;2,7361978590
202200022240;14;11;2022;08:15;1;28;1;2;5;3;48,2379080000;1,2766460000
202200022241;29;1;2022;23:30;5;13;2;1;1;2;43,3035500000;5,3667700000
202200022242;14;11;2022;10:10;1;62;1;1;7;6;50,9308270000;2,0209410000
202200022243;30;1;2022;18:00;3;94;1;1;1;3;48,7863600000;2,3467300000
202200022244;29;1;2022;22:55;3;91;1;1;2;2;48,5689700000;2,4711100000
202200022245;14;11;2022;08:39;1;21;1;1;1;4;47,3375470000;4,9637570000
202200022246;29;1;2022;12:30;1;94;1;1;8;4;48,7757400000;2,3464400000
202200022247;10;11;2022;15:44;1;06;2;1;7;3;43,6413800000;6,8787190000
202200022248;30;1;2022;12:30;1;78;1;1;1;2;48,7911450000;2,0388620000
202200022249;14;11;2022;16:35;1;72;1;1;1;3;47,9501600000;0,1952900000
202200022250;30;1;2022;06:10;3;78;1;1;1;2;48,9320150000;1,9766870000
202200022251;30;1;2022;21:50;3;95;1;1;1;2;48,9766300000;2,4919390000
202200022252;13;11;2022;18:40;3;83;1;1;1;5;43,4686780000;5,7821010000
202200022253;30;1;2022;14:05;1;92;1;1;1;3;48,9435648403;2,2873895243
202200022254;12;11;2022;10:45;1;76;2;2;5;3;49,5398760000;1,2762700000
202200022255;30;1;2022;00:40;3;93;1;1;1;1;48,8958375835;2,4707170752
202200022256;13;11;2022;17:20;3;2A;1;1;1;6;41,8694250000;8,8035360000
202200022257;14;11;2022;08:45;1;82;1;1;1;6;44,0554370000;1,4867000000
202200022258;29;1;2022;00:10;3;95;1;1;1;5;49,0569716697;2,2069054842
202200022259;13;11;2022;00:30;5;71;2;1;1;6;46,6452270000;5,1685680000
202200022260;30;1;2022;20:00;3;94;1;1;1;2;48,8297175111;2,4830468102
202200022261;10;11;2022;06:40;2;47;2;1;5;6;44,2488880000;0,4128890000
202200022262;30;1;2022;05:30;3;94;1;1;8;4;48,8173704442;2,4286139539
202200022263;29;1;2022;02:32;5;94;1;9;1;7;48,8274900000;2,5098700000
202200022264;14;11;2022;07:45;2;22;1;2;2;3;48,5545800000; -2,8271420000
202200022265;13;11;2022;15:40;1;29;1;1;1;1;48,3726290000; -3,9469240000
202200022266;29;1;2022;02:50;5;93;2;6;2;4;48,9463000000;2,5670500000
202200022267;14;11;2022;19:20;3;29;1;1;1;6;48,0299877857; -4,6192395687
202200022268;29;1;2022;19:35;5;76;2;2;2;6;49,4322200000;1,0788100000
202200022269;29;1;2022;13:30;1;974;2;1;1;7; -20,9562300000;55,6874100000
202200022270;29;9;2022;08:47;1;38;1;1;1;4;45,3395870000;5,9417870000
202200022271;28;1;2022;23:40;5;973;2;2;1;3;4,9423588389; -52,3224440217
202200022272;29;1;2022;20:15;5;69;2;1;1;2;45,7974100000;4,8529100000
202200022273;14;11;2022;08:44;1;85;1;1;3;4;46,9768000000; -0,9625000000
202200022274;30;1;2022;00:45;5;2A;2;6;1;6;41,9298100000;8,7572700000
202200022275;14;11;2022;02:50;3;58;1;9;1;7;46,9816430000;3,7248210000
202200022276;29;1;2022;14:20;1;2A;2;3;1;3;41,9143500000;8,7248200000
202200022277;13;11;2022;19:30;3;58;1;1;1;7;46,9568530000;3,2516960000
202200022278;29;1;2022;01:00;3;77;1;1;1;2;48,7690800000;2,6387000000
202200022279;9;11;2022;20:50;5;14;2;1;1;1;49,0670463484;0,3144748159
202200022280;13;11;2022;15:15;1;64;2;1;1;3;42,9953690000; -0,6140540000
202200022281;29;1;2022;17:45;2;71;1;9;8;2;46,2757400000;4,7864900000
202200022282;29;1;2022;07:15;3;71;1;1;1;1;46,7722200000;4,8730200000
202200022283;13;11;2022;23:15;3;73;1;1;1;2;45,5067040000;6,0265750000
202200022284;30;1;2022;00:55;5;69;2;2;1;3;45,9898100000;4,7186900000
202200022285;13;11;2022;07:30;2;43;1;1;1;7;44,9467240000;3,9273070000
202200022286;12;11;2022;22:30;3;53;1;1;5;7;48,1688810000; -0,9773150000
202200022287;29;1;2022;10:00;1;64;2;1;7;3;43,3121900000; -0,3674100000
202200022288;29;1;2022;02:15;5;64;2;1;1;7;43,4748700000; -1,5663800000
202200022289;13;11;2022;20:50;3;21;1;1;1;6;47,5908540000;4,3323250000
202200022290;29;1;2022;21:15;5;64;2;1;5;7;43,4907600000; -1,5289700000
202200022291;29;1;2022;19:45;5;59;2;1;1;6;50,7156745763;3,1635426879
202200022292;14;11;2022;18:30;3;27;1;1;1;3;49,1240930000;0,8670830000
202200022293;29;1;2022;11:00;1;59;2;2;2;3;50,6195006500;3,0580508709
202200022294;23;10;2022;02:30;3;37;2;1;2;1;47,2750108151;0,8349126577
202200022295;29;1;2022;21:35;5;51;1;6;2;7;49,2200404832;4,0639114380
202200022296;13;11;2022;19:05;5;08;2;3;1;3;49,3705870000;4,7096180000
202200022297;29;1;2022;19:10;5;51;2;1;2;2;49,2550000000;4,0550000000
202200022298;12;11;2022;17:05;2;79;1;1;1;2;46,3464980000; -0,2963730000
202200022299;29;1;2022;19:12;5;49;2;1;1;3;47,4519300000; -0,5709500000
202200022300;29;1;2022;19:25;5;45;2;1;2;2;47,9870602007;2,7148354053
202200022301;24;1;2022;07:40;2;42;2;3;1;6;45,5272971464;4,6173814684
202200022302;13;11;2022;22:25;3;72;1;1;5;4;48,0100707077; -0,1112759115
202200022303;30;1;2022;00:20;5;28;2;1;9;2;48,7262400000;1,3615700000
202200022304;29;1;2022;18:45;5;28;2;9;1;1;48,4398100000;1,4827400000
202200022305;13;11;2022;16:48;1;72;1;1;1;4;48,0070344973; -0,1625168326
202200022306;29;1;2022;12:20;1;27;2;1;1;2;49,0154900000;1,1790900000
202200022307;13;11;2022;21:15;3;42;1;1;5;6;45,8117520000;4,1181990000
202200022308;28;1;2022;11:40;1;26;2;3;1;3;44,5717400000;4,7431200000
202200022309;11;11;2022;16:45;1;23;1;1;1;7;46,2204650000;1,6597510000
202200022310;29;1;2022;22:40;5;25;2;2;2;6;47,2479400000;6,0365200000
202200022311;29;1;2022;22:10;3;15;2;1;1;6;44,9084300000;2,4239000000
202200022312;10;11;2022;09:35;1;13;1;3;1;3;43,5406900000;5,2648120000
202200022313;29;1;2022;04:20;5;13;2;1;1;3;43,3265500000;5,4251500000
202200022314;13;11;2022;13:30;1;13;1;1;1;1;43,6903080000;4,5444780000
202200022315;28;1;2022;22:40;5;13;2;1;1;3;43,2896704248;5,3815718601
202200022316;13;11;2022;22:12;3;27;1;1;5;2;49,3166500000;0,3097280000
202200022317;12;11;2022;19:00;5;987;1;1;2;3; -16,7440000000; -151,4600000000
202200022318;25;1;2022;11:05;1;12;1;1;9;3;44,5475100000;2,2942400000
202200022319;29;1;2022;16:05;1;06;2;1;1;6;43,7229700000;7,2489180000
202200022320;9;11;2022;16:15;1;971;2;3;1;3;15,8802213677; -61,3104915619
202200022321;29;1;2022;17:10;1;06;2;1;1;3;43,5579310000;6,9869220000
202200022322;14;11;2022;08:20;2;95;1;1;5;1;49,1120760000;2,0152570000
202200022323;29;1;2022;15:55;1;06;2;3;1;6;43,6610900000;7,1445470000
202200022324;13;11;2022;11:30;1;13;1;1;1;2;43,5715580000;4,7342080000
202200022325;28;1;2022;22:45;5;01;2;2;1;3;46,2636590000;5,6511780000
202200022326;12;11;2022;18:15;5;57;2;1;2;6;49,3048980000;6,1028090000
202200022327;28;1;2022;19:15;5;75;2;1;1;4;48,8705360000;2,4132240000
202200022328;13;11;2022;18:10;3;07;1;2;1;3;44,5913920000;4,5420100000
202200022329;26;1;2022;14:20;1;75;2;1;1;5;48,8387510000;2,2543590000
202200022330;13;11;2022;17:30;3;69;1;1;5;1;46,0385641797;4,6782088281
202200022331;29;1;2022;16:55;1;75;2;3;1;6;48,8496560000;2,2760890000
202200022332;29;1;2022;07:33;5;75;2;7;1;6;48,8712730000;2,2742700000
202200022333;9;11;2022;22:40;3;69;1;1;2;3;45,6796840000;5,0708180000
202200022334;29;1;2022;18:45;5;75;2;7;8;6;48,8436630000;2,2929900000
202200022335;29;1;2022;18:00;5;75;2;3;1;6;48,8326320000;2,3156710000
202200022336;14;11;2022;16:30;1;49;1;6;1;3;47,2114350000; -0,9816350000
202200022337;28;1;2022;20:50;5;75;2;3;1;2;48,8280950000;2,3156240000
202200022338;29;1;2022;15:50;1;75;2;1;1;6;48,8189860000;2,3603870000
202200022339;14;11;2022;07:20;2;56;1;1;2;1;48,0279510000; -2,9559040000
202200022340;10;11;2022;13:33;1;56;1;1;1;2;48,0725270000; -3,0224530000
202200022341;29;1;2022;12:35;1;75;2;2;1;3;48,8486320000;2,3725800000
202200022342;25;7;2022;07:44;1;54;2;1;1;2;48,7078227867;6,2424123287
202200022343;13;11;2022;10:40;1;29;2;6;1;2;47,9074964400; -4,0504604650
202200022344;29;1;2022;22:20;5;75;2;2;1;3;48,8649920000;2,3136820000
202200022345;13;11;2022;14:38;2;76;1;1;5;6;49,5717814924;1,6080379484
202200022346;29;1;2022;16:30;1;75;2;2;1;6;48,8777680000;2,3163200000
202200022347;14;11;2022;11:30;1;76;1;1;5;2;49,3864380000;1,2696930000
202200022348;29;1;2022;01:45;5;75;2;2;2;3;48,8705300000;2,3052400000
202200022349;14;11;2022;08:06;1;60;2;1;5;2;49,2400950000;2,1286760000
202200022350;24;7;2022;11:45;1;51;2;4;1;7;49,2639700000;4,0575000000
202200022351;29;1;2022;18:45;5;75;2;4;8;6;48,8668580000;2,3619560000
202200022352;21;7;2022;19:20;1;42;2;4;1;1;45,5338400000;4,6076900000
202200022353;9;11;2022;13:35;1;80;1;2;1;3;49,9593480000;2,5027640000
202200022354;29;1;2022;13:10;1;94;2;2;2;2;48,7899800000;2,4900800000
202200022355;24;7;2022;23:27;5;42;2;1;1;6;45,4690300000;4,5372500000
202200022356;29;1;2022;14:42;1;94;2;9;2;3;48,8005650000;2,3607460000
202200022357;12;11;2022;04:25;3;13;1;1;1;2;43,2869700000;5,4363900000
202200022358;11;11;2022;03:20;3;69;1;1;2;2;45,6944649319;4,8420041800
202200022359;29;1;2022;03:35;5;94;2;1;2;5;48,7939500000;2,3438000000
202200022360;25;7;2022;14:00;1;37;2;3;1;3;47,3851428344;0,7110562921
202200022361;29;1;2022;22:15;5;94;2;1;2;3;48,7684620000;2,4735450000
202200022362;25;7;2022;18:15;1;35;2;1;1;3;48,1179313900; -1,6857442260
202200022363;29;1;2022;18:00;2;94;2;1;1;1;48,7843110000;2,4479290000
202200022364;13;11;2022;05:05;3;33;1;1;1;5;44,7272300000; -0,5276800000
202200022365;25;7;2022;21:22;2;34;2;2;1;6;43,5926090000;3,8524130000
202200022366;29;1;2022;10:35;1;93;2;2;1;3;48,9379800000;2,5773800000
202200022367;25;7;2022;20:05;1;33;2;6;1;3;44,8713692503; -0,6610921025
202200022368;29;1;2022;17:40;5;93;2;6;1;3;48,8785712798;2,5653834815
202200022369;29;1;2022;11:35;1;92;2;1;2;7;48,8257870647;2,2066211700
202200022370;13;11;2022;02:46;5;33;1;1;1;4;44,8793903273; -0,5267000198
202200022371;23;7;2022;20:25;1;30;2;1;1;1;44,1090400000;4,0958600000