Accident_Id;jour;mois;an;hrmn;lum;dep;agg;int;atm;col;lat;long
202200022372;29;1;2022;06:30;5;92;2;1;2;6;48,8431963582;2,1942222565
202200022373;29;1;2022;21:25;5;92;2;3;8;7;48,8111300000;2,3104900000
202200022374;29;1;2022;22:10;3;71;1;1;2;6;46,6474920000;4,5653560000
202200022375;24;5;2022;15:00;1;13;2;1;1;2;43,2415975473;5,3639687621
202200022376;13;11;2022;13:00;1;91;1;9;1;4;48,7538100000;2,2234000000
202200022377;21;7;2022;16:40;1;27;2;1;1;4;49,2420600000;1,1876800000
202200022378;25;1;2022;18:25;2;31;1;1;1;6;43,4038940000;1,0872600000
202200022379;30;1;2022;01:30;5;28;2;1;2;6;48,3946400000;1,3186580000
202200022380;13;11;2022;03:45;3;93;1;9;5;2;48,9585723695;2,5335434729
202200022381;25;7;2022;13:20;1;27;2;9;1;3;49,0089500000;1,1676200000
202200022382;28;1;2022;21:20;3;29;1;1;2;3;48,5436030400; -3,8958549490
202200022383;24;5;2022;15:00;1;13;2;3;1;3;43,2928000000;5,3798400000
202200022384;12;11;2022;20:45;5;93;1;1;1;2;48,9316724255;2,3699998856
202200022385;24;5;2022;14:30;1;13;2;2;1;7;43,3173144774;5,3901018929
202200022386;13;11;2022;01:00;3;94;1;1;1;2;48,8303228960;2,4893496496
202200022387;27;6;2022;13:40;1;17;1;1;2;2;45,6346800000; -1,0138600000
202200022388;24;5;2022;10:40;1;13;2;9;1;1;43,2800000000;5,4000000000
202200022389;11;11;2022;19:45;5;94;1;1;1;2;48,7760142953;2,4272999132
202200022390;29;1;2022;07:10;3;19;1;1;5;4;45,2464746585;1,5210994240
202200022391;25;7;2022;11:45;1;13;1;2;1;3;43,3952300000;5,2119100000
202200022392;24;5;2022;07:30;1;13;2;1;1;7;43,3362818633;5,4100140822
202200022393;30;1;2022;14:30;1;34;1;1;1;6;43,5708150000;3,6793040000
202200022394;11;11;2022;14:35;1;94;1;1;1;2;48,8173228719;2,4244468469
202200022395;30;1;2022;01:35;3;77;1;1;2;6;48,4881410000;2,5733110000
202200022396;25;7;2022;18:10;1;13;2;1;1;3;43,2785600000;5,3992400000
202200022397;24;5;2022;13:50;1;13;2;1;1;2;43,4904400000;4,9859200000
202200022398;11;11;2022;17:50;5;987;2;1;1;-1; -17,5438010000; -149,5763120000
202200022399;29;1;2022;19:15;3;74;1;1;1;6;45,9397390000;6,6110660000
202200022400;25;7;2022;19:20;1;13;2;1;1;6;43,3157300000;5,4098700000
202200022401;30;1;2022;04:15;4;74;2;1;8;1;46,0896620000;6,0304860000
202200022402;11;11;2022;17:25;1;974;1;2;1;3; -21,3308500000;55,4809500000
202200022403;25;7;2022;02:20;5;13;2;1;1;7;43,3165300000;5,3949600000
202200022404;25;5;2022;21:24;2;10;2;1;1;6;48,2698000000;4,0834600000
202200022405;28;1;2022;18:40;3;65;1;1;1;1;43,4522650000;0,0401470000
202200022406;25;7;2022;01:00;5;13;2;1;1;3;43,2872900000;5,3887500000
202200022407;30;1;2022;07:00;4;89;2;1;5;6;47,6340110000;4,0969860000
202200022408;25;5;2022;18:05;1;10;2;1;1;3;48,3146700000;4,0991090000
202200022409;12;11;2022;09:50;1;973;1;6;3;5;4,9077790000; -52,3220950000
202200022410;29;1;2022;05:00;5;61;2;1;1;1;48,2640050000;0,6869030000
202200022411;25;7;2022;04:30;2;13;2;1;1;7;43,5419500000;5,4322200000
202200022412;25;5;2022;11:40;1;10;2;1;1;2;48,2969274406;4,0665292740
202200022413;30;1;2022;08:25;2;55;2;1;5;6;49,3273070000;5,2665760000
202200022414;16;7;2022;15:45;1;09;2;1;1;6;42,9525560000;1,6125220000
202200022415;12;11;2022;20:15;5;69;2;2;1;3;45,7728482811;4,8421175758
202200022416;29;1;2022;23:40;5;49;2;1;1;6;47,3570050000; -0,2240910000
202200022417;24;5;2022;16:39;1;10;2;2;1;3;48,2804000000;4,0455000000
202200022418;12;11;2022;09:20;1;69;2;1;5;6;45,7541802641;4,8848189414
202200022419;29;1;2022;14:30;1;44;2;1;2;7;47,3309300000; -2,4262300000
202200022420;25;7;2022;11:05;1;06;2;1;1;1;43,7390000000;7,2419000000
202200022421;29;1;2022;14:15;1;29;1;6;8;3;48,4644130000; -4,4494670000
202200022422;11;11;2022;20:40;4;972;1;1;1;1;14,6194400000; -61,0554900000
202200022423;26;5;2022;00:22;5;06;2;6;1;3;43,7584930000;7,4694390000
202200022424;30;1;2022;17:15;2;58;1;1;1;2;47,0100210000;3,2142730000
202200022425;13;11;2022;01:58;5;69;2;1;1;6;45,7708500000;4,8118800000
202200022426;25;7;2022;21:15;2;06;2;1;1;1;43,6480700000;6,9247300000
202200022427;30;1;2022;14:30;1;06;1;1;1;1;44,1971410000;7,0658600000
202200022428;12;11;2022;09:45;1;95;2;1;1;6;48,9780460000;2,3693200000
202200022429;25;5;2022;18:50;1;06;1;1;1;1;43,6420750000;6,9684350000
202200022430;24;5;2022;16:25;1;06;2;1;1;7;43,6679130000;6,9284330000
202200022431;12;11;2022;18:46;5;91;2;9;5;3;48,5785000000;2,2575000000
202200022432;11;7;2022;20:15;1;06;2;1;1;2;43,5594100000;6,9736300000
202200022433;29;1;2022;18:30;5;18;1;2;1;5;46,8619920000;2,4191970000
202200022434;23;5;2022;14:00;1;06;2;1;1;3;43,5507000000;7,0014700000
202200022435;25;7;2022;07:50;1;01;2;9;7;3;46,2001000000;5,1921700000
202200022436;12;11;2022;11:10;1;91;2;1;1;4;48,7355300000;2,2282500000
202200022437;30;1;2022;00:15;5;18;2;2;1;3;46,8860340000;2,5756720000
202200022438;12;11;2022;06:10;5;91;2;1;5;2;48,7185500000;2,2989100000
202200022439;25;5;2022;04:52;5;75;2;1;1;4;48,8996850000;2,3196400000
202200022440;29;1;2022;23:32;3;16;2;1;2;6;45,4801970000; -0,1714580000
202200022441;13;11;2022;00:45;5;91;2;1;5;7;48,6813600000;2,4299600000
202200022442;25;7;2022;11:00;1;75;2;2;1;6;48,8812590000;2,3732290000
202200022443;24;5;2022;16:00;1;75;2;1;1;2;48,8729060000;2,2744470000
202200022444;11;11;2022;17:12;1;91;2;1;1;3;48,6762500000;2,3530100000
202200022445;28;1;2022;13:20;1;37;1;3;1;1;47,1228040000;0,9713140000
202200022446;28;1;2022;20:45;5;987;2;1;1;2; -17,5845220000; -149,5685780000
202200022447;25;7;2022;13:00;1;75;2;2;1;6;48,8595510000;2,2752000000
202200022448;12;11;2022;15:00;1;83;2;1;8;3;43,1264552669;5,8998379111
202200022449;24;5;2022;17:10;1;75;2;4;1;2;48,8302064589;2,4022695422
202200022450;29;1;2022;18:25;3;74;1;1;1;6;46,0623420000;6,5476750000
202200022451;11;11;2022;18:20;5;83;2;1;1;3;43,4262950971;6,7598662376
202200022452;24;7;2022;22:55;5;75;2;2;1;3;48,8431080000;2,2835060000
202200022453;22;5;2022;22:45;5;75;2;1;1;4;48,8572460000;2,2584890000
202200022454;12;11;2022;15:50;1;82;2;3;1;3;44,0169500000;1,3605300000
202200022455;29;1;2022;07:45;1;987;2;1;2;1; -17,7432510000; -149,3277810000
202200022456;24;7;2022;15:30;1;75;2;2;1;3;48,8466920000;2,2889160000
202200022457;12;11;2022;04:10;3;77;2;1;5;6;48,6038400000;2,5865900000
202200022458;24;5;2022;16:53;1;75;2;1;1;2;48,8852853384;2,2870995104
202200022459;25;7;2022;00:50;5;75;2;1;1;3;48,8381210000;2,3704800000
202200022460;23;5;2022;17:35;1;75;2;4;8;6;48,8391435268;2,3509696126
202200022461;12;11;2022;14:45;1;77;1;1;1;6;48,8495500000;2,7783600000
202200022462;25;7;2022;01:45;5;75;2;3;1;6;48,8452970000;2,3794950000
202200022463;12;11;2022;12:00;1;77;2;1;1;7;48,8817900000;2,7535600000
202200022464;24;5;2022;22:55;5;75;2;1;1;6;48,8443460000;2,3224290000
202200022465;29;1;2022;19:30;3;988;1;1;1;2; -20,7769300000;167,2097470000
202200022466;12;11;2022;03:35;5;77;2;6;1;6;48,8330600000;2,6944300000
202200022467;25;7;2022;20:00;1;75;2;3;1;3;48,8645720000;2,3658350000
202200022468;30;1;2022;11:15;1;976;2;6;1;3; -12,7921800000;45,2802020000
202200022469;12;11;2022;13:20;1;76;1;1;1;6;49,3176812070;0,9893703461
202200022470;23;5;2022;00:14;5;75;2;2;2;6;48,8494492478;2,3544175923
202200022471;12;11;2022;10:30;1;76;2;1;8;1;49,4433800000;1,1309400000
202200022472;25;7;2022;07:25;1;75;2;2;1;2;48,8603060000;2,3786630000
202200022473;28;1;2022;16:30;1;973;2;1;1;3;5,4663280000; -54,0232550000
202200022474;12;11;2022;11:15;1;71;2;1;1;6;46,7848584613;4,8552940786
202200022475;30;1;2022;14:40;1;29;1;1;1;7;47,9060549460; -3,4210571050
202200022476;24;5;2022;11:15;1;75;2;2;1;4;48,8559010852;2,4100694060
202200022477;25;7;2022;05:05;5;75;2;4;1;6;48,8581560000;2,3822040000
202200022478;12;11;2022;15:05;1;69;2;1;1;6;45,8173300000;4,9018500000
202200022479;29;1;2022;18:40;3;2A;1;1;1;1;41,5800920000;9,1993980000
202200022480;24;5;2022;08:20;1;75;2;2;1;6;48,8527910000;2,4066420000
202200022481;12;11;2022;19:15;5;64;2;1;1;3;43,3054400000; -0,3743600000
202200022482;24;7;2022;23:30;5;75;2;7;1;3;48,8779070000;2,3516410000
202200022483;30;1;2022;15:45;1;42;2;1;1;3;45,5990410000;4,0935120000
202200022484;12;11;2022;15:15;1;64;2;1;1;1;43,3174100000; -0,3532200000
202200022485;25;5;2022;15:40;1;75;2;1;1;3;48,8940715033;2,3730106652
202200022486;30;1;2022;17:00;1;38;2;1;1;2;45,3416720000;4,8040620000
202200022487;25;7;2022;19:00;1;75;2;7;1;2;48,8734990000;2,2958740000
202200022488;12;11;2022;11:57;1;64;2;3;1;3;43,3068250000; -0,3664340000
202200022489;25;5;2022;09:15;1;75;2;1;1;6;48,8820490000;2,3713940000
202200022490;25;7;2022;03:45;5;75;2;3;1;3;48,8529070000;2,2865700000
202200022491;25;5;2022;15:00;1;75;2;3;1;3;48,8888938138;2,3012749851
202200022492;12;11;2022;09:45;1;64;2;1;1;2;43,2966200000; -0,3872300000
202200022493;24;5;2022;19:50;1;75;2;4;1;3;48,8780010000;2,2943209432
202200022494;25;7;2022;10:30;1;75;2;1;1;1;48,8577160000;2,2915690000
202200022495;30;1;2022;08:15;1;69;1;1;8;6;45,6418130000;4,5588540000
202200022496;25;5;2022;08:10;1;75;2;7;1;3;48,8740420162;2,2942382097
202200022497;25;7;2022;07:10;1;75;2;7;1;2;48,8685390000;2,3419220000
202200022498;23;5;2022;15:00;1;75;2;1;1;1;48,8471930000;2,3005330000
202200022499;20;1;2022;18:45;5;17;2;3;1;6;45,5734300000; -0,5553350000
202200022500;24;7;2022;16:50;1;94;2;9;1;6;48,7855510000;2,4826960000
202200022501;25;5;2022;17:15;1;75;2;6;1;3;48,8406834886;2,4347443879
202200022502;24;7;2022;10:05;1;94;2;3;1;3;48,7930900000;2,3356400000
202200022503;30;1;2022;02:10;3;50;1;1;2;1;49,5948980000; -1,7697000000
202200022504;24;5;2022;13:20;1;75;2;1;1;6;48,8348730000;2,3810930000
202200022505;30;1;2022;20:10;3;80;1;1;1;7;49,6551830000;2,5703290000
202200022506;25;7;2022;14:30;1;94;2;3;1;1;48,8253682291;2,5423023105
202200022507;24;5;2022;00:10;5;75;2;3;8;6;48,8433450000;2,3913260000
202200022508;28;1;2022;20:20;3;13;1;1;1;3;43,4366400000;5,3959800000
202200022509;25;1;2022;11:50;1;13;1;1;1;2;43,2977600000;5,4249700000
202200022510;24;7;2022;22:50;5;94;2;3;1;3;48,7738200000;2,5171600000
202200022511;25;5;2022;10:45;1;75;2;2;1;3;48,8558222586;2,3684991896
202200022512;28;1;2022;23:40;3;69;1;1;1;2;45,6152500000;4,8098800000
202200022513;25;7;2022;20:05;1;93;2;1;1;6;48,9381200000;2,5345900000
202200022514;29;1;2022;15:05;1;91;1;1;2;2;48,6693100000;2,3504600000
202200022515;24;5;2022;22:40;5;75;2;3;1;3;48,8666109347;2,3812812567
202200022516;29;1;2022;01:25;3;91;1;1;2;3;48,7308200000;2,2410100000
202200022517;24;7;2022;08:50;1;93;2;2;1;3;48,9396700000;2,5126800000
202200022518;29;1;2022;15:20;1;78;1;1;1;4;48,9776400000;1,7119600000
202200022519;25;7;2022;14:20;1;93;2;1;1;2;48,8920600000;2,4438900000
202200022520;24;5;2022;12:05;1;75;2;2;1;3;48,8675100000;2,3757440000
202200022521;29;1;2022;14:40;1;78;1;1;1;6;48,9642850000;1,7975340000
202200022522;29;1;2022;02:20;3;78;1;1;2;6;48,7931800000;2,0752900000
202200022523;24;5;2022;07:40;1;75;2;1;1;6;48,8705888999;2,3765686154
202200022524;28;1;2022;20:00;3;78;1;1;1;6;48,7882170000;2,1410620000
202200022525;24;7;2022;23:00;5;93;2;5;1;3;48,8582500000;2,5020100000
202200022526;29;1;2022;12:06;1;93;1;1;1;6;48,9361500000;2,4042970000
202200022527;25;5;2022;11:45;1;75;2;1;1;6;48,8738338479;2,3706878722
202200022528;25;7;2022;21:50;1;93;2;9;1;3;48,8781499554;2,4736678004
202200022529;28;1;2022;22:00;3;95;1;1;1;4;48,9913000000;2,1919600000
202200022530;24;5;2022;15:40;1;75;2;2;1;6;48,8738260000;2,3505130000
202200022531;25;7;2022;20:20;1;93;2;1;1;6;48,8620410000;2,4453950000
202200022532;25;5;2022;16:45;1;75;2;2;1;6;48,8787555584;2,3453141749
202200022533;29;1;2022;00:40;3;60;1;1;1;2;49,1136530000;2,5539660000
202200022534;25;7;2022;19:05;1;93;2;2;1;3;48,8574200000;2,4400700000
202200022535;25;5;2022;09:45;1;75;2;2;7;6;48,8775850000;2,3407780000
202200022536;29;1;2022;09:00;1;77;1;1;8;2;48,8308954163;2,7605978102
202200022537;25;7;2022;17:15;1;93;2;2;1;3;48,9616600000;2,2949700000
202200022538;25;7;2022;09:06;1;93;2;1;1;6;48,8983875768;2,4929680140
202200022539;25;5;2022;02:03;5;75;2;2;1;3;48,8714874858;2,3430651426
202200022540;25;5;2022;13:29;1;75;2;1;1;6;48,8707190000;2,3114360000
202200022541;24;7;2022;17:20;1;93;2;1;1;2;48,9099040000;2,5078040000
202200022542;28;1;2022;16:00;1;83;2;1;1;6;43,0939930000;5,8389600000
202200022543;24;5;2022;19:30;2;75;2;2;1;6;48,8752039785;2,2984734178
202200022544;25;7;2022;21:00;2;92;2;2;1;3;48,8893427973;2,2728966772
202200022545;24;5;2022;15:59;1;75;2;2;8;6;48,8765600000;2,3016970000
202200022546;24;7;2022;13:45;1;92;2;3;1;3;48,8120252647;2,3007870912
202200022547;24;5;2022;12:05;1;75;2;2;1;2;48,8741950000;2,3175270000
202200022548;24;5;2022;10:35;1;75;2;1;1;6;48,8696790000;2,3079720000
202200022549;25;7;2022;18:04;1;92;2;2;1;3;48,9004272541;2,2832652926
202200022550;22;7;2022;16:45;1;65;1;1;1;7;43,5702470000; -0,0087870000
202200022551;23;5;2022;18:40;1;75;2;2;2;3;48,8517660000;2,3138620000
202200022552;25;5;2022;18:12;1;75;2;5;1;3;48,8677686587;2,3454610258
202200022553;25;7;2022;20:35;2;71;1;1;1;6;46,5789370000;4,5281050000
202200022554;24;5;2022;16:15;1;75;2;2;1;6;48,8583470000;2,3519360000
202200022555;25;7;2022;14:15;1;84;1;4;1;2;44,0930640000;4,7623750000
202200022556;25;5;2022;14:15;1;94;2;1;1;3;48,7990000000;2,4000000000
202200022557;26;7;2022;02:00;5;83;2;9;1;6;43,1763670000;6,5345960000
202200022558;25;5;2022;16:23;1;94;2;1;1;6;48,8465800000;2,4164700000
202200022559;20;7;2022;16:15;1;74;2;2;1;3;45,9374790000;6,0780890000
202200022560;19;5;2022;18:20;1;75;2;2;1;3;48,8445511322;2,4387663603
202200022561;25;7;2022;18:00;1;51;2;1;1;1;49,1277630000;4,5362610000
202200022562;25;5;2022;08:20;1;94;2;1;1;7;48,7981000000;2,4880000000
202200022563;1;6;2022;07:10;1;37;1;1;1;2;47,0785880391;0,5863738060
202200022564;25;5;2022;19:00;1;94;2;2;1;3;48,8350700000;2,5013100000
202200022565;26;7;2022;15:20;1;41;1;1;1;1;47,6617260000;0,9622610000
202200022566;25;5;2022;08:50;1;94;2;1;1;3;48,8500800000;2,4956200000
202200022567;25;5;2022;08:15;1;94;2;1;1;3;48,8072500000;2,3546400000
202200022568;26;7;2022;04:30;3;51;1;1;1;1;49,0276650000;4,0385380000
202200022569;23;5;2022;18:45;1;94;2;1;1;2;48,8000000000;2,3500000000
202200022570;24;7;2022;12:15;1;59;1;3;1;7;50,7762873463;2,4790102243
202200022571;24;5;2022;12:25;1;94;2;1;1;6;48,7827000000;2,4589000000
202200022572;25;7;2022;20:45;2;74;2;4;1;3;45,9316570000;6,6342560000
202200022573;25;5;2022;21:15;2;94;2;1;1;6;48,7485874782;2,4054853973
202200022574;24;5;2022;18:15;1;94;2;1;2;7;48,7725400000;2,4002700000
202200022575;26;7;2022;14:05;1;2B;2;1;1;3;42,0396846866;9,4226575807
202200022576;25;5;2022;08:30;1;94;2;3;1;1;48,7501300000;2,5042400000
202200022577;26;7;2022;05:45;3;82;1;1;1;1;43,8827460000;1,4460650000
202200022578;24;5;2022;17:10;1;94;2;3;1;7;48,7055500000;2,5529500000
202200022579;25;5;2022;21:05;1;93;2;3;1;3;48,9642800000;2,5655200000
202200022580;25;7;2022;11:30;1;71;1;2;1;3;46,5256970000;5,3218890000
202200022581;25;7;2022;13:45;1;63;1;1;1;6;45,5384993410;3,7662479281
202200022582;23;5;2022;17:25;1;93;2;3;1;3;48,9560300000;2,5532700000
202200022583;26;7;2022;12:15;1;46;1;1;1;3;44,9018670000;1,4779180000
202200022584;24;5;2022;15:30;1;93;2;6;1;2;48,9606269324;2,5563099235
202200022585;25;7;2022;17:35;1;44;1;1;1;1;47,4444560000; -2,4434120000
202200022586;24;5;2022;15:20;1;93;2;3;1;1;48,9568699527;2,3792548478
202200022587;22;7;2022;16:20;1;29;2;1;1;7;48,5205270000; -3,5904980000
202200022588;24;5;2022;13:45;1;93;2;1;1;3;48,9621368505;2,3799213767
202200022589;26;7;2022;14:00;1;29;1;6;1;3;47,8807150000; -4,2173980000
202200022590;24;5;2022;21:28;2;93;2;1;1;4;48,9143100000;2,3178300000
202200022591;22;7;2022;11:50;1;02;1;3;1;1;49,5510110000;3,2503600000
202200022592;25;5;2022;15:20;1;93;2;1;1;2;48,9148873254;2,3317220807
202200022593;25;7;2022;14:55;1;72;1;6;1;7;48,0094200000;0,3059430000
202200022594;25;5;2022;13:30;1;93;2;1;1;3;48,9007202094;2,4114668369
202200022595;17;7;2022;00:05;3;06;1;1;1;7;43,8295570000;7,4773880000
202200022596;26;7;2022;07:00;1;14;1;1;1;6;49,2653183925; -0,0407145917
202200022597;24;5;2022;09:10;1;93;2;1;7;3;48,8991334212;2,4082401395
202200022598;26;7;2022;08:25;1;50;1;1;1;7;49,0077560000; -1,3662740000
202200022599;25;5;2022;17:50;1;93;2;1;1;6;48,8678951921;2,4296666981
202200022600;24;7;2022;19:45;1;45;1;1;1;6;48,0642190000;1,7946610000
202200022601;28;4;2022;16:10;1;73;2;1;1;2;45,6897200000;5,8957810000
202200022602;26;7;2022;10:05;1;43;1;1;7;2;44,9922940000;3,8301460000
202200022603;25;5;2022;08:30;1;93;2;1;1;4;48,8803645553;2,4364442378
202200022604;25;7;2022;08:55;1;40;1;2;1;3;43,5912840000; -1,1468110000
202200022605;24;5;2022;08:00;1;93;2;9;1;6;48,8868800000;2,5442500000
202200022606;25;5;2022;17:00;1;93;2;1;1;6;48,9170982989;2,4456502497
202200022607;26;7;2022;09:50;1;04;1;3;1;2;44,0461510000;6,0193360000
202200022608;24;5;2022;11:00;1;93;2;1;1;6;48,9209400000;2,4536100000
202200022609;24;7;2022;16:30;1;27;1;2;1;3;49,1350590000;0,7935690000
202200022610;25;5;2022;20:20;1;93;2;1;1;6;48,9413180000;2,5123940000
202200022611;24;5;2022;15:55;1;93;2;1;1;3;48,9089384346;2,3868602514
202200022612;24;7;2022;15:00;1;17;1;1;1;1;45,9752000000; -1,3204060000
202200022613;26;7;2022;10:45;1;37;2;1;1;6;47,4471819856;0,3186061978
202200022614;24;5;2022;07:45;1;93;2;2;1;3;48,9025410000;2,3709230000
202200022615;24;7;2022;09:00;1;30;1;1;7;7;43,8026640000;4,1552780000
202200022616;26;7;2022;02:00;3;13;1;1;1;7;43,6633310000;5,2620010000
202200022617;24;5;2022;16:30;1;92;2;1;1;2;48,9277560000;2,3308650000
202200022618;8;5;2022;12:00;1;92;2;1;1;6;48,9356775480;2,3355702460
202200022619;24;7;2022;19:32;1;13;2;2;1;1;43,6195380000;5,3035480000
202200022620;23;5;2022;12:25;1;92;2;1;3;3;48,8256928573;2,2274005115
202200022621;24;7;2022;10:40;1;38;1;1;1;7;45,1144810000;5,9598680000
202200022622;24;5;2022;18:50;1;92;2;1;1;3;48,8429205858;2,2127712071
202200022623;25;5;2022;18:50;1;92;2;1;1;3;48,8871176216;2,1812112629
202200022624;22;7;2022;20:15;1;22;1;1;7;5;48,4760860000; -2,5830960000
202200022625;24;5;2022;17:05;1;92;2;1;1;3;48,8167590417;2,3066318929
202200022626;23;7;2022;08:08;1;27;1;1;1;5;49,1073300000;1,3424240000
202200022627;23;5;2022;17:05;1;92;2;2;1;3;48,8198377040;2,3107769787
202200022628;25;5;2022;17:14;1;92;2;1;1;6;48,8242518248;2,2678522467
202200022629;24;7;2022;15:30;1;11;1;9;1;3;42,9327990000;3,0060910000
202200022630;23;5;2022;00:00;5;978;1;1;1;3;18,0574160000; -63,0854700000
202200022631;25;5;2022;18:35;1;92;2;3;1;3;48,9334610206;2,2643981650
202200022632;25;7;2022;22:50;3;29;1;1;1;6;47,8361620000; -3,5814410000
202200022633;25;5;2022;18:05;1;92;2;1;1;3;48,9156320000;2,2277840000
202200022634;25;7;2022;10:30;1;37;2;1;1;2;47,2806956447;1,1094528437
202200022635;25;5;2022;08:40;1;92;2;2;1;3;48,9146226344;2,2290211022
202200022636;25;7;2022;19:20;1;91;1;1;1;7;48,4903450000;1,9570680000
202200022637;26;7;2022;05:00;2;2B;1;1;1;2;42,5526340000;9,4608750000
202200022638;25;5;2022;07:10;1;92;2;1;1;2;48,9306210000;2,2551500000
202200022639;24;5;2022;17:40;1;92;2;1;1;6;48,8997108156;2,3055347353
202200022640;26;7;2022;14:36;1;2A;1;1;1;1;41,5669130000;9,2547580000
202200022641;25;5;2022;15:00;1;92;2;2;1;3;48,8293420487;2,2441483587
202200022642;26;7;2022;11:15;1;66;1;3;1;3;42,5356700000;3,0478640000
202200022643;26;7;2022;11:45;1;34;2;1;1;6;43,4486486328;3,6857344071
202200022644;23;5;2022;22:30;5;92;2;2;3;3;48,8361700000;2,2366300000
202200022645;25;7;2022;17:20;1;21;1;1;1;6;47,1817350000;4,9950460000
202200022646;23;5;2022;17:15;1;92;2;1;1;6;48,9318453606;2,2820072025
202200022647;26;7;2022;09:25;1;74;1;6;1;2;45,8916290000;6,2509950000
202200022648;24;5;2022;15:10;1;92;2;1;7;6;48,7784740727;2,3133801967
202200022649;26;7;2022;14:00;1;26;2;3;1;2;45,0295400000;5,0760600000
202200022650;25;5;2022;15:45;1;27;1;2;1;3;49,2050510000;1,5084740000
202200022651;25;7;2022;21:49;3;07;1;1;1;6;44,5636280000;4,4888860000
202200022652;25;7;2022;15:35;1;69;1;1;1;6;45,8131840000;4,7509000000
202200022653;26;5;2022;16:30;1;27;1;1;1;6;49,0134700000;1,2620010000
202200022654;24;5;2022;12:20;1;60;1;2;1;2;49,3491010000;2,4356390000
202200022655;26;7;2022;13:30;1;65;1;1;2;7;42,9365400000;0,2089920000
202200022656;26;5;2022;16:10;1;59;1;1;1;3;50,4695550000;3,2265390000
202200022657;26;7;2022;12:45;1;14;1;3;1;3;49,2390200000; -0,7482300000
202200022658;24;5;2022;16:40;1;83;1;1;1;3;43,1259100000;5,8794500000
202200022659;26;7;2022;09:55;1;29;2;1;1;6;48,5725750000; -4,3177340000
202200022660;30;5;2022;16:30;1;29;2;3;1;5;48,0788820000; -4,3222190000
202200022661;25;7;2022;12:00;1;80;2;4;1;1;49,6922410000;2,8515690000
202200022662;21;5;2022;01:45;3;57;1;1;1;2;49,3206300000;6,1831700000
202200022663;25;7;2022;15:00;1;13;1;1;1;1;43,2856700000;5,5126500000
202200022664;25;5;2022;22:00;3;33;1;1;1;2;44,7900300000; -0,6081200000
202200022665;25;7;2022;09:06;1;83;1;1;1;2;43,1356100000;5,9915800000
202200022666;25;5;2022;14:00;1;33;1;1;1;2;44,8438650000; -0,5012220000
202200022667;24;5;2022;14:50;1;33;1;1;1;2;44,9277900000; -0,4710700000
202200022668;21;7;2022;09:30;1;54;1;1;1;4;48,6039700000;6,3577000000
202200022669;23;5;2022;15:54;1;33;1;1;1;4;44,8543190000; -0,5051460000
202200022670;24;7;2022;23:20;5;94;1;1;1;4;48,8062620369;2,3459029848
202200022671;25;7;2022;19:00;1;92;1;1;1;2;48,9352904563;2,2839322475
202200022672;25;5;2022;21:13;2;91;1;1;1;3;48,7489300000;2,2146800000
202200022673;25;7;2022;19:05;1;78;1;1;1;3;48,8401300000;2,1110200000
202200022674;25;5;2022;19:23;1;91;1;1;1;2;48,6253300000;2,4725800000
202200022675;24;7;2022;23:40;3;95;1;1;1;6;49,0636410084;2,3328459263
202200022676;25;5;2022;17:55;1;94;1;1;1;6;48,7558231545;2,3383867154
202200022677;25;7;2022;13:40;1;77;1;1;1;6;48,9732300000;2,5902800000
202200022678;25;5;2022;19:10;1;91;1;1;1;3;48,6099400000;2,4426200000
202200022679;23;7;2022;23:03;5;31;2;1;1;6;43,5587340000;1,4103460000
202200022680;25;5;2022;07:40;1;94;1;1;1;5;48,7854319590;2,3457308279
202200022681;4;3;2022;11:58;1;14;1;1;1;6;48,9229110000; -0,7526620000
202200022682;25;5;2022;15:30;1;78;1;1;1;3;48,9277060000;1,9916800000
202200022683;24;7;2022;15:00;1;974;1;4;1;7; -20,8756800000;55,4324900000
202200022684;25;5;2022;12:25;1;92;1;1;1;7;48,8954657962;2,1940928399
202200022685;24;7;2022;15:40;1;973;2;2;1;1;4,9327881559; -52,3337025940
202200022686;25;5;2022;11:30;1;78;1;1;1;4;48,7812580000;2,1705110000
202200022687;23;7;2022;13:19;1;973;1;1;1;7;4,9060000000; -52,3215100000
202200022688;24;7;2022;10:45;1;69;2;1;1;3;45,7679416089;4,8589505239
202200022689;24;5;2022;16:20;1;78;1;1;1;4;48,8927100000;2,0086300000
202200022690;24;7;2022;06:45;1;972;2;1;1;2;14,5953400000; -60,9860500000
202200022691;24;5;2022;08:35;1;92;1;1;1;3;48,9153626913;2,2204385940
202200022692;24;7;2022;08:00;1;69;2;1;1;3;45,7670351971;4,8321191944
202200022693;25;5;2022;17:00;1;95;1;1;1;6;48,9771400000;2,4754900000
202200022694;25;5;2022;14:30;1;95;1;1;1;3;49,1054600000;2,5513100000
202200022695;23;7;2022;13:00;1;971;1;1;1;5;16,2666900000; -61,4854700000
202200022696;25;5;2022;11:30;1;77;1;1;1;6;48,6522560000;2,6134660000
202200022697;19;7;2022;09:30;1;83;2;1;1;3;43,4504109482;6,7799592018
202200022698;25;5;2022;08:15;1;77;1;1;1;6;48,9235200000;2,6299500000
202200022699;24;7;2022;01:00;5;81;1;9;1;6;44,0570500000;2,1749200000
202200022700;26;4;2022;16:15;1;976;2;1;1;6; -12,7936800000;45,2096200000