Accident_Id;jour;mois;an;hrmn;lum;dep;agg;int;atm;col;lat;long
202200022701;24;7;2022;13:50;1;81;2;2;1;6;44,0520900000;2,1290700000
202200022702;24;3;2022;15:15;1;37;1;1;1;6;47,2894360000;0,3288550000
202200022703;15;4;2022;19:20;1;67;2;1;1;6;48,7701850000;7,8524940000
202200022704;23;7;2022;21:50;1;77;2;1;1;6;48,4035600000;2,7015200000
202200022705;26;4;2022;15:05;1;74;2;6;1;3;46,0740570000;6,4025620000
202200022706;24;7;2022;18:00;1;69;2;2;1;3;45,7696400000;4,8711000000
202200022707;25;4;2022;07:45;1;83;2;1;1;1;43,2420570000;6,0027890000
202200022708;24;7;2022;18:40;1;69;2;1;1;3;45,7866700000;4,9216800000
202200022709;24;4;2022;20:14;1;31;2;3;1;3;43,5419910000;1,3543400000
202200022710;24;7;2022;19:30;1;69;2;1;1;6;45,7462460537;4,9803738312
202200022711;25;4;2022;03:45;5;33;2;6;1;6;44,6325360000; -0,9796390000
202200022712;24;4;2022;20:00;1;22;1;1;1;7;48,4568430000; -1,9843630000
202200022713;25;4;2022;16:49;1;81;2;1;1;6;43,9310900000;2,1635200000
202200022714;24;7;2022;02:10;5;68;2;5;1;1;47,7813210000;7,3298240000
202200022715;25;4;2022;13:47;1;13;2;2;1;1;43,3567358412;5,3431657548
202200022716;24;7;2022;11:10;1;65;2;1;1;1;43,2041010000;0,0975420000
202200022717;24;5;2022;18:40;1;13;1;1;1;2;43,4243170663;5,3750648614
202200022718;24;7;2022;06:40;1;64;2;1;1;1;43,3024800000; -0,3526600000
202200022719;17;5;2022;18:30;1;13;1;1;1;2;43,3976829819;5,2865259922
202200022720;24;5;2022;16:25;1;13;1;1;1;5;43,3913439600;5,3510158055
202200022721;25;6;2022;03:05;3;61;1;1;1;7;48,7352000000; -0,5272500000
202200022722;23;5;2022;21:40;3;69;1;1;1;2;45,6951500000;4,8412000000
202200022723;24;7;2022;13:15;1;56;2;1;1;1;47,6535000000; -2,7345500000
202200022724;16;4;2022;16:30;1;69;1;1;1;2;45,6779400000;4,9584800000
202200022725;24;7;2022;23:06;5;54;2;1;1;3;48,6850000000;6,1961205000
202200022726;23;5;2022;17:50;1;33;1;1;1;2;44,8101600000; -0,5235500000
202200022727;24;7;2022;20:22;1;51;2;1;1;3;49,2830900000;4,0110300000
202200022728;22;5;2022;18:50;1;33;1;1;1;4;44,8849000000; -0,5613000000
202200022729;23;5;2022;12:45;1;59;1;1;2;2;50,3986200000;3,0924700000
202200022730;24;7;2022;05:45;2;37;2;1;1;6;47,3915000000;0,7256300000
202200022731;20;5;2022;17:15;1;62;1;1;1;6;50,4313300000;2,8891900000
202200022732;24;5;2022;18:30;1;91;1;1;1;7;48,6258800000;2,3398300000
202200022733;24;7;2022;19:45;1;35;2;6;1;2;48,0868000000; -1,6820600000
202200022734;24;5;2022;05:40;2;91;1;1;1;7;48,6533690000;2,1761830000
202200022735;24;5;2022;01:50;3;92;1;9;2;3;48,7604500000;2,2903690000
202200022736;24;7;2022;06:50;1;35;2;2;1;3;48,1164100000; -1,7097100000
202200022737;24;5;2022;01:00;3;91;1;1;2;7;48,6939300000;2,3200700000
202200022738;24;7;2022;16:30;1;34;1;1;1;6;43,5854700000;3,9198000000
202200022739;24;5;2022;15:00;1;92;1;1;1;6;48,8878652807;2,2502447516
202200022740;24;7;2022;22:25;5;33;2;3;1;3;44,7786700000; -0,5661600000
202200022741;24;5;2022;09:40;1;92;1;1;1;3;48,8910645642;2,1744392216
202200022742;24;7;2022;08:45;1;33;2;1;1;3;44,8357969502; -0,5642831326
202200022743;24;5;2022;19:45;1;92;1;1;1;2;48,9390465105;2,3061312878
202200022744;23;7;2022;17:10;1;33;2;1;1;2;44,6334900000; -1,1616100000
202200022745;24;5;2022;18:00;1;93;1;1;1;2;48,9300300000;2,4814300000
202200022746;24;5;2022;15:00;1;93;1;1;1;2;48,8842400000;2,4583300000
202200022747;24;5;2022;16:55;1;93;1;1;1;3;48,9146400000;2,4315600000
202200022748;24;7;2022;16:14;1;32;2;1;1;7;43,6490000000;0,5906000000
202200022749;24;5;2022;14:40;1;93;1;1;1;2;48,9116200000;2,4406800000
202200022750;24;7;2022;14:50;1;22;1;1;1;4;48,5250400000; -2,7669700000
202200022751;23;5;2022;21:00;2;93;1;1;1;2;48,9115100000;2,3580000000
202200022752;23;7;2022;18:50;1;13;1;9;7;2;43,3928166182;5,2048425212
202200022753;24;5;2022;10:35;1;93;1;1;1;2;48,8659962227;2,4216624911
202200022754;23;7;2022;18:15;1;13;2;1;1;6;43,6378073502;5,0981219220
202200022755;14;12;2022;02:00;3;17;2;1;5;7;45,9846950000; -1,0486310000
202200022756;24;5;2022;10:31;1;93;1;1;1;4;48,9165900000;2,3578000000
202200022757;24;7;2022;15:00;1;13;2;2;1;3;43,3091898327;5,3717264704
202200022758;18;12;2022;05:00;3;48;1;1;1;6;44,8258920000;3,3741140000
202200022759;24;5;2022;09:30;1;93;1;1;1;2;48,9229344984;2,3450405446
202200022760;24;7;2022;08:15;1;13;2;1;1;3;43,3107701407;5,3890760012
202200022761;23;5;2022;18:10;1;93;1;1;2;3;48,9729300000;2,4928700000
202200022762;23;7;2022;23:50;5;13;2;1;1;6;43,2808180000;5,4073450000
202200022763;16;12;2022;20:00;3;72;1;1;9;6;48,1066290000;0,1615330000
202200022764;23;7;2022;15:50;1;11;1;1;1;7;43,2210700000;2,2999400000
202200022765;23;5;2022;16:05;1;95;1;1;1;3;48,9801841251;2,4981772900
202200022766;25;7;2022;00:15;4;07;1;1;1;7;44,9085100000;4,8662100000
202200022767;23;5;2022;08:55;1;95;1;1;2;4;49,0357400000;2,0960500000
202200022768;24;7;2022;14:15;1;75;2;1;1;4;48,8660490000;2,4132040000
202200022769;19;5;2022;12:00;1;92;1;1;1;3;48,9383700387;2,3001401108
202200022770;24;7;2022;16:45;1;75;2;3;1;6;48,8861060000;2,3830920000
202200022771;23;5;2022;08:05;1;93;1;1;1;3;48,8858500000;2,4727000000
202200022772;18;12;2022;10:27;1;73;1;1;5;5;45,6104940000;6,2921200000
202200022773;24;7;2022;03:00;5;75;2;2;1;5;48,8918270000;2,3016100000
202200022774;23;5;2022;08:10;1;93;1;1;1;2;48,9605593492;2,4679698413
202200022775;16;12;2022;17:10;2;35;1;1;7;2;47,8014049089; -1,9732998312
202200022776;22;5;2022;22:45;3;95;1;1;1;2;48,9836500000;2,2186300000
202200022777;24;7;2022;15:00;1;75;2;2;1;3;48,8453540000;2,2785780000
202200022778;17;12;2022;05:45;3;45;1;1;1;2;47,6835200000;1,9053550000
202200022779;24;7;2022;18:30;1;75;2;1;1;6;48,8664550000;2,3832070000
202200022780;24;5;2022;16:15;1;94;1;1;1;4;48,8036000000;2,4484900000
202200022781;17;12;2022;23:30;5;33;2;1;1;1;44,6875050000; -1,0190270000
202200022782;24;5;2022;12:15;1;94;1;1;1;3;48,7537795800;2,3530427724
202200022783;24;7;2022;05:35;1;75;2;4;1;3;48,8614740000;2,3646120000
202200022784;17;12;2022;16:55;1;41;1;1;1;6;47,6926350000;1,6420050000
202200022785;23;5;2022;22:45;3;94;1;1;3;6;48,8432096684;2,4926533177
202200022786;23;7;2022;05:45;2;75;2;2;1;6;48,8659560000;2,3537760000
202200022787;7;11;2022;18:00;1;77;1;1;1;7;48,8474270000;2,9224390000
202200022788;23;5;2022;13:55;1;94;1;1;2;4;48,8433145546;2,4931583402
202200022789;24;7;2022;22:45;5;93;2;3;1;6;48,9155400000;2,3343500000
202200022790;24;7;2022;17:05;1;93;2;1;1;7;48,8751900000;2,4781200000
202200022791;17;12;2022;20:20;3;95;1;1;8;5;49,0306320864;2,3468466540
202200022792;23;5;2022;01:50;3;75;1;1;1;2;48,8200198123;2,4596916139
202200022793;24;7;2022;10:30;1;93;2;2;1;6;48,8768200000;2,4494400000
202200022794;16;12;2022;11:25;1;83;2;3;1;3;43,6173240000;6,6856470000
202200022795;23;4;2022;08:15;1;65;1;3;8;1;43,2961090000;0,3442750000
202200022796;24;7;2022;13:45;1;92;2;1;1;2;48,8806900000;2,1828700000
202200022797;9;12;2022;15:30;1;67;1;1;1;1;48,9165140000;7,7893070000
202200022798;24;4;2022;13:15;1;02;1;1;1;1;49,9096300000;3,1923220000
202200022799;16;12;2022;21:20;5;38;2;1;4;6;45,0759780000;5,5502820000
202200022800;24;7;2022;20:25;2;92;2;1;1;7;48,8385393568;2,2330790162
202200022801;24;7;2022;16:00;1;92;2;1;1;6;48,7495103889;2,2991085648
202200022802;17;12;2022;21:30;5;85;2;1;1;7;46,6098700000; -1,6635460000
202200022803;22;4;2022;11:50;1;35;2;3;1;3;48,5118886064; -1,8963589892
202200022804;17;12;2022;21:10;3;60;1;1;5;7;49,3072781739;2,3976883612
202200022805;25;7;2022;10:30;1;83;1;3;1;3;43,4789070000;6,3069140000
202200022806;22;5;2022;11:28;1;76;1;2;1;3;49,5916300000;0,5033760000
202200022807;24;7;2022;17:50;1;71;1;2;1;2;46,6186720000;4,4739410000
202200022808;9;12;2022;17:15;3;69;1;1;1;4;45,7510000000;4,9075000000
202200022809;25;7;2022;12:15;1;43;2;1;1;6;45,3651800000;3,3082800000
202200022810;24;5;2022;06:00;2;12;1;1;2;1;44,3966430000;2,0406030000
202200022811;22;7;2022;23:53;3;71;2;1;1;2;46,6175110000;3,7603980000
202200022812;17;12;2022;14:29;1;91;1;1;1;4;48,6239300000;2,3773900000
202200022813;10;5;2022;08:00;1;47;2;1;1;2;44,4379090000;0,6761850000
202200022814;25;7;2022;08:28;1;11;1;9;1;2;43,1810220000;2,5276280000
202200022815;17;12;2022;13:20;1;92;1;1;1;4;48,7629853869;2,3043052888
202200022816;23;5;2022;14:05;1;47;1;1;1;1;44,1935400000;0,5067400000
202200022817;24;7;2022;19:00;3;974;1;3;1;1; -21,2813670000;55,3468470000
202200022818;17;12;2022;10:20;1;91;1;1;1;2;48,6791800000;2,3342600000
202200022819;21;7;2022;18:20;1;68;1;9;1;7;47,7952940000;7,3865300000
202200022820;24;5;2022;13:45;1;2A;1;1;1;6;42,1602180000;8,7580350000
202200022821;23;7;2022;04:30;3;59;1;1;1;6;50,9316390000;2,3708880000
202200022822;17;12;2022;06:00;3;91;1;1;1;4;48,6435500000;2,5344300000
202200022823;22;5;2022;20:00;1;2A;2;1;1;7;42,1341070000;8,5971990000
202200022824;25;7;2022;14:45;1;15;1;1;1;3;45,0349610000;3,1337050000
202200022825;16;12;2022;19:10;3;92;1;1;1;2;48,8327145937;2,1569510289
202200022826;24;5;2022;15:50;1;51;1;1;1;1;48,8769300000;4,9039790000
202200022827;25;7;2022;15:15;1;30;1;1;1;7;44,2272620000;4,5446970000
202200022828;17;12;2022;09:15;1;95;1;1;8;6;49,0352732315;2,1158588442
202200022829;24;7;2022;13:00;1;19;1;1;1;7;45,3271910000;1,6255640000
202200022830;23;5;2022;05:15;2;83;1;1;1;1;43,5631420000;6,4119330000
202200022831;16;12;2022;10:50;1;93;1;1;1;2;48,8866992089;2,4803643682
202200022832;24;7;2022;14:30;1;56;1;6;1;3;47,8521910000; -3,3432340000
202200022833;17;12;2022;02:30;3;94;1;1;1;6;48,7538430000;2,5111840000
202200022834;24;7;2022;20:20;1;76;1;1;1;6;49,8477210000;0,6197140000
202200022835;24;5;2022;15:50;1;95;2;1;1;6;49,0229130000;2,3638470000
202200022836;15;12;2022;07:34;2;77;2;1;1;6;48,5561145519;3,3028095687
202200022837;24;7;2022;15:15;1;81;1;1;1;6;43,6675530000;2,3011100000
202200022838;13;12;2022;10:15;1;80;2;1;8;3;50,1084300000;1,8348700000
202200022839;15;7;2022;10:10;1;91;2;3;1;3;48,6042400000;2,4678000000
202200022840;22;7;2022;21:20;3;89;1;4;1;1;47,6111100000;3,2137400000
202200022841;9;7;2022;10:35;1;91;2;1;1;3;48,6241400000;2,4404900000
202200022842;24;5;2022;16:23;1;68;2;1;1;4;47,9014300000;7,2163550000
202200022843;24;7;2022;21:45;2;49;1;6;1;7;47,5673840000; -0,6780410000
202200022844;7;7;2022;14:05;1;91;2;1;1;4;48,6349600000;2,4254600000
202200022845;21;5;2022;04:45;3;11;1;1;1;6;43,1680020000;2,7327740000
202200022846;25;7;2022;13:30;1;68;2;1;1;6;47,5049403742;7,2194284201
202200022847;17;12;2022;01:25;3;988;2;1;1;6; -22,2587000000;166,4757300000
202200022848;16;12;2022;19:10;2;974;1;1;1;7; -21,2792100000;55,4890900000
202200022849;24;7;2022;10:35;1;39;1;1;1;6;46,8388900000;5,4977130000
202200022850;24;5;2022;07:50;1;33;2;2;1;1;44,6928870000; -0,4319160000
202200022851;16;12;2022;22:20;5;974;2;1;1;3; -20,8753900000;55,4544900000
202200022852;20;5;2022;19:55;1;17;1;1;1;7;45,5271820000; -0,3615940000
202200022853;16;12;2022;15:10;1;974;2;1;1;1; -20,8799000000;55,4576900000
202200022854;11;5;2022;20:30;3;36;1;1;1;7;46,9476610000;1,7256220000
202200022855;16;12;2022;13:45;1;974;1;1;1;1; -20,9726400000;55,6792000000
202200022856;16;12;2022;21:00;5;973;2;1;3;3;4,9443051148; -52,3096445203
202200022857;16;12;2022;17:00;1;973;2;1;1;3;4,9261200000; -52,3087000000
202200022858;23;5;2022;19:05;1;81;1;1;1;5;43,7873220000;2,1886850000
202200022859;16;12;2022;14:00;1;973;2;1;1;3;4,9192000000; -52,3172600000
202200022860;23;5;2022;07:30;1;972;2;1;1;6;14,8317300000; -61,0549040000
202200022861;15;12;2022;18:40;1;973;2;2;1;6;4,9390893498; -52,3305134475
202200022862;15;12;2022;12:40;1;973;2;1;1;3;4,9322900000; -52,3082100000
202200022863;22;5;2022;13:30;1;972;2;1;1;6;14,8203160000; -61,1175870000
202200022864;16;12;2022;14:05;1;972;1;1;1;3;14,6161400000; -61,0175500000
202200022865;15;12;2022;18:20;3;972;1;1;1;6;14,6155800000; -61,0508000000
202200022866;22;5;2022;19:15;3;972;1;1;1;3;14,4685910000; -60,9359480000
202200022867;16;12;2022;14:15;1;69;2;1;2;1;45,7545988307;4,8065426946
202200022868;22;5;2022;15:30;1;64;1;1;1;7;43,3906870000; -0,5995800000
202200022869;16;12;2022;10:30;1;69;2;2;8;3;45,7804800000;4,8091300000
202200022870;24;5;2022;02:02;3;22;1;1;1;7;48,3655948349; -2,3260363767
202200022871;15;12;2022;08:50;1;69;2;1;1;3;45,7853800000;4,8329700000
202200022872;21;5;2022;16:00;1;59;1;1;1;7;50,9221830000;2,4459820000
202200022873;16;12;2022;00:40;5;95;2;3;8;3;49,0327450243;2,4585825205
202200022874;16;12;2022;15:42;1;95;2;1;7;6;48,9901710000;2,2767680000
202200022875;15;12;2022;17:20;5;91;2;9;1;3;48,5815900000;2,2422000000
202200022876;22;5;2022;16:10;1;36;1;1;1;3;46,4797506208;1,4996016026
202200022877;16;12;2022;15:15;1;91;2;1;1;6;48,7153600000;2,4785600000
202200022878;22;5;2022;16:05;1;23;1;1;1;7;45,8684220000;2,1706150000
202200022879;15;12;2022;16:15;1;85;2;1;1;6;46,6860180000; -1,4303228000
202200022880;16;12;2022;17:00;5;83;2;3;1;1;43,3909500000;6,7250000000
202200022881;20;5;2022;14:25;1;77;2;1;1;6;48,7817130000;3,2974490000
202200022882;15;12;2022;18:43;3;77;1;1;1;1;48,3819600000;3,0294700000
202200022883;23;5;2022;08:30;1;24;1;1;1;1;45,1225510000; -0,0084920000
202200022884;16;12;2022;14:30;1;76;2;2;1;6;49,4285300000;1,0944700000
202200022885;15;12;2022;21:00;5;76;2;1;1;6;49,4181500000;1,0628200000
202200022886;22;5;2022;18:17;1;57;1;1;1;7;49,0502350000;6,3943540000
202200022887;16;12;2022;08:30;2;76;2;1;8;6;49,3432790000;1,0908200000
202200022888;15;12;2022;21:45;5;72;2;1;1;3;47,9974100000;0,2168900000
202200022889;23;5;2022;15:30;1;51;1;1;8;2;49,0344000000;3,9889280000
202200022890;15;12;2022;17:41;5;71;2;2;2;1;46,2885200000;4,8110400000
202200022891;3;12;2022;16:10;2;68;2;3;8;3;48,0677600000;7,3605400000
202200022892;16;12;2022;09:35;1;67;2;1;7;6;48,5771700000;7,7517600000
202200022893;16;12;2022;07:10;5;67;2;3;1;3;48,5612300000;7,7517100000
202200022894;15;12;2022;08:20;2;67;2;3;4;7;48,5221100000;7,7633300000
202200022895;16;12;2022;08:40;1;64;1;1;2;4;43,2855200000; -0,3231900000
202200022896;16;12;2022;11:00;1;64;2;1;2;7;43,4999600000; -1,4558400000
202200022897;15;12;2022;22:35;5;64;2;6;2;7;43,4875100000; -1,4671150000
202200022898;15;12;2022;18:10;5;63;1;1;3;1;45,7379200000;3,1690100000
202200022899;12;12;2022;15:50;2;59;2;1;1;6;50,3440000000;3,0925700000
202200022900;15;12;2022;07:15;5;57;2;1;1;6;49,3442200000;6,1337000000
202200022901;15;12;2022;17:40;5;54;2;2;1;3;48,6659369825;6,1977642775
202200022902;15;12;2022;13:55;1;54;2;2;1;3;48,6628451363;6,1623403430
202200022903;8;12;2022;11:50;1;51;2;1;1;7;49,2590655788;4,0197327733
202200022904;16;12;2022;18:24;5;49;2;9;1;6;47,4728873801; -0,5533350259
202200022905;16;12;2022;16:50;2;49;2;3;1;3;47,4753700000; -0,5485400000
202200022906;16;12;2022;12:15;1;49;2;1;1;2;47,4740500000; -0,5374300000
202200022907;16;12;2022;10:05;1;49;2;1;7;6;47,4674900000; -0,5586100000
202200022908;16;12;2022;09:30;1;49;2;1;1;2;47,4897000000; -0,5469000000
202200022909;15;12;2022;17:56;5;49;2;1;1;3;47,4449000000; -0,5622600000
202200022910;11;12;2022;19:15;5;42;2;2;2;6;45,4242900000;4,3914800000
202200022911;16;12;2022;15:20;1;42;2;7;7;6;46,0336223614;4,0499475896
202200022912;15;12;2022;18:30;5;42;2;6;2;6;46,0334200000;4,0774700000
202200022913;10;12;2022;12:45;1;40;1;3;1;5;43,9276700000; -0,5176600000
202200022914;16;12;2022;20:13;5;37;2;2;1;3;47,3545501210;0,6953948736
202200022915;16;12;2022;11:40;1;37;2;3;1;6;47,4256100000;0,6925300000
202200022916;16;12;2022;06:00;5;37;2;2;1;3;47,3857200000;0,6825100000
202200022917;12;12;2022;13:40;1;35;2;6;1;3;48,3517600000; -1,2004900000
202200022918;17;12;2022;00:25;5;33;2;2;1;3;44,8425600000; -0,5829800000
202200022919;15;12;2022;19:00;5;33;2;3;1;6;44,8841800000; -0,6342800000
202200022920;15;12;2022;08:00;2;33;2;3;8;3;44,8011732666; -0,6633880734
202200022921;14;12;2022;22:30;5;33;2;1;1;2;44,8357626737; -0,5807438493
202200022922;15;12;2022;23:45;5;31;2;1;8;6;43,6065300000;1,4496700000
202200022923;16;12;2022;19:05;5;29;2;1;1;3;48,3986200000; -4,4879500000
202200022924;15;12;2022;21:35;5;29;2;3;1;3;48,4211500000; -4,4942600000
202200022925;14;12;2022;15:20;1;29;2;3;2;3;48,3938600000; -4,4959800000
202200022926;13;12;2022;18:30;5;27;2;9;1;6;49,2151300000;1,1683700000
202200022927;16;12;2022;21:05;5;27;2;2;1;2;49,0196100000;1,1388400000
202200022928;17;12;2022;00:05;3;25;1;1;1;6;47,2405000000;5,9811000000
202200022929;16;12;2022;19:25;5;14;2;1;2;3;49,1685000000; -0,3520800000
202200022930;16;12;2022;21:20;5;13;2;2;9;3;43,3264404529;5,4214492167
202200022931;13;12;2022;17:20;5;13;2;3;1;3;43,3239000000;5,4194400000
202200022932;15;12;2022;22:48;5;13;2;1;2;1;43,2924005340;5,3661869466
202200022933;14;12;2022;06:30;5;13;2;6;2;7;43,2874800000;5,5830000000
202200022934;16;12;2022;11:10;1;13;2;3;1;3;43,2882000000;5,5295100000
202200022935;15;12;2022;18:40;5;03;2;1;2;6;46,1378100000;3,4483200000
202200022936;9;12;2022;16:07;2;02;1;1;1;1;49,8330600000;3,3292300000
202200022937;12;12;2022;07:17;2;13;1;1;1;3;43,3212991611;5,4226881265
202200022938;15;12;2022;18:45;5;75;2;1;1;2;48,8275960000;2,2918880000
202200022939;16;12;2022;19:09;5;75;2;3;1;2;48,8560610000;2,3404560000
202200022940;16;12;2022;13:00;1;75;2;1;1;6;48,8383630000;2,3495940000
202200022941;16;12;2022;06:30;5;75;2;3;1;6;48,8683094304;2,3881718516
202200022942;16;12;2022;18:40;3;75;2;3;1;7;48,8782560000;2,3856080000
202200022943;16;12;2022;12:05;1;75;2;1;1;7;48,8809890000;2,3971500000
202200022944;16;12;2022;17:40;5;75;2;3;1;6;48,8896240000;2,3133580000
202200022945;16;12;2022;08:30;1;75;2;7;1;6;48,8833600000;2,3095010000
202200022946;15;12;2022;19:00;5;75;2;3;1;3;48,8997780000;2,3189400000
202200022947;16;12;2022;21:00;5;75;2;3;1;3;48,8503740000;2,2733140000
202200022948;16;12;2022;10:30;1;75;2;3;1;6;48,8539460000;2,2891000000
202200022949;16;12;2022;08:00;2;75;2;3;1;7;48,8395950000;2,2842040000
202200022950;15;12;2022;20:40;5;75;2;7;1;3;48,8277940000;2,2927730000
202200022951;15;12;2022;09:00;1;75;2;3;8;3;48,8528900000;2,2865460000
202200022952;13;12;2022;22:40;5;75;2;1;1;3;48,8303040000;2,3396140000
202200022953;16;12;2022;12:55;1;75;2;2;1;6;48,8320190000;2,3274280000
202200022954;16;12;2022;17:35;5;75;2;2;1;6;48,8306230000;2,3768320000
202200022955;16;12;2022;22:15;5;75;2;4;1;3;48,8296790000;2,4010610000
202200022956;16;12;2022;13:50;1;75;2;3;1;6;48,8471450000;2,3850430000
202200022957;16;12;2022;12:20;1;75;2;2;1;6;48,8659898637;2,3706918955
202200022958;16;12;2022;14:29;1;75;2;2;1;7;48,8605350000;2,2956410000
202200022959;16;12;2022;09:00;1;75;2;7;1;6;48,8619060000;2,3020200000
202200022960;16;12;2022;03:35;5;75;2;2;1;6;48,8702860000;2,3300100000
202200022961;16;12;2022;04:15;5;75;2;7;1;3;48,8673407653;2,3633546005
202200022962;15;12;2022;23:30;5;94;2;3;1;3;48,8045800000;2,4856800000
202200022963;16;12;2022;18:50;5;94;2;2;1;1;48,8446987164;2,4878948689
202200022964;16;12;2022;11:00;1;94;2;2;1;3;48,8130000000;2,3700000000
202200022965;16;12;2022;20:27;5;94;2;1;8;2;48,7617090000;2,4003170000
202200022966;16;12;2022;07:45;5;94;2;2;8;3;48,7729400000;2,3609700000
202200022967;16;12;2022;16:10;1;94;2;1;8;6;48,8051200000;2,5762100000
202200022968;16;12;2022;08:44;1;94;2;1;2;6;48,7713900000;2,5321900000
202200022969;16;12;2022;16:30;1;94;2;1;1;3;48,7837600000;2,4308300000
202200022970;16;12;2022;15:40;1;93;2;3;1;6;48,9744300000;2,5139800000
202200022971;16;12;2022;09:50;1;93;1;2;1;3;49,0024200000;2,5329600000
202200022972;15;12;2022;22:15;5;93;2;1;1;1;48,9656100000;2,5694600000
202200022973;16;12;2022;13:40;1;93;2;9;1;3;48,9340390035;2,5421630235
202200022974;16;12;2022;12:10;1;93;2;1;1;1;48,9370560000;2,3626970000
202200022975;16;12;2022;09:35;1;93;2;1;1;6;48,9145817779;2,3479414753
202200022976;16;12;2022;09:15;1;93;2;1;8;2;48,9075000000;2,4551600000
202200022977;16;12;2022;10:25;1;93;2;1;1;3;48,8747800000;2,5121700000
202200022978;16;12;2022;07:15;2;93;2;3;8;1;48,8560340895;2,4456789084
202200022979;16;12;2022;15:54;1;93;2;1;8;6;48,9190690000;2,4371750000
202200022980;16;12;2022;08:40;2;93;2;3;1;5;48,9357600000;2,4266900000
202200022981;16;12;2022;19:25;5;93;2;6;5;6;48,9388000000;2,4889500000
202200022982;16;12;2022;19:21;5;92;2;4;9;7;48,8154382071;2,2850516438
202200022983;7;11;2022;20:40;5;92;2;6;1;7;48,8243051547;2,2124356627
202200022984;15;12;2022;13:18;1;92;2;1;1;6;48,8834180000;2,1753980000
202200022985;15;12;2022;08:20;1;92;2;9;1;6;48,8605296353;2,1867331266
202200022986;16;12;2022;08:30;1;92;2;1;1;2;48,8837100000;2,2250700000
202200022987;16;12;2022;18:59;5;92;2;6;9;7;48,7981010271;2,2829670310
202200022988;12;11;2022;21:40;5;92;2;3;1;3;48,9068452526;2,2387899756
202200022989;16;12;2022;20:45;3;41;1;1;8;1;47,5557640000;1,3004420000
202200022990;14;12;2022;19:22;3;17;2;3;2;1;45,5719650000; -0,6766140000
202200022991;16;12;2022;18:02;3;10;2;1;1;3;48,2415530000;4,0222620000
202200022992;16;12;2022;17:50;5;83;2;1;1;1;43,3086020000;6,1862900000
202200022993;9;3;2022;08:35;1;69;2;2;1;6;45,7120000000;4,8532900000
202200022994;16;12;2022;17:30;3;77;2;3;8;3;48,7792110000;3,3030630000
202200022995;9;3;2022;02:30;5;69;2;2;1;3;45,7375300000;4,8740600000
202200022996;16;12;2022;17:05;3;74;1;1;2;1;46,2734770000;6,3431450000
202200022997;9;3;2022;09:20;1;69;2;1;1;6;45,7840852183;4,7870457172
202200022998;15;12;2022;13:50;1;57;2;1;1;6;48,9696570000;6,6099420000
202200022999;16;12;2022;21:40;5;51;2;1;1;7;49,0616820000;3,9651220000
202200023000;8;3;2022;23:29;5;971;1;4;1;3;16,2175677308; -61,4944562316
202200023001;16;12;2022;20:45;3;82;1;1;1;6;44,2279330000;1,3912350000
202200023002;8;3;2022;21:02;5;971;1;9;1;2;16,2495700000; -61,5285000000
202200023003;17;12;2022;07:40;3;32;1;1;2;5;43,6025570000;1,0211870000
202200023004;8;3;2022;12:30;1;91;2;1;1;2;48,6949560000;2,2933700000
202200023005;16;12;2022;19:05;3;71;1;6;1;3;46,7490950000;4,4931940000
202200023006;16;12;2022;15:00;1;71;2;1;7;6;46,9623530000;4,3123870000
202200023007;9;3;2022;07:00;2;91;2;3;1;3;48,6875400000;2,4333600000
202200023008;16;12;2022;17:40;5;63;2;1;2;6;45,5358337264;2,6917047054
202200023009;16;12;2022;19:45;3;63;1;1;1;7;45,4838372447;2,7320559660
202200023010;9;3;2022;06:05;5;91;2;1;1;3;48,6993700000;2,4722800000
202200023011;17;12;2022;00:25;3;61;1;1;1;6;48,5168990000; -0,8410330000
202200023012;8;10;2022;00:15;3;47;1;1;1;7;44,3390130000; -0,0057080000
202200023013;8;3;2022;18:35;3;91;2;1;1;3;48,7347060000;2,3662390000
202200023014;20;7;2022;16:10;1;68;2;9;1;3;48,0860460000;7,3156350000
202200023015;16;12;2022;18:20;3;35;1;3;1;2;48,2117800000; -2,1760740000
202200023016;9;3;2022;15:50;1;83;2;6;1;2;43,1200215488;5,9489905089
202200023017;16;12;2022;17:55;5;72;2;1;8;6;47,6947980000;0,4186220000
202200023018;8;3;2022;19:45;5;81;2;1;1;6;43,9309200000;2,1632500000
202200023019;16;12;2022;14:52;1;14;2;1;1;1;49,2349530000; -0,0393570000
202200023020;16;12;2022;18:50;3;73;1;3;1;3;45,6105700000;6,4518710000
202200023021;3;3;2022;17:20;1;80;2;1;1;3;49,8897300000;2,3093500000
202200023022;8;3;2022;17:10;1;77;2;1;1;6;48,8770877375;2,7041770034
202200023023;12;12;2022;18:25;5;18;2;1;1;5;46,8887910000;2,5684030000
202200023024;17;12;2022;11:10;1;53;1;1;1;6;47,8534180000; -1,1440960000
202200023025;9;3;2022;17:00;1;77;2;1;1;7;48,8577700000;2,7558200000
202200023026;16;12;2022;23:00;3;40;1;1;5;7;43,6253590000; -0,9981520000