Accident_Id;jour;mois;an;hrmn;lum;dep;agg;int;atm;col;lat;long
202200024019;5;10;2022;21:10;3;93;1;1;2;6;48,9212115236;2,3692000928
202200024020;24;1;2022;07:50;2;19;2;1;1;3;45,1529070048;1,5396416187
202200024021;8;7;2022;16:10;1;14;2;1;1;7;49,3991300000;0,2192000000
202200024022;6;10;2022;09:00;1;95;1;1;1;4;49,0097287478;2,1562573314
202200024023;28;1;2022;13:30;1;17;2;1;2;3;46,1523860000; -1,2043860000
202200024024;6;10;2022;10:15;1;93;1;1;1;6;48,9607215909;2,4678989547
202200024025;28;1;2022;07:50;1;15;1;1;1;3;44,8839000000;2,4505000000
202200024026;3;7;2022;18:50;2;14;1;2;1;3;49,1453547594; -0,2528777818
202200024027;6;10;2022;08:00;1;77;1;1;1;3;48,5715400000;2,6408000000
202200024028;28;1;2022;10:10;1;13;2;2;1;1;43,3463383739;5,3661883328
202200024029;9;6;2022;14:15;1;14;2;1;1;3;49,1172150000; -0,3716630000
202200024030;5;10;2022;12:45;1;94;1;1;1;2;48,8266507839;2,5161742429
202200024031;28;1;2022;09:00;1;13;2;2;1;1;43,3340000000;5,3998300000
202200024032;31;8;2022;13:50;1;59;2;1;1;6;50,6754591047;3,1441792846
202200024033;25;1;2022;14:30;1;13;2;2;1;3;43,5841100000;5,0046900000
202200024034;19;5;2022;08:15;1;04;2;3;1;3;44,0949200000;6,2394700000
202200024035;28;1;2022;23:36;4;11;2;1;1;3;43,2073100000;2,3108900000
202200024036;11;11;2022;21:05;5;974;2;1;1;6; -20,9368000000;55,2920800000
202200024037;5;10;2022;12:45;1;988;2;1;1;3; -22,2584400000;166,4439800000
202200024038;28;1;2022;10:03;1;10;2;1;2;3;48,2617900000;4,0739790000
202200024039;10;11;2022;22:05;3;973;2;1;2;6;4,9228400000; -52,3038900000
202200024040;5;10;2022;08:30;1;974;2;1;1;6; -21,3354200000;55,4661700000
202200024041;11;11;2022;11:40;1;69;2;9;1;6;45,7652475067;4,8476368189
202200024042;27;1;2022;21:10;5;10;2;3;2;3;48,2969200000;4,0714300000
202200024043;5;10;2022;09:37;1;973;2;1;1;4;4,9194300000; -52,3182000000
202200024044;11;11;2022;04:20;5;69;2;2;1;3;45,7725200000;4,8430900000
202200024045;11;11;2022;10:00;1;971;1;1;1;2;16,2453071172; -61,5246498585
202200024046;4;10;2022;09:30;1;973;2;1;1;1;4,9351076862; -52,3273846507
202200024047;27;1;2022;06:45;5;10;2;3;1;3;48,2950100000;4,0693100000
202200024048;11;11;2022;07:00;1;971;2;6;1;7;16,2146800000; -61,5021500000
202200024049;28;1;2022;20:45;5;06;2;2;1;3;43,7110500000;7,2916900000
202200024050;5;10;2022;17:50;1;69;2;2;1;3;45,7570200000;4,8527600000
202200024051;10;11;2022;23:55;5;95;2;1;1;3;48,9858053117;2,2962337732
202200024052;28;1;2022;16:31;1;06;2;3;1;3;43,6752500000;7,2273900000
202200024053;10;11;2022;20:35;5;95;2;1;1;3;48,9869118715;2,2171595693
202200024054;5;10;2022;12:50;1;69;2;3;1;6;45,7381800000;4,8376900000
202200024055;28;1;2022;07:40;1;06;2;1;1;6;43,7164500000;7,2533300000
202200024056;10;11;2022;12:05;1;91;2;7;1;6;48,7325400000;2,2212500000
202200024057;25;1;2022;09:15;1;03;2;1;7;6;46,3364700000;2,5961200000
202200024058;5;10;2022;20:10;5;972;1;1;2;3;14,6047700000; -61,0845800000
202200024059;11;11;2022;15:49;1;91;1;9;1;3;48,6836880000;2,4910880000
202200024060;28;1;2022;13:42;1;75;2;1;1;3;48,8834250000;2,2841720000
202200024061;4;10;2022;17:30;2;972;2;3;1;3;14,6077800000; -61,0691600000
202200024062;27;1;2022;19:30;5;75;2;1;2;4;48,8651530000;2,4132150000
202200024063;11;11;2022;11:10;1;81;1;1;1;3;43,5104400000;2,3475900000
202200024064;5;10;2022;17:45;1;69;2;2;1;3;45,7100500000;4,7997300000
202200024065;28;1;2022;22:07;5;75;2;2;1;7;48,8480810000;2,3279270000
202200024066;5;10;2022;07:28;1;2A;2;1;1;3;41,9255200000;8,7343800000
202200024067;28;1;2022;11:56;1;75;2;3;1;6;48,8848650000;2,3674050000
202200024068;11;11;2022;15:00;1;77;2;9;1;6;48,8553300000;2,7688800000
202200024069;4;10;2022;11:40;1;95;2;1;1;6;48,9927200273;2,4274984002
202200024070;11;11;2022;21:50;5;76;2;1;1;6;49,4580450000;1,0366530000
202200024071;28;1;2022;05:50;5;75;2;7;1;3;48,8515060000;2,2783570000
202200024072;28;1;2022;11:15;1;75;2;3;1;6;48,8387810000;2,2901670000
202200024073;11;11;2022;18:55;5;76;2;2;1;3;49,4403700000;1,1021800000
202200024074;28;1;2022;08:45;1;75;2;1;8;7;48,8607240000;2,3210160000
202200024075;5;10;2022;17:40;1;91;2;1;1;2;48,6909380000;2,4411190000
202200024076;11;11;2022;15:05;1;71;2;1;1;6;46,7780000000;4,8450000000
202200024077;11;11;2022;08:55;1;69;2;1;1;6;45,7669800000;4,8672100000
202200024078;28;1;2022;20:00;5;75;2;2;1;3;48,8757967100;2,3602554202
202200024079;24;8;2022;17:05;1;89;2;1;1;6;48,1975100000;3,2899200000
202200024080;28;1;2022;16:58;1;75;2;2;1;6;48,8516960000;2,3235430000
202200024081;11;11;2022;09:00;1;64;2;3;1;3;43,3515400000; -1,7829900000
202200024082;23;9;2022;13:50;1;89;1;1;1;3;47,8197740000;3,5584730000
202200024083;11;11;2022;19:25;5;64;2;1;1;3;43,4909230000; -1,5447400000
202200024084;4;10;2022;14:24;1;87;2;1;1;2;45,8815000000;1,2928100000
202200024085;28;1;2022;16:25;1;75;2;3;1;2;48,8595010000;2,3676100000
202200024086;11;11;2022;20:20;5;62;2;1;1;3;50,5124330000;2,8069200000
202200024087;30;9;2022;00:20;3;87;1;1;1;4;45,8337900000;1,2841400000
202200024088;28;1;2022;14:45;1;75;2;2;1;6;48,8559590000;2,3579720000
202200024089;9;11;2022;10:30;1;50;2;1;1;6;49,1172100000; -1,0831100000
202200024090;4;10;2022;10:15;1;85;1;6;1;6;46,4899992000; -1,7497712300
202200024091;27;1;2022;09:39;1;94;2;2;8;3;48,7947600000;2,4178700000
202200024092;10;11;2022;15:35;1;50;2;1;1;3;49,0649600000; -1,4333000000
202200024093;28;1;2022;18:00;5;94;2;2;1;6;48,7961569099;2,3218947351
202200024094;5;9;2022;07:55;1;84;2;1;1;3;43,9426000000;4,7935000000
202200024095;12;11;2022;00:36;5;49;2;1;1;6;47,4671100000; -0,5272400000
202200024096;28;1;2022;17:00;1;94;2;1;1;6;48,8082800000;2,3741800000
202200024097;11;11;2022;11:00;1;43;2;1;5;6;45,0410900000;3,9092000000
202200024098;5;10;2022;13:15;1;83;2;1;1;1;43,1296000000;5,9692700000
202200024099;28;1;2022;12:30;1;93;2;1;1;6;48,9591396499;2,3822329043
202200024100;11;11;2022;23:33;3;42;1;4;2;6;46,0524700000;4,1393800000
202200024101;28;1;2022;08:30;1;93;2;1;1;6;48,9437217920;2,3585593846
202200024102;4;10;2022;18:28;1;80;2;2;1;3;49,8952400000;2,2976100000
202200024103;28;1;2022;16:30;1;93;2;1;1;3;48,8640829470;2,5298689637
202200024104;11;11;2022;04:40;5;35;2;1;1;1;48,3421800000; -1,1758100000
202200024105;5;10;2022;19:00;2;76;2;1;1;6;49,4767800000;1,0348700000
202200024106;28;1;2022;11:40;1;93;2;1;1;2;48,8604004657;2,4809655547
202200024107;11;11;2022;03:15;5;33;2;6;1;3;44,8324251559; -0,5796588957
202200024108;4;10;2022;07:00;5;72;2;9;1;3;47,9993390000;0,1819910000
202200024109;28;1;2022;13:15;1;93;1;1;1;6;48,9135700000;2,5401600000
202200024110;3;10;2022;18:00;1;71;2;1;1;6;46,6653524759;4,3687660408
202200024111;11;11;2022;19:00;5;30;1;1;1;1;44,0729700000;4,0809700000
202200024112;11;11;2022;13:40;1;29;2;1;9;6;47,9763000380; -4,0686359963
202200024113;5;10;2022;17:30;1;69;2;2;1;3;45,7484825458;4,9176505208
202200024114;28;1;2022;08:40;1;93;2;1;1;6;48,9105800000;2,5272900000
202200024115;11;11;2022;23:30;5;27;2;7;1;3;49,0264068777;1,1572337151
202200024116;5;10;2022;09:00;1;69;2;3;1;3;45,7292421989;4,8606321216
202200024117;28;1;2022;17:45;2;93;2;3;1;3;48,9140200000;2,4404800000
202200024118;4;10;2022;21:45;5;67;2;1;1;6;48,5465700000;7,7053100000
202200024119;11;11;2022;16:40;1;22;2;1;1;3;48,5067400000; -2,7840500000
202200024120;28;1;2022;08:35;1;93;2;9;8;6;48,9359507461;2,4671126252
202200024121;6;11;2022;04:55;5;19;2;1;1;6;45,5739910000;2,3475550000
202200024122;28;1;2022;18:40;5;92;2;1;1;6;48,8169427212;2,3068276942
202200024123;4;10;2022;18:33;1;66;2;3;1;6;42,7007800000;2,8916300000
202200024124;11;11;2022;03:40;5;17;2;1;1;7;45,7312700000; -0,6395400000
202200024125;28;1;2022;16:40;1;92;2;1;1;6;48,8260052772;2,2180247158
202200024126;5;10;2022;08:20;1;64;2;1;1;6;43,3161922513; -0,3611165285
202200024127;28;1;2022;09:10;1;92;2;3;8;7;48,8524535560;2,2162678689
202200024128;4;10;2022;18:30;1;64;2;1;1;3;43,3189000000; -0,3605300000
202200024129;11;11;2022;16:24;1;17;1;1;1;6;45,9502400000; -0,8967500000
202200024130;27;1;2022;23:50;5;92;2;3;1;3;48,8104079747;2,3111190274
202200024131;3;10;2022;10:43;1;64;2;9;1;3;43,4508800000; -1,5569600000
202200024132;11;11;2022;21:15;5;14;2;1;1;1;49,1702600000; -0,3531500000
202200024133;26;1;2022;13:45;1;92;2;1;1;6;48,9071400000;2,3086400000
202200024134;11;11;2022;17:25;1;13;1;1;1;3;43,3841917008;5,5587289433
202200024135;3;10;2022;21:20;5;63;2;6;1;3;45,8026529180;3,1318625808
202200024136;28;1;2022;13:20;1;92;2;1;1;6;48,9082215011;2,3129227459
202200024137;11;11;2022;19:10;5;13;2;1;1;3;43,2345854037;5,3595465401
202200024138;28;1;2022;15:00;1;92;2;1;1;1;48,9149250249;2,2942076325
202200024139;1;10;2022;18:28;1;63;2;9;1;1;45,7470763184;3,0635885596
202200024140;11;11;2022;06:40;2;13;2;1;1;3;43,3575000000;5,3405200000
202200024141;25;1;2022;13:10;1;92;2;1;1;2;48,9055600000;2,2871400000
202200024142;1;10;2022;18:00;1;63;2;5;1;1;45,7677973016;3,0818849802
202200024143;11;11;2022;01:10;5;11;2;3;1;6;43,2101700000;2,3526600000
202200024144;25;1;2022;16:50;1;24;2;1;1;1;45,1419490000;0,5237940000
202200024145;28;9;2022;16:34;1;63;2;1;1;4;45,7508819761;3,0911278725
202200024146;29;1;2022;04:50;5;38;1;1;1;1;45,5156550000;4,9386550000
202200024147;11;11;2022;22:15;5;06;2;1;1;3;43,7443530000;7,4267790000
202200024148;5;10;2022;15:00;1;59;2;1;1;6;50,6127611406;3,0369794369
202200024149;11;11;2022;01:10;5;05;2;1;1;6;44,5597300000;6,0751300000
202200024150;29;1;2022;02:30;3;38;1;1;5;7;45,4141020000;4,7487760000
202200024151;27;10;2022;21:55;5;05;2;1;1;6;44,5604350000;6,0766200000
202200024152;30;9;2022;06:30;5;59;2;2;1;6;50,6448014951;2,9745309055
202200024153;26;1;2022;16:25;1;45;1;1;8;1;47,9884860000;2,5380510000
202200024154;10;11;2022;19:50;5;75;2;1;1;6;48,8398720000;2,3828250000
202200024155;5;9;2022;18:20;1;58;2;3;1;1;46,9873800000;3,1511200000
202200024156;29;1;2022;14:25;1;972;1;1;1;6;14,6331630000; -60,9199460000
202200024157;12;11;2022;10:55;1;75;2;3;1;6;48,8612440000;2,3582060000
202200024158;14;9;2022;09:00;1;58;2;2;1;3;46,9896400000;3,1341200000
202200024159;29;1;2022;15:05;1;62;1;1;1;6;50,8103980000;2,0608550000
202200024160;12;11;2022;10:40;1;75;2;1;1;3;48,8965330000;2,3194220000
202200024161;18;9;2022;19:00;1;58;2;1;1;7;46,9872900000;3,1621800000
202200024162;28;1;2022;20:55;3;44;1;1;5;2;47,3371770000; -1,8062260000
202200024163;12;11;2022;11:45;1;75;2;2;1;6;48,8193260000;2,3619650000
202200024164;30;9;2022;10:40;1;58;2;9;1;3;47,0029500000;3,1514700000
202200024165;29;1;2022;10:00;1;36;1;1;1;5;46,6580490000;1,5692040000
202200024166;5;10;2022;14:00;1;57;2;1;1;3;49,1135576139;7,0733088254
202200024167;12;11;2022;12:15;1;75;2;3;1;3;48,8489040000;2,3720120000
202200024168;28;1;2022;17:20;2;74;2;1;1;6;46,3323210000;6,3745380000
202200024169;5;10;2022;22:30;5;51;2;1;1;7;49,2396600000;4,0211000000
202200024170;11;11;2022;17:43;1;75;2;2;1;3;48,8366880000;2,4035170000
202200024171;29;1;2022;16:40;1;62;1;1;6;6;50,0888690000;2,8694060000
202200024172;4;10;2022;17:08;1;49;2;1;1;3;47,4605800000; -0,5612000000
202200024173;12;11;2022;18:35;5;75;2;4;1;3;48,8626480000;2,3718800000
202200024174;29;1;2022;15:00;1;2B;1;1;1;1;42,5072630000;9,4382970000
202200024175;5;10;2022;14:58;1;47;1;1;1;3;44,1818800000;0,6145400000
202200024176;29;1;2022;02:22;3;65;1;1;1;7;42,9785850000;0,3754770000
202200024177;12;11;2022;16:15;1;75;2;2;1;3;48,8778910000;2,3516300000
202200024178;28;1;2022;20:45;3;71;1;1;5;7;46,8426510000;4,5370480000
202200024179;5;10;2022;08:25;2;45;2;1;1;3;47,9543000000;1,8616800000
202200024180;28;1;2022;21:15;5;71;2;1;8;6;46,4335330000;4,6583830000
202200024181;12;11;2022;17:50;5;75;2;7;1;6;48,8699370000;2,3279690000
202200024182;5;10;2022;11:30;1;44;2;1;1;6;47,2812900000; -2,2423800000
202200024183;28;1;2022;08:00;2;49;1;1;8;7;47,5680420000; -0,6783630000
202200024184;12;11;2022;17:00;5;75;2;1;1;2;48,8627100000;2,3066270000
202200024185;4;10;2022;18:50;1;44;1;1;1;2;47,2883900000; -2,2443700000
202200024186;28;1;2022;07:40;2;41;2;3;2;3;47,2777110000;1,5580090000
202200024187;29;1;2022;00:00;3;39;1;1;2;7;46,5892300000;5,7321950000
202200024188;5;10;2022;09:00;1;42;2;1;1;3;45,3950800000;4,3119800000
202200024189;12;11;2022;08:30;1;75;2;2;1;3;48,8612430000;2,3582040000
202200024190;28;1;2022;22:00;5;29;2;1;1;3;48,5696820000; -3,7044081000
202200024191;5;10;2022;15:00;1;41;2;2;1;3;47,5676300000;1,3120300000
202200024192;28;1;2022;21:20;3;72;2;6;1;6;47,6774380000;0,3144840000
202200024193;12;11;2022;22:15;5;94;2;9;1;6;48,7944000000;2,4321600000
202200024194;16;9;2022;21:40;5;38;2;1;1;7;45,1797800000;5,7166600000
202200024195;28;1;2022;17:00;1;64;2;1;7;2;43,2233190000; -0,8907730000
202200024196;12;11;2022;12:10;1;94;2;3;1;7;48,7644800000;2,3920100000
202200024197;6;10;2022;01:10;5;38;2;1;1;3;45,1859200000;5,7287700000
202200024198;28;1;2022;19:25;3;18;1;1;2;1;47,5704890000;2,4651860000
202200024199;28;1;2022;21:30;3;18;1;1;8;6;46,8940290000;2,9480270000
202200024200;11;11;2022;17:00;1;94;2;1;1;6;48,7607310000;2,3247520000
202200024201;4;10;2022;13:50;1;34;2;1;1;2;43,3429637697;3,2231180370
202200024202;28;1;2022;20:05;3;53;1;1;1;6;48,2137500000; -0,3083250000
202200024203;5;10;2022;11:35;1;33;2;3;1;6;44,8826700000; -0,6134300000
202200024204;12;11;2022;13:18;1;94;2;9;1;3;48,7805600000;2,4576400000
202200024205;29;1;2022;10:10;1;21;2;1;2;6;47,5286103344;5,3773498534
202200024206;5;10;2022;08:40;1;31;2;6;1;3;43,6141700000;1,3978500000
202200024207;12;11;2022;20:30;5;94;2;1;1;3;48,8217669816;2,4022749066
202200024208;25;1;2022;11:00;1;85;2;6;1;3;46,7919320000; -2,0534670000
202200024209;12;11;2022;14:00;1;93;2;1;1;7;48,9013600000;2,3916300000
202200024210;5;10;2022;16:01;1;31;2;1;1;1;43,0920500000;0,7283200000
202200024211;29;1;2022;08:30;2;87;1;1;5;6;45,6772690000;1,0645439000
202200024212;12;11;2022;14:38;1;93;2;1;1;6;48,8935500000;2,4575500000
202200024213;26;1;2022;08:55;2;10;1;1;5;7;48,1691530225;4,5542152575
202200024214;26;9;2022;11:40;1;30;1;3;1;5;43,8833900000;4,3793000000
202200024215;29;1;2022;11:50;1;74;1;1;1;2;45,9024930000;6,7785220000
202200024216;12;11;2022;13:12;1;93;2;1;1;3;48,8371500000;2,5599700000
202200024217;26;9;2022;06:55;2;30;2;1;1;2;43,8520000000;4,3201000000
202200024218;12;11;2022;10:05;1;93;2;1;1;3;48,8626200000;2,5768300000
202200024219;28;1;2022;20:20;3;64;1;1;1;5;43,5129030000; -0,9240590000
202200024220;11;9;2022;12:50;1;30;1;1;1;3;44,1680000000;4,6056000000
202200024221;12;11;2022;18:30;5;93;2;9;1;1;48,8600447657;2,4390172768
202200024222;3;10;2022;10:45;1;30;2;9;1;6;44,1270801175;4,0760890245
202200024223;29;1;2022;05:30;3;38;1;1;1;4;45,2646905192;5,6315236486
202200024224;12;11;2022;01:43;5;93;2;2;1;3;48,8684174370;2,4447385669
202200024225;12;11;2022;16:30;1;93;2;3;1;3;48,8836800000;2,5303700000
202200024226;29;1;2022;12:50;1;74;1;1;1;4;46,1740950000;6,2389470000
202200024227;12;11;2022;16:00;1;93;2;6;1;3;48,9610690000;2,3458280000
202200024228;29;1;2022;04:00;3;986;2;1;2;1; -13,2799352442; -176,1740042300
202200024229;4;10;2022;19:45;1;22;1;1;1;7;48,5205800000; -2,7151600000
202200024230;12;11;2022;07:50;1;93;2;3;1;6;48,8933100000;2,4136300000
202200024231;27;1;2022;12:20;1;971;1;1;1;3;16,2697310000; -61,3736200000
202200024232;12;11;2022;19:35;5;92;2;1;1;6;48,8134176348;2,3021394610
202200024233;29;1;2022;09:20;1;2B;2;1;1;3;42,5085010000;9,3747070000
202200024234;5;10;2022;18:30;1;13;2;9;1;3;43,3594600000;5,3564600000
202200024235;12;11;2022;14:50;1;92;2;1;1;6;48,8954100000;2,2712400000
202200024236;28;1;2022;16:15;1;34;2;1;1;2;43,4262100000;3,6031560000
202200024237;12;11;2022;19:00;3;44;1;1;1;6;47,5155920000; -1,3156340000
202200024238;5;10;2022;11:50;1;13;2;1;1;1;43,3129900000;5,3754300000
202200024239;12;11;2022;16:30;1;37;1;1;1;2;47,5520930000;0,9212500000
202200024240;28;1;2022;16:45;1;34;2;3;1;3;43,6744850000;4,1205280000
202200024241;13;11;2022;14:15;1;54;1;1;1;1;48,7719169640;6,2707686418
202200024242;28;1;2022;23:00;3;05;1;1;1;1;44,6366890000;6,6247560000
202200024243;13;11;2022;07:00;3;54;1;1;5;6;48,6015870000;6,3295200000
202200024244;12;11;2022;23:35;3;51;1;1;1;7;48,8275130000;4,5278260000
202200024245;27;1;2022;03:30;3;89;1;1;5;7;48,2416040000;3,4845680000
202200024246;8;11;2022;15:34;1;91;2;9;1;3;48,6221450000;2,3557240000
202200024247;12;11;2022;15:30;1;41;2;1;1;6;47,3705330000;1,7384030000
202200024248;29;1;2022;16:45;1;38;2;1;1;4;45,3364000000;4,8049950000
202200024249;12;11;2022;22:45;4;45;2;1;5;6;47,9764600000;2,6300020000
202200024250;29;1;2022;16:50;1;07;2;2;1;1;45,0850680000;4,8188060000
202200024251;13;11;2022;15:00;1;36;1;2;1;1;47,1878090000;1,7912270000
202200024252;25;1;2022;14:25;1;31;2;2;1;3;43,5345701351;1,4093613625
202200024253;13;11;2022;15:00;1;01;1;1;1;6;46,0579780000;4,8468700000
202200024254;28;1;2022;17:10;1;31;2;6;1;2;43,6169470000;1,2799230000
202200024255;12;11;2022;17:05;1;14;1;1;1;6;49,1231240000; -0,5721900000
202200024256;29;1;2022;14:20;1;86;2;1;8;6;46,6891280000;0,3871070000
202200024257;13;11;2022;10:35;1;71;2;1;1;6;46,8949220000;5,0245640000
202200024258;29;1;2022;00:30;3;33;1;1;2;6;44,9813590000; -0,5945760000
202200024259;29;1;2022;10:50;1;59;2;1;2;1;50,0179061385;4,0215754509
202200024260;13;11;2022;04:10;3;83;1;1;1;1;43,4052580000;5,9358890000
202200024261;28;1;2022;15:25;1;59;1;2;1;3;50,6872540000;2,9672620000
202200024262;13;11;2022;00:00;3;19;1;1;1;6;45,5685131661;1,7152190035
202200024263;28;1;2022;12:20;1;33;1;1;1;5;44,8822680000; -0,6233987000
202200024264;13;11;2022;13:40;1;59;1;3;1;3;50,8990226897;2,3958456516
202200024265;26;1;2022;18:00;3;59;1;1;1;2;50,4338554149;3,6558723450
202200024266;7;11;2022;09:20;1;82;1;1;1;6;44,2583677794;1,8507070541
202200024267;28;1;2022;05:50;5;92;1;1;1;6;48,9363400000;2,2893400000
202200024268;12;11;2022;18:00;3;82;1;1;1;6;43,9442290000;1,2907650000
202200024269;27;1;2022;06:55;3;78;1;1;1;2;48,9513060000;1,9424520000
202200024270;12;11;2022;10:45;1;63;1;1;1;7;45,8439620376;2,7519181823
202200024271;28;1;2022;10:15;1;93;1;1;1;2;48,9251200000;2,3927900000
202200024272;13;11;2022;16:30;1;63;2;1;1;6;45,6212030000;3,1484770000
202200024273;28;1;2022;09:30;1;93;1;1;2;4;48,9301577079;2,3642158907
202200024274;12;11;2022;18:00;3;42;1;3;1;1;45,9388260000;3,7805010000
202200024275;27;1;2022;07:13;5;54;2;3;5;6;48,6673000000;6,1890400000
202200024276;16;9;2022;13:45;1;29;2;6;1;3;48,3677390000; -4,3718390000
202200024277;27;1;2022;11:25;1;43;2;3;1;6;45,0219500000;3,8894300000
202200024278;12;11;2022;16:50;2;68;1;3;1;3;47,6492580000;7,4503400000
202200024279;27;1;2022;20:15;5;75;2;3;2;2;48,8233270000;2,3657100000
202200024280;12;11;2022;19:00;3;39;1;1;5;6;46,8619750000;5,4607620000
202200024281;13;11;2022;01:50;3;44;1;1;1;7;47,1988300000; -1,8599700000
202200024282;27;1;2022;14:46;1;974;1;2;1;3; -21,3033100000;55,4240600000
202200024283;12;11;2022;16:10;1;35;1;2;7;5;48,1188280000; -1,3239280000
202200024284;27;1;2022;22:00;5;69;2;1;1;7;45,7637108377;4,8610156775
202200024285;12;11;2022;06:30;3;29;1;1;1;6;48,5424590000; -4,0860020000
202200024286;27;1;2022;13:00;1;69;2;2;1;3;45,7343832245;4,8758161068
202200024287;11;11;2022;04:58;3;31;1;1;5;6;43,1454530000;0,9414980000
202200024288;27;1;2022;07:15;5;69;2;2;1;6;45,7100200000;4,8490900000
202200024289;12;11;2022;18:55;3;38;1;2;1;3;45,4105550000;5,2345450000
202200024290;27;1;2022;19:35;5;69;2;1;1;4;45,7974400000;4,8290500000
202200024291;12;11;2022;01:20;3;02;1;1;5;7;49,2685330000;3,1366830000
202200024292;26;1;2022;18:12;5;95;2;1;1;6;48,9705433110;2,2829058766
202200024293;27;1;2022;08:20;1;91;2;1;1;7;48,6750330000;2,3186010000
202200024294;13;11;2022;01:46;3;02;2;1;1;6;49,6432690000;3,1559730000
202200024295;27;1;2022;19:45;3;91;2;3;2;6;48,6981800000;2,4164800000
202200024296;7;11;2022;18:46;3;84;1;1;1;5;43,7073490000;5,5169550000
202200024297;26;1;2022;12:20;1;86;2;1;1;4;46,5671360000;0,3574020000
202200024298;12;11;2022;16:45;1;58;1;1;1;5;47,4764920000;3,4353730000
202200024299;26;1;2022;18:35;4;86;2;1;5;6;46,5547630000;0,3018940000
202200024300;12;11;2022;12:00;1;72;2;1;1;3;48,3473150000;0,0829230000
202200024301;27;1;2022;07:25;2;83;2;1;1;3;43,1225700000;5,9393300000
202200024302;12;11;2022;23:00;3;14;2;1;5;6;48,9757190000; -0,0790670000
202200024303;27;1;2022;01:55;5;83;2;2;1;3;43,1349500000;5,9164300000
202200024304;12;11;2022;22:25;4;14;2;1;1;6;49,3115700000; -0,5471600000
202200024305;26;1;2022;07:25;1;83;1;1;1;6;43,4891000000;6,4836400000
202200024306;27;1;2022;21:30;3;81;2;1;5;7;43,9513100000;2,1556800000
202200024307;27;1;2022;19:00;3;78;1;6;2;3;48,9194690000;2,1529950000
202200024308;11;11;2022;13:50;1;05;1;4;1;2;44,5857070000;6,1352850000
202200024309;27;1;2022;05:55;3;78;1;1;1;1;49,0287800000;1,9278000000
202200024310;13;11;2022;07:40;2;83;1;1;1;6;43,5919620000;6,0778960000
202200024311;11;11;2022;20:44;5;09;2;1;1;7;42,7985180000;1,6641820000
202200024312;26;1;2022;18:20;2;77;1;1;1;5;48,7234240000;2,6988750000
202200024313;12;11;2022;14:50;1;43;2;1;1;6;45,0598280000;4,3008520000
202200024314;27;1;2022;20:20;5;77;2;6;2;6;48,8670400000;2,7595200000
202200024315;12;11;2022;19:05;3;10;1;1;5;7;48,0385780000;4,5820930000
202200024316;27;1;2022;12:50;1;76;2;1;1;6;49,4695100000;1,1256100000
202200024317;12;11;2022;14:00;1;36;1;2;1;3;46,9527830000;1,4327910000
202200024318;25;1;2022;07:10;5;76;2;6;1;2;49,4667100000;0,1805900000
202200024319;27;1;2022;16:35;1;76;1;1;2;2;49,8913000000;1,0815800000
202200024320;12;11;2022;15:59;1;85;1;1;9;6;46,7327810000; -1,2079840000
202200024321;27;1;2022;15:17;1;74;1;1;1;1;46,2106600000;6,2586400000
202200024322;27;1;2022;08:45;1;73;2;1;1;1;45,5592951838;5,9207924009
202200024323;12;11;2022;06:19;3;17;1;6;1;7;46,1827570000; -0,8553890000
202200024324;27;1;2022;09:25;1;72;2;1;1;6;48,0156800000;0,2138200000
202200024325;10;11;2022;12:10;1;01;1;2;1;3;46,0608440000;4,9468520000
202200024326;27;1;2022;08:00;5;72;2;1;1;3;47,9850800000;0,2253300000
202200024327;13;11;2022;05:33;3;38;1;1;5;2;45,7770420000;5,0823780000
202200024328;12;11;2022;18:30;3;55;1;1;5;6;49,1078430000;5,4287910000
202200024329;26;1;2022;09:40;1;71;1;6;1;2;46,7675900000;4,4530500000
202200024330;13;11;2022;15:05;1;78;1;1;1;6;48,5524490000;1,9279020000
202200024331;27;1;2022;19:45;4;69;2;2;1;3;45,7596900000;4,8822600000
202200024332;14;11;2022;03:30;3;988;2;1;1;6; -20,9213870000;164,7452690000
202200024333;27;1;2022;08:30;1;69;2;1;1;6;45,7661500000;4,8829600000
202200024334;12;11;2022;04:35;3;11;1;1;1;2;43,0261410000;3,0102970000
202200024335;12;11;2022;16:00;1;06;1;1;1;7;43,8132090000;6,8032190000
202200024336;13;11;2022;07:50;2;13;1;1;1;6;43,7219860000;5,3005170000
202200024337;12;11;2022;02:30;3;57;1;1;5;6;49,0521882235;7,2376593947
202200024338;12;11;2022;19:10;5;57;2;1;5;1;48,9956600000;6,0587290000
202200024339;9;11;2022;10:45;1;26;1;6;3;2;44,9132160000;5,0199470000
202200024340;13;11;2022;14:05;1;85;1;1;1;5;46,8975920000; -0,8392310000
202200024341;12;11;2022;19:10;3;22;1;1;1;1;48,7815500000; -3,5265790000
202200024342;12;11;2022;06:30;3;76;1;1;5;6;49,5250876286;0,7118153572
202200024343;13;11;2022;15:25;1;80;2;1;1;6;50,1810380000;1,6333310000
202200024344;13;11;2022;15:55;1;62;1;1;1;6;50,3342440000;2,9549250000
202200024345;11;7;2022;12:45;1;39;1;1;1;7;46,9876150000;5,8832320000
202200024346;23;7;2022;04:45;3;39;1;1;1;1;46,5658240000;5,4163890000