Accident_Id;jour;mois;an;hrmn;lum;dep;agg;int;atm;col;lat;long
202200024347;21;5;2022;21:15;2;51;2;3;1;3;48,9797721925;4,4706442952
202200024348;24;7;2022;15:45;1;25;1;1;1;2;47,1368570000;5,8802770000
202200024349;24;7;2022;01:15;4;29;2;1;1;7;48,4351240000; -4,6204160000
202200024350;23;5;2022;14:30;1;59;1;1;2;2;50,2228106669;3,6865568161
202200024351;12;11;2022;17:05;1;13;1;1;1;2;43,3202537951;5,5929557744
202200024352;20;5;2022;07:05;2;56;2;1;1;6;47,7590350000; -2,8468480000
202200024353;25;7;2022;19:00;1;29;2;1;1;1;48,0151697752; -4,5486075282
202200024354;24;5;2022;12:55;1;74;1;1;1;6;46,0371130000;6,1316160000
202200024355;24;7;2022;19:50;1;38;2;1;1;6;45,4420810000;5,6170290000
202200024356;24;7;2022;10:35;1;01;2;1;1;7;46,2835840000;5,1179510000
202200024357;22;5;2022;14:40;1;74;2;1;1;2;45,8277190000;6,2022810000
202200024358;24;7;2022;09:50;1;70;1;1;1;1;47,5914620000;6,7978550000
202200024359;23;5;2022;13:40;1;79;1;1;1;4;46,6247880000; -0,2414630000
202200024360;25;7;2022;13:00;1;06;1;1;1;1;44,0322560000;7,5817950000
202200024361;11;11;2022;19:45;3;91;1;1;1;4;48,6805800000;2,3316100000
202200024362;12;7;2022;13:50;1;64;1;1;1;7;43,4283880000; -1,4538430000
202200024363;22;5;2022;08:45;1;79;1;1;1;1;46,7682930000; -0,3168010000
202200024364;19;5;2022;21:15;1;80;2;1;1;7;49,8218200000;2,3184600000
202200024365;24;7;2022;22:14;5;21;1;1;1;2;46,9417211678;4,7594874178
202200024366;17;5;2022;17:30;1;82;1;1;1;6;43,9388430000;1,3388430000
202200024367;11;7;2022;07:50;1;04;1;1;1;5;44,0336590000;6,0975350000
202200024368;11;11;2022;08:00;1;78;1;1;1;6;48,9655680000;1,8079060000
202200024369;24;5;2022;19:15;1;63;2;1;2;3;45,9210050000;3,3437600000
202200024370;22;7;2022;19:15;1;30;1;1;1;1;43,7830390000;4,1304620000
202200024371;25;7;2022;16:10;1;49;1;1;1;1;47,0277800000; -1,0984610000
202200024372;22;5;2022;17:00;1;63;2;3;1;3;45,4191657515;3,7246575952
202200024373;24;7;2022;20:24;1;10;1;1;1;7;48,1826464673;4,4131190935
202200024374;21;5;2022;21:30;1;61;1;1;2;7;48,5383610000; -0,7315140000
202200024375;11;11;2022;12:10;1;95;1;1;1;2;48,9785500000;2,2305600000
202200024376;24;7;2022;20:20;3;973;1;1;1;7;4,8927590000; -52,2565020000
202200024377;23;5;2022;18:15;1;61;1;4;3;2;48,6999540000; -0,1518770000
202200024378;25;7;2022;19:05;1;06;2;9;1;2;43,6250340000;7,1010960000
202200024379;24;5;2022;12:00;1;61;1;1;1;6;48,8351690000; -0,0637720000
202200024380;23;4;2022;17:00;1;49;1;1;3;7;47,3341110000; -0,2066800000
202200024381;22;7;2022;07:40;1;42;1;6;1;3;45,5130010000;4,1921850000
202200024382;24;5;2022;12:50;1;42;1;1;1;7;45,5001130000;4,3852400000
202200024383;10;11;2022;09:45;1;75;2;1;1;3;48,8642740000;2,4134990000
202200024384;25;7;2022;07:25;1;33;1;1;1;6;44,6807450000; -0,7249650000
202200024385;22;5;2022;20:45;1;47;1;1;1;6;44,3599730000;0,2779630000
202200024386;23;5;2022;22:25;3;47;1;1;3;6;44,5203899951;0,2783797691
202200024387;23;7;2022;01:00;5;42;1;2;1;3;45,9420240000;4,2684000000
202200024388;23;7;2022;04:00;5;971;1;1;1;6;16,2518250000; -61,5870220000
202200024389;20;5;2022;12:45;1;34;1;1;1;1;43,7326890000;3,4924290000
202200024390;24;7;2022;13:00;1;987;2;1;1;1; -17,5770000000; -150,2020000000
202200024391;23;5;2022;08:30;2;34;1;1;1;6;43,5569164344;3,4691435917
202200024392;24;7;2022;11:30;1;2B;1;2;1;2;42,3364410000;9,5359880000
202200024393;10;11;2022;08:50;1;75;2;1;1;3;48,8696430000;2,4132670000
202200024394;22;5;2022;12:15;1;34;2;2;1;3;43,7257436478;3,3225043253
202200024395;24;7;2022;11:00;1;2B;1;1;7;5;42,7047910000;9,3438720000
202200024396;24;7;2022;15:40;1;30;1;1;1;7;44,1182600000;3,4861640000
202200024397;20;5;2022;23:30;5;68;2;1;1;3;47,5479220000;7,3273760000
202200024398;25;7;2022;12:30;1;84;2;1;1;5;43,9796530000;4,8910670000
202200024399;23;5;2022;16:35;1;39;1;1;1;7;46,8925810000;5,7657780000
202200024400;24;7;2022;18:00;1;83;1;1;1;3;43,2807120000;5,8226790000
202200024401;7;11;2022;16:18;1;75;2;2;8;3;48,8560560000;2,3404620000
202200024402;22;5;2022;15:30;1;25;1;1;1;5;47,3653390000;6,7578470000
202200024403;23;7;2022;04:00;3;05;1;1;1;7;44,8804760000;6,4644720000
202200024404;24;7;2022;23:45;3;13;1;1;1;1;43,7862690000;4,7472470000
202200024405;21;5;2022;18:55;1;44;1;1;1;7;47,1551200000; -1,6956690000
202200024406;25;7;2022;11:10;1;38;1;1;1;6;45,3204850000;4,8123120000
202200024407;23;5;2022;10:33;1;44;1;1;2;3;47,0857360000; -1,5435900000
202200024408;23;7;2022;04:50;2;67;1;2;1;6;48,4235168505;7,4569755793
202200024409;21;5;2022;01:15;3;44;1;2;1;3;47,5177220000; -1,7349440000
202200024410;25;7;2022;10:30;1;67;2;3;1;2;48,8271250000;7,7551730000
202200024411;11;11;2022;17:15;2;75;2;2;1;5;48,8884660000;2,3738910000
202200024412;22;7;2022;13:40;1;38;2;1;1;6;45,1349930000;5,7015720000
202200024413;22;5;2022;14:45;1;35;1;2;1;3;48,2004940000; -1,9926720000
202200024414;18;5;2022;12:45;1;29;1;1;1;7;48,0996360000; -4,1040910000
202200024415;25;7;2022;13:21;1;01;2;3;1;3;46,2662550000;6,1007870000
202200024416;10;11;2022;20:40;5;75;2;3;1;3;48,8896340000;2,3133720000
202200024417;22;5;2022;01:35;3;29;2;1;1;6;48,3514610000; -4,7595050000
202200024418;24;7;2022;22:00;5;65;2;1;1;6;43,1047380000;0,1179380000
202200024419;24;7;2022;22:45;5;17;1;1;1;2;45,6351540000; -0,9756670000
202200024420;22;5;2022;13:15;1;29;1;1;1;7;48,4291863174; -4,3063724040
202200024421;24;7;2022;18:20;1;33;1;1;1;6;45,0992020000; -0,5101830000
202200024422;11;11;2022;14:50;1;75;2;1;1;3;48,8697750000;2,2921850000
202200024423;25;7;2022;09:30;1;60;2;1;1;6;49,1882171135;2,4223667199
202200024424;10;11;2022;18:20;5;75;2;2;1;6;48,8334990000;2,2865350000
202200024425;22;5;2022;10:10;1;38;2;1;1;6;45,2255560000;5,7649360000
202200024426;16;7;2022;16:00;1;80;2;1;1;6;50,1089240000;1,4544330000
202200024427;24;7;2022;00:05;3;69;1;1;1;2;45,6761521058;4,9563087721
202200024428;11;11;2022;18:15;5;75;2;3;1;3;48,8432540000;2,3837030000
202200024429;22;5;2022;17:00;1;84;2;3;1;1;43,8848300000;5,1692550000
202200024430;23;7;2022;06:20;1;69;1;1;1;5;45,6079300000;4,8030400000
202200024431;11;11;2022;01:00;5;75;2;2;1;2;48,8654490000;2,3688120000
202200024432;24;7;2022;11:35;1;33;1;1;1;2;44,7864400000; -0,5957200000
202200024433;24;7;2022;14:20;1;91;1;1;1;3;48,7409300000;2,3212240000
202200024434;18;5;2022;15:30;1;03;1;2;7;3;46,1741210000;3,2330410000
202200024435;10;11;2022;18:10;3;94;2;1;1;4;48,8585200000;2,4770000000
202200024436;24;7;2022;14:50;1;78;1;1;1;3;48,9705740000;1,8755450000
202200024437;24;7;2022;03:45;5;78;1;1;1;6;48,7837530000;2,0332400000
202200024438;23;5;2022;16:05;1;15;1;1;8;1;44,8829080000;2,3186300000
202200024439;24;7;2022;08:15;1;93;1;1;1;6;48,9361500000;2,4042970000
202200024440;23;7;2022;06:00;2;95;1;1;1;7;49,0354190000;2,0973690000
202200024441;11;11;2022;19:00;5;94;2;6;1;6;48,7340310000;2,4165600000
202200024442;22;5;2022;02:10;3;01;1;2;1;3;46,1778865520;5,0730711222
202200024443;20;5;2022;10:30;1;58;2;1;1;6;47,0631460000;3,9336470000
202200024444;11;11;2022;08:50;1;94;2;6;8;3;48,8115200000;2,5365700000
202200024445;24;7;2022;03:00;3;94;1;1;1;2;48,8302741187;2,4916889276
202200024446;16;12;2022;16:15;1;33;1;1;1;4;44,8457900000; -0,6706500000
202200024447;22;5;2022;22:20;3;54;1;1;1;6;48,5317440000;5,8654950000
202200024448;16;12;2022;12:25;1;91;1;1;1;7;48,6323310000;2,5325380000
202200024449;11;11;2022;17:30;2;93;2;3;1;3;48,8861733425;2,4819805027
202200024450;23;7;2022;03:40;5;93;2;2;2;6;48,9418700000;2,3655400000
202200024451;13;5;2022;10:00;1;72;2;1;1;6;48,0396420000;0,1845770000
202200024452;16;12;2022;18:20;3;92;1;1;1;3;48,9073656235;2,2124782132
202200024453;22;7;2022;13:45;1;61;2;1;8;3;48,4354200000;0,0242800000
202200024454;20;5;2022;19:15;1;06;2;1;1;6;43,7231590000;7,3965960000
202200024455;11;11;2022;18:47;5;93;2;1;1;3;48,8869400000;2,4689400000
202200024456;24;7;2022;01:10;5;974;2;1;1;7; -20,9366000000;55,2961000000
202200024457;22;5;2022;18:40;1;14;2;1;1;6;49,1594942951;0,3580018133
202200024458;11;11;2022;01:25;5;93;2;1;1;6;48,8728306992;2,4600238535
202200024459;23;7;2022;19:00;1;69;2;1;1;7;45,7388000000;4,8515000000
202200024460;16;12;2022;16:30;1;78;1;1;1;4;48,7971900000;1,9093100000
202200024461;22;5;2022;16:58;1;05;1;1;1;7;44,5466100000;5,8524250000
202200024462;22;7;2022;17:20;1;972;1;9;1;3;14,6190200000; -61,0219100000
202200024463;11;11;2022;10:20;1;93;2;1;8;2;48,8958400000;2,4278300000
202200024464;16;12;2022;09:11;1;75;1;1;1;6;48,8482750000;2,2419990000
202200024465;22;5;2022;18:00;1;50;1;1;1;1;48,8754840000; -1,5346340000
202200024466;23;7;2022;08:30;1;2B;1;1;1;2;42,6208800000;9,4368900000
202200024467;11;11;2022;05:25;5;93;2;1;1;3;48,9465700000;2,3429000000
202200024468;21;5;2022;18:05;1;09;1;1;1;6;42,8314470000;1,2980660000
202200024469;23;7;2022;23:45;5;2A;2;6;1;3;41,9298100000;8,7610400000
202200024470;15;12;2022;19:10;3;78;1;1;1;4;48,7935120000;2,0405650000
202200024471;20;5;2022;11:36;1;09;1;1;1;7;43,0525900000;1,6214690000
202200024472;11;11;2022;13:50;1;93;2;1;1;3;48,9502440000;2,5157490000
202200024473;23;7;2022;18:25;1;95;2;1;1;2;48,9907476770;2,3743826151
202200024474;11;11;2022;21:36;5;92;2;1;1;7;48,8308600000;2,2453400000
202200024475;22;7;2022;19:45;1;95;2;1;3;6;49,0015100000;2,0162900000
202200024476;16;12;2022;18:00;3;95;1;1;1;3;48,9833235486;2,2185314390
202200024477;22;5;2022;11:35;1;73;1;1;1;7;45,5963540000;6,2415860000
202200024478;23;7;2022;20:10;1;91;2;1;7;6;48,7130100000;2,4643100000
202200024479;10;11;2022;08:30;1;31;2;4;1;3;43,5851320000;1,5377640000
202200024480;16;12;2022;16:00;1;93;1;1;1;2;48,9163280488;2,3577421904
202200024481;22;5;2022;11:55;1;73;1;2;1;3;45,5080267667;6,0033188760
202200024482;23;7;2022;08:00;1;91;2;1;1;4;48,6726500000;2,3804000000
202200024483;22;11;2022;12:30;1;95;1;1;2;2;49,0362500000;2,0951890000
202200024484;11;11;2022;14:45;1;83;1;9;1;2;43,4469490000;6,4731310000
202200024485;22;5;2022;16:50;1;07;1;1;1;6;44,6737500000;4,4591830000
202200024486;22;7;2022;09:07;1;90;2;1;1;2;47,6513200000;6,8830200000
202200024487;21;5;2022;17:30;1;53;1;1;1;1;48,4353510000; -0,9692860000
202200024488;12;11;2022;06:15;2;63;1;1;1;1;45,7181320000;2,8999290000
202200024489;16;12;2022;03:00;3;93;1;1;1;2;48,8656200000;2,4184400000
202200024490;23;7;2022;00:35;5;71;2;1;1;6;46,8056192085;4,4476133561
202200024491;12;11;2022;09:00;1;83;2;1;1;1;43,2068850000;6,0502700000
202200024492;15;12;2022;22:15;4;93;1;1;1;5;48,8778800000;2,4456200000
202200024493;23;4;2022;14:20;1;53;1;2;8;3;47,7990740000; -0,9076490000
202200024494;12;11;2022;00:00;5;77;2;1;5;6;48,9081440000;3,1827480000
202200024495;23;7;2022;23:10;3;69;2;3;1;5;45,7599584899;4,9207189679
202200024496;7;5;2022;17:55;1;53;1;1;1;6;47,8046375590; -0,6447708600
202200024497;12;11;2022;05:30;3;81;1;1;1;6;43,9572640000;1,8565550000
202200024498;23;7;2022;09:00;1;64;2;1;1;6;43,3000900000; -0,3975400000
202200024499;22;5;2022;19:40;1;40;1;1;1;7;44,2260030000; -0,8992630000
202200024500;15;12;2022;16:50;2;95;1;1;1;5;48,9607863610;2,2696964779
202200024501;12;11;2022;17:25;3;71;1;1;5;6;46,8333930000;4,6938660000
202200024502;20;5;2022;10:17;1;24;2;9;1;6;45,3621830000;0,6486010000
202200024503;22;7;2022;18:05;1;64;2;1;1;6;43,4450200000; -1,5838700000
202200024504;12;11;2022;06:00;3;63;1;1;5;6;45,8916608245;3,2452905178
202200024505;15;12;2022;14:30;1;93;1;1;1;2;48,9233200000;2,4804500000
202200024506;9;5;2022;08:05;1;24;1;1;1;1;45,3494010000;0,6920640000
202200024507;15;12;2022;08:50;1;93;1;1;1;3;48,9312548059;2,4809870124
202200024508;12;11;2022;13:00;1;55;2;3;1;1;49,2888130000;5,7602690000
202200024509;24;5;2022;09:45;1;04;1;1;1;7;43,7358790000;6,0792800000
202200024510;21;7;2022;18:23;1;57;1;1;1;1;49,1245459988;6,7653754312
202200024511;7;11;2022;18:30;5;41;1;1;1;1;47,3340820000;1,7033025300
202200024512;23;5;2022;11:15;1;85;1;1;1;7;46,6471240000; -1,0372210000
202200024513;15;12;2022;07:10;3;93;1;1;1;2;48,9602419884;2,4733228737
202200024514;23;5;2022;10:05;1;27;2;1;2;7;49,0810951589;0,6072092056
202200024515;23;7;2022;19:06;1;54;1;1;1;2;49,4478200000;5,9191800000
202200024516;14;12;2022;20:00;3;95;1;1;1;6;49,0470313508;2,1841565986
202200024517;23;7;2022;08:35;1;54;2;1;1;6;49,1671760000;5,8538920000
202200024518;11;11;2022;18:10;3;29;1;3;1;1;48,2992585600; -3,8350680376
202200024519;23;7;2022;16:00;1;51;2;2;1;3;49,2734200000;4,0148900000
202200024520;23;5;2022;18:10;1;87;1;1;1;1;45,9757380000;1,2572480000
202200024521;15;12;2022;17:30;5;43;2;1;3;6;45,0526600000;3,9110900000
202200024522;18;7;2022;13:00;1;50;1;1;1;1;49,6206400000; -1,5828600000
202200024523;21;5;2022;23:23;3;87;1;1;1;7;46,0234450000;1,1576980000
202200024524;23;7;2022;13:46;1;45;2;1;1;6;48,0218890000;2,7372520000
202200024525;15;12;2022;08:30;2;29;2;1;1;6;48,4011200000; -4,5094000000
202200024526;21;5;2022;12:10;1;37;1;2;1;3;47,0143520000;0,9846820000
202200024527;23;7;2022;14:50;1;44;2;1;1;6;47,2144000000; -1,5284900000
202200024528;23;7;2022;06:00;1;37;2;9;1;3;47,3888700000;0,6893900000
202200024529;15;12;2022;08:27;2;92;2;1;1;6;48,8098552063;2,2362378538
202200024530;22;5;2022;17:20;1;37;1;1;1;5;47,1258920000;1,1087180000
202200024531;23;7;2022;06:30;1;34;1;1;1;7;43,4558700000;3,7679400000
202200024532;24;5;2022;17:00;1;48;1;3;1;3;44,4271730000;3,1713680000
202200024533;14;7;2022;01:13;5;34;2;3;1;3;43,4412000000;3,7588000000
202200024534;21;5;2022;20:40;1;08;2;1;1;6;49,6311030000;5,2700950000
202200024535;23;7;2022;19:05;1;34;2;3;1;2;43,3062500000;3,4807500000
202200024536;2;7;2022;20:55;1;91;2;1;1;6;48,6302200000;2,4282600000
202200024537;23;5;2022;13:30;1;88;1;6;1;2;48,1903510000;5,9174570000
202200024538;23;7;2022;10:25;1;33;2;3;1;3;44,8321400000; -0,6741300000
202200024539;23;5;2022;21:15;1;88;1;1;1;1;48,0136400000;5,9675500000
202200024540;2;7;2022;19:40;1;91;2;1;1;6;48,6016400000;2,4699800000
202200024541;18;5;2022;15:30;1;33;1;1;1;6;44,8851120000; -0,2684460000
202200024542;23;7;2022;15:55;1;75;2;1;1;7;48,8996850000;2,3196400000
202200024543;22;5;2022;22:50;3;988;1;1;1;6; -22,2250410000;166,4641140000
202200024544;30;6;2022;18:30;1;91;2;1;1;6;48,6109100000;2,4517400000
202200024545;24;5;2022;09:00;1;06;2;9;1;6;43,6225470000;6,9683900000
202200024546;22;7;2022;23:33;5;75;2;2;8;3;48,8896920000;2,3681300000
202200024547;21;5;2022;07:55;1;17;1;1;1;2;45,4526030000; -0,6140410000
202200024548;23;7;2022;15:30;1;75;2;2;1;2;48,8431630000;2,2602080000
202200024549;30;6;2022;14:15;1;91;2;3;1;3;48,6412700000;2,4201100000
202200024550;23;5;2022;12:37;1;68;1;1;2;2;47,6064380000;7,5280920000
202200024551;23;7;2022;02:10;5;75;2;3;1;1;48,8422980000;2,3105680000
202200024552;23;5;2022;07:00;1;69;1;1;1;3;45,8356710000;4,6848030000
202200024553;23;7;2022;10:15;1;75;2;1;1;3;48,8313630000;2,3487960000
202200024554;22;7;2022;05:03;5;75;2;1;1;1;48,8746080000;2,3040600000
202200024555;28;4;2022;10:15;1;31;1;1;1;1;43,4815180000;1,5723510000
202200024556;23;7;2022;13:40;1;75;2;2;1;3;48,8517550000;2,3670130000
202200024557;23;5;2022;13:00;1;38;2;1;1;3;45,2384180000;5,8883690000
202200024558;23;6;2022;18:05;1;91;2;6;1;3;48,6446000000;2,4217200000
202200024559;23;7;2022;02:05;5;75;2;1;2;7;48,8566260000;2,3467420000
202200024560;23;5;2022;14:10;1;06;1;1;1;7;43,7212960000;7,2176210000
202200024561;23;7;2022;20:25;1;94;1;1;1;3;48,7670610000;2,3681680000
202200024562;14;12;2022;20:10;5;988;2;3;1;6; -22,2697600000;166,4492500000
202200024563;20;5;2022;20:10;1;69;1;1;1;5;45,7112563741;4,7715801001
202200024564;23;7;2022;01:10;5;93;1;4;2;6;49,0066800000;2,5582100000
202200024565;17;5;2022;05:15;2;69;1;1;1;1;45,7311507193;4,8157829046
202200024566;15;12;2022;16:20;1;976;1;1;2;7; -12,7927300000;45,1883000000
202200024567;23;7;2022;10:30;1;93;2;2;1;3;48,9478200000;2,3573200000
202200024568;22;5;2022;16:00;1;13;2;3;1;3;43,5478520000;5,2974590000
202200024569;23;5;2022;07:45;1;11;1;1;1;6;42,8777980000;2,9900570000
202200024570;23;7;2022;01:00;5;93;2;2;1;1;48,9411000000;2,3509000000
202200024571;23;7;2022;12:35;1;93;2;1;1;6;48,8729950000;2,4852290000
202200024572;23;5;2022;22:55;3;69;1;1;1;5;46,0168140000;4,7273180000
202200024573;22;7;2022;22:30;5;93;2;3;2;3;48,9642100000;2,3473700000
202200024574;15;12;2022;19:15;3;974;1;9;2;3; -20,8909600000;55,3810100000
202200024575;23;7;2022;17:00;1;93;2;1;1;6;48,8960630000;2,4876180000
202200024576;23;5;2022;22:00;3;69;1;1;1;6;46,0161832750;4,7274257757
202200024577;22;5;2022;16:00;1;84;1;1;1;3;43,9425450000;4,9113610000
202200024578;23;7;2022;10:35;1;93;2;2;1;3;48,9420100000;2,4645280000
202200024579;23;7;2022;12:40;1;93;2;1;1;6;48,9419954446;2,5440419913
202200024580;15;12;2022;18:15;2;974;2;6;3;3; -20,9000400000;55,4876100000
202200024581;22;5;2022;18:25;1;13;1;1;1;2;43,6277730000;5,1084620000
202200024582;20;6;2022;16:30;1;92;2;9;1;3;48,9290027135;2,3291911483
202200024583;23;5;2022;18:00;1;69;1;3;8;2;45,5177847463;4,8605570197
202200024584;23;7;2022;12:30;1;92;2;1;1;2;48,8235176513;2,1964971721
202200024585;15;12;2022;16:10;1;974;2;3;3;6; -20,8795600000;55,4438100000
202200024586;21;5;2022;18:30;2;987;2;1;1;6; -17,6899310000; -149,5483490000
202200024587;23;7;2022;03:20;5;92;2;1;1;6;48,8203800000;2,2143700000
202200024588;23;7;2022;15:55;1;92;2;1;1;7;48,8339488809;2,2129262388
202200024589;23;5;2022;06:45;1;988;1;1;2;6; -21,3188990000;165,5729550000
202200024590;23;7;2022;18:00;1;92;2;1;1;1;48,8845189594;2,2137346566
202200024591;10;5;2022;11:00;1;988;2;1;1;6; -21,5133000000;165,9444900000
202200024592;15;12;2022;11:50;1;974;2;1;1;7; -20,8781100000;55,4377700000
202200024593;24;7;2022;00:20;3;60;2;1;1;2;49,5744550000;2,5035520000
202200024594;21;5;2022;12:40;1;971;1;2;1;3;16,2569090000; -61,3463580000
202200024595;14;12;2022;17:50;1;974;2;1;1;6; -20,8846200000;55,4435000000
202200024596;23;7;2022;17:45;1;51;1;1;1;7;48,5865060531;4,7003728151
202200024597;22;5;2022;17:15;1;45;1;1;1;4;48,2788410000;2,1739650000
202200024598;23;7;2022;13:25;1;25;1;1;1;6;47,3001880000;6,0317090000
202200024599;22;7;2022;11:35;1;71;1;1;1;1;46,5218250000;4,4407560000
202200024600;24;5;2022;14:50;1;2B;1;1;1;5;42,6092250000;8,8805470000
202200024601;23;7;2022;15:45;1;22;1;1;1;7;48,5278180000; -2,2569070000
202200024602;15;12;2022;07:15;1;974;2;1;1;3; -20,9478100000;55,2992800000
202200024603;24;7;2022;03:00;3;18;1;1;1;6;47,5019060000;2,8616430000
202200024604;23;5;2022;20:10;2;34;1;1;1;3;43,4786420000;3,5186400000
202200024605;23;7;2022;11:10;1;974;2;2;1;3; -21,2830390000;55,5114800000
202200024606;15;12;2022;10:52;1;973;1;1;1;2;4,9019900000; -52,3131800000
202200024607;23;5;2022;10:21;1;34;1;1;1;5;43,4737260000;3,4516810000
202200024608;24;7;2022;18:50;3;974;1;1;1;6; -21,3680170000;55,5630860000
202200024609;24;7;2022;18:15;1;74;1;1;1;1;46,2661130000;6,4518710000
202200024610;22;5;2022;22:10;3;84;1;1;1;1;43,9204080000;5,0795030000
202200024611;23;7;2022;12:10;1;51;1;2;1;3;49,0177120000;4,6180610000
202200024612;20;5;2022;19:10;1;83;2;1;1;6;43,1822190000;5,6838740000
202200024613;14;12;2022;17:50;1;973;2;2;1;3;4,9332900000; -52,3316900000
202200024614;23;7;2022;17:20;1;2B;2;1;1;2;42,4878910000;9,4793130000
202200024615;22;5;2022;23:15;5;83;2;1;1;1;43,1419900000;6,3395030000
202200024616;23;5;2022;11:30;1;06;1;1;1;1;43,8616230000;7,1664120000
202200024617;24;7;2022;13:50;1;65;1;1;1;7;42,8146240000;0,2008990000
202200024618;14;12;2022;15:55;1;973;2;3;8;3;4,9319316912; -52,3118224740
202200024619;23;5;2022;14:00;1;04;1;1;1;3;43,7972900000;6,6288970000
202200024620;24;7;2022;10:50;1;71;1;1;1;6;46,7478230000;4,7138860000
202200024621;22;5;2022;17:45;1;04;1;1;1;6;44,4350670000;6,8735150000
202200024622;15;12;2022;17:30;5;69;2;3;3;6;45,7359800000;4,8829000000
202200024623;24;7;2022;17:45;1;71;1;1;1;7;46,9717460000;4,1994380000
202200024624;24;5;2022;07:25;1;13;1;1;1;1;43,5240330000;5,1130630000
202200024625;14;12;2022;21:15;5;971;2;9;1;3;16,2310756538; -61,5314492583
202200024626;24;5;2022;09:00;1;52;1;9;1;3;47,8867010000;5,2283440000
202200024627;22;7;2022;21:10;2;63;1;1;1;6;45,6603220000;3,6894700000
202200024628;22;5;2022;07:00;1;68;2;1;1;7;48,2547793187;7,2021603584
202200024629;14;12;2022;19:00;5;971;1;9;1;3;16,2178300000; -61,4905200000
202200024630;23;7;2022;21:40;1;63;2;1;1;1;45,6834280000;3,1940550000
202200024631;23;5;2022;17:45;1;74;1;3;2;3;46,1497790000;6,3242250000
202200024632;21;5;2022;19:50;1;38;1;3;1;3;45,5942190000;5,4722060000
202200024633;23;7;2022;23:15;3;39;1;1;1;1;46,8511520000;5,7101870000
202200024634;21;5;2022;11:00;1;38;2;2;1;3;45,5649430000;5,4446380000
202200024635;15;12;2022;01:06;3;91;1;1;1;2;48,6561360000;2,5230340000
202200024636;12;7;2022;18:55;1;29;1;3;1;1;48,4665480000; -3,9718580000
202200024637;15;12;2022;09:47;1;91;2;1;1;2;48,4416800000;2,1701300000
202200024638;21;5;2022;20:15;5;38;2;1;1;6;45,5688260000;5,2663780000
202200024639;24;7;2022;09:20;1;29;1;2;1;3;47,8981308500; -4,1855882400
202200024640;22;5;2022;16:45;1;69;1;1;1;3;46,0336689756;4,5175266266
202200024641;10;12;2022;01:12;5;87;2;1;1;6;45,8309200000;1,2479400000
202200024642;23;7;2022;21:12;1;03;1;1;1;7;46,2927850000;3,6027430000
202200024643;21;5;2022;18:15;1;69;1;1;1;3;45,6356966642;4,6858383840
202200024644;13;12;2022;21:30;4;87;1;1;2;5;45,8610300000;1,2861600000
202200024645;24;7;2022;00:30;5;03;2;1;1;7;46,2952020000;2,7382780000
202200024646;20;5;2022;12:00;1;69;2;3;6;3;45,6964930000;5,0184560000
202200024647;22;5;2022;21:00;1;69;1;1;1;6;45,9075360000;4,7602180000
202200024648;13;12;2022;08:45;2;84;2;2;3;3;43,9222900000;4,8572400000
202200024649;20;5;2022;11:28;1;81;1;3;7;3;43,8860690515;1,9531331061
202200024650;16;12;2022;00:05;5;83;2;3;2;1;43,1264000000;5,8976100000
202200024651;21;7;2022;09:50;1;01;1;3;1;2;46,1668730000;5,4009390000
202200024652;23;5;2022;10:25;1;32;1;1;8;7;43,6163650000;0,6501080000
202200024653;14;12;2022;15:25;1;82;2;6;1;6;44,0172200000;1,3586400000
202200024654;20;5;2022;19:30;1;09;1;2;1;3;43,2049260000;1,6246460000
202200024655;23;5;2022;00:15;3;17;1;1;8;7;46,2338180000; -1,5436680000
202200024656;24;7;2022;15:00;1;58;1;1;1;7;47,2837510000;3,8734180000
202200024657;20;5;2022;22:15;3;14;1;1;1;6;49,2468050000; -0,2852080000
202200024658;8;12;2022;13:05;1;78;2;2;1;3;48,9015400000;2,0738800000
202200024659;13;12;2022;09:10;1;78;2;3;1;2;48,9736700000;1,9124600000
202200024660;23;7;2022;20:00;2;72;1;1;1;7;48,1093730000;0,7146160000
202200024661;24;5;2022;14:30;1;60;1;1;1;2;49,1021120000;2,7440930000
202200024662;23;5;2022;20:00;1;60;1;1;1;1;49,1378600000;2,7985420000
202200024663;24;7;2022;16:05;1;14;2;1;1;6;49,2850100000;0,1829960000
202200024664;24;5;2022;06:45;2;60;2;1;1;6;49,2019530000;2,5922580000
202200024665;15;12;2022;20:00;5;77;2;6;1;6;48,8390800000;2,7861400000
202200024666;21;5;2022;21:00;2;60;1;1;1;7;49,2249014166;2,5884829759
202200024667;15;12;2022;01:15;3;77;1;1;1;7;48,4691900000;2,7392500000
202200024668;24;5;2022;08:36;1;60;1;1;2;3;49,4782470000;2,5332500000
202200024669;24;7;2022;16:15;1;14;1;2;1;3;49,2280366767;0,2119910717
202200024670;15;12;2022;07:30;5;76;2;1;1;1;49,2917042479;1,0099898279
202200024671;11;5;2022;19:39;1;60;2;6;1;3;49,3604390663;2,4227659106
202200024672;24;7;2022;16:15;1;09;1;1;1;7;42,6104480000;1,8190420000
202200024673;15;12;2022;02:40;5;76;2;2;1;6;49,2974800000;1,0110100000