Accident_Id;jour;mois;an;hrmn;lum;dep;agg;int;atm;col;lat;long
202200024674;22;5;2022;22:30;3;60;1;1;1;6;49,2167271774;1,8456988333
202200024675;24;7;2022;11:50;1;18;1;1;1;1;46,9582170000;2,9207190000
202200024676;14;12;2022;17:50;3;72;1;1;2;2;47,9614900000;0,2234300000
202200024677;23;7;2022;20:45;2;07;1;1;1;6;45,1438950000;4,7116370000
202200024678;23;5;2022;16:46;1;988;2;1;2;5; -22,2426500000;166,4604200000
202200024679;15;12;2022;19:50;3;69;2;1;2;6;45,7603600000;4,9020500000
202200024680;23;5;2022;18:55;5;976;2;9;1;1; -12,7701600000;45,2208700000
202200024681;15;12;2022;12:20;1;69;2;6;2;3;45,7718900000;4,8700100000
202200024682;23;7;2022;16:30;1;07;1;4;1;2;44,3879720000;4,2335340000
202200024683;22;5;2022;12:00;1;974;2;3;1;3; -20,8903500000;55,4657000000
202200024684;15;12;2022;07:45;4;69;2;6;9;3;45,7346200000;4,9657600000
202200024685;24;7;2022;06:40;2;21;1;1;1;6;46,9872200000;4,7329900000
202200024686;22;5;2022;20:33;5;973;2;3;1;6;4,9407189746; -52,3346266150
202200024687;14;12;2022;10:25;1;67;1;1;4;1;48,8329190000;7,8472090000
202200024688;23;5;2022;08:40;1;972;1;1;1;3;14,6103200000; -61,0496200000
202200024689;23;7;2022;13:25;1;40;2;1;1;7;43,9506650000; -1,3015420000
202200024690;15;12;2022;14:22;1;66;2;9;8;3;42,6784200000;2,9062700000
202200024691;23;5;2022;18:00;1;69;2;2;8;3;45,7750100000;4,8086700000
202200024692;14;12;2022;22:30;4;66;2;3;2;1;42,6945223773;2,9014635086
202200024693;23;5;2022;00:50;5;69;2;6;1;6;45,7924400000;4,8719200000
202200024694;22;5;2022;07:55;1;69;2;1;9;1;45,7487844343;4,8275782330
202200024695;14;12;2022;15:17;1;66;2;3;1;6;42,6841000000;2,9027600000
202200024696;23;7;2022;17:40;1;24;1;2;1;3;44,8680400000;1,2857060000
202200024697;23;5;2022;06:25;1;971;1;1;1;2;16,2531576303; -61,5339919925
202200024698;15;12;2022;09:45;1;64;2;3;1;3;43,3802270000; -1,6689270000
202200024699;22;5;2022;21:15;3;971;2;1;1;1;16,2145904547; -61,4388969541
202200024700;23;7;2022;05:25;3;24;1;1;1;6;45,4246230000;0,6129490000
202200024701;15;12;2022;20:55;5;64;2;6;2;3;43,4810600000; -1,5412000000
202200024702;23;5;2022;19:20;3;971;2;1;1;6;15,9949538510; -61,7313730717
202200024703;24;7;2022;18:10;1;04;1;1;1;6;43,9616850000;6,3276100000
202200024704;21;5;2022;20:00;5;971;2;1;1;2;15,9898159532; -61,7273578048
202200024705;15;12;2022;14:40;1;62;2;1;1;1;50,7690000000;2,3695700000
202200024706;24;7;2022;17:50;1;85;1;1;7;7;46,8312500000; -2,0529430000
202200024707;22;5;2022;20:05;1;2A;2;1;1;7;41,9340300000;8,7451800000
202200024708;15;12;2022;16:30;2;59;2;2;1;3;50,7338940000;3,1683520000
202200024709;22;5;2022;16:15;1;95;2;1;2;2;48,9901539620;2,3067399859
202200024710;10;12;2022;16:40;1;57;2;1;1;1;49,2570700000;6,1149100000
202200024711;23;5;2022;20:10;1;91;2;1;1;3;48,7229240000;2,2631610000
202200024712;23;7;2022;10:00;1;27;1;1;1;3;48,8994910000;0,8519230000
202200024713;23;5;2022;10:00;1;91;1;1;2;2;48,6645500000;2,5254300000
202200024714;14;12;2022;17:04;2;56;2;3;8;3;47,6534977500; -2,7078746200
202200024715;23;7;2022;16:52;1;87;1;1;1;6;46,2613620000;1,0916430000
202200024716;21;5;2022;21:00;1;91;2;1;1;1;48,4272700000;2,1495800000
202200024717;16;12;2022;00:01;5;51;2;1;5;6;49,2714980000;4,0171540000
202200024718;23;7;2022;14:00;1;87;1;1;1;1;46,2016440000;1,3544730000
202200024719;23;5;2022;20:22;2;90;2;1;8;3;47,6205700000;6,8621500000
202200024720;15;12;2022;17:35;4;51;2;6;1;7;49,2645268883;3,9870581031
202200024721;22;5;2022;15:51;1;90;2;1;1;6;47,6456300000;6,8777000000
202200024722;23;7;2022;19:20;1;37;1;1;1;6;47,3632900000;0,6282810000
202200024723;15;12;2022;11:15;1;51;2;1;1;7;49,2435360543;4,0455946326
202200024724;23;5;2022;11:15;1;87;2;2;2;7;45,8187430000;1,2230520000
202200024725;11;7;2022;16:03;1;01;1;1;1;6;45,8615600000;5,1684830000
202200024726;21;5;2022;12:44;1;87;2;1;1;3;45,8811900000;1,2914100000
202200024727;14;12;2022;23:13;5;49;2;1;1;5;47,4705700000; -0,5530900000
202200024728;22;5;2022;11:34;1;87;1;1;1;6;45,7957800000;1,2245700000
202200024729;13;9;2022;07:45;1;38;2;1;1;6;45,1954700000;5,7633400000
202200024730;3;5;2022;15:45;1;85;2;6;1;3;46,6505600000; -1,4372700000
202200024731;15;12;2022;08:19;1;35;2;6;1;3;48,1234677555; -1,6014531255
202200024732;22;5;2022;00:30;5;83;2;1;1;1;43,1337090000;6,0093520000
202200024733;15;12;2022;08:30;2;34;2;1;3;6;43,4286800000;3,7293900000
202200024734;19;5;2022;14:15;1;83;2;6;1;3;43,1066000000;5,8142500000
202200024735;14;12;2022;22:41;5;34;2;1;8;6;43,6267100000;3,8175000000
202200024736;23;7;2022;13:45;1;13;1;1;1;2;43,3274800000;5,6005280000
202200024737;10;5;2022;17:40;1;83;2;1;1;2;43,1250800000;5,7887800000
202200024738;18;5;2022;16:10;1;80;2;1;1;6;49,8914527130;2,2998024523
202200024739;13;12;2022;23:10;5;34;2;2;2;6;43,6113700000;3,8287300000
202200024740;21;5;2022;08:00;1;80;2;1;1;6;49,8854300000;2,3200400000
202200024741;23;7;2022;23:30;3;53;1;1;1;1;48,3040498489; -0,8402658926
202200024742;15;12;2022;14:45;1;33;2;1;8;2;44,8688200000; -0,5690900000
202200024743;19;5;2022;20:50;1;80;2;3;1;3;49,8855700000;2,2653600000
202200024744;23;7;2022;16:30;1;988;1;1;3;6; -20,1948600000;164,0912200000
202200024745;23;5;2022;17:15;1;78;2;1;2;5;48,9100500000;2,0380200000
202200024746;14;12;2022;17:15;2;33;2;1;1;3;44,7727300000; -0,6012100000
202200024747;22;5;2022;15:35;1;78;2;2;2;1;48,8999500000;2,0886430000
202200024748;24;7;2022;11:50;1;988;2;1;1;6; -21,0593040000;164,8585010000
202200024749;15;12;2022;22:50;3;32;1;1;2;6;43,6303900000;0,6326900000
202200024750;14;12;2022;19:15;5;30;2;1;1;2;44,1213000000;4,0879000000
202200024751;23;7;2022;07:15;1;971;2;1;1;3;16,0288930000; -61,6969980000
202200024752;22;5;2022;04:40;3;77;2;6;1;1;48,5872600000;2,5948200000
202200024753;14;12;2022;20:30;5;29;2;1;1;2;48,4151079539; -4,4798517822
202200024754;6;5;2022;16:27;1;77;1;1;1;3;48,5856919482;2,6021342729
202200024755;14;12;2022;14:45;1;29;2;1;1;6;48,3893500000; -4,5096800000
202200024756;21;5;2022;20:10;1;76;2;3;1;6;49,4997000000;0,1436700000
202200024757;24;7;2022;06:00;2;66;1;1;1;1;42,7519990000;2,9859320000
202200024758;15;12;2022;20:35;5;27;1;1;1;1;49,0112600000;1,1419100000
202200024759;22;5;2022;15:40;1;76;2;1;1;1;49,9216451533;1,0938526325
202200024760;24;7;2022;17:40;1;84;2;6;1;-1;44,3168440000;4,7428210000
202200024761;22;5;2022;14:20;1;76;2;1;1;6;49,9129100000;1,1054900000
202200024762;15;12;2022;10:25;1;27;2;3;1;1;49,0218900000;1,1783400000
202200024763;23;5;2022;08:20;1;71;1;1;2;7;46,7638900000;4,4641700000
202200024764;15;12;2022;01:04;3;24;1;1;8;2;44,8674300000;0,4574800000
202200024765;23;7;2022;18:55;1;83;1;1;1;2;43,2449530000;5,8059310000
202200024766;21;5;2022;18:50;1;68;2;1;1;6;48,0791700000;7,3370400000
202200024767;15;12;2022;00:17;3;17;2;1;1;6;46,1790400000; -1,1293100000
202200024768;21;5;2022;13:05;1;66;2;1;1;1;42,7179200000;2,8873300000
202200024769;24;7;2022;03:26;3;38;1;1;1;1;45,4157140000;4,8270320000
202200024770;15;12;2022;02:45;5;13;2;1;2;3;43,3872500000;5,3521900000
202200024771;22;5;2022;17:35;1;64;2;2;1;1;43,2988225539; -0,3519353271
202200024772;24;7;2022;02:45;3;68;1;1;1;6;47,9346140000;7,2774610000
202200024773;15;12;2022;16:05;1;13;2;1;2;3;43,6374800000;5,0963400000
202200024774;23;5;2022;12:11;1;64;2;1;1;3;43,4825000000; -1,5061200000
202200024775;15;12;2022;15:50;1;13;2;1;1;3;43,3044300000;5,3785800000
202200024776;24;7;2022;16:17;1;57;1;4;1;3;49,0307414318;7,1629524976
202200024777;14;12;2022;21:45;5;13;2;9;1;3;43,3100000000;5,4000000000
202200024778;23;5;2022;08:25;1;64;2;1;1;4;43,4927121094; -1,4718072116
202200024779;14;12;2022;17:05;2;13;2;1;8;7;43,3362100000;5,3750000000
202200024780;23;5;2022;08:02;1;64;2;1;2;2;43,4873800000; -1,5364500000
202200024781;23;7;2022;19:50;1;26;2;1;1;2;45,0366100000;5,0828180000
202200024782;14;12;2022;16:35;1;13;2;2;1;3;43,5838700000;5,0063100000
202200024783;21;5;2022;08:50;1;64;2;9;1;3;43,4999800000; -1,4561100000
202200024784;23;7;2022;15:30;1;33;2;1;1;6;45,1057080000; -0,3200750000
202200024785;22;5;2022;19:31;1;63;2;1;1;6;45,7788300000;3,0995700000
202200024786;15;12;2022;01:30;5;12;2;1;1;6;44,3505100000;2,5779900000
202200024787;20;5;2022;18:11;1;63;2;1;1;6;45,7760000000;3,0613100000
202200024788;14;12;2022;07:37;3;10;1;1;4;6;48,3063000000;4,1323000000
202200024789;24;7;2022;12:50;1;85;1;1;1;2;46,6456516000; -1,8890289500
202200024790;21;5;2022;09:20;1;62;2;3;1;2;50,4745610000;2,6662460000
202200024791;14;12;2022;17:29;5;10;2;2;2;6;48,2879000000;4,0743000000
202200024792;23;7;2022;22:50;4;49;2;1;1;1;47,4543120000; -0,2752700000
202200024793;22;5;2022;11:50;1;62;2;9;1;3;50,9523000000;1,8876000000
202200024794;16;12;2022;00:42;5;06;2;3;2;1;43,6975300000;7,2730200000
202200024795;22;7;2022;22:30;3;14;1;1;1;6;48,9248876142; -0,0355953276
202200024796;23;5;2022;20:00;1;59;2;1;1;3;50,6139100000;3,1345500000
202200024797;14;12;2022;18:10;5;75;2;1;1;2;48,8802440000;2,2817010000
202200024798;21;5;2022;17:25;1;59;2;9;1;3;50,9983533897;2,2571110725
202200024799;23;7;2022;05:00;5;35;2;1;1;6;48,2643262665; -1,3965873420
202200024800;22;5;2022;13:50;1;56;2;1;1;6;47,7760700000; -3,3457100000
202200024801;13;12;2022;09:05;1;75;2;1;8;2;48,8827000000;2,2833590000
202200024802;23;5;2022;16:30;1;54;2;3;1;3;48,6835450000;6,1811920000
202200024803;24;7;2022;10:10;1;35;1;1;1;4;48,2554910000; -1,5311010000
202200024804;15;12;2022;08:10;1;75;2;2;8;3;48,8855450000;2,3658010000
202200024805;22;5;2022;01:40;5;54;2;1;1;6;48,7043400000;6,2065100000
202200024806;15;12;2022;11:45;1;75;2;3;1;3;48,8937740000;2,3118910000
202200024807;21;5;2022;16:12;1;54;2;1;1;6;49,5484760000;5,7868710000
202200024808;23;7;2022;22:54;3;60;1;1;1;6;49,3562818075;2,5485405921
202200024809;23;7;2022;13:30;1;13;1;1;1;1;43,3834730406;5,2305104010
202200024810;14;12;2022;23:15;5;75;2;4;1;3;48,8668110000;2,3026150000
202200024811;23;5;2022;10:18;1;51;2;3;2;3;49,2159688986;4,0282863379
202200024812;23;5;2022;06:45;1;51;2;3;1;3;49,2709000000;4,0438400000
202200024813;15;12;2022;19:10;5;75;2;2;1;6;48,8511060000;2,2723230000
202200024814;23;7;2022;17:40;1;33;1;1;1;3;44,7721210000; -0,6583370000
202200024815;21;5;2022;20:25;1;51;2;3;1;3;49,0368700000;3,9546600000
202200024816;15;12;2022;15:35;1;75;2;2;1;6;48,8428790000;2,2950900000
202200024817;23;5;2022;18:00;1;45;2;1;1;6;47,8352030000;1,9223180000
202200024818;23;5;2022;11:00;1;45;2;2;3;2;47,9452633862;1,9132950157
202200024819;23;7;2022;17:45;1;91;1;1;1;2;48,6405300000;2,3944600000
202200024820;15;12;2022;14:30;1;75;2;7;1;2;48,8368150000;2,2787550000
202200024821;23;5;2022;08:20;1;45;2;1;2;2;47,8801653441;1,9075870514
202200024822;22;5;2022;11:20;1;45;2;1;1;2;47,9440741838;1,8841606826
202200024823;14;12;2022;12:30;1;75;2;3;8;7;48,8254840000;2,3117360000
202200024824;23;7;2022;18:20;1;91;1;1;1;2;48,7301800000;2,3148900000
202200024825;23;5;2022;19:54;1;42;2;1;1;3;45,3950500000;4,3119800000
202200024826;15;12;2022;17:45;2;75;2;2;1;6;48,8277080000;2,3714180000
202200024827;22;5;2022;17:40;1;38;2;1;1;2;45,1784300000;5,7156000000
202200024828;15;12;2022;16:57;2;75;2;2;1;3;48,8317000000;2,3978890000
202200024829;23;5;2022;08:30;1;35;1;1;3;4;48,1115921276; -1,7182686925
202200024830;23;7;2022;06:39;1;91;1;1;1;6;48,6498600000;2,3843700000
202200024831;22;5;2022;20:55;1;35;2;1;1;6;48,1277938754; -1,6627885401
202200024832;13;12;2022;18:50;5;75;2;3;1;3;48,8404560000;2,3920200000
202200024833;22;5;2022;15:50;1;35;1;1;1;6;48,1748070443; -1,7153088748
202200024834;22;5;2022;07:45;1;35;2;1;8;6;48,1281100000; -1,6519700000
202200024835;15;12;2022;10:30;1;75;2;2;1;3;48,8712450000;2,3701440000
202200024836;23;7;2022;21:00;1;92;1;1;1;3;48,9134858007;2,2184673820
202200024837;20;5;2022;01:05;5;34;2;3;1;3;43,3938900000;3,6650000000
202200024838;14;12;2022;22:55;5;75;2;1;1;3;48,8683630000;2,3595130000
202200024839;23;5;2022;09:35;1;33;2;1;1;6;44,7800500000; -0,5732100000
202200024840;23;7;2022;02:30;4;95;1;1;8;6;49,0309653600;2,1208119392
202200024841;15;12;2022;14:48;1;75;2;7;1;6;48,8637520000;2,3320900000
202200024842;23;5;2022;07:30;1;33;2;1;8;1;44,8372400000; -0,5560300000
202200024843;15;12;2022;18:20;5;94;2;2;1;1;48,8505500000;2,4429600000
202200024844;22;7;2022;11:20;1;92;2;1;1;6;48,7979324732;2,3137308955
202200024845;14;12;2022;12:40;1;94;2;9;2;1;48,7574940000;2,5036430000
202200024846;22;5;2022;04:00;5;33;2;1;1;3;44,8375924439; -0,5730566382
202200024847;24;5;2022;01:10;5;31;2;6;1;6;43,6240000000;1,3330000000
202200024848;15;12;2022;18:15;5;93;2;2;8;3;48,9545200000;2,5813100000
202200024849;11;7;2022;08:00;1;69;1;1;1;6;45,7623336469;4,8057514429
202200024850;15;12;2022;15:43;1;93;2;1;1;6;48,9491590000;2,3833200000
202200024851;23;5;2022;15:38;1;31;2;3;1;2;43,5613400000;1,4056500000
202200024852;24;11;2022;06:30;5;93;2;1;1;6;48,9563860000;2,5415890000
202200024853;15;12;2022;19:00;5;93;2;3;1;6;48,9092151798;2,3983501123
202200024854;15;12;2022;08:40;1;93;2;1;1;3;48,8378700000;2,5816200000
202200024855;4;5;2022;16:50;1;62;2;1;1;2;50,4605400000;2,8739400000
202200024856;15;12;2022;20:20;5;93;2;2;1;3;48,9292500000;2,5519000000
202200024857;15;12;2022;22:20;5;93;2;9;1;6;48,9473358528;2,3418973555
202200024858;15;12;2022;00:17;4;93;2;2;1;3;48,9605722747;2,3068038823
202200024859;24;4;2022;03:40;5;92;2;1;1;6;48,9072700000;2,2829500000
202200024860;15;12;2022;20:15;5;93;2;1;1;6;48,9158130000;2,3926130000
202200024861;15;12;2022;16:50;5;93;2;2;8;3;48,9080000000;2,3878100000
202200024862;22;7;2022;08:00;1;974;2;9;1;3; -21,3189460000;55,4278840000
202200024863;15;12;2022;17:55;5;92;2;9;1;7;48,8617850000;2,2125640000
202200024864;15;12;2022;07:20;5;92;2;5;1;3;48,8228104860;2,2173365950
202200024865;15;12;2022;05:33;5;92;2;1;1;6;48,8099000000;2,3175600000
202200024866;22;7;2022;08:55;1;974;2;6;1;3; -20,9323400000;55,6460200000
202200024867;14;12;2022;14:41;1;92;2;2;8;3;48,8112270000;2,3184140000
202200024868;15;12;2022;11:00;1;92;2;3;1;3;48,9311670000;2,2443840000
202200024869;15;12;2022;19:05;3;92;2;1;1;3;48,8257643737;2,2466174662
202200024870;15;12;2022;12:00;1;92;2;1;1;1;48,8398300000;2,2379000000
202200024871;21;7;2022;12:10;1;974;2;1;1;2; -20,9488000000;55,3002000000
202200024872;14;12;2022;18:43;5;92;2;3;1;3;48,9060800000;2,2582200000
202200024873;15;12;2022;06:05;5;92;2;1;1;1;48,9113260086;2,2987185716
202200024874;22;7;2022;16:35;1;973;2;1;1;1;4,9268500000; -52,3022100000
202200024875;15;12;2022;08:05;2;92;2;3;1;6;48,9109610000;2,2973670000
202200024876;16;12;2022;15:00;1;974;1;1;8;2; -20,9957400000;55,2865080000
202200024877;14;12;2022;14:35;1;83;1;1;8;6;43,4788410000;6,2748460000
202200024878;22;7;2022;18:15;1;69;2;2;1;3;45,7727800000;4,8453100000
202200024879;15;12;2022;17:50;3;35;2;1;1;6;48,3741620566; -1,8643699586
202200024880;16;12;2022;09:30;1;68;1;1;4;7;47,7880180000;7,4171450000
202200024881;16;12;2022;10:30;1;59;1;1;9;7;50,9454870000;2,4854900000
202200024882;13;12;2022;13:15;1;85;2;1;1;6;46,8625400000; -1,0068523000
202200024883;22;7;2022;14:10;1;69;2;2;1;3;45,7306352236;4,8875883222
202200024884;13;12;2022;22:35;4;77;1;1;1;7;48,7762210000;3,1756630000
202200024885;16;12;2022;07:15;2;62;1;1;9;6;50,6494840000;1,9027780000
202200024886;16;12;2022;13:00;1;2B;1;1;2;6;42,5027390000;9,4351260000
202200024887;22;7;2022;12:10;1;69;2;2;1;6;45,7590900000;4,8617700000
202200024888;15;12;2022;07:45;3;80;1;2;9;3;50,0902660000;2,0655420000
202200024889;22;7;2022;08:10;1;69;2;3;1;6;45,7305300000;4,8300300000
202200024890;15;12;2022;22:00;3;65;1;1;2;7;42,9713453231; -0,0818496197
202200024891;22;7;2022;12:55;1;972;2;1;1;3;14,6300933437; -61,0292699933
202200024892;16;12;2022;15:15;1;61;1;1;1;6;48,7689680000; -0,6975890000
202200024893;22;7;2022;19:30;1;69;2;6;1;6;45,7374485413;4,8013204336
202200024894;9;12;2022;10:30;1;31;2;1;1;1;43,0878480000;0,5665860000
202200024895;21;7;2022;18:00;1;2B;2;1;1;1;42,6847400000;9,4211400000
202200024896;16;12;2022;12:30;1;02;1;1;1;6;49,8107460000;3,4473200000
202200024897;15;12;2022;16:50;3;03;1;3;5;7;46,1439380000;3,0365400000
202200024898;13;12;2022;14:10;1;70;2;7;1;6;47,8821610000;6,2719540000
202200024899;15;12;2022;19:45;5;66;2;2;8;1;42,4747680000;2,6645061000
202200024900;14;12;2022;09:15;1;14;1;3;4;2;49,2149850000;0,2253460000
202200024901;16;12;2022;16:58;1;64;1;4;8;1;43,3299460000; -0,7637320000
202200024902;15;12;2022;18:30;5;36;2;1;1;6;46,8902940000;1,4240120000
202200024903;9;12;2022;02:15;3;53;1;1;1;6;48,1900980000; -0,6915700000
202200024904;16;12;2022;05:15;5;53;2;1;1;2;47,8313495217; -0,6855431634
202200024905;15;12;2022;17:40;3;21;1;3;1;2;47,2209850000;4,5684240000
202200024906;16;12;2022;06:15;5;40;1;1;2;1;43,5493060000; -1,0143950000
202200024907;16;12;2022;07:30;5;85;2;1;1;3;46,7967490000; -1,8998860000
202200024908;16;12;2022;12:00;1;17;1;1;1;1;45,1444440835; -0,1645476884
202200024909;15;12;2022;15:30;1;06;1;1;3;3;43,7322820000;7,3091050000
202200024910;16;12;2022;05:56;3;69;2;1;2;1;45,8945390000;4,5958100000
202200024911;16;12;2022;05:54;3;13;1;1;5;2;43,4708180000;5,6445160000
202200024912;16;12;2022;08:30;1;27;1;1;1;5;49,1286000000;1,3218140000
202200024913;16;12;2022;14:10;1;973;1;1;2;7;5,4576410000; -54,0409330000
202200024914;9;12;2022;19:45;3;37;1;1;1;1;47,3219710000;1,0806030000
202200024915;16;12;2022;17:20;5;60;2;1;1;3;49,0859100000;2,7452730000
202200024916;16;12;2022;07:25;2;60;2;6;9;6;49,2344123153;2,1337659829
202200024917;15;12;2022;12:15;1;13;1;1;3;2;43,4297000000;5,3979900000
202200024918;21;7;2022;17:40;1;2B;1;1;7;4;42,6453523856;9,4399206369
202200024919;15;12;2022;15:40;1;13;1;1;2;2;43,3383360000;5,3488170000
202200024920;15;12;2022;16:10;1;13;1;1;2;6;43,2634400000;5,5885400000
202200024921;14;12;2022;18:55;4;13;1;1;2;4;43,4116380000;5,3640770000
202200024922;14;12;2022;18:20;3;13;1;1;2;4;43,5243200000;5,4267700000
202200024923;14;12;2022;12:10;1;13;1;1;1;2;43,2945300000;5,4680400000
202200024924;22;7;2022;17:40;1;95;1;1;1;3;48,9725598906;2,4617260695
202200024925;15;12;2022;04:40;5;69;1;1;1;6;45,7819700000;4,8929600000
202200024926;15;12;2022;01:30;3;69;1;1;1;6;45,7696500000;4,9849100000
202200024927;15;12;2022;11:00;1;91;1;1;1;5;48,6908500000;2,2233300000
202200024928;15;12;2022;08:40;1;91;1;1;1;4;48,7307400000;2,3151000000
202200024929;15;12;2022;08:30;1;91;1;1;1;2;48,6906500000;2,2230500000
202200024930;15;12;2022;20:45;3;95;1;1;1;6;49,0623217269;2,3237569601
202200024931;15;12;2022;08:20;1;94;1;1;1;2;48,8347510000;2,5370150000
202200024932;21;7;2022;13:00;1;91;2;1;1;5;48,6852300000;2,5299100000
202200024933;15;12;2022;00:45;3;77;1;1;1;2;48,8314797864;2,6786187998
202200024934;14;12;2022;13:20;1;77;1;1;1;2;48,8289700000;2,7376800000
202200024935;29;10;2022;08:18;3;29;1;1;1;7;48,5221780000; -3,9899850000
202200024936;14;12;2022;20:00;2;24;1;1;1;6;45,1485560000;1,1833050000
202200024937;12;12;2022;10:10;1;95;2;1;1;6;49,0761383349;2,2039711475
202200024938;11;10;2022;20:04;2;74;2;3;1;3;46,1890000000;6,2101200000
202200024939;7;10;2022;20:40;5;74;2;1;1;6;46,1901720000;6,2385160000
202200024940;21;9;2022;01:50;5;74;2;1;1;6;46,3993000000;6,6044000000
202200024941;14;12;2022;12:45;1;91;2;9;1;6;48,4338600000;2,1658500000
202200024942;14;12;2022;22:00;5;54;2;1;2;6;49,4708500000;5,9300200000
202200024943;14;12;2022;18:50;5;54;2;2;1;6;49,2574000000;5,9349000000
202200024944;13;10;2022;08:00;1;73;1;1;1;2;45,5647100000;5,9473100000
202200024945;13;12;2022;14:00;1;44;2;1;1;6;47,2480000000; -1,5164400000
202200024946;8;3;2022;16:20;1;13;2;1;1;1;43,2768380594;5,4373472850
202200024947;8;3;2022;09:20;1;13;2;1;1;2;43,2933300000;5,4547500000
202200024948;8;3;2022;08:50;1;13;2;3;1;3;43,2609259820;5,3938031575
202200024949;8;3;2022;07:30;1;13;2;1;1;1;43,3200000000;5,4300000000
202200024950;7;3;2022;21:30;5;13;2;1;1;1;43,2685900000;5,3691600000
202200024951;7;3;2022;15:30;1;13;2;9;1;6;43,5181700000;4,9672100000
202200024952;7;3;2022;10:38;1;10;2;1;1;2;48,2917300000;4,0719390000
202200024953;7;3;2022;08:40;1;10;2;3;1;5;48,2951200000;4,0646300000
202200024954;8;3;2022;20:00;5;06;2;1;1;1;43,7207000000;7,2754200000
202200024955;8;3;2022;10:00;1;06;2;1;1;6;43,6594280000;7,1952500000
202200024956;8;3;2022;10:00;1;75;2;1;1;7;48,8270500000;2,2944910000
202200024957;8;3;2022;09:15;1;75;2;1;1;2;48,8353160000;2,2694900000
202200024958;8;3;2022;07:24;1;75;2;1;1;6;48,8718760094;2,4085588144
202200024959;8;3;2022;16:00;1;75;2;1;1;2;48,8949460000;2,3712760000
202200024960;8;3;2022;15:00;1;75;2;3;1;3;48,8857530000;2,3707330000
202200024961;8;3;2022;16:15;1;75;2;7;1;2;48,8818103094;2,3111579220
202200024962;8;3;2022;15:30;1;75;2;2;1;3;48,8676520000;2,2508860000
202200024963;8;3;2022;08:06;1;75;2;7;1;2;48,8405302964;2,4361573603
202200024964;8;3;2022;19:15;5;75;2;3;1;3;48,8731815075;2,3588560691
202200024965;8;3;2022;17:05;1;75;2;7;1;6;48,8693988060;2,3251703732
202200024966;7;3;2022;22:50;5;75;2;3;1;3;48,8603839960;2,3405666649
202200024967;7;3;2022;22:45;5;75;2;4;1;3;48,8701448938;2,3427204788
202200024968;7;3;2022;08:38;1;75;2;3;1;6;48,8622204853;2,3391668871
202200024969;8;3;2022;08:15;1;94;2;1;1;6;48,8136700000;2,4263900000
202200024970;8;3;2022;08:10;1;94;2;3;1;6;48,8123700000;2,5746000000
202200024971;8;3;2022;19:40;2;93;2;9;1;2;48,9520620000;2,5667770000
202200024972;8;3;2022;08:47;1;93;2;1;1;6;48,9653800000;2,3640800000
202200024973;8;3;2022;18:58;5;93;2;1;1;3;48,8912500000;2,5123600000
202200024974;8;3;2022;02:09;5;93;2;1;1;6;48,8544700000;2,5203700000
202200024975;8;3;2022;02:10;5;92;2;1;1;6;48,8226088153;2,2822535634
202200024976;8;3;2022;17:41;1;92;2;9;1;3;48,8900314759;2,1743292510
202200024977;4;3;2022;16:37;1;92;2;1;1;6;48,8615131309;2,1992898881
202200024978;8;3;2022;17:20;1;92;2;2;1;6;48,8893446491;2,2041379809
202200024979;8;3;2022;19:50;5;92;2;3;1;3;48,8244500000;2,2582740000
202200024980;8;3;2022;23:35;5;92;2;6;1;6;48,9025846624;2,2746189236
202200024981;8;3;2022;13:00;1;92;2;3;1;3;48,8965492919;2,2526575327
202200024982;8;3;2022;19:30;5;92;2;3;1;3;48,7488000000;2,3069400000
202200024983;8;3;2022;17:10;1;92;2;1;1;6;48,7802800000;2,3095100000
202200024984;6;3;2022;17:00;1;36;1;1;1;6;46,8942470000;1,6329290000
202200024985;8;3;2022;14:50;1;68;2;1;1;7;48,1369100000;7,2639420000
202200024986;2;3;2022;22:15;3;69;1;1;1;1;45,7217840000;5,0458570000
202200024987;9;3;2022;08:30;1;972;1;1;2;6;14,6930780000; -61,1629490000
202200024988;5;3;2022;15:30;1;68;2;3;1;7;47,7865110000;7,5065000000
202200024989;9;3;2022;17:10;2;83;1;1;1;5;43,1556490000;6,4976510000
202200024990;9;3;2022;10:30;1;974;1;1;1;1; -21,2285990000;55,4557930000
202200024991;8;3;2022;12:00;1;2A;1;3;1;3;41,9786190000;8,8314040000
202200024992;9;3;2022;18:45;2;80;2;1;1;7;49,7497810000;3,0243730000
202200024993;9;3;2022;11:25;1;89;1;9;7;3;47,7319850000;2,9006960000
202200024994;8;3;2022;01:45;4;63;2;1;1;6;45,6135251385;3,1495249271
202200024995;6;3;2022;16:00;1;63;1;1;1;6;45,6255780000;3,2246480000
202200024996;9;3;2022;11:30;1;61;2;3;1;6;48,6040000000;0,1719400000
202200024997;8;3;2022;20:00;3;46;1;1;1;7;44,4767140000;1,8131100000
202200024998;9;3;2022;11:20;1;25;1;3;1;3;47,1122730000;6,1182690000
202200024999;9;3;2022;08:00;1;29;2;4;1;1;48,4623609999; -3,9688540000
202200025000;9;3;2022;12:45;1;29;1;2;2;3;48,1580740000; -3,8864300000
202200025001;8;3;2022;17:25;1;29;1;1;1;6;48,4740810000; -4,4012580000