Accident_Id;jour;mois;an;hrmn;lum;dep;agg;int;atm;col;lat;long
202200025002;27;2;2022;16:00;1;31;1;2;1;3;42,9740010000;0,6469060000
202200025003;8;3;2022;16:00;1;15;1;1;1;6;45,1313390000;2,8415540000
202200025004;8;3;2022;17:20;1;01;2;1;1;3;46,0943200000;4,7585070000
202200025005;2;3;2022;16:30;1;18;1;1;1;6;46,7999480000;2,5266140000
202200025006;9;3;2022;17:45;1;24;1;1;1;1;45,1819610000;1,2164570000
202200025007;8;3;2022;23:45;3;85;1;1;5;6;46,6665800000; -1,2990560000
202200025008;8;3;2022;14:30;1;49;1;1;8;6;47,1045360000; -0,8266350000
202200025009;8;3;2022;04:00;5;978;2;1;1;1;18,0997220000; -63,0559020000
202200025010;8;3;2022;09:30;1;06;1;1;1;3;43,5860100000;7,0046420000
202200025011;8;3;2022;16:00;1;17;1;1;3;4;45,2537880000; -0,2608610000
202200025012;7;3;2022;19:30;5;971;2;1;1;6;16,3218440000; -61,6854270000
202200025013;8;3;2022;18:30;3;37;1;1;2;6;47,1578338143;0,2619042993
202200025014;8;3;2022;12:50;1;77;1;1;1;3;48,9912570000;2,9884530000
202200025015;8;3;2022;08:10;1;34;1;1;1;3;43,6779060000;4,0880100000
202200025016;7;3;2022;18:00;1;33;2;1;1;1;44,7156120000; -0,6275040000
202200025017;9;3;2022;14:10;1;85;1;1;1;6;46,9133200000; -1,0458900000
202200025018;6;3;2022;17:45;1;22;1;1;1;7;48,4656730000; -2,0022050000
202200025019;8;3;2022;07:50;2;60;2;2;7;3;49,4050250000;2,1823100000
202200025020;8;3;2022;13:45;1;62;1;6;1;3;50,3307910000;2,7173370000
202200025021;8;3;2022;12:45;1;59;2;4;1;3;50,6409455043;2,7222380117
202200025022;7;3;2022;07:45;1;13;1;1;1;4;43,2917700000;5,4243200000
202200025023;7;3;2022;08:08;1;13;1;1;1;2;43,2839300000;5,5735800000
202200025024;3;3;2022;18:15;1;13;1;1;1;4;43,2922900000;5,4242600000
202200025025;8;3;2022;07:20;2;33;1;1;1;2;44,9384200000; -0,4670500000
202200025026;4;3;2022;18:30;1;33;1;1;1;3;44,9873160000; -0,4274170000
202200025027;8;3;2022;18:20;2;91;1;1;1;3;48,6249000000;2,3630800000
202200025028;8;3;2022;14:30;1;94;1;1;1;3;48,7558000000;2,3355000000
202200025029;8;3;2022;10:30;1;91;1;1;1;4;48,6139300000;2,4309700000
202200025030;8;3;2022;09:20;1;94;1;1;1;3;48,7599600000;2,3383900000
202200025031;8;3;2022;08:15;1;94;1;1;1;3;48,7731811306;2,3458755757
202200025032;7;3;2022;08:15;1;78;1;1;7;4;48,9702650000;1,9064600000
202200025033;8;3;2022;09:30;1;93;1;1;1;4;48,8886633364;2,4722843328
202200025034;8;3;2022;06:10;3;93;1;1;1;2;48,9217196788;2,3665358126
202200025035;7;3;2022;12:49;1;95;1;1;1;6;48,9522495145;2,2797811031
202200025036;8;3;2022;18:10;1;94;1;1;1;2;48,8172046066;2,4285178250
202200025037;7;3;2022;07:50;1;92;2;4;1;6;48,9260838834;2,2530084327
202200025038;7;3;2022;11:40;1;976;2;1;1;6; -12,7740700000;45,2217300000
202200025039;7;3;2022;10:15;1;64;2;2;1;6;43,3026700000; -0,3520100000
202200025040;7;3;2022;09:55;1;93;2;1;1;6;48,9180900000;2,4660400000
202200025041;4;3;2022;15:52;1;63;2;1;1;6;45,7736400000;3,0789500000
202200025042;7;3;2022;13:05;1;988;2;2;1;3; -22,2927500000;166,4438400000
202200025043;6;3;2022;22:40;4;988;2;1;1;6; -22,2349500000;166,4577400000
202200025044;7;3;2022;22:29;3;976;2;1;1;1; -12,7747400000;45,2288000000
202200025045;6;3;2022;16:20;1;974;2;1;1;1; -20,9076500000;55,4038000000
202200025046;7;3;2022;14:10;1;974;2;1;1;2; -20,9745200000;55,6462300000
202200025047;3;3;2022;04:23;5;973;1;1;1;3;4,9231900000; -52,3295500000
202200025048;6;3;2022;20:55;2;973;2;7;1;6;4,9408570405; -52,3341813684
202200025049;7;3;2022;20:20;5;69;2;4;1;3;45,7450900000;4,8583100000
202200025050;7;3;2022;17:30;1;69;2;2;1;3;45,6918600000;4,9006000000
202200025051;7;3;2022;12:20;1;69;2;3;1;2;45,8166300000;4,8727000000
202200025052;7;3;2022;07:35;1;971;1;1;1;4;16,2531100000; -61,5465000000
202200025053;6;3;2022;15:50;1;2A;2;3;1;3;41,9365400000;8,7413400000
202200025054;6;3;2022;19:15;2;91;2;3;1;3;48,6306570000;2,3389980000
202200025055;6;3;2022;19:15;5;91;2;1;8;2;48,5965200000;2,2563800000
202200025056;5;3;2022;11:21;1;87;2;1;1;7;45,8114500000;1,3004100000
202200025057;4;3;2022;13:08;1;87;2;1;1;6;45,8946800000;1,2897500000
202200025058;4;3;2022;19:08;5;87;2;1;2;6;45,8614900000;1,3144800000
202200025059;6;3;2022;21:25;3;86;1;1;1;2;46,6140570000;0,3686180000
202200025060;7;3;2022;09:10;1;84;1;1;1;1;44,0956800000;4,8364700000
202200025061;2;3;2022;23:25;5;80;2;1;1;7;49,8939900000;2,2842100000
202200025062;7;3;2022;20:25;5;78;2;2;1;4;48,9020200000;2,0606600000
202200025063;7;3;2022;09:00;1;78;2;2;1;6;48,8987360000;2,1175740000
202200025064;6;3;2022;16:08;1;76;2;4;1;6;49,5470500000;0,1958500000
202200025065;6;3;2022;14:24;1;74;2;4;1;1;45,9190000000;6,1250000000
202200025066;6;3;2022;07:30;1;71;1;1;1;6;46,6326700000;4,2971600000
202200025067;7;3;2022;14:50;1;68;2;1;1;7;47,7373800000;7,2924600000
202200025068;26;2;2022;16:45;1;68;2;1;1;3;48,0916200000;7,3335900000
202200025069;5;3;2022;13:15;1;67;2;1;1;6;48,5810600000;7,7489700000
202200025070;5;3;2022;10:30;1;67;2;3;1;3;48,5887800000;7,7140400000
202200025071;5;3;2022;12:00;1;67;2;3;1;3;48,6113100000;7,7445100000
202200025072;6;3;2022;04:50;3;66;2;1;1;6;42,7032800000;2,8947200000
202200025073;4;3;2022;10:20;1;66;2;1;1;2;42,6888100000;2,9039200000
202200025074;3;3;2022;16:24;1;66;2;1;1;3;42,6883200000;2,8613200000
202200025075;7;3;2022;08:10;1;65;2;1;1;3;43,2201440000;0,0638820000
202200025076;7;3;2022;18:30;1;64;1;1;1;4;43,3598200000; -1,7272600000
202200025077;6;3;2022;11:40;1;63;2;1;1;6;45,7264100000;3,1851600000
202200025078;6;3;2022;14:14;1;63;2;2;1;3;45,7642400000;3,1254500000
202200025079;5;3;2022;08:18;1;63;2;1;1;6;45,7671200000;3,1022500000
202200025080;7;3;2022;12:40;1;59;2;3;7;3;50,7396800000;3,1862610000
202200025081;26;2;2022;13:00;1;59;2;1;1;6;50,6409100000;3,0763200000
202200025082;5;3;2022;20:45;5;59;2;1;1;6;50,3360700000;3,2565800000
202200025083;6;3;2022;11:00;1;57;2;3;1;6;49,3260174000;6,0698789000
202200025084;4;3;2022;17:22;1;55;2;6;1;3;49,1517800000;5,3901000000
202200025085;5;3;2022;23:52;3;54;1;1;1;7;49,4408400000;5,9225900000
202200025086;5;3;2022;18:30;2;52;1;2;1;3;48,6249300000;4,9306800000
202200025087;6;3;2022;17:25;1;51;1;2;1;3;49,0145690000;3,9420840000
202200025088;2;3;2022;17:40;1;50;2;3;1;6;49,0538500000; -1,4347700000
202200025089;7;3;2022;08:10;1;45;2;6;1;3;47,8397400000;1,9429700000
202200025090;7;3;2022;15:40;1;35;2;1;1;4;48,1144200000; -1,6995700000
202200025091;7;3;2022;08:45;1;35;2;3;1;3;48,1078500000; -1,6142700000
202200025092;7;3;2022;08:37;1;33;2;6;7;3;44,8656300000; -0,5755800000
202200025093;6;3;2022;07:15;2;33;2;1;1;6;44,8468900000; -0,5981300000
202200025094;7;3;2022;20:04;3;31;1;1;1;5;43,5805900000;1,4057600000
202200025095;7;3;2022;14:10;1;31;2;1;1;1;43,6059620000;1,4281240000
202200025096;7;3;2022;15:40;1;27;2;3;1;3;49,0269510000;1,1738900000
202200025097;7;3;2022;19:00;1;17;2;2;1;3;46,1642500000; -1,2026900000
202200025098;5;3;2022;13:55;1;15;2;6;1;3;44,9040000000;2,4265400000
202200025099;7;3;2022;11:30;1;13;2;1;1;2;43,3484033644;5,3589549229
202200025100;6;3;2022;07:40;1;11;2;2;1;6;43,2283200000;2,3960000000
202200025101;6;3;2022;14:01;1;10;2;3;7;1;48,2552700000;4,0570089000
202200025102;5;3;2022;19:08;3;10;1;1;1;3;48,2669100000;4,1180400000
202200025103;7;3;2022;11:40;1;06;2;1;1;2;43,6476330000;6,9161860000
202200025104;5;3;2022;13:57;1;05;2;1;1;2;44,5618500000;6,0836100000
202200025105;3;3;2022;12:30;1;03;2;1;1;3;46,1431700000;3,4149000000
202200025106;7;3;2022;14:30;1;01;2;2;1;3;46,2035600000;5,2424800000
202200025107;7;3;2022;08:00;1;01;2;1;1;1;46,2109700000;5,2367700000
202200025108;4;3;2022;19:28;2;75;2;2;1;3;48,8489790000;2,3287480000
202200025109;7;3;2022;19:05;5;75;2;2;1;3;48,8649641385;2,3955479264
202200025110;7;3;2022;08:45;1;75;2;2;1;3;48,8786230000;2,4022280000
202200025111;7;3;2022;11:10;1;75;2;1;7;3;48,8400040000;2,2516320000
202200025112;7;3;2022;10:15;1;75;2;1;1;3;48,8480140000;2,2450920000
202200025113;7;3;2022;13:30;1;75;2;2;1;7;48,8712769547;2,3359204084
202200025114;7;3;2022;11:36;1;75;2;7;1;3;48,8649112049;2,3103395104
202200025115;6;3;2022;12:00;1;75;2;3;1;6;48,8523678851;2,3604860902
202200025116;6;3;2022;04:50;5;75;2;4;1;3;48,8710380000;2,3345820000
202200025117;7;3;2022;10:10;1;94;2;1;1;6;48,7661100000;2,3894400000
202200025118;7;3;2022;14:20;1;94;2;3;1;1;48,7450800000;2,3860000000
202200025119;2;9;2022;07:50;1;92;1;1;1;3;48,9135483441;2,3067592978
202200025120;2;9;2022;16:15;1;92;2;1;1;2;48,7826344649;2,3149035573
202200025121;26;2;2022;00:25;5;94;2;1;1;2;48,8321200000;2,5367900000
202200025122;3;9;2022;06:06;4;62;2;1;1;2;50,5573810000;2,2962180000
202200025123;7;3;2022;14:30;1;94;2;1;1;4;48,7415000000;2,5135000000
202200025124;7;3;2022;09:05;1;94;2;1;1;6;48,7283628651;2,5238986014
202200025125;2;9;2022;17:50;1;22;2;2;1;3;48,5139610000; -2,3363110000
202200025126;7;3;2022;09:20;1;93;2;2;1;3;48,9504500000;2,5835900000
202200025127;3;9;2022;12:00;1;19;1;1;1;5;45,5465750000;1,5090110000
202200025128;6;3;2022;13:01;1;93;2;1;1;3;48,9259000000;2,3557000000
202200025129;6;3;2022;21:50;5;93;2;2;1;1;48,8796700000;2,4412100000
202200025130;2;9;2022;20:26;3;12;1;1;3;6;44,2005780000;3,0669340000
202200025131;7;3;2022;08:05;1;92;2;2;1;6;48,8147170000;2,2968370000
202200025132;2;9;2022;23:50;4;77;1;1;1;2;48,7881920000;3,1699200000
202200025133;7;3;2022;14:45;1;92;2;2;1;3;48,8119981959;2,3155600280
202200025134;1;9;2022;14:30;1;51;2;1;1;3;49,1660340000;4,0299490000
202200025135;6;3;2022;14:50;1;92;2;9;1;3;48,9387287931;2,3043121174
202200025136;2;9;2022;18:50;1;51;2;2;1;3;49,0149690000;4,1248460000
202200025137;7;3;2022;08:28;1;92;2;3;1;6;48,8991320000;2,2665130000
202200025138;3;9;2022;03:25;3;56;1;1;2;6;47,8557540000; -3,0244050000
202200025139;3;9;2022;09:00;1;74;1;1;2;6;45,8802250000;6,6404790000
202200025140;6;3;2022;15:18;1;92;2;1;1;2;48,9233698495;2,2569711953
202200025141;3;9;2022;13:00;1;74;2;1;1;1;46,0799880000;6,5023930000
202200025142;6;3;2022;12:00;1;92;2;2;1;1;48,9238790000;2,2601160000
202200025143;3;9;2022;05:50;3;74;2;1;2;6;45,9740010000;6,1529070000
202200025144;7;3;2022;12:56;1;92;2;1;1;7;48,7772151986;2,2897398770
202200025145;2;9;2022;16:20;1;2A;2;1;1;3;41,9633510000;8,8129660000
202200025146;4;3;2022;19:40;5;92;2;3;1;7;48,8458468994;2,2370221317
202200025147;2;9;2022;07:50;1;89;1;1;1;7;47,8354270000;4,2983790000
202200025148;4;3;2022;17:55;1;92;2;2;1;7;48,8445117393;2,2514336407
202200025149;3;9;2022;15:35;1;76;2;1;1;2;50,0598579563;1,3772138566
202200025150;8;3;2022;10:50;1;974;2;3;1;1; -21,0794300000;55,2734610000
202200025151;21;8;2022;18:15;1;61;1;2;1;3;48,4746930000; -0,6253860000
202200025152;8;3;2022;15:30;1;80;1;1;1;6;50,0523990000;2,0127300000
202200025153;2;9;2022;07:20;2;55;1;1;7;4;48,5623620000;5,5252000000
202200025154;27;8;2022;09:40;1;47;2;1;1;1;44,3147900000;0,0726560000
202200025155;3;9;2022;15:28;1;39;1;1;1;1;46,2973220000;5,8607770000
202200025156;27;8;2022;15:25;1;29;1;2;1;3;48,6565920000; -3,8228560000
202200025157;3;9;2022;09:15;1;15;1;1;8;1;44,8426150000;2,3938550000
202200025158;3;9;2022;09:50;1;01;1;1;1;6;46,1281700000;4,9420080000
202200025159;3;9;2022;00:45;3;70;1;1;1;6;47,9177730000;6,1113270000
202200025160;2;9;2022;18:40;1;26;1;1;1;6;44,2978070000;4,8346390000
202200025161;2;9;2022;01:30;3;26;1;1;1;7;44,2532490000;4,8319780000
202200025162;2;9;2022;16:45;1;72;1;1;1;6;48,2137927353;0,6269395349
202200025163;3;9;2022;03:30;3;60;1;1;1;6;49,6330900000;3,0364110000
202200025164;2;9;2022;21:25;3;45;1;1;2;1;47,7724450000;1,9369730000
202200025165;1;9;2022;12:00;1;64;1;3;1;3;43,2625500000; -0,7264390000
202200025166;2;9;2022;14:40;1;10;1;1;1;7;48,4598602364;3,4575605392
202200025167;2;9;2022;19:40;2;16;1;9;1;6;45,5578850000;0,0061050000
202200025168;2;9;2022;20:10;2;07;2;1;1;1;44,6383720000;4,3695600000
202200025169;3;9;2022;03:45;3;40;1;1;2;3;43,5475760000; -1,4242850000
202200025170;3;9;2022;07:45;2;17;1;1;1;7;45,8362900000; -0,3467350000
202200025171;1;9;2022;15:50;1;37;2;1;1;1;47,3527820000;0,6249140000
202200025172;27;8;2022;10:30;1;30;1;6;1;3;43,5603600000;4,1525700000
202200025173;3;9;2022;12:45;1;08;1;1;1;6;49,2895860000;4,6728590000
202200025174;3;9;2022;01:00;3;61;1;6;1;6;48,6347520000;0,1848790000
202200025175;3;9;2022;06:45;2;24;1;1;1;6;44,7526000000;0,5323220000
202200025176;3;9;2022;15:37;1;31;1;1;1;6;43,2612140000;1,1165610000
202200025177;3;9;2022;13:35;1;33;1;1;1;6;44,6229150000; -0,8670830000
202200025178;30;8;2022;12:00;1;49;1;1;1;7;47,4281490000; -0,8877740000
202200025179;1;9;2022;17:15;1;69;2;1;1;4;46,0593400000;4,7224150000
202200025180;3;9;2022;11:00;1;988;1;1;1;6; -20,7275800000;165,0452000000
202200025181;2;9;2022;21:45;3;45;1;2;2;3;48,1453150000;2,2170440000
202200025182;3;9;2022;10:20;1;77;1;1;1;3;48,7386870000;2,9907060000
202200025183;2;9;2022;22:34;3;66;1;1;1;1;42,7720530000;3,0171200000
202200025184;30;8;2022;12:30;1;66;2;1;1;1;42,7052360000;3,0174310000
202200025185;3;9;2022;02:30;3;66;1;1;1;7;42,6827030000;2,9950190000
202200025186;29;8;2022;12:00;1;83;2;1;1;6;43,1802840000;5,7071360000
202200025187;2;9;2022;14:00;1;13;2;1;1;3;43,4568010000;5,4615250000
202200025188;2;9;2022;17:00;1;71;2;1;1;6;46,4357230000;4,2800370000
202200025189;28;8;2022;03:25;3;57;1;1;9;6;49,0551390000;6,5699530000
202200025190;3;9;2022;11:05;1;03;1;1;1;6;46,2782200000;3,4686060000
202200025191;2;9;2022;17:25;1;69;2;1;1;6;45,7048080000;4,7972760000
202200025192;2;9;2022;13:05;1;46;1;1;8;6;44,5816340000;2,0659450000
202200025193;3;9;2022;16:00;1;56;1;1;1;7;47,3751450000; -3,2388370000
202200025194;26;8;2022;17:00;1;35;1;1;1;3;48,0902990000; -1,8384720000
202200025195;3;9;2022;12:24;1;60;2;3;1;3;49,5095191258;2,4310576915
202200025196;3;9;2022;17:40;1;02;2;1;1;6;49,9197340000;4,0843930000
202200025197;3;9;2022;12:11;1;59;1;1;1;3;50,5552360000;3,2453980000
202200025198;2;9;2022;19:00;1;33;1;1;1;2;44,8716000000; -0,6414800000
202200025199;2;9;2022;17:50;1;33;1;1;1;2;44,7579600000; -0,5455200000
202200025200;2;9;2022;12:30;1;33;1;1;3;2;44,7775800000; -0,5622000000
202200025201;1;9;2022;18:35;1;33;1;1;1;3;44,8561880000; -0,5052320000
202200025202;30;8;2022;11:45;1;33;1;1;1;3;44,7960800000; -0,6515400000
202200025203;1;9;2022;15:38;1;59;1;1;1;4;50,6960679983;3,1134814024
202200025204;2;9;2022;20:30;5;94;1;1;1;2;48,7563097834;2,3388809550
202200025205;2;9;2022;13:50;1;91;1;1;1;4;48,6004000000;2,4389800000
202200025206;2;9;2022;05:50;3;91;1;1;1;2;48,6992230000;2,2442690000
202200025207;2;9;2022;07:00;2;91;1;1;1;3;48,7205700000;2,2544000000
202200025208;2;9;2022;09:10;1;95;1;1;2;6;48,9907453304;2,1939155459
202200025209;2;9;2022;17:45;1;94;1;1;1;4;48,8171389327;2,4422619339
202200025210;2;9;2022;08:30;1;94;1;1;2;6;48,8329741531;2,5336492518
202200025211;1;9;2022;14:10;1;56;2;3;1;3;47,7391300000; -3,3809100000
202200025212;1;9;2022;09:55;1;38;2;2;1;2;45,1920900000;5,7296800000
202200025213;18;6;2022;12:30;1;10;2;2;1;3;48,2741200000;4,0583300000
202200025214;1;9;2022;12:45;1;974;2;9;1;2; -20,8759000000;55,4445900000
202200025215;31;8;2022;17:00;1;974;2;1;1;3; -20,8848900000;55,4507900000
202200025216;31;8;2022;14:00;1;974;1;1;1;3; -20,8741700000;55,4302100000
202200025217;31;8;2022;17:59;2;973;2;1;1;7;4,9194934558; -52,3127129674
202200025218;1;9;2022;17:55;1;69;2;1;1;6;45,7444100000;4,8705700000
202200025219;1;9;2022;18:45;5;972;1;9;1;2;14,6278800000; -61,0600700000
202200025220;1;9;2022;12:00;1;69;1;1;1;7;45,7888400000;4,8664200000
202200025221;1;9;2022;19:00;1;95;2;1;1;6;49,0010720244;2,3909559846
202200025222;1;9;2022;21:07;5;91;2;3;1;4;48,5904700000;2,2447600000
202200025223;1;9;2022;07:30;1;83;2;6;1;3;43,1202520000;6,0106980000
202200025224;31;8;2022;18:25;1;77;2;6;1;3;48,2637700000;2,7072400000
202200025225;1;9;2022;11:00;1;76;2;4;1;3;49,4668700000;1,1169800000
202200025226;30;8;2022;19:15;1;76;2;2;1;3;49,4953200000;0,1010300000
202200025227;19;8;2022;15:45;1;76;2;3;2;6;49,4862900000;0,1103600000
202200025228;31;8;2022;12:50;1;67;2;3;1;3;48,5771700000;7,7555900000
202200025229;30;8;2022;18:05;1;67;2;8;1;3;48,5768200000;7,7324700000
202200025230;1;9;2022;05:30;4;67;1;1;1;5;48,8040200000;7,7443100000
202200025231;30;8;2022;16:46;1;66;2;3;1;3;42,6949500000;2,9112900000
202200025232;1;9;2022;07:50;1;64;1;9;1;2;43,3136000000; -0,4174000000
202200025233;30;8;2022;20:48;2;64;1;1;1;1;43,4669962463; -1,5387779474
202200025234;1;9;2022;16:40;1;60;2;1;1;2;49,4329000000;2,1219700000
202200025235;1;9;2022;12:35;1;60;2;7;1;3;49,4300800000;2,0912700000
202200025236;1;9;2022;22:35;5;59;2;2;1;7;50,7820800000;3,1235200000
202200025237;27;8;2022;16:15;1;59;2;2;1;3;50,7252036296;3,1469433010
202200025238;28;8;2022;09:50;1;59;2;2;1;3;50,6690700000;3,1005500000
202200025239;31;8;2022;06:25;4;59;1;1;1;7;51,0176604196;2,3698925972
202200025240;1;9;2022;17:00;1;59;2;1;1;6;50,7002450928;2,8497934341
202200025241;31;8;2022;01:35;3;56;1;1;1;6;47,7922300000; -3,3100800000
202200025242;1;9;2022;19:25;1;54;2;9;1;3;48,6902043475;6,1561632156
202200025243;1;9;2022;20:04;5;54;2;3;1;3;49,5242580000;5,7645150000
202200025244;1;9;2022;19:00;1;51;2;2;1;2;49,2734200000;4,0149200000
202200025245;31;8;2022;07:27;1;51;2;1;1;7;48,9677900000;4,3666200000
202200025246;31;8;2022;17:35;1;50;2;1;1;3;49,0992500000; -1,0799600000
202200025247;1;9;2022;10:15;1;50;2;1;1;6;48,8379400000; -1,5785300000
202200025248;31;8;2022;13:30;1;50;2;1;1;3;49,6337200000; -1,6063500000
202200025249;31;8;2022;09:00;1;49;2;3;1;3;47,2530300000; -0,0839500000
202200025250;31;8;2022;21:44;5;49;2;2;3;3;47,4673400000; -0,5469800000
202200025251;31;8;2022;19:05;1;49;2;9;3;7;47,4556500000; -0,5536900000
202200025252;31;8;2022;13:20;1;47;2;1;1;4;44,1716030000;0,6147470000
202200025253;1;9;2022;09:50;1;46;1;1;1;4;44,4406900000;1,4245200000
202200025254;1;9;2022;12:15;1;45;2;1;1;3;47,9385282739;1,9188115597
202200025255;1;9;2022;07:55;1;45;2;1;1;2;47,9225935526;1,8976741433
202200025256;1;9;2022;10:15;1;42;2;6;1;3;45,4964600000;4,5639800000
202200025257;1;9;2022;16:50;1;37;2;2;1;1;47,4023400000;0,6751400000
202200025258;1;9;2022;18:50;1;35;1;3;1;1;48,0764828173; -1,5874734521
202200025259;31;8;2022;19:05;1;35;1;9;1;6;48,1523538894; -1,7002388835
202200025260;31;8;2022;13:40;1;29;2;1;1;2;48,4043731591; -4,4999715686
202200025261;1;9;2022;15:55;1;25;1;1;1;6;46,8899300000;6,3891200000
202200025262;30;8;2022;14:20;1;19;2;3;1;3;45,1595700000;1,5386000000
202200025263;1;9;2022;18:00;1;13;2;2;1;3;43,2677417868;5,4204721749
202200025264;1;9;2022;08:30;1;13;2;3;1;3;43,2793601212;5,3992973472
202200025265;31;8;2022;20:56;5;13;2;1;1;3;43,3042100000;5,4008300000
202200025266;31;8;2022;15:40;1;13;1;1;1;3;43,1815860000;5,6703640000
202200025267;1;9;2022;16:26;1;13;2;9;1;6;43,2896600000;5,5584500000
202200025268;31;8;2022;23:10;5;11;2;1;1;3;43,2122900000;2,3711400000
202200025269;31;8;2022;15:13;1;10;2;1;1;6;48,3012300000;4,0867200000
202200025270;31;8;2022;16:03;1;10;2;2;1;3;48,3082500000;4,0560400000
202200025271;31;8;2022;08:49;1;10;2;1;1;6;48,3055400000;4,0623100000
202200025272;29;8;2022;14:00;1;03;2;6;1;6;46,1353300000;3,4331700000
202200025273;1;9;2022;08:55;1;02;1;2;1;1;49,0520900000;3,3635900000
202200025274;1;9;2022;15:20;1;75;2;1;1;2;48,8252370000;2,3855290000
202200025275;1;9;2022;06:00;5;75;2;4;1;3;48,8240040000;2,3076690000
202200025276;31;8;2022;23:10;5;75;2;4;1;2;48,8167490000;2,3362290000
202200025277;31;8;2022;00:01;5;75;2;1;1;5;48,9003270000;2,3793670000
202200025278;31;8;2022;23:30;5;75;2;2;1;6;48,8759870000;2,4025600000
202200025279;1;9;2022;05:00;5;75;2;7;1;7;48,8779010000;2,2977740000
202200025280;31;8;2022;08:55;1;75;2;3;1;2;48,8957700000;2,3218090000
202200025281;1;9;2022;19:25;1;75;2;7;1;6;48,8694170000;2,2854230000
202200025282;1;9;2022;00:10;5;75;2;2;1;6;48,8543710000;2,3549660000
202200025283;1;9;2022;14:40;1;75;2;3;1;6;48,8349210000;2,3479667000
202200025284;1;9;2022;10:15;1;75;2;3;1;6;48,8405870000;2,3301190000
202200025285;1;9;2022;16:05;1;75;2;1;1;7;48,8461190000;2,4022850000
202200025286;1;9;2022;18:00;1;75;2;2;1;2;48,8761530000;2,3311250000
202200025287;1;9;2022;09:35;1;75;2;2;1;7;48,8760580000;2,3371380000
202200025288;31;8;2022;19:00;1;75;2;7;1;7;48,8622240000;2,3018830000
202200025289;1;9;2022;04:45;5;75;2;1;1;5;48,8488050000;2,3663320000
202200025290;31;8;2022;13:40;1;75;2;2;1;3;48,8593730000;2,3561800000
202200025291;16;4;2022;00:10;5;93;2;3;1;3;48,8770470000;2,4522320000
202200025292;23;6;2022;08:22;1;71;1;1;1;2;46,7471760000;4,5157940000
202200025293;1;9;2022;07:50;1;94;2;3;1;3;48,8257660000;2,4952880000
202200025294;17;6;2022;11:15;1;46;1;1;1;6;44,9044470000;1,4825960000
202200025295;1;9;2022;07:40;1;94;2;1;1;6;48,8012110000;2,5411020000
202200025296;16;4;2022;15:05;1;93;2;3;7;3;48,9304500000;2,4308900000
202200025297;17;6;2022;16:20;1;34;1;1;1;6;43,5889710000;3,0983810000
202200025298;22;6;2022;13:50;1;29;1;1;1;6;47,8869562970; -3,7661037263
202200025299;1;9;2022;19:37;2;94;2;1;1;2;48,8241500000;2,4235000000
202200025300;16;4;2022;17:00;1;93;2;1;1;6;48,9228100000;2,4458500000
202200025301;22;6;2022;14:10;1;29;1;1;1;6;48,4887100000; -4,1342500000
202200025302;31;8;2022;21:20;5;93;2;1;1;3;48,9296784112;2,3596123320
202200025303;16;4;2022;11:45;1;92;2;1;1;6;48,8259859856;2,2271650135
202200025304;1;9;2022;10:15;1;93;2;1;1;2;48,9114300000;2,5131500000
202200025305;23;6;2022;13:20;1;03;1;1;1;1;46,2637280000;3,6324300000
202200025306;16;4;2022;17:00;1;92;2;1;1;2;48,8788859741;2,2787543535
202200025307;22;6;2022;17:10;1;15;2;1;7;6;45,2785220000;2,6613550000
202200025308;1;9;2022;18:10;1;93;2;1;1;3;48,8725901408;2,4222103915
202200025309;16;4;2022;21:19;5;92;2;1;1;6;48,8102320000;2,3132530000
202200025310;1;9;2022;08:35;1;93;2;1;1;6;48,8937583488;2,4352670141
202200025311;21;6;2022;18:40;1;70;2;3;8;6;47,8373810000;5,9017220000
202200025312;16;4;2022;11:25;1;92;2;9;7;3;48,9032299626;2,2579988837
202200025313;1;9;2022;18:20;1;93;2;6;1;3;48,9319536881;2,3988386270
202200025314;1;9;2022;05:55;2;93;2;3;1;3;48,9076117686;2,3962384875
202200025315;16;4;2022;19:40;1;92;2;2;1;3;48,8390880354;2,2467904687
202200025316;1;9;2022;12:48;1;92;2;1;1;1;48,9451010000;2,3152210000
202200025317;18;4;2022;13:30;1;83;1;1;1;1;43,2572660938;6,4312005043
202200025318;1;9;2022;12:12;1;92;2;2;1;6;48,8808819461;2,2379249632
202200025319;1;6;2022;15:30;1;90;1;1;1;5;47,6782760000;6,8637080000
202200025320;18;4;2022;14:40;1;01;2;1;1;1;45,9584310000;5,3359360000
202200025321;17;4;2022;16:20;1;67;1;1;1;7;48,8688680000;7,2435410000
202200025322;31;8;2022;23:00;5;92;2;3;1;3;48,8888390000;2,1986790000
202200025323;22;6;2022;15:55;1;09;2;2;1;3;42,8699490000;1,2046230000
202200025324;1;9;2022;16:40;1;92;2;1;1;6;48,9184000000;2,2526620000
202200025325;26;3;2022;16:30;1;45;2;3;1;3;47,9472600000;2,5442090000
202200025326;31;8;2022;22:15;5;92;2;2;1;3;48,9145570000;2,2292020000
202200025327;23;6;2022;13:05;1;45;1;1;7;1;48,0864947376;2,0232943688
202200025328;1;9;2022;16:25;1;92;2;9;1;3;48,8301703801;2,2326959967
202200025329;23;6;2022;09:30;1;64;2;1;7;6;43,1677500000; -1,2525430000
202200025330;17;4;2022;11:35;1;34;1;1;1;4;43,6572600000;3,4639200000
202200025331;23;6;2022;07:35;1;10;2;1;1;1;48,3544560000;4,4657920000
202200025332;31;8;2022;21:02;2;92;2;2;1;3;48,8320802796;2,2530995607
202200025333;17;4;2022;04:45;3;2B;1;1;1;2;42,2190310000;9,5361540000
202200025334;16;6;2022;13:05;1;36;2;1;1;3;46,9567312586;2,0016494393