Accident_Id;jour;mois;an;hrmn;lum;dep;agg;int;atm;col;lat;long
202200025335;1;9;2022;19:10;1;92;2;1;1;6;48,7539000000;2,3027000000
202200025336;17;4;2022;22:45;3;62;2;1;1;6;50,4346540000;1,7154780000
202200025337;23;6;2022;05:23;3;16;1;1;1;6;45,3880879642; -0,1847183704
202200025338;17;4;2022;20:20;3;30;1;1;1;6;44,1245400000;4,6146760000
202200025339;23;6;2022;19:25;1;07;1;1;1;6;45,1585130000;4,7354290000
202200025340;2;9;2022;06:50;2;51;1;2;1;3;48,7581130000;4,7505890000
202200025341;21;6;2022;15:40;1;21;2;3;1;7;47,5195470000;5,1315000000
202200025342;17;4;2022;21:00;3;82;1;1;1;6;44,2656700000;1,1433510000
202200025343;30;8;2022;06:50;2;74;1;1;1;2;46,1644990000;6,1953930000
202200025344;23;6;2022;06:30;2;40;1;1;1;6;44,3540300000; -1,1010790000
202200025345;17;4;2022;18:05;1;82;1;1;1;7;43,9990350000;1,1928750000
202200025346;28;8;2022;00:25;3;43;1;1;1;6;45,3353750000;3,7039270000
202200025347;22;6;2022;06:10;2;40;2;1;3;6;43,7879140000; -1,4007940000
202200025348;16;4;2022;16:25;1;81;2;1;1;7;43,8167360000;1,7542250000
202200025349;29;8;2022;17:15;1;15;1;1;1;7;44,9180180000;2,3735080000
202200025350;23;6;2022;11:30;1;24;2;9;1;6;45,2086200000;0,1326350000
202200025351;18;4;2022;02:45;3;61;1;1;1;7;48,4303050000;0,9086720000
202200025352;1;9;2022;08:47;1;18;2;1;1;3;47,5061170000;2,8494230000
202200025353;22;6;2022;15:00;1;27;2;3;1;5;49,2681620000;0,9842580000
202200025354;8;4;2022;17:40;1;35;1;1;8;5;48,1300743076; -1,9355599768
202200025355;22;6;2022;20:50;1;17;1;1;1;7;46,2227810000; -0,8215280000
202200025356;31;8;2022;23:40;3;81;1;1;1;6;43,8119070000;2,1444530000
202200025357;8;4;2022;05:20;3;31;1;1;1;6;43,8376570000;1,4808850000
202200025358;23;6;2022;05:50;3;973;1;1;5;1;4,7933960000; -52,3571380000
202200025359;11;8;2022;15:45;1;83;1;1;1;2;43,4426920000;6,4617200000
202200025360;18;4;2022;03:00;3;84;2;1;1;7;44,1166770000;5,1920700000
202200025361;1;9;2022;17:25;1;63;1;1;8;7;45,7126585091;2,7890816331
202200025362;23;6;2022;07:20;1;24;1;1;1;1;44,6409030000;0,9675910000
202200025363;18;4;2022;18:40;2;84;1;1;7;6;43,9015370000;5,1919980000
202200025364;2;9;2022;06:42;2;41;1;9;3;6;47,5851100000;1,0763050000
202200025365;20;8;2022;17:34;1;47;2;6;1;2;44,5267820000;0,1021650000
202200025366;18;6;2022;11:50;1;01;1;2;1;3;46,4432480000;4,9248430000
202200025367;17;4;2022;22:00;3;03;1;1;1;6;46,3692230000;3,4964530000
202200025368;13;8;2022;08:45;1;34;1;1;1;6;43,5184622205;3,7301267614
202200025369;23;6;2022;08:00;1;06;1;6;1;2;43,6234130000;7,0152000000
202200025370;29;8;2022;03:00;3;61;1;1;1;7;48,5343970000;0,1626920000
202200025371;18;4;2022;17:20;1;70;1;1;1;3;47,5030550000;6,4774490000
202200025372;2;9;2022;01:24;3;56;1;1;1;6;47,9463110000; -2,5007410000
202200025373;19;6;2022;00:25;3;33;1;1;1;2;44,6054790000; -0,3706810000
202200025374;18;4;2022;17:20;1;26;1;1;1;6;44,6501390000;5,5625580000
202200025375;2;9;2022;05:20;3;56;1;6;1;6;47,6950680000; -2,6325240000
202200025376;22;6;2022;08:30;1;13;1;1;1;1;43,5542710000;5,3401710000
202200025377;17;4;2022;07:00;2;58;2;1;1;6;47,4435090000;3,4116950000
202200025378;2;9;2022;17:20;1;11;1;3;1;2;43,2043470000;2,4676110000
202200025379;17;4;2022;22:15;5;72;2;1;1;6;47,6126500000;0,3346300000
202200025380;22;6;2022;21:30;2;60;1;1;1;2;49,2402803625;2,6648004054
202200025381;2;9;2022;17:00;1;71;2;3;7;6;46,7544540000;4,4751050000
202200025382;18;4;2022;15:30;1;60;1;1;1;7;49,4108750000;1,7925470000
202200025383;20;6;2022;09:30;1;13;1;1;1;5;43,5906020000;5,1857080000
202200025384;31;8;2022;11:00;1;71;1;1;1;7;46,9190830000;4,8086160000
202200025385;18;4;2022;16:43;1;64;2;4;1;7;43,3441949684; -1,5501670457
202200025386;23;6;2022;07:40;1;976;2;1;1;6; -12,8438750000;45,1866440000
202200025387;17;4;2022;10:30;1;73;1;1;1;1;45,6672390000;5,8948730000
202200025388;23;6;2022;09:05;1;84;2;1;1;3;43,9470370000;4,9417820000
202200025389;18;4;2022;10:30;1;07;1;1;1;7;44,8839550000;4,6770590000
202200025390;1;9;2022;15:00;1;63;2;3;1;1;45,8507290000;3,5398290000
202200025391;23;6;2022;08:50;1;83;2;1;1;6;43,2450820000;6,5339150000
202200025392;22;6;2022;18:30;1;13;1;2;7;3;43,8713620000;4,8189850000
202200025393;17;4;2022;01:00;5;07;1;1;1;3;44,5598760000;4,6916770000
202200025394;10;6;2022;18:30;1;89;2;2;1;3;47,9500050000;3,5338320000
202200025395;1;9;2022;19:25;2;61;1;2;1;3;48,7393060000;0,7180220000
202200025396;23;6;2022;10:13;1;52;2;4;1;7;47,9041420000;5,2408490000
202200025397;2;9;2022;07:53;2;46;2;3;2;3;44,4991400000;1,1893140000
202200025398;17;4;2022;18:30;1;40;1;2;1;3;44,3673900000; -1,1095060000
202200025399;18;4;2022;08:17;1;40;1;1;1;7;43,9471030000; -0,3827730000
202200025400;18;4;2022;15:00;1;04;1;1;1;3;43,7916250000;6,3775960000
202200025401;23;6;2022;10:50;1;67;2;3;1;3;48,6620000000;7,8234080000
202200025402;18;4;2022;17:00;1;85;2;1;1;6;46,9769320000; -1,3026543000
202200025403;23;6;2022;10:55;1;67;2;1;1;1;48,4934520000;7,4706490000
202200025404;16;4;2022;17:40;1;27;1;1;1;6;49,2712590000;0,5460390000
202200025405;16;4;2022;04:30;3;27;1;1;1;6;48,8642170000;1,0567470000
202200025406;22;6;2022;17:50;1;73;1;1;1;1;45,3187054472;6,3265953841
202200025407;17;4;2022;19:30;1;87;2;9;1;7;45,9875590000;1,0471290000
202200025408;23;6;2022;04:00;3;69;1;9;3;7;45,7315050000;4,6950030000
202200025409;17;4;2022;12:10;1;52;1;2;1;3;47,6508420000;5,3049750000
202200025410;17;4;2022;16:10;1;18;1;1;1;6;47,0953120000;2,2430670000
202200025411;20;6;2022;19:00;1;69;2;1;1;1;45,8401430000;4,7790470000
202200025412;17;4;2022;14:20;1;34;1;1;1;6;43,3578003740;3,3409025664
202200025413;22;6;2022;11:15;1;17;1;2;1;1;45,7754860000; -1,1644010000
202200025414;18;4;2022;15:00;1;28;1;1;1;6;48,2306570000;1,8487740000
202200025415;22;6;2022;08:15;1;64;1;1;1;2;43,4955070000; -1,4118080000
202200025416;17;6;2022;09:35;1;33;2;1;1;6;44,9270770000; -0,2395480000
202200025417;15;4;2022;13:05;1;971;1;3;1;3;16,2374650000; -61,5662070000
202200025418;20;6;2022;18:00;1;56;2;1;1;3;47,6643900000; -3,0025020000
202200025419;23;6;2022;11:00;1;35;2;6;1;3;48,4164340000; -1,3849480000
202200025420;18;4;2022;06:20;2;77;1;1;1;3;48,2653700000;2,7207040000
202200025421;22;6;2022;17:00;1;62;2;2;7;3;50,6301860000;1,5853400000
202200025422;18;4;2022;06:45;2;974;1;1;1;2; -20,9371120000;55,3305390000
202200025423;23;6;2022;07:40;1;59;1;1;1;6;50,2116220000;3,9801650000
202200025424;17;4;2022;15:45;1;971;2;1;1;1;16,3148260000; -61,3464220000
202200025425;23;6;2022;09:00;1;59;2;1;1;1;50,5120010000;2,9106310000
202200025426;21;6;2022;21:20;1;42;1;1;1;2;45,5349720000;4,6280550000
202200025427;17;4;2022;04:30;5;77;1;1;1;6;48,8554050000;3,0426550000
202200025428;18;6;2022;05:05;2;59;1;1;1;6;50,7471600000;3,1429200000
202200025429;17;4;2022;17:55;1;77;1;1;1;7;48,6157750000;2,7929740000
202200025430;22;6;2022;16:40;1;91;1;1;1;2;48,6314000000;2,4915100000
202200025431;18;4;2022;12:45;1;84;1;1;1;7;44,0330530000;4,9202710000
202200025432;16;4;2022;15:15;1;04;1;1;1;7;43,8591630000;6,5109230000
202200025433;22;6;2022;14:50;1;94;1;1;1;3;48,8144134984;2,3360705997
202200025434;18;4;2022;05:17;5;13;2;1;1;1;43,3686910000;5,6372480000
202200025435;16;4;2022;19:35;1;71;2;1;7;6;46,6536080000;4,9411870000
202200025436;22;6;2022;02:10;5;78;1;1;1;2;48,9775100000;1,7212300000
202200025437;17;4;2022;19:00;1;52;1;3;1;3;48,0685770000;5,1739060000
202200025438;22;6;2022;17:30;1;93;1;1;1;4;48,9385744444;2,4155606321
202200025439;18;4;2022;07:50;1;51;2;1;1;7;49,3087592926;3,6868987978
202200025440;18;4;2022;13:20;1;55;1;1;1;7;48,8447580000;5,0492800000
202200025441;22;6;2022;09:00;1;93;1;1;1;3;48,9126927783;2,4369263299
202200025442;18;4;2022;03:45;3;63;1;1;1;6;45,8207045967;3,2348513603
202200025443;22;6;2022;06:30;1;93;1;1;1;7;48,8643500000;2,4144800000
202200025444;21;6;2022;17:50;1;92;1;1;1;4;48,9388890109;2,3062561184
202200025445;18;4;2022;18:50;1;74;1;3;1;3;46,0660180000;6,3885180000
202200025446;22;6;2022;17:15;1;77;1;1;1;2;48,8305216457;2,6947138665
202200025447;17;4;2022;02:40;3;38;2;3;1;6;45,3256050000;4,8635090000
202200025448;22;6;2022;14:45;1;77;1;1;1;4;48,8321608383;2,6537674837
202200025449;17;4;2022;17:45;1;69;1;1;1;1;45,8806060000;4,4252370000
202200025450;17;4;2022;23:30;3;81;1;4;1;7;43,7746300000;1,6630390000
202200025451;22;6;2022;11:00;1;77;1;1;1;6;48,8319870876;2,6512725706
202200025452;22;6;2022;06:20;1;94;1;1;1;7;48,7636300000;2,4951100000
202200025453;11;4;2022;21:45;5;17;2;2;1;6;45,7138280000; -0,6325400000
202200025454;28;4;2022;17:45;1;77;1;1;1;2;48,8715490000;2,6706000000
202200025455;17;4;2022;21:00;5;33;2;1;1;1;44,9289067792; -0,4860632122
202200025456;12;3;2022;16:20;1;62;1;1;1;6;50,2390000000;2,7643500000
202200025457;15;4;2022;18:50;1;13;1;1;1;3;43,3111700000;5,4245500000
202200025458;21;6;2022;11:36;1;54;2;1;1;6;49,5235300000;5,7985800000
202200025459;15;4;2022;15:35;1;13;2;1;1;2;43,3246900000;5,3781960000
202200025460;21;6;2022;12:40;1;27;2;1;1;6;49,0174200000;1,1240000000
202200025461;15;4;2022;14:30;1;13;1;1;1;7;43,2839600000;5,5896300000
202200025462;22;4;2022;07:30;2;90;1;1;1;1;47,6388200000;6,9027600000
202200025463;15;4;2022;15:30;1;13;1;1;1;4;43,3338000000;5,3774840000
202200025464;16;4;2022;16:55;1;94;1;1;1;2;48,7609600000;2,3185400000
202200025465;19;4;2022;11:41;1;63;2;1;1;3;45,8170300000;3,1102190000
202200025466;18;4;2022;17:12;1;63;2;1;1;6;45,7636900000;3,0891200000
202200025467;16;4;2022;12:00;1;91;1;1;1;3;48,6054500000;2,4395300000
202200025468;21;6;2022;17:50;3;988;2;3;1;4; -22,2705900000;166,4531800000
202200025469;16;4;2022;15:00;1;91;1;1;1;3;48,7598500000;2,2578500000
202200025470;21;6;2022;11:00;1;976;2;1;1;3; -12,7788600000;45,2322600000
202200025471;16;4;2022;05:50;3;91;2;1;1;3;48,7252230000;2,2452170000
202200025472;21;6;2022;08:45;1;974;1;1;1;1; -21,3450000000;55,5029900000
202200025473;16;4;2022;14:45;1;92;1;1;1;2;48,9452569232;2,2843730158
202200025474;21;6;2022;11:00;1;974;2;1;1;5; -20,8929500000;55,4435300000
202200025475;21;6;2022;20:05;5;974;2;9;1;6; -20,9596200000;55,6533900000
202200025476;16;4;2022;14:45;1;93;1;1;1;5;48,9482633659;2,4449349940
202200025477;21;6;2022;06:01;5;973;1;1;1;6;4,8978300000; -52,3275400000
202200025478;20;6;2022;12:00;1;973;2;1;1;1;4,9243000000; -52,3183400000
202200025479;15;4;2022;18:40;1;95;1;1;1;4;49,0178210711;2,2137960792
202200025480;21;6;2022;14:14;1;2A;2;1;1;3;41,9359000000;8,7443900000
202200025481;21;6;2022;08:10;1;95;1;2;1;1;48,9739160000;2,4608194828
202200025482;15;4;2022;17:40;1;95;1;1;1;5;49,0301259179;2,1243417263
202200025483;21;6;2022;10:30;1;95;2;1;1;6;48,9719330930;2,3104494810
202200025484;15;4;2022;18:00;1;69;2;2;1;3;45,7219900000;4,8911400000
202200025485;21;6;2022;08:00;1;91;2;4;1;1;48,7038000000;2,4696500000
202200025486;15;4;2022;15:30;1;69;2;1;1;6;45,7567291612;4,8435035348
202200025487;21;6;2022;06:00;1;91;1;1;1;4;48,6644000000;2,5248500000
202200025488;15;4;2022;08:45;1;69;2;1;1;6;45,7704300000;4,8463900000
202200025489;21;6;2022;07:40;1;91;1;1;1;2;48,6840300000;2,4894200000
202200025490;15;4;2022;06:00;2;972;1;1;1;6;14,6206800000; -61,0433300000
202200025491;14;9;2022;14:00;1;86;2;1;1;3;46,5667150000;0,3873730000
202200025492;15;4;2022;19:50;2;69;2;1;1;6;45,7672600000;4,8094400000
202200025493;21;6;2022;21:10;1;85;2;6;1;3;46,5018250000; -1,7592280000
202200025494;15;4;2022;17:50;1;69;2;1;1;2;45,7735500000;4,8255100000
202200025495;17;6;2022;18:25;1;85;2;3;1;3;46,4703100000; -1,7424300000
202200025496;1;3;2022;14:00;1;95;2;3;1;6;48,9912690000;2,3711910000
202200025497;9;4;2022;23:10;5;95;2;2;1;3;48,9751033877;2,3439529538
202200025498;21;6;2022;12:15;1;78;2;3;1;6;48,9641810000;1,8666620000
202200025499;14;4;2022;08:06;1;95;2;3;1;3;48,9650284061;2,3187616467
202200025500;21;6;2022;02:20;3;78;1;1;1;2;48,9789400000;1,8862400000
202200025501;15;4;2022;07:20;2;91;2;1;1;2;48,6397580000;2,2680630000
202200025502;21;6;2022;08:15;1;77;1;2;8;3;48,4136620000;2,6441000000
202200025503;7;4;2022;16:30;1;91;2;1;8;3;48,6649500000;2,3670900000
202200025504;9;5;2022;12:40;1;76;1;1;1;7;49,3752573389;1,0469198227
202200025505;15;4;2022;18:15;1;91;2;2;1;6;48,4360960000;2,1654180000
202200025506;19;6;2022;04:00;5;76;2;2;2;3;49,4919800000;0,1239200000
202200025507;15;4;2022;12:41;1;87;2;6;1;6;45,8795500000;1,2396900000
202200025508;16;6;2022;15:50;1;74;2;2;1;1;46,3888600000;6,5899800000
202200025509;20;6;2022;11:30;1;73;2;1;1;2;45,5537880000;5,9357310000
202200025510;14;4;2022;13:15;1;87;2;1;1;5;45,8703100000;1,2694800000
202200025511;20;6;2022;18:50;1;72;2;2;1;3;47,9683460000;0,1683190000
202200025512;13;4;2022;20:47;5;87;2;1;1;3;45,8459500000;1,2456000000
202200025513;21;6;2022;15:20;1;69;2;9;1;7;45,7165100000;4,9700900000
202200025514;15;4;2022;10:30;1;83;2;6;1;2;43,1419919503;6,0365218520
202200025515;21;6;2022;10:00;1;69;2;2;1;4;45,6972300000;4,9362300000
202200025516;21;6;2022;05:55;2;69;2;1;1;1;45,7151400000;4,8956700000
202200025517;15;1;2022;16:30;1;83;2;1;1;6;43,4232100000;6,7335300000
202200025518;14;6;2022;00:00;5;69;2;9;1;1;45,7353800000;4,9031700000
202200025519;15;4;2022;20:00;1;81;2;1;1;2;43,9322600000;2,1468500000
202200025520;21;6;2022;12:11;1;69;2;3;1;3;45,9839200000;4,7399400000
202200025521;15;4;2022;10:30;1;78;2;9;1;3;48,9048990000;2,0524020000
202200025522;20;6;2022;12:00;1;67;2;1;1;7;48,6060900000;7,7540500000
202200025523;21;6;2022;09:50;1;64;2;1;1;3;43,3498100000; -1,7730200000
202200025524;15;4;2022;11:35;1;77;2;3;1;1;48,7909252105;2,6672918660
202200025525;20;6;2022;17:55;1;64;2;1;1;3;43,4923080218; -1,4865016937
202200025526;14;4;2022;22:00;3;77;1;2;1;6;48,4970800000;2,6340700000
202200025527;21;6;2022;13:30;1;59;2;9;1;2;50,7758802819;3,1317955256
202200025528;13;4;2022;12:08;1;76;2;1;1;6;49,4938300000;0,1800100000
202200025529;21;6;2022;09:20;1;59;2;1;1;6;50,7261360000;3,1648050000
202200025530;13;4;2022;12:45;1;72;2;1;1;3;47,9759550000;0,1661600000
202200025531;21;6;2022;21:55;2;59;2;2;1;3;50,6915600000;3,1811500000
202200025532;21;6;2022;10:00;1;54;2;1;1;1;48,6566500000;6,1221300000
202200025533;15;4;2022;18:55;1;69;2;2;1;3;45,7167000000;4,9280000000
202200025534;20;6;2022;18:21;1;54;2;3;1;6;48,5735000000;6,5287400000
202200025535;15;4;2022;01:41;5;66;2;1;1;2;42,7010500000;2,8861400000
202200025536;20;6;2022;17:45;1;52;1;1;1;1;48,1178500000;5,1262800000
202200025537;15;4;2022;12:55;1;59;2;1;1;2;50,6566357135;3,0889418721
202200025538;16;6;2022;08:00;1;49;2;2;1;3;47,2460600000; -0,0704200000
202200025539;15;4;2022;15:15;1;54;2;1;1;6;48,6684100000;6,2081900000
202200025540;20;6;2022;21:44;2;49;2;1;1;1;47,4547230214; -0,5330085754
202200025541;15;4;2022;11:00;1;54;2;1;1;6;48,6764346686;6,1773312092
202200025542;21;6;2022;16:40;1;45;2;2;1;3;47,9248900000;1,9119300000
202200025543;21;6;2022;08:10;1;45;2;6;1;3;47,8722600000;1,9610600000
202200025544;14;4;2022;15:15;1;54;2;1;1;6;48,6927900000;6,1442100000
202200025545;21;6;2022;14:30;1;42;2;1;1;6;45,3956600000;4,3220900000
202200025546;12;4;2022;13:30;1;54;2;1;1;1;48,6990700000;6,1208500000
202200025547;20;6;2022;23:20;3;41;2;1;1;3;47,5832600000;1,3208700000
202200025548;21;6;2022;16:40;1;37;2;1;1;6;47,4317100000;0,6973200000
202200025549;15;4;2022;22:36;5;47;2;2;1;3;44,1839000000;0,6665000000
202200025550;21;6;2022;12:45;1;35;2;1;1;4;48,1256500000; -1,6967500000
202200025551;15;4;2022;14:30;1;45;2;3;1;3;47,8917160000;1,8316190000
202200025552;21;6;2022;21:00;2;33;2;2;1;3;44,8584500000; -0,5636300000
202200025553;14;4;2022;17:00;1;44;2;1;1;3;47,1886500000; -1,5014640000
202200025554;21;6;2022;09:40;1;32;2;1;1;7;43,6568000000;0,5971600000
202200025555;14;4;2022;08:50;1;44;2;1;7;3;47,2623100000; -1,5834000000
202200025556;20;6;2022;17:00;1;30;2;1;1;2;44,1368000000;4,1048700000
202200025557;13;6;2022;12:30;1;30;2;1;1;1;44,1236500000;4,0916800000
202200025558;21;6;2022;08:25;1;29;1;1;1;3;47,9826900000; -4,0752700000
202200025559;15;4;2022;18:10;1;37;1;3;1;3;47,4004407067;0,7418185472
202200025560;20;6;2022;18:50;1;29;1;2;1;2;47,8741750000; -3,8983000000
202200025561;15;4;2022;17:25;1;35;2;1;1;6;48,1100623911; -1,6988535225
202200025562;20;6;2022;17:45;1;29;2;1;1;2;47,8691968091; -3,8961374760
202200025563;15;4;2022;17:32;1;35;1;1;1;2;48,0910563838; -1,7057400942
202200025564;20;6;2022;13:50;1;28;2;1;1;3;48,4263000000;1,4719300000
202200025565;15;4;2022;15:45;1;33;1;1;1;2;44,8890300000; -0,5885400000
202200025566;16;6;2022;18:25;1;28;2;1;1;3;48,4264900000;1,4740700000
202200025567;21;6;2022;17:47;1;27;2;1;1;6;49,0075848824;1,1557366848
202200025568;15;4;2022;14:00;1;33;2;3;1;3;44,8011700000; -0,6633100000
202200025569;6;5;2022;13:15;1;27;2;1;1;2;49,0031800000;1,1489900000
202200025570;15;4;2022;08:10;1;33;2;2;1;3;44,8796300000; -0,6268000000
202200025571;14;4;2022;12:30;1;33;2;3;1;2;44,7816000000; -0,6543300000
202200025572;21;6;2022;18:30;1;25;2;3;1;3;46,9016200000;6,3598000000
202200025573;15;4;2022;20:45;2;31;2;9;1;5;43,5779100000;1,3273500000
202200025574;21;6;2022;12:30;1;25;2;1;1;3;47,2368300000;6,0151400000
202200025575;15;4;2022;15:00;1;31;2;1;1;7;43,1384300000;0,7331600000
202200025576;20;6;2022;20:15;1;25;2;9;1;6;47,2199000000;5,9729200000
202200025577;18;6;2022;10:30;1;19;2;1;1;6;45,1646999140;1,5106093884
202200025578;15;4;2022;21:35;3;17;1;1;1;7;45,6543760000; -1,0535450000
202200025579;21;6;2022;01:00;5;13;2;2;1;3;43,4167438578;5,2465212398
202200025580;21;6;2022;18:00;1;13;2;1;1;1;43,6480100000;5,1021200000
202200025581;14;4;2022;14:50;1;13;2;6;1;3;43,6278900000;5,1049000000
202200025582;21;6;2022;22:00;5;13;2;2;1;3;43,2995338869;5,3787092631
202200025583;15;4;2022;15:55;1;13;2;1;1;2;43,3358600000;5,3744700000
202200025584;21;6;2022;18:45;1;13;2;9;1;3;43,3066882689;5,4729698357
202200025585;15;4;2022;15:30;1;13;2;1;1;3;43,3318000000;5,3869000000
202200025586;20;6;2022;09:35;1;13;2;1;1;1;43,3320000000;5,4630000000
202200025587;15;4;2022;10:15;1;13;2;1;1;6;43,5397297791;5,4476414373
202200025588;21;6;2022;13:35;1;12;2;3;1;3;44,5375800000;2,3089700000
202200025589;20;6;2022;08:45;1;07;1;6;1;3;44,9240580000;4,8597150000
202200025590;13;4;2022;12:03;1;10;2;6;1;3;48,2674383565;4,0615028143
202200025591;19;6;2022;19:00;1;06;2;6;1;3;43,6498150000;6,9317760000
202200025592;20;6;2022;11:34;1;05;2;1;1;6;44,5367900000;6,0523500000
202200025593;4;5;2022;17:10;1;02;2;6;1;2;49,6585900000;3,2980700000
202200025594;15;4;2022;18:00;1;75;2;1;1;4;48,9004260000;2,3888780000
202200025595;21;6;2022;15:35;1;75;2;1;1;2;48,9006750000;2,3330950000
202200025596;21;6;2022;12:30;1;75;2;1;1;4;48,8945610000;2,3054090000
202200025597;15;4;2022;16:30;1;75;2;1;1;2;48,8509350000;2,4154350000
202200025598;20;6;2022;19:00;1;75;2;1;1;3;48,9007580000;2,3371890000
202200025599;21;6;2022;06:19;2;75;2;2;2;3;48,8345650000;2,3578100000
202200025600;14;4;2022;18:30;1;75;2;1;1;2;48,8309270000;2,4029910000
202200025601;20;6;2022;13:30;1;75;2;1;1;2;48,8288370000;2,4520960000
202200025602;21;6;2022;09:10;1;75;2;4;1;2;48,8398970000;2,3617650000
202200025603;20;6;2022;09:20;1;75;2;3;1;6;48,8433960000;2,3375200000
202200025604;12;4;2022;20:45;4;75;2;1;1;4;48,8651530000;2,4132150000
202200025605;21;6;2022;07:45;1;75;2;1;2;6;48,8922120000;2,3692930000
202200025606;21;6;2022;09:10;1;75;2;4;1;3;48,8936030000;2,3479950000
202200025607;15;4;2022;00:20;5;75;2;1;1;1;48,8698330000;2,3560120000
202200025608;21;6;2022;17:00;1;75;2;3;1;2;48,8858690000;2,3064480000
202200025609;15;4;2022;16:10;1;75;2;4;1;4;48,8667780000;2,4090270000
202200025610;15;4;2022;15:10;1;75;2;2;1;6;48,8902280319;2,3599713298
202200025611;21;6;2022;07:40;1;75;2;4;8;6;48,8929217358;2,3270255327
202200025612;15;4;2022;10:30;1;75;2;1;1;6;48,8593801301;2,2293392525
202200025613;14;4;2022;09:30;1;75;2;7;1;3;48,8376100000;2,2575830000
202200025614;20;6;2022;19:15;1;75;2;2;1;3;48,8822440000;2,3203550000
202200025615;15;4;2022;13:50;1;75;2;7;1;6;48,8427220000;2,2922010000
202200025616;20;6;2022;07:00;1;75;2;1;1;3;48,8876250000;2,3082210000
202200025617;15;4;2022;08:30;1;75;2;2;1;3;48,8372340000;2,2964440000
202200025618;20;6;2022;19:10;1;75;2;7;1;3;48,8383990000;2,2569970000
202200025619;14;4;2022;12:20;1;75;2;3;1;3;48,8424630000;2,3110790000
202200025620;21;6;2022;19:45;1;75;2;2;1;6;48,8428710000;2,3123810000
202200025621;15;4;2022;00:50;5;75;2;1;1;6;48,8278380000;2,3346880000
202200025622;20;6;2022;21:00;1;75;2;1;1;6;48,8556670000;2,2876980000
202200025623;14;4;2022;14:40;1;75;2;1;1;6;48,8255590000;2,3150330000
202200025624;20;6;2022;20:50;2;75;2;1;1;3;48,8218650000;2,3220510000
202200025625;15;4;2022;13:19;1;75;2;1;1;3;48,8218640000;2,3586320000
202200025626;20;6;2022;15:40;1;75;2;1;1;6;48,8356580000;2,3397590000
202200025627;19;6;2022;09:30;1;75;2;3;2;2;48,8394550000;2,3222440000
202200025628;15;4;2022;11:40;1;75;2;1;1;3;48,8429884892;2,3841987095
202200025629;21;6;2022;13:15;1;75;2;2;1;3;48,8259480000;2,3452110000
202200025630;15;4;2022;02:40;5;75;2;1;1;1;48,8327710000;2,3962170000
202200025631;21;6;2022;16:30;1;75;2;7;1;3;48,8666090000;2,3650010000
202200025632;15;4;2022;18:09;1;75;2;1;1;3;48,8807484489;2,3700677293
202200025633;21;6;2022;12:25;1;75;2;2;1;6;48,8735910000;2,3283560000
202200025634;15;4;2022;11:12;1;75;2;7;1;3;48,8778906745;2,3516564553
202200025635;14;4;2022;23:00;3;75;2;1;1;6;48,8809980000;2,3138910000
202200025636;21;6;2022;17:30;1;75;2;7;1;2;48,8658570000;2,3198960000
202200025637;15;4;2022;19:55;1;75;2;7;1;6;48,8640701652;2,3201221470
202200025638;21;6;2022;10:25;1;75;2;3;1;6;48,8554610000;2,3070730000
202200025639;21;6;2022;22:00;5;75;2;2;1;7;48,8595360000;2,3488090000
202200025640;15;4;2022;16:45;1;75;2;5;1;3;48,8673080000;2,3439400000
202200025641;20;6;2022;19:03;1;75;2;3;1;3;48,8625040000;2,3380930000
202200025642;15;4;2022;16:11;1;75;2;2;1;3;48,8559045770;2,3511256603
202200025643;21;6;2022;07:45;1;94;2;4;2;2;48,7544100000;2,3854110000
202200025644;15;4;2022;11:30;1;94;2;3;1;3;48,7513600000;2,4453200000
202200025645;11;4;2022;18:09;1;94;2;6;1;3;48,7906561397;2,3315477370
202200025646;21;6;2022;09:30;1;94;2;3;1;3;48,8201800000;2,4817900000
202200025647;16;4;2022;01:50;5;94;2;3;1;3;48,8115200000;2,3870000000
202200025648;21;6;2022;18:30;1;94;2;1;1;2;48,7640000000;2,5135100000
202200025649;21;6;2022;18:00;1;93;2;1;1;6;48,9595400000;2,5570700000
202200025650;15;4;2022;16:40;1;94;2;1;1;2;48,8524796616;2,4626541132
202200025651;15;4;2022;14:05;1;94;2;1;1;4;48,8156970723;2,5142683982
202200025652;15;4;2022;11:30;1;94;2;1;1;6;48,7118600000;2,5322700000
202200025653;21;6;2022;08:07;1;93;2;1;1;1;48,9522100000;2,5576000000
202200025654;14;4;2022;10:45;1;94;2;1;1;6;48,7771500000;2,5159900000
202200025655;15;4;2022;17:45;1;93;2;2;1;3;48,8683500000;2,4447500000
202200025656;21;6;2022;22:45;5;93;2;3;1;3;48,9340500000;2,5356800000
202200025657;14;4;2022;13:30;1;93;2;9;1;6;48,8639860000;2,4170260000
202200025658;21;6;2022;22:30;5;93;2;4;1;6;48,9415809064;2,3420405388
202200025659;15;4;2022;17:05;1;93;2;1;1;6;48,9357039113;2,4266937375
202200025660;20;6;2022;16:15;1;93;2;1;1;6;48,8773984245;2,4615678191
202200025661;15;4;2022;17:30;1;93;2;2;1;3;48,8988600000;2,4418400000
202200025662;20;6;2022;22:35;5;93;2;2;1;2;48,8760100000;2,4172800000
202200025663;15;4;2022;08:30;1;92;2;1;1;7;48,8164734982;2,2921784073