Accident_Id;jour;mois;an;hrmn;lum;dep;agg;int;atm;col;lat;long
202200025664;21;6;2022;18:50;1;93;2;1;1;6;48,9129100000;2,4827500000
202200025665;15;4;2022;13:40;1;92;2;1;1;3;48,8843312946;2,2578768432
202200025666;21;6;2022;02:30;5;93;2;1;1;2;48,9082588237;2,4962285709
202200025667;14;4;2022;23:40;5;92;2;2;1;7;48,8839795755;2,2815755680
202200025668;20;6;2022;13:45;1;93;2;1;1;3;48,9095700000;2,3862600000
202200025669;15;4;2022;17:10;1;92;2;1;1;4;48,9135210000;2,2183080000
202200025670;21;6;2022;08:15;1;92;2;1;1;3;48,9340483261;2,3327531218
202200025671;21;6;2022;18:30;1;92;2;1;1;6;48,8192100000;2,2843100000
202200025672;13;4;2022;18:35;1;92;2;3;1;3;48,7438599577;2,3030322343
202200025673;16;4;2022;16:50;1;47;2;1;1;6;44,5395440000;0,6890760000
202200025674;21;6;2022;17:30;1;92;2;3;1;3;48,8541239566;2,2226331532
202200025675;17;4;2022;12:10;1;17;1;1;1;1;45,8203840000; -0,6467180000
202200025676;21;6;2022;17:30;1;92;2;9;1;2;48,8109864375;2,2349207550
202200025677;15;4;2022;19:15;1;17;1;1;1;7;45,8388610000; -0,8744650000
202200025678;21;6;2022;21:10;1;92;2;3;1;3;48,9048500000;2,2716200000
202200025679;21;6;2022;19:00;1;92;2;1;1;3;48,8970100000;2,2642900000
202200025680;17;4;2022;05:10;5;95;2;1;1;6;49,1340643036;2,2303077579
202200025681;17;4;2022;20:10;1;76;2;1;1;6;49,8695670000;1,3223670000
202200025682;21;6;2022;17:32;1;92;2;1;1;3;48,9186524491;2,2526832819
202200025683;16;4;2022;20:05;3;974;1;1;2;6; -21,0236440000;55,7011340000
202200025684;20;6;2022;19:30;1;92;2;1;1;6;48,9305484425;2,2551424652
202200025685;16;4;2022;19:00;1;62;1;1;7;3;50,3644010000;1,7085130000
202200025686;21;6;2022;06:25;2;92;2;1;2;6;48,7950180000;2,2974020000
202200025687;16;4;2022;15:30;1;79;1;1;1;7;46,2508610000; -0,1937630000
202200025688;21;6;2022;17:22;1;14;2;3;1;1;48,9782340000; -0,4748620000
202200025689;16;4;2022;15:00;1;50;1;1;1;1;49,4942630000; -1,4160990000
202200025690;20;6;2022;22:00;2;02;1;1;1;6;49,8462680000;3,2368740000
202200025691;16;4;2022;11:30;1;85;1;2;1;3;46,9041110000; -1,2081230000
202200025692;16;4;2022;10:05;1;37;1;1;1;2;47,6383554330;0,4970723391
202200025693;16;4;2022;14:50;1;56;1;1;1;6;47,4828000000; -3,1391720000
202200025694;17;4;2022;08:20;1;76;1;1;7;7;49,8337240000;1,6851350000
202200025695;17;4;2022;05:20;2;80;1;1;1;7;50,0328790000;1,6723040000
202200025696;16;4;2022;10:30;1;65;1;1;1;1;43,3082540000;0,5215930000
202200025697;17;4;2022;10:00;1;11;2;6;1;6;43,0688640000;2,2065140000
202200025698;17;4;2022;03:30;3;71;1;1;1;6;46,6748830000;4,1778520000
202200025699;16;4;2022;19:15;1;63;1;1;1;7;46,0839620000;2,7423120000
202200025700;17;4;2022;07:20;1;42;2;1;1;6;45,5539900000;4,0987370000
202200025701;17;4;2022;16:55;1;41;2;2;1;3;47,9707990000;0,8953390000
202200025702;17;4;2022;00:55;4;44;2;9;1;1;47,5505340000; -2,0751210000
202200025703;15;4;2022;11:50;1;35;2;1;1;6;48,1398584501; -1,9570979476
202200025704;16;4;2022;18:25;1;29;2;1;1;1;48,6632480000; -4,1089450000
202200025705;15;4;2022;16:50;1;29;2;9;1;6;48,3589479800; -4,7638231516
202200025706;17;4;2022;14:00;1;29;1;3;1;1;48,4275664071; -4,5726764202
202200025707;13;4;2022;12:10;1;38;2;2;1;1;45,4543250000;5,6383680000
202200025708;17;4;2022;00:50;3;02;1;1;1;7;49,7353710000;3,9995060000
202200025709;17;4;2022;16:40;1;01;2;1;1;6;46,1204210000;4,9565450000
202200025710;17;4;2022;16:08;1;54;1;1;7;7;48,6504980000;5,9816050000
202200025711;16;4;2022;15:30;1;50;2;1;1;3;49,0502630000; -1,5987630000
202200025712;17;4;2022;21:25;5;60;2;1;1;7;49,3077480000;2,7189190000
202200025713;16;4;2022;21:10;3;18;1;1;1;2;46,8642400000;2,4188480000
202200025714;26;1;2022;13:45;1;69;2;2;8;1;45,6873915492;4,9129165708
202200025715;25;1;2022;17:23;1;68;2;3;1;1;48,0821170000;7,3276130000
202200025716;27;1;2022;07:45;2;67;2;1;1;3;48,5877990000;7,7017490000
202200025717;26;1;2022;16:55;1;66;2;6;7;2;42,6813200000;2,8941600000
202200025718;27;1;2022;18:35;5;64;2;1;1;1;43,2941764345; -0,3761208057
202200025719;27;1;2022;14:45;1;64;2;1;1;5;43,3198000000; -0,3855900000
202200025720;27;1;2022;10:00;1;64;2;6;1;3;43,3047470249; -0,4018314427
202200025721;27;1;2022;13:20;1;59;2;1;2;6;50,7656968623;3,1573382020
202200025722;26;1;2022;17:30;1;59;1;1;1;6;50,3733492554;3,1029185057
202200025723;27;1;2022;17:00;2;54;2;1;1;2;48,6961700000;6,1672600000
202200025724;27;1;2022;07:50;2;54;2;1;5;6;48,6883000000;6,1669200000
202200025725;21;1;2022;23:20;3;54;1;1;1;2;49,5499820000;5,8066710000
202200025726;27;1;2022;18:10;5;51;2;4;2;7;49,2272600000;4,0356000000
202200025727;24;1;2022;20:25;5;50;2;1;1;3;49,6305600000; -1,6177900000
202200025728;26;1;2022;16:19;1;49;2;6;1;3;47,4629780458; -0,5259597301
202200025729;26;1;2022;16:40;1;45;2;3;1;1;47,9058200000;1,9098400000
202200025730;27;1;2022;14:25;1;37;2;1;1;3;47,3444961218;0,6557075679
202200025731;27;1;2022;08:30;1;33;2;1;8;4;44,8298800000; -0,6395700000
202200025732;27;1;2022;07:40;2;33;2;1;5;6;44,8488300000; -0,6524400000
202200025733;26;1;2022;11:25;1;33;2;3;1;3;44,8514500000; -0,5378739000
202200025734;26;1;2022;05:50;5;29;1;1;1;7;47,9641200000; -4,0836600000
202200025735;26;1;2022;11:30;1;29;1;2;8;2;47,8814579068; -3,9101395011
202200025736;22;1;2022;19:44;5;13;2;3;1;3;43,2912200000;5,3830200000
202200025737;27;1;2022;06:30;5;13;2;1;1;3;43,3495900000;5,3752900000
202200025738;26;1;2022;17:10;1;13;2;2;1;3;43,2977400000;5,3720900000
202200025739;27;1;2022;10:00;1;13;2;1;1;3;43,5284057102;5,4407061094
202200025740;27;1;2022;08:45;1;11;2;9;1;3;43,2216000000;2,3893500000
202200025741;26;1;2022;18:42;5;10;2;1;2;6;48,3140100000;4,0408000000
202200025742;26;1;2022;11:10;1;06;2;9;1;1;43,6652650000;7,1706030000
202200025743;26;1;2022;12:20;1;03;2;1;8;6;46,3237861697;2,5534061275
202200025744;27;1;2022;08:00;2;01;1;1;5;4;46,2331140000;5,1966680000
202200025745;27;1;2022;18:50;5;75;2;3;2;7;48,8847240000;2,3078300000
202200025746;26;1;2022;23:30;5;75;2;2;1;3;48,8786460000;2,2942280000
202200025747;26;1;2022;15:25;1;75;2;7;1;3;48,8363800000;2,3064650000
202200025748;26;1;2022;22:50;5;75;2;1;1;7;48,8449270000;2,2759760000
202200025749;27;1;2022;20:15;5;75;2;1;2;3;48,8243860000;2,3622500000
202200025750;27;1;2022;15:25;1;75;2;2;1;6;48,8716180000;2,3499060000
202200025751;27;1;2022;05:30;5;75;2;3;1;3;48,8822390000;2,3217400000
202200025752;27;1;2022;21:15;5;75;2;2;2;6;48,8539520000;2,3095450000
202200025753;27;1;2022;19:15;5;94;2;1;2;3;48,7269900000;2,4494800000
202200025754;27;1;2022;11:00;1;94;2;1;1;1;48,7714330000;2,5110410000
202200025755;27;1;2022;08:30;1;93;2;9;1;3;48,9528000000;2,5245800000
202200025756;26;1;2022;23:25;5;77;2;2;1;3;49,0119865622;2,5755418520
202200025757;27;1;2022;13:05;1;93;2;3;1;3;48,9644400000;2,3740800000
202200025758;25;1;2022;15:30;1;93;2;1;1;2;48,9460200000;2,3589400000
202200025759;27;1;2022;08:15;1;93;2;1;1;6;48,9542490000;2,3270710000
202200025760;27;1;2022;06:55;5;93;2;2;1;2;48,9070211056;2,4888178178
202200025761;27;1;2022;18:00;4;93;2;6;1;3;48,9561935351;2,4813003340
202200025762;26;1;2022;11:00;1;92;2;1;1;6;48,8467062223;2,2057290003
202200025763;4;10;2022;17:15;1;11;2;9;1;6;43,2038200000;2,3297200000
202200025764;27;1;2022;21:10;5;92;2;3;2;6;48,8062573268;2,2383636385
202200025765;26;1;2022;16:00;1;92;2;1;1;3;48,9362948024;2,2600155026
202200025766;27;1;2022;04:15;3;35;1;1;1;6;47,7682190000; -2,1053410000
202200025767;5;10;2022;12:15;1;10;2;3;1;2;48,3067947818;4,0482748300
202200025768;23;1;2022;23:00;3;95;1;1;1;6;49,0619983625;2,3383015394
202200025769;27;1;2022;19:50;3;54;1;2;2;1;48,4569359869;6,1278444537
202200025770;4;10;2022;16:15;1;10;2;1;1;3;48,2924000000;4,0736000000
202200025771;28;1;2022;09:50;1;71;2;1;5;6;46,5682330000;3,7472250000
202200025772;27;1;2022;16:50;1;06;1;1;1;7;43,7727590000;7,2144660000
202200025773;28;1;2022;08:10;1;26;2;1;1;6;45,1754120000;4,8210780000
202200025774;30;9;2022;18:30;2;06;2;1;1;7;43,6558490000;6,9221830000
202200025775;28;1;2022;15:05;1;51;1;6;1;1;48,7055591001;3,7367765498
202200025776;28;1;2022;01:45;5;32;2;1;5;6;43,4743570000;0,9180880000
202200025777;24;9;2022;18:30;1;04;2;1;1;6;43,8352100000;5,7910340000
202200025778;28;1;2022;17:30;1;63;1;1;1;1;45,5963690000;3,1558870000
202200025779;19;1;2022;18:30;5;44;2;1;1;6;47,4433000000; -2,3265510000
202200025780;27;1;2022;16:15;1;29;1;1;1;7;48,4897190000; -4,1562870000
202200025781;28;1;2022;14:20;1;38;1;1;8;1;45,5353480000;5,5397000000
202200025782;26;1;2022;18:30;5;38;2;6;1;3;45,5373250000;5,5854960000
202200025783;4;10;2022;00:35;5;75;2;2;1;3;48,8373300000;2,3737860000
202200025784;27;1;2022;18:45;3;03;1;1;5;1;46,1738310000;3,5121920000
202200025785;28;1;2022;15:50;1;01;2;1;1;6;46,1779100000;4,8163060000
202200025786;27;1;2022;16:30;1;01;2;1;1;6;46,0296070000;5,3869890000
202200025787;5;10;2022;14:35;1;75;2;3;1;6;48,8455880000;2,3426810000
202200025788;27;1;2022;06:45;2;01;2;3;4;2;46,0723230000;5,3242550000
202200025789;27;1;2022;07:45;2;70;1;1;5;1;47,3512960000;5,6858860000
202200025790;27;1;2022;10:10;1;14;1;1;1;1;49,2567070000;0,0723120000
202200025791;27;1;2022;17:45;5;60;2;2;8;1;49,2045720000;2,3679490000
202200025792;5;10;2022;15:45;1;75;2;1;8;6;48,8571830000;2,3973300000
202200025793;22;1;2022;22:15;3;36;1;1;8;6;46,6662840000;1,1220650000
202200025794;27;1;2022;13:35;1;53;2;6;1;6;48,3084430000; -0,6231150000
202200025795;27;1;2022;06:55;5;85;2;6;5;3;46,9821960000; -1,3054820000
202200025796;5;10;2022;10:00;1;75;2;4;7;3;48,8650770000;2,4116330000
202200025797;28;1;2022;07:50;2;28;1;1;5;3;48,3800270000;0,9544800000
202200025798;5;10;2022;08:20;1;75;2;3;1;6;48,8854700000;2,3080040000
202200025799;27;1;2022;16:20;1;30;1;1;1;6;43,5550490000;4,1464810000
202200025800;22;1;2022;13:05;1;95;2;1;1;6;49,1071510000;1,8485140000
202200025801;3;10;2022;22:30;5;75;2;1;1;3;48,8687780000;2,2540010000
202200025802;11;1;2022;05:45;3;91;1;1;1;4;48,5836620000;2,2340230000
202200025803;5;10;2022;09:34;1;75;2;4;1;3;48,8445830000;2,3115880000
202200025804;28;1;2022;14:50;1;2B;2;1;1;2;42,5641910000;9,4410540000
202200025805;5;10;2022;08:30;1;75;2;2;1;3;48,8232330000;2,3255970000
202200025806;27;1;2022;18:30;3;84;1;1;6;1;44,2848150000;4,6949740000
202200025807;28;1;2022;13:15;1;83;1;1;1;5;43,1428750000;6,0618190000
202200025808;4;10;2022;14:15;1;75;2;2;1;3;48,8228020000;2,3266080000
202200025809;27;1;2022;10:30;1;83;1;1;1;2;43,1792091723;5,8250659704
202200025810;5;10;2022;11:05;1;75;2;1;1;6;48,8419150000;2,3982180000
202200025811;27;1;2022;18:35;3;83;1;1;1;5;43,6277775702;5,7654476166
202200025812;22;1;2022;21:15;3;04;1;1;1;6;43,8550480000;5,8289230000
202200025813;28;1;2022;11:00;1;13;1;1;1;6;43,2496730000;5,6146570000
202200025814;4;10;2022;08:20;1;75;2;3;1;6;48,8478030000;2,3991000000
202200025815;26;1;2022;02:40;3;13;1;1;9;7;43,7828920000;4,8125050000
202200025816;5;10;2022;16:22;1;75;2;2;1;6;48,8836030000;2,3494750000
202200025817;27;1;2022;22:46;3;26;1;1;1;6;45,2362730000;4,8469890000
202200025818;28;1;2022;08:10;1;67;2;3;1;3;48,4614586629;7,4983406067
202200025819;4;10;2022;15:45;1;75;2;3;1;3;48,8696830000;2,3526540000
202200025820;28;1;2022;00:30;3;65;1;1;1;7;42,8853743449; -0,0159517676
202200025821;27;1;2022;17:15;1;17;1;1;1;7;45,1196590000; -0,1828190000
202200025822;5;10;2022;20:05;5;94;2;6;1;6;48,7558200000;2,4839510000
202200025823;27;1;2022;20:37;3;64;1;3;1;3;43,4637830000; -1,4284050000
202200025824;28;1;2022;07:45;5;56;1;1;5;6;47,7030390000; -2,9289940000
202200025825;4;10;2022;12:20;1;94;2;1;1;6;48,8019300000;2,4929500000
202200025826;19;1;2022;09:04;1;29;1;1;1;6;48,0406030000; -4,3293300000
202200025827;27;1;2022;14:42;1;60;1;1;1;2;49,2373980000;2,5283250000
202200025828;27;1;2022;17:28;2;60;1;2;1;3;49,1996166392;2,2818128765
202200025829;4;10;2022;19:30;2;94;2;1;1;2;48,8200300000;2,4816500000
202200025830;27;1;2022;04:30;3;59;1;1;1;6;50,1979120000;3,5010340000
202200025831;27;1;2022;09:20;1;13;1;1;1;6;43,2061800000;5,5893900000
202200025832;26;1;2022;21:50;3;13;1;1;1;2;43,3306100000;5,3780700000
202200025833;26;1;2022;18:49;2;13;1;1;1;2;43,2890000000;5,4980000000
202200025834;26;1;2022;23:50;5;69;1;1;1;6;45,7465400000;4,8290500000
202200025835;25;1;2022;15:20;1;59;1;1;5;2;50,7058532311;3,1211042404
202200025836;27;1;2022;15:45;1;91;1;1;1;7;48,6105100000;2,4331000000
202200025837;27;1;2022;14:00;1;93;1;1;1;3;48,9256200000;2,4815200000
202200025838;26;1;2022;20:15;3;93;1;1;1;5;48,8815500000;2,4755600000
202200025839;4;10;2022;20:07;5;94;2;1;1;3;48,7750200000;2,4390700000
202200025840;27;1;2022;08:30;2;95;1;1;1;4;48,9822900000;2,2409600000
202200025841;26;1;2022;20:00;3;93;1;1;1;3;48,9657200000;2,4747500000
202200025842;5;10;2022;00:30;5;93;2;9;1;6;48,9605447868;2,5527188315
202200025843;27;1;2022;08:00;3;95;1;1;1;3;48,9676098520;2,2529938817
202200025844;27;1;2022;07:00;3;95;1;1;1;6;48,9499385382;2,2801458836
202200025845;5;10;2022;14:50;1;93;2;1;1;6;48,9687971673;2,3654748000
202200025846;26;1;2022;21:40;5;93;1;1;1;3;48,9492060000;2,4469090000
202200025847;26;1;2022;19:10;3;93;1;1;1;2;48,9091500000;2,4739600000
202200025848;27;1;2022;07:25;2;77;1;1;1;2;48,8298870000;2,6213010000
202200025849;5;10;2022;16:20;1;93;2;1;1;3;48,9083796187;2,3442242156
202200025850;27;1;2022;02:15;3;77;1;1;1;6;48,8336905036;2,6656585023
202200025851;26;1;2022;17:30;1;974;2;1;1;6; -20,9628300000;55,6584800000
202200025852;5;10;2022;14:20;1;93;2;1;1;2;48,9073100000;2,3382600000
202200025853;26;1;2022;10:30;1;973;2;1;1;7;4,9301279010; -52,3088800907
202200025854;26;1;2022;13:30;1;69;2;1;8;3;45,7112400000;4,8897500000
202200025855;25;1;2022;18:00;2;972;2;9;1;6;14,6159000000; -60,9909000000
202200025856;5;10;2022;09:07;1;93;2;2;1;1;48,9013500000;2,5124200000
202200025857;26;1;2022;19:15;5;972;1;9;1;6;14,6283700000; -61,0582600000
202200025858;25;1;2022;19:25;5;972;1;1;1;3;14,6466700000; -61,0528800000
202200025859;4;10;2022;13:40;1;93;2;1;1;2;48,9190074449;2,4193993689
202200025860;26;1;2022;04:37;5;2B;1;1;1;2;42,6728570000;9,4437180000
202200025861;25;1;2022;18:20;5;971;1;1;1;6;16,2514289306; -61,5269994736
202200025862;23;1;2022;21:50;5;971;1;9;1;3;16,2189800000; -61,5032300000
202200025863;5;10;2022;21:05;5;93;2;1;2;6;48,9274647008;2,4634439738
202200025864;26;1;2022;16:54;1;91;2;1;1;6;48,6060900000;2,3004800000
202200025865;25;1;2022;14:30;1;91;2;1;8;6;48,6837700000;2,1710700000
202200025866;5;10;2022;22:05;5;92;2;1;1;6;48,8725100000;2,1692000000
202200025867;25;1;2022;14:46;1;87;2;2;1;3;45,8260500000;1,2679000000
202200025868;26;1;2022;18:30;5;83;2;1;1;3;43,1066130644;5,9938117862
202200025869;26;1;2022;15:00;1;83;2;1;1;6;43,1294000000;5,9208900000
202200025870;26;1;2022;14:20;1;83;1;3;1;3;43,1625117434;5,9495615959
202200025871;4;10;2022;11:00;1;92;2;7;1;6;48,8805800000;2,2762700000
202200025872;26;1;2022;09:35;1;83;2;2;1;3;43,1203395448;5,9472758174
202200025873;24;1;2022;11:45;1;80;2;1;1;2;49,9157143711;2,2286224435
202200025874;5;10;2022;12:47;1;92;2;3;1;1;48,8276701150;2,2757529616
202200025875;26;1;2022;17:20;2;78;1;1;1;2;48,9616000000;2,0902300000
202200025876;26;1;2022;18:00;5;77;2;1;1;6;48,9777800000;2,6265300000
202200025877;26;1;2022;07:50;3;77;2;1;1;6;48,8428300000;2,5875200000
202200025878;25;1;2022;08:06;2;77;1;1;5;6;48,7168400000;2,6456500000
202200025879;26;1;2022;15:55;1;76;2;4;1;1;49,4035000000;1,1005000000
202200025880;5;10;2022;11:14;1;92;2;1;1;3;48,9065927937;2,3129541278
202200025881;26;1;2022;14:55;1;74;2;1;1;6;45,9054700000;6,1255900000
202200025882;25;1;2022;16:20;1;67;2;8;1;6;48,5915900000;7,7201800000
202200025883;25;1;2022;16:35;1;66;2;3;1;3;42,6929500000;2,8663600000
202200025884;26;1;2022;21:35;5;64;2;2;1;3;43,3113300000; -0,3563900000
202200025885;26;1;2022;15:10;1;59;1;1;8;6;50,6963108416;3,2295684814
202200025886;5;10;2022;00:05;5;92;2;2;1;7;48,8978640000;2,3080510000
202200025887;26;1;2022;16:25;1;59;2;1;1;3;50,6746053697;3,1532742976
202200025888;26;1;2022;08:15;1;59;2;1;1;5;50,6113890000;2,9778860000
202200025889;24;1;2022;16:15;1;57;2;1;1;1;49,3500000000;6,1740000000
202200025890;26;1;2022;18:00;5;51;2;6;1;2;49,2166227247;4,0507568869
202200025891;26;1;2022;05:57;5;47;2;3;5;6;44,2027700000;0,6262700000
202200025892;25;1;2022;17:20;2;47;2;3;1;6;44,2008000000;0,6021200000
202200025893;26;1;2022;13:50;1;46;2;2;1;3;44,4970620000;1,3855120000
202200025894;5;10;2022;20:12;3;10;1;1;1;1;48,3291110000;3,8328020000
202200025895;26;1;2022;14:05;1;45;2;1;8;6;47,9127200000;1,9723500000
202200025896;26;1;2022;08:00;2;45;2;2;2;6;47,8683430000;1,9122060000
202200025897;26;1;2022;22:40;1;44;2;1;1;2;47,2185040000; -1,5393200000
202200025898;8;1;2022;10:25;1;42;1;1;2;3;45,4165269781;4,4008780992
202200025899;5;10;2022;19:10;2;10;2;1;1;1;48,2212560000;3,7269670000
202200025900;9;1;2022;10:00;1;42;1;1;1;6;45,4388800000;4,4033500000
202200025901;26;1;2022;15:10;1;42;2;2;1;3;46,0475000000;4,0742000000
202200025902;26;1;2022;13:30;1;42;2;1;7;6;45,3900800000;4,2870100000
202200025903;30;9;2022;15:45;1;10;1;1;1;3;48,1839430000;4,1652350000
202200025904;27;1;2022;00:25;3;37;1;1;1;6;47,3396815180;0,6670761108
202200025905;26;1;2022;19:15;5;35;2;6;1;3;48,1080400000; -1,6162000000
202200025906;25;1;2022;18:30;2;34;2;2;1;6;43,6270581542;3,8176304019
202200025907;26;1;2022;15:20;1;33;2;3;1;2;44,8434920000; -0,5788800000
202200025908;5;10;2022;17:45;1;29;1;1;1;4;48,5016046347; -4,1719442513
202200025909;12;11;2022;17:45;3;38;1;1;1;5;45,4070380000;6,0862330000
202200025910;26;1;2022;15:45;1;30;2;3;1;6;44,1214700000;4,0895400000
202200025911;11;11;2022;16:56;1;02;1;1;1;6;49,3502090000;3,5765490000
202200025912;6;10;2022;07:50;2;14;2;2;1;3;48,8938003566; -0,8910903834
202200025913;11;11;2022;16:30;1;58;1;8;1;7;46,8367980000;3,8176630000
202200025914;26;1;2022;08:55;5;29;2;3;1;1;48,5936000000; -3,8148100000
202200025915;2;10;2022;12:36;1;06;1;1;1;1;43,7056020000;6,8422550000
202200025916;26;1;2022;07:10;3;25;1;1;1;2;46,9269700000;6,3352300000
202200025917;11;11;2022;15:20;1;14;1;1;1;1;49,1439444400;0,3448094202
202200025918;26;1;2022;02:24;3;17;2;1;8;7;45,5912400000; -0,9807930000
202200025919;5;10;2022;16:30;1;83;2;4;1;3;43,1346609816;6,3511329889
202200025920;12;11;2022;10:00;1;50;1;1;7;3;49,4772640000; -1,3704370000
202200025921;26;1;2022;17:10;1;11;2;1;1;3;43,2299200000;2,3549200000
202200025922;15;9;2022;18:30;1;87;1;1;1;7;45,9847110000;1,1647600000
202200025923;9;11;2022;20:20;3;64;1;1;2;6;43,4881670000; -1,1387480000
202200025924;5;10;2022;18:50;2;62;1;1;2;6;50,4439770338;1,7892016066
202200025925;24;1;2022;09:21;1;11;2;1;1;6;43,2282100000;2,3594600000
202200025926;11;11;2022;16:39;2;21;2;1;1;6;47,7501770000;4,4934240000
202200025927;5;10;2022;17:35;1;83;1;1;1;3;43,4291560000;5,9351790000
202200025928;26;1;2022;11:35;1;06;2;1;1;6;43,7018050000;7,2818860000
202200025929;11;11;2022;21:37;3;85;1;1;1;7;46,4251333000; -1,4925393400
202200025930;5;10;2022;16:20;1;57;2;1;1;3;49,0119430000;6,2040780000
202200025931;11;11;2022;06:50;2;85;1;1;1;6;46,6628900000; -1,2638460000
202200025932;21;1;2022;17:20;2;06;2;2;1;3;43,7618250000;7,4811800000
202200025933;11;11;2022;20:10;3;85;1;1;1;6;46,6346380000; -1,4389190000
202200025934;26;1;2022;03:25;5;03;2;1;4;6;46,3508800000;2,6080700000
202200025935;6;10;2022;05:15;3;80;1;1;1;1;50,0799540000;2,3251320000
202200025936;25;1;2022;21:40;5;75;2;1;5;2;48,8834300000;2,3997390000
202200025937;5;10;2022;07:30;2;81;2;1;8;6;43,9649280000;1,8173150000
202200025938;10;11;2022;19:00;3;28;1;1;1;1;48,5617800000;1,5908500000
202200025939;4;10;2022;10:15;1;32;2;1;7;6;43,6971750000;0,0831030000
202200025940;25;1;2022;20:00;5;75;2;1;1;2;48,9011040000;2,3466460000
202200025941;12;11;2022;07:00;2;17;1;1;1;7;46,0656050000; -0,5875060000
202200025942;25;1;2022;18:50;5;75;2;1;1;3;48,8318970000;2,2816900000
202200025943;6;10;2022;11:50;1;71;2;2;1;3;46,6034500000;4,0553820000
202200025944;22;10;2022;20:22;4;17;2;1;1;7;46,1119250000; -0,9304630000
202200025945;24;1;2022;12:30;5;75;2;1;1;2;48,8810000000;2,4036530000
202200025946;5;10;2022;14:50;1;49;1;1;1;1;47,4954950000; -0,1308810000
202200025947;11;11;2022;21:20;3;37;1;1;1;3;47,3118058055;0,7820731401
202200025948;25;1;2022;07:00;5;75;2;2;1;6;48,8524860000;2,3387610000
202200025949;5;10;2022;20:23;3;12;1;1;1;6;44,4597680000;2,2571060000
202200025950;12;11;2022;17:35;3;30;1;1;1;2;43,8916380000;4,2325850000
202200025951;26;1;2022;15:00;1;75;2;5;1;3;48,8537650000;2,3334410000
202200025952;6;10;2022;10:25;1;12;2;1;1;6;44,1565580000;3,0985440000
202200025953;12;11;2022;09:20;1;33;1;1;1;6;44,6142850000; -1,0738280000
202200025954;26;1;2022;00:17;5;75;2;2;1;3;48,8437950000;2,3523040000
202200025955;6;10;2022;12:20;1;47;2;1;8;3;44,3991070000;0,5983470000
202200025956;11;11;2022;17:10;1;86;1;9;1;2;46,5077750000;0,2078200000
202200025957;26;1;2022;17:20;2;75;2;3;1;6;48,8744110000;2,3863010000
202200025958;25;1;2022;14:30;1;75;2;1;8;6;48,8415180000;2,4621840000
202200025959;5;10;2022;13:15;1;47;1;2;1;3;44,2524920000;0,8174620000
202200025960;26;1;2022;19:20;5;75;2;2;1;6;48,8752050000;2,2984630000
202200025961;5;11;2022;11:20;1;971;2;2;1;3;16,2665410000; -61,5881970000
202200025962;6;10;2022;15:35;1;86;2;1;1;6;46,6777490000;0,2664510000
202200025963;26;1;2022;13:22;1;75;2;2;1;3;48,8728410000;2,3106890000
202200025964;11;11;2022;19:15;5;971;2;1;1;3;16,0391830000; -61,5880250000
202200025965;26;1;2022;02:40;5;94;2;1;1;6;48,7935800000;2,4876000000
202200025966;11;11;2022;12:30;1;971;2;1;1;6;16,0541440000; -61,7517310000
202200025967;5;10;2022;16:10;1;34;2;3;1;3;43,6316550000;3,4370600000
202200025968;26;1;2022;19:00;5;94;2;1;1;1;48,7612700000;2,3574400000
202200025969;6;10;2022;11:40;1;29;1;1;1;6;48,6193110000; -4,4792820000
202200025970;11;11;2022;11:00;1;45;1;2;1;3;47,8392950000;2,3797740000
202200025971;25;1;2022;20:25;5;94;2;2;1;3;48,7901900000;2,5224200000
202200025972;11;11;2022;11:20;1;06;1;1;1;7;43,8553880000;7,0225170000
202200025973;5;10;2022;18:55;1;31;1;1;1;1;43,4226070000;1,7503910000
202200025974;12;11;2022;05:50;3;17;1;6;1;7;45,6653760000; -0,9439230000
202200025975;25;1;2022;19:00;5;93;2;3;1;3;48,9393741917;2,5255370513
202200025976;6;10;2022;15:40;1;01;1;1;1;1;46,1505840000;5,4598190000
202200025977;11;11;2022;11:30;1;33;2;1;7;6;44,9012220000; -0,2209070000
202200025978;26;1;2022;10:30;1;93;2;9;1;3;48,9161694107;2,3354458809
202200025979;25;1;2022;16:50;1;93;2;1;8;6;48,9390423376;2,3480049673
202200025980;12;11;2022;10:40;1;85;2;1;1;6;46,7689760000; -1,5021230000
202200025981;3;10;2022;21:30;3;01;1;2;1;1;46,3261790000;5,0307240000
202200025982;26;1;2022;16:30;1;93;2;1;1;6;48,8601752107;2,4513378263
202200025983;26;1;2022;08:50;1;93;2;1;1;1;48,9160483755;2,5413715839
202200025984;6;10;2022;07:20;2;72;1;2;5;3;48,0724270000;0,3013300000
202200025985;5;11;2022;06:30;3;69;1;1;2;3;45,6999100000;4,8358700000
202200025986;11;1;2022;21:20;5;93;2;1;1;2;48,8834100000;2,5328000000
202200025987;26;1;2022;19:40;5;93;2;1;1;1;48,9360700000;2,4034200000
202200025988;11;11;2022;18:40;5;33;1;1;1;2;44,8756300000; -0,5079740000
202200025989;5;10;2022;16:50;1;43;1;1;1;6;45,2569460000;4,1477290000
202200025990;26;1;2022;19:35;5;92;2;1;1;3;48,8727358935;2,2023130059
202200025991;11;11;2022;17:30;2;91;1;1;1;7;48,7287600000;2,3144500000
202200025992;26;1;2022;14:30;1;92;2;1;1;2;48,9020960095;2,2737560570