Accident_Id;jour;mois;an;hrmn;lum;dep;agg;int;atm;col;lat;long
202200025993;3;10;2022;00:00;3;53;1;1;2;6;48,4909850000; -0,3099780000
202200025994;11;11;2022;14:20;1;92;1;1;1;2;48,7300320000;2,3077550000
202200025995;25;1;2022;23:27;5;92;2;1;2;7;48,7789419722;2,2889247536
202200025996;11;11;2022;12:20;1;94;1;1;1;2;48,7586600000;2,3252800000
202200025997;5;10;2022;16:35;1;40;1;1;1;3;43,8686960000; -0,4534650000
202200025998;26;1;2022;20:00;5;92;2;6;1;3;48,8250751635;2,2483603656
202200025999;11;11;2022;01:30;3;91;1;1;1;2;48,5617600000;2,4822000000
202200026000;6;10;2022;06:45;3;24;1;3;1;6;44,9211520000;0,6261240000
202200026001;11;11;2022;12:05;1;92;1;1;1;7;48,9210091121;2,3062400222
202200026002;26;1;2022;17:10;1;12;1;1;1;4;44,3363730000;2,0836370000
202200026003;2;10;2022;12:20;1;27;1;1;2;7;48,9186990000;0,5033650000
202200026004;11;11;2022;16:30;1;95;1;1;1;6;48,9496723024;2,2802208006
202200026005;11;11;2022;01:40;3;92;1;1;1;2;48,9383816776;2,3133085293
202200026006;25;1;2022;09:52;1;46;1;1;9;6;44,2934760000;1,3948880000
202200026007;6;10;2022;08:05;2;49;1;1;1;1;47,7065270000; -0,4990200000
202200026008;27;1;2022;15:55;1;67;1;1;2;1;48,7798570000;7,5653960000
202200026009;8;11;2022;08:55;1;77;2;4;1;6;48,8106100000;3,0839500000
202200026010;25;1;2022;15:45;1;54;1;1;5;4;49,5046560637;5,6886059054
202200026011;9;11;2022;17:40;2;64;2;2;2;6;43,2990164599; -0,3727599978
202200026012;26;1;2022;22:45;3;56;1;1;1;1;48,1282810000; -3,3227420000
202200026013;9;11;2022;08:50;1;43;2;1;1;6;45,0355300000;3,8813100000
202200026014;9;11;2022;20:25;5;06;2;1;3;6;43,7110000000;7,2890000000
202200026015;29;8;2022;13:49;1;34;1;1;1;4;43,4744740000;3,6491780000
202200026016;10;11;2022;00:30;5;93;2;1;1;3;48,9286500000;2,4809100000
202200026017;5;10;2022;19:00;5;971;1;1;1;5;16,2330110000; -61,6098800000
202200026018;9;11;2022;10:30;1;974;2;1;1;6; -21,3376500000;55,4846700000
202200026019;9;11;2022;09:45;1;973;2;1;2;7;4,9350341990; -52,2927586734
202200026020;5;10;2022;13:45;1;17;1;1;1;1;45,5694140000; -0,9462220000
202200026021;5;10;2022;14:50;1;78;1;1;1;7;48,7064820000;1,9485770000
202200026022;9;11;2022;18:15;4;69;2;4;2;1;45,7352700000;4,8390000000
202200026023;6;10;2022;09:30;1;84;2;6;1;3;43,9806260000;4,9063660000
202200026024;9;11;2022;07:05;2;69;2;1;2;3;45,7766110529;4,8261858523
202200026025;5;10;2022;17:50;1;67;2;4;1;3;48,3951780000;7,6235460000
202200026026;9;11;2022;09:20;1;91;2;1;8;6;48,7062600000;2,2254700000
202200026027;6;10;2022;07:30;2;38;2;3;1;1;45,6530310000;5,1759770000
202200026028;9;11;2022;06:40;5;91;2;1;8;7;48,7305300000;2,2205100000
202200026029;6;10;2022;01:45;3;01;1;1;1;6;46,0937400000;5,5870200000
202200026030;9;11;2022;07:47;1;91;2;1;1;3;48,7093000000;2,3670000000
202200026031;6;10;2022;18:15;1;69;1;1;1;5;45,8506805387;4,7952076793
202200026032;9;11;2022;07:45;1;88;2;3;1;3;48,1779000000;6,4405500000
202200026033;6;10;2022;07:55;1;65;1;1;1;6;42,8855710000; -0,0165060000
202200026034;5;10;2022;19:15;2;33;2;1;1;6;44,7424910000; -0,6208870000
202200026035;7;11;2022;11:00;1;87;1;1;1;5;45,8269830000;1,2838370000
202200026036;6;10;2022;17:35;1;49;2;3;1;3;47,1013540000; -0,9929540000
202200026037;4;10;2022;19:00;2;44;1;9;1;6;47,3429230000; -2,0967260000
202200026038;8;11;2022;14:05;1;85;1;6;2;3;46,4773100000; -1,7187500000
202200026039;8;11;2022;18:55;5;85;2;1;1;3;46,6726200000; -1,4431000000
202200026040;6;10;2022;19:30;2;35;2;3;1;1;48,5826753011; -2,0581890643
202200026041;14;8;2022;20:40;2;84;1;1;1;1;44,0704600000;5,0811800000
202200026042;2;10;2022;19:20;1;69;1;1;1;3;45,8384700000;4,7561300000
202200026043;19;7;2022;15:35;1;78;2;1;1;6;48,9933650000;1,8649050000
202200026044;3;10;2022;08:50;1;33;1;1;1;3;44,7887000000; -0,6267900000
202200026045;9;11;2022;22:00;5;76;2;6;1;3;49,2870100000;1,0090000000
202200026046;9;11;2022;17:50;3;76;2;1;9;6;49,2744800000;1,0177500000
202200026047;5;10;2022;15:00;1;92;1;1;1;4;48,7601050000;2,2778700000
202200026048;5;10;2022;14:00;1;91;1;1;1;7;48,7180900000;2,2676200000
202200026049;5;10;2022;09:45;1;91;1;1;1;7;48,7487570000;2,2151540000
202200026050;8;11;2022;14:40;1;71;2;9;1;3;46,8071034142;4,4343978166
202200026051;5;10;2022;07:15;5;94;1;1;1;2;48,8158837940;2,3564735681
202200026052;9;11;2022;19:10;5;69;2;3;2;6;45,8131800000;4,8935200000
202200026053;4;10;2022;23:10;3;91;1;1;1;3;48,6758900000;2,3401700000
202200026054;9;11;2022;15:15;1;69;2;1;8;1;45,7559562116;4,9539273977
202200026055;4;10;2022;07:45;1;78;1;1;5;5;48,9702150000;1,9080930000
202200026056;3;10;2022;23:15;4;93;1;1;1;2;48,8800655808;2,4509167671
202200026057;9;11;2022;07:20;1;69;2;3;1;6;45,9854649548;4,7209547460
202200026058;5;10;2022;09:00;1;77;1;1;1;7;48,8582307717;2,6654704075
202200026059;4;10;2022;17:10;1;974;2;1;1;2; -21,3436900000;55,4699000000
202200026060;9;11;2022;14:10;1;69;2;2;2;3;45,7003000000;4,9378600000
202200026061;4;10;2022;07:45;1;974;1;1;1;3; -21,2984490000;55,4568070000
202200026062;9;11;2022;07:50;2;69;2;2;3;2;45,7186875428;4,8747915030
202200026063;2;10;2022;15:15;1;974;2;2;1;3; -20,8755890000;55,4518810000
202200026064;9;11;2022;10:53;1;66;2;1;1;5;42,7065071407;2,8828436136
202200026065;1;10;2022;12:35;1;973;2;3;1;2;4,9312400000; -52,3064100000
202200026066;7;11;2022;11:05;1;66;2;1;1;6;42,7188500000;2,8900200000
202200026067;4;11;2022;20:00;5;62;2;6;1;3;50,4773910000;2,6775710000
202200026068;2;10;2022;15:00;1;973;2;2;7;5;4,9310100000; -52,3132600000
202200026069;9;11;2022;12:45;1;60;2;1;1;6;49,4321300000;2,1013500000
202200026070;4;10;2022;15:35;1;69;2;2;1;3;45,7566500000;4,8683600000
202200026071;9;11;2022;08:00;1;59;1;1;1;3;50,7625600000;3,0780300000
202200026072;2;10;2022;11:40;1;971;2;4;1;5;16,0029300000; -61,7387600000
202200026073;4;10;2022;06:25;5;95;2;1;5;6;48,9842117288;2,4650466442
202200026074;9;11;2022;22:50;5;59;2;3;1;3;50,6321215838;3,0625623465
202200026075;9;11;2022;08:45;1;59;2;9;1;1;50,6425200000;3,0733400000
202200026076;4;10;2022;06:33;5;87;2;2;1;3;45,8688000000;1,2964100000
202200026077;8;11;2022;13:30;1;54;2;3;1;1;48,7082795519;6,1793830991
202200026078;1;10;2022;13:39;1;87;2;1;2;4;45,8222000000;1,2619500000
202200026079;8;11;2022;09:09;1;49;2;1;1;3;47,4685000000; -0,5586000000
202200026080;3;10;2022;07:56;5;87;2;1;1;6;45,8238900000;1,2392000000
202200026081;9;11;2022;08:00;1;43;2;1;2;7;45,0421200000;3,8820400000
202200026082;10;11;2022;00:05;3;41;1;6;2;7;47,5615990000;1,3732290000
202200026083;4;10;2022;14:23;1;84;1;1;1;1;44,0670500000;4,7903200000
202200026084;9;11;2022;15:10;1;37;2;1;1;7;47,4301921031;0,6729233265
202200026085;9;11;2022;07:25;2;37;2;9;9;2;47,3796200000;0,6680400000
202200026086;4;10;2022;08:20;1;83;2;3;1;3;43,1071600000;5,9343500000
202200026087;3;10;2022;12:20;1;83;2;1;1;6;43,1224730000;5,9447420000
202200026088;9;11;2022;16:40;1;35;1;1;1;3;48,1140120000; -1,5562820000
202200026089;23;5;2022;10:53;1;31;2;2;8;3;43,5870700000;1,3450600000
202200026090;4;10;2022;17:35;1;79;2;1;1;6;46,3145000000; -0,4754000000
202200026091;9;11;2022;12:10;1;35;2;6;1;3;48,1291100000; -1,6959500000
202200026092;22;5;2022;04:41;3;31;2;1;1;6;43,5807380000;1,4780630000
202200026093;4;10;2022;16:45;1;77;2;9;1;6;48,8276400000;2,7030800000
202200026094;9;11;2022;18:50;5;33;2;3;2;6;44,8610100000; -0,5700800000
202200026095;21;5;2022;23:33;4;31;1;1;1;2;43,6189796774;1,4187330008
202200026096;3;10;2022;09:00;1;77;2;4;8;3;48,4369100000;2,8023400000
202200026097;8;4;2022;12:30;1;30;2;3;1;6;43,8229300000;4,3644200000
202200026098;8;11;2022;19:00;2;33;2;2;1;1;44,8744100000; -0,6790400000
202200026099;4;10;2022;07:40;2;77;2;1;5;3;48,7889100000;3,1265900000
202200026100;22;5;2022;19:05;1;28;2;6;1;3;48,7407280000;1,3448300000
202200026101;10;11;2022;00:30;5;33;1;1;2;6;44,6153000000; -1,1363100000
202200026102;4;10;2022;16:50;1;76;2;3;1;3;49,4261200000;1,0691900000
202200026103;9;11;2022;20:15;5;31;1;1;1;5;43,5573900000;1,4127200000
202200026104;4;10;2022;08:30;1;76;1;1;1;5;49,4120000000;1,0410000000
202200026105;9;11;2022;19:35;5;29;2;2;1;3;48,3860100000; -4,5012200000
202200026106;4;10;2022;09:00;1;76;2;9;1;6;49,4399700000;1,0916200000
202200026107;9;11;2022;15:00;1;27;2;3;1;4;49,0896600000;1,4679500000
202200026108;4;10;2022;10:00;1;76;2;3;1;2;49,2799740000;1,0072830000
202200026109;23;5;2022;17:22;1;22;2;9;2;6;48,5110600000; -2,7602400000
202200026110;3;10;2022;17:20;1;76;2;2;1;3;49,4924900000;0,1484400000
202200026111;9;11;2022;17:47;5;27;2;2;1;5;49,0185700000;1,1425100000
202200026112;2;10;2022;03:28;5;76;2;1;1;1;49,5403600000;0,1874800000
202200026113;9;11;2022;19:00;2;17;2;2;1;6;46,1722400000; -1,1242300000
202200026114;28;4;2022;18:55;1;19;2;1;1;7;45,2591309058;1,7517566085
202200026115;3;10;2022;17:40;1;67;2;1;1;1;48,5468500000;7,7576000000
202200026116;2;10;2022;19:00;5;67;2;1;3;6;48,5597500000;7,6927000000
202200026117;9;11;2022;07:10;2;13;2;9;8;1;43,4051000000;5,3321000000
202200026118;4;10;2022;07:46;2;66;1;1;1;6;42,6851860000;2,8547980000
202200026119;8;11;2022;18:50;3;13;1;1;1;5;43,6400495923;4,9689949388
202200026120;1;10;2022;20:30;5;66;2;3;1;3;42,7077370251;2,8863519430
202200026121;9;11;2022;18:30;2;13;2;1;8;5;43,3115200000;5,4648700000
202200026122;4;10;2022;23:40;5;65;2;2;1;3;43,2262000000;0,0766800000
202200026123;23;5;2022;18:05;1;14;2;9;1;3;49,2003900000; -0,3443300000
202200026124;7;11;2022;11:50;1;13;2;1;1;1;43,2945600000;5,3818000000
202200026125;5;10;2022;02:00;3;64;1;1;1;6;43,3771700000; -1,6376100000
202200026126;9;11;2022;15:25;1;13;2;1;8;6;43,2847700000;5,5500200000
202200026127;4;10;2022;06:50;5;60;2;3;5;3;49,2655665343;2,4718408837
202200026128;9;11;2022;07:49;1;11;2;1;1;1;43,2239300000;2,3349000000
202200026129;22;5;2022;17:15;1;14;2;3;1;3;49,2102880000; -0,3778440000
202200026130;4;10;2022;13:55;1;60;2;1;1;4;49,4407318472;2,0766443932
202200026131;8;11;2022;04:55;3;11;1;4;1;6;43,1929600000;2,3361100000
202200026132;4;10;2022;13:45;1;59;2;2;1;3;50,7588150000;3,0108080000
202200026133;20;5;2022;22:05;2;14;2;2;1;7;49,1520410000; -0,3710220000
202200026134;9;11;2022;16:40;1;09;2;1;3;4;43,1025400000;1,6314100000
202200026135;4;10;2022;06:07;5;59;2;6;1;3;50,6431400000;3,0729700000
202200026136;9;11;2022;09:40;1;75;2;1;1;4;48,8500990000;2,4151060000
202200026137;23;5;2022;13:50;1;13;2;3;1;3;43,6523986116;5,0894079182
202200026138;4;10;2022;08:50;1;59;2;2;1;3;50,6755000000;2,8904700000
202200026139;10;11;2022;08:46;1;75;2;2;1;3;48,8514710000;2,3370670000
202200026140;23;5;2022;07:55;1;13;2;1;1;1;43,2889800000;5,3614400000
202200026141;9;11;2022;22:40;5;75;2;1;1;3;48,8743410000;2,3958670000
202200026142;3;10;2022;16:50;1;54;2;3;1;6;48,6813215912;6,1661879718
202200026143;10;11;2022;20:45;5;75;2;2;1;6;48,8884810000;2,3738560000
202200026144;23;5;2022;07:50;1;13;2;1;1;3;43,3107292752;5,3697343415
202200026145;3;10;2022;11:50;1;54;2;3;1;3;48,6824301744;6,1599491537
202200026146;10;11;2022;18:00;5;75;2;2;1;3;48,8849870000;2,3832670000
202200026147;21;5;2022;16:25;1;13;2;1;1;1;43,3200000000;5,3800000000
202200026148;3;10;2022;08:15;1;54;2;1;1;6;48,6959900000;6,1913700000
202200026149;10;11;2022;13:40;1;75;2;1;1;3;48,8893720000;2,3944260000
202200026150;10;11;2022;10:20;1;75;2;3;1;3;48,8847350000;2,3776570000
202200026151;10;11;2022;15:55;1;75;2;3;1;6;48,8908370000;2,3599100000
202200026152;22;5;2022;09:00;1;13;2;1;1;3;43,3391989855;5,4539546002
202200026153;4;10;2022;15:08;1;51;2;5;1;3;49,2460700000;4,0306700000
202200026154;10;11;2022;08:30;1;75;2;1;1;2;48,8542890000;2,2751670000
202200026155;20;5;2022;16:52;1;13;2;1;1;3;43,2614700000;5,3980100000
202200026156;1;10;2022;14:35;1;50;2;1;1;6;49,6327700000; -1,5896500000
202200026157;10;11;2022;11:16;1;75;2;1;1;3;48,8571560000;2,2653810000
202200026158;3;10;2022;16:54;1;49;2;2;1;3;47,4786700000; -0,5493300000
202200026159;22;5;2022;13:00;1;13;2;1;1;1;43,5202000000;4,9655000000
202200026160;9;11;2022;13:30;1;75;2;1;1;3;48,8722010000;2,2913120000
202200026161;10;11;2022;14:25;1;75;2;1;8;6;48,8342350000;2,2954340000
202200026162;23;5;2022;14:00;1;10;1;9;1;7;48,2985214748;4,0127027035
202200026163;4;10;2022;12:15;1;45;2;3;1;3;47,8779900000;1,9025800000
202200026164;10;11;2022;09:00;1;75;2;3;1;6;48,8386210000;2,3134590000
202200026165;9;11;2022;11:45;1;75;2;1;1;6;48,8438290000;2,3203630000
202200026166;23;5;2022;13:55;1;09;2;1;1;3;43,1033810000;1,6273260000
202200026167;24;9;2022;01:10;5;42;2;6;3;1;45,4434900000;4,4189400000
202200026168;10;11;2022;19:00;5;75;2;3;1;3;48,8315510000;2,3153200000
202200026169;22;5;2022;03:15;5;06;1;1;1;6;43,6450760000;6,8956480000
202200026170;10;11;2022;11:35;1;75;2;1;1;6;48,8363350000;2,3198070000
202200026171;4;10;2022;19:38;5;38;2;3;1;3;45,1724400000;5,7217700000
202200026172;22;5;2022;07:37;1;06;2;1;1;6;43,5490000000;6,9900800000
202200026173;10;11;2022;13:20;1;75;2;2;1;3;48,8514690000;2,3691960000
202200026174;10;11;2022;08:35;1;75;2;1;1;3;48,8538840000;2,3651400000
202200026175;4;10;2022;09:50;1;37;1;9;1;3;47,3345100000;0,6259900000
202200026176;22;4;2022;16:15;1;05;2;3;1;6;44,5697500000;6,0791300000
202200026177;10;11;2022;01:38;5;75;2;2;1;3;48,8508150000;2,3614260000
202200026178;4;10;2022;13:20;1;34;2;3;1;3;43,6179900000;3,8440700000
202200026179;8;5;2022;14:10;1;05;2;6;1;3;44,5579100000;6,0687000000
202200026180;9;11;2022;14:25;1;75;2;7;1;3;48,8704700000;2,3325990000
202200026181;3;10;2022;16:15;1;34;2;1;1;3;43,3449600000;3,2397500000
202200026182;9;11;2022;10:20;1;75;2;3;1;3;48,8588180000;2,3645120000
202200026183;22;5;2022;04:33;5;03;2;6;1;6;46,3390400000;2,5925000000
202200026184;4;10;2022;08:40;2;33;2;1;7;2;44,8776632916; -0,5133359134
202200026185;9;11;2022;09:20;1;75;2;2;1;7;48,8670300000;2,3529900000
202200026186;23;5;2022;10:35;1;75;2;1;2;3;48,8396351781;2,2541465610
202200026187;3;10;2022;22:28;3;33;2;3;1;3;44,8282783458; -0,5841864645
202200026188;9;11;2022;08:35;1;75;2;2;1;3;48,8572320000;2,3471210000
202200026189;22;5;2022;03:50;5;75;2;1;1;3;48,8826120000;2,2834970000
202200026190;2;11;2022;12:38;1;94;2;1;1;4;48,7986600000;2,4145500000
202200026191;4;10;2022;22:35;5;31;2;2;1;1;43,5983100000;1,4568100000
202200026192;29;10;2022;11:15;1;94;2;1;1;6;48,7898500000;2,3903400000
202200026193;21;5;2022;12:40;1;75;2;4;1;2;48,9006612893;2,3239792138
202200026194;4;10;2022;07:50;1;31;2;1;1;3;43,6480100000;1,4220000000
202200026195;10;11;2022;09:10;1;94;2;2;5;3;48,8490000000;2,4232300000
202200026196;2;10;2022;14:35;1;31;2;1;1;6;43,6357040000;1,4640120000
202200026197;7;11;2022;20:00;5;94;2;1;1;2;48,8446470000;2,4175680000
202200026198;23;5;2022;19:55;1;75;2;2;1;3;48,8528910000;2,3370050000
202200026199;7;11;2022;18:57;3;94;2;1;1;1;48,8469600000;2,4174400000
202200026200;4;10;2022;08:40;1;29;2;1;1;3;47,9814700000; -4,1203200000
202200026201;10;11;2022;18:10;5;94;2;9;1;6;48,8333600000;2,4929500000
202200026202;23;5;2022;15:07;1;75;2;4;2;3;48,8936750000;2,3848990000
202200026203;4;10;2022;12:25;1;29;2;3;1;3;48,4244235566; -4,4670586287
202200026204;10;11;2022;14:00;1;94;2;1;1;6;48,8025200000;2,3814100000
202200026205;10;11;2022;19:40;3;94;1;1;1;7;48,7534670000;2,3742590000
202200026206;4;10;2022;13:35;1;27;2;1;1;1;49,0450180519;1,1610102654
202200026207;9;11;2022;08:15;1;94;1;1;1;3;48,7537500000;2,3596000000
202200026208;23;5;2022;08:35;1;75;2;2;1;6;48,8801414293;2,3919745535
202200026209;8;11;2022;17:15;2;94;2;1;8;1;48,8516200000;2,4484000000
202200026210;4;10;2022;09:00;1;27;2;1;1;3;49,0189000000;1,1469100000
202200026211;22;5;2022;16:11;1;75;2;2;1;3;48,8943240000;2,3817200000
202200026212;10;11;2022;07:20;2;94;2;2;1;3;48,8178201643;2,4195443094
202200026213;3;10;2022;13:40;1;27;2;1;8;3;49,0156200000;1,1791300000
202200026214;22;5;2022;05:37;1;75;2;1;1;6;48,8771440000;2,3713310000
202200026215;8;11;2022;20:45;5;94;2;1;1;7;48,8266500000;2,5067200000
202200026216;9;11;2022;08:55;1;94;2;1;1;3;48,8272700000;2,5153700000
202200026217;4;10;2022;21:30;3;26;1;1;1;2;45,0016800000;5,0047500000
202200026218;23;5;2022;17:20;1;75;2;5;1;3;48,8873506316;2,3141281307
202200026219;10;11;2022;21:10;5;94;2;3;1;3;48,7963100000;2,4289100000
202200026220;4;10;2022;14:10;1;25;2;1;1;2;47,2330190000;5,9873950000
202200026221;10;11;2022;19:20;5;94;2;1;1;3;48,8051699100;2,4395522475
202200026222;22;5;2022;13:30;1;75;2;2;1;3;48,8857474353;2,3216436803
202200026223;10;11;2022;10:35;1;93;2;1;1;3;48,8990639271;2,5181812048
202200026224;3;10;2022;17:00;1;25;1;1;1;4;47,2495800000;5,9754100000
202200026225;10;11;2022;21:46;5;93;2;2;1;3;48,8713300000;2,4397300000
202200026226;10;11;2022;21:10;4;93;2;1;1;6;48,8683400000;2,4331500000
202200026227;3;10;2022;17:40;1;22;2;1;1;3;48,5144500000; -2,7994600000
202200026228;22;5;2022;04:05;5;75;2;2;1;3;48,8670160000;2,3063160000
202200026229;10;11;2022;16:15;1;93;2;1;1;6;48,8601132698;2,4512666669
202200026230;4;10;2022;07:45;2;16;1;1;5;1;45,6360900000;0,0876200000
202200026231;10;11;2022;14:00;1;93;2;1;1;6;48,9477770000;2,4486140000
202200026232;21;5;2022;20:00;1;75;2;3;1;3;48,8890970000;2,3161270000
202200026233;4;10;2022;19:50;5;13;2;1;1;1;43,3348400000;5,4511500000
202200026234;10;11;2022;08:15;1;93;2;1;1;6;48,9481660000;2,5238690000
202200026235;4;10;2022;10:30;1;13;2;6;1;5;43,2988119275;5,4367004458
202200026236;10;11;2022;08:50;1;92;2;3;1;6;48,8937205508;2,2978058159
202200026237;21;5;2022;01:40;5;75;2;3;1;3;48,8918930359;2,3179247975
202200026238;10;11;2022;14:45;1;71;1;1;1;3;46,5277970000;4,5743520000
202200026239;4;10;2022;07:40;1;13;2;3;1;3;43,3056200000;5,5922000000
202200026240;23;5;2022;12:00;1;75;2;7;2;3;48,8474282815;2,2737126052
202200026241;10;11;2022;17:15;1;33;2;3;1;3;44,6519250000; -0,3574100000
202200026242;3;10;2022;07:40;1;13;2;4;1;3;43,3134100000;5,5723600000
202200026243;9;11;2022;08:00;1;972;2;3;1;6;14,4680780000; -60,9216440000
202200026244;21;5;2022;05:30;5;75;2;2;1;3;48,8445105331;2,2718967497
202200026245;10;11;2022;18:00;2;46;1;5;1;3;44,3335030000;1,4649050000
202200026246;23;5;2022;07:25;1;75;2;3;1;7;48,8592610000;2,3302290000
202200026247;10;11;2022;20:20;3;22;1;4;1;3;48,5619680000; -3,3350690000
202200026248;3;10;2022;12:10;1;12;2;1;1;2;44,1029500000;3,0765200000
202200026249;21;5;2022;18:45;1;75;2;1;1;3;48,8333916419;2,3212185502
202200026250;11;11;2022;04:15;3;35;1;6;8;7;48,1882800000; -1,6237060000
202200026251;3;10;2022;11:35;1;11;2;1;1;6;43,1877227659;3,0086169447
202200026252;10;11;2022;17:40;1;76;1;1;1;1;49,5413630000;1,0109140000
202200026253;21;5;2022;14:50;1;75;2;2;1;7;48,8242490000;2,3363010000
202200026254;3;10;2022;08:40;1;11;1;1;1;6;43,2379000000;2,3734000000
202200026255;10;11;2022;10:20;1;82;2;2;1;3;44,1030610000;1,0822660000
202200026256;1;10;2022;04:20;3;11;2;9;1;6;43,1971100000;2,3231000000
202200026257;8;11;2022;15:30;1;33;2;1;1;6;44,4327760000; -0,2140940000
202200026258;21;5;2022;17:30;1;75;2;3;1;3;48,8376330000;2,3543860000
202200026259;11;11;2022;09:45;1;81;1;1;1;3;43,6423312053;2,3192591965
202200026260;3;10;2022;21:05;5;10;2;7;1;3;48,2951100000;4,0805700000
202200026261;11;11;2022;10:50;1;32;1;1;5;6;43,9255240000;0,0899930000
202200026262;23;5;2022;13:25;1;75;2;3;3;3;48,8471493994;2,3850148916
202200026263;11;11;2022;02:50;3;61;1;1;1;6;48,2238510000;0,7254730000
202200026264;4;10;2022;07:50;1;06;2;1;1;2;43,6504100000;6,9448400000
202200026265;23;5;2022;10:58;1;75;2;1;8;6;48,8458160000;2,3763470000
202200026266;3;10;2022;16:50;1;06;2;1;1;6;43,5542600000;7,0194300000
202200026267;11;11;2022;14:40;1;12;1;3;1;3;44,6280650000;2,2469720000
202200026268;23;5;2022;10:13;1;75;2;2;2;6;48,8351780000;2,3987720000
202200026269;4;10;2022;14:55;1;05;2;1;1;2;44,5619000000;6,0834700000
202200026270;1;11;2022;11:30;1;41;1;1;1;1;47,5524580000;1,7328840000
202200026271;23;5;2022;23:35;5;75;2;4;2;6;48,8600728346;2,3725774884
202200026272;9;11;2022;21:30;3;86;2;1;5;6;46,4186700000;0,2420000000
202200026273;4;10;2022;15:40;1;04;2;1;1;2;43,8270200000;5,7869900000
202200026274;10;11;2022;15:45;1;68;1;1;8;6;47,4975030000;7,3215080000
202200026275;22;5;2022;14:10;1;75;2;1;8;6;48,8594390000;2,3889400000
202200026276;4;10;2022;09:15;1;04;2;1;1;6;43,8315800000;5,7840700000
202200026277;22;10;2022;08:05;1;31;2;1;1;2;43,6903430000;1,4038680000
202200026278;23;5;2022;11:50;1;75;2;1;2;6;48,8773840000;2,3697410000
202200026279;3;10;2022;16:45;1;04;2;1;1;7;44,0841300000;6,2057300000
202200026280;10;11;2022;10:05;1;38;2;3;1;3;45,2092860000;5,7599780000
202200026281;23;5;2022;08:20;1;75;2;3;8;3;48,8686160000;2,3598440000
202200026282;4;10;2022;06:05;3;02;1;6;5;6;49,6452600000;3,3948400000
202200026283;10;11;2022;14:30;1;15;1;2;1;1;45,1256143793;2,9421633482
202200026284;11;11;2022;11:40;1;15;1;2;1;3;44,8903300000;2,3752890000
202200026285;11;11;2022;00:50;3;60;1;1;8;6;49,6013650000;2,2825170000
202200026286;23;5;2022;17:05;1;75;2;3;1;6;48,8757814213;2,3285154998
202200026287;11;11;2022;11:00;1;64;2;1;1;5;43,4101100000; -0,2765200000
202200026288;11;11;2022;05:20;3;21;1;1;5;6;47,4936100000;5,2092470000
202200026289;19;5;2022;21:30;2;75;2;2;1;3;48,8683180000;2,3302830000
202200026290;9;11;2022;15:09;1;21;1;2;2;3;47,1239950000;4,5444910000
202200026291;11;11;2022;07:40;2;40;1;1;1;7;43,7173960000; -1,2563900000
202200026292;23;5;2022;06:30;1;75;2;2;2;2;48,8783957078;2,3155456781
202200026293;11;11;2022;02:45;3;30;1;1;8;6;43,7510940000;4,1614900000
202200026294;10;11;2022;22:00;3;48;1;1;1;6;44,5687340000;3,8612220000
202200026295;22;5;2022;20:30;1;75;2;1;1;6;48,8754270000;2,3253970000
202200026296;10;11;2022;03:45;3;88;1;1;2;7;48,2535300000;7,0587320000
202200026297;21;5;2022;22:15;5;75;2;7;1;3;48,8624500000;2,3018160000
202200026298;7;11;2022;18:30;2;31;2;1;1;1;43,5531440000;1,3105270000
202200026299;23;5;2022;09:45;1;75;2;1;2;6;48,8536150000;2,3607770000
202200026300;11;11;2022;03:10;3;34;1;1;1;3;43,5086350000;3,7975570000
202200026301;11;11;2022;11:45;1;06;2;3;1;1;43,5901690000;6,9904970000
202200026302;23;5;2022;07:50;1;75;2;3;2;3;48,8600716582;2,3490746319
202200026303;6;11;2022;07:30;2;33;1;1;1;2;44,7039400000; -0,7552190000
202200026304;22;5;2022;21:35;2;94;2;2;1;3;48,8349900000;2,4198200000
202200026305;11;11;2022;01:50;5;987;2;1;1;6; -17,5487280000; -149,5882130000
202200026306;10;11;2022;23:30;3;13;1;1;1;2;43,4982930000;5,2393630000
202200026307;23;5;2022;09:08;1;94;2;2;8;3;48,7443500000;2,4756400000
202200026308;10;11;2022;16:20;1;29;1;1;1;1;47,8684770000; -3,5933070000
202200026309;4;10;2022;17:00;1;91;2;1;1;7;48,6468940000;2,0691260000
202200026310;23;5;2022;23:00;5;94;2;1;2;2;48,7873900000;2,3673500000
202200026311;10;11;2022;22:45;3;30;1;1;1;1;44,0574110000;4,0026390000
202200026312;11;11;2022;07:30;2;13;1;1;1;3;43,3675870000;5,6455240000
202200026313;22;5;2022;16:05;1;94;2;6;1;3;48,8103200000;2,3269500000
202200026314;18;9;2022;09:30;1;55;2;2;1;3;49,4735340000;5,3874310000
202200026315;22;5;2022;07:50;1;94;2;1;1;2;48,8175400000;2,3912500000
202200026316;10;11;2022;20:40;3;44;1;1;1;3;47,2801600000; -1,5995100000
202200026317;12;9;2022;12:00;1;974;2;1;1;6; -21,3307950000;55,4752500000
202200026318;11;11;2022;18:20;5;01;2;1;1;7;45,8381880000;5,0105170000
202200026319;23;5;2022;11:16;1;94;2;1;2;6;48,7575400000;2,3445800000
202200026320;10;11;2022;16:28;1;64;1;6;1;2;43,4664700000; -0,7503960000
202200026321;22;10;2022;01:58;3;33;2;9;1;6;45,0358300873; -0,1004618034