Accident_Id;jour;mois;an;hrmn;lum;dep;agg;int;atm;col;lat;long
202200026979;7;3;2022;13:10;1;84;2;1;1;2;43,9805480000;4,8871230000
202200026980;7;3;2022;07:20;1;84;1;3;1;1;43,8834960000;4,9733900000
202200026981;23;2;2022;10:00;1;83;1;1;1;6;43,3188280000;6,5449980000
202200026982;7;3;2022;15:30;1;73;2;1;1;6;45,5014630000;6,5091020000
202200026983;7;3;2022;08:00;1;26;1;3;1;3;45,0736014253;4,9354147911
202200026984;6;3;2022;17:15;1;59;1;1;1;6;50,2893120000;3,2269760000
202200026985;6;3;2022;19:30;3;13;1;1;1;2;43,3356000000;5,3542300000
202200026986;5;3;2022;20:35;5;13;1;1;1;1;43,3199600000;5,3710100000
202200026987;5;3;2022;19:58;3;13;1;1;1;2;43,4024300000;5,3559400000
202200026988;5;3;2022;03:53;3;13;1;1;1;2;43,2919000000;5,4526900000
202200026989;28;2;2022;11:20;1;69;1;1;1;4;45,7853746632;4,8897635937
202200026990;6;3;2022;02:31;3;42;1;9;1;6;45,4048300000;4,3760700000
202200026991;6;3;2022;13:30;1;94;1;6;1;6;48,7579400000;2,3397500000
202200026992;5;3;2022;19:15;3;91;1;1;1;4;48,6956600000;2,3176400000
202200026993;5;3;2022;11:45;1;91;1;1;1;4;48,7108900000;2,2992800000
202200026994;6;3;2022;11:24;1;92;1;1;1;2;48,9154302971;2,2202267987
202200026995;6;3;2022;19:45;4;95;1;1;1;7;48,9822200000;2,5002500000
202200026996;6;3;2022;14:50;1;93;1;1;1;2;48,9401100000;2,4220900000
202200026997;6;3;2022;06:15;3;95;1;1;1;6;48,9856450000;2,2132820000
202200026998;5;3;2022;21:45;3;95;1;1;1;6;49,0482900000;2,1335200000
202200026999;5;3;2022;12:00;1;93;1;1;1;4;48,8811807298;2,4744982044
202200027000;6;3;2022;16:30;1;94;1;1;1;4;48,8268920527;2,5112557410
202200027001;5;3;2022;22:30;3;94;1;9;1;2;48,8172500000;2,4240400000
202200027002;5;3;2022;21:30;5;92;2;1;1;6;48,9050917656;2,2390785813
202200027003;25;2;2022;15:40;1;73;2;1;1;6;45,6680120000;6,3903670000
202200027004;5;3;2022;18:45;1;974;2;1;1;7; -20,9588500000;55,3146000000
202200027005;5;3;2022;17:20;1;974;2;1;1;2; -20,9357000000;55,2911500000
202200027006;5;3;2022;13:16;1;973;1;1;2;3;4,9044500000; -52,3191300000
202200027007;5;3;2022;01:40;4;973;1;1;2;7;4,9035900000; -52,3164100000
202200027008;4;3;2022;15:45;1;69;2;1;1;3;45,7241400000;4,8869900000
202200027009;4;3;2022;17:15;1;69;2;1;2;1;45,7257000000;4,8609400000
202200027010;20;2;2022;23:00;3;972;2;1;1;6;14,6055800000; -61,0595800000
202200027011;4;3;2022;20:20;3;972;1;1;1;7;14,6166300000; -61,0746600000
202200027012;4;3;2022;16:05;1;69;2;1;1;3;45,7508058257;4,8150479794
202200027013;5;3;2022;13:20;1;91;2;1;1;3;48,7020200000;2,4260300000
202200027014;5;3;2022;22:45;3;91;1;1;1;7;48,4380130000;2,1624260000
202200027015;29;1;2022;17:20;1;83;2;3;1;3;43,1059900000;6,1754300000
202200027016;4;3;2022;16:22;1;82;2;1;2;2;44,0616000000;1,0979000000
202200027017;6;3;2022;00:40;5;76;2;1;9;6;49,4443000000;1,0752000000
202200027018;5;3;2022;15:30;1;74;2;9;1;3;46,1929000000;6,2374000000
202200027019;5;3;2022;23:55;5;64;2;2;1;1;43,3021660000; -0,3963980000
202200027020;5;3;2022;23:00;5;64;2;3;1;3;43,4945800000; -1,4778000000
202200027021;5;3;2022;03:52;3;61;1;1;1;1;48,4406600000;0,0179300000
202200027022;4;3;2022;12:45;1;59;2;1;1;3;50,6140000000;3,1349300000
202200027023;5;3;2022;04:50;5;59;2;6;1;3;51,0175029355;2,3475739360
202200027024;4;3;2022;14:38;1;59;1;2;1;3;50,6858740000;2,8257570000
202200027025;5;3;2022;13:50;1;54;2;1;1;7;48,9167900000;6,0639900000
202200027026;5;3;2022;16:00;1;51;2;1;1;3;49,2517513786;4,0215459466
202200027027;5;3;2022;16:40;1;50;2;1;2;2;49,1146900000; -1,0928200000
202200027028;5;3;2022;17:00;1;45;2;6;1;3;47,9107120000;1,9525870000
202200027029;5;3;2022;13:30;1;44;2;1;1;3;47,1760770000; -1,5336680000
202200027030;5;3;2022;15:00;1;33;2;2;1;2;44,8328900000; -0,6635700000
202200027031;5;3;2022;10:47;1;33;2;1;1;4;44,8233200000; -0,5425700000
202200027032;5;3;2022;20:00;5;31;2;9;1;7;43,5873400000;1,4614600000
202200027033;5;3;2022;19:50;2;22;1;9;9;2;48,5058819237; -2,7341727464
202200027034;4;3;2022;08:50;1;22;2;1;1;3;48,7447300000; -3,4772600000
202200027035;5;3;2022;00:48;3;13;1;1;1;6;43,5454300000;4,9727700000
202200027036;5;3;2022;19:40;5;13;2;9;1;-1;43,2944200000;5,5573200000
202200027037;5;3;2022;00:30;5;13;1;1;1;5;43,2830700000;5,5968900000
202200027038;5;3;2022;16:01;1;10;2;1;7;6;48,2938100000;4,0800500000
202200027039;4;3;2022;08:50;1;03;2;1;1;3;46,3202234905;2,5898871512
202200027040;4;3;2022;14:50;1;75;2;1;1;3;48,8182630000;2,3694570000
202200027041;5;3;2022;18:48;1;75;2;2;1;3;48,8471300000;2,3512410000
202200027042;1;9;2022;22:30;3;39;1;1;1;1;46,5753260000;5,7399030000
202200027043;1;9;2022;15:25;1;25;1;3;7;3;47,1273160000;6,7000720000
202200027044;1;9;2022;15:35;1;44;2;6;1;3;47,4344020000; -2,0739810000
202200027045;31;8;2022;15:20;1;44;2;2;2;3;47,1565070000; -1,7107110000
202200027046;31;8;2022;03:20;3;44;1;1;1;7;47,1089870000; -1,5450650000
202200027047;26;8;2022;12:30;1;44;1;2;1;3;47,1674610000; -2,0523780000
202200027048;29;8;2022;13:00;1;31;2;1;1;3;43,6499880000;1,5070690000
202200027049;1;9;2022;17:45;1;84;1;2;1;3;43,9009920000;5,3276180000
202200027050;2;9;2022;17:30;1;01;2;1;1;2;46,1781980000;4,8184910000
202200027051;1;9;2022;19:40;1;66;1;1;1;7;42,8011320000;2,6340580000
202200027052;2;9;2022;12:45;1;14;1;6;1;3;49,1214980000; -0,0948830000
202200027053;2;9;2022;12:40;1;60;1;2;2;1;49,6127799814;2,1706656217
202200027054;2;9;2022;03:15;3;73;2;1;1;6;45,5038529037;5,8471266032
202200027055;1;9;2022;15:20;1;18;1;1;1;3;46,9730490000;2,3524050000
202200027056;2;9;2022;09:45;1;36;1;2;8;3;46,9937141253;1,9180047512
202200027057;31;8;2022;18:45;1;21;2;1;1;6;47,5402610000;4,4740860000
202200027058;31;8;2022;10:10;1;24;1;2;1;3;44,9339090000;0,4593010000
202200027059;16;8;2022;21:10;3;04;1;1;1;5;43,7676540000;5,8114460000
202200027060;1;9;2022;11:30;1;52;2;1;1;7;48,4438990000;5,1530330000
202200027061;1;9;2022;10:00;1;52;1;2;7;3;48,4351660000;5,0410290000
202200027062;1;9;2022;16:45;1;88;1;1;1;5;48,3909140000;6,8630430000
202200027063;1;9;2022;10:25;1;49;2;9;1;6;47,1972180000; -0,8618690000
202200027064;15;8;2022;10:15;1;33;1;1;1;2;45,1923810000; -0,4930110000
202200027065;2;9;2022;11:50;1;17;1;1;3;6;45,8563750000; -0,6217150000
202200027066;1;9;2022;19:55;1;34;2;1;1;6;43,5815430000;3,7505250000
202200027067;31;8;2022;09:09;1;2A;1;1;1;2;41,4775090000;9,0873460000
202200027068;1;9;2022;15:30;1;66;2;1;1;3;42,6069500000;2,8834060000
202200027069;1;9;2022;09:00;1;34;2;1;1;3;43,6801320000;4,1450800000
202200027070;2;9;2022;07:58;1;68;2;3;1;3;48,2321560000;7,3668910000
202200027071;26;8;2022;23:08;3;67;1;1;1;5;48,6189240000;7,4854230000
202200027072;1;9;2022;17:30;1;63;1;3;1;3;45,7860480151;3,2592165470
202200027073;1;9;2022;09:10;1;26;1;2;1;3;44,8896350000;4,9681650000
202200027074;2;9;2022;10:30;1;69;1;2;1;3;45,9097490000;4,5098980000
202200027075;1;9;2022;07:55;1;76;1;1;1;1;49,7208170000;1,4254760000
202200027076;28;8;2022;23:15;3;76;1;1;1;6;49,6848530000;1,3759090000
202200027077;1;9;2022;07:54;1;13;1;1;1;2;43,2955149425;5,4245073263
202200027078;30;8;2022;20:30;3;13;1;1;1;3;43,3834409497;5,2303582472
202200027079;1;9;2022;20:30;3;33;1;1;1;3;44,9110000000; -0,4870000000
202200027080;1;9;2022;10:30;1;94;1;1;1;4;48,7570000000;2,3270000000
202200027081;1;9;2022;14:35;1;78;1;1;1;7;48,8000340000;1,9680010000
202200027082;31;8;2022;19:10;2;92;1;1;1;4;48,8397630302;2,2032787376
202200027083;31;8;2022;18:15;1;92;1;1;1;4;48,8195600117;2,2177660181
202200027084;31;8;2022;14:10;1;92;1;1;1;3;48,8388738592;2,1936046998
202200027085;31;8;2022;09:00;1;78;1;1;1;3;48,7776170000;2,2191890000
202200027086;1;9;2022;18:30;1;93;1;1;1;2;48,8870355226;2,4748264253
202200027087;1;9;2022;18:45;1;75;1;1;1;2;48,8175200000;2,4553500000
202200027088;31;8;2022;12:20;1;77;1;1;1;2;48,8108374941;2,6297593087
202200027089;14;3;2022;01:05;3;60;1;1;1;7;49,4306080000;2,0480230000
202200027090;20;4;2022;20:15;1;62;2;2;1;3;50,4362300000;2,8391300000
202200027091;17;4;2022;20:35;1;62;2;2;1;3;50,4350050000;2,8375970000
202200027092;31;8;2022;11:00;1;77;2;9;1;6;48,8790700000;2,7120600000
202200027093;30;8;2022;10:50;1;31;2;9;1;3;43,6355800000;1,4727800000
202200027094;30;8;2022;17:00;1;974;2;1;1;6; -20,9015300000;55,4563900000
202200027095;31;8;2022;22:45;5;69;2;3;1;6;45,7726500000;4,8565700000
202200027096;31;8;2022;12:10;1;69;2;9;1;3;45,7519800000;4,8858300000
202200027097;12;8;2022;20:45;5;69;2;1;1;6;45,7928921291;4,8212072253
202200027098;31;8;2022;06:20;2;971;2;1;2;2;16,2560845399; -61,5211200714
202200027099;30;8;2022;17:25;1;2A;2;1;1;5;41,9362673502;8,7381826044
202200027100;31;8;2022;07:20;1;91;2;1;1;6;48,6643460000;2,3437390000
202200027101;26;8;2022;19:55;1;89;2;6;1;6;47,8009500000;3,5678800000
202200027102;31;8;2022;00:30;5;88;2;6;2;6;48,2847900000;6,9491700000
202200027103;31;8;2022;12:16;1;87;2;3;1;3;45,8804700000;1,2370900000
202200027104;31;8;2022;11:03;1;87;2;1;1;6;45,8350800000;1,2472300000
202200027105;30;8;2022;10:49;1;87;2;6;2;7;45,8107000000;1,2569400000
202200027106;30;8;2022;18:35;1;87;2;1;1;4;45,8686400000;1,2662000000
202200027107;30;8;2022;10:45;1;87;2;2;1;2;45,8339800000;1,2735100000
202200027108;29;8;2022;13:35;1;87;2;1;1;5;45,8687300000;1,2665600000
202200027109;31;8;2022;14:55;1;86;2;1;1;1;46,5841530000;0,3453780000
202200027110;29;8;2022;16:40;1;86;2;1;1;3;46,5694180000;0,3228740000
202200027111;31;8;2022;21:07;5;78;2;2;1;3;48,9758990000;1,9155770000
202200027112;30;8;2022;21:45;3;76;2;4;1;2;49,5555000000;0,1679800000
202200027113;31;8;2022;18:09;1;76;1;1;1;1;49,5406200000;0,5118600000
202200027114;31;8;2022;12:10;1;72;2;1;1;1;47,9662927611;0,1608359812
202200027115;31;8;2022;19:40;3;69;1;1;1;1;45,7552694741;4,9719308317
202200027116;31;8;2022;07:50;1;69;2;3;1;3;45,7552900000;4,9129000000
202200027117;31;8;2022;10:55;1;69;2;1;1;3;45,7198200000;4,9248800000
202200027118;31;8;2022;09:46;1;66;2;1;1;6;42,6870800000;2,8823900000
202200027119;30;8;2022;16:30;1;59;2;1;1;4;50,6827742532;3,1270882487
202200027120;31;8;2022;15:15;1;54;2;1;1;2;48,6666951617;6,1457401514
202200027121;30;8;2022;12:35;1;52;2;1;1;6;48,1175500000;5,1421000000
202200027122;31;8;2022;18:00;1;51;2;1;1;7;49,2252234999;4,0346887708
202200027123;30;8;2022;16:42;1;49;1;1;1;2;47,4681800000; -0,5860000000
202200027124;31;8;2022;08:40;1;44;2;9;7;6;47,2131500000; -1,5348900000
202200027125;31;8;2022;11:15;1;44;2;1;1;3;47,2172840000; -1,6044100000
202200027126;30;8;2022;08:20;1;43;2;1;1;6;45,0486896190;3,8829617693
202200027127;31;8;2022;20:15;1;37;2;2;1;6;47,3825985084;0,6771236658
202200027128;30;8;2022;16:45;1;37;2;1;1;6;47,3905900000;0,6887200000
202200027129;31;8;2022;18:10;1;35;2;6;1;3;48,1364755080; -1,6670331359
202200027130;31;8;2022;18:20;1;35;2;2;1;1;48,1018524943; -1,6842743754
202200027131;31;8;2022;11:35;1;35;2;9;1;3;48,1054204447; -1,7346033454
202200027132;31;8;2022;00:05;5;33;2;1;1;3;44,8277700000; -0,5689000000
202200027133;30;8;2022;11:30;1;33;2;1;1;2;44,8634400000; -0,5821700000
202200027134;29;8;2022;13:30;1;31;2;1;1;2;43,6094100000;1,4542700000
202200027135;31;8;2022;19:04;1;26;1;1;1;7;44,5628500000;4,7805000000
202200027136;31;8;2022;17:10;1;25;1;1;1;2;47,2387300000;5,9791300000
202200027137;29;8;2022;10:08;1;21;2;9;1;6;47,0192900000;4,8400500000
202200027138;31;8;2022;12:50;1;13;2;6;1;2;43,4175900000;5,3668700000
202200027139;27;8;2022;10:30;1;13;2;2;1;3;43,4182000000;5,2182900000
202200027140;31;8;2022;16:25;1;13;2;1;8;3;43,3069226023;5,3677430372
202200027141;31;8;2022;03:25;5;13;2;3;1;3;43,2553601521;5,3941017234
202200027142;31;8;2022;22:00;3;13;1;1;1;1;43,5030365051;5,3446805477
202200027143;31;8;2022;11:04;1;06;2;9;1;6;43,7023200000;7,1890600000
202200027144;31;8;2022;17:15;1;06;2;6;1;2;43,6551300000;6,9391000000
202200027145;29;8;2022;11:20;1;75;2;1;1;2;48,8449410000;2,4140350000
202200027146;30;8;2022;17:45;1;75;2;7;1;3;48,8437650355;2,3243084550
202200027147;31;8;2022;01:20;5;75;2;1;1;3;48,8568020000;2,3392790000
202200027148;31;8;2022;16:25;1;75;2;2;1;3;48,8542830000;2,4152610000
202200027149;31;8;2022;09:23;1;75;2;3;1;3;48,8843430000;2,3912980000
202200027150;31;8;2022;18:50;1;75;2;2;1;2;48,8635980000;2,2395140000
202200027151;31;8;2022;19:20;1;75;2;2;1;3;48,8513290000;2,2785160000
202200027152;30;8;2022;21:00;5;75;2;2;1;3;48,8628200000;2,2809780000
202200027153;31;8;2022;10:25;1;75;2;1;1;6;48,8366050000;2,2762520000
202200027154;31;8;2022;09:35;1;75;2;1;1;6;48,8231880000;2,4305610000
202200027155;31;8;2022;21:30;4;75;2;1;1;6;48,8659440000;2,3838020000
202200027156;31;8;2022;09:20;1;75;2;4;1;2;48,8804289472;2,4083098769
202200027157;27;8;2022;21:25;1;75;2;3;1;7;48,8592290000;2,2977250000
202200027158;31;8;2022;20:20;2;75;2;3;1;7;48,8639150000;2,3381930000
202200027159;31;8;2022;19:20;1;94;2;1;1;3;48,8010000000;2,3850000000
202200027160;31;8;2022;19:20;1;94;2;1;1;3;48,8000000000;2,4010000000
202200027161;31;8;2022;00:45;5;94;2;1;1;2;48,7331700000;2,4466800000
202200027162;30;8;2022;16:10;1;94;2;2;1;3;48,8081830000;2,4760780000
202200027163;30;8;2022;13:00;1;94;1;1;1;3;48,8318100000;2,4931420000
202200027164;31;8;2022;09:00;1;94;2;9;1;6;48,7521200000;2,3237100000
202200027165;31;8;2022;22:55;3;94;1;1;1;6;48,7826221863;2,5686941106
202200027166;31;8;2022;17:10;1;93;2;3;1;2;48,9638421886;2,3805396435
202200027167;31;8;2022;21:00;5;93;2;6;1;2;48,9300700000;2,4818000000
202200027168;31;8;2022;17:55;1;93;2;2;1;6;48,8756500000;2,4592200000
202200027169;30;8;2022;17:10;1;93;2;2;1;3;48,8945000000;2,5396700000
202200027170;30;8;2022;19:30;1;93;2;1;1;3;48,9085669276;2,5406157121
202200027171;30;8;2022;13:45;1;93;2;1;1;3;48,9077055862;2,5558064638
202200027172;29;8;2022;02:00;5;93;2;1;1;4;48,9072189277;2,4897720909
202200027173;30;8;2022;09:25;1;92;2;9;1;3;48,8244192308;2,2988714576
202200027174;31;8;2022;15:45;1;92;2;9;1;3;48,8963660000;2,2486280000
202200027175;30;8;2022;22:40;5;92;2;2;1;3;48,8951899150;2,2499812245
202200027176;22;6;2022;18:15;1;68;2;2;3;3;47,9110820000;7,2063370000
202200027177;31;8;2022;17:20;1;92;2;3;1;3;48,9036820204;2,3032198548
202200027178;22;6;2022;17:25;1;95;2;1;7;3;49,1573808810;2,2855585814
202200027179;31;8;2022;18:55;1;92;2;3;1;3;48,8294000000;2,2363800000
202200027180;31;8;2022;17:30;1;92;2;1;1;6;48,8364700000;2,2523200000
202200027181;2;6;2022;18:00;1;21;1;1;1;2;47,2825450000;5,1153970000
202200027182;16;4;2022;19:10;2;16;2;1;1;6;45,8949322516;0,2898140252
202200027183;29;8;2022;21:50;5;92;2;6;1;6;48,7933660000;2,3158690000
202200027184;16;4;2022;12:19;1;07;1;1;1;7;45,1190610000;4,4055500000
202200027185;16;4;2022;21:15;3;07;1;1;1;6;45,2354860000;4,6069980000
202200027186;22;6;2022;00:30;3;10;1;9;1;2;48,2089450000;4,1563400000
202200027187;31;8;2022;13:00;1;50;1;2;1;3;48,7851480000; -1,5027180000
202200027188;15;4;2022;13:50;1;53;1;1;1;7;48,1709730000; -0,7928230000
202200027189;31;8;2022;21:15;3;49;1;1;3;6;47,3780540000; -0,8454750000
202200027190;16;4;2022;06:10;3;40;1;1;1;7;43,8168010000; -1,3049700000
202200027191;22;6;2022;17:00;1;974;2;1;1;6; -21,3303220000;55,6063010000
202200027192;15;4;2022;17:25;1;24;2;1;1;6;45,2436100000;0,4428380000
202200027193;1;9;2022;13:35;1;24;1;1;1;3;45,0998660000;0,4836560000
202200027194;22;6;2022;05:30;2;27;1;1;1;7;48,9882160000;1,1952780000
202200027195;17;4;2022;03:15;3;85;1;1;1;2;46,5416600000; -1,3884800000
202200027196;1;9;2022;16:55;1;84;1;1;1;1;44,2231680000;5,0932150000
202200027197;21;6;2022;08:35;1;35;1;1;1;2;48,0435600000; -1,6847900000
202200027198;1;9;2022;18:40;1;31;2;1;1;1;43,5050050000;1,3220820000
202200027199;10;4;2022;19:30;1;28;1;1;1;6;48,2635130000;0,8831550000
202200027200;31;8;2022;08:00;1;85;2;1;1;7;46,5033290000; -1,0590920000
202200027201;16;4;2022;01:05;3;17;1;2;1;7;45,4540800000; -0,5011220000
202200027202;22;6;2022;18:20;1;91;1;1;1;3;48,6704690000;2,2799100000
202200027203;1;9;2022;07:20;1;74;1;6;1;3;45,9196950000;6,0835990000
202200027204;1;9;2022;09:15;1;971;1;1;1;1;15,9890180000; -61,6187040000
202200027205;16;4;2022;16:00;1;87;1;4;1;3;45,8185110000;0,8238460000
202200027206;1;9;2022;01:26;3;83;2;1;1;6;43,1966180000;6,0390420000
202200027207;22;6;2022;20:50;2;54;1;1;1;6;49,0913843800;5,8925020702
202200027208;15;4;2022;15:45;1;87;1;1;1;1;46,1917890000;1,2560680000
202200027209;1;9;2022;09:50;1;42;1;1;1;7;45,5693070000;4,5016480000
202200027210;11;6;2022;15:50;1;79;2;1;1;7;46,1051070000; -0,0704670000
202200027211;31;8;2022;16:40;1;87;2;1;1;1;45,9241810000;1,1692020000
202200027212;16;4;2022;17:30;1;37;1;1;1;1;47,0988980579;1,1757302284
202200027213;1;9;2022;17:50;1;69;1;6;1;6;45,6662310000;4,7919810000
202200027214;21;6;2022;08:55;1;62;2;1;1;6;50,6689110000;1,8380520000
202200027215;16;4;2022;14:30;1;30;1;1;7;2;43,8207330000;4,2563500000
202200027216;31;8;2022;16:30;1;34;2;1;1;6;43,6883880000;3,8631110000
202200027217;21;6;2022;13:53;1;59;1;1;1;1;50,2001780000;3,3898880000
202200027218;1;9;2022;13:00;1;51;1;1;1;1;48,7154781374;3,5019993782
202200027219;31;8;2022;16:00;1;51;1;1;1;7;48,6116180000;3,6285890000
202200027220;31;8;2022;10:20;1;74;1;1;1;1;46,1863750000;6,4972970000
202200027221;17;4;2022;15:00;1;76;1;1;1;2;49,4969880000;0,2303080000
202200027222;21;6;2022;16:30;1;56;2;3;1;3;47,9717230000; -2,7403160000
202200027223;17;4;2022;07:45;1;988;1;1;1;7; -22,1806000000;166,4347710000
202200027224;31;8;2022;09:30;1;63;1;2;7;3;45,8888280000;3,1786110000
202200027225;1;9;2022;00:30;3;61;1;1;1;6;48,6452550000;0,2337430000
202200027226;19;6;2022;08:40;1;74;1;1;7;2;45,9266280000;6,6824140000
202200027227;17;4;2022;11:00;1;74;1;4;1;2;46,1422230000;6,3163020000
202200027228;1;9;2022;15:10;1;35;1;1;1;2;48,6435720000; -1,8895410000
202200027229;16;4;2022;10:30;1;987;1;1;1;6; -17,5071840000; -149,4579190000
202200027230;31;8;2022;16:25;1;29;1;1;1;7;48,6084940000; -3,9227150000
202200027231;22;6;2022;14:10;1;79;1;3;1;7;47,0077160000; -0,5108320000
202200027232;16;4;2022;14:00;1;973;1;1;1;7;5,5984240000; -53,7063100000
202200027233;31;8;2022;17:40;1;31;2;1;1;1;43,8400393971;1,3884159923
202200027234;21;6;2022;17:25;1;79;1;1;1;3;46,9479410000; -0,6103210000
202200027235;31;8;2022;15:10;1;38;1;1;1;3;45,0796100000;5,2647000000
202200027236;16;4;2022;12:00;1;973;1;9;1;1;5,4346709360; -53,7412333488
202200027237;16;4;2022;17:50;1;973;1;1;1;5;4,9127970000; -52,3719760000
202200027238;8;5;2022;18:45;2;03;1;1;1;1;46,2289983569;3,5890055667
202200027239;1;9;2022;09:10;1;01;1;1;1;7;46,1660490000;4,8776080000
202200027240;22;6;2022;03:15;3;79;1;1;1;1;46,2766880000; -0,5245330000
202200027241;31;8;2022;16:25;1;01;2;1;1;3;46,3369270000;4,8907730000
202200027242;17;4;2022;12:10;1;91;1;1;1;4;48,5129990000;2,3284820000
202200027243;30;8;2022;19:35;1;01;1;1;1;7;46,2131150000;5,0369310000
202200027244;16;4;2022;11:45;1;66;1;6;1;3;42,6592590000;2,6828210000
202200027245;29;8;2022;06:00;2;72;1;1;1;1;48,1071517870;0,3360700607
202200027246;21;6;2022;21:00;2;82;1;1;2;6;44,0509530000;1,5423510000
202200027247;17;4;2022;11:30;1;48;1;1;1;6;44,5426330000;3,8707070000
202200027248;22;6;2022;14:00;1;65;1;1;1;7;42,8803670000;0,3214360000
202200027249;16;4;2022;19:00;1;34;1;1;1;7;43,2577680000;3,1153320000
202200027250;1;9;2022;07:40;2;21;2;1;1;2;46,9121940000;4,7031780000
202200027251;17;4;2022;15:20;1;13;1;1;1;1;43,2275610000;5,6471550000
202200027252;31;8;2022;15:45;1;40;2;1;1;1;43,7516590000; -1,3445310000
202200027253;21;6;2022;12:15;1;11;1;9;1;1;43,1921930000;2,6249380000
202200027254;30;8;2022;18:00;2;27;1;2;1;3;49,3084210000;1,3960360000
202200027255;15;4;2022;16:15;1;26;1;1;1;4;44,9611090000;4,8861050000
202200027256;22;6;2022;15:50;1;71;1;1;2;6;46,6105360000;5,2324450000
202200027257;30;7;2022;02:35;5;34;2;1;1;3;43,4897160000;3,7912380000
202200027258;16;4;2022;13:15;1;68;2;1;1;3;47,8074950000;7,1286290000
202200027259;21;6;2022;10:30;1;71;1;1;2;6;46,5930540000;3,9376840000
202200027260;31;8;2022;15:30;1;69;2;3;1;3;45,7661570000;4,7646280000
202200027261;15;4;2022;08:15;2;44;2;6;7;3;47,3366160000; -1,5109580000
202200027262;1;9;2022;06:55;1;987;2;1;1;1; -16,7344200000; -150,9988400000
202200027263;20;6;2022;17:00;1;47;1;2;1;3;44,3805150000;0,5738100000
202200027264;16;4;2022;16:15;1;86;1;1;1;7;46,6428540000;0,4737500000
202200027265;27;6;2022;01:15;4;971;2;3;1;3;16,3284130000; -61,3307420000
202200027266;16;4;2022;04:00;3;40;1;1;1;6;43,6911960000; -0,9739320000
202200027267;20;6;2022;12:15;1;68;2;1;1;1;47,7576320000;7,0234390000
202200027268;15;4;2022;22:25;5;44;2;1;1;7;47,3038060000; -1,4981190000
202200027269;1;9;2022;12:35;1;977;1;1;1;1;17,9008520000; -62,8213050000
202200027270;5;4;2022;17:50;1;56;1;1;1;5;47,6513790000; -3,0312070000
202200027271;30;8;2022;18:20;1;2A;2;2;1;3;41,6144440000;9,2798800000
202200027272;16;4;2022;22:20;4;02;2;9;1;1;49,9168420000;4,0939140000
202200027273;21;6;2022;12:25;1;25;1;1;1;4;46,8454870000;6,3701610000
202200027274;31;8;2022;14:50;1;34;2;2;1;6;43,4262960000;3,6032800000
202200027275;15;4;2022;17:45;1;91;1;1;1;2;48,7156100000;2,1727500000
202200027276;31;8;2022;16:20;1;06;2;1;1;2;43,7810200000;7,3353900000
202200027277;22;6;2022;11:35;1;29;2;1;1;6;48,4231920000; -4,5105090000
202200027278;20;8;2022;16:30;1;13;1;1;1;3;43,7678550000;4,9620120000
202200027279;15;4;2022;11:25;1;77;1;1;1;2;48,6192694030;2,5515121992
202200027280;22;6;2022;09:45;1;03;1;1;1;7;46,6706870000;3,0776740000
202200027281;15;4;2022;10:15;1;91;1;1;1;6;48,5930000000;2,4440000000
202200027282;31;8;2022;12:30;1;89;1;1;5;1;47,9941620000;3,4745280000
202200027283;15;4;2022;03:39;3;94;1;1;1;3;48,7684800000;2,3443700000
202200027284;31;8;2022;17:00;1;71;1;1;1;2;46,6645800000;4,8664390000
202200027285;20;6;2022;18:15;1;70;1;3;1;3;47,5587070000;6,7045520000
202200027286;15;4;2022;08:15;1;78;1;1;1;2;48,7801010000;2,1865650000
202200027287;19;8;2022;22:00;2;58;2;1;1;3;46,9962640000;3,1192950000
202200027288;20;6;2022;10:20;1;72;2;9;1;6;48,0363626962;0,2889847753
202200027289;15;4;2022;18:05;1;93;1;1;1;6;48,8941903804;2,4719906955
202200027290;31;8;2022;12:00;1;08;1;1;1;4;49,8435570033;4,7621709108
202200027291;1;9;2022;16:10;1;68;2;1;1;6;47,7813420000;7,3475410000
202200027292;15;4;2022;17:10;1;93;1;1;1;4;48,8834224607;2,4585562635
202200027293;22;6;2022;07:31;1;50;2;1;1;3;49,2112120000; -1,5278510000
202200027294;31;8;2022;15:38;1;81;2;1;1;7;43,7606140000;1,9996810000
202200027295;13;4;2022;08:10;1;974;2;1;1;2; -21,3271200000;55,4935600000
202200027296;31;8;2022;11:00;1;85;2;4;1;7;46,7677930000; -1,5101210000
202200027297;21;6;2022;08:10;1;45;1;1;8;7;48,0577002426;2,1292018890
202200027298;28;8;2022;12:15;1;35;1;1;1;6;48,1530532580; -1,2230376899
202200027299;14;4;2022;08:40;1;974;2;1;1;5; -20,9005900000;55,4861700000
202200027300;31;8;2022;07:45;1;60;2;2;1;3;49,3072030000;2,4437820000
202200027301;22;6;2022;17:10;1;45;1;1;1;7;48,0177740000;3,0869800000
202200027302;14;4;2022;15:30;1;69;2;3;1;2;45,7550300000;4,8708600000
202200027303;1;9;2022;09:40;1;60;1;1;1;2;49,3837611807;2,1469908357
202200027304;31;8;2022;18:50;1;02;1;1;1;7;48,9598660000;3,3297590000
202200027305;14;4;2022;11:50;1;69;2;1;1;6;45,7175160037;4,8767138914
202200027306;22;5;2022;18:05;1;45;1;2;1;3;47,8232400000;1,9546650000
202200027307;14;4;2022;13:35;1;69;2;1;1;7;45,8131800000;4,8496700000
202200027308;28;8;2022;04:20;3;13;1;1;1;2;43,3680800000;5,3262300000