Accident_Id;jour;mois;an;hrmn;lum;dep;agg;int;atm;col;lat;long
202200027309;30;8;2022;14:15;1;33;1;1;1;7;44,8843900000; -0,5186800000
202200027310;22;6;2022;14:39;1;73;1;3;1;3;45,4913070000;6,0256900000
202200027311;14;4;2022;08:40;1;69;2;1;1;4;45,7867000000;4,8047300000
202200027312;14;4;2022;08:45;1;971;1;3;1;3;16,2172700000; -61,4322400000
202200027313;29;8;2022;21:35;5;33;1;1;1;2;44,9565000000; -0,4511450000
202200027314;14;4;2022;14:00;1;2A;2;1;1;2;41,9427600000;8,7518000000
202200027315;7;6;2022;16:00;1;10;1;2;1;2;48,3730210000;4,3461720000
202200027316;31;8;2022;19:00;1;94;1;1;1;4;48,7562085138;2,3344095884
202200027317;14;4;2022;13:20;1;95;2;1;1;6;48,9689868034;2,3866188526
202200027318;31;8;2022;00:30;3;91;1;1;1;4;48,7143900000;2,3087600000
202200027319;14;4;2022;16:35;1;91;2;1;1;6;48,5941000000;2,2616200000
202200027320;21;6;2022;17:55;1;53;2;1;1;2;48,1563350000; -0,3963340000
202200027321;20;6;2022;08:55;1;53;1;1;8;6;48,2505410000; -0,3089900000
202200027322;13;4;2022;18:35;1;91;2;9;1;1;48,7242500000;2,2544300000
202200027323;31;8;2022;08:05;1;93;1;1;1;5;48,8667900000;2,4246900000
202200027324;13;4;2022;06:40;3;91;2;3;2;3;48,7050600000;2,4214210000
202200027325;22;6;2022;11:10;1;85;1;2;1;3;46,8226178657; -1,6260493269
202200027326;13;4;2022;17:45;1;91;2;1;1;6;48,6870100000;2,3362800000
202200027327;11;4;2022;10:55;1;86;2;1;1;6;46,5810900000;0,3448110000
202200027328;22;6;2022;07:00;1;30;2;3;1;1;43,6975800000;4,2800220000
202200027329;14;4;2022;12:35;1;83;2;1;1;6;43,1330500000;5,9765000000
202200027330;22;6;2022;11:30;1;30;1;1;1;7;43,9555064413;4,0137004852
202200027331;13;4;2022;17:15;1;76;2;1;1;6;49,4954300000;0,0994200000
202200027332;12;4;2022;19:05;1;76;2;2;1;3;49,5065800000;0,1589400000
202200027333;26;3;2022;19:40;5;70;2;1;1;3;47,6241200000;6,1452600000
202200027334;22;6;2022;05:30;3;974;2;1;1;2; -21,0276640000;55,5053490000
202200027335;14;4;2022;20:00;2;69;2;3;1;3;45,7667900000;4,9971800000
202200027336;20;6;2022;14:20;1;76;1;1;1;2;49,4850310000;0,3229350000
202200027337;14;4;2022;16:40;1;69;2;2;1;3;45,7573200000;4,9166400000
202200027338;14;4;2022;16:10;1;69;2;1;1;6;45,7690700000;4,8779300000
202200027339;19;6;2022;11:55;1;988;2;1;1;6; -22,2065030000;166,4476780000
202200027340;13;4;2022;14:00;1;69;2;1;1;3;45,7814200000;4,8856600000
202200027341;21;6;2022;17:26;1;07;1;1;1;1;45,0746120000;4,7784950000
202200027342;14;4;2022;14:40;1;62;2;2;1;6;50,9496860000;1,8541340000
202200027343;21;6;2022;11:43;1;17;1;3;1;3;46,2905170000; -0,9546520000
202200027344;10;4;2022;13:10;1;62;1;9;1;3;50,9204730000;1,9109990000
202200027345;22;6;2022;07:00;1;988;1;1;1;2; -21,1959500000;164,8838590000
202200027346;14;4;2022;12:00;1;59;2;3;7;3;50,7549000000;3,0064400000
202200027347;11;4;2022;12:00;1;57;2;3;1;3;49,3303400000;6,1152300000
202200027348;21;6;2022;09:40;1;971;1;1;1;1;16,1506880000; -61,5842590000
202200027349;13;4;2022;07:40;1;57;2;1;1;6;49,1943600000;6,9029900000
202200027350;19;6;2022;11:00;1;34;1;1;1;3;43,6641990000;4,1494560000
202200027351;14;4;2022;11:15;1;56;2;2;1;3;47,7461304000; -3,3735627000
202200027352;21;6;2022;05:10;2;84;1;1;1;6;44,3754580000;4,9441000000
202200027353;14;4;2022;18:55;1;56;2;1;1;3;47,7696800000; -3,3509800000
202200027354;21;6;2022;11:30;1;06;2;9;1;3;43,8324850000;7,3529500000
202200027355;13;4;2022;13:50;1;51;2;9;1;3;49,0356336195;3,9563038945
202200027356;13;4;2022;17:50;1;49;2;9;1;3;47,4345500000; -0,5251500000
202200027357;22;6;2022;12:25;1;05;1;3;1;3;44,7062877720;6,5972151552
202200027358;14;4;2022;14:48;1;45;2;1;1;6;47,9585800000;1,8874200000
202200027359;14;4;2022;08:30;1;45;2;1;1;1;47,9139900000;1,9100700000
202200027360;21;6;2022;15:09;1;04;1;1;8;3;44,4519410000;6,7427950000
202200027361;14;4;2022;16:45;1;45;2;1;1;2;48,0116100000;2,7129300000
202200027362;14;4;2022;20:00;1;42;2;1;1;2;46,0296437465;4,0874715150
202200027363;20;6;2022;20:40;1;88;1;1;1;6;48,4128380000;6,2824630000
202200027364;14;4;2022;19:40;1;38;2;3;1;3;45,1473100000;5,7014200000
202200027365;21;6;2022;08:30;1;57;1;1;1;5;49,1647390000;6,7065900000
202200027366;13;4;2022;16:45;1;37;2;9;1;3;47,3733736158;0,6911140680
202200027367;14;4;2022;09:45;1;35;2;6;1;3;48,0912400000; -1,6583400000
202200027368;21;6;2022;13:12;1;74;2;9;1;3;45,9048290000;6,8409270000
202200027369;19;6;2022;15:20;1;73;1;1;1;7;45,2093090879;6,7265172407
202200027370;14;4;2022;09:00;1;34;2;3;1;3;43,6026605053;3,8391662708
202200027371;21;6;2022;14:00;1;73;1;1;1;7;45,4817690000;6,4219380000
202200027372;15;4;2022;01:00;5;33;2;1;1;6;44,8583400000; -0,6433400000
202200027373;14;4;2022;17:50;1;33;2;2;1;3;44,8325735432; -0,6124931574
202200027374;13;4;2022;19:00;1;33;2;1;1;3;44,8615000000; -0,6660000000
202200027375;20;5;2022;17:30;1;79;2;1;1;4;46,3403800000; -0,2907190000
202200027376;13;4;2022;19:00;1;29;1;1;1;2;47,9842800000; -4,1133800000
202200027377;20;6;2022;17:00;1;16;1;1;1;1;45,7478380000; -0,4378970000
202200027378;21;6;2022;22:00;1;29;2;1;1;6;48,4623200000; -4,2555140000
202200027379;12;4;2022;12:00;1;25;2;3;1;3;47,2453900000;6,0023000000
202200027380;21;6;2022;16:00;1;22;1;1;1;2;48,6165730000; -2,4558660000
202200027381;11;4;2022;18:05;1;19;2;1;1;6;45,2594371404;1,7555487156
202200027382;22;6;2022;01:30;5;60;2;1;1;3;49,2120580000;2,5936350000
202200027383;14;4;2022;17:00;1;18;1;1;1;7;47,0589200000;2,4298900000
202200027384;14;4;2022;17:50;1;15;2;1;1;6;44,9122540000;2,4370420000
202200027385;22;6;2022;07:55;1;80;1;1;1;1;49,8693040000;2,4436000000
202200027386;21;6;2022;14:10;1;59;2;1;1;6;50,6856610000;3,0041870000
202200027387;14;4;2022;12:00;1;15;2;1;1;3;44,9072700000;2,4238000000
202200027388;14;4;2022;07:45;1;14;2;1;1;2;49,1771000000; -0,3550700000
202200027389;21;6;2022;08:15;1;59;2;3;1;3;50,7500832596;2,4519601464
202200027390;14;4;2022;19:40;1;13;1;1;1;1;43,3952200000;5,2119700000
202200027391;14;4;2022;11:05;1;13;2;1;1;7;43,6404789148;5,0796647548
202200027392;20;6;2022;07:26;1;13;1;1;1;2;43,3323200000;5,3860000000
202200027393;14;4;2022;20:30;5;13;2;1;1;6;43,2856070887;5,3988135579
202200027394;20;6;2022;08:30;1;69;1;1;1;2;45,7664500000;5,0446200000
202200027395;14;4;2022;22:45;5;13;2;1;1;1;43,3373100000;5,3514700000
202200027396;16;3;2022;23:35;5;13;2;1;1;7;43,2682600000;5,4133500000
202200027397;20;6;2022;16:00;1;69;1;1;1;4;45,7056400000;4,9596600000
202200027398;13;4;2022;10:00;1;13;2;1;1;4;43,3341100000;5,4801800000
202200027399;16;6;2022;12:00;1;69;1;1;1;7;45,7959500000;4,7786200000
202200027400;13;4;2022;13:30;1;13;2;1;1;3;43,1791460449;5,6031171121
202200027401;19;6;2022;22:11;3;67;1;1;1;3;48,6043200000;7,7290400000
202200027402;14;4;2022;07:50;1;13;2;3;1;3;43,2924500000;5,5558300000
202200027403;21;6;2022;17:05;1;33;1;1;1;3;44,7413970000; -0,7096940000
202200027404;14;4;2022;19:52;1;06;2;2;1;3;43,7059350000;7,2829460000
202200027405;21;6;2022;08:30;1;33;1;1;1;3;44,8399020000; -0,5017060000
202200027406;14;4;2022;09:38;1;06;1;1;1;6;43,6757200000;7,2017600000
202200027407;13;4;2022;16:00;1;06;2;9;1;7;43,6588850000;6,9259970000
202200027408;16;6;2022;18:15;1;59;1;1;1;6;50,7030537759;2,7905058861
202200027409;14;4;2022;07:20;2;06;2;1;1;3;43,6565700000;7,1790700000
202200027410;21;6;2022;19:50;1;91;1;1;1;4;48,6238700000;2,3780700000
202200027411;13;4;2022;15:20;1;75;2;1;1;4;48,8264312959;2,3883810639
202200027412;12;4;2022;18:30;1;75;2;1;1;7;48,8340100000;2,4095160000
202200027413;21;6;2022;19:00;1;91;1;1;1;2;48,7598500000;2,2587800000
202200027414;21;6;2022;13:40;1;91;1;1;1;7;48,7352600000;2,1723100000
202200027415;12;4;2022;14:45;1;75;2;1;1;2;48,8775254701;2,2801753879
202200027416;14;4;2022;13:00;1;75;2;3;1;7;48,8680320000;2,3870610000
202200027417;21;6;2022;09:50;1;91;1;1;1;2;48,7322000000;2,3156200000
202200027418;14;4;2022;13:20;1;75;2;1;1;6;48,8922060000;2,3982610000
202200027419;20;6;2022;16:10;1;91;1;1;1;4;48,6955500000;2,3177900000
202200027420;14;4;2022;17:50;1;75;2;4;1;3;48,8934750000;2,3294500000
202200027421;21;6;2022;09:30;1;92;1;1;1;4;48,9353674804;2,2648550687
202200027422;20;6;2022;21:15;1;95;1;1;1;6;49,0519100000;2,1555300000
202200027423;14;4;2022;09:20;1;75;2;6;1;3;48,8950000000;2,3590000000
202200027424;20;6;2022;18:30;1;93;1;1;1;2;48,9711200000;2,4985400000
202200027425;14;4;2022;18:20;1;75;2;3;1;6;48,8724810000;2,2919860000
202200027426;20;6;2022;17:25;1;93;1;1;1;5;48,9136400000;2,4771200000
202200027427;20;6;2022;15:20;1;93;1;1;1;2;48,9275900000;2,4810100000
202200027428;13;4;2022;14:45;1;75;2;2;1;6;48,8174213728;2,3599995239
202200027429;20;6;2022;14:20;1;93;1;1;1;2;48,8834224607;2,4585562635
202200027430;14;4;2022;18:45;1;75;2;1;1;1;48,8453910000;2,3667990000
202200027431;20;6;2022;12:30;1;93;1;1;1;4;48,8663900000;2,4231300000
202200027432;20;6;2022;05:10;2;95;1;1;1;6;49,0406062069;2,1278715134
202200027433;13;4;2022;16:45;1;75;2;1;8;6;48,8410820000;2,3780870000
202200027434;21;6;2022;09:15;1;94;1;1;1;2;48,8071293380;2,4487169744
202200027435;21;6;2022;07:20;1;94;1;1;1;3;48,8344300000;2,4935900000
202200027436;14;4;2022;08:20;1;75;2;2;1;3;48,8557450000;2,3913580000
202200027437;20;6;2022;14:20;1;92;2;1;1;6;48,9144240000;2,2349580000
202200027438;14;4;2022;19:20;1;75;2;3;1;6;48,8763020000;2,3574510000
202200027439;20;6;2022;01:20;5;75;2;3;3;6;48,8364570000;2,2991540000
202200027440;14;4;2022;09:10;1;75;2;1;1;6;48,8702150000;2,3688650000
202200027441;20;6;2022;18:15;1;92;2;1;1;6;48,8865680583;2,2076294124
202200027442;13;4;2022;11:25;1;75;2;2;2;2;48,8717627284;2,3142212871
202200027443;21;4;2022;10:49;1;51;2;2;1;3;49,2616000000;4,0418500000
202200027444;14;4;2022;14:30;1;75;2;1;1;7;48,8551870000;2,3256590000
202200027445;20;6;2022;12:25;1;974;2;9;1;2; -20,8859100000;55,4645100000
202200027446;14;4;2022;16:15;1;75;2;2;1;3;48,8619030000;2,3569340000
202200027447;19;6;2022;19:05;5;974;2;1;1;2; -20,9054900000;55,4870000000
202200027448;13;6;2022;13:55;1;974;2;1;1;3; -20,8926700000;55,4607700000
202200027449;14;4;2022;09:20;1;94;2;1;1;3;48,8169300000;2,3322000000
202200027450;20;6;2022;14:15;1;973;2;2;1;3;4,9395436321; -52,3340459168
202200027451;14;4;2022;16:00;1;94;2;3;1;3;48,8106800000;2,3988300000
202200027452;20;6;2022;07:45;1;973;2;1;1;5;4,9399500000; -52,3015300000
202200027453;13;4;2022;12:45;1;94;2;2;2;3;48,8146600000;2,4055800000
202200027454;20;6;2022;15:45;1;69;2;2;1;3;45,7315700000;4,8646700000
202200027455;13;4;2022;08:28;1;94;2;1;2;1;48,7633100000;2,3518700000
202200027456;20;6;2022;13:25;1;69;2;2;1;3;45,7338500000;4,8775600000
202200027457;20;6;2022;08:00;1;69;2;2;1;3;45,7570900000;4,8546900000
202200027458;14;4;2022;10:30;1;94;2;2;1;3;48,7977000000;2,4482900000
202200027459;19;6;2022;23:10;5;972;2;3;1;3;14,6108900000; -61,0706900000
202200027460;13;4;2022;23:00;5;94;2;3;1;1;48,7544500000;2,5060300000
202200027461;19;6;2022;20:45;5;972;1;1;1;5;14,6180300000; -61,0393300000
202200027462;14;4;2022;19:50;1;93;2;1;1;3;48,9585860000;2,5581430000
202200027463;20;6;2022;15:25;1;69;2;2;1;6;45,7863800000;4,7955200000
202200027464;14;4;2022;19:40;1;93;2;1;1;3;48,8879787272;2,5099233091
202200027465;20;6;2022;17:00;1;2B;1;1;1;2;42,6520200000;9,4409100000
202200027466;14;4;2022;12:30;1;93;2;1;1;3;48,8586200000;2,4304600000
202200027467;14;4;2022;14:50;1;93;2;3;1;1;48,9248900000;2,5339300000
202200027468;20;6;2022;05:50;1;971;1;1;1;2;16,2409225044; -61,5227079391
202200027469;20;6;2022;21:30;5;2A;2;6;1;3;41,9422241349;8,7502847315
202200027470;14;4;2022;17:30;1;93;2;1;1;2;48,9465430000;2,3341390000
202200027471;20;6;2022;13:14;1;2A;2;1;1;3;41,9459000000;8,7714400000
202200027472;14;4;2022;20:59;3;93;2;1;1;7;48,9481200000;2,4369900000
202200027473;14;4;2022;17:40;1;93;2;3;1;2;48,8981700000;2,5563700000
202200027474;27;5;2022;11:30;1;89;2;2;1;5;48,1776500000;3,2397300000
202200027475;14;4;2022;18:20;1;93;2;9;1;6;48,9491275869;2,4529214502
202200027476;18;6;2022;07:22;1;87;2;3;1;6;45,8301000000;1,2629300000
202200027477;13;4;2022;09:30;1;93;2;1;3;6;48,9265810000;2,4712150000
202200027478;13;4;2022;17:00;1;93;2;1;1;6;48,9108150000;2,3675280000
202200027479;14;4;2022;18:00;1;92;2;2;1;6;48,8248804772;2,3023143411
202200027480;13;6;2022;10:50;1;78;2;1;1;4;48,9863600000;1,8949400000
202200027481;14;4;2022;18:35;1;92;2;1;1;7;48,8909325636;2,2552340627
202200027482;12;6;2022;08:35;1;77;2;1;7;2;48,8448500000;2,6481900000
202200027483;14;4;2022;12:40;1;92;2;6;1;3;48,9035734141;2,2678254247
202200027484;13;4;2022;13:15;1;92;2;1;2;2;48,9215950000;2,2578240000
202200027485;18;6;2022;19:00;1;76;2;2;1;6;49,5058100000;0,0812900000
202200027486;17;6;2022;17:35;1;76;1;1;1;2;49,5525000000;0,1431200000
202200027487;16;4;2022;07:40;1;01;1;3;1;3;45,9615020000;5,3500630000
202200027488;19;6;2022;16:15;1;73;2;1;1;4;45,5633700000;5,9026400000
202200027489;15;4;2022;18:30;1;52;1;1;1;7;48,0746000000;4,9434000000
202200027490;16;6;2022;17:00;1;73;2;3;1;1;45,6576300000;6,3694900000
202200027491;15;4;2022;19:00;1;16;1;2;1;3;45,5193060000; -0,1581830000
202200027492;19;6;2022;04:55;1;71;2;1;1;6;46,3191300000;4,8347600000
202200027493;16;4;2022;18:30;1;95;2;1;1;1;49,1310500000;2,2272210000
202200027494;19;6;2022;14:37;1;70;1;1;1;1;47,6096600000;6,1320400000
202200027495;20;3;2022;22:30;5;972;1;1;1;1;14,4694983564; -60,9209811687
202200027496;10;6;2022;21:00;1;69;2;6;1;3;45,9888100000;4,7269900000
202200027497;16;4;2022;15:35;1;01;2;1;1;2;46,2427430000;6,0198530000
202200027498;19;6;2022;21:40;2;67;2;1;1;3;48,5537900000;7,7576000000
202200027499;19;6;2022;04:05;1;67;2;3;1;2;48,5825700000;7,7651300000
202200027500;16;4;2022;06:45;2;29;1;1;1;6;48,2527132900; -4,1144406560
202200027501;19;6;2022;01:30;5;67;2;3;1;3;48,5750700000;7,7521500000
202200027502;6;4;2022;10:22;1;69;2;2;1;3;45,6748940000;4,9558420000
202200027503;18;6;2022;10:15;1;67;2;3;1;3;48,5653500000;7,7628600000
202200027504;15;4;2022;17:55;1;47;1;3;1;3;44,4938650000;0,0708750000
202200027505;18;6;2022;08:50;1;67;2;1;1;1;48,5593800000;7,6988700000
202200027506;17;6;2022;15:20;1;67;2;3;1;3;48,5780200000;7,7040200000
202200027507;15;4;2022;20:30;2;62;1;2;1;3;50,1941820000;3,0159620000
202200027508;17;6;2022;08:30;1;67;2;1;1;6;48,5797200000;7,7174700000
202200027509;16;4;2022;18:40;1;69;1;1;7;1;45,6249380939;4,8030960560
202200027510;16;6;2022;16:40;1;67;2;1;1;4;48,5740700000;7,7462100000
202200027511;16;4;2022;08:30;1;83;1;1;1;6;43,4148630000;6,3438690000
202200027512;16;6;2022;16:20;1;67;2;3;1;3;48,5885700000;7,7394900000
202200027513;18;6;2022;15:58;1;66;2;1;1;6;42,6989900000;2,8788400000
202200027514;17;6;2022;22:30;5;66;2;3;1;3;42,6918000000;2,8896900000
202200027515;15;4;2022;16:15;1;2A;1;3;1;3;41,9662910000;8,7189600000
202200027516;20;6;2022;13:25;1;64;1;1;1;1;43,3405800000; -0,4668800000
202200027517;14;4;2022;17:22;1;80;1;1;1;3;49,9059400000;2,9044680000
202200027518;19;6;2022;22:00;2;64;2;1;1;3;43,5030300000; -1,4945500000
202200027519;15;4;2022;18:30;1;80;1;3;1;7;50,0669740000;2,0219140000
202200027520;19;6;2022;22:26;5;63;2;2;1;3;45,7735900000;3,0900200000
202200027521;16;4;2022;15:35;1;71;1;1;1;3;46,4529530000;4,7303440000
202200027522;19;6;2022;03:03;5;63;2;2;1;3;45,7644400000;3,1259600000
202200027523;15;4;2022;09:15;1;71;1;1;1;7;46,3881590000;4,6229440000
202200027524;18;6;2022;17:47;1;63;2;2;1;3;45,7561100000;3,1047300000
202200027525;18;6;2022;15:06;1;63;2;2;1;1;45,7719800000;3,0899800000
202200027526;15;4;2022;19:25;1;89;2;1;1;2;47,7063650000;3,6262110000
202200027527;16;6;2022;14:30;1;62;2;1;1;3;50,9362300000;1,8861600000
202200027528;16;4;2022;00:45;3;63;1;1;1;7;45,7388590000;3,2490990000
202200027529;20;6;2022;23:45;5;59;2;1;1;1;50,6468935049;3,0523753166
202200027530;16;4;2022;07:50;2;42;1;1;1;3;45,6323160000;4,4034150000
202200027531;20;6;2022;14:45;1;59;2;1;1;3;50,6299700000;3,0453900000
202200027532;16;4;2022;18:57;1;42;1;1;1;6;45,3506520000;4,5993770000
202200027533;14;4;2022;22:30;3;41;1;1;1;6;47,8936090000;1,1750590000
202200027534;19;6;2022;02:20;5;59;2;1;1;2;50,6270200000;3,0697300000
202200027535;15;4;2022;19:00;1;35;1;1;1;7;48,1382973878; -2,1092881635
202200027536;1;1;2022;07:45;2;74;2;3;1;6;45,8562100000;6,6162370000
202200027537;12;6;2022;13:00;1;59;2;1;1;3;50,6467800000;2,9587400000
202200027538;18;6;2022;13:10;1;56;2;1;1;7;47,7590027000; -3,3688465000
202200027539;27;1;2022;17:15;3;80;1;1;2;1;49,9782600000;2,1407030000
202200027540;15;4;2022;14:25;1;29;1;3;1;1;48,2886440000; -4,2023080000
202200027541;16;4;2022;02:30;5;54;2;1;1;6;48,8926100000;6,0477500000
202200027542;15;4;2022;14:58;1;31;1;4;1;3;43,3545000000;1,5807550000
202200027543;25;1;2022;17:50;3;71;1;2;5;3;46,6810370000;5,1955520000
202200027544;20;6;2022;14:45;1;54;2;1;1;2;48,6790724182;6,1730235815
202200027545;20;6;2022;13:37;1;54;2;1;1;6;49,4702600000;5,9059400000
202200027546;16;4;2022;08:58;1;03;1;1;1;4;46,2544190000;3,5395020000
202200027547;26;1;2022;18:30;3;89;1;1;1;1;48,3447550000;3,0415460000
202200027548;18;6;2022;04:00;5;49;2;1;1;7;47,4896500000; -0,5468300000
202200027549;20;6;2022;08:55;1;45;2;6;1;6;47,9432200000;1,9204500000
202200027550;15;4;2022;18:50;1;26;1;3;1;3;44,5365040000;4,8026780000
202200027551;26;1;2022;12:25;1;61;1;2;8;6;48,7761700000;0,5720100000
202200027552;16;4;2022;14:34;1;26;1;1;1;7;44,8278430000;5,3912830000
202200027553;18;6;2022;11:30;1;45;2;1;1;3;47,9891000000;2,7324500000
202200027554;25;1;2022;21:30;3;49;1;9;5;7;47,6183940000; -0,4262460000
202200027555;16;4;2022;04:38;3;72;1;1;1;6;47,8550800000; -0,1941800000
202200027556;13;6;2022;17:35;1;44;2;6;1;3;47,2233900000; -1,6364600000
202200027557;21;1;2022;10:45;1;39;2;1;1;6;46,4967010000;5,7956370000
202200027558;16;4;2022;13:30;1;60;2;1;1;5;49,6526720000;3,0489550000
202200027559;19;6;2022;17:23;1;33;2;3;1;3;44,9012000000; -0,5119200000
202200027560;15;4;2022;18:15;1;64;1;1;1;1;43,4595320000; -1,1439660000
202200027561;27;1;2022;17:55;2;39;1;1;5;6;46,8846280000;5,7265470000
202200027562;20;6;2022;04:45;4;31;2;1;1;6;43,6105200000;1,3838600000
202200027563;21;5;2022;19:15;1;30;2;1;1;3;43,8264900000;4,3734900000
202200027564;16;4;2022;13:25;1;73;2;3;1;3;45,7566550000;5,9286260000
202200027565;16;4;2022;11:30;1;43;1;1;1;6;45,0042840000;3,6051080000
202200027566;7;6;2022;17:35;1;28;2;3;1;3;48,4460500000;1,5155400000
202200027567;15;4;2022;15:25;1;07;1;1;1;3;44,9340960000;4,3998820000
202200027568;25;1;2022;23:30;4;72;2;1;1;6;48,1053400000;0,0258200000
202200027569;20;6;2022;19:15;1;27;2;9;1;3;49,1009500000;1,4508400000
202200027570;16;4;2022;12:30;1;07;1;1;1;6;44,7257900000;4,7425320000
202200027571;26;1;2022;10:45;1;36;2;6;1;6;46,9419954105;1,9871413708
202200027572;20;6;2022;20:10;1;27;2;1;1;3;49,0168023316;1,1860517263
202200027573;19;1;2022;09:20;1;24;1;1;1;7;45,1564250000;0,2261850000
202200027574;14;4;2022;08:25;2;17;1;1;1;1;46,0692560000; -0,5897000000
202200027575;26;1;2022;08:15;2;17;1;1;5;7;46,0587520000; -0,9626980000
202200027576;12;4;2022;18:00;1;26;2;1;1;5;44,5418600000;4,7477400000
202200027577;9;4;2022;15:00;1;30;1;1;1;3;44,1254000000;4,6145000000
202200027578;27;1;2022;12:00;1;84;1;1;1;1;43,8935330000;5,0605940000
202200027579;20;6;2022;08:30;1;26;2;1;1;6;44,5567200000;4,7266700000
202200027580;12;6;2022;01:25;5;17;2;9;1;7;45,6109100000; -1,0090500000
202200027581;16;4;2022;16:55;1;72;1;1;1;6;47,8655777026;0,3005826471
202200027582;27;1;2022;13:35;1;83;1;1;1;2;43,1407780118;6,0528559684
202200027583;20;6;2022;08:45;1;13;2;3;1;3;43,3460500000;5,4256400000
202200027584;13;4;2022;14:45;1;78;2;1;2;1;48,7339810000;2,0912810000
202200027585;20;6;2022;07:45;1;13;2;1;1;3;43,2613201379;5,3974239980
202200027586;16;4;2022;10:50;1;973;2;1;1;1;4,8753830000; -52,3344150000
202200027587;26;1;2022;05:35;5;54;2;3;5;6;48,7912050000;6,1417040000
202200027588;18;6;2022;22:55;3;11;2;1;1;7;43,1844100000;2,4127200000
202200027589;15;4;2022;22:20;3;35;1;1;1;6;48,0676772290; -1,6212947667
202200027590;19;6;2022;18:45;1;10;2;6;1;3;48,2876049140;4,0811848640
202200027591;23;1;2022;09:15;1;33;1;4;1;1;45,0932660000; -0,6003050000
202200027592;15;4;2022;06:45;1;976;2;1;1;6; -12,7384330000;45,1409610000
202200027593;20;6;2022;14:15;1;75;2;3;1;6;48,8523060000;2,3387140000
202200027594;16;4;2022;16:00;1;988;1;3;1;6; -21,2979310000;165,5798220000
202200027595;20;6;2022;02:55;3;75;2;4;3;6;48,8639190000;2,4135620000
202200027596;15;4;2022;16:00;1;77;1;1;7;2;48,9572560000;2,7938430000
202200027597;20;6;2022;00:30;5;75;2;2;3;6;48,8985400000;2,3590200000
202200027598;20;6;2022;18:15;1;75;2;1;1;3;48,8621760000;2,2934680000
202200027599;26;1;2022;08:00;1;13;1;1;1;2;43,2974700000;5,3636700000
202200027600;15;4;2022;18:40;1;57;2;6;1;1;49,1806340000;6,9186290000
202200027601;20;6;2022;11:45;1;75;2;4;1;6;48,8540160000;2,3690810000
202200027602;26;1;2022;07:40;3;92;1;1;1;2;48,8373662415;2,1886466304
202200027603;20;6;2022;01:30;5;75;2;3;3;6;48,8734370000;2,3297040000
202200027604;16;4;2022;11:13;1;38;2;3;1;3;45,0495010000;5,6840350000
202200027605;20;6;2022;18:10;1;75;2;1;1;3;48,8197280000;2,3416160000
202200027606;20;6;2022;16:55;1;75;2;2;1;7;48,8590890000;2,3464280000
202200027607;3;4;2022;15:00;1;17;1;2;1;2;45,8309820000; -1,1148550000
202200027608;25;1;2022;17:45;5;92;1;1;5;4;48,8424742453;2,2221924662
202200027609;20;6;2022;16:20;1;94;2;3;1;3;48,8106800000;2,3268300000
202200027610;16;4;2022;11:35;1;86;1;3;1;3;47,0784660000;0,0674630000
202200027611;20;6;2022;00:10;5;94;2;1;3;6;48,8550000000;2,4927600000
202200027612;26;1;2022;07:25;2;95;1;1;1;5;49,0258800000;2,1312200000
202200027613;14;4;2022;05:50;5;33;1;1;1;6;44,8359850000; -0,4820730000
202200027614;20;6;2022;19:20;1;93;2;1;1;2;48,9147320000;2,3372120000
202200027615;15;4;2022;12:55;1;50;1;1;1;1;49,0801940000; -0,9532030000
202200027616;26;1;2022;09:20;1;93;1;1;1;2;48,9529900000;2,4738600000
202200027617;20;6;2022;19:58;1;93;2;2;1;3;48,9207000000;2,5261900000
202200027618;16;4;2022;11:39;1;22;1;1;1;3;48,6668320000; -2,3391540000
202200027619;24;1;2022;23:05;3;93;1;1;1;6;48,8857300000;2,4870100000
202200027620;20;6;2022;20:45;1;93;2;1;1;3;48,9203196485;2,4502971768
202200027621;25;1;2022;08:45;1;81;2;1;1;2;43,5982166577;2,2424031794
202200027622;16;4;2022;18:25;1;27;1;1;1;3;49,1550470000;1,3592150000
202200027623;20;6;2022;14:39;1;92;2;1;1;2;48,8217120597;2,2664650082
202200027624;16;4;2022;20:45;2;27;1;1;1;7;49,2089630000;1,5823100000
202200027625;25;1;2022;05:45;5;62;1;1;5;6;50,9589600000;1,9055000000
202200027626;20;6;2022;19:48;1;92;2;1;1;3;48,7942125700;2,3163688481
202200027627;24;1;2022;17:30;1;81;2;1;1;6;43,6089780959;2,2391543537
202200027628;19;6;2022;22:22;5;92;2;3;2;6;48,7953288261;2,3106356263
202200027629;19;6;2022;19:44;1;92;2;1;1;6;48,7450754069;2,3153644949
202200027630;24;1;2022;18:05;5;57;2;1;1;6;49,3470000000;6,0560000000
202200027631;21;6;2022;13:55;1;76;1;1;1;5;49,5058850000;0,5026940000
202200027632;20;6;2022;17:30;1;49;2;1;1;6;47,3487530000; -0,7750580000
202200027633;24;1;2022;20:15;5;32;2;9;1;6;43,6454000000;0,5823700000
202200027634;20;6;2022;13:50;1;67;1;1;1;1;48,9187490000;7,4640080000
202200027635;24;1;2022;16:05;1;30;2;1;1;6;44,1689600000;4,6186700000
202200027636;21;6;2022;12:45;1;76;1;3;2;7;49,8463510000;1,1270860000
202200027637;20;6;2022;17:00;1;31;1;1;1;6;43,6739870000;1,4778760000