Accident_Id;jour;mois;an;hrmn;lum;dep;agg;int;atm;col;lat;long
202200028623;21;7;2022;17:45;1;973;2;1;1;7;5,4247610000; -54,0494510000
202200028624;12;12;2022;07:30;5;59;2;1;8;6;50,7099900000;3,1594400000
202200028625;8;7;2022;07:30;1;973;2;2;1;3;5,4904390000; -54,0346560000
202200028626;20;7;2022;17:00;1;971;1;1;1;5;16,1123950000; -61,5744640000
202200028627;12;12;2022;19:55;5;59;2;2;1;5;50,7056580000;3,1883280000
202200028628;21;7;2022;05:30;5;37;2;3;1;3;47,4102217538;0,9855455160
202200028629;12;12;2022;11:02;1;59;2;1;8;6;50,6218200000;3,0790200000
202200028630;20;7;2022;03:50;5;2A;2;1;1;6;41,6300550000;9,3115350000
202200028631;2;12;2022;15:51;1;54;2;1;2;6;48,7025100000;6,2265400000
202200028632;21;7;2022;23:20;4;66;2;1;1;6;42,5728150000;3,0390330000
202200028633;12;12;2022;07:11;2;54;2;1;1;6;48,6665248824;6,1765265465
202200028634;11;12;2022;17:35;5;54;2;1;1;2;48,7051100000;6,2223600000
202200028635;22;7;2022;14:09;1;68;1;1;1;1;47,9661350000;7,6075920000
202200028636;10;12;2022;01:50;5;50;2;1;1;6;49,6368900000; -1,6266800000
202200028637;22;7;2022;11:15;1;55;2;3;1;1;49,5065000000;5,4566060000
202200028638;12;12;2022;08:50;1;44;2;1;1;3;47,2264300000; -1,5829400000
202200028639;22;7;2022;07:20;2;03;1;1;1;2;46,3205681868;2,8820877321
202200028640;21;7;2022;16:15;1;74;1;1;1;3;46,0699990000;6,3348260000
202200028641;12;12;2022;19:10;5;37;2;1;1;6;47,4304400000;0,6971700000
202200028642;21;7;2022;00:05;3;01;1;1;1;7;45,9005810000;5,2407570000
202200028643;12;12;2022;13:03;1;37;2;1;1;6;47,3901800000;0,6942200000
202200028644;22;7;2022;14:15;1;69;2;1;1;3;45,7473910000;4,7569250000
202200028645;20;7;2022;07:00;1;09;1;1;1;7;43,0836920000;1,8509870000
202200028646;12;12;2022;20:00;5;35;2;2;1;3;48,1120100000; -1,6931600000
202200028647;7;7;2022;17:45;1;16;2;1;1;2;45,6870630000; -0,2862130000
202200028648;12;12;2022;13:20;1;35;2;6;1;3;48,1026800000; -1,6096200000
202200028649;22;7;2022;11:30;1;64;2;1;1;6;43,4875130000; -0,7730770000
202200028650;12;12;2022;07:50;2;35;2;5;1;6;48,1147367860; -1,6569285840
202200028651;16;7;2022;12:00;1;49;1;3;1;2;47,0598790000; -1,0923460000
202200028652;12;12;2022;18:30;5;34;2;1;2;4;43,4062450000;3,7031570000
202200028653;22;7;2022;17:10;1;62;1;1;1;7;50,9063518355;1,6921762248
202200028654;4;12;2022;10:40;1;34;2;1;2;6;43,4051800000;3,6633200000
202200028655;11;12;2022;11:10;1;33;2;1;1;6;44,8172100000; -0,5854500000
202200028656;21;7;2022;12:00;1;13;1;1;1;3;43,3070000000;5,3755000000
202200028657;12;12;2022;14:20;1;32;2;1;1;7;43,6639940000;0,6165990000
202200028658;20;7;2022;17:00;1;13;1;1;1;2;43,3346719973;5,3824545329
202200028659;12;12;2022;13:10;1;32;1;1;1;2;43,6624700000;0,5963100000
202200028660;12;12;2022;20:30;5;31;2;1;2;6;43,5826390000;1,4269800000
202200028661;20;7;2022;12:30;1;13;1;1;1;5;43,3695300000;5,3610600000
202200028662;11;12;2022;17:15;5;27;2;1;9;6;48,9986200000;1,1532600000
202200028663;20;7;2022;22:51;3;13;1;1;1;2;43,3419640707;5,3764623788
202200028664;12;12;2022;22:07;3;25;1;1;1;6;47,2409600000;5,9817700000
202200028665;19;7;2022;17:20;1;62;1;1;1;7;50,9349000000;1,8959400000
202200028666;12;12;2022;17:30;3;25;1;1;1;6;47,2570000000;5,9970000000
202200028667;20;7;2022;17:40;1;59;1;1;3;6;50,6229403774;3,1344562769
202200028668;12;12;2022;10:00;1;22;2;1;9;3;48,5454300000; -2,7253000000
202200028669;20;7;2022;21:53;3;91;1;1;8;7;48,6267960000;2,3988160000
202200028670;12;8;2022;16:20;1;22;2;1;1;1;48,5111700000; -2,7622300000
202200028671;20;7;2022;20:00;1;91;1;1;2;2;48,6163200000;2,4552300000
202200028672;20;7;2022;18:10;1;91;1;1;2;2;48,5912900000;2,4450000000
202200028673;12;12;2022;07:00;5;17;2;6;1;2;45,9431900000; -0,9600900000
202200028674;6;12;2022;17:45;3;15;1;1;1;2;44,8994500000;2,4144300000
202200028675;20;7;2022;11:00;1;92;1;1;2;5;48,7631077641;2,3057754636
202200028676;12;12;2022;19:15;5;13;2;1;2;1;43,1937500000;5,6105000000
202200028677;9;12;2022;08:00;2;12;1;1;1;6;44,3689300000;2,5490500000
202200028678;10;12;2022;14:33;1;11;2;1;1;6;43,1777000000;3,0289000000
202200028679;21;7;2022;19:50;1;92;1;1;1;4;48,8397442438;2,2019797335
202200028680;21;7;2022;12:00;1;77;1;1;1;6;48,9531291047;2,6282232651
202200028681;5;12;2022;19:10;2;11;1;1;1;3;43,1778580000;2,9698180000
202200028682;21;7;2022;02:50;3;77;1;1;1;6;48,7353635138;2,6113972545
202200028683;12;12;2022;09:51;1;11;2;6;1;3;43,2043600000;2,3330100000
202200028684;21;4;2022;20:30;2;74;1;1;1;6;45,8224140000;6,1479500000
202200028685;12;12;2022;15:00;1;06;1;1;8;7;43,6360100000;6,9567200000
202200028686;20;7;2022;17:20;1;76;2;1;1;6;49,3932300000;1,0664500000
202200028687;11;12;2022;18:30;5;06;2;1;1;2;43,6597500000;6,9258200000
202200028688;18;5;2022;14:15;1;35;1;1;1;4;48,1070180612; -1,7173030972
202200028689;11;12;2022;10:50;1;06;2;1;1;6;43,6565130000;7,1783660000
202200028690;26;4;2022;13:00;1;94;2;2;1;3;48,8142683811;2,4117444456
202200028691;12;12;2022;07:30;2;03;2;1;1;6;46,1212800000;3,4241400000
202200028692;11;12;2022;11:10;1;01;2;1;1;3;46,1889400000;5,2102600000
202200028693;25;4;2022;20:00;1;94;2;1;1;2;48,8094300000;2,4339300000
202200028694;10;12;2022;16:15;1;69;2;1;8;2;45,7200800000;4,8679700000
202200028695;27;3;2022;07:43;1;74;2;1;1;6;45,8539690000;6,6048860000
202200028696;11;12;2022;05:48;5;75;2;1;1;2;48,8915170000;2,3003890000
202200028697;11;12;2022;19:30;5;75;2;1;1;3;48,8502140000;2,3541980000
202200028698;20;7;2022;08:15;1;974;1;1;1;2; -20,8804000000;55,3996000000
202200028699;12;12;2022;08:30;1;75;2;2;8;6;48,8842730000;2,3646440000
202200028700;1;5;2022;18:30;3;974;1;1;1;6; -20,9712800000;55,6554500000
202200028701;12;12;2022;19:45;5;75;2;4;1;7;48,8863120000;2,3107000000
202200028702;19;7;2022;05:55;5;974;2;9;1;3; -20,9455500000;55,2983300000
202200028703;12;12;2022;09:15;1;75;2;3;1;3;48,8753420000;2,2908210000
202200028704;20;7;2022;21:30;5;69;2;3;1;2;45,7354300000;4,8702700000
202200028705;12;12;2022;20:30;5;75;2;2;1;6;48,8455160000;2,3191310000
202200028706;12;12;2022;08:50;1;75;2;2;1;6;48,8212120000;2,3343030000
202200028707;20;7;2022;18:50;1;69;2;3;1;3;45,7367900000;4,8397600000
202200028708;11;12;2022;20:45;5;75;2;3;8;6;48,8360960000;2,2925460000
202200028709;20;7;2022;17:00;1;69;2;3;1;6;45,7682514127;4,8588538170
202200028710;20;7;2022;22:15;5;69;2;1;1;3;45,7874900000;4,8424400000
202200028711;12;12;2022;12:00;1;75;2;2;1;3;48,8469090000;2,4113640000
202200028712;20;7;2022;18:55;1;2A;2;1;1;3;41,9242300000;8,7344200000
202200028713;12;12;2022;17:25;5;75;2;3;1;6;48,8528450000;2,3744840000
202200028714;12;12;2022;13:25;1;75;2;3;1;3;48,8647220000;2,3701030000
202200028715;20;7;2022;17:45;1;2A;2;6;1;1;41,9184300000;8,7263900000
202200028716;12;12;2022;10:10;1;75;2;2;1;6;48,8735140000;2,3586330000
202200028717;20;7;2022;14:33;1;2A;1;1;1;2;41,9298000000;8,7753300000
202200028718;20;7;2022;09:15;1;91;2;9;2;7;48,6936600000;2,1522700000
202200028719;10;12;2022;22:25;5;75;2;3;1;6;48,8680210000;2,3041730000
202200028720;17;7;2022;15:00;1;78;2;2;1;1;48,9275300000;2,1915100000
202200028721;12;12;2022;08:00;2;75;2;3;1;3;48,8672680000;2,3546140000
202200028722;20;7;2022;11:20;1;78;2;9;8;6;48,9003800000;2,1359200000
202200028723;11;12;2022;18:30;5;75;2;2;1;3;48,8495120000;2,3656520000
202200028724;12;12;2022;13:30;1;94;2;1;1;1;48,8457800000;2,4249300000
202200028725;30;4;2022;12:50;1;78;2;1;1;2;48,7763960000;2,0598970000
202200028726;11;12;2022;19:00;5;94;2;3;1;3;48,8040000000;2,4850000000
202200028727;12;12;2022;11:50;1;94;2;3;1;1;48,8141800000;2,3841200000
202200028728;20;7;2022;08:10;1;78;2;1;2;6;48,9192460000;2,0221860000
202200028729;12;12;2022;20:17;5;94;2;2;9;3;48,7311100000;2,4224300000
202200028730;12;12;2022;17:50;5;94;2;1;1;6;48,7316081172;2,4249056272
202200028731;19;7;2022;19:35;2;77;1;2;1;3;48,3725900000;2,6431200000
202200028732;11;12;2022;17:00;2;94;2;1;1;3;48,7711000000;2,4090680000
202200028733;20;7;2022;07:30;1;74;2;1;1;6;46,1731200000;6,2391100000
202200028734;11;12;2022;06:30;5;94;2;3;1;6;48,7383327970;2,4467750464
202200028735;19;7;2022;10:40;1;71;2;2;1;3;46,6962560000;4,3621390000
202200028736;11;12;2022;00:06;5;94;2;2;1;2;48,7424026878;2,3863030037
202200028737;12;12;2022;09:04;1;94;2;1;1;3;48,7809456361;2,5133036101
202200028738;19;7;2022;08:45;1;71;2;2;1;2;46,7963210246;4,4292950928
202200028739;12;12;2022;13:10;1;94;1;1;1;4;48,7325300000;2,5221100000
202200028740;20;7;2022;14:45;1;69;2;2;1;2;45,7789900000;4,8653100000
202200028741;20;7;2022;08:30;1;69;2;2;1;3;45,7719900000;5,0102000000
202200028742;12;12;2022;08:45;1;94;2;1;1;4;48,7750700000;2,5324500000
202200028743;30;6;2022;22:30;3;67;1;1;3;1;48,8287800000;7,7521500000
202200028744;20;7;2022;21:45;1;64;2;1;1;3;43,3712800000; -1,7806200000
202200028745;20;7;2022;12:20;1;64;2;6;2;7;43,4621400000; -1,5710900000
202200028746;9;6;2022;18:30;1;62;2;1;1;6;50,4395830000;3,0349770000
202200028747;20;7;2022;08:51;1;49;2;1;1;3;47,4919300000; -0,5538800000
202200028748;20;7;2022;06:50;1;49;2;1;1;7;47,4707800000; -0,4918600000
202200028749;20;7;2022;19:00;1;44;2;6;1;3;47,1978000000; -1,5945000000
202200028750;20;7;2022;23:30;3;41;2;1;1;6;47,5710190000;1,3093360000
202200028751;20;7;2022;19:20;1;37;2;1;1;4;47,3383064854;0,6648069620
202200028752;20;7;2022;11:00;1;37;2;2;2;3;47,3872820799;0,6838747859
202200028753;20;7;2022;07:00;1;35;2;2;1;3;48,0836614120; -1,6751655936
202200028754;20;7;2022;10:25;1;33;2;6;1;6;44,9040200000; -0,5130700000
202200028755;20;7;2022;19:30;1;31;2;3;1;1;43,6558200000;1,4155200000
202200028756;18;7;2022;17:57;1;30;2;1;1;6;44,1089100000;4,0972100000
202200028757;20;7;2022;15:55;1;29;1;1;1;1;47,9153440000; -3,9113640000
202200028758;20;7;2022;22:05;5;28;2;1;1;6;48,4490500000;1,4834000000
202200028759;20;7;2022;07:40;1;17;2;1;1;6;45,7404900000; -0,6211750000
202200028760;20;7;2022;18:55;1;17;2;1;1;6;46,1432700000; -1,1504800000
202200028761;20;7;2022;18:20;1;15;1;3;1;3;44,9005460000;2,4874270000
202200028762;20;7;2022;08:40;1;14;2;7;1;3;49,1724740000; -0,2809910000
202200028763;18;7;2022;16:45;1;13;2;1;1;3;43,6391557149;5,1024374052
202200028764;18;7;2022;16:30;1;13;2;1;1;6;43,4091200000;4,9895600000
202200028765;20;7;2022;19:25;1;13;2;2;1;3;43,3038200000;5,4257300000
202200028766;19;7;2022;13:51;1;10;2;1;1;6;48,2977839426;4,0612775087
202200028767;19;7;2022;12:13;1;10;2;2;1;6;48,2771239626;4,0828800201
202200028768;4;3;2022;12:45;1;75;2;2;1;3;48,8467050000;2,4158740000
202200028769;5;3;2022;02:35;5;75;2;1;1;6;48,8851050000;2,3400060000
202200028770;5;3;2022;15:20;1;75;2;4;1;3;48,8296010000;2,2923220000
202200028771;5;3;2022;13:45;1;75;2;2;1;2;48,8540200000;2,2886370000
202200028772;4;3;2022;21:00;5;75;2;7;1;6;48,8326900000;2,2889710000
202200028773;5;3;2022;19:35;5;75;2;1;1;3;48,8438590000;2,3732150000
202200028774;5;3;2022;18:40;5;75;2;5;1;3;48,8557050000;2,3787110000
202200028775;5;3;2022;01:10;5;75;2;2;1;1;48,8504088104;2,3813965917
202200028776;5;3;2022;17:00;1;75;2;2;1;3;48,8748052920;2,3573854566
202200028777;5;3;2022;03:55;5;75;2;3;1;6;48,8611268935;2,3242038488
202200028778;5;3;2022;01:50;5;75;2;3;1;3;48,8590520000;2,2934950000
202200028779;5;3;2022;16:30;1;75;2;2;1;3;48,8699510000;2,3486280000
202200028780;5;3;2022;02:38;5;75;2;1;1;3;48,8489140000;2,3663640000
202200028781;5;3;2022;14:10;1;94;2;1;1;1;48,7960000000;2,4120000000
202200028782;5;3;2022;12:40;1;94;2;1;1;6;48,8008300000;2,4956500000
202200028783;5;3;2022;22:13;5;94;2;1;1;6;48,8438500000;2,4597000000
202200028784;5;3;2022;20:45;5;94;2;2;1;3;48,7283288950;2,4343686103
202200028785;5;3;2022;12:40;1;93;2;1;1;2;48,9551968516;2,3828090430
202200028786;5;3;2022;08:05;1;93;2;2;1;7;48,9396197328;2,5113369048
202200028787;5;3;2022;13:20;1;93;2;2;1;1;48,9125500000;2,3347200000
202200028788;5;3;2022;21:05;5;92;2;1;1;6;48,8145200000;2,3034400000
202200028789;5;3;2022;14:45;1;92;2;1;1;6;48,8114125469;2,2107034922
202200028790;5;3;2022;19:15;5;92;2;3;1;4;48,9081231297;2,2554848492
202200028791;6;3;2022;20:13;5;92;2;3;1;3;48,9091953990;2,2375766113
202200028792;6;3;2022;05:10;3;83;1;1;1;6;43,4644665618;6,6401832103
202200028793;5;3;2022;21:30;5;974;2;1;1;3; -21,0420620000;55,7144750000
202200028794;5;3;2022;18:30;2;84;1;1;1;5;43,8856920000;5,0996090000
202200028795;6;3;2022;11:15;1;85;1;1;1;2;46,9119450000; -1,1287380000
202200028796;4;3;2022;12:22;1;41;1;2;1;3;47,9450030000;1,3212450000
202200028797;5;3;2022;17:45;1;21;1;1;1;7;47,3297370000;4,9318690000
202200028798;5;3;2022;15:10;1;51;2;1;1;7;48,8821760000;4,4155060000
202200028799;5;3;2022;17:45;1;56;2;1;1;7;47,5194900000; -2,2996670000
202200028800;6;3;2022;12:15;1;74;2;6;1;7;45,7562060000;6,2972740000
202200028801;6;3;2022;18:55;2;76;1;1;1;7;49,7094960000;1,6651150000
202200028802;5;3;2022;15:53;1;71;2;3;1;3;46,7858790000;4,7445760000
202200028803;5;3;2022;08:38;1;63;2;1;8;6;45,7859350000;3,2871120000
202200028804;6;3;2022;18:10;1;47;2;2;1;1;44,4789240000;0,9487670000
202200028805;6;3;2022;01:45;3;47;1;1;8;6;44,1737490000;0,7489210000
202200028806;5;3;2022;21:30;3;41;1;1;1;6;47,2105130000;1,3276990000
202200028807;6;3;2022;02:30;3;39;2;1;1;6;46,5186100000;6,1201730000
202200028808;4;3;2022;19:40;3;44;2;2;1;3;47,4465660000; -2,2429430000
202200028809;6;3;2022;01:50;3;44;2;1;1;6;47,1284620000; -1,8189650000
202200028810;6;3;2022;06:30;3;44;1;1;1;5;47,5307670000; -1,9096420000
202200028811;3;3;2022;08:25;1;70;1;1;1;7;47,8286430000;5,9694390000
202200028812;5;3;2022;19:10;3;70;1;4;1;3;47,8143650000;6,0567070000
202200028813;5;3;2022;05:30;2;14;1;1;1;6;48,9401680000;0,0989580000
202200028814;5;3;2022;23:00;3;09;1;1;1;7;42,7776770000;1,6961320000
202200028815;6;3;2022;16:30;1;60;2;1;1;7;49,5421018090;2,3114794492
202200028816;6;3;2022;16:00;1;24;1;1;1;6;45,0846120000;1,3744930000
202200028817;6;3;2022;12:15;1;04;1;9;8;6;44,0930640000;5,5318250000
202200028818;6;3;2022;15:30;1;04;1;1;1;6;43,9805330000;5,8645750000
202200028819;5;3;2022;21:00;3;37;1;1;1;1;47,2337575004;0,8715489507
202200028820;6;3;2022;07:45;1;72;1;1;1;6;48,2239860000;0,1749230000
202200028821;4;3;2022;21:27;3;27;1;1;1;5;49,2368070000;1,1859920000
202200028822;6;3;2022;15:55;1;988;1;3;1;3; -21,4794600000;165,3690900000
202200028823;6;3;2022;11:40;1;974;1;1;1;1; -20,9314200000;55,3900190000
202200028824;6;3;2022;16:50;1;33;1;1;1;5;45,0199130000; -1,1778120000
202200028825;4;3;2022;10:55;1;77;2;3;1;1;48,6980100000;2,7720200000
202200028826;6;3;2022;14:00;1;34;1;1;1;7;43,3520750000;3,3570310000
202200028827;6;3;2022;16:45;1;83;2;2;1;3;43,3465280000;6,7133440000
202200028828;6;3;2022;08:30;1;83;2;3;1;3;43,3362770000;5,9795770000
202200028829;5;3;2022;15:11;1;04;1;1;1;6;43,8496160000;5,7347770000
202200028830;5;3;2022;14:40;1;13;1;1;2;1;43,2675340000;5,7375880000
202200028831;6;3;2022;06:15;5;13;2;2;1;3;43,8874160000;4,8485810000
202200028832;6;3;2022;15:10;1;13;2;1;1;1;43,4278190000;5,4419340000
202200028833;5;3;2022;21:15;5;57;1;3;1;3;49,2289100000;6,1112630000
202200028834;6;3;2022;11:30;1;74;2;2;1;1;46,0634050000;6,3549580000
202200028835;5;3;2022;15:25;1;38;2;9;1;6;45,3481110000;4,8044480000
202200028836;5;3;2022;17:48;1;38;2;4;1;3;45,3379460000;4,8046460000
202200028837;19;2;2022;11:25;1;38;2;1;1;6;45,3729070000;4,7987610000
202200028838;5;3;2022;15:30;1;07;1;1;1;4;44,7439900000;3,8630250000
202200028839;5;3;2022;10:20;1;69;2;1;1;6;45,8108340000;4,7971920000
202200028840;4;3;2022;20:20;5;49;2;1;1;7;47,1173690000; -1,1228850000
202200028841;4;3;2022;15:30;1;60;2;1;1;6;49,2873750000;2,4744820000
202200028842;6;3;2022;04:00;3;59;1;8;9;6;50,1337260000;3,2152280000
202200028843;4;3;2022;12:10;1;13;1;1;1;4;43,2840300000;5,3828800000
202200028844;4;3;2022;17:08;1;13;1;1;1;2;43,4783900000;5,2389730000
202200028845;4;3;2022;21:00;5;69;1;1;1;3;45,6824800000;4,8511100000
202200028846;5;3;2022;20:40;4;33;1;1;1;2;44,8852600000; -0,5635420000
202200028847;5;3;2022;15:20;1;94;1;1;1;2;48,7603400000;2,3200200000
202200028848;5;3;2022;14:20;1;91;1;1;1;2;48,6000200000;2,4397400000
202200028849;4;3;2022;21:05;3;78;1;1;1;2;48,9703050000;1,9039390000
202200028850;4;3;2022;08:51;1;78;1;1;1;6;48,9177430000;2,1206930000
202200028851;5;3;2022;00:35;3;93;1;1;1;2;48,8861200000;2,4731500000
202200028852;4;3;2022;23:30;3;92;1;1;1;6;48,9309792515;2,3233129103
202200028853;4;3;2022;17:30;1;94;1;1;1;3;48,8501200000;2,4904200000
202200028854;4;3;2022;20:45;5;988;2;2;1;3; -22,2783400000;166,4487400000
202200028855;4;3;2022;21:30;5;69;2;2;1;3;45,7482000000;4,8437000000
202200028856;4;3;2022;19:15;5;69;2;1;1;3;45,7534000000;4,8572000000
202200028857;4;3;2022;16:19;1;69;2;2;1;3;45,7598012626;4,8507481813
202200028858;4;3;2022;16:00;1;69;2;3;1;3;45,7550180374;4,8467811942
202200028859;4;3;2022;15:30;1;69;2;1;1;7;45,7373150412;4,8397752643
202200028860;4;3;2022;11:42;1;69;2;3;1;6;45,7705600000;4,8425300000
202200028861;4;3;2022;10:10;1;69;2;8;1;3;45,7379900000;4,8714200000
202200028862;4;3;2022;07:25;1;69;2;3;1;3;45,7629300000;4,8646800000
202200028863;4;3;2022;06:45;1;972;1;1;1;5;14,6252470000; -60,9802580000
202200028864;5;3;2022;00:10;5;69;2;1;1;6;45,7685300000;4,8368700000
202200028865;4;3;2022;10:10;1;69;2;3;1;6;45,7758047051;4,8017120361
202200028866;4;3;2022;03:15;3;2B;1;1;1;7;42,6117939584;9,4377851047
202200028867;2;3;2022;23:40;4;971;2;1;1;3;16,2388200000; -61,5253200000
202200028868;3;3;2022;19:15;5;971;2;2;1;3;16,0447200000; -61,5661600000
202200028869;4;3;2022;11:30;1;971;2;1;1;1;15,9954300000; -61,7316600000
202200028870;4;3;2022;19:35;5;2A;2;3;8;7;41,9475700000;8,7634000000
202200028871;1;3;2022;03:20;5;91;2;1;1;6;48,6139200000;2,4742700000
202200028872;4;3;2022;14:40;1;88;2;3;1;3;48,0196028639;6,6154083610
202200028873;3;3;2022;16:10;1;88;2;2;1;3;48,1937800000;6,4432200000
202200028874;3;3;2022;11:40;1;77;2;2;1;2;48,8511600000;2,7866100000
202200028875;3;3;2022;23:30;3;76;1;1;1;6;49,5205200000;0,1904200000
202200028876;4;3;2022;18:30;5;69;2;2;1;2;45,7626900000;4,8782000000
202200028877;1;3;2022;11:45;1;69;2;2;1;3;45,7707800000;4,9824800000
202200028878;4;3;2022;13:20;1;66;1;1;6;6;42,7132081381;2,9297500849
202200028879;3;3;2022;02:30;5;66;2;1;1;6;42,7023000000;2,8973900000
202200028880;3;3;2022;15:10;1;64;2;1;3;3;43,4887898162; -1,5085923672
202200028881;6;2;2022;21:00;3;62;1;1;3;6;50,4952050000;2,9115340000
202200028882;4;3;2022;14:20;1;61;2;1;1;2;48,4328640000;0,0948130000
202200028883;4;3;2022;13:05;1;59;2;2;1;3;50,6392114889;2,9930576831
202200028884;4;3;2022;19:15;5;59;2;1;1;6;50,6546760966;3,0513539313
202200028885;4;3;2022;16:40;1;54;2;1;1;3;48,6996047285;6,2165611982
202200028886;4;3;2022;15:15;1;54;2;1;1;4;48,7032372044;6,2287706137
202200028887;3;3;2022;15:30;1;54;2;1;1;2;48,6815942567;6,1747616529
202200028888;2;3;2022;11:40;1;54;2;2;1;3;48,6882250000;6,2081270000
202200028889;4;3;2022;10:20;1;51;2;2;1;2;49,2603014280;4,0474399924
202200028890;4;3;2022;08:10;1;51;2;3;1;1;49,2547597037;4,0320910513
202200028891;3;3;2022;17:10;1;51;2;1;1;7;49,2622222428;4,0424323082
202200028892;2;3;2022;06:55;5;51;2;1;1;3;49,0454540573;3,9592288435
202200028893;4;3;2022;15:14;1;51;2;2;1;5;48,9547000000;4,3522900000
202200028894;2;3;2022;13:40;1;50;2;3;1;2;49,6425400000; -1,6100900000
202200028895;4;3;2022;17:33;1;49;2;1;1;1;47,4685100000; -0,5229600000
202200028896;4;3;2022;14:14;1;49;2;1;1;6;47,4260000000; -0,5260500000
202200028897;31;8;2022;06:40;2;93;1;1;1;7;48,8730079962;2,4352838986
202200028898;4;3;2022;08:24;1;49;2;1;2;7;47,4690100000; -0,6031800000
202200028899;4;3;2022;20:50;5;47;2;1;2;3;44,1822300000;0,6504700000
202200028900;4;3;2022;20:00;3;38;2;1;1;2;45,1666200000;5,7586800000
202200028901;14;4;2022;00:07;5;62;2;1;1;6;50,7172200000;2,2601600000
202200028902;4;3;2022;15:00;1;35;2;6;1;3;48,0848300000; -1,6825000000
202200028903;3;3;2022;18:50;4;31;1;1;1;7;43,6248700000;1,4092600000
202200028904;2;4;2022;06:15;2;62;1;1;1;2;50,4686400000;2,9095170000
202200028905;4;3;2022;19:30;5;30;2;3;1;3;44,0812500000;4,0708600000
202200028906;24;2;2022;17:55;1;62;2;1;1;6;50,7154340000;1,5991950000
202200028907;4;3;2022;13:05;1;27;2;1;2;6;49,0344700000;1,1558200000
202200028908;30;8;2022;09:10;1;61;2;9;1;3;48,4378800000;0,0865300000
202200028909;4;3;2022;06:25;3;25;2;1;1;1;47,2441000000;5,9860100000
202200028910;1;3;2022;16:50;1;22;1;1;2;7;48,7669100000; -3,4808900000
202200028911;28;8;2022;08:15;1;83;2;1;1;6;43,1274200000;5,9048500000
202200028912;2;3;2022;20:47;5;18;2;3;2;3;47,0982010000;2,3690270000
202200028913;30;3;2022;18:15;1;95;2;1;1;6;48,9768322345;2,3287904263
202200028914;4;3;2022;20:58;5;17;2;2;1;3;46,1589900000; -1,1616300000
202200028915;30;8;2022;05:16;3;976;2;1;1;1; -12,7683700000;45,2243100000
202200028916;4;3;2022;13:20;1;17;2;9;1;3;46,1595300000; -1,1031100000
202200028917;30;8;2022;11:30;1;973;2;1;1;1;4,9324900000; -52,3083900000
202200028918;4;3;2022;04:50;5;14;2;1;1;3;49,1847500000; -0,3602500000
202200028919;4;3;2022;07:15;1;13;2;1;1;1;43,2900000000;5,4200000000
202200028920;29;8;2022;21:55;5;973;2;6;1;3;4,9076678529; -52,3225834966
202200028921;4;3;2022;18:20;2;11;2;6;2;6;43,2050600000;2,3308300000
202200028922;30;8;2022;13:30;1;69;2;3;1;3;45,7488600000;4,8415000000
202200028923;3;3;2022;08:58;1;10;2;6;1;3;48,2756900000;4,0781900000
202200028924;29;8;2022;17:50;1;972;1;6;1;2;14,5941400000; -60,9823300000
202200028925;4;3;2022;00:15;3;09;2;1;1;6;43,1337600000;1,6248130000
202200028926;4;3;2022;07:40;1;06;2;1;1;6;43,6591080000;7,1485000000
202200028927;18;8;2022;16:40;1;972;1;6;1;3;14,6256300000; -60,9792700000
202200028928;4;3;2022;11:10;1;75;2;4;1;3;48,8192140000;2,3291530000
202200028929;30;8;2022;11:05;1;972;2;9;1;6;14,6078700000; -61,0675200000
202200028930;4;3;2022;05:55;5;75;2;1;1;6;48,8208180000;2,3218010000
202200028931;30;8;2022;07:55;1;69;2;1;1;6;45,6964600000;4,8209100000
202200028932;2;3;2022;06:00;5;75;2;1;1;2;48,8523600000;2,2523500000
202200028933;1;3;2022;09:30;1;75;2;4;1;2;48,8265125231;2,3916479945
202200028934;30;8;2022;10:45;1;971;1;1;1;1;16,2791618236; -61,5099620819
202200028935;4;3;2022;09:03;1;75;2;5;1;3;48,8419120000;2,3295980000
202200028936;28;8;2022;22:40;3;88;2;1;1;6;48,1622300000;6,4636300000
202200028937;4;3;2022;13:40;1;75;2;3;1;2;48,8981700000;2,3495200000
202200028938;29;8;2022;20:18;1;87;2;2;1;3;45,8260500000;1,2680100000
202200028939;4;3;2022;07:40;2;75;2;1;1;3;48,9006740000;2,3211390000
202200028940;4;3;2022;15:50;1;75;2;3;1;3;48,8528880000;2,2810740000
202200028941;22;7;2022;08:20;1;84;2;3;7;6;44,0422600000;5,0362000000
202200028942;4;3;2022;18:23;2;75;2;4;1;6;48,8317440000;2,3443920000
202200028943;27;8;2022;10:40;1;83;2;1;1;6;43,4247000000;6,7611200000
202200028944;4;3;2022;13:15;1;75;2;4;1;3;48,8172590000;2,4555140000
202200028945;29;8;2022;16:07;1;80;2;1;1;3;49,9184800000;2,3046600000
202200028946;3;3;2022;17:50;1;75;2;2;1;3;48,8468480000;2,3694110000
202200028947;3;3;2022;17:40;1;75;2;5;1;3;48,8446710000;2,4057360000
202200028948;4;3;2022;18:58;5;75;2;2;1;2;48,8628250000;2,3134580000
202200028949;4;3;2022;17:11;1;75;2;1;1;6;48,8628870000;2,3237950000
202200028950;4;3;2022;14:20;1;75;2;3;1;7;48,8550600000;2,3616780000
202200028951;29;8;2022;20:35;2;77;2;2;1;3;48,8398871953;2,6294398300
202200028952;2;3;2022;14:00;1;94;2;2;1;2;48,8027600000;2,4105400000