Accident_Id;jour;mois;an;hrmn;lum;dep;agg;int;atm;col;lat;long
202200029284;20;6;2022;20:10;1;13;2;1;1;3;43,6414750000;5,5309510000
202200029285;24;1;2022;14:36;1;94;2;1;1;2;48,8152583489;2,4736737013
202200029286;17;6;2022;22:20;3;67;1;1;1;6;48,9234650000;7,7482630000
202200029287;11;4;2022;01:05;5;75;2;1;1;2;48,8299510000;2,3101530000
202200029288;25;1;2022;21:35;5;94;2;3;1;2;48,8131700000;2,3805400000
202200029289;13;4;2022;11:10;1;75;2;1;3;3;48,8641560000;2,3694650000
202200029290;25;1;2022;13:25;1;94;2;3;1;3;48,8026100000;2,3962200000
202200029291;9;6;2022;20:30;1;57;2;3;1;3;49,2172750000;6,1186710000
202200029292;25;1;2022;13:40;1;94;2;1;8;6;48,8447400000;2,4591500000
202200029293;21;6;2022;01:30;3;81;1;1;1;6;43,5708230000;2,0369820000
202200029294;13;4;2022;16:25;1;75;2;2;1;6;48,8793180000;2,3571050000
202200029295;25;1;2022;12:35;1;94;2;3;8;3;48,7693800000;2,5146200000
202200029296;24;1;2022;22:40;4;93;2;1;1;6;49,0031000000;2,5492900000
202200029297;13;4;2022;11:35;1;75;2;2;2;3;48,8571230000;2,3043090000
202200029298;19;6;2022;13:30;1;09;1;2;1;3;43,1806700000;1,6523480000
202200029299;25;1;2022;12:20;1;93;2;1;1;6;48,8624467797;2,4930975836
202200029300;19;6;2022;16:30;1;33;1;1;1;6;44,7679740000;0,2054680000
202200029301;13;4;2022;07:30;1;94;2;2;2;3;48,8412700000;2,4828400000
202200029302;25;1;2022;17:20;2;93;2;3;8;3;48,8969000000;2,4615900000
202200029303;12;6;2022;17:10;1;33;1;2;1;3;44,9823910000; -0,4077170000
202200029304;13;4;2022;17:30;1;94;2;1;1;6;48,8124200000;2,3616200000
202200029305;25;1;2022;19:10;4;93;2;1;1;3;48,9478100000;2,5327400000
202200029306;20;6;2022;17:30;1;33;1;2;1;3;44,7497850000; -0,5505560000
202200029307;25;1;2022;20:15;5;93;2;1;1;3;48,9181407244;2,3746913551
202200029308;13;4;2022;18:30;1;94;2;6;1;3;48,8537400000;2,4935000000
202200029309;25;1;2022;12:15;1;92;2;1;1;6;48,8829465833;2,2436188906
202200029310;21;6;2022;18:00;1;27;2;2;1;3;49,3047380000;1,1590790000
202200029311;25;1;2022;11:10;1;92;2;1;1;7;48,8298700000;2,2846800000
202200029312;21;6;2022;17:20;1;76;1;1;1;6;49,5003820000;0,3116510000
202200029313;13;4;2022;09:35;1;94;2;1;3;3;48,8290000000;2,4022100000
202200029314;24;1;2022;10:30;1;92;2;7;1;3;48,9362019042;2,2571859062
202200029315;20;6;2022;17:15;1;59;2;3;1;3;50,6781231025;2,9931521416
202200029316;22;1;2022;20:00;5;92;2;1;1;3;48,7849135933;2,3086668849
202200029317;12;4;2022;18:20;1;94;2;1;1;5;48,8113513322;2,5384171307
202200029318;26;1;2022;15:10;1;47;1;3;1;7;44,6575880000;0,5894480000
202200029319;20;6;2022;17:55;1;13;1;1;1;2;43,5832350386;5,4762673311
202200029320;20;6;2022;16:45;1;13;1;1;1;2;43,3504330530;5,3681069612
202200029321;25;1;2022;11:00;1;41;2;1;1;7;47,4907300000;1,2584820000
202200029322;13;4;2022;14:35;1;94;2;1;8;2;48,7621700000;2,5371000000
202200029323;15;6;2022;17:20;1;54;1;1;1;6;48,6416600000;6,1670800000
202200029324;25;1;2022;16:35;1;84;2;9;1;6;44,2420750000;5,0733660000
202200029325;20;6;2022;12:37;1;33;1;1;1;3;44,8686220000; -0,5016180000
202200029326;25;1;2022;21:30;3;972;2;3;1;3;14,5759060000; -60,9647110000
202200029327;13;4;2022;08:45;1;93;2;2;3;3;48,8529000000;2,4260000000
202200029328;26;1;2022;03:20;3;41;1;1;8;7;47,5028230000;2,0071510000
202200029329;20;6;2022;18:45;1;94;1;1;1;2;48,7763427485;2,3462651211
202200029330;26;1;2022;19:00;3;44;1;1;1;6;47,3289370000; -2,1284080000
202200029331;12;4;2022;17:20;1;93;2;2;1;3;48,9546750000;2,3079330000
202200029332;20;6;2022;15:00;1;92;1;1;1;2;48,9324848646;2,2484916319
202200029333;20;6;2022;14:10;1;78;1;1;1;7;48,9560300000;1,9363000000
202200029334;8;1;2022;15:40;1;67;1;1;1;2;48,8098790000;7,9717840000
202200029335;13;4;2022;14:30;1;93;2;3;2;3;48,9140400000;2,3783800000
202200029336;20;6;2022;17:30;1;93;1;1;1;2;48,9217000000;2,3575300000
202200029337;24;1;2022;14:55;1;57;1;9;1;3;49,2670310000;6,2021870000
202200029338;13;4;2022;18:48;1;92;2;1;1;2;48,8120987436;2,2804001569
202200029339;26;1;2022;08:45;1;51;2;1;9;7;48,7201030000;3,5438260000
202200029340;19;6;2022;16:45;1;93;1;1;1;2;48,9043535615;2,4716561041
202200029341;26;1;2022;16:10;1;59;1;1;1;6;50,0654865003;3,3914279935
202200029342;12;4;2022;11:00;1;92;2;3;1;6;48,8894214976;2,1980964392
202200029343;19;6;2022;16:00;1;93;1;1;1;2;48,8727600000;2,4803700000
202200029344;26;1;2022;06:50;3;59;1;1;1;1;50,8977257478;2,2529375553
202200029345;19;6;2022;00:40;4;93;1;1;1;6;48,9385733468;2,4164026735
202200029346;13;4;2022;12:10;1;92;2;1;2;6;48,8009470000;2,2793020000
202200029347;26;1;2022;00:30;3;79;1;6;5;7;46,7749500000; -0,6426140000
202200029348;19;6;2022;02:00;3;93;1;1;1;7;48,9265000000;2,4028500000
202200029349;13;4;2022;14:10;1;92;2;1;2;6;48,8977174907;2,2629008889
202200029350;25;1;2022;17:20;2;82;2;4;7;1;44,1608460000;1,5518720000
202200029351;13;4;2022;21:50;5;92;2;2;1;3;48,8309363262;2,2346239686
202200029352;25;1;2022;15:30;1;32;2;1;1;5;43,6296770000;0,8732550000
202200029353;18;6;2022;14:00;1;93;1;1;1;4;48,9508885757;2,4745512892
202200029354;13;4;2022;05:30;5;92;2;1;2;6;48,7956338818;2,3170420825
202200029355;24;1;2022;09:15;1;89;2;1;1;1;48,2868980000;3,2073210000
202200029356;18;6;2022;13:30;1;95;1;1;1;3;49,0429200000;2,0785500000
202200029357;25;1;2022;20:00;5;25;2;1;5;5;47,2280060000;6,0622320000
202200029358;18;6;2022;07:15;1;93;1;1;1;2;48,8638635528;2,4131602275
202200029359;20;6;2022;12:00;1;94;1;1;1;2;48,8172046066;2,4285178250
202200029360;26;1;2022;12:00;1;29;2;1;1;6;48,6688940000; -3,9152450000
202200029361;12;4;2022;18:30;1;37;1;2;8;5;47,5499112661;0,7877352834
202200029362;26;1;2022;09:38;1;29;2;7;7;6;48,5111380000; -4,0731210000
202200029363;18;6;2022;23:40;5;94;1;1;1;4;48,8272864270;2,4692556276
202200029364;26;1;2022;07:05;5;06;2;1;1;6;43,5447080000;6,9379100000
202200029365;15;4;2022;10:40;1;74;1;1;1;5;46,2466470000;6,6384140000
202200029366;19;6;2022;02:20;5;31;2;1;1;7;43,5674000000;1,4034900000
202200029367;26;1;2022;18:45;2;73;1;1;1;1;45,6544850000;6,3324170000
202200029368;19;6;2022;18:45;1;75;2;1;1;6;48,8443320000;2,3768500000
202200029369;15;4;2022;12:25;1;68;1;1;1;6;48,1121810000;7,1001830000
202200029370;25;1;2022;14:35;1;18;2;1;7;3;46,5557540000;2,2705680000
202200029371;17;6;2022;16:03;1;07;2;1;1;6;44,7148600000;4,6160800000
202200029372;25;1;2022;16:25;1;16;2;1;1;7;45,8383566848;0,3488648683
202200029373;18;6;2022;18:20;3;974;1;1;3;7; -20,8776000000;55,4374600000
202200029374;14;4;2022;21:00;5;68;2;2;1;1;48,1108020000;7,4159490000
202200029375;26;1;2022;15:30;1;16;1;1;1;7;45,9833950000;0,6649730000
202200029376;24;1;2022;17:45;2;53;2;1;8;3;48,2922490000; -0,9172350000
202200029377;19;6;2022;09:50;1;974;2;3;1;3; -20,9571400000;55,6547300000
202200029378;26;1;2022;07:20;3;40;1;1;1;6;43,8485180000; -0,7459550000
202200029379;19;6;2022;15:00;1;973;2;1;1;7;4,9318600000; -52,2905100000
202200029380;14;4;2022;19:45;1;28;1;1;1;7;48,4007060000;1,4106220000
202200029381;19;6;2022;03:10;5;69;2;1;1;6;45,7314100000;4,8239300000
202200029382;19;1;2022;10:00;1;28;1;6;1;1;48,5739700000;1,6711990000
202200029383;15;4;2022;17:10;1;22;1;1;1;3;48,5027300000; -2,4928880000
202200029384;19;6;2022;06:40;1;2B;2;1;1;7;42,6711900000;9,4437300000
202200029385;26;1;2022;07:00;3;77;1;1;8;6;48,1490380000;2,7500560000
202200029386;19;6;2022;17:06;1;2A;2;1;1;7;41,9254000000;8,7344200000
202200029387;14;4;2022;21:20;3;41;1;1;1;1;47,6378920000;0,9443800000
202200029388;18;6;2022;21:30;2;95;2;1;1;3;48,9924300000;2,4553700000
202200029389;19;6;2022;12:15;1;91;2;1;1;1;48,6661500000;2,3277200000
202200029390;25;1;2022;08:25;2;35;1;1;5;5;48,1599690000; -1,8400430000
202200029391;15;4;2022;15:35;1;61;1;1;1;6;48,4658220000;0,1244330000
202200029392;19;6;2022;22:05;2;91;2;1;2;6;48,7267350000;2,3243770000
202200029393;26;1;2022;15:50;1;06;1;1;1;2;43,6234950000;7,0120780000
202200029394;19;6;2022;18:35;1;91;1;1;1;7;48,4165600000;2,1305400000
202200029395;15;4;2022;17:00;1;74;2;9;1;3;45,9338220000;6,1864510000
202200029396;24;1;2022;15:10;1;33;1;1;1;6;44,6148950000; -0,9889410000
202200029397;22;1;2022;04:10;3;34;1;9;1;6;43,6195450000;3,9524390000
202200029398;15;4;2022;14:38;1;65;1;1;1;7;43,4780653920;0,0521736642
202200029399;17;6;2022;19:25;1;83;1;1;1;3;43,1149200000;6,0958300000
202200029400;25;1;2022;15:25;1;95;1;1;5;6;49,0368457480;1,9769757986
202200029401;14;4;2022;13:45;1;89;1;2;1;3;48,3459930000;3,2316430000
202200029402;26;1;2022;15:30;1;66;1;1;1;1;42,6563870000;2,7676110000
202200029403;19;6;2022;17:55;1;81;1;1;6;4;43,9668800000;2,1830200000
202200029404;15;4;2022;13:49;1;55;1;1;1;7;48,6971530000;5,0668990000
202200029405;25;1;2022;08:00;2;84;2;1;1;1;43,9395210000;4,9038720000
202200029406;19;6;2022;18:11;1;76;2;5;1;2;49,4196500000;1,0901860000
202200029407;14;4;2022;13:00;1;47;1;1;1;6;44,3685290000;0,2825390000
202200029408;19;6;2022;02:20;5;76;2;9;2;1;49,8927800000;1,0748500000
202200029409;13;4;2022;17:50;1;68;2;1;1;2;47,5806850000;7,5195430000
202200029410;25;1;2022;18:55;3;57;1;2;5;3;48,9755700000;6,5156010000
202200029411;14;4;2022;18:30;1;68;1;9;1;7;47,6036130000;7,2185810000
202200029412;14;4;2022;19:50;1;68;1;1;8;7;47,6622040000;7,2059480000
202200029413;26;1;2022;06:00;5;01;2;7;5;6;45,8517180000;5,0769950000
202200029414;19;6;2022;17:20;1;74;2;3;1;3;46,1869460000;6,2479880000
202200029415;25;1;2022;17:40;2;69;2;1;1;1;45,5970979884;4,8028761148
202200029416;15;4;2022;12:15;1;39;1;1;1;1;47,1657050000;5,7149200000
202200029417;19;6;2022;14:50;1;69;2;2;1;3;45,7760900000;4,8842700000
202200029418;26;1;2022;16:15;1;31;2;1;1;6;43,4271650000;1,3539480000
202200029419;14;4;2022;21:05;3;44;1;1;1;7;47,4746400000; -2,0067150000
202200029420;18;6;2022;02:35;5;69;2;2;1;6;45,7521500000;4,9151800000
202200029421;22;1;2022;16:00;1;33;1;6;1;7;44,8329260000; -0,4733560000
202200029422;19;6;2022;21:00;2;68;2;1;1;7;47,7745100000;7,3282600000
202200029423;24;1;2022;19:00;3;50;1;1;1;6;48,9900670000; -1,0783870000
202200029424;15;4;2022;18:00;1;29;2;2;7;3;47,8141130000; -4,3442340000
202200029425;19;6;2022;04:40;5;67;2;1;1;6;48,2664500000;7,4320900000
202200029426;26;1;2022;17:35;1;22;1;1;1;3;48,8061230000; -3,5012270000
202200029427;15;4;2022;13:15;1;29;2;1;1;3;47,9801370000; -4,1800990000
202200029428;20;6;2022;01:10;5;64;2;2;1;6;43,5281100000; -1,4912100000
202200029429;24;1;2022;07:15;3;13;1;1;1;2;43,3781300000;5,3564400000
202200029430;14;4;2022;16:25;1;01;1;4;7;3;46,0698644235;4,7706547379
202200029431;24;1;2022;06:45;3;13;1;1;1;2;43,2299000000;5,5854200000
202200029432;19;6;2022;16:05;1;54;2;1;1;6;48,6846047131;6,2242645025
202200029433;15;4;2022;17:15;1;01;1;1;1;2;46,1634550000;5,5909680000
202200029434;17;6;2022;21:25;2;54;1;1;1;1;49,4707300000;5,8941700000
202200029435;24;1;2022;07:50;1;83;1;1;1;4;43,1260711843;5,9729420542
202200029436;19;6;2022;19:22;1;45;2;1;1;6;47,9163100000;1,9266500000
202200029437;14;4;2022;16:30;1;70;1;1;1;3;47,6775950000;6,1611630000
202200029438;24;1;2022;08:40;1;59;1;1;1;4;50,6471452201;2,9260271788
202200029439;19;6;2022;17:00;1;37;2;2;1;3;47,3597558226;0,6975916028
202200029440;25;1;2022;19:20;3;91;1;1;1;7;48,6358860000;2,4010450000
202200029441;14;4;2022;15:45;1;05;2;1;1;6;44,6229610000;6,2149570000
202200029442;19;6;2022;17:49;1;33;2;3;1;3;44,8346443047; -0,5803200603
202200029443;24;1;2022;18:30;3;78;1;1;1;5;48,7963900000;2,0323000000
202200029444;18;6;2022;17:00;1;31;2;1;1;3;43,6029700000;1,4514500000
202200029445;7;4;2022;08:15;1;60;2;3;1;6;49,3072940000;2,6042850000
202200029446;25;1;2022;19:00;3;95;1;1;1;3;49,0612613803;2,3119488358
202200029447;18;6;2022;19:45;1;29;1;4;2;7;47,8894000000; -3,9155600000
202200029448;25;1;2022;14:40;1;93;1;1;1;2;48,9022101430;2,3586907111
202200029449;19;6;2022;16:40;1;27;1;1;1;6;49,0571200000;1,1750200000
202200029450;17;6;2022;18:30;1;25;2;1;1;3;47,2542260000;6,0152010000
202200029451;25;1;2022;14:30;1;93;1;1;1;2;48,9127345676;2,4368072152
202200029452;18;6;2022;13:30;1;13;1;1;1;2;43,4421000000;5,2327900000
202200029453;25;1;2022;01:35;3;95;1;1;1;2;48,9733416161;2,4870246649
202200029454;19;6;2022;08:05;1;13;2;1;1;3;43,2828560763;5,4272232860
202200029455;15;4;2022;16:04;1;45;1;1;1;3;47,9442398984;2,1209120751
202200029456;25;1;2022;10:30;1;94;1;1;8;2;48,8289600000;2,4998400000
202200029457;15;4;2022;02:00;5;18;2;4;1;1;47,1445400000;2,2209950000
202200029458;19;6;2022;16:35;1;06;2;1;1;5;43,6453870000;6,9026840000
202200029459;19;6;2022;20:20;1;06;2;1;1;3;43,5556600000;7,0169500000
202200029460;23;1;2022;06:15;5;75;2;4;1;6;48,8808770000;2,4040970000
202200029461;23;1;2022;00:22;5;75;2;1;1;6;48,8646630043;2,4123197794
202200029462;13;4;2022;16:00;1;16;1;1;1;6;45,6928370000; -0,2295440000
202200029463;18;6;2022;18:40;1;75;2;2;1;3;48,8514660000;2,3370620000
202200029464;23;1;2022;23:05;5;75;2;2;1;6;48,8880840000;2,2996720000
202200029465;19;6;2022;18:10;1;75;2;2;1;7;48,8716610000;2,3923110000
202200029466;23;1;2022;19:25;5;75;2;2;1;7;48,8822170000;2,3203760000
202200029467;19;6;2022;06:00;1;75;2;3;1;7;48,8982560000;2,3861060000
202200029468;23;1;2022;22:20;5;75;2;1;1;6;48,8414770000;2,2923900000
202200029469;14;4;2022;17:45;1;24;2;3;1;3;45,1315190000;1,2817740000
202200029470;19;6;2022;09:45;1;75;2;2;2;3;48,8915590000;2,3185020000
202200029471;23;1;2022;13:40;1;75;2;3;1;3;48,8383380000;2,2940080000
202200029472;14;4;2022;06:25;2;88;1;1;1;1;48,2734140000;7,0528740000
202200029473;19;6;2022;11:30;1;75;2;1;1;3;48,8460200000;2,2578820000
202200029474;19;6;2022;17:30;1;75;2;4;1;3;48,8389920000;2,2822650000
202200029475;15;4;2022;10:00;1;67;1;1;7;1;48,9915900000;7,6709980000
202200029476;24;1;2022;10:30;1;75;2;3;1;3;48,8277780000;2,3152100000
202200029477;19;6;2022;17:25;1;75;2;1;1;2;48,8350270000;2,2659020000
202200029478;19;6;2022;12:50;1;75;2;2;1;6;48,8456570000;2,2879970000
202200029479;19;6;2022;17:30;1;75;2;1;1;3;48,8578080000;2,2917150000
202200029480;24;1;2022;09:20;1;75;2;3;1;3;48,8228820000;2,3778550000
202200029481;19;6;2022;02:45;5;75;2;7;1;3;48,8532070000;2,3687150000
202200029482;15;4;2022;01:25;3;60;1;1;1;2;49,6760135081;2,2114019391
202200029483;24;1;2022;01:20;5;75;2;2;1;3;48,8373540000;2,3738400000
202200029484;19;6;2022;19:50;1;94;2;1;1;3;48,7934170000;2,3692000000
202200029485;15;4;2022;13:40;1;13;1;1;1;1;43,6088300000;5,0163960000
202200029486;19;6;2022;02:20;5;94;2;1;1;3;48,7671450000;2,4238140000
202200029487;24;1;2022;15:20;1;75;2;2;1;3;48,8647910000;2,3451660000
202200029488;21;1;2022;00:05;5;75;2;3;1;7;48,8553460000;2,3528150000
202200029489;19;6;2022;17:10;1;94;2;1;1;3;48,8181900000;2,4211100000
202200029490;14;4;2022;16:45;1;95;1;1;1;1;49,0639690000;2,2680120000
202200029491;24;1;2022;09:55;1;94;2;2;1;3;48,7833670000;2,4178000000
202200029492;19;6;2022;07:00;1;94;2;2;2;6;48,7469300000;2,5102200000
202200029493;15;4;2022;14:38;1;17;1;1;1;3;45,4582790000; -0,6175090000
202200029494;19;6;2022;18:55;1;93;2;1;1;6;48,8750057234;2,4704663157
202200029495;24;1;2022;17:57;3;94;2;1;1;2;48,7390410000;2,4468600000
202200029496;17;6;2022;16:40;1;93;2;7;1;3;48,9094100000;2,4718900000
202200029497;24;1;2022;16:15;1;94;2;9;1;2;48,8217900000;2,4645600000
202200029498;24;1;2022;11:40;1;94;2;1;1;3;48,7815130000;2,3670520000
202200029499;19;6;2022;22:20;4;93;2;2;3;1;48,9137715143;2,3829936380
202200029500;19;6;2022;20:00;1;93;2;1;1;5;48,9109000000;2,3822600000
202200029501;24;1;2022;18:00;5;94;2;2;1;6;48,7336700000;2,4057700000
202200029502;12;4;2022;06:00;1;971;2;6;1;3;16,2181570000; -61,6001160000
202200029503;19;6;2022;12:35;1;92;2;1;1;3;48,8147235980;2,2868283391
202200029504;24;1;2022;22:30;5;94;2;1;1;1;48,8228977730;2,5104128569
202200029505;14;4;2022;10:25;1;34;2;1;1;1;43,7201210000;4,0366070000
202200029506;19;6;2022;17:20;1;92;2;1;1;6;48,7956155723;2,2904538140
202200029507;24;1;2022;17:40;5;94;2;3;1;2;48,8293118220;2,4933318794
202200029508;11;4;2022;13:00;1;06;2;1;1;1;43,7954000000;7,2643720000
202200029509;19;6;2022;12:50;1;92;2;2;1;6;48,8434979011;2,2379493713
202200029510;24;1;2022;19:05;5;93;2;1;1;6;48,9568600000;2,5432500000
202200029511;24;1;2022;15:35;1;93;2;1;1;2;48,8574117506;2,5322016971
202200029512;19;6;2022;22:10;5;92;1;1;1;4;48,9044486051;2,2884054780
202200029513;13;4;2022;11:11;1;13;1;3;1;2;43,3735920000;5,6701500000
202200029514;20;6;2022;16:30;1;35;1;1;1;6;47,7099170000; -1,9919750000
202200029515;24;1;2022;14:17;1;93;2;1;1;3;48,8682635512;2,4919512503
202200029516;10;4;2022;17:45;1;71;2;1;1;3;46,3822580000;4,8553830000
202200029517;24;1;2022;08:30;1;93;2;9;1;6;48,9055400000;2,4444400000
202200029518;29;5;2022;14:15;1;01;2;3;1;3;45,9071330000;5,1949130000
202200029519;14;4;2022;08:00;1;67;2;1;1;6;48,9384150000;7,8807060000
202200029520;22;1;2022;13:28;1;93;2;2;8;3;48,9182100000;2,4547400000
202200029521;20;6;2022;14:35;1;95;2;1;1;6;49,1368060000;2,2404410000
202200029522;14;4;2022;20:00;2;54;1;1;1;2;48,5742184717;6,6214835653
202200029523;22;1;2022;12:35;1;93;2;3;8;3;48,9057700000;2,4666700000
202200029524;19;6;2022;02:10;3;40;1;1;1;1;43,7296680000; -1,4122610000
202200029525;24;1;2022;13:00;1;93;2;2;1;3;48,9147951121;2,4039112679
202200029526;20;6;2022;16:50;1;83;1;1;1;3;43,2897210000;6,1943740000
202200029527;15;4;2022;01:00;3;32;1;1;1;6;43,6219550000;0,4902030000
202200029528;17;6;2022;18:10;1;71;1;1;1;3;46,3913680000;4,6285810000
202200029529;24;1;2022;07:50;5;92;2;5;8;3;48,8968200000;2,2642700000
202200029530;11;4;2022;18:35;1;86;1;9;1;6;46,6046950000;0,4272860000
202200029531;19;6;2022;20:20;1;68;2;2;1;3;48,1106760000;7,4184700000
202200029532;15;4;2022;06:40;2;33;2;1;5;6;44,9118710000; -0,6018340000
202200029533;23;1;2022;22:35;3;92;2;2;1;3;48,9104800000;2,2415140000
202200029534;19;6;2022;21:00;3;972;1;1;1;7;14,7207800000; -61,0371580000
202200029535;23;1;2022;20:00;5;92;2;3;1;2;48,9068253640;2,2966489457
202200029536;14;4;2022;16:55;1;14;2;2;1;3;48,9223940000; -0,2133110000
202200029537;19;6;2022;17:25;1;74;1;1;1;1;45,8979830000;6,0433820000
202200029538;23;1;2022;05:23;3;35;1;1;1;6;47,8927730000; -1,3429660000
202200029539;9;5;2022;21:45;5;44;2;2;1;3;47,1765740000; -1,4117480000
202200029540;3;4;2022;11:45;1;76;2;6;1;3;49,6135880000;0,7617150000
202200029541;19;6;2022;11:45;1;57;1;2;1;1;48,8300310000;6,4938960000
202200029542;20;1;2022;15:40;1;40;1;1;1;2;44,0523720000; -0,3270150000
202200029543;15;4;2022;09:50;1;60;2;9;1;3;49,5874410000;2,8437020000
202200029544;13;6;2022;17:10;1;74;1;1;1;3;46,0228780000;5,9454920000
202200029545;15;4;2022;02:08;3;62;1;1;1;6;50,9072510000;1,7779410000
202200029546;19;6;2022;01:00;3;78;1;1;1;1;48,9222450000;1,7818020000
202200029547;24;1;2022;20:00;3;58;1;1;5;6;47,5556550000;2,9647850000
202200029548;11;4;2022;15:00;1;83;1;1;1;4;43,1239350000;5,9612480000
202200029549;13;4;2022;16:30;1;91;1;1;1;5;48,6880400000;2,3250800000
202200029550;24;1;2022;14:00;1;59;2;1;1;6;50,5655600000;2,9225900000
202200029551;20;6;2022;18:10;1;79;2;1;1;1;46,6348370000; -0,2451160000
202200029552;13;4;2022;13:08;1;91;1;1;2;2;48,6136500000;2,4312380000
202200029553;19;6;2022;01:16;3;79;1;1;1;7;46,4463810000; -0,1235000000
202200029554;13;4;2022;17:30;1;78;1;1;1;2;48,8350400000;2,1457140000
202200029555;21;1;2022;15:30;1;72;1;1;1;1;47,9510900000;0,2952150000
202200029556;13;4;2022;17:15;1;92;1;1;1;7;48,8931560706;2,2343018353
202200029557;19;6;2022;22:00;3;2B;1;1;1;6;41,9229480000;9,3109050000
202200029558;24;1;2022;19:30;3;34;1;1;1;2;43,6538250000;3,5252190000
202200029559;23;1;2022;01:15;3;13;1;1;1;1;43,8240200000;4,6674500000
202200029560;19;6;2022;06:15;1;82;1;1;1;6;44,1039880000;1,4612070000
202200029561;25;1;2022;19:45;5;62;1;6;5;7;50,3319034672;2,6412937939
202200029562;18;6;2022;22:40;3;81;1;1;1;7;43,9817370000;1,9285190000
202200029563;10;2;2022;22:00;5;75;2;3;2;6;48,8553070000;2,2262140000
202200029564;20;6;2022;15:15;1;32;1;1;1;1;43,9124830000;0,3965750000
202200029565;12;4;2022;21:00;4;976;2;6;1;3; -12,7711700000;45,2237800000
202200029566;20;6;2022;14:00;1;71;1;3;1;3;46,5549210000;5,3156230000
202200029567;12;4;2022;18:05;1;973;2;1;1;3;4,9353824842; -52,3316922784
202200029568;22;1;2022;00:00;5;62;2;1;1;1;50,4920780000;1,7201380000
202200029569;12;4;2022;20:40;5;69;2;7;1;3;45,7450859450;4,8417359591
202200029570;18;6;2022;18:55;1;71;2;1;1;7;46,2026500160;4,3336979114
202200029571;12;6;2022;14:45;1;49;1;1;1;7;47,6422680000; -0,4951470000
202200029572;23;1;2022;23:15;3;74;1;1;1;1;45,8854830000;6,6488530000
202200029573;12;4;2022;12:00;1;69;2;2;1;1;45,7245200000;4,8711800000
202200029574;19;6;2022;20:00;1;49;1;1;1;6;47,3128610000; -1,3085530000
202200029575;12;4;2022;19:15;1;69;2;1;1;7;45,7507600000;4,8151000000
202200029576;24;1;2022;15:40;1;31;1;4;1;2;43,6374100502;1,3324503601
202200029577;16;6;2022;20:30;1;12;1;1;1;1;44,1977360000;2,0960660000
202200029578;12;4;2022;12:55;1;69;2;3;8;3;45,7281500000;4,7788600000
202200029579;7;6;2022;07:45;1;34;2;6;1;3;43,4203350000;3,1608710000
202200029580;24;1;2022;15:20;1;89;1;1;8;1;48,3068050000;3,1682510000
202200029581;12;4;2022;15:45;1;2A;2;1;1;5;41,9087700000;8,7117800000
202200029582;19;6;2022;11:20;1;38;2;4;1;1;45,3291750000;5,9034880000
202200029583;11;4;2022;12:20;1;91;2;1;1;6;48,6924140000;2,3003660000
202200029584;25;1;2022;18:15;3;55;1;1;5;6;48,6974790000;5,3460400000
202200029585;20;6;2022;10:00;1;06;1;1;1;1;44,2602800000;6,9221650000
202200029586;21;1;2022;19:45;3;42;1;1;9;6;45,7383460000;4,0682300000
202200029587;11;4;2022;11:35;1;90;2;1;1;7;47,6508710000;6,8517380000
202200029588;24;1;2022;17:30;1;44;1;9;1;6;47,3405090000; -2,3450290000
202200029589;20;6;2022;00:30;5;09;2;6;1;6;43,0958990000;1,6251720000
202200029590;12;4;2022;08:38;1;87;2;1;1;6;45,8685100000;1,3279400000
202200029591;11;6;2022;12:00;1;73;2;1;1;6;45,6546631915;6,3707667558
202200029592;18;1;2022;17:10;1;35;1;1;1;6;48,3426090000; -1,1545090000
202200029593;11;4;2022;11:48;1;87;2;1;1;5;45,8315300000;1,2367300000
202200029594;19;6;2022;16:23;1;10;2;1;1;1;48,4645130824;3,4140416980
202200029595;12;4;2022;14:35;1;83;2;1;1;3;43,1223300000;5,9725100000
202200029596;8;4;2022;21:45;5;80;2;2;1;3;49,8965500000;2,2889400000
202200029597;19;6;2022;19:30;1;10;1;2;1;3;48,1792220000;4,3507790000
202200029598;20;1;2022;09:00;1;38;1;3;1;3;45,6442280000;5,4328040000
202200029599;19;6;2022;16:50;1;07;1;1;1;6;44,8922820000;4,4891450000
202200029600;12;4;2022;15:10;1;78;2;9;1;3;48,9949800000;1,9135800000
202200029601;19;6;2022;02:00;3;40;1;1;1;6;43,5275800000; -1,1047380000
202200029602;20;6;2022;09:50;1;04;1;1;1;1;43,7592930000;6,0893120000
202200029603;11;4;2022;03:55;5;77;2;3;1;3;48,5271700000;2,6534500000
202200029604;25;1;2022;11:00;1;14;1;1;5;6;49,2103640000; -0,1153560000
202200029605;19;6;2022;03:20;3;85;2;9;2;7;46,3766710000; -1,0769950000
202200029606;12;4;2022;09:15;1;76;2;1;1;6;49,4904700000;0,5771400000
202200029607;20;6;2022;10:45;1;28;1;1;1;3;48,2323420000;0,8633550000
202200029608;11;4;2022;13:35;1;62;1;6;1;3;50,9253800000;1,8064500000
202200029609;19;6;2022;09:45;1;37;1;1;1;1;47,5325740000;0,3693190000
202200029610;24;1;2022;07:48;2;14;2;1;5;1;49,1553520000; -0,4520020000
202200029611;19;6;2022;10:45;1;08;2;1;1;1;49,7013758450;4,4162882566
202200029612;11;4;2022;14:55;1;59;2;3;1;1;50,3689500000;3,2005900000