Accident_Id;jour;mois;an;hrmn;lum;dep;agg;int;atm;col;lat;long
202200029613;19;6;2022;18:00;5;987;2;1;2;1; -17,7220000000; -149,3990000000
202200029614;12;4;2022;10:30;1;56;1;1;1;1;47,7614600000; -3,4042200000
202200029615;20;6;2022;13:30;1;67;1;9;1;3;48,7317060000;7,8946260000
202200029616;12;4;2022;09:10;1;56;2;1;1;6;47,7637400000; -3,3678900000
202200029617;25;1;2022;08:25;2;85;1;1;1;3;46,8040700000; -1,1459470000
202200029618;20;6;2022;17:57;1;38;2;2;1;3;45,6182270000;5,2093300000
202200029619;11;4;2022;19:05;1;54;2;2;1;1;48,7001770000;6,1725490000
202200029620;19;6;2022;03:05;3;34;2;1;1;7;43,5119270000;3,8027720000
202200029621;10;4;2022;17:00;1;54;2;1;1;3;48,6764156293;6,1773419380
202200029622;23;1;2022;10:45;1;23;1;3;7;3;46,0289310000;2,5211370000
202200029623;19;6;2022;19:15;1;44;1;1;1;6;47,4197610000; -1,0197330000
202200029624;12;4;2022;08:34;1;51;2;6;1;3;49,2322900000;4,0335200000
202200029625;19;6;2022;15:05;1;49;1;1;1;6;47,4294421124; -0,8831977844
202200029626;24;1;2022;14:05;1;77;1;1;1;2;48,5541140000;2,7724600000
202200029627;10;4;2022;00:15;5;50;1;6;1;1;49,6407400000; -1,6697900000
202200029628;20;6;2022;14:48;1;38;1;1;1;2;45,4433620000;5,4048010000
202200029629;8;4;2022;21:55;5;50;2;1;2;6;49,6226400000; -1,6183100000
202200029630;12;4;2022;23:11;5;37;2;1;1;6;47,3821200000;0,6923300000
202200029631;19;6;2022;14:15;1;83;1;1;1;3;43,4687660000;5,8380960000
202200029632;25;1;2022;08:55;1;06;2;3;8;1;43,6365490000;7,0030010000
202200029633;19;6;2022;21:00;2;38;1;9;1;7;45,5574380000;5,4587670000
202200029634;12;4;2022;18:33;1;37;2;1;2;2;47,4071900000;0,6765200000
202200029635;11;4;2022;17:10;1;37;2;1;1;3;47,3352000341;0,6648411602
202200029636;19;6;2022;16:40;1;60;1;1;7;6;49,1485350000;2,5809070000
202200029637;23;1;2022;20:52;5;06;2;5;1;1;43,5801030000;6,9980710000
202200029638;12;4;2022;19:25;1;32;2;1;2;7;43,6280100000;0,6290700000
202200029639;17;6;2022;16:55;1;13;1;1;1;2;43,6041690000;5,1516330000
202200029640;9;4;2022;15:05;1;19;2;2;1;3;45,1606000000;1,5032800000
202200029641;10;1;2022;08:01;2;57;1;1;5;1;48,9776400000;6,8580440000
202200029642;19;6;2022;16:40;1;34;1;1;1;1;43,6291800000;3,7460020000
202200029643;12;4;2022;13:49;1;15;2;3;1;2;44,9046640000;2,4541400000
202200029644;19;6;2022;08:05;1;34;2;6;1;3;43,6258030000;3,6700240000
202200029645;25;1;2022;15:20;1;38;2;1;7;6;45,1756463368;5,6862910354
202200029646;8;4;2022;00:00;5;15;2;1;2;6;44,9164000000;2,4289000000
202200029647;19;6;2022;12:05;1;988;1;1;1;1; -21,2891040000;165,6854260000
202200029648;20;2;2022;08:25;1;30;1;1;1;7;43,7934000000;4,6304000000
202200029649;25;1;2022;00:00;5;69;2;1;1;7;45,5676690000;4,8002740000
202200029650;18;6;2022;23:00;3;974;1;1;1;7; -21,0995250000;55,2657900000
202200029651;12;4;2022;08:05;1;13;2;3;1;3;43,3001511782;5,4490968190
202200029652;19;6;2022;18:30;2;973;1;1;2;1;5,4572065983; -54,0409541130
202200029653;24;1;2022;19:18;5;971;2;1;1;2;16,2743710000; -61,3006530000
202200029654;18;6;2022;18:00;5;971;2;1;1;1;16,1982520000; -61,6045690000
202200029655;12;4;2022;08:50;1;13;2;2;1;3;43,2888600000;5,3828900000
202200029656;21;1;2022;17:30;2;971;1;1;7;2;15,8742910000; -61,2457970000
202200029657;11;4;2022;18:40;1;13;2;2;1;3;43,2957700000;5,4001700000
202200029658;19;6;2022;18:50;1;34;1;1;1;5;43,6555150000;4,1385400000
202200029659;12;4;2022;14:00;1;13;1;1;1;1;43,5439400000;4,9553900000
202200029660;19;6;2022;18:45;1;34;1;2;1;3;43,6688370000;4,1434300000
202200029661;20;6;2022;14:30;1;04;1;1;1;1;43,8288150000;6,4262940000
202200029662;24;1;2022;16:00;2;971;1;1;7;2;15,8743320000; -61,2457750000
202200029663;18;6;2022;14:55;1;13;1;1;1;1;43,7677780000;4,9828360000
202200029664;12;4;2022;15:15;1;10;2;1;1;2;48,2771941760;4,0640482306
202200029665;19;6;2022;20:15;1;89;1;9;1;6;47,7875000000;3,6726410000
202200029666;12;4;2022;12:25;1;06;2;1;1;3;43,6541060000;6,9302690000
202200029667;18;6;2022;17:30;1;71;1;1;1;6;46,8334220000;4,2581680000
202200029668;19;6;2022;05:30;2;21;2;1;1;6;47,3321365440;5,1530634463
202200029669;12;4;2022;20:00;2;06;1;3;1;3;43,6176050000;7,1034020000
202200029670;25;1;2022;16:50;1;95;2;1;5;3;49,1588360000;1,8536370000
202200029671;10;4;2022;21:01;4;75;2;4;1;6;48,9006463022;2,3662582040
202200029672;20;6;2022;08:34;1;63;2;6;1;3;45,8006783762;3,2431112230
202200029673;18;6;2022;01:50;3;74;1;1;1;1;46,1468080000;6,3175030000
202200029674;12;4;2022;08:20;1;75;2;7;1;2;48,8400303199;2,3563621938
202200029675;20;1;2022;13:30;1;78;1;1;1;1;48,9383620000;1,5544130000
202200029676;19;6;2022;20:30;1;38;1;1;1;6;45,7756560000;5,3435480000
202200029677;18;6;2022;18:00;1;07;1;1;1;6;44,7094140000;4,2034510000
202200029678;11;4;2022;15:15;1;75;2;3;1;6;48,8426960000;2,3317570000
202200029679;20;6;2022;08:50;1;01;1;1;1;3;46,3510010000;5,9771100000
202200029680;12;4;2022;10:10;1;75;2;1;1;6;48,8698911322;2,4051455408
202200029681;20;6;2022;10:55;1;81;2;3;1;1;43,7608900000;1,9775870000
202200029682;25;1;2022;03:25;5;70;2;2;1;3;47,6771630000;6,5338500000
202200029683;12;4;2022;06:45;2;75;2;1;1;6;48,8988260000;2,3773400000
202200029684;19;6;2022;14:35;1;32;1;1;1;6;43,7515980000;0,6206100000
202200029685;20;6;2022;17:10;1;09;2;1;1;1;42,8657620000;1,6137030000
202200029686;12;4;2022;21:50;5;75;2;2;1;3;48,8903510000;2,3545360000
202200029687;20;6;2022;12:15;1;40;2;9;1;1;43,7399100000; -1,0152380000
202200029688;24;1;2022;07:10;5;57;2;1;1;6;49,0484060000;6,5953480000
202200029689;8;6;2022;14:05;1;33;1;1;1;6;45,0456770000; -0,4108720000
202200029690;17;6;2022;16:50;1;60;1;3;7;1;49,3938971164;2,9248770475
202200029691;20;6;2022;18:01;1;60;2;3;1;3;49,3278370000;2,3283240000
202200029692;17;6;2022;16:30;1;60;2;1;1;6;49,4035840000;2,3821130000
202200029693;17;6;2022;14:20;1;60;1;1;1;6;49,4508570000;2,3406670000
202200029694;25;1;2022;18:20;3;42;1;2;1;3;45,6408810000;4,0522570000
202200029695;20;6;2022;19:20;1;59;1;1;1;2;50,3308200000;3,0784410000
202200029696;17;6;2022;16:28;1;13;1;1;1;2;43,3159300000;5,4223000000
202200029697;21;1;2022;17:20;1;38;2;1;1;6;45,2308380000;5,6816590000
202200029698;23;1;2022;12:27;1;65;1;2;1;3;43,1288210000;0,1154210000
202200029699;5;1;2022;10:30;1;31;1;1;1;1;43,6308880000;1,2823590000
202200029700;25;1;2022;19:00;5;79;2;6;5;3;46,8437490000; -0,4894700000
202200029701;25;1;2022;11:00;1;29;1;6;1;7;48,4516630000; -4,2667780000
202200029702;25;1;2022;14:41;1;80;2;3;5;3;49,6647530000;2,6809750000
202200029703;19;1;2022;10:23;1;13;1;1;1;5;43,3283870000;5,4172880000
202200029704;24;1;2022;14:10;1;78;1;1;1;3;48,8089540000;2,0544640000
202200029705;24;1;2022;08:40;1;92;1;1;1;4;48,9337452828;2,2760672051
202200029706;22;1;2022;02:37;5;75;2;3;1;7;48,8668260000;2,3366070000
202200029707;17;1;2022;20:17;5;13;1;1;1;3;43,2919766871;5,4527812296
202200029708;23;1;2022;17:37;1;973;2;3;1;3;4,9319967166; -52,3179379106
202200029709;23;1;2022;16:47;1;973;2;1;1;6;4,9267982252; -52,3140031099
202200029710;22;1;2022;10:57;1;973;2;3;1;3;4,9439300000; -52,3081900000
202200029711;22;1;2022;09:45;1;973;2;1;1;2;4,9106500000; -52,3214700000
202200029712;23;1;2022;06:10;2;973;2;6;1;7;4,9413400000; -52,3213400000
202200029713;27;8;2022;03:20;3;22;1;1;1;6;48,7524700000; -3,4115000000
202200029714;23;1;2022;19:40;5;69;2;1;1;3;45,7663378846;4,8645561934
202200029715;23;1;2022;12:15;1;69;1;1;1;5;45,7518988253;4,8209005594
202200029716;26;8;2022;11:00;1;22;1;3;1;3;48,7074030000; -3,4995750000
202200029717;18;1;2022;16:30;1;88;2;1;7;6;48,1931700000;6,4532200000
202200029718;24;8;2022;17:30;1;22;1;1;1;3;48,5880380000; -2,8212440000
202200029719;23;1;2022;21:30;5;83;2;3;1;1;43,1074706354;5,9333876967
202200029720;22;8;2022;10:29;1;22;2;1;1;1;48,5049000000; -2,7177100000
202200029721;23;1;2022;13:50;1;81;2;1;1;6;43,6007299579;2,2349546850
202200029722;21;1;2022;16:35;1;81;2;4;7;1;44,0270600000;2,1286200000
202200029723;21;8;2022;16:24;1;22;1;1;2;6;48,4482766231; -2,4820362338
202200029724;22;1;2022;19:15;5;81;2;1;1;6;43,9189200000;2,1227900000
202200029725;20;8;2022;21:30;3;22;1;1;1;7;48,5520870000; -3,1236090000
202200029726;18;8;2022;05:00;3;22;1;1;1;7;48,5697210000; -3,0928020000
202200029727;23;1;2022;19:10;5;78;2;1;1;2;48,9390770000;2,0341350000
202200029728;23;1;2022;14:00;1;76;1;1;1;3;49,3451200000;1,0596300000
202200029729;17;8;2022;10:55;1;22;2;6;1;3;48,5059470359; -2,7328823805
202200029730;21;1;2022;16:10;2;73;2;3;7;1;45,6683000000;6,3738600000
202200029731;7;8;2022;11:30;1;22;2;1;1;1;48,5574020000; -3,1616650000
202200029732;7;1;2022;13:00;1;68;2;3;1;3;48,0834100000;7,3506100000
202200029733;1;8;2022;11:35;1;74;2;3;1;3;46,3921600000;6,5333900000
202200029734;22;1;2022;21:05;5;62;2;1;8;1;50,4557900000;2,6155500000
202200029735;8;9;2022;20:35;5;62;2;1;1;6;50,4462660000;2,8393270000
202200029736;23;1;2022;19:50;5;54;2;1;1;6;48,7007700000;6,2021000000
202200029737;7;11;2022;13:10;1;974;1;9;1;2; -21,2959600000;55,4609300000
202200029738;23;1;2022;03:25;5;51;2;1;2;7;49,2391815421;4,0137219429
202200029739;7;11;2022;13:10;1;974;1;1;1;3; -21,3252400000;55,4879100000
202200029740;17;1;2022;21:15;3;47;1;3;5;1;44,3962985675;0,7467184386
202200029741;7;11;2022;15:55;1;974;2;1;1;6; -20,8928800000;55,4654100000
202200029742;21;1;2022;16:10;1;46;2;1;1;-1;44,4468180000;1,4440800000
202200029743;16;10;2022;13:55;1;974;2;1;1;6; -20,9370100000;55,3002000000
202200029744;23;1;2022;14:08;1;45;2;1;1;6;47,9138800000;1,8955400000
202200029745;7;11;2022;18:15;5;69;2;2;1;1;45,7380700000;4,8844500000
202200029746;22;1;2022;17:35;3;45;2;1;1;4;47,9617572647;1,8890690804
202200029747;7;11;2022;19:30;5;69;2;2;1;3;45,7247200000;4,8541500000
202200029748;22;1;2022;09:00;1;38;2;2;1;6;45,5850165402;5,2732497689
202200029749;7;11;2022;09:27;1;69;2;2;1;6;45,7454000000;4,8712200000
202200029750;7;11;2022;18:45;5;69;2;2;1;3;45,7557100000;4,8159100000
202200029751;23;1;2022;03:20;5;33;2;2;1;2;44,8533000000; -0,5699800000
202200029752;23;1;2022;00:45;5;33;2;3;1;6;44,8265000000; -0,5474000000
202200029753;7;11;2022;18:00;5;69;2;2;1;2;45,7651828365;4,8381176591
202200029754;7;11;2022;16:30;1;69;2;1;1;7;45,7337300000;4,8178200000
202200029755;22;1;2022;15:01;1;33;2;1;1;2;44,7641500000; -0,5607900000
202200029756;23;1;2022;16:55;1;30;2;6;1;6;44,1036000000;4,0828000000
202200029757;7;11;2022;14:15;1;69;2;1;1;2;45,7607600000;4,8308700000
202200029758;7;11;2022;07:00;2;69;2;9;1;3;45,7727800000;4,8385400000
202200029759;23;1;2022;12:30;1;27;2;1;1;7;49,0032700000;1,1519900000
202200029760;7;11;2022;01:30;5;69;2;1;1;6;45,7522900000;4,8245000000
202200029761;7;11;2022;16:53;1;2B;2;6;1;1;42,7030900000;9,4466800000
202200029762;5;11;2022;15:30;1;971;2;1;8;3;16,2138100000; -61,5010400000
202200029763;7;11;2022;17:30;2;91;2;1;1;2;48,6918800000;2,3785200000
202200029764;7;11;2022;10:40;1;91;2;2;1;3;48,7058570000;2,3714090000
202200029765;4;11;2022;16:14;1;87;1;1;2;3;45,8567000000;1,1591900000
202200029766;7;11;2022;15:15;1;85;2;6;1;3;46,5030140000; -1,7982950000
202200029767;20;10;2022;16:22;1;85;2;1;1;6;46,4803194000; -1,7606422300
202200029768;7;11;2022;10:20;1;83;2;2;1;3;43,1278500000;5,9247700000
202200029769;7;11;2022;13:23;1;83;2;1;1;6;43,1190600000;6,1311400000
202200029770;3;11;2022;16:05;1;81;2;1;1;6;43,9159500000;2,1299300000
202200029771;4;11;2022;13:20;1;78;2;1;1;6;48,8308700000;2,0002300000
202200029772;5;11;2022;20:33;5;76;2;2;1;6;49,4956989566;0,0957155225
202200029773;4;11;2022;15:00;1;76;1;1;1;4;49,5081100000;0,1968900000
202200029774;2;11;2022;17:35;1;70;1;1;1;2;47,6321700000;6,1377100000
202200029775;7;11;2022;18:10;5;69;2;6;1;3;45,7704500000;4,9929300000
202200029776;3;11;2022;11:10;1;69;2;1;8;3;45,7708900000;4,8719000000
202200029777;7;11;2022;08:15;1;69;2;1;7;3;45,7376700000;4,9713600000
202200029778;5;11;2022;17:57;2;66;2;1;1;2;42,6811550610;2,9105776548
202200029779;4;11;2022;15:47;1;66;1;1;1;2;42,7251000000;2,8775500000
202200029780;7;11;2022;08:10;1;64;2;1;7;2;43,3166000000; -0,3401600000
202200029781;5;11;2022;17:10;2;64;2;2;1;3;43,4939000000; -1,4529000000
202200029782;4;11;2022;19:10;5;64;2;3;1;1;43,4914600000; -1,4693300000
202200029783;6;11;2022;15:56;1;63;2;1;1;6;45,8074300000;3,1093500000
202200029784;5;11;2022;01:05;5;62;2;3;1;6;50,5248900000;1,5821030000
202200029785;7;11;2022;12:05;1;61;2;1;1;7;48,4633000000;0,1028100000
202200029786;7;11;2022;10:50;1;59;2;2;1;3;50,7383260000;3,1422290000
202200029787;2;11;2022;20:20;5;59;2;1;1;6;50,6522586019;3,0402410030
202200029788;6;11;2022;22:21;5;56;2;1;2;6;47,7512400000; -3,3685300000
202200029789;6;11;2022;21:55;3;56;1;6;2;7;47,7085400000; -3,4207600000
202200029790;1;11;2022;02:42;3;56;2;1;2;7;47,7411200000; -3,3585400000
202200029791;3;11;2022;19:15;3;52;1;1;3;1;48,6237400000;4,9381200000
202200029792;7;11;2022;11:55;1;45;2;2;1;6;47,9000200000;1,9049300000
202200029793;7;11;2022;08:30;1;45;2;1;1;6;47,9024000000;1,8606000000
202200029794;7;11;2022;18:34;3;44;1;1;1;4;47,1979900000; -1,6189500000
202200029795;7;11;2022;21:15;5;41;2;1;1;1;47,5919800000;1,3187400000
202200029796;7;11;2022;18:10;5;38;2;2;1;1;45,2005400000;5,7592100000
202200029797;7;11;2022;09:25;1;38;2;2;1;6;45,1788490329;5,7512271715
202200029798;7;11;2022;20:45;3;35;1;1;1;2;48,1680090000; -1,7119530000
202200029799;7;11;2022;19:30;5;35;2;3;1;3;48,1101000000; -1,6861000000
202200029800;7;11;2022;07:35;1;34;2;6;1;1;43,6184500000;3,8633300000
202200029801;7;11;2022;12:07;1;33;2;8;1;3;44,8838400000; -0,5419200000
202200029802;7;11;2022;09:20;1;33;2;6;1;6;44,8127600000; -0,5909400000
202200029803;7;11;2022;08:20;2;33;2;3;1;3;44,8250700000; -0,5987000000
202200029804;7;11;2022;21:35;5;18;2;3;1;6;47,2242290000;2,0724030000
202200029805;7;11;2022;09:55;1;15;2;1;1;6;44,9123400000;2,4367810000
202200029806;7;11;2022;14:25;1;14;2;1;1;6;49,1904000000; -0,3006300000
202200029807;7;11;2022;09:15;1;13;2;1;1;4;43,4240000000;5,2500000000
202200029808;7;11;2022;07:20;1;13;2;1;1;3;43,3259495223;5,4819022656
202200029809;7;11;2022;06:58;2;13;2;1;1;3;43,2892000000;5,4684200000
202200029810;7;11;2022;17:30;2;13;2;6;1;3;43,5280000000;5,4114000000
202200029811;7;11;2022;15:30;1;06;2;9;1;6;43,6708700000;7,2239700000
202200029812;7;11;2022;13:49;1;06;2;7;1;2;43,7001000000;7,2560000000
202200029813;7;11;2022;20:25;5;06;1;9;1;1;43,6427400000;6,9079700000
202200029814;7;11;2022;16:05;1;01;2;1;1;3;46,1996330000;5,1878170000
202200029815;6;11;2022;01:41;5;75;2;3;1;6;48,8494260000;2,3569210000
202200029816;8;11;2022;16:25;1;75;2;7;1;6;48,8781490000;2,4093570000
202200029817;8;11;2022;21:45;5;75;2;3;1;3;48,8797420000;2,2894200000
202200029818;7;11;2022;18:40;5;75;2;1;1;7;48,8915680000;2,3104160000
202200029819;8;11;2022;19:00;5;75;2;2;1;2;48,8308440000;2,2923080000
202200029820;8;11;2022;11:45;1;75;2;1;1;3;48,8261730000;2,3263410000
202200029821;6;11;2022;01:00;5;75;2;1;1;2;48,8393490000;2,3219530000
202200029822;8;11;2022;13:13;1;75;2;3;1;3;48,8202420000;2,3479600000
202200029823;8;11;2022;22:50;5;75;2;7;1;3;48,8666980000;2,3651610000
202200029824;7;11;2022;21:12;5;75;2;3;1;6;48,8763580000;2,3324140000
202200029825;7;11;2022;16:10;1;75;2;2;1;1;48,8736230000;2,3353230000
202200029826;8;11;2022;20:30;5;75;2;7;1;2;48,8662870000;2,3216880000
202200029827;7;11;2022;16:34;1;75;2;1;8;3;48,8620060000;2,3151240000
202200029828;8;11;2022;18:10;5;94;2;1;1;6;48,7777600000;2,4626900000
202200029829;8;11;2022;19:45;5;94;2;9;1;4;48,7293870000;2,4470170000
202200029830;8;11;2022;19:30;5;93;2;3;1;3;48,9628000000;2,3784700000
202200029831;8;11;2022;10:15;1;93;2;3;1;6;48,9261800000;2,3622500000
202200029832;8;11;2022;19:10;5;93;2;3;1;1;48,8733400000;2,5297200000
202200029833;8;11;2022;08:30;1;93;2;3;8;3;48,8648158993;2,5258598269
202200029834;8;11;2022;11:20;1;93;2;1;1;6;48,9088311179;2,3870131374
202200029835;8;11;2022;22:20;5;92;2;1;1;7;48,8151527886;2,3042626977
202200029836;7;11;2022;16:43;5;92;2;9;1;3;48,8676250000;2,2284330000
202200029837;8;11;2022;11:40;1;92;2;1;1;7;48,8823204677;2,2683736682
202200029838;7;11;2022;12:06;1;92;2;1;1;3;48,8843500000;2,2657200000
202200029839;8;11;2022;08:40;1;92;2;1;1;6;48,8154410000;2,3177550000
202200029840;8;11;2022;06:30;5;92;2;1;1;6;48,8168040344;2,3116469532
202200029841;7;11;2022;11:25;1;92;2;3;1;3;48,8194320000;2,3102660000
202200029842;8;11;2022;16:48;1;37;2;2;8;3;47,1158900000;0,4180240000
202200029843;9;11;2022;14:20;1;34;1;1;1;4;43,3716770000;3,1439940000
202200029844;9;11;2022;17:15;2;95;2;1;8;6;49,1380630000;2,2751570000
202200029845;9;11;2022;17:45;5;06;2;1;2;3;43,6719070000;7,1206640000
202200029846;8;11;2022;18:15;3;49;1;1;8;1;47,0051040000; -0,6702950000
202200029847;4;11;2022;09:59;1;68;1;3;1;7;48,0835720000;7,4039710000
202200029848;9;11;2022;10:40;1;01;2;3;3;6;46,3322466219;6,0602219403
202200029849;9;11;2022;18:00;3;01;1;1;2;1;46,1154310000;5,8225820000
202200029850;9;11;2022;05:45;3;42;1;1;3;6;45,4591070000;4,6556280000
202200029851;9;11;2022;07:30;1;83;1;3;2;3;43,3703080000;6,2205310000
202200029852;8;11;2022;19:40;3;95;1;1;1;6;49,1112470956;2,4282842875
202200029853;8;11;2022;08:00;1;2A;2;1;7;2;41,9531230000;8,8019480000
202200029854;8;11;2022;22:10;3;63;1;1;2;6;45,5463880327;3,6134505272
202200029855;9;11;2022;12:20;1;12;2;3;1;3;44,5710340000;2,0746890000
202200029856;9;11;2022;14:25;1;42;1;1;1;6;45,4240880000;4,0505650000
202200029857;2;11;2022;04:50;3;68;1;1;5;7;47,7617580000;7,2328610000
202200029858;8;11;2022;14:30;1;35;2;3;1;3;48,1057864203; -1,5187807381
202200029859;8;11;2022;19:00;5;35;2;1;3;6;48,5504688317; -1,7486487329
202200029860;6;11;2022;20:20;3;35;1;1;2;6;48,0058034533; -2,0830585063
202200029861;5;11;2022;05:45;3;31;1;2;1;3;43,7800788269;1,4480951428
202200029862;8;11;2022;21:41;5;38;2;3;1;3;45,2459850000;5,8310900000
202200029863;8;11;2022;08:30;1;72;2;1;1;6;48,0618100000;0,4997870000
202200029864;8;11;2022;18:15;3;45;1;1;6;3;48,0811470000;2,0632300000
202200029865;8;11;2022;19:45;5;40;2;6;1;6;43,7547290000; -1,3514690000
202200029866;12;10;2022;14:07;1;04;2;9;1;6;44,1974320000;5,9437000000
202200029867;27;7;2022;09:15;1;08;1;9;1;7;49,3360980000;4,8492710000
202200029868;9;11;2022;10:50;1;973;2;1;2;3;4,8791350000; -52,2783030000
202200029869;9;11;2022;05:34;3;13;1;1;1;2;43,4699420000;5,6571440000
202200029870;8;11;2022;19:00;5;988;2;3;1;1; -20,9321200000;165,3263500000
202200029871;8;11;2022;16:10;1;45;1;9;7;3;48,1659803332;2,2101649119
202200029872;7;11;2022;23:30;3;95;1;1;1;6;49,1315955129;2,0869478008
202200029873;9;11;2022;08:00;1;78;1;1;1;6;48,6371910000;1,6901350000
202200029874;7;11;2022;23:00;3;48;1;1;2;6;44,4146850000;3,9308310000
202200029875;7;11;2022;17:40;2;34;2;2;1;3;43,6783480000;4,1328390000
202200029876;8;11;2022;20:15;3;34;1;1;1;1;43,6747320000;3,9974780000
202200029877;9;9;2022;17:30;1;13;2;3;1;1;43,4518910000;5,6841050000
202200029878;5;11;2022;17:50;3;67;1;1;1;7;48,5100300000;7,4882130000
202200029879;6;11;2022;18:00;5;73;1;8;2;7;45,7395860000;6,4234250000
202200029880;9;11;2022;15:10;1;69;1;1;1;6;45,8838742895;4,3957060575
202200029881;5;11;2022;21:15;3;53;1;1;1;6;47,9640410000; -0,3513640000
202200029882;8;11;2022;18:20;3;49;1;1;1;7;47,4539420000; -0,2447350000
202200029883;9;11;2022;17:50;3;14;1;1;2;2;49,1887050000; -0,1913920000
202200029884;9;11;2022;00:45;3;76;2;1;1;6;49,5045480000;0,2988890000
202200029885;9;11;2022;16:15;1;60;1;1;7;1;49,4028049882;2,7152182065
202200029886;7;11;2022;16:23;1;60;1;1;1;7;49,4524075696;2,2161429973
202200029887;6;11;2022;18:10;5;59;2;1;9;6;50,2334300000;3,3216050000
202200029888;8;11;2022;18:15;3;13;1;1;1;2;43,4243680000;5,3754950000
202200029889;8;11;2022;09:43;1;13;1;1;1;2;43,3678600000;5,3607800000
202200029890;8;11;2022;09:35;1;69;1;1;1;2;45,7777801867;4,7812360525
202200029891;8;11;2022;02:45;3;69;1;1;1;7;45,5080100000;4,8451000000
202200029892;8;11;2022;19:10;5;33;1;1;1;4;44,7900487912; -0,6111788750
202200029893;8;11;2022;18:23;3;33;1;1;1;4;44,8901260000; -0,6121860000
202200029894;8;11;2022;00:30;5;33;1;1;1;2;44,8011872629; -0,5344301462
202200029895;7;11;2022;18:45;5;33;1;1;1;3;44,8793400000; -0,6281300000
202200029896;6;11;2022;16:33;1;59;1;1;2;2;50,5340600000;3,0485400000
202200029897;3;11;2022;14:50;1;59;1;1;1;6;50,3383500000;3,5035900000
202200029898;31;10;2022;15:45;1;62;1;1;1;3;50,4256320000;2,9873150000
202200029899;29;10;2022;15:24;1;59;1;1;1;6;50,6713281984;2,8712439389
202200029900;8;11;2022;17:15;2;91;1;1;1;3;48,6251000000;2,3231500000
202200029901;8;11;2022;11:10;1;91;1;1;1;4;48,6680000000;2,3540000000
202200029902;8;11;2022;09:30;1;91;1;1;1;3;48,7078300000;2,1878500000
202200029903;8;11;2022;19:00;4;93;1;1;1;4;48,8866200000;2,4821300000
202200029904;8;11;2022;07:25;2;93;1;1;1;3;48,9242200000;2,4809000000
202200029905;7;11;2022;12:10;1;93;1;1;1;2;48,8657661263;2,4206435175
202200029906;7;11;2022;17:50;2;94;1;1;1;3;48,7910300000;2,4409100000
202200029907;16;7;2022;20:02;1;78;2;1;1;6;48,9667910000;2,0112780000
202200029908;27;8;2022;11:05;1;38;2;1;1;6;45,3690730000;4,7960580000
202200029909;7;11;2022;08:27;1;93;2;1;8;3;48,9651600000;2,5709700000
202200029910;6;11;2022;21:35;5;93;2;2;2;3;48,8610610000;2,4898250000
202200029911;7;11;2022;13:05;1;93;2;1;8;2;48,9052690000;2,3966320000
202200029912;7;9;2022;05:50;5;93;2;1;8;3;48,9035794863;2,4678687079
202200029913;7;11;2022;22:35;5;93;2;5;1;3;48,9106000000;2,5122900000
202200029914;7;11;2022;14:25;1;93;2;3;1;6;48,9312200000;2,3784400000
202200029915;6;11;2022;02:50;3;972;1;1;1;1;14,4844120000; -60,9927950000
202200029916;8;11;2022;00:18;2;11;1;1;1;6;43,2722060000;2,8909710000
202200029917;4;11;2022;14:10;1;34;1;1;1;6;43,6564692878;3,5195758266
202200029918;3;6;2022;21:00;1;62;1;1;2;2;50,1355630000;2,7672600000
202200029919;8;11;2022;00:09;3;59;1;1;8;6;50,9059020000;2,4549080000
202200029920;8;11;2022;17:34;5;32;2;2;1;6;43,5142050000;0,4045150000
202200029921;8;11;2022;17:50;4;89;1;1;2;2;47,8651730000;3,5798910000
202200029922;4;10;2022;14:21;1;60;2;1;1;1;49,2911290000;2,4446240000
202200029923;7;11;2022;10:06;1;12;1;1;1;1;44,7881710000;2,8444720000
202200029924;3;10;2022;08:30;1;13;1;1;1;3;43,2847000000;5,5207000000
202200029925;7;11;2022;20:30;3;46;1;2;1;3;44,9126440000;1,7783500000
202200029926;7;11;2022;16:15;1;39;1;1;1;6;47,0168080000;5,6687610000
202200029927;3;10;2022;17:05;1;69;2;1;1;4;45,7361000000;4,8199000000
202200029928;8;11;2022;07:40;2;25;1;1;1;1;47,1062010000;6,6738890000
202200029929;3;10;2022;07:30;1;67;1;1;1;2;48,5876300000;7,7102000000
202200029930;5;11;2022;01:20;3;44;1;1;1;6;47,6516970000; -1,6172920000
202200029931;4;10;2022;18:35;2;92;1;1;1;2;48,7604701300;2,2910136580
202200029932;6;11;2022;20:30;3;44;1;1;2;6;47,3360820000; -1,3586250000
202200029933;4;10;2022;16:00;1;94;1;1;1;3;48,7903422576;2,3438434323
202200029934;7;11;2022;14:15;1;34;2;1;1;6;43,5293110000;3,9299570000
202200029935;4;10;2022;11:25;1;91;1;1;1;3;48,7313300000;2,2392400000
202200029936;4;10;2022;17:25;1;78;1;1;1;2;48,9749260000;1,7265620000
202200029937;4;10;2022;10:00;1;92;1;1;1;4;48,9346615298;2,2581093324
202200029938;3;10;2022;16:55;1;95;1;1;1;6;48,9656083334;2,2718364000
202200029939;3;10;2022;12:20;1;93;1;1;1;7;48,8837520000;2,4591860000
202200029940;26;7;2022;23:50;5;59;2;1;8;6;50,6952524701;3,2131361961
202200029941;19;6;2022;15:30;1;62;1;1;8;6;50,4537450000;2,5844650000