Accident_Id;jour;mois;an;hrmn;lum;dep;agg;int;atm;col;lat;long
202200029942;18;4;2022;16:00;1;14;1;1;1;2;48,9201870000; -0,8571370000
202200029943;29;6;2022;16:45;1;74;1;1;1;5;46,1523450870;6,1556160444
202200029944;21;5;2022;04:15;3;42;2;1;1;7;45,4742910000;4,6089150000
202200029945;4;6;2022;14:55;1;74;2;3;1;3;46,0762300000;6,5612520000
202200029946;19;5;2022;15:55;1;74;2;6;1;6;46,1474770000;6,3200570000
202200029947;20;5;2022;21:00;2;62;2;1;1;1;50,1194090000;2,9326150000
202200029948;21;5;2022;11:35;1;51;1;1;7;7;48,8636840000;3,7815500000
202200029949;15;5;2022;12:05;1;74;1;1;1;3;45,8806800000;6,0295840000
202200029950;21;5;2022;09:57;1;56;1;2;1;3;47,8094080000; -2,1249960000
202200029951;3;10;2022;07:30;1;976;2;9;1;3; -12,8074600000;45,2064500000
202200029952;22;5;2022;12:50;1;59;1;9;1;3;50,8822713153;2,2271279991
202200029953;3;10;2022;12:00;1;974;2;1;1;2; -21,3382100000;55,4894800000
202200029954;22;5;2022;09:15;1;74;2;1;1;6;45,9237790000;6,6120200000
202200029955;3;10;2022;07:15;1;974;2;3;1;3; -21,3442300000;55,4831100000
202200029956;21;5;2022;20:00;1;2B;1;1;1;7;42,9081920000;9,3776460000
202200029957;30;9;2022;12:45;1;973;2;1;1;1;4,9140120426; -52,3208507895
202200029958;15;5;2022;22:40;3;82;2;1;1;6;44,1287300000;1,8165310000
202200029959;22;5;2022;09:15;1;32;1;1;1;6;43,5409890000;0,8267860000
202200029960;3;10;2022;08:30;1;972;1;1;1;3;14,6170600000; -61,0736400000
202200029961;22;5;2022;10:45;1;71;1;1;1;1;46,7505500000;5,2860980000
202200029962;2;10;2022;19:10;2;69;2;3;1;3;45,7530929433;4,8248586059
202200029963;22;5;2022;04:35;5;61;2;1;1;6;48,6554570000; -0,5040190000
202200029964;21;5;2022;21:15;2;61;1;1;1;1;48,8032670000; -0,0230780000
202200029965;3;10;2022;09:55;1;2B;2;1;1;2;42,6144900000;9,4375100000
202200029966;21;5;2022;01:30;3;61;1;1;1;6;48,5365990000;0,2470310000
202200029967;2;10;2022;19:12;5;2B;2;2;1;1;42,7012800000;9,4504000000
202200029968;21;5;2022;11:30;1;42;1;1;1;6;45,3242950000;4,6078830000
202200029969;22;5;2022;12:45;1;41;1;1;1;6;47,9979630000;0,9104920000
202200029970;2;10;2022;10:40;1;971;1;1;1;2;16,2414032030; -61,4893788099
202200029971;20;5;2022;16:45;1;29;1;3;1;2;48,4134930000; -4,2429540000
202200029972;2;10;2022;09:30;1;971;2;1;1;2;16,2413700000; -61,5371200000
202200029973;22;5;2022;10:45;1;22;1;1;2;6;48,2146080000; -3,1587410000
202200029974;22;5;2022;01:00;3;39;1;1;1;6;46,9714580000;5,3396470000
202200029975;1;10;2022;15:55;1;971;2;3;1;3;16,2429000000; -61,5396000000
202200029976;21;5;2022;23:45;3;39;1;1;1;6;46,9963530000;5,7908250000
202200029977;3;10;2022;13:40;1;2A;1;1;1;2;41,9270900000;8,7861000000
202200029978;22;5;2022;13:13;1;44;1;2;1;3;47,1613800000; -1,3413070000
202200029979;3;10;2022;08:45;1;2A;2;9;1;3;41,9474500000;8,7634000000
202200029980;1;10;2022;13:29;1;87;1;1;2;6;45,8956400000;1,3034900000
202200029981;22;5;2022;18:55;1;44;1;1;1;1;46,9927090000; -1,7683270000
202200029982;30;9;2022;15:52;1;87;2;1;1;6;45,8359500000;1,2702700000
202200029983;21;5;2022;20:45;1;29;2;4;1;6;47,9575670000; -3,8258490000
202200029984;1;10;2022;17:00;1;87;1;1;2;6;45,7699500000;1,2240800000
202200029985;1;10;2022;16:23;1;87;2;1;2;6;45,8170900000;1,2524400000
202200029986;28;9;2022;19:59;5;87;2;2;2;3;45,8209000000;1,2303700000
202200029987;21;5;2022;19:53;1;02;2;1;1;6;49,5103340000;3,4509780000
202200029988;29;9;2022;17:40;1;83;2;1;1;3;43,0955000000;5,8831200000
202200029989;21;4;2022;09:18;1;03;1;1;1;7;46,3434390000;3,8890100000
202200029990;22;5;2022;07:00;3;03;1;1;1;6;46,4236110000;2,3882980000
202200029991;21;5;2022;18:15;1;58;2;1;1;6;47,1764490000;3,0192760000
202200029992;2;10;2022;18:10;1;78;1;1;1;1;48,9638000000;1,9796200000
202200029993;22;5;2022;11:15;1;64;1;1;1;3;43,0106730000; -0,7470270000
202200029994;3;10;2022;11:30;1;76;2;1;2;7;49,3381142294;1,0238248646
202200029995;21;5;2022;10:45;1;64;2;2;1;3;43,3879110000; -1,2989650000
202200029996;3;10;2022;07:40;2;76;2;3;5;2;49,4373100000;1,0552200000
202200029997;21;5;2022;11:35;1;73;1;2;1;3;45,4556366222;5,7809570432
202200029998;21;5;2022;19:15;1;73;1;1;1;1;45,4316850000;5,8707760000
202200029999;30;9;2022;12:30;1;76;1;2;1;3;49,4815800000;0,2197600000
202200030000;21;5;2022;22:47;3;07;1;1;1;6;44,3843300000;4,1722300000
202200030001;20;5;2022;14:40;1;24;1;2;1;3;45,4635170000;1,1013360000
202200030002;2;10;2022;23:40;5;76;2;2;1;6;49,4976600000;0,0967200000
202200030003;1;10;2022;04:20;5;74;2;1;1;6;46,1829200000;6,2528400000
202200030004;22;5;2022;11:45;1;85;2;2;1;3;46,9083090000; -1,3768740000
202200030005;3;10;2022;03:30;3;73;1;1;1;6;45,5851000000;5,9076600000
202200030006;22;5;2022;13:15;1;27;1;2;1;3;49,2479320000;1,6112240000
202200030007;1;10;2022;15:54;1;72;2;1;1;3;48,0251500000;0,1805000000
202200030008;22;5;2022;08:05;1;17;1;1;1;1;45,9601900000; -0,8115080000
202200030009;30;9;2022;23:25;5;72;1;3;2;3;47,9599620000;0,2249350000
202200030010;20;5;2022;08:35;1;95;2;1;8;6;49,0597487166;2,1671229601
202200030011;21;5;2022;16:25;1;18;1;1;1;2;47,0329720000;2,3724680000
202200030012;29;9;2022;18:03;1;72;2;1;1;2;47,9715900000;0,2168200000
202200030013;21;5;2022;16:40;2;988;2;1;2;1; -22,2189580000;166,5123560000
202200030014;1;10;2022;19:30;5;71;2;1;2;3;46,2899100000;4,8126500000
202200030015;22;5;2022;08:50;1;988;1;3;1;2; -21,8467660000;165,9231930000
202200030016;3;10;2022;18:00;1;69;2;9;1;6;45,6887680880;4,8652911187
202200030017;3;10;2022;12:30;1;69;2;1;1;6;45,7237161367;4,9175637960
202200030018;18;5;2022;15:05;1;91;2;1;1;6;48,6101060000;2,3258000000
202200030019;22;5;2022;15:30;1;83;2;1;1;1;43,1744889000;5,8283760000
202200030020;3;10;2022;13:35;1;68;2;2;1;3;47,7500900000;7,3274900000
202200030021;22;5;2022;06:25;2;83;1;1;1;1;43,2316872310;5,8064747232
202200030022;1;10;2022;21:05;5;67;2;1;1;2;48,5733300000;7,7193400000
202200030023;4;2;2022;07:50;2;83;1;1;1;2;43,5467709724;6,8073166608
202200030024;1;10;2022;19:10;5;67;2;3;1;5;48,5765400000;7,7539000000
202200030025;22;5;2022;18:05;1;06;1;1;1;6;43,9234450000;7,1531400000
202200030026;22;5;2022;10:05;1;13;1;1;1;1;43,2678940000;5,7268810000
202200030027;1;10;2022;06:00;5;67;2;3;2;3;48,5748940243;7,7511388063
202200030028;22;5;2022;16:48;1;13;1;1;1;3;43,4693970000;4,3951000000
202200030029;30;9;2022;11:20;1;67;2;1;1;2;48,6273500000;7,7724700000
202200030030;21;5;2022;21:25;2;08;2;3;1;3;50,1351220000;4,8283140000
202200030031;29;9;2022;16:45;1;67;2;3;1;3;48,5807400000;7,7236500000
202200030032;21;5;2022;17:30;1;68;1;1;1;7;47,9402950000;7,0117200000
202200030033;27;9;2022;16:55;1;67;2;3;2;3;48,5958300000;7,6960100000
202200030034;21;5;2022;17:50;1;67;1;1;1;7;48,4095386404;7,6319575310
202200030035;1;10;2022;18:55;1;64;2;6;7;3;43,3189000000; -0,3072400000
202200030036;22;5;2022;16:00;1;74;1;1;1;1;46,3632780000;6,5203540000
202200030037;20;4;2022;15:20;1;38;2;1;1;6;45,5805490000;4,8054080000
202200030038;30;4;2022;16:20;1;69;1;1;1;6;45,9557867084;4,5239853859
202200030039;29;9;2022;07:25;5;64;2;2;3;3;43,3136887264; -0,3777475655
202200030040;18;5;2022;16:15;1;69;1;3;1;4;45,9439960000;4,7261810000
202200030041;2;10;2022;19:45;2;64;2;2;1;1;43,4938800000; -1,4992500000
202200030042;21;5;2022;18:55;1;81;1;1;1;2;43,6131330000;2,0980780000
202200030043;2;10;2022;06:00;5;64;2;1;1;2;43,4760578912; -1,5276110738
202200030044;21;5;2022;18:25;1;69;2;1;1;3;45,7473516726;4,7344900619
202200030045;27;9;2022;18:10;1;62;2;2;2;6;50,4048300000;2,8282700000
202200030046;22;5;2022;18:15;1;65;1;1;1;1;43,1292400000;0,1282950000
202200030047;1;10;2022;09:30;1;59;2;3;1;3;50,3475600000;3,1223900000
202200030048;21;5;2022;12:20;1;33;1;1;7;6;45,0370950000; -0,4162310000
202200030049;27;9;2022;07:10;2;59;2;6;8;3;50,3806552873;3,0941346288
202200030050;22;5;2022;12:00;1;29;1;4;1;3;48,5692047420; -4,3594023585
202200030051;2;10;2022;14:20;1;57;2;1;3;1;49,2612400000;6,1286190000
202200030052;1;10;2022;11:15;1;56;2;6;1;7;47,7177800000; -3,3842500000
202200030053;7;5;2022;16:30;1;22;2;1;1;2;48,7782680000; -3,0420960000
202200030054;22;5;2022;11:00;1;22;1;1;8;2;48,1805240000; -2,8255460000
202200030055;1;10;2022;01:05;3;56;1;1;2;4;47,7836280000; -3,3388890000
202200030056;22;5;2022;10:30;1;02;1;1;1;7;49,5152140000;3,7512730000
202200030057;30;9;2022;19:35;5;54;2;2;1;2;48,6825665320;6,1842580140
202200030058;3;10;2022;07:50;2;51;2;1;5;7;49,2233281062;4,0164443851
202200030059;21;5;2022;18:25;1;59;1;1;1;5;50,2037743154;3,5002666712
202200030060;1;10;2022;13:05;1;49;2;1;2;7;47,4725746351; -0,4930034280
202200030061;3;10;2022;17:30;1;47;2;1;1;6;44,4047763846;0,7150935400
202200030062;21;5;2022;07:30;1;60;1;1;8;1;49,6301020000;2,0295420000
202200030063;3;10;2022;19:30;1;47;2;2;1;6;44,1985100000;0,6209600000
202200030064;20;5;2022;12:35;1;73;2;3;1;1;45,8299410910;5,8427819611
202200030065;3;10;2022;09:05;2;47;2;1;1;2;44,2085900000;0,6439700000
202200030066;20;5;2022;23:00;3;42;1;1;1;6;45,9279720000;4,0461120000
202200030067;3;10;2022;12:00;1;37;2;1;1;6;47,3508431305;0,6460529566
202200030068;20;5;2022;15:52;1;67;2;2;1;6;48,7945700000;7,5890180000
202200030069;3;10;2022;08:40;1;37;2;6;1;3;47,4250000000;0,7116300000
202200030070;21;5;2022;03:40;3;22;1;1;1;2;48,5008730019; -2,0397455514
202200030071;20;5;2022;10:19;1;01;2;6;1;3;46,1280990000;5,8115910000
202200030072;3;10;2022;19:00;1;33;2;2;1;3;44,7777600000; -0,5951600000
202200030073;19;5;2022;11:30;1;79;2;1;1;7;46,2645200000; -0,0119500000
202200030074;21;5;2022;04:16;5;68;2;1;1;7;47,8769260000;7,3074480000
202200030075;2;10;2022;13:52;1;32;2;2;1;1;43,6436600000;0,5869900000
202200030076;20;5;2022;11:10;1;34;1;1;1;3;43,7064220000;3,9124740000
202200030077;3;10;2022;17:15;1;31;2;1;1;1;43,5822400000;1,3331400000
202200030078;17;5;2022;10:40;1;57;2;9;7;4;49,2924490000;6,5328140000
202200030079;2;10;2022;00:25;3;27;1;1;2;7;49,0981900000;1,5098500000
202200030080;21;5;2022;06:15;1;04;2;1;1;6;44,2791520000;6,3894720000
202200030081;26;9;2022;20:25;5;27;2;1;8;1;49,0882000000;1,4918000000
202200030082;18;5;2022;20:00;1;56;1;9;1;3;47,8331050000; -2,9073380000
202200030083;3;10;2022;06:15;3;25;2;5;1;3;47,2262030000;5,9772210000
202200030084;21;5;2022;03:00;3;56;1;1;1;6;47,8924670000; -2,4674340000
202200030085;29;9;2022;11:25;1;22;2;9;2;6;48,7319500000; -3,4513800000
202200030086;20;5;2022;19:00;1;74;1;1;1;7;45,7890730000;6,1102010000
202200030087;3;10;2022;18:05;2;17;2;1;1;6;45,7372880000; -0,6534740000
202200030088;21;5;2022;14:45;1;2B;1;1;1;3;42,9435280000;9,4613310000
202200030089;12;5;2022;17:00;1;2B;1;1;1;3;42,8199720000;9,4864130000
202200030090;3;10;2022;20:44;5;17;2;3;1;1;46,1465700000; -1,1423000000
202200030091;21;5;2022;12:15;1;65;2;1;1;7;42,9814970000; -0,0945580000
202200030092;21;5;2022;09:20;1;49;1;9;1;3;47,6158410000; -0,5285020000
202200030093;30;9;2022;19:50;5;13;2;2;1;3;43,8137200000;4,6612200000
202200030094;21;5;2022;16:00;1;12;1;1;1;7;44,6275921000;2,3209480000
202200030095;3;10;2022;19:40;5;13;2;1;1;3;43,2960200000;5,5685200000
202200030096;30;9;2022;17:30;1;11;2;1;1;6;43,1925000000;3,0128510000
202200030097;21;5;2022;15:30;1;29;1;2;1;6;48,5429430100; -3,7458080000
202200030098;29;9;2022;16:30;1;09;2;9;1;6;42,9344480000;1,6298120000
202200030099;20;5;2022;10:50;1;31;2;2;1;3;43,4649630000;1,9956490000
202200030100;3;10;2022;03:00;5;06;2;1;1;6;43,6338600000;6,9393100000
202200030101;15;5;2022;13:20;1;31;1;1;7;6;43,1931220000;1,1047730000
202200030102;29;9;2022;12:10;1;06;2;1;1;7;43,6580870000;7,1659260000
202200030103;20;5;2022;21:16;3;58;1;1;1;7;46,9915570000;3,9307560000
202200030104;21;7;2022;01:04;5;75;2;2;1;3;48,8513880000;2,3431890000
202200030105;21;5;2022;10:30;1;05;1;1;1;7;44,6471130000;6,1826850000
202200030106;3;10;2022;20:30;5;75;2;1;1;3;48,9005010000;2,3248890000
202200030107;20;5;2022;19:40;1;05;1;1;1;6;44,6793190000;6,0621680000
202200030108;20;5;2022;22:00;2;10;1;1;1;6;48,0288821344;4,3632888794
202200030109;1;10;2022;22:30;5;75;2;4;1;6;48,8257910000;2,3865890000
202200030110;20;5;2022;19:05;1;40;1;3;7;5;43,8703950000; -0,2474070000
202200030111;3;10;2022;01:45;5;75;2;7;1;3;48,8959770000;2,3464180000
202200030112;21;5;2022;09:50;1;85;1;1;1;1;46,5347240000; -1,3686240000
202200030113;3;10;2022;19:50;5;75;2;2;1;2;48,8943080000;2,3137630000
202200030114;20;5;2022;18:45;1;37;2;1;1;4;47,2747960000;0,8315220000
202200030115;3;10;2022;18:30;1;75;2;1;1;3;48,8673870000;2,2722590000
202200030116;21;5;2022;00:30;3;37;1;2;1;6;47,0735160216;1,0964166373
202200030117;2;10;2022;03:30;5;75;2;3;2;3;48,8527090000;2,2807250000
202200030118;20;5;2022;20:20;2;08;1;1;1;7;49,5489090000;4,1003890000
202200030119;3;10;2022;12:15;1;75;2;2;8;2;48,8472300000;2,2791650000
202200030120;20;5;2022;04:15;3;18;1;1;8;3;47,2383650000;2,0388540000
202200030121;21;5;2022;00:15;3;34;1;1;1;1;43,7193810000;3,8329410000
202200030122;3;10;2022;08:00;1;75;2;4;8;3;48,8295870000;2,2922970000
202200030123;21;5;2022;16:30;1;69;2;3;1;3;45,7650190000;4,7681500000
202200030124;3;10;2022;10:00;1;75;2;2;1;3;48,8387300000;2,3764230000
202200030125;3;10;2022;08:30;1;75;2;1;2;6;48,8399260000;2,3884800000
202200030126;20;5;2022;18:05;1;49;1;1;1;2;47,4408259544; -0,7538073815
202200030127;21;5;2022;06:41;2;64;1;1;1;2;43,3409103619; -1,7373579741
202200030128;3;10;2022;17:30;1;75;2;2;1;2;48,8820980000;2,3633370000
202200030129;20;5;2022;13:40;1;38;1;1;1;2;45,5602077706;5,4104104760
202200030130;27;9;2022;08:40;1;94;2;9;1;3;48,8348200000;2,5049650000
202200030131;20;5;2022;20:40;3;987;2;1;1;1; -17,8272130000; -149,2423950000
202200030132;3;10;2022;17:50;1;94;2;1;1;6;48,7823000000;2,4644000000
202200030133;3;10;2022;05:25;5;94;2;3;2;6;48,7724358243;2,4023992093
202200030134;21;5;2022;10:40;1;973;1;1;1;5;4,9156190000; -52,3762460000
202200030135;18;4;2022;21:10;5;971;1;1;2;6;16,2918940000; -61,3690230000
202200030136;2;10;2022;22:10;5;94;2;7;1;1;48,7638700000;2,3682900000
202200030137;14;1;2022;19:15;4;971;2;1;1;6;16,3311050000; -61,6945730000
202200030138;3;10;2022;16:50;1;94;2;1;1;3;48,7222100000;2,5344300000
202200030139;20;5;2022;13:20;1;33;2;1;1;1;44,8190286990; -0,4408974946
202200030140;21;5;2022;19:00;1;77;1;1;7;1;48,3055350000;2,4919650000
202200030141;3;10;2022;07:55;2;93;2;3;5;3;48,9454800000;2,3866200000
202200030142;18;5;2022;19:35;1;77;2;1;1;6;48,8608050000;2,9273410000
202200030143;3;10;2022;22:55;5;93;2;1;1;3;48,9359412542;2,5767822252
202200030144;20;5;2022;08:20;1;95;2;1;3;6;49,0803070000;1,9319360000
202200030145;20;5;2022;16:00;1;83;1;1;1;7;43,1417670000;6,2619500000
202200030146;3;10;2022;15:00;1;93;2;1;1;3;48,9515052945;2,3208390860
202200030147;20;5;2022;15:45;1;13;2;1;1;3;43,4894860000;5,2195630000
202200030148;3;10;2022;08:40;1;93;2;2;5;3;48,9032362304;2,5586056080
202200030149;21;5;2022;08:30;1;13;1;2;1;3;43,8810910000;4,9156040000
202200030150;19;5;2022;13:10;1;89;1;1;1;6;47,9696350000;3,4142160000
202200030151;3;10;2022;07:10;2;93;2;1;5;3;48,9115087354;2,4749802053
202200030152;20;5;2022;16:30;1;71;2;9;1;6;46,2774480000;4,0358070000
202200030153;21;5;2022;10:45;1;71;1;1;1;2;46,4436750000;4,2095980000
202200030154;3;10;2022;12:27;1;93;2;6;5;6;48,9101200000;2,4461400000
202200030155;20;5;2022;21:30;2;71;1;1;1;1;46,4259000000;4,4125450000
202200030156;3;10;2022;08:30;1;93;2;2;1;3;48,9064752782;2,3729671932
202200030157;3;10;2022;08:45;1;92;2;1;8;7;48,8234094890;2,2551353574
202200030158;14;5;2022;20:10;2;69;1;1;7;1;45,6808093340;4,3958830833
202200030159;3;10;2022;17:40;2;92;2;1;1;6;48,9098376390;2,2528211474
202200030160;20;5;2022;14:30;1;69;2;1;1;2;45,8126080000;4,6008470000
202200030161;3;10;2022;08:10;2;92;2;6;8;3;48,8480920029;2,2417339682
202200030162;21;5;2022;11:10;1;69;2;1;1;6;45,8090670000;4,7612970000
202200030163;20;5;2022;17:00;1;16;2;1;1;1;45,6804990000;0,1773940000
202200030164;30;9;2022;23:30;5;92;2;2;1;5;48,9143400000;2,3108200000
202200030165;20;5;2022;23:50;3;33;1;1;1;1;44,5134000000; -0,7453540000
202200030166;5;4;2022;07:30;1;85;1;1;2;5;46,7274300000; -1,8698400000
202200030167;1;10;2022;21:40;5;92;2;6;1;3;48,9226968311;2,2860022187
202200030168;21;5;2022;00:40;3;85;1;1;1;6;46,8563500000; -1,4092100000
202200030169;30;9;2022;12:00;1;92;2;1;1;6;48,9191344187;2,3168076575
202200030170;21;5;2022;01:45;3;49;1;1;1;2;47,1090270000; -0,9957650000
202200030171;29;9;2022;15:10;1;92;2;1;1;6;48,9195814857;2,2765994668
202200030172;3;10;2022;17:45;1;54;1;3;1;1;48,6970968530;6,3907653102
202200030173;21;5;2022;16:05;1;50;1;2;1;3;49,6262450000; -1,7986680000
202200030174;20;5;2022;15:50;1;22;1;1;1;7;48,2222210000; -2,8350520000
202200030175;4;9;2022;12:18;1;01;2;3;1;6;45,9025410000;5,1910400000
202200030176;27;1;2022;05:30;3;54;1;1;8;6;48,6461670000;6,1414510000
202200030177;4;10;2022;13:05;1;38;1;1;1;1;45,4162490000;4,7632600000
202200030178;28;1;2022;16:50;2;54;1;1;1;2;48,8487800000;6,0893700000
202200030179;20;5;2022;00:00;5;974;2;3;1;7; -20,9409300000;55,3104900000
202200030180;4;10;2022;12:00;1;06;2;3;1;1;43,7384270000;7,3097500000
202200030181;18;5;2022;09:35;1;973;2;1;1;2;4,9208000000; -52,3033200000
202200030182;19;5;2022;13:30;1;972;2;1;1;6;14,6140700000; -60,9945600000
202200030183;3;10;2022;18:20;1;43;1;4;1;3;45,2721230000;3,6142660000
202200030184;19;5;2022;13:05;1;972;1;1;1;7;14,6035900000; -61,0608100000
202200030185;4;10;2022;08:15;1;95;2;6;1;3;49,1244090000;2,2497730000
202200030186;19;5;2022;16:25;1;69;1;6;1;2;45,7707000000;4,7885100000
202200030187;3;10;2022;14:45;1;972;1;1;1;7;14,6958800000; -61,1770030000
202200030188;4;10;2022;07:30;2;12;1;1;1;6;44,0216560000;2,5358360000
202200030189;19;5;2022;07:55;1;69;2;3;1;3;45,7138900000;4,8172700000
202200030190;3;10;2022;15:15;1;56;1;1;1;4;47,9396780000; -2,2641490000
202200030191;19;5;2022;18:30;1;971;2;9;1;6;16,2479100000; -61,5327500000
202200030192;3;10;2022;11:30;1;56;2;3;1;3;47,4761800000; -3,1124140000
202200030193;18;5;2022;12:15;1;91;2;1;1;6;48,6997100000;2,1649000000
202200030194;3;10;2022;12:40;1;80;2;2;1;3;49,9847350000;1,5616270000
202200030195;3;10;2022;09:15;1;69;1;6;7;3;46,0425830000;4,3029190000
202200030196;18;5;2022;12:40;1;91;2;1;1;2;48,7048800000;2,4592700000
202200030197;3;10;2022;17:00;1;42;1;1;1;7;45,8580520000;4,1904150000
202200030198;19;5;2022;17:00;1;91;1;1;1;2;48,7238300000;2,3702900000
202200030199;3;10;2022;14:50;1;42;1;4;1;2;45,5586180000;4,3199340000
202200030200;3;10;2022;15:20;1;42;1;1;8;3;45,4245100000;4,0467020000
202200030201;18;5;2022;17:30;1;91;2;1;7;2;48,6863020000;2,3508810000
202200030202;1;10;2022;15:00;1;42;1;1;1;6;45,2695670000;4,3976960000
202200030203;19;5;2022;13:32;1;87;2;1;1;7;45,8493700000;1,2256100000
202200030204;3;10;2022;07:45;2;22;1;1;1;6;48,5370417878; -3,5015407205
202200030205;10;9;2022;18:30;1;35;2;1;1;6;48,1116300000; -1,4016480000
202200030206;19;5;2022;07:41;1;87;2;2;1;3;45,8264500000;1,2517500000
202200030207;3;10;2022;08:00;1;31;1;1;1;6;43,3098470000;0,6790490000
202200030208;18;5;2022;09:09;1;87;2;3;1;3;45,8920700000;1,2014100000
202200030209;18;5;2022;21:30;1;86;2;1;1;6;46,5762030000;0,3735780000
202200030210;3;10;2022;17:30;1;38;2;1;1;6;45,2731310000;5,9242430000
202200030211;2;10;2022;01:00;5;72;2;1;1;1;48,1016600000;0,5784500000
202200030212;19;5;2022;16:25;1;83;2;6;1;7;43,1288310000;5,9817270000
202200030213;9;5;2022;11:35;1;83;2;1;1;6;43,4239553340;6,7663845420
202200030214;4;10;2022;02:00;5;64;1;1;1;6;43,2936200000; -0,2864810000
202200030215;15;7;2022;09:45;1;07;1;1;1;4;44,6139700000;4,4083300000
202200030216;15;5;2022;16:55;1;83;2;9;1;6;43,4147870000;6,8080340000
202200030217;1;10;2022;22:30;3;10;1;1;1;6;48,5050189194;3,4752309322
202200030218;20;7;2022;16:00;1;01;2;1;1;6;46,1946088136;5,2298891544
202200030219;16;5;2022;10:27;1;17;2;1;1;6;45,9553350000; -0,5325240000
202200030220;19;7;2022;17:25;1;75;2;1;1;2;48,8933370000;2,3034110000
202200030221;17;5;2022;19:00;1;80;1;1;1;3;49,8965600000;2,3013300000
202200030222;2;10;2022;11:55;1;87;1;1;1;7;45,8487298680;0,8551290479
202200030223;19;7;2022;14:20;1;75;2;1;1;2;48,8262150000;2,3877800000
202200030224;2;10;2022;15:30;1;87;1;1;1;3;46,2146150000;1,1203910000
202200030225;16;4;2022;00:05;5;79;2;3;1;1;46,3153000000; -0,4140000000
202200030226;19;7;2022;13:48;1;75;2;1;1;4;48,8788790000;2,4079060000
202200030227;19;5;2022;08:55;1;78;2;1;1;3;48,9730380000;1,8465000000
202200030228;4;10;2022;08:30;1;988;2;3;1;7; -22,2000460000;166,4786200000
202200030229;19;7;2022;02:10;5;75;2;1;1;2;48,8544570000;2,4138350000
202200030230;19;5;2022;20:40;1;76;2;6;1;3;49,4261000000;1,0877500000
202200030231;4;10;2022;12:40;1;973;1;1;1;1;4,8670340000; -52,2508590000
202200030232;20;7;2022;18:35;1;75;2;1;2;4;48,8734120000;2,3960010000
202200030233;19;5;2022;07:55;1;72;2;1;1;2;47,9853200000;0,2252400000
202200030234;30;9;2022;21:15;5;69;2;1;1;1;45,7639200000;4,7792050000
202200030235;16;5;2022;16:30;1;72;2;1;1;2;48,0124530000;0,2058590000
202200030236;20;7;2022;21:50;5;75;2;2;1;3;48,8947880000;2,3823560000
202200030237;19;5;2022;18:35;1;69;2;2;1;3;45,7119600000;4,9206700000
202200030238;4;10;2022;18:00;1;51;1;1;1;4;49,2547010000;4,0030470000
202200030239;20;7;2022;17:40;1;75;2;3;9;6;48,8938160000;2,3350810000
202200030240;19;5;2022;03:50;5;69;2;3;1;7;45,7721100000;4,8588800000
202200030241;4;10;2022;08:20;1;22;1;1;1;3;48,4807020000; -2,6499800000
202200030242;20;7;2022;14:40;1;75;2;7;1;3;48,8737310000;2,2941270000
202200030243;18;5;2022;07:10;1;69;2;3;1;6;45,6972900000;4,9445900000
202200030244;4;10;2022;08:20;1;59;1;1;5;6;50,2291071484;3,2708144188
202200030245;20;7;2022;08:50;2;75;2;1;2;2;48,8450160000;2,3800620000
202200030246;18;5;2022;13:25;1;67;2;3;1;5;48,5616200000;7,6950900000
202200030247;19;7;2022;23:50;5;75;2;4;1;6;48,8372130000;2,4079270000
202200030248;3;10;2022;02:24;3;60;1;1;5;4;49,1388223579;2,5685951841
202200030249;19;5;2022;14:55;1;64;2;1;1;5;43,2799100000; -0,3587600000
202200030250;4;10;2022;05:00;5;988;1;3;1;6; -21,7275800000;165,8283100000
202200030251;20;7;2022;09:40;1;75;2;2;2;3;48,8684350000;2,3749300000
202200030252;19;5;2022;08:30;1;64;1;3;2;5;43,3483000000; -0,3800100000
202200030253;2;10;2022;18:40;3;971;1;1;1;3;16,2624550000; -61,3861410000
202200030254;19;5;2022;06:15;2;64;2;1;1;7;43,4744489329; -1,5005055070
202200030255;26;9;2022;16:26;2;13;1;2;1;1;43,4891950000;5,6303160000
202200030256;18;5;2022;09:25;1;63;2;3;1;6;45,7910900000;3,0863200000
202200030257;19;7;2022;22:09;5;75;2;4;1;3;48,8568210000;2,3704860000
202200030258;17;5;2022;11:07;1;63;2;1;1;2;45,7590100000;3,1444900000
202200030259;4;10;2022;05:10;3;77;1;1;5;3;48,6130340000;2,9762430000
202200030260;20;7;2022;22:00;2;94;2;1;8;7;48,7913600000;2,3536500000
202200030261;18;5;2022;00:21;3;63;2;1;1;6;45,8239800000;3,1109200000
202200030262;17;5;2022;10:46;1;63;2;1;1;2;45,7661100000;3,0942500000
202200030263;20;7;2022;23:10;5;94;2;1;1;6;48,8122200000;2,3672500000
202200030264;17;5;2022;09:39;1;63;2;1;1;6;45,8116800000;3,1147400000
202200030265;2;10;2022;20:45;5;91;2;1;1;3;48,6891370000;2,2303530000
202200030266;17;5;2022;08:21;1;63;2;1;1;6;45,7930800000;3,1177600000
202200030267;19;5;2022;09:20;1;61;1;2;1;3;48,4356700000;0,0224200000
202200030268;3;10;2022;08:30;1;34;1;3;1;3;43,4569140000;3,6105750000
202200030269;4;10;2022;17:10;1;05;1;1;1;1;44,2656430000;5,9034150000
202200030270;19;7;2022;19:10;1;94;2;2;7;1;48,8507800000;2,4751400000