Accident_Id;jour;mois;an;hrmn;lum;dep;agg;int;atm;col;lat;long
202200030271;15;4;2022;22:10;5;60;2;1;1;4;49,4161851382;2,0993623137
202200030272;2;10;2022;05:20;3;52;1;1;1;7;48,0376490000;5,2038720000
202200030273;15;5;2022;01:00;5;59;2;2;1;3;50,6344700000;3,0487200000
202200030274;30;8;2022;19:10;1;67;1;1;1;3;48,4366440000;7,3250350000
202200030275;13;5;2022;13:10;1;57;2;3;1;6;49,1861010450;6,8691058013
202200030276;4;10;2022;16:45;1;64;1;1;1;7;43,2551980000; -0,2903710000
202200030277;19;5;2022;11:10;1;56;2;3;1;6;47,7523480000; -3,3653310000
202200030278;20;7;2022;07:35;1;94;2;3;3;4;48,8015400000;2,5406200000
202200030279;19;5;2022;22:05;5;54;2;9;1;3;48,6858200000;6,1962900000
202200030280;1;10;2022;15:00;1;33;1;1;2;1;45,1223240000; -0,5750230000
202200030281;19;5;2022;16:15;1;51;2;1;1;7;49,2362288934;4,0159736574
202200030282;3;10;2022;18:45;1;44;1;1;1;7;47,1407120000; -1,4045550000
202200030283;18;5;2022;17:40;1;51;2;1;1;7;49,2901053081;4,0631751716
202200030284;20;7;2022;08:30;1;93;2;2;3;3;48,9487000000;2,5606600000
202200030285;3;10;2022;20:15;5;50;2;3;1;3;48,6786670000; -1,3415560000
202200030286;19;5;2022;17:22;1;47;2;2;1;1;44,1852100000;0,6320300000
202200030287;13;5;2022;10:00;1;46;2;3;1;3;44,4634140000;1,4537640000
202200030288;4;10;2022;16:11;1;59;2;1;1;6;50,0264490000;4,0322510000
202200030289;3;10;2022;11:20;1;13;1;9;1;7;43,3963382878;5,0484287738
202200030290;19;5;2022;12:10;1;45;2;3;1;3;47,9061500000;1,8580600000
202200030291;20;7;2022;16:30;1;93;2;3;2;3;48,9491700000;2,3834500000
202200030292;3;10;2022;18:36;1;83;1;1;1;2;43,1249370000;5,9678690000
202200030293;18;5;2022;20:00;1;45;2;2;1;3;47,9859000000;2,7143200000
202200030294;20;7;2022;20:20;1;93;2;1;1;6;48,8653742252;2,5345732571
202200030295;3;10;2022;02:50;3;69;1;1;1;2;45,7255112119;4,8171222210
202200030296;19;5;2022;17:28;1;44;1;1;1;4;47,2122300000; -1,6325900000
202200030297;12;4;2022;12:50;1;42;2;1;1;6;45,4745700000;4,5192600000
202200030298;3;10;2022;14:30;1;33;1;1;1;4;44,7892900000; -0,6184800000
202200030299;19;5;2022;17:40;1;42;2;2;1;3;46,0304597034;4,0625499487
202200030300;1;10;2022;18:26;1;33;1;1;2;3;44,8292940000; -0,6757640000
202200030301;19;7;2022;11:22;1;92;2;3;1;3;48,9348485394;2,3249427974
202200030302;18;5;2022;15:15;1;39;1;1;1;1;47,0700800000;5,4539700000
202200030303;29;9;2022;14:16;1;33;1;1;2;7;44,7900805168; -0,6465008855
202200030304;2;10;2022;11:45;1;62;1;1;3;6;50,4405000000;2,7782200000
202200030305;18;5;2022;13:05;1;38;2;1;1;1;45,1538100000;5,7120100000
202200030306;20;7;2022;11:05;1;92;2;1;2;7;48,8628900000;2,2183000000
202200030307;18;5;2022;19:35;1;37;2;6;1;6;47,3785000000;0,6983100000
202200030308;3;10;2022;18:35;1;94;1;1;1;3;48,7560800000;2,3329500000
202200030309;19;5;2022;18:30;1;35;1;9;1;2;48,0706008556; -1,6969773173
202200030310;3;10;2022;08:30;1;91;1;1;5;3;48,6312290000;2,5085260000
202200030311;20;7;2022;08:40;1;92;2;1;2;7;48,8187112202;2,2175275683
202200030312;19;5;2022;16:35;1;35;1;1;1;2;48,1067725549; -1,5989450916
202200030313;3;10;2022;08:20;2;91;1;1;5;4;48,5704200000;2,4698700000
202200030314;19;5;2022;17:30;1;33;2;1;1;6;44,8415500000; -0,5810800000
202200030315;3;10;2022;05:20;3;91;1;1;1;7;48,7497600000;2,2209600000
202200030316;19;5;2022;16:20;1;33;2;1;1;1;44,8251800000; -0,6207600000
202200030317;18;7;2022;23:14;5;92;2;6;1;3;48,8264600000;2,2193500000
202200030318;18;5;2022;14:16;1;33;2;9;1;3;44,7630044219; -0,5597287416
202200030319;2;10;2022;21:40;3;91;1;1;2;2;48,6254000000;2,3362900000
202200030320;18;5;2022;17:30;1;31;1;1;1;4;43,6230700000;1,3899400000
202200030321;3;10;2022;18:18;1;78;1;1;1;2;48,9778030000;1,7116350000
202200030322;19;5;2022;18:50;1;29;2;1;1;6;48,5765882028; -3,8414615394
202200030323;18;5;2022;17:15;1;27;2;1;7;7;49,2682292662;1,1898708344
202200030324;3;10;2022;07:20;2;78;1;1;5;2;48,9698400000;1,8697000000
202200030325;20;7;2022;14:50;1;92;2;6;1;5;48,8422361132;2,2071318625
202200030326;3;10;2022;19:00;2;95;1;1;1;2;48,9892300000;2,5105600000
202200030327;20;7;2022;06:00;5;92;2;1;2;6;48,8157625686;2,3106568158
202200030328;3;10;2022;17:30;1;93;1;1;1;5;48,9121100000;2,3581400000
202200030329;18;5;2022;17:35;1;25;1;1;1;2;46,9255530000;6,3566870000
202200030330;19;7;2022;10:55;1;92;2;6;1;6;48,9029944114;2,3131826520
202200030331;3;10;2022;06:50;3;93;1;1;5;4;48,8833590967;2,4579547253
202200030332;3;10;2022;05:55;3;93;1;1;5;5;48,8350190000;2,5804620000
202200030333;19;7;2022;22:20;5;92;2;1;1;2;48,7915100000;2,2630900000
202200030334;20;7;2022;08:37;1;92;2;2;2;6;48,7732380643;2,2807442844
202200030335;2;10;2022;16:05;1;988;2;1;1;2; -22,2252100000;166,4637800000
202200030336;19;7;2022;09:30;1;92;2;1;1;1;48,9122768196;2,2853666693
202200030337;2;10;2022;13:40;1;974;1;1;1;6; -21,2986100000;55,5068500000
202200030338;2;10;2022;19:40;5;69;2;2;1;6;45,7298500000;4,8537400000
202200030339;21;7;2022;09:45;1;83;1;1;1;3;43,5442470000;6,3448740000
202200030340;2;10;2022;17:25;1;69;2;3;1;3;45,7639500000;4,8619400000
202200030341;21;7;2022;14:45;1;84;1;2;1;3;43,9459710000;5,0135690000
202200030342;2;10;2022;17:00;1;69;2;1;1;6;45,7405300000;4,8600300000
202200030343;2;10;2022;11:14;1;972;1;1;1;7;14,6285600000; -61,0586500000
202200030344;30;9;2022;12:25;1;971;1;9;1;1;16,0100800000; -61,7459200000
202200030345;19;7;2022;13:30;1;71;1;1;1;2;46,3616490000;4,8307440000
202200030346;2;10;2022;19:50;3;2A;1;3;1;3;41,9370400000;8,8036300000
202200030347;21;7;2022;11:27;1;05;1;6;1;3;44,9305400000;6,5935830000
202200030348;2;10;2022;05:40;5;91;2;3;2;3;48,6997500000;2,3107800000
202200030349;20;7;2022;12:55;1;972;2;1;3;2;14,7112390000; -61,1839660000
202200030350;21;7;2022;07:45;1;26;1;1;1;4;44,4011650000;4,7291850000
202200030351;21;7;2022;09:45;1;63;1;4;7;1;45,6321660000;2,8253750000
202200030352;20;7;2022;13:50;1;84;2;2;1;3;43,8455420000;5,1113780000
202200030353;21;7;2022;03:10;3;50;1;1;1;6;48,7475870000; -1,2812810000
202200030354;20;7;2022;14:15;1;30;1;3;1;1;43,9509190000;4,7110750000
202200030355;12;7;2022;06:50;1;40;1;1;1;7;44,1267350000; -0,7527140000
202200030356;20;7;2022;13:32;1;56;1;1;1;6;48,0943700000; -3,5561800000
202200030357;20;7;2022;12:50;1;56;1;1;1;1;48,0153560000; -2,4043640000
202200030358;15;7;2022;11:45;1;56;2;2;1;3;48,0483260000; -2,2693630000
202200030359;17;7;2022;15:10;1;56;1;3;1;2;47,6590570000; -3,0894790000
202200030360;20;7;2022;09:45;1;74;2;6;1;3;46,0779940000;6,5414360000
202200030361;20;7;2022;17:30;1;74;2;2;1;3;45,9019330000;5,9346660000
202200030362;21;7;2022;13:30;1;77;2;1;1;2;48,4765890000;3,1961240000
202200030363;20;7;2022;14:15;1;65;1;1;1;7;42,9654750000; -0,2667300000
202200030364;20;7;2022;18:30;1;33;1;3;7;3;45,2071530000; -0,7564580000
202200030365;20;7;2022;18:03;1;71;2;1;1;1;46,5945840000;5,3980420000
202200030366;21;7;2022;09:25;1;63;1;1;1;7;45,5459590000;3,0795410000
202200030367;20;7;2022;10:35;1;12;2;1;1;6;44,2920250000;2,6012920000
202200030368;28;6;2022;22:15;2;44;1;1;1;1;47,1384000000; -1,7192500000
202200030369;20;7;2022;12:30;1;70;1;1;1;7;47,6377500000;6,2858100000
202200030370;18;7;2022;18:55;1;72;1;9;1;3;48,1557465582;0,0307989118
202200030371;20;7;2022;15:10;1;06;2;9;1;3;43,7277590000;7,4075100000
202200030372;11;12;2022;11:25;1;93;2;3;1;3;48,9399100000;2,3628200000
202200030373;20;7;2022;07:05;1;05;1;1;1;1;44,5371350000;6,3964350000
202200030374;20;7;2022;04:45;3;50;1;1;1;6;48,8945750000; -1,5040970000
202200030375;12;12;2022;14:15;1;93;2;3;1;6;48,8700155182;2,4504191032
202200030376;19;7;2022;18:00;1;64;1;1;1;6;43,3626140000; -1,0707590000
202200030377;21;7;2022;09:20;1;07;1;1;1;1;44,7242350000;4,5096300000
202200030378;12;12;2022;10:35;1;93;2;1;8;3;48,8725000000;2,4532500000
202200030379;20;7;2022;01:15;3;53;1;1;1;6;48,3427336000; -0,2671587000
202200030380;12;12;2022;15:26;1;93;2;2;1;3;48,8764500000;2,4137400000
202200030381;20;7;2022;14:50;1;53;1;2;1;3;48,1047160000; -0,3902300000
202200030382;12;12;2022;14:55;1;93;2;1;1;6;48,9024800000;2,5474200000
202200030383;18;7;2022;23:40;4;85;2;2;1;3;46,6698100000; -1,2925300000
202200030384;12;12;2022;19:05;5;93;2;2;1;3;48,9060290000;2,4803260000
202200030385;21;7;2022;16:50;1;30;1;9;1;7;44,3235100000;4,0742540000
202200030386;12;12;2022;12:35;1;93;2;3;1;3;48,8986040000;2,4867450000
202200030387;21;7;2022;11:26;1;30;1;1;1;1;43,8483000000;4,0971000000
202200030388;19;7;2022;17:40;1;38;2;9;1;7;45,5978340000;5,1282890000
202200030389;12;12;2022;18:30;5;93;2;5;8;1;48,9074000000;2,4253700000
202200030390;20;7;2022;10:50;1;27;1;1;1;3;48,7636400000;0,7629700000
202200030391;12;12;2022;08:13;2;93;2;3;8;3;48,9383730000;2,4687570000
202200030392;19;7;2022;20:05;1;60;1;1;1;7;49,1506750000;2,5376700000
202200030393;20;7;2022;08:20;1;11;1;1;1;3;42,8982700000;3,0486520000
202200030394;12;12;2022;17:00;5;93;2;1;1;3;48,9100770000;2,3766150000
202200030395;12;12;2022;20:09;5;92;2;9;9;7;48,8142500000;2,2874400000
202200030396;12;7;2022;09:30;1;987;1;1;2;7; -22,4837820000; -151,3278940000
202200030397;24;6;2022;22:00;3;988;1;3;1;6; -22,0821400000;166,3190400000
202200030398;12;12;2022;12:30;1;92;2;1;1;6;48,9230545123;2,2547472417
202200030399;14;7;2022;05:15;2;971;1;1;1;1;16,0743720000; -61,5622870000
202200030400;12;12;2022;14:50;1;92;2;2;1;3;48,7708600000;2,2850800000
202200030401;20;7;2022;16:29;1;45;1;1;2;5;47,6743640000;2,6737480000
202200030402;12;12;2022;20:30;5;92;2;9;1;3;48,8351719484;2,2256181836
202200030403;20;7;2022;13:30;1;95;1;1;1;6;49,0603650362;1,7719209194
202200030404;12;12;2022;12:15;1;92;2;3;1;3;48,8344000000;2,2580700000
202200030405;21;7;2022;08:30;1;78;1;1;1;7;48,4884250000;1,8026160000
202200030406;12;12;2022;14:30;1;92;2;6;1;3;48,7336247958;2,3077077269
202200030407;13;12;2022;17:31;3;60;1;1;9;3;49,4881742174;2,5711171219
202200030408;20;7;2022;11:30;1;84;2;3;1;1;43,7652090000;5,3626750000
202200030409;12;12;2022;11:20;1;974;1;1;1;5; -21,0251760000;55,2739660000
202200030410;21;7;2022;09:20;1;83;1;1;1;3;43,1897520000;5,8144930000
202200030411;12;12;2022;17:50;3;38;1;6;1;3;45,5176540000;4,9264400000
202200030412;20;7;2022;11:55;1;81;2;1;1;6;43,6971650000;1,8155390000
202200030413;13;12;2022;17:05;3;25;1;1;2;2;47,3738880000;6,3641360000
202200030414;13;12;2022;19:05;3;21;1;1;9;7;47,4019950000;5,1829400000
202200030415;20;7;2022;18:08;1;81;2;1;1;3;43,7621020000;1,9896630000
202200030416;12;12;2022;00:45;3;972;1;1;1;1;14,6902550000; -60,9633120000
202200030417;9;12;2022;10:00;1;35;2;3;1;1;48,4122760000; -1,7593900000
202200030418;20;7;2022;17:35;1;17;1;1;1;1;45,8613440000; -0,9748920000
202200030419;20;7;2022;16:10;1;14;1;1;2;6;49,2604058436; -0,2641774714
202200030420;19;7;2022;14:05;1;60;2;2;7;3;49,1670930000;2,2427560000
202200030421;10;12;2022;17:30;2;35;1;1;1;5;48,2554352984; -1,4221193380
202200030422;20;7;2022;19:20;2;62;2;3;3;1;50,6346910000;2,4001880000
202200030423;20;7;2022;19:00;1;91;1;1;2;6;48,7508000000;2,2223000000
202200030424;12;12;2022;18:15;3;17;1;2;4;3;46,1502230000; -1,0555940000
202200030425;20;7;2022;17:20;1;91;1;1;2;2;48,6654200000;2,3632400000
202200030426;12;12;2022;07:00;2;59;2;1;1;6;51,0628880000;2,5212380000
202200030427;20;7;2022;17:40;1;91;1;1;8;5;48,7320000000;2,3150000000
202200030428;12;12;2022;07:10;5;65;2;2;1;1;43,1899360000;0,1717530000
202200030429;20;7;2022;15:25;1;94;1;1;8;2;48,8009709861;2,3420251782
202200030430;20;7;2022;07:00;1;91;1;1;2;7;48,6359600000;2,4009700000
202200030431;20;7;2022;12:43;1;92;1;1;1;3;48,9008832163;2,2054629922
202200030432;13;12;2022;12:00;1;2B;1;1;1;1;42,1424010000;9,5074440000
202200030433;19;7;2022;14:30;1;92;1;1;1;2;48,9239274208;2,3049291695
202200030434;19;7;2022;09:45;1;92;1;1;1;2;48,8158170159;2,2149565122
202200030435;8;12;2022;08:34;1;91;1;1;1;1;48,7224170000;2,1379240000
202200030436;19;7;2022;08:35;1;78;1;1;1;3;48,7999600000;1,9818160000
202200030437;19;7;2022;21:40;2;93;1;1;1;3;48,8836200000;2,4588700000
202200030438;13;12;2022;09:40;1;71;1;2;8;1;46,5057030000;5,0643000000
202200030439;19;7;2022;08:10;1;93;1;1;1;4;48,9286400000;2,4029600000
202200030440;19;7;2022;06:45;1;92;1;1;1;3;48,9395667576;2,2946477251
202200030441;12;12;2022;18:23;3;25;1;1;1;2;47,1431480000;6,4245230000
202200030442;18;7;2022;13:00;1;93;1;1;1;3;48,9263427285;2,4221654468
202200030443;12;12;2022;20:00;3;72;2;6;1;3;48,1458450000;0,1829960000
202200030444;18;7;2022;11:40;1;95;1;1;1;6;48,9536398065;2,2789978981
202200030445;14;12;2022;17:45;3;60;1;3;1;1;49,3047429420;2,7945710420
202200030446;20;7;2022;17:50;1;94;1;1;1;4;48,7766468479;2,4380583283
202200030447;13;12;2022;13:00;1;60;1;2;1;3;49,5980830000;2,2763160000
202200030448;12;12;2022;21:30;5;45;2;1;1;6;48,0672970000;2,8845550000
202200030449;11;12;2022;16:45;1;43;1;1;1;1;45,0737780000;4,3237210000
202200030450;20;7;2022;17:00;1;94;1;1;2;3;48,8432096684;2,4926533177
202200030451;12;12;2022;22:57;5;07;2;1;4;6;45,1990140000;4,8013770000
202200030452;13;12;2022;18:00;3;24;1;2;5;3;45,0486260000;0,6531550000
202200030453;19;7;2022;12:20;1;54;2;3;1;2;48,6960400000;6,1417300000
202200030454;12;12;2022;15:40;1;37;2;6;1;3;47,3845530000;0,8263830000
202200030455;18;7;2022;11:00;1;976;2;1;1;1; -12,8132400000;45,2019600000
202200030456;12;12;2022;10:45;1;72;1;1;1;2;48,0406830000;0,2495700000
202200030457;14;7;2022;16:00;1;974;1;1;1;6; -21,3019200000;55,4256900000
202200030458;11;12;2022;16:40;1;51;1;1;1;2;49,0759228093;4,8062449694
202200030459;7;12;2022;08:40;1;83;2;9;9;6;43,3395880000;6,0843500000
202200030460;13;12;2022;12:50;1;57;2;1;1;6;49,3051680000;6,1104000000
202200030461;18;7;2022;16:45;1;974;2;1;1;5; -21,3068500000;55,4653100000
202200030462;11;12;2022;18:35;5;57;2;7;4;6;49,1171160000;6,9741360000
202200030463;19;7;2022;08:20;1;974;1;1;1;2; -20,8762800000;55,4158800000
202200030464;12;12;2022;15:09;1;38;1;9;1;3;45,3136250000;4,8088150000
202200030465;12;12;2022;19:32;5;38;1;1;8;7;45,3084280000;5,6214590000
202200030466;19;7;2022;06:50;1;974;2;1;8;2; -20,8864400000;55,4762100000
202200030467;12;12;2022;22:30;3;26;1;1;4;6;44,3446220000;4,6890700000
202200030468;12;12;2022;16:10;1;01;1;1;1;6;45,8903070000;5,0349090000
202200030469;18;7;2022;12:47;1;973;2;1;1;6;4,9268017879; -52,3140031099
202200030470;12;12;2022;17:40;5;72;2;1;1;2;47,8389130000; -0,3096660000
202200030471;9;12;2022;17:45;3;59;1;1;1;4;50,6486900000;3,1435600000
202200030472;19;7;2022;11:15;1;973;2;2;1;3;4,9333300000; -52,3316800000
202200030473;7;12;2022;23:30;3;62;1;1;1;6;50,4167700000;2,8224700000
202200030474;19;7;2022;10:20;1;973;2;1;1;3;4,9363689943; -52,3148882389
202200030475;12;12;2022;09:10;1;94;1;1;8;6;48,7702865981;2,3454249440
202200030476;19;7;2022;09:20;1;69;2;1;1;2;45,7815200000;4,8466200000
202200030477;12;12;2022;11:25;1;92;1;1;1;2;48,9281382446;2,3027377306
202200030478;12;12;2022;09:40;1;93;1;1;1;2;48,9289800000;2,3595100000
202200030479;19;7;2022;13:00;1;972;1;1;2;3;14,6118200000; -61,0786700000
202200030480;18;7;2022;16:25;1;69;2;3;1;6;45,7795600000;4,8274900000
202200030481;10;12;2022;00:02;5;93;1;1;1;5;48,9208100000;2,3571500000
202200030482;18;7;2022;08:40;1;69;2;1;1;3;45,7749500000;4,8079200000
202200030483;12;12;2022;19:00;3;77;1;1;1;2;48,8477000000;2,6621400000
202200030484;11;12;2022;05:45;2;974;1;1;1;6; -21,2745300000;55,4971100000
202200030485;19;7;2022;01:00;5;2B;2;1;1;1;42,6821600000;9,4441000000
202200030486;11;12;2022;18:00;5;69;2;1;1;2;45,7435642218;4,8771129549
202200030487;19;7;2022;08:20;1;971;1;1;1;6;16,2304429871; -61,4995765686
202200030488;11;12;2022;10:45;1;69;2;1;1;6;45,7704200000;4,8500600000
202200030489;11;12;2022;13:25;1;972;1;9;1;7;14,6314700000; -60,9677500000
202200030490;19;7;2022;22:00;5;95;2;3;1;3;49,0680976708;2,0882070065
202200030491;11;12;2022;15:00;1;69;2;1;1;3;45,7742311056;4,8303061725
202200030492;19;7;2022;09:47;1;91;2;9;1;7;48,6901600000;2,3774000000
202200030493;11;12;2022;01:50;5;69;2;3;1;3;45,7794900000;4,8323100000
202200030494;15;7;2022;13:13;1;87;2;3;1;3;45,8201400000;1,2514300000
202200030495;11;12;2022;07:00;5;95;2;6;8;6;48,9688540000;2,4652880000
202200030496;11;12;2022;14:45;1;91;2;6;7;3;48,6844200000;2,1883200000
202200030497;16;7;2022;19:35;1;85;2;2;1;3;46,5072600000; -1,7407200000
202200030498;11;12;2022;20:00;5;83;2;1;1;3;43,1281800000;5,9059000000
202200030499;15;7;2022;11:45;1;85;2;1;1;6;46,4998100000; -1,7845500000
202200030500;11;12;2022;15:00;1;83;2;1;1;3;43,1360740000;5,9841820000
202200030501;11;12;2022;14:30;1;83;2;9;1;3;43,1192434297;5,9473554343
202200030502;11;12;2022;07:00;3;77;2;1;1;6;48,8666500000;2,6777200000
202200030503;11;12;2022;15:20;1;69;2;8;8;3;45,7580000000;4,9077700000
202200030504;19;7;2022;07:48;1;83;2;1;7;7;43,1190000000;5,8860000000
202200030505;11;12;2022;18:35;5;62;2;1;1;6;50,5238920000;2,6289200000
202200030506;10;12;2022;17:15;5;62;2;1;1;6;50,2906180000;2,7820050000
202200030507;10;12;2022;22:26;3;59;2;1;1;3;50,2974797399;3,9284759760
202200030508;10;12;2022;16:10;1;47;1;1;1;5;44,2232600000;0,6157000000
202200030509;17;6;2022;14:10;1;76;2;2;1;3;49,4940700000;0,1384300000
202200030510;11;12;2022;19:32;5;45;2;1;1;6;47,8823500000;1,8721000000
202200030511;11;12;2022;16:50;1;44;2;1;1;2;47,2002700000; -1,5788300000
202200030512;19;7;2022;20:25;1;74;2;7;1;6;46,1801740000;6,2549840000
202200030513;11;12;2022;15:05;1;38;2;1;8;2;45,1773300000;5,7023000000
202200030514;19;7;2022;08:21;1;69;2;1;1;3;45,7509100000;4,9078700000
202200030515;11;12;2022;14:40;1;37;2;1;1;2;47,3897000000;0,6867900000
202200030516;11;12;2022;17:00;1;33;2;1;1;6;44,8026800000; -0,5581200000
202200030517;18;7;2022;13:40;1;69;2;4;1;1;45,5986900000;4,7686700000
202200030518;11;12;2022;16:00;1;33;2;2;1;3;44,8318800000; -0,5772700000
202200030519;18;7;2022;21:15;1;67;2;1;1;3;48,5568100000;7,6858900000
202200030520;10;12;2022;17:30;5;33;2;2;1;3;44,8171500000; -0,5484800000
202200030521;18;7;2022;13:00;1;67;2;3;1;3;48,6106200000;7,7339100000
202200030522;10;12;2022;16:20;1;33;2;1;1;3;44,8304354957; -0,5968183279
202200030523;11;12;2022;14:11;1;29;2;1;5;6;48,0029790000; -4,1010940000
202200030524;18;7;2022;11:15;1;67;2;3;1;3;48,5685900000;7,7527600000
202200030525;16;7;2022;19:10;1;67;2;1;1;3;48,6138190000;7,7534520000
202200030526;10;12;2022;20:40;5;28;2;1;1;1;48,7393400000;1,3905500000
202200030527;10;12;2022;23:50;5;25;2;1;1;6;47,2308730000;5,9950680000
202200030528;16;7;2022;14:35;1;67;2;3;1;3;48,5817700000;7,7073500000
202200030529;16;7;2022;11:20;1;67;2;1;1;2;48,5974700000;7,7234100000
202200030530;10;12;2022;10:05;1;13;2;1;1;2;43,4160800000;5,2284600000
202200030531;16;7;2022;10:50;1;67;2;3;1;3;48,5573300000;7,7159300000
202200030532;11;12;2022;15:45;1;13;2;1;1;4;43,3548000000;5,3574200000
202200030533;16;7;2022;01:00;5;67;2;3;1;3;48,5693400000;7,7354000000
202200030534;10;12;2022;22:15;5;13;2;1;1;3;43,2887969431;5,4602906705
202200030535;10;12;2022;08:20;1;13;2;1;1;1;43,2889500000;5,3981900000
202200030536;15;7;2022;19:45;1;67;2;1;1;6;48,5673400000;7,7741700000
202200030537;11;12;2022;12:00;1;13;2;1;1;3;43,1841000000;5,6064500000
202200030538;19;7;2022;12:50;1;64;2;1;1;1;43,3069100000; -0,3763400000
202200030539;1;12;2022;14:00;1;13;2;3;1;3;43,1774948658;5,6018087915
202200030540;19;7;2022;19:20;1;64;2;1;1;1;43,4965500000; -1,4946000000
202200030541;11;12;2022;18:20;5;13;1;1;8;4;43,5401110000;5,4326690000
202200030542;18;7;2022;20:17;1;63;2;2;1;6;45,7667700000;3,1069700000
202200030543;19;11;2022;09:20;1;69;2;1;2;6;45,7174500000;4,8912100000
202200030544;19;7;2022;11:24;1;60;2;9;1;6;49,4274638135;2,0833591819
202200030545;18;11;2022;14:35;1;61;2;2;2;6;48,7488500000; -0,5686700000
202200030546;19;7;2022;18:40;1;59;2;9;1;3;50,7333300000;3,1682000000
202200030547;11;10;2022;14:10;1;74;1;1;1;3;46,3536960000;6,6139520000
202200030548;10;10;2022;21:50;5;74;2;1;1;6;45,8831410000;6,0979160000
202200030549;19;7;2022;20:40;1;59;2;1;1;6;50,6740150000;3,1902970000
202200030550;5;10;2022;13:25;1;74;1;3;1;6;45,7548770000;6,2968670000
202200030551;11;12;2022;01:20;5;988;2;1;1;1; -22,2469900000;166,4607700000
202200030552;19;7;2022;13:45;1;59;2;1;1;6;50,6285101146;3,0523627996
202200030553;10;12;2022;09:40;1;974;1;1;1;1; -21,3193000000;55,4701000000
202200030554;9;12;2022;10:00;1;974;1;1;1;2; -21,2974500000;55,5081700000
202200030555;19;7;2022;16:20;1;54;2;3;1;3;48,7028800000;6,1591800000
202200030556;10;12;2022;16:45;1;973;2;1;1;7;4,9328549627; -52,3188659549
202200030557;10;12;2022;15:35;1;973;2;1;1;1;4,9333355265; -52,3131796718
202200030558;9;12;2022;23:50;4;973;1;1;1;7;4,9037100000; -52,3162400000
202200030559;18;7;2022;18:00;1;54;2;1;1;6;49,5327600000;5,7645300000
202200030560;9;12;2022;15:15;1;972;1;1;1;1;14,5951500000; -60,9829900000
202200030561;10;12;2022;17:20;1;971;2;1;1;1;16,2068998088; -61,5016016364
202200030562;19;7;2022;15:58;1;51;2;4;1;3;49,2354804877;4,0249148011
202200030563;10;12;2022;07:30;1;971;2;1;1;6;16,2484600000; -61,5300400000
202200030564;10;12;2022;14:00;1;971;2;9;1;6;16,2660000000; -61,5150000000
202200030565;19;7;2022;07:40;1;50;2;1;1;2;49,6335800000; -1,6176200000
202200030566;9;12;2022;14:20;1;2A;1;1;2;3;41,9418300000;8,8081300000
202200030567;19;7;2022;08:43;1;49;2;6;1;3;47,4334000000; -0,5295500000
202200030568;10;12;2022;15:05;1;95;2;3;1;3;48,9862007659;2,4133738875
202200030569;19;7;2022;09:35;1;49;2;1;1;2;47,4527900000; -0,5245700000
202200030570;9;12;2022;16:30;1;91;2;1;1;6;48,7033320000;2,4427760000
202200030571;19;7;2022;10:18;1;49;2;1;1;6;47,4573800000; -0,5442800000
202200030572;9;12;2022;23:00;5;91;2;1;1;1;48,6734400000;2,3929600000
202200030573;10;12;2022;18:20;5;88;2;1;2;1;48,1860700000;6,4452900000
202200030574;19;7;2022;19:33;1;48;2;3;7;2;44,5319500000;3,4989000000
202200030575;10;12;2022;08:00;1;83;2;2;1;1;43,1028300000;5,8742500000
202200030576;19;7;2022;14:47;1;45;2;2;1;3;47,8979400000;1,8949700000
202200030577;10;12;2022;10:30;1;76;2;6;5;6;49,4818500000;1,1096900000
202200030578;19;7;2022;12:56;1;45;1;6;1;3;47,9379625513;1,8946392238
202200030579;10;12;2022;16:10;1;71;2;3;1;3;46,7959164418;4,4532917440
202200030580;9;12;2022;17:20;3;71;2;9;2;6;46,7930200000;4,4448800000
202200030581;19;7;2022;22:50;5;42;2;3;1;1;46,0308803569;4,0671719558
202200030582;10;12;2022;18:00;3;71;2;1;1;1;46,7849523735;4,8883232474
202200030583;19;7;2022;10:35;1;37;2;1;1;6;47,3925500000;0,6862400000
202200030584;10;12;2022;22:40;5;69;2;1;8;6;45,7708408270;4,8722112180
202200030585;10;12;2022;07:41;2;69;2;1;8;6;45,7130200000;4,8988300000
202200030586;9;12;2022;14:24;1;66;2;1;1;6;42,7003600000;2,8936700000
202200030587;19;7;2022;13:10;1;35;2;6;1;3;48,0915700000; -1,6585200000
202200030588;10;12;2022;10:35;1;64;2;1;7;6;43,3776404942; -1,6697019339
202200030589;18;7;2022;21:20;1;34;2;1;1;7;43,3704202118;3,2189029455
202200030590;10;12;2022;12:45;1;60;2;1;1;6;49,2601795949;2,4762395024
202200030591;10;12;2022;14:15;1;60;2;1;1;3;49,4090500000;2,1155900000
202200030592;19;7;2022;18:00;1;33;2;3;1;3;44,8299000000; -0,5428600000
202200030593;10;12;2022;11:08;1;60;2;1;8;4;49,4278600000;2,0984000000
202200030594;14;7;2022;05:34;2;33;2;3;1;3;44,8298100000; -0,5558600000
202200030595;6;12;2022;14:45;1;59;2;1;7;3;50,7400000000;2,7375000000
202200030596;9;12;2022;11:20;1;56;2;1;1;6;47,6613000000; -2,7259500000