Accident_Id;jour;mois;an;hrmn;lum;dep;agg;int;atm;col;lat;long
202200030597;19;7;2022;12:00;1;27;2;2;1;3;49,1057300000;1,4576300000
202200030598;10;12;2022;15:40;1;54;2;3;1;6;48,6665400000;6,1684900000
202200030599;19;7;2022;14:13;1;25;2;1;1;3;47,2638740000;6,0227440000
202200030600;10;12;2022;22:30;5;51;2;1;1;3;49,2516600000;4,0283400000
202200030601;11;12;2022;20:41;5;49;2;1;1;6;47,4766600000; -0,5325000000
202200030602;9;12;2022;18:50;5;47;2;1;1;3;44,2017000000;0,6206700000
202200030603;10;12;2022;17:37;5;45;2;2;1;3;47,9942770000;2,7240930000
202200030604;13;7;2022;16:00;1;15;2;1;1;2;44,9122690000;2,4380270000
202200030605;10;12;2022;18:30;5;45;2;3;1;2;48,0053700000;2,7238900000
202200030606;19;7;2022;09:00;1;13;2;1;1;2;43,2696300000;5,3927000000
202200030607;9;12;2022;19:10;5;45;2;1;8;4;48,0081400000;2,7223000000
202200030608;10;12;2022;10:15;1;35;2;6;1;3;48,0860800000; -1,6441800000
202200030609;19;7;2022;06:45;1;13;2;1;1;1;43,3370000000;5,3515000000
202200030610;10;12;2022;18:45;5;33;2;1;1;3;44,8528400000; -0,5672420000
202200030611;18;7;2022;10:00;1;13;2;1;1;2;43,2508305417;5,4221004281
202200030612;10;12;2022;18:00;5;29;2;1;2;2;48,3901900000; -4,4861000000
202200030613;10;12;2022;17:40;5;28;2;1;1;6;48,7402500000;1,3871600000
202200030614;10;12;2022;04:30;5;28;2;1;5;6;48,7503700000;1,3521900000
202200030615;19;7;2022;22:00;3;13;2;1;1;3;43,5144838818;4,9940685100
202200030616;10;12;2022;19:00;5;26;2;1;1;3;44,9380000000;4,9130000000
202200030617;9;12;2022;18:53;5;21;2;3;1;1;47,0183360000;4,8635790000
202200030618;10;12;2022;19:05;5;17;2;1;1;1;46,1843000000; -1,1190300000
202200030619;10;12;2022;04:34;3;17;1;1;1;2;46,1794000000; -1,0958500000
202200030620;18;7;2022;19:15;1;10;2;6;1;3;48,2949000000;4,0818890000
202200030621;10;12;2022;22:45;5;14;1;6;9;6;49,4123900000;0,2703300000
202200030622;9;12;2022;16:10;1;13;2;3;8;3;43,4430000000;5,2523100000
202200030623;19;7;2022;18:30;1;06;2;1;1;1;43,6261600000;6,9350700000
202200030624;11;12;2022;01:50;5;13;2;9;1;3;43,3132925316;5,3664072912
202200030625;10;12;2022;00:48;4;13;1;1;1;6;43,5470900000;4,9726000000
202200030626;6;12;2022;11:20;1;13;2;1;1;3;43,1757700000;5,6025200000
202200030627;9;12;2022;21:24;5;08;2;1;1;1;49,7834560000;4,6842820000
202200030628;19;7;2022;16:55;1;06;2;5;1;3;43,5869200000;7,1208200000
202200030629;10;12;2022;21:09;5;06;2;3;1;3;43,7062500000;7,2698200000
202200030630;10;12;2022;02:19;5;06;2;8;1;6;43,7053800000;7,2649700000
202200030631;10;12;2022;08:45;2;06;2;1;1;3;43,6696980000;6,9490050000
202200030632;19;7;2022;09:45;1;06;2;6;1;3;43,5993260000;7,0863730000
202200030633;10;12;2022;11:46;1;06;2;3;1;3;43,6621200000;7,1942000000
202200030634;19;7;2022;09:25;1;75;2;1;1;7;48,8277650000;2,3934860000
202200030635;10;12;2022;22:38;5;06;2;4;1;6;43,5877800000;7,1190900000
202200030636;11;12;2022;21:35;5;75;2;1;1;2;48,9006060000;2,3739330000
202200030637;11;12;2022;11:30;1;75;2;2;1;4;48,8262150000;2,3877800000
202200030638;10;12;2022;19:30;5;75;2;4;1;5;48,9008690000;2,3643360000
202200030639;16;7;2022;22:20;5;75;2;1;1;2;48,8302760000;2,4020370000
202200030640;9;12;2022;18:30;5;75;2;1;1;3;48,8735780000;2,2752950000
202200030641;9;12;2022;18:15;5;75;2;4;1;2;48,8167830000;2,3558550000
202200030642;9;12;2022;09:42;1;75;2;7;1;6;48,8763540000;2,3324730000
202200030643;19;7;2022;14:38;1;75;2;7;1;2;48,8956380000;2,3462880000
202200030644;11;12;2022;15:30;1;75;2;2;1;3;48,8678510000;2,2918890000
202200030645;10;12;2022;03:30;5;75;2;1;1;6;48,8562916132;2,3500818014
202200030646;11;12;2022;12:50;1;94;2;1;8;6;48,7273000000;2,4291300000
202200030647;11;12;2022;16:00;1;94;2;1;1;5;48,7275200000;2,5394800000
202200030648;19;7;2022;09:35;1;75;2;2;1;2;48,8431010000;2,2834810000
202200030649;11;12;2022;19:45;5;93;2;3;1;6;48,8994229043;2,5464732121
202200030650;10;12;2022;18:20;5;93;2;3;1;3;48,9235100000;2,4604000000
202200030651;11;12;2022;18:00;5;93;2;1;1;2;48,9097000000;2,3861300000
202200030652;19;7;2022;09:20;1;75;2;4;1;4;48,8220910000;2,3165000000
202200030653;11;12;2022;20:30;5;92;2;1;1;6;48,8072848140;2,2396320552
202200030654;11;12;2022;13:50;1;92;2;1;1;6;48,8231310000;2,2740750000
202200030655;11;12;2022;19:40;5;92;2;2;1;3;48,7861107305;2,2533168197
202200030656;19;7;2022;06:38;1;75;2;7;1;3;48,8163990000;2,3600790000
202200030657;12;12;2022;16:30;1;51;1;1;1;7;48,7539250000;4,9005890000
202200030658;11;12;2022;19:00;5;66;1;1;1;2;42,5280100000;2,8214530000
202200030659;11;12;2022;16:20;1;974;2;1;1;3; -21,0495740000;55,6840750000
202200030660;19;7;2022;09:00;1;75;2;2;1;3;48,8349790000;2,4198000000
202200030661;10;12;2022;07:40;2;26;1;3;8;3;45,2777060000;4,9167200000
202200030662;19;7;2022;11:55;1;75;2;4;7;6;48,8532840000;2,3877200000
202200030663;9;12;2022;17:00;2;62;1;3;1;1;50,4633880000;1,7734120000
202200030664;19;7;2022;15:40;1;75;2;2;1;1;48,8740200000;2,3479040000
202200030665;12;12;2022;08:30;2;34;2;6;1;3;43,5529140000;3,7170640000
202200030666;12;12;2022;17:10;2;63;1;1;1;6;45,9311521817;2,6531472802
202200030667;19;7;2022;16:20;1;75;2;2;1;6;48,8728550000;2,3310700000
202200030668;12;12;2022;08:15;1;49;1;1;5;1;47,6473350000; -0,5769320000
202200030669;9;12;2022;20:45;3;49;1;1;1;2;47,3795360000; -0,3851120000
202200030670;8;12;2022;21:30;3;42;1;1;1;1;45,8829470000;4,2376010000
202200030671;19;7;2022;20:30;1;75;2;2;1;3;48,8555610000;2,2702220000
202200030672;10;12;2022;20:16;3;47;1;1;9;7;44,0532460000;0,3176400000
202200030673;10;12;2022;19:12;3;47;1;1;1;4;44,4286310000;0,2784670000
202200030674;19;7;2022;16:00;1;75;2;2;1;7;48,8572610000;2,3099370000
202200030675;1;12;2022;05:45;3;41;1;1;5;7;47,8732340000;1,1646850000
202200030676;10;12;2022;13:20;1;41;1;1;1;1;47,5663090000;2,1114940000
202200030677;11;12;2022;14:45;1;29;1;1;9;1;48,5668593903; -4,2121108174
202200030678;18;7;2022;17:48;1;75;2;2;1;6;48,8527080000;2,3377490000
202200030679;12;12;2022;01:30;4;29;2;6;5;6;48,2456840000; -4,0842050000
202200030680;10;12;2022;15:20;1;31;1;1;1;7;43,2804390000;1,6383040000
202200030681;19;7;2022;14:10;1;75;2;2;1;6;48,8564560000;2,3643140000
202200030682;12;12;2022;11:20;1;02;1;1;1;6;50,0272620000;3,7764160000
202200030683;11;12;2022;02:10;3;01;1;2;1;6;46,0652850000;4,8156330000
202200030684;19;7;2022;08:05;1;94;2;1;1;3;48,7734799735;2,4606486306
202200030685;10;12;2022;14:10;1;14;2;3;1;3;49,2792870000; -0,9610000000
202200030686;11;12;2022;19:45;3;64;2;1;1;6;43,2026950000; -0,9108430000
202200030687;11;12;2022;17:05;2;07;1;1;1;7;44,6986620000;4,7068210000
202200030688;10;12;2022;21:00;3;27;1;1;1;1;49,4040090000;0,5818740000
202200030689;10;12;2022;19:15;3;28;1;1;1;7;48,2198820000;1,4030570000
202200030690;18;7;2022;18:10;1;94;2;3;1;4;48,7643000000;2,4926000000
202200030691;11;12;2022;17:50;5;68;2;1;8;1;47,7886230000;7,2261070000
202200030692;5;12;2022;14:10;1;33;1;1;1;4;44,7065470000; -0,7523920000
202200030693;19;7;2022;07:00;1;93;2;3;1;1;48,9461500000;2,5154900000
202200030694;19;7;2022;08:30;1;93;2;2;1;3;48,9421000000;2,3654400000
202200030695;18;7;2022;18:50;1;93;2;9;1;3;48,9467676708;2,3705685139
202200030696;19;7;2022;09:20;1;93;2;6;1;3;48,8775290000;2,4756430000
202200030697;19;7;2022;08:55;1;93;2;2;1;3;48,8972500000;2,5296000000
202200030698;19;7;2022;21:00;2;93;2;1;1;6;48,9053813438;2,4393312336
202200030699;18;7;2022;19:41;1;93;2;1;2;3;48,9187974304;2,3911692202
202200030700;19;7;2022;18:10;1;92;2;2;1;6;48,9354460000;2,3329420000
202200030701;19;7;2022;19:10;1;92;2;1;1;6;48,8832294551;2,2397129238
202200030702;5;3;2022;16:40;1;51;1;1;1;6;49,0794880000;3,8792900000
202200030703;4;3;2022;17:20;1;56;1;1;1;1;47,9882920000; -3,1736810000
202200030704;5;3;2022;09:30;1;74;2;1;1;7;45,9497700000;6,6261720000
202200030705;24;2;2022;16:10;1;67;1;1;1;7;48,9048470000;7,1897690000
202200030706;5;3;2022;08:30;1;79;1;1;1;2;47,0379590000; -0,4047560000
202200030707;5;3;2022;17:13;1;82;1;1;2;1;43,9257660000;1,2815740000
202200030708;2;3;2022;10:45;1;65;2;2;1;3;43,0192230000; -0,0966830000
202200030709;4;3;2022;19:35;3;32;2;1;1;1;43,6666680000; -0,0881180000
202200030710;4;3;2022;17:06;1;71;1;1;1;2;46,8163840000;4,7429180000
202200030711;4;3;2022;17:30;1;89;2;2;1;3;47,4886150000;3,9191580000
202200030712;4;3;2022;17:00;1;89;2;1;7;6;47,4914620000;3,9146320000
202200030713;5;3;2022;09:15;1;55;1;1;1;1;48,6827370000;5,7416980000
202200030714;4;3;2022;23:30;3;49;2;1;1;6;47,5448730000; -0,1052880000
202200030715;1;3;2022;20:20;3;34;1;1;1;6;43,5931980000;2,7312610000
202200030716;3;3;2022;15:35;1;68;2;3;1;3;47,6083760000;7,5606210000
202200030717;4;3;2022;12:10;1;39;2;2;1;3;47,1516320000;5,7597760000
202200030718;4;3;2022;14:30;1;25;1;9;1;6;47,1860810000;6,2057300000
202200030719;4;3;2022;22:00;3;31;1;1;2;6;43,8375430000;1,4808420000
202200030720;4;3;2022;19:30;3;38;2;3;1;2;45,4806480000;5,4012070000
202200030721;5;3;2022;09:47;1;02;2;1;1;3;49,8498340000;3,9036010000
202200030722;5;3;2022;04:30;3;15;1;1;1;7;44,9942440000;2,5475190000
202200030723;4;3;2022;16:25;1;14;2;1;1;6;49,0182970000; -0,0333990000
202200030724;4;3;2022;17:40;1;64;1;9;1;3;43,3199950000; -1,0149480000
202200030725;5;3;2022;16:20;1;43;1;1;7;1;45,1540490000;4,0314460000
202200030726;5;3;2022;08:30;1;07;2;1;1;6;45,2174970000;4,6595230000
202200030727;5;3;2022;00:30;3;21;1;3;1;6;47,1485310000;5,2844240000
202200030728;2;3;2022;14:20;1;40;1;1;2;1;43,7310570000; -0,5719170000
202200030729;4;3;2022;23:50;5;85;2;1;1;1;46,9027850000; -1,9988438000
202200030730;5;3;2022;10:30;1;85;2;6;1;6;46,8555490000; -1,8965390000
202200030731;5;3;2022;06:30;2;85;1;1;1;6;46,6324027171; -1,1366276443
202200030732;5;3;2022;11:45;1;03;1;1;1;6;46,4366890000;2,6972510000
202200030733;4;3;2022;20:15;5;976;2;1;1;1; -12,8369810000;45,1131980000
202200030734;3;3;2022;17:30;1;987;1;1;1;2; -17,5331890000; -149,8386110000
202200030735;12;2;2022;07:30;1;971;2;1;1;6;16,0342700000; -61,7348090000
202200030736;4;3;2022;16:50;1;29;1;1;1;6;47,8708450000; -3,4864770000
202200030737;5;3;2022;01:55;3;89;1;1;1;1;47,8011760000;3,6634490000
202200030738;4;3;2022;15:50;1;54;2;4;1;6;48,5803123576;6,6237473490
202200030739;5;3;2022;04:30;4;74;2;6;1;6;46,0744810000;6,3135550000
202200030740;4;3;2022;20:30;3;73;1;2;1;7;45,6154511072;5,9238738454
202200030741;5;3;2022;02:35;5;42;2;1;9;6;45,5495880000;4,1299470000
202200030742;2;3;2022;21:33;5;38;2;1;1;6;45,3553910000;4,8018520000
202200030743;4;3;2022;21:30;3;64;1;1;1;2;43,2068300000; -0,4034200000
202200030744;26;2;2022;18:20;1;85;2;1;1;5;46,6044500000; -1,6613500000
202200030745;5;3;2022;08:10;1;76;1;6;2;6;49,5268520000;0,9620980000
202200030746;5;3;2022;16:37;1;02;1;1;1;6;49,9213400000;4,0578710000
202200030747;4;3;2022;21:30;5;59;2;1;1;7;50,3177400000;3,8344700000
202200030748;5;3;2022;14:50;1;59;1;1;1;1;50,7178460000;3,0143150000
202200030749;4;3;2022;14:55;1;13;1;1;1;2;43,3941700000;5,3513800000
202200030750;28;2;2022;11:05;1;69;1;1;1;3;45,7479000000;4,9068000000
202200030751;3;3;2022;15:00;1;33;1;1;1;6;44,8917300000; -0,5014700000
202200030752;4;3;2022;17:30;1;91;1;1;1;2;48,6382860000;2,3966780000
202200030753;4;3;2022;08:50;1;77;1;1;8;6;48,6167150000;2,5587000000
202200030754;3;3;2022;18:15;1;92;1;1;1;6;48,8085156424;2,2121007426
202200030755;4;3;2022;18:40;2;60;1;1;1;5;49,1352599924;2,5644621848
202200030756;4;3;2022;16:30;1;93;1;1;1;3;48,9021112959;2,4703828674
202200030757;4;3;2022;07:10;2;95;1;1;1;2;49,0569716698;2,2064977884
202200030758;3;3;2022;11:45;1;33;2;1;1;6;44,6613200000; -1,1735500000
202200030759;3;3;2022;06:45;5;76;2;2;1;6;49,4367500000;1,0875200000
202200030760;3;3;2022;21:40;5;974;2;1;1;3; -21,3410300000;55,4620000000
202200030761;2;3;2022;08:30;1;974;2;1;1;6; -21,2894540000;55,5098930000
202200030762;1;3;2022;08:00;1;974;2;1;1;6; -20,9390400000;55,2961300000
202200030763;3;3;2022;18:00;1;69;2;2;1;2;45,7527300000;4,8503900000
202200030764;3;3;2022;16:20;2;69;2;2;1;3;45,7635836768;4,8581296206
202200030765;3;3;2022;13:00;1;69;2;2;1;3;45,7541800000;4,8855800000
202200030766;3;3;2022;08:50;1;69;2;2;1;3;45,7596700000;4,8490500000
202200030767;3;3;2022;13:05;1;972;1;1;1;4;14,6466600000; -61,0101600000
202200030768;3;3;2022;15:37;1;971;1;1;1;3;16,2889700000; -61,5114100000
202200030769;2;3;2022;19:00;5;971;1;1;1;6;16,2505200000; -61,5224700000
202200030770;2;3;2022;14:00;1;971;2;1;1;2;16,0447858030; -61,5625199676
202200030771;3;3;2022;23:15;5;2A;2;3;1;3;41,9207108597;8,7370766601
202200030772;3;3;2022;17:55;1;91;2;1;1;6;48,6593100000;2,3676400000
202200030773;2;3;2022;21:52;5;87;2;1;2;2;45,8246100000;1,2591900000
202200030774;3;3;2022;08:20;1;83;2;1;8;3;43,1265300000;5,9117600000
202200030775;2;3;2022;15:00;1;83;2;1;1;2;43,1214200000;5,9530700000
202200030776;3;3;2022;13:40;1;79;2;1;1;7;46,3256900000; -0,4973700000
202200030777;3;3;2022;14:20;1;78;2;2;1;3;48,9100200000;2,0388600000
202200030778;26;2;2022;14:00;1;77;1;2;1;3;48,7986416749;3,0236381896
202200030779;2;3;2022;15:47;1;76;1;6;1;4;49,8734200000;1,0997200000
202200030780;2;3;2022;15:55;1;73;2;3;1;1;45,6697640000;6,3770860000
202200030781;2;3;2022;18:00;1;66;2;1;1;6;42,6883200000;2,8970900000
202200030782;1;3;2022;19:05;2;66;1;1;1;4;42,7012200000;2,8859400000
202200030783;2;3;2022;13:00;1;65;2;1;2;6;43,1018700000; -0,0440000000
202200030784;3;3;2022;13:15;1;64;2;1;1;2;43,2896178168; -0,3551352024
202200030785;26;2;2022;17:30;1;64;2;1;1;3;43,4861500000; -1,5553100000
202200030786;2;3;2022;15:10;1;64;2;1;1;7;43,4856700000; -1,4911900000
202200030787;3;3;2022;08:25;1;63;2;2;1;3;45,7706100000;3,1010100000
202200030788;2;3;2022;12:32;1;63;2;1;1;5;45,7693500000;3,1137300000
202200030789;2;3;2022;12:15;1;63;2;1;1;6;45,7986104755;3,1139395241
202200030790;1;3;2022;17:05;1;62;2;8;1;1;50,4216620000;2,8556350000
202200030791;27;2;2022;17:30;1;62;1;1;1;2;50,5343710000;2,6035750000
202200030792;3;3;2022;08:25;1;59;2;1;1;6;50,7286943647;3,1463752985
202200030793;3;3;2022;15:00;1;59;2;8;1;6;50,6891100000;3,1776800000
202200030794;3;3;2022;18:25;1;59;2;1;1;3;50,6456800000;3,0502700000
202200030795;2;3;2022;11:51;1;56;2;1;1;6;47,7626100000; -3,3317000000
202200030796;2;3;2022;15:49;1;54;2;1;1;7;49,2015100000;5,9388200000
202200030797;2;3;2022;18:40;1;49;2;6;1;3;47,2537400000; -0,0857400000
202200030798;3;3;2022;07:49;1;49;2;1;1;7;47,4796000000; -0,5896300000
202200030799;3;3;2022;15:13;1;47;1;3;1;3;44,4077926288;0,7474523182
202200030800;3;3;2022;09:30;1;44;2;1;1;6;47,2037940000; -1,5476130000
202200030801;27;2;2022;18:20;2;42;2;1;1;3;45,3929829081;4,2930675745
202200030802;3;3;2022;17:00;1;37;2;6;1;3;47,3521301581;0,6866072863
202200030803;3;3;2022;23:05;3;35;1;1;2;2;48,1366282540; -1,7035192251
202200030804;3;3;2022;17:50;2;35;2;6;2;6;48,1333300000; -1,6852700000
202200030805;3;3;2022;18:50;5;33;2;1;1;6;44,7987250000; -0,5574960000
202200030806;1;3;2022;13:45;1;33;2;3;1;2;44,8345228236; -0,5519696211
202200030807;3;3;2022;22:00;5;29;2;3;1;3;48,4066070000; -4,4792800000
202200030808;3;3;2022;16:50;1;27;1;1;1;4;49,2529900000;1,1814500000
202200030809;29;8;2022;18:15;1;75;2;4;1;3;48,8277870000;2,3936370000
202200030810;27;2;2022;19:45;1;22;2;1;1;4;48,7442600000; -3,4527500000
202200030811;29;8;2022;16:10;1;75;2;1;1;4;48,8308070000;2,4031540000
202200030812;3;3;2022;20:10;5;15;2;6;1;3;44,9223230000;2,4278920000
202200030813;29;8;2022;14:20;1;75;2;1;1;2;48,8500990000;2,4151060000
202200030814;2;3;2022;18:15;2;14;1;2;1;3;49,3823220000;0,2447530000
202200030815;28;8;2022;15:15;1;75;2;4;1;6;48,8278921895;2,3945420980
202200030816;3;3;2022;18:00;1;13;2;1;1;3;43,2792300000;5,4139100000
202200030817;28;8;2022;18:30;1;75;2;1;1;3;48,8677800000;2,2623880000
202200030818;3;3;2022;08:45;1;13;2;6;1;3;43,2942952400;5,5584177262
202200030819;28;8;2022;10:20;1;75;2;2;1;3;48,8316940000;2,3408890000
202200030820;28;8;2022;10:00;1;75;2;1;1;4;48,8340920000;2,3831570000
202200030821;29;8;2022;13:40;1;75;2;2;1;3;48,8748200000;2,3573990000
202200030822;2;3;2022;20:50;5;11;2;3;2;7;43,2219600000;2,3415700000
202200030823;29;8;2022;15:00;1;94;2;2;1;1;48,7929400000;2,4012200000
202200030824;3;3;2022;13:17;1;10;2;1;1;6;48,2852500000;4,0740500000
202200030825;25;8;2022;21:50;5;94;2;3;1;1;48,7811200000;2,4030700000
202200030826;29;8;2022;16:40;1;94;2;9;1;6;48,7996400000;2,4324770000
202200030827;2;3;2022;12:15;1;10;2;3;8;3;48,3043000000;4,0825700000
202200030828;29;8;2022;18:06;1;94;2;3;1;6;48,8089300000;2,3582000000
202200030829;3;3;2022;12:10;1;06;2;1;1;6;43,7034400000;7,2763200000
202200030830;28;8;2022;23:31;3;94;1;1;1;2;48,7734300000;2,4085400000
202200030831;28;8;2022;22:30;5;93;2;2;1;6;48,9684574524;2,3651790333
202200030832;3;3;2022;10:10;1;06;2;2;1;3;43,6966500000;7,2550700000
202200030833;29;8;2022;17:00;1;93;2;1;1;3;48,8790187170;2,4719096077
202200030834;3;3;2022;15:00;1;06;2;3;2;1;43,6561250000;6,9289220000
202200030835;29;8;2022;00:03;5;93;2;2;1;3;48,8610400000;2,4898100000
202200030836;3;3;2022;18:15;2;06;2;1;1;3;43,6477400000;7,1487500000
202200030837;29;8;2022;20:36;1;93;2;3;1;3;48,8823300000;2,4583400000
202200030838;29;8;2022;09:45;1;93;2;1;1;3;48,8637700000;2,4398600000
202200030839;2;3;2022;17:15;1;04;1;3;1;4;43,8093600000;5,7816400000
202200030840;27;8;2022;23:40;5;93;2;3;1;3;48,9243300000;2,4016300000
202200030841;3;3;2022;02:20;5;75;2;1;1;6;48,8988990000;2,3934800000
202200030842;28;8;2022;22:20;5;93;2;1;1;4;48,9062800000;2,4995300000
202200030843;1;3;2022;12:30;1;75;2;4;1;2;48,8173330086;2,3660919070
202200030844;29;8;2022;20:02;1;93;2;3;1;6;48,9303300000;2,4952500000
202200030845;3;3;2022;19:20;5;75;2;7;1;6;48,8442930000;2,3648860000
202200030846;29;8;2022;17:30;1;93;2;1;1;1;48,9176578444;2,3930821362
202200030847;29;8;2022;19:00;1;92;2;1;1;1;48,8877623278;2,2519628405
202200030848;3;3;2022;08:55;1;75;2;5;8;2;48,8769680000;2,4065820000
202200030849;29;8;2022;20:15;2;50;1;2;7;3;48,7467664550; -1,4999770000
202200030850;3;3;2022;00:02;5;75;2;2;1;3;48,8887780000;2,3930750000
202200030851;24;7;2022;17:30;1;41;2;1;1;1;47,5081720000;1,4510860000
202200030852;3;3;2022;10:25;1;75;2;2;1;3;48,8650720000;2,2865190000
202200030853;30;8;2022;12:50;1;81;1;1;1;6;43,8949930000;2,3770590000
202200030854;30;8;2022;00:50;4;76;1;6;1;6;49,5781390000;0,2402560000
202200030855;3;3;2022;21:20;5;75;2;2;1;3;48,8476860000;2,2841400000
202200030856;3;3;2022;06:05;5;75;2;1;1;7;48,8394360000;2,2699310000
202200030857;29;8;2022;17:15;1;37;1;1;1;4;47,2114860000;0,6560040000
202200030858;3;3;2022;19:55;5;75;2;4;1;6;48,8402500000;2,3806370000
202200030859;3;3;2022;15:40;1;75;2;1;8;6;48,8600290000;2,3777550000
202200030860;29;8;2022;11:15;1;34;1;3;1;3;43,5647830000;3,8502040000
202200030861;29;8;2022;23:40;5;34;2;1;3;1;43,5606920000;3,7290340000
202200030862;3;3;2022;13:00;1;75;2;4;1;2;48,8667270000;2,3012980000
202200030863;29;8;2022;21:25;3;35;1;1;1;6;48,2353841032; -1,7078965902
202200030864;29;8;2022;12:00;1;51;2;3;1;3;48,8720160000;4,4601970000
202200030865;2;3;2022;20:45;5;94;2;2;1;6;48,7922500000;2,5062400000
202200030866;29;8;2022;10:45;1;56;1;2;1;3;48,0701250000; -3,1970050000
202200030867;2;3;2022;16:05;1;94;2;2;1;3;48,8058100000;2,4409700000
202200030868;29;8;2022;10:00;1;56;1;1;1;1;47,8657820000; -2,1179580000
202200030869;3;3;2022;15:45;1;94;2;1;1;6;48,7576300000;2,3903600000
202200030870;29;8;2022;07:30;2;56;2;6;1;3;47,9111540000; -3,3361370000
202200030871;3;3;2022;16:43;1;94;2;1;1;6;48,7675900000;2,4862900000
202200030872;3;3;2022;14:45;1;94;2;6;1;2;48,7741500000;2,4396000000
202200030873;13;7;2022;19:50;1;56;1;2;1;3;47,6523730000; -2,6312360000
202200030874;30;8;2022;17:20;1;59;1;1;1;1;50,8429246065;2,2029224038
202200030875;3;3;2022;11:00;1;94;2;6;1;3;48,7626500000;2,4787800000
202200030876;30;8;2022;09:45;1;76;2;2;1;3;49,6989560000;0,3478400000
202200030877;3;3;2022;08:45;1;94;2;1;1;2;48,7762258496;2,4730845541
202200030878;28;8;2022;16:45;1;79;1;1;1;1;46,5901680000; -0,3545450000
202200030879;27;2;2022;16:40;1;94;2;1;1;6;48,8102200000;2,5733400000
202200030880;29;8;2022;22:50;5;2A;1;1;1;1;41,6924950000;9,3576480000
202200030881;3;3;2022;20:30;5;93;2;3;1;6;48,8583400000;2,4335400000
202200030882;20;8;2022;08:45;1;2B;1;3;1;2;41,9391590000;9,4047690000
202200030883;3;3;2022;10:00;1;93;2;1;1;2;48,9152100000;2,5285100000
202200030884;3;3;2022;16:30;1;93;2;9;1;7;48,9081580000;2,4267790000
202200030885;28;8;2022;14:59;1;61;1;1;1;6;48,6238320000; -0,5733490000
202200030886;29;8;2022;09:15;1;55;1;1;1;7;48,8393790000;5,6049640000
202200030887;3;3;2022;19:10;5;93;2;3;1;3;48,9166200000;2,4061300000
202200030888;30;8;2022;16:10;1;46;1;1;1;6;44,6709720000;1,7856000000
202200030889;29;8;2022;15:45;1;41;1;1;1;7;47,9441010000;0,9115760000
202200030890;3;3;2022;06:30;5;92;2;9;1;1;48,8643729402;2,2079417556
202200030891;30;8;2022;00:45;3;25;1;1;1;6;47,1802040000;6,1108880000
202200030892;3;3;2022;16:31;1;92;2;1;1;6;48,8864594148;2,1823506653
202200030893;29;8;2022;17:20;1;29;2;1;1;1;48,4055253360; -4,4232124686
202200030894;2;3;2022;19:25;5;92;2;2;1;3;48,9210600000;2,3253300000
202200030895;27;8;2022;12:15;1;38;2;3;1;3;45,3343560000;4,9466800000
202200030896;3;3;2022;20:20;5;92;2;1;1;7;48,8004286566;2,3087240159
202200030897;3;3;2022;16:15;1;92;2;1;1;6;48,7893153267;2,3117889762
202200030898;29;8;2022;16:55;1;70;2;3;1;3;47,6608280000;6,7474670000
202200030899;3;3;2022;09:35;1;92;2;1;1;1;48,9132600000;2,2993100000
202200030900;23;8;2022;12:15;1;66;2;2;1;3;42,5249370000;2,8313400000
202200030901;29;8;2022;16:50;1;14;1;4;1;3;49,3339330000;0,1127450000
202200030902;3;3;2022;13:50;1;12;2;6;1;3;44,3529560000;2,0184510000
202200030903;30;8;2022;12:05;1;50;1;3;1;3;49,0198660000; -1,5049450000
202200030904;3;3;2022;15:35;1;40;2;2;2;3;43,6522570000; -1,4412570000
202200030905;30;8;2022;13:00;1;64;1;1;1;3;43,0390580000; -0,6097630000
202200030906;4;3;2022;03:30;5;06;1;6;1;7;43,6355550000;7,1289320000
202200030907;3;3;2022;21:20;5;62;2;1;1;6;50,5680170000;2,6651440000
202200030908;30;8;2022;17:05;1;64;1;1;1;1;43,3767930000; -1,0133060000
202200030909;30;8;2022;08:28;1;07;2;1;1;6;44,8005110000;4,7814240000
202200030910;2;3;2022;18:40;3;84;2;3;1;3;43,8032250000;5,0697930000
202200030911;30;8;2022;13:30;1;40;1;1;1;2;43,5541020000; -1,3027700000
202200030912;30;8;2022;10:45;1;04;1;1;1;7;44,0301920000;6,1727930000
202200030913;3;3;2022;11:04;1;60;1;2;1;3;49,2307140000;2,8105470000
202200030914;30;8;2022;10:10;1;85;1;1;1;7;46,7788740000; -2,0160880000
202200030915;3;3;2022;17:50;1;62;2;3;1;2;50,2315350293;2,1167202294
202200030916;28;8;2022;10:45;1;88;2;3;1;1;48,3047590000;6,3878960000
202200030917;3;3;2022;15:20;1;57;1;1;1;6;48,7606730000;6,5477440000
202200030918;29;8;2022;08:00;1;33;1;1;1;2;44,9373860000; -0,2593330000
202200030919;4;3;2022;05:30;3;51;1;1;1;1;48,8881980000;4,2229560000
202200030920;30;8;2022;02:28;3;62;1;1;1;6;50,4850180000;2,6906950000
202200030921;29;8;2022;07:30;2;06;1;1;1;6;43,7458530000;7,3823110000
202200030922;3;3;2022;12:15;1;63;2;2;1;6;45,8384251631;3,4989443421
202200030923;28;8;2022;04:30;3;33;1;1;1;6;44,4901150000; -0,1989770000
202200030924;2;3;2022;08:50;1;42;1;2;1;6;46,1510300000;4,2435340000
202200030925;30;8;2022;16:10;1;74;1;1;1;2;46,1527610000;6,2954720000
202200030926;3;3;2022;12:50;1;46;2;1;1;6;44,4676320000;1,2411750000