Accident_Id;jour;mois;an;hrmn;lum;dep;agg;int;atm;col;lat;long
202200031257;12;1;2022;07:00;3;46;1;1;9;6;44,5728400000;2,1137300000
202200031258;18;6;2022;12:10;1;49;2;2;1;3;47,4347000000; -0,5268000000
202200031259;13;4;2022;17:30;1;71;1;3;1;3;46,2429820000;4,7953020000
202200031260;18;6;2022;21:00;2;43;1;1;1;7;45,0241700000;3,9094400000
202200031261;23;1;2022;15:00;1;09;1;1;1;6;43,1995760000;1,6717670000
202200031262;18;6;2022;11:30;1;42;2;4;1;3;46,0271926997;4,0681627393
202200031263;21;1;2022;17:00;1;72;1;1;1;3;47,6889100000; -0,0337700000
202200031264;11;4;2022;20:00;2;69;2;1;1;3;45,7522680000;4,7407130000
202200031265;18;6;2022;14:15;1;34;2;8;1;3;43,5952100000;3,9052100000
202200031266;23;1;2022;19:30;3;60;1;1;1;2;49,4144847256;2,1836400031
202200031267;18;6;2022;19:35;1;33;2;1;1;6;44,8405900000; -0,5523500000
202200031268;13;4;2022;09:30;1;24;1;3;2;1;44,7554040000;0,7728090000
202200031269;18;6;2022;01:55;5;33;2;1;1;6;44,8413400000; -0,5694100000
202200031270;14;4;2022;08:30;1;33;1;1;1;1;44,9502740000; -0,1941280000
202200031271;24;1;2022;01:05;5;59;2;2;1;3;50,0188620683;4,0440818667
202200031272;18;6;2022;22:10;5;31;2;3;1;3;43,6103100000;1,4348000000
202200031273;14;4;2022;07:45;1;33;1;1;1;1;45,2002740000; -0,6493520000
202200031274;22;1;2022;17:50;1;13;1;1;1;2;43,3343170000;5,3829110000
202200031275;18;6;2022;03:45;5;31;2;1;1;2;43,6092900000;1,4449900000
202200031276;13;4;2022;05:05;3;35;1;1;5;1;48,0605570000; -1,7500450000
202200031277;22;1;2022;22:35;3;69;1;1;1;6;45,7656568882;4,9850088358
202200031278;13;4;2022;11:00;1;59;2;1;2;6;50,2396832278;4,0183821916
202200031279;17;6;2022;21:35;1;29;1;2;1;3;47,8943600000; -3,8899300000
202200031280;23;1;2022;00:35;5;33;1;1;1;6;44,8663080000; -0,4855610000
202200031281;11;4;2022;19:34;1;13;1;1;1;2;43,3984000000;5,2987500000
202200031282;16;6;2022;21:20;1;29;2;6;1;6;48,3978140000; -4,4896960000
202200031283;23;1;2022;18:40;3;78;1;1;1;4;48,8965900000;2,0065780000
202200031284;6;6;2022;17:30;1;29;2;3;2;6;48,3936120000; -4,4816680000
202200031285;11;4;2022;23:30;5;75;1;1;1;3;48,8484037683;2,2472298145
202200031286;22;1;2022;22:00;4;78;1;1;1;6;48,9757040000;1,7240200000
202200031287;18;6;2022;19:55;1;27;2;9;7;2;49,0982500000;1,4474400000
202200031288;22;1;2022;19:25;3;92;1;1;1;4;48,8336666392;2,1639025833
202200031289;11;4;2022;20:30;2;93;1;1;1;4;48,8669026471;2,4816977978
202200031290;18;6;2022;14:25;1;27;2;1;1;6;49,0122674000;1,1606605000
202200031291;22;1;2022;17:30;3;78;1;1;1;6;48,9333670000;1,9713190000
202200031292;11;4;2022;21:15;5;93;1;1;1;2;48,9140389122;2,4332553148
202200031293;18;6;2022;10:45;1;27;2;3;7;3;49,0217600000;1,1816300000
202200031294;22;1;2022;04:15;3;92;1;1;1;2;48,7950100000;2,2179900000
202200031295;11;4;2022;16:40;1;95;1;1;7;2;49,0425988519;2,0786529779
202200031296;23;1;2022;18:50;3;95;1;1;1;5;48,9776400000;2,4600000000
202200031297;11;4;2022;11:10;1;95;1;1;1;4;49,0400529394;2,0831698179
202200031298;18;6;2022;07:05;1;26;2;1;1;3;44,5503100000;4,7719000000
202200031299;11;4;2022;10:50;1;93;1;1;1;6;48,9611200000;2,5436400000
202200031300;22;1;2022;22:45;3;95;1;1;1;3;49,0522300000;2,1804100000
202200031301;18;6;2022;01:40;3;13;2;1;1;3;43,4275700000;5,2567300000
202200031302;23;1;2022;04:30;3;94;1;1;1;7;48,8568439531;2,4879040287
202200031303;11;4;2022;07:35;1;93;1;1;1;5;48,9261200000;2,3975100000
202200031304;22;1;2022;22:40;3;75;1;1;1;7;48,8246760486;2,4633300304
202200031305;19;6;2022;00:30;5;13;2;2;1;3;43,2641800000;5,3921100000
202200031306;22;1;2022;12:26;1;92;2;3;1;6;48,8946689635;2,2235964686
202200031307;12;4;2022;10:30;1;77;1;1;1;2;48,7961800000;2,6215600000
202200031308;18;6;2022;09:50;1;13;2;1;1;2;43,2938700000;5,4015900000
202200031309;21;1;2022;22:25;5;75;2;2;1;6;48,8953100000;2,3375620000
202200031310;18;6;2022;08:00;2;13;2;9;1;2;43,3282751625;5,3753122460
202200031311;17;6;2022;14:00;1;13;2;1;1;6;43,3397300000;5,4149000000
202200031312;12;4;2022;08:30;1;77;1;1;1;5;48,8293228045;2,7173574308
202200031313;23;1;2022;06:50;1;988;2;3;3;2; -22,2748700000;166,4394300000
202200031314;18;6;2022;19:55;1;13;2;1;1;6;43,2943600000;5,5668500000
202200031315;18;6;2022;23:55;5;10;2;1;1;6;48,2545412022;4,0958189964
202200031316;18;6;2022;16:40;1;10;2;1;7;3;48,2754727311;4,0786448121
202200031317;16;1;2022;13:25;1;74;2;1;1;6;45,9077000000;6,1356000000
202200031318;22;1;2022;15:05;1;973;1;6;2;6;4,9215337753; -52,3297584057
202200031319;17;6;2022;23:20;5;01;2;1;1;3;46,1988000000;5,2486200000
202200031320;14;1;2022;21:20;3;30;1;1;1;7;43,7938400000;4,6237400000
202200031321;18;6;2022;20:30;1;75;2;1;1;2;48,8202730000;2,3755600000
202200031322;22;1;2022;14:00;1;973;1;1;2;2;4,9053300000; -52,3197200000
202200031323;17;6;2022;21:25;5;75;2;1;1;2;48,9004710000;2,3235260000
202200031324;11;4;2022;09:50;1;974;1;3;7;1; -21,2939000000;55,5107700000
202200031325;23;1;2022;01:50;5;69;2;2;1;6;45,7572300000;4,8586800000
202200031326;22;1;2022;21:00;5;69;2;1;1;6;45,7360200000;4,8294900000
202200031327;9;4;2022;12:10;1;974;2;1;1;1; -20,9165000000;55,4865900000
202200031328;17;6;2022;15:10;1;75;2;1;1;5;48,8705970000;2,2723520000
202200031329;22;1;2022;18:00;5;69;2;1;1;6;45,7669341686;4,8461964726
202200031330;17;6;2022;11:50;1;75;2;1;1;2;48,9007920000;2,3317000000
202200031331;11;4;2022;14:20;1;973;2;1;1;3;4,9311233265; -52,3239795864
202200031332;22;1;2022;13:10;1;69;2;3;1;5;45,7066100000;4,8875200000
202200031333;17;6;2022;17:00;1;75;2;2;1;3;48,8883540000;2,3495800000
202200031334;11;4;2022;13:30;1;973;1;1;1;7;4,9003615381; -52,3280310631
202200031335;11;4;2022;04:55;3;973;2;1;1;7;4,9280000000; -52,2923600000
202200031336;21;1;2022;20:30;5;972;1;9;1;3;14,6121600000; -61,0467700000
202200031337;17;6;2022;07:45;1;75;2;2;1;3;48,8446600000;2,2522000000
202200031338;18;6;2022;09:05;1;75;2;3;1;3;48,8420220000;2,3228200000
202200031339;21;1;2022;16:55;1;972;2;1;1;4;14,6234900000; -61,0187000000
202200031340;11;4;2022;17:10;1;69;2;2;1;6;45,7506208280;4,8878587775
202200031341;18;6;2022;15:30;1;75;2;1;1;3;48,8204430000;2,3437920000
202200031342;21;1;2022;13:20;1;972;1;1;1;1;14,6255880102; -60,9727397561
202200031343;16;6;2022;22:28;5;75;2;4;1;3;48,8261550000;2,3586300000
202200031344;11;4;2022;09:00;1;69;2;1;1;2;45,7361555351;4,8702670808
202200031345;21;1;2022;13:30;1;971;1;1;1;6;16,2354500000; -61,4528500000
202200031346;10;4;2022;21:00;5;69;2;9;1;6;45,7233500000;4,8421500000
202200031347;17;6;2022;23:05;5;75;2;3;1;3;48,8611570000;2,3778440000
202200031348;11;4;2022;17:45;1;69;2;1;1;3;45,7865400000;4,8098800000
202200031349;18;6;2022;20:15;1;75;2;7;7;5;48,8644370000;2,3201860000
202200031350;22;1;2022;13:00;1;91;2;2;1;3;48,6899020000;2,3004550000
202200031351;18;6;2022;18:15;1;75;2;4;1;2;48,8691400000;2,3431890000
202200031352;10;4;2022;20:13;5;69;2;2;1;3;45,7677163066;4,8379160441
202200031353;22;1;2022;23:06;5;91;2;1;1;3;48,6824200000;2,3437500000
202200031354;18;6;2022;04:00;5;75;2;1;1;6;48,8618150000;2,3271310000
202200031355;18;6;2022;13:30;1;94;2;1;1;3;48,7496930000;2,4804980000
202200031356;21;1;2022;16:30;1;83;2;1;1;3;43,0933230000;5,8526750000
202200031357;11;4;2022;15:00;1;2A;2;3;1;3;41,9144300000;8,7248000000
202200031358;18;6;2022;11:00;1;94;2;1;7;6;48,7297500000;2,4480600000
202200031359;18;1;2022;13:15;1;83;2;1;1;3;43,1227491867;6,1324688494
202200031360;8;4;2022;14:30;1;91;2;9;2;6;48,6837440000;2,1764180000
202200031361;18;6;2022;13:00;1;94;2;1;1;6;48,8375000000;2,4832000000
202200031362;7;4;2022;17:12;1;87;2;2;3;3;45,8351600000;1,2522100000
202200031363;18;6;2022;03:35;5;94;2;1;1;6;48,8122000000;2,4222700000
202200031364;10;4;2022;10:50;1;83;2;1;1;6;43,0762300000;5,8149700000
202200031365;18;6;2022;15:30;1;94;2;3;1;3;48,7927200000;2,3693700000
202200031366;22;1;2022;16:17;1;77;2;2;1;3;48,8778670000;2,7404620000
202200031367;8;4;2022;07:15;2;80;2;1;8;5;49,8839100000;2,2820200000
202200031368;17;6;2022;02:05;5;94;2;3;1;3;48,7727640449;2,4001521446
202200031369;22;1;2022;13:35;1;77;2;2;1;3;48,8541000000;2,7647600000
202200031370;18;6;2022;11:35;1;93;2;4;1;1;48,9500620000;2,5724480000
202200031371;8;4;2022;08:25;1;80;2;1;2;3;49,8848700000;2,2645400000
202200031372;22;1;2022;14:45;1;76;2;2;1;3;49,4429200000;1,0778700000
202200031373;18;6;2022;21:10;1;93;2;9;1;6;48,9478000000;2,3787200000
202200031374;21;1;2022;08:08;2;72;2;1;8;3;47,9724300000;0,1894100000
202200031375;18;6;2022;16:50;1;93;2;1;1;1;48,8954200000;2,4617700000
202200031376;10;4;2022;11:00;1;78;1;1;1;2;48,9767400000;2,0885570000
202200031377;22;1;2022;19:00;5;69;2;1;1;3;45,7549100000;4,8789200000
202200031378;18;6;2022;12:50;1;93;2;1;1;3;48,8544900000;2,5214300000
202200031379;11;4;2022;13:15;1;78;2;1;1;6;48,9796430000;1,9131250000
202200031380;22;1;2022;19:30;5;69;2;2;1;3;45,7510357561;4,9078632795
202200031381;10;4;2022;19:40;1;78;2;6;1;6;48,9628130000;1,6784200000
202200031382;18;6;2022;21:30;1;93;2;6;1;3;48,8624950000;2,4552310000
202200031383;21;1;2022;12:40;1;64;2;2;1;3;43,4810200000; -1,5352000000
202200031384;11;4;2022;13:10;1;78;1;1;1;2;48,9412000000;2,0578700000
202200031385;18;6;2022;16:10;1;93;2;1;1;6;48,8563387101;2,4264898896
202200031386;22;1;2022;16:30;1;59;2;5;1;1;50,6899880000;2,8778660000
202200031387;18;6;2022;18:50;1;93;2;1;1;3;48,8608880483;2,4186041951
202200031388;18;6;2022;10:10;1;93;2;3;1;3;48,9230300000;2,4581600000
202200031389;11;4;2022;08:00;1;77;2;2;1;1;48,8549500000;2,7465800000
202200031390;19;1;2022;14:55;1;51;1;1;2;1;48,9201900000;4,4190800000
202200031391;9;4;2022;16:15;1;76;1;1;1;6;49,5305100000;0,1262600000
202200031392;21;1;2022;07:40;3;50;1;1;8;6;48,8127000000; -1,5518800000
202200031393;18;6;2022;20:40;1;93;2;2;1;1;48,9018300000;2,5597400000
202200031394;8;4;2022;16:00;1;76;2;1;1;6;49,5168600000;0,0774100000
202200031395;22;1;2022;18:52;5;49;2;1;1;5;47,4813600000; -0,5671800000
202200031396;17;6;2022;23:15;5;93;2;2;1;1;48,9040900000;2,4708100000
202200031397;29;3;2022;16:50;1;74;2;1;1;6;45,9055000000;6,1320000000
202200031398;22;1;2022;16:32;1;49;2;1;1;6;47,4502800000; -0,5554600000
202200031399;11;4;2022;08:00;1;69;2;1;1;6;45,9899500000;4,7215700000
202200031400;18;6;2022;22:00;2;93;2;2;1;3;48,9308000000;2,4833000000
202200031401;21;1;2022;18:05;5;45;2;1;1;6;47,9048660000;1,8930220000
202200031402;11;4;2022;08:10;1;67;2;3;1;3;48,6237400000;7,7329300000
202200031403;20;6;2022;18:25;1;92;2;3;1;3;48,8770800000;2,2412100000
202200031404;22;1;2022;01:37;4;44;1;1;1;3;47,2152100000; -1,6657200000
202200031405;8;4;2022;16:50;1;67;2;1;1;3;48,6085540000;7,7640290000
202200031406;22;1;2022;10:20;1;43;2;1;1;6;45,0497760000;3,9145670000
202200031407;18;6;2022;15:45;1;92;2;3;1;3;48,9029900000;2,2835100000
202200031408;10;4;2022;07:25;2;67;1;1;1;7;48,8073300000;7,8306400000
202200031409;22;1;2022;13:50;1;42;2;1;1;6;45,3934800000;4,2923300000
202200031410;11;4;2022;21:25;4;61;2;1;1;7;48,4411000000;0,0982700000
202200031411;18;6;2022;12:19;1;92;2;3;1;3;48,7884656886;2,2498342395
202200031412;22;1;2022;20:45;5;38;2;3;1;1;45,1764100000;5,7655800000
202200031413;11;4;2022;15:45;1;59;2;1;1;6;50,6238930000;3,0515170000
202200031414;18;6;2022;15:05;1;92;2;1;1;2;48,8005358084;2,3088508844
202200031415;10;4;2022;12:05;1;59;2;1;1;6;50,4188400000;3,1042000000
202200031416;22;1;2022;09:55;1;38;1;1;1;5;45,1654700000;5,8002000000
202200031417;18;6;2022;18:00;1;35;1;1;1;2;48,0288683450; -1,8153861165
202200031418;18;6;2022;04:45;3;63;1;6;1;6;45,7427000000;3,1041580000
202200031419;10;4;2022;18:00;1;51;2;2;1;3;49,2325410000;4,0182550000
202200031420;22;1;2022;18:30;5;37;2;4;1;3;47,3529024504;0,6654057652
202200031421;18;6;2022;11:15;1;12;1;1;7;6;44,3260090000;1,9074640000
202200031422;29;3;2022;22:00;5;42;2;6;2;6;45,4751116024;4,5292247840
202200031423;22;1;2022;16:10;1;37;2;2;1;3;47,4015068527;0,6865643710
202200031424;10;4;2022;19:35;1;34;2;3;1;3;43,5788900000;3,8774700000
202200031425;18;6;2022;21:15;2;26;1;3;1;3;45,1395060000;4,9420990000
202200031426;22;1;2022;10:00;1;37;2;2;1;6;47,3935458653;0,6850408763
202200031427;18;6;2022;13:55;1;57;2;1;1;6;49,4482170000;6,4383420000
202200031428;10;4;2022;01:15;3;34;1;1;1;2;43,5695000000;3,8955300000
202200031429;19;1;2022;19:15;3;30;1;1;1;6;43,8594000000;4,4116000000
202200031430;15;6;2022;21:30;2;51;1;1;1;7;49,0400900000;3,8070850000
202200031431;19;6;2022;06:45;1;88;1;1;1;1;48,2247940000;6,9466050000
202200031432;11;4;2022;18:22;1;33;2;1;1;3;44,8598200000; -0,6957800000
202200031433;22;1;2022;19:20;5;29;2;2;1;1;47,8743200000; -3,9052200000
202200031434;18;6;2022;23:30;3;29;1;1;6;6;48,3830481410; -4,3510217375
202200031435;19;6;2022;08:45;1;971;2;9;1;3;15,9778590000; -61,6394510000
202200031436;11;4;2022;08:15;1;33;2;5;1;3;44,8387900000; -0,6257200000
202200031437;18;1;2022;13:30;1;16;2;6;1;3;45,6898893133; -0,3257428855
202200031438;18;6;2022;00:10;3;78;1;1;1;2;48,9259680000;1,7295740000
202200031439;12;4;2022;00:50;4;27;2;1;1;6;49,2343000000;1,1766100000
202200031440;18;6;2022;16:15;1;76;1;1;1;6;49,9142958119;1,5366804600
202200031441;22;1;2022;19:50;5;14;2;3;1;3;49,1777100000; -0,3575200000
202200031442;9;4;2022;15:45;1;13;2;1;1;1;43,4091500000;4,9914400000
202200031443;11;6;2022;14:50;1;2B;2;1;1;3;42,0114070000;9,4036000000
202200031444;22;1;2022;05:30;5;13;2;3;1;3;43,2790911285;5,3829154564
202200031445;10;4;2022;20:45;5;13;2;1;1;1;43,2062000000;5,6267500000
202200031446;19;6;2022;19:30;1;82;1;1;1;3;44,3184100000;0,8965500000
202200031447;22;1;2022;09:50;1;13;1;1;1;4;43,3431200000;5,3478000000
202200031448;10;4;2022;15:00;1;07;2;1;1;3;44,8977200000;4,8518200000
202200031449;19;6;2022;09:50;1;63;1;2;1;3;45,4495420000;3,8642800000
202200031450;22;1;2022;06:15;5;13;2;1;1;6;43,5197000000;5,4467400000
202200031451;17;6;2022;12:20;1;61;1;1;1;7;48,5217990000;0,5139970000
202200031452;11;4;2022;11:00;1;06;2;1;1;6;43,7054280000;7,2846020000
202200031453;22;1;2022;10:25;1;11;2;2;1;3;43,2112900000;2,3265100000
202200031454;15;6;2022;21:00;1;61;1;1;1;1;48,6180730000; -0,7069340000
202200031455;11;4;2022;09:05;1;06;2;1;1;2;43,6603120000;7,1434920000
202200031456;22;1;2022;09:55;1;11;1;1;9;6;43,2202100000;2,2864900000
202200031457;16;6;2022;17:55;1;61;2;3;7;1;48,9333700000;0,1973800000
202200031458;22;1;2022;19:09;5;06;2;1;1;6;43,6381000000;6,9335770000
202200031459;11;4;2022;18:20;1;75;2;1;1;4;48,8704830000;2,2725290000
202200031460;19;6;2022;01:30;4;55;1;6;1;6;48,7290240000;5,2366540000
202200031461;21;1;2022;16:40;1;06;2;1;7;6;43,6567100000;6,9197630000
202200031462;18;6;2022;19:45;1;86;1;1;9;6;47,0786760000;0,0673980000
202200031463;11;4;2022;17:55;1;75;2;1;1;2;48,9009670000;2,3399020000
202200031464;22;1;2022;18:40;5;06;2;1;1;3;43,5724780000;7,0130590000
202200031465;18;6;2022;10:50;1;39;1;1;1;1;47,1449130000;5,6680040000
202200031466;22;1;2022;15:06;1;75;2;2;1;6;48,8976400000;2,3288780000
202200031467;18;6;2022;11:05;1;44;1;1;7;6;47,1125400000; -2,0603400000
202200031468;21;1;2022;00:45;5;75;2;1;1;3;48,8517170000;2,2417470000
202200031469;10;4;2022;00:35;5;75;2;1;1;4;48,8284710000;2,3974180000
202200031470;18;6;2022;19:40;1;29;2;6;2;1;48,5171415026; -3,9441794157
202200031471;19;6;2022;02:45;3;29;1;1;3;6;48,4840840000; -4,1765870000
202200031472;22;1;2022;16:00;1;75;2;3;1;3;48,8418340000;2,2863010000
202200031473;11;4;2022;18:17;1;75;2;2;1;6;48,8529020000;2,3369790000
202200031474;18;6;2022;14:30;1;29;1;3;1;3;48,5685160925; -4,6634790301
202200031475;22;1;2022;15:30;1;75;2;1;1;2;48,8465720000;2,4002940000
202200031476;11;4;2022;15:45;1;75;2;1;1;1;48,8617980000;2,2916770000
202200031477;19;6;2022;04:49;2;31;1;1;1;6;43,2663000000;0,6431720000
202200031478;21;1;2022;13:35;1;75;2;7;1;6;48,8395290000;2,3961620000
202200031479;11;4;2022;15:00;1;75;2;1;7;2;48,8333470000;2,2772170000
202200031480;19;6;2022;15:05;1;38;1;1;1;7;45,4994480000;5,0944220000
202200031481;22;1;2022;20:11;5;75;2;1;1;6;48,8537620000;2,3708050000
202200031482;19;6;2022;12:00;1;02;2;1;1;6;49,6915460000;4,0260150000
202200031483;11;4;2022;08:00;1;75;2;7;1;6;48,8478570000;2,3012560000
202200031484;22;1;2022;13:05;1;75;2;2;1;6;48,8535830000;2,3804520000
202200031485;19;6;2022;18:30;1;02;2;2;1;3;49,0898390000;3,5327210000
202200031486;11;4;2022;07:03;1;75;2;2;1;6;48,8205550000;2,3242270000
202200031487;19;6;2022;10:40;1;15;1;1;6;6;44,9377220000;3,0012420000
202200031488;22;1;2022;00:18;5;75;2;2;1;3;48,8723620000;2,3374190000
202200031489;17;6;2022;19:40;1;15;1;1;1;7;45,1022900000;2,6701610000
202200031490;11;4;2022;09:05;1;75;2;3;1;6;48,8320150000;2,3791480000
202200031491;19;6;2022;06:00;2;15;2;1;1;6;44,7116020000;2,1980060000
202200031492;22;1;2022;19:20;5;75;2;7;1;6;48,8509000000;2,3059610000
202200031493;22;1;2022;13:30;1;94;2;1;1;7;48,7901600000;2,3328900000
202200031494;18;6;2022;14:50;1;01;2;1;1;6;46,0392480000;5,4057850000
202200031495;11;4;2022;08:05;1;75;2;3;1;3;48,8265060000;2,3745530000
202200031496;19;6;2022;15:52;1;01;1;1;1;7;46,1295900000;5,3898670000
202200031497;22;1;2022;20:30;5;94;2;2;1;4;48,7720000000;2,4588500000
202200031498;11;4;2022;14:30;1;75;2;7;1;6;48,8710650000;2,3318990000
202200031499;19;6;2022;19:23;1;54;1;1;1;6;48,6954213908;5,7629682784
202200031500;22;1;2022;16:40;1;93;2;1;1;3;48,9067659774;2,4708874226
202200031501;17;6;2022;22:00;1;14;1;1;1;1;49,0592770000; -0,2257530000
202200031502;11;4;2022;16:35;1;75;2;2;1;3;48,8628440000;2,3134640000
202200031503;21;1;2022;22:25;5;92;2;1;1;6;48,8225994116;2,2989665419
202200031504;18;6;2022;15:50;1;50;1;1;7;6;49,0740700000; -1,4707680000
202200031505;11;4;2022;11:48;1;94;2;2;1;3;48,7513600000;2,4453100000
202200031506;22;1;2022;15:36;1;92;2;2;1;3;48,8880561289;2,2861916497
202200031507;19;6;2022;16:35;1;09;1;1;1;1;43,0346320000;1,5454990000
202200031508;11;4;2022;14:40;1;94;2;1;1;7;48,7977800000;2,3443600000
202200031509;18;6;2022;21:00;1;18;1;1;1;1;46,8834640000;2,7668170000
202200031510;22;1;2022;18:55;3;92;2;1;1;2;48,9045766913;2,2459474504
202200031511;22;1;2022;13:20;1;35;1;1;1;7;47,6857030000; -2,0639240000
202200031512;11;4;2022;14:10;1;94;2;2;1;3;48,8008700000;2,3333800000
202200031513;18;6;2022;14:39;1;43;1;1;1;1;45,1532630000;4,0885450000
202200031514;19;6;2022;01:30;3;07;1;1;1;6;44,3445390000;4,3642130000
202200031515;22;1;2022;12:20;1;62;1;1;1;1;50,4229290000;1,8155340000
202200031516;11;4;2022;12:45;1;94;2;3;1;3;48,7609300000;2,3299900000
202200031517;19;6;2022;17:45;1;07;1;1;1;7;44,8529330000;4,5616440000
202200031518;23;1;2022;08:15;1;24;1;1;1;6;45,1215520000;0,5756770000
202200031519;9;4;2022;20:47;2;94;2;1;1;6;48,7808000000;2,3278160000
202200031520;19;6;2022;01:45;3;24;1;1;1;1;44,8600170000;1,2964400000
202200031521;22;1;2022;21:00;5;31;2;1;1;6;43,5143230000;1,4996750000
202200031522;17;6;2022;21:47;2;24;2;1;1;6;44,8749970000;1,2257590000
202200031523;22;1;2022;11:25;1;57;1;1;1;6;48,8745100000;6,9588090000
202200031524;10;4;2022;18:20;1;94;2;1;1;4;48,8306700000;2,4930100000
202200031525;19;6;2022;16:40;1;23;1;1;1;1;46,0078310000;2,3127240000
202200031526;10;4;2022;07:15;1;94;2;3;1;1;48,8177910233;2,5060050487
202200031527;16;6;2022;09:36;1;37;1;3;1;3;47,5155304863;0,2875274420
202200031528;23;1;2022;18:25;3;71;1;1;1;6;46,2819310000;4,7886340000
202200031529;19;6;2022;01:15;5;88;2;1;1;6;48,4075290000;6,8441020000
202200031530;22;1;2022;14:30;1;58;1;1;8;6;47,5015651900;2,9062861462
202200031531;11;4;2022;19:35;1;93;2;2;1;7;48,9048700000;2,3223100000
202200031532;18;6;2022;19:00;1;88;1;1;1;7;48,2193330000;5,7999550000
202200031533;23;1;2022;02:15;3;85;1;1;1;6;46,7475680000; -1,1144605000
202200031534;11;4;2022;18:20;1;93;2;3;1;6;48,8775500000;2,4834300000
202200031535;19;6;2022;03:40;3;53;1;1;2;1;47,8403240000; -0,7924960000
202200031536;22;1;2022;17:14;1;22;1;1;1;6;48,3091380000; -2,3416540000
202200031537;11;4;2022;16:15;1;93;2;1;1;6;48,8370727124;2,5730404258
202200031538;18;6;2022;22:50;3;68;1;1;1;2;47,6230070000;7,5100350000
202200031539;23;1;2022;15:30;1;91;1;1;1;4;48,6600370000;2,5172400000
202200031540;11;4;2022;18:15;1;93;2;1;1;5;48,9011700000;2,4709500000
202200031541;18;6;2022;13:45;1;69;1;1;1;3;45,4805726514;4,7836758161
202200031542;21;1;2022;18:30;2;56;1;4;2;3;47,9321300000; -2,1277430000
202200031543;11;4;2022;18:50;1;93;2;1;1;2;48,9487000000;2,4896000000
202200031544;18;6;2022;07:45;1;988;1;3;2;6; -20,8986100000;165,2986400000
202200031545;22;1;2022;18:15;3;89;1;3;8;1;47,4928920000;3,9740680000
202200031546;18;6;2022;01:00;5;972;1;1;1;6;14,8043640000; -61,0074020000
202200031547;11;4;2022;14:23;1;92;2;1;1;6;48,8933500000;2,2839080000
202200031548;22;1;2022;16:45;1;89;1;1;1;6;47,7075740000;3,6259080000
202200031549;11;4;2022;20:15;2;92;2;1;1;1;48,8239593929;2,2639608979
202200031550;23;1;2022;15:50;1;63;1;1;1;6;45,8735982763;2,7407616377
202200031551;18;6;2022;13:45;1;37;1;1;1;5;47,3981860000;0,9109060000
202200031552;23;1;2022;05:00;3;49;1;1;1;6;47,3738990000; -0,0696520000
202200031553;11;4;2022;09:15;1;92;2;1;1;3;48,9223990000;2,2414100000
202200031554;18;6;2022;14:20;1;18;2;3;1;3;47,0000050000;2,2605440000
202200031555;23;1;2022;04:13;3;49;1;6;1;6;47,1371250000; -0,5777260000
202200031556;18;6;2022;15:30;1;95;1;1;1;7;49,1024350000;1,8233500000
202200031557;23;1;2022;10:28;1;12;1;1;1;6;44,4654460000;2,4348660000
202200031558;11;4;2022;17:55;1;92;2;6;1;4;48,8403506973;2,2292265594
202200031559;18;6;2022;20:45;2;2A;1;1;1;1;41,4981320000;8,9488260000
202200031560;23;1;2022;10:00;1;42;1;1;1;6;46,1902520000;4,0866890000
202200031561;18;6;2022;18:30;1;30;1;1;1;6;43,6854590000;4,3785080000
202200031562;11;4;2022;11:20;1;92;2;1;1;3;48,7632429307;2,3087272346
202200031563;23;1;2022;08:50;1;86;1;1;8;6;46,8710380000;0,2273440000
202200031564;19;6;2022;02:30;4;34;1;9;1;6;43,3131815725;3,3319760439
202200031565;9;4;2022;21:30;5;92;2;7;1;2;48,7632800000;2,3055200000
202200031566;21;1;2022;09:50;1;22;2;1;1;6;48,6126190000; -3,4725490000
202200031567;18;6;2022;21:15;2;84;1;1;1;7;43,9876406201;4,8963888644
202200031568;8;4;2022;16:25;1;59;1;9;1;6;50,7620334555;3,1595839262
202200031569;19;6;2022;09:50;1;06;1;1;1;1;43,7840490000;6,8325330000
202200031570;18;6;2022;19:05;1;04;1;1;1;6;43,8561048476;6,4956718683
202200031571;23;1;2022;14:56;1;31;2;2;1;1;43,0929140000;0,5854300000
202200031572;11;4;2022;13:55;1;94;1;1;1;2;48,7779200000;2,3465200000
202200031573;19;6;2022;11:30;1;13;1;9;1;3;43,6502520000;5,3269100000
202200031574;23;1;2022;15:45;1;70;1;1;1;6;47,5615700000;6,6185440000
202200031575;10;4;2022;19:40;1;92;1;1;1;2;48,9210478916;2,2257384571
202200031576;23;1;2022;05:47;5;58;2;1;1;6;46,8222250000;3,7075620000
202200031577;19;6;2022;06:45;1;67;1;1;7;1;48,6914630000;7,9135570000
202200031578;10;4;2022;06:45;3;78;1;1;1;4;48,9352640000;1,9648550000
202200031579;19;6;2022;16:30;1;54;1;3;7;1;48,6058440442;6,4315831656
202200031580;23;1;2022;17:30;2;14;2;1;1;6;49,1224320000; -0,1998730000
202200031581;10;4;2022;05:50;3;78;1;1;1;6;48,8016680000;1,9481900000
202200031582;17;6;2022;16:20;1;74;1;3;1;3;46,0495330000;6,9443950000
202200031583;21;1;2022;18:30;5;85;2;1;1;7;46,9086250000; -1,3791440000
202200031584;9;4;2022;16:05;1;78;1;1;1;2;48,7932640000;2,0819220000
202200031585;22;1;2022;17:45;3;27;1;1;1;7;49,3090640000;1,7225360000
202200031586;18;6;2022;20:09;2;38;2;2;1;3;45,3712850000;4,8011220000