Accident_Id;jour;mois;an;hrmn;lum;dep;agg;int;atm;col;lat;long
202200031587;13;6;2022;18:32;1;38;1;1;1;7;45,6140900000;5,4238770000
202200031588;23;1;2022;09:10;1;30;2;3;1;3;44,1048000000;4,1265680000
202200031589;13;4;2022;11:20;1;63;1;2;1;3;45,7160080000;2,9943000000
202200031590;19;6;2022;14:45;1;26;1;1;1;1;44,7014270000;5,6816910000
202200031591;23;1;2022;16:00;1;48;1;8;1;3;44,7093230000;3,2903410000
202200031592;19;6;2022;11:30;1;01;1;1;1;7;46,1015960000;5,5745320000
202200031593;22;1;2022;18:55;3;24;1;3;1;1;44,8004090000;0,4568820000
202200031594;13;4;2022;08:15;1;68;2;1;1;1;48,1411700000;7,3250380000
202200031595;21;1;2022;10:15;1;35;2;6;1;6;48,0438670000; -1,6015950000
202200031596;18;6;2022;15:00;1;69;2;6;1;4;45,6773560000;4,9008460000
202200031597;18;6;2022;21:30;2;69;2;6;1;6;45,8576460000;4,8350980000
202200031598;13;4;2022;09:35;1;972;1;1;1;3;14,5795960000; -60,9822430000
202200031599;22;1;2022;20:55;3;01;1;1;1;3;45,8738350000;5,2009160000
202200031600;19;6;2022;01:45;3;22;1;1;2;6;48,7577240000; -3,5306940000
202200031601;13;4;2022;16:45;1;19;1;1;1;7;45,2331540000;1,5133340000
202200031602;14;6;2022;07:20;1;57;1;1;1;3;49,4723350000;6,1861820000
202200031603;9;4;2022;23:00;3;34;1;1;1;6;43,5460000000;3,7396400000
202200031604;22;1;2022;17:50;5;41;2;4;1;1;47,6970760000;1,5008890000
202200031605;18;6;2022;03:45;5;69;2;1;1;4;45,7487600000;4,9070300000
202200031606;11;4;2022;17:30;1;19;1;1;1;1;45,0878573861;1,5380803413
202200031607;12;1;2022;23:37;3;91;1;1;1;5;48,5635360000;2,2285060000
202200031608;18;6;2022;06:40;1;91;1;1;1;3;48,7587600000;2,2244900000
202200031609;13;4;2022;21:10;2;79;1;1;1;2;47,0018410000; -0,3768400000
202200031610;18;6;2022;03:11;3;93;1;1;1;1;48,9210000000;2,3750000000
202200031611;22;1;2022;18:10;3;30;1;1;1;3;44,0536200000;4,0365800000
202200031612;12;4;2022;16:41;1;79;1;1;1;7;47,0069020000; -0,4086900000
202200031613;18;6;2022;11:50;1;94;1;1;1;4;48,8203988353;2,4015747159
202200031614;23;1;2022;14:15;1;84;1;1;1;1;43,8963690000;5,3754040000
202200031615;12;4;2022;19:00;1;80;1;1;1;1;49,8107120000;2,6339510000
202200031616;23;1;2022;10:12;1;84;2;2;1;3;43,9339770000;4,9017820000
202200031617;14;4;2022;19:10;1;76;2;9;1;3;49,5093000000;0,2276800000
202200031618;13;4;2022;20:35;2;61;1;2;1;3;48,2515600000;0,7001740000
202200031619;23;1;2022;10:30;1;84;1;1;1;3;43,9716810000;4,9157920000
202200031620;13;4;2022;22:50;5;76;2;3;1;2;49,4910800000;0,1228700000
202200031621;12;4;2022;22:10;3;47;1;3;2;1;44,6367880000;0,3509670000
202200031622;23;1;2022;13:30;1;06;1;1;1;3;43,7861630000;7,0066850000
202200031623;8;4;2022;09:00;1;76;1;1;3;2;49,5325900000;0,1170800000
202200031624;23;1;2022;00:55;3;06;1;1;1;2;43,6950750000;7,1301050000
202200031625;23;1;2022;17:00;2;71;2;1;8;7;46,3224750000;4,7436900000
202200031626;8;4;2022;16:45;1;54;1;1;4;4;49,5025000000;5,7919000000
202200031627;17;4;2022;02:20;5;94;1;1;1;6;48,8154100000;2,3561100000
202200031628;11;4;2022;16:00;1;29;1;1;1;5;48,4165301833; -4,4256564389
202200031629;22;1;2022;18:45;3;54;1;1;1;6;48,5991253088;6,3894510264
202200031630;22;1;2022;14:31;1;63;2;1;1;6;45,7990820000;3,2265580000
202200031631;18;6;2022;00:05;5;974;2;2;1;3; -20,8739200000;55,4514900000
202200031632;12;4;2022;08:00;1;86;1;2;1;2;46,8297490000;0,7175440000
202200031633;23;1;2022;12:00;1;42;1;1;1;7;45,5773106270;4,0669821203
202200031634;16;6;2022;12:00;1;974;2;3;1;3; -20,8868500000;55,4899500000
202200031635;30;3;2022;14:45;1;68;2;2;1;3;47,4848520000;7,2409880000
202200031636;17;5;2022;12:20;1;69;2;2;1;3;45,7349500000;4,8633800000
202200031637;22;1;2022;19:00;3;64;2;1;1;1;43,4628388136; -1,4105218898
202200031638;12;4;2022;21:00;5;68;2;1;1;3;47,6691440000;7,2276410000
202200031639;17;6;2022;06:35;2;69;2;5;1;3;45,7293400000;4,8677400000
202200031640;12;4;2022;14:00;1;29;1;2;1;5;48,6261620000; -4,3852450000
202200031641;17;6;2022;15:50;1;972;2;1;1;6;14,6180600000; -61,0718400000
202200031642;17;6;2022;07:15;1;972;1;1;1;3;14,6207000000; -61,0313000000
202200031643;21;1;2022;19:25;3;13;1;1;1;4;43,2859400000;5,5114100000
202200031644;12;4;2022;18:05;1;14;1;3;1;5;49,2408181250; -0,0207796044
202200031645;16;6;2022;20:00;3;972;1;1;1;2;14,6105600000; -61,0851200000
202200031646;13;4;2022;15:45;1;60;1;1;8;1;49,3229260000;2,6035450000
202200031647;22;1;2022;04:15;3;91;1;1;1;6;48,6252800000;2,3191950000
202200031648;17;6;2022;16:55;1;2B;2;3;1;1;42,7140100000;9,4520200000
202200031649;12;4;2022;18:30;1;73;1;3;1;3;45,7169988878;5,9177287437
202200031650;9;4;2022;17:32;1;18;1;1;1;7;46,6847240000;2,5419520000
202200031651;10;4;2022;18:45;1;36;1;2;1;3;46,6959620000;1,8878840000
202200031652;9;4;2022;02:00;3;87;1;6;1;6;46,2031250000;1,3798840000
202200031653;11;4;2022;07:20;2;37;2;1;1;7;47,2858649610;0,7098975778
202200031654;12;4;2022;20:30;5;95;2;1;2;5;49,0577790000;2,1681530000
202200031655;12;4;2022;22:40;3;67;1;1;1;2;48,7863540000;7,9622550000
202200031656;13;4;2022;08:55;1;69;2;1;1;2;45,7688420000;4,7589590000
202200031657;13;4;2022;07:53;1;01;1;1;1;4;45,9471510000;5,2988000000
202200031658;11;4;2022;17:22;1;01;1;1;1;6;45,8512190000;5,0904630000
202200031659;12;4;2022;17:15;1;68;1;9;1;3;47,5769740000;7,5606320000
202200031660;11;4;2022;18:40;1;38;1;1;1;5;45,2397660000;5,8468590000
202200031661;9;4;2022;18:45;5;971;2;1;1;6;16,1013660000; -61,5643570000
202200031662;11;4;2022;17:00;1;29;1;2;1;3;47,8487022785; -3,5090466142
202200031663;12;4;2022;21:10;3;2A;1;1;1;6;41,5725790000;9,2822890000
202200031664;10;4;2022;14:45;1;68;2;1;1;7;47,8739700000;7,0246460000
202200031665;11;4;2022;17:20;1;68;2;1;1;3;47,8244540000;7,0815580000
202200031666;5;11;2022;14:20;1;29;1;3;1;6;47,8211080000; -4,2652700000
202200031667;7;11;2022;17:15;3;01;2;3;1;3;46,0351240000;5,3845450000
202200031668;7;11;2022;05:30;3;26;1;1;1;3;44,4198880000;4,8103170000
202200031669;6;11;2022;10:15;1;14;1;1;3;6;48,8417430000; -0,7790210000
202200031670;7;11;2022;19:00;3;64;1;2;1;3;43,4584910000; -1,0157200000
202200031671;7;11;2022;17:15;1;64;1;2;8;3;43,3698760000; -0,0508650000
202200031672;6;11;2022;03:30;3;10;1;1;2;1;48,1863470000;4,0055140000
202200031673;7;11;2022;14:00;1;16;1;3;1;3;45,7984420000;0,4150740000
202200031674;10;10;2022;08:45;1;87;1;1;1;2;45,8864560000;1,0759570000
202200031675;8;11;2022;07:10;2;87;1;1;1;2;46,1414710000;1,2478070000
202200031676;8;11;2022;11:10;1;08;2;3;1;3;49,8822920000;4,8224290000
202200031677;29;10;2022;04:35;5;987;1;1;1;1; -17,7220000000; -149,3990000000
202200031678;7;11;2022;15:50;1;19;1;1;1;2;45,3244300000;1,7688900000
202200031679;7;11;2022;18:00;3;45;1;1;1;7;48,0823800000;2,7992610000
202200031680;7;11;2022;15:25;1;53;1;1;1;6;48,0584200000; -0,4966810000
202200031681;8;11;2022;17:22;2;95;1;1;1;3;49,0853549423;2,5450019821
202200031682;7;11;2022;14:00;1;38;1;1;1;2;45,7682340000;5,1198650000
202200031683;8;11;2022;08:15;1;38;1;1;1;2;45,6475280000;5,1239630000
202200031684;7;11;2022;03:00;3;60;1;1;1;3;49,4682066680;2,7086046746
202200031685;8;11;2022;02:30;5;975;2;1;1;3;46,7767580000; -56,1810730000
202200031686;6;11;2022;15:45;1;971;2;1;1;1;16,0828880000; -61,7672070000
202200031687;7;11;2022;00:00;3;28;1;1;1;7;48,8820180000;1,4981320000
202200031688;7;11;2022;16:40;1;77;2;9;1;6;48,9770710000;3,0190090000
202200031689;4;11;2022;19:35;3;77;1;1;1;1;48,9569040000;2,7481910000
202200031690;8;11;2022;12:20;1;77;1;1;1;1;48,9593380000;3,0010110000
202200031691;7;11;2022;18:15;3;2B;1;1;1;2;42,5298140000;9,4545210000
202200031692;7;11;2022;07:50;1;30;1;9;1;5;43,7429000000;4,3432000000
202200031693;7;11;2022;17:10;1;83;1;1;1;3;43,2760260000;6,5556090000
202200031694;6;11;2022;16:00;1;13;1;1;1;1;43,2663780000;5,6618430000
202200031695;5;11;2022;20:00;5;08;2;1;1;6;50,1468180000;4,8222950000
202200031696;7;11;2022;07:13;2;38;1;3;1;3;45,3397190000;4,7973780000
202200031697;5;11;2022;16:00;1;38;1;1;1;1;45,5744590000;5,4810080000
202200031698;6;11;2022;00:50;3;38;1;1;5;1;45,6683980000;5,3394090000
202200031699;8;11;2022;17:00;2;69;1;1;1;5;45,7622737683;4,5603078604
202200031700;7;11;2022;10:45;1;47;2;1;1;3;44,5026120000;0,1717360000
202200031701;21;10;2022;19:10;3;33;1;1;1;2;44,5123290000; -0,3350190000
202200031702;5;11;2022;18:30;3;29;1;1;3;1;48,0367310000; -4,1965200000
202200031703;8;11;2022;20:30;3;62;1;1;1;2;50,3036220000;2,9921870000
202200031704;7;11;2022;16:40;1;59;2;1;1;6;50,6429611300;2,6417452097
202200031705;7;11;2022;18:45;3;13;1;1;1;2;43,3906390000;5,3511820000
202200031706;7;11;2022;18:00;2;13;1;1;1;2;43,4047980000;5,3398460000
202200031707;7;11;2022;15:10;1;13;1;1;1;2;43,3906390000;5,3511820000
202200031708;2;11;2022;19:40;5;67;1;2;8;3;48,5035400000;7,6936800000
202200031709;7;11;2022;18:50;3;33;1;1;1;4;44,8677157075; -0,6482753166
202200031710;28;10;2022;18:30;1;33;1;1;1;4;44,8651000000; -0,5038860000
202200031711;28;10;2022;16:00;1;59;1;1;1;6;50,4253953903;3,3975836635
202200031712;7;11;2022;08:15;1;91;1;9;1;4;48,6860000000;2,3270000000
202200031713;7;11;2022;18:15;3;78;1;1;1;2;48,9704600000;1,8737830000
202200031714;7;11;2022;17:20;2;78;1;1;1;3;48,9697910000;1,7358870000
202200031715;7;11;2022;14:45;1;92;1;1;1;3;48,9344018590;2,2803246122
202200031716;7;11;2022;08:25;1;78;1;1;1;5;48,9639700000;1,7742000000
202200031717;7;11;2022;06:25;3;78;1;1;1;4;48,9551500000;1,9377300000
202200031718;6;11;2022;22:05;3;78;1;1;2;6;48,7961760000;2,0353640000
202200031719;6;11;2022;01:44;5;92;1;9;1;6;48,8929699373;2,2339818477
202200031720;7;11;2022;17:45;2;93;1;1;1;3;48,8860500000;2,4734000000
202200031721;6;11;2022;23:45;3;95;1;1;1;6;49,0289722480;2,5387537479
202200031722;20;5;2022;19:30;1;88;1;3;1;1;48,3900590000;6,1680080000
202200031723;26;6;2022;14:30;1;88;1;1;1;7;48,3371680000;7,1052790000
202200031724;6;11;2022;18:10;3;34;2;1;1;6;43,2901900000;3,4707500000
202200031725;23;4;2022;18:36;1;76;2;1;1;7;49,5665200000;0,4689200000
202200031726;6;11;2022;07:50;1;974;1;1;8;7; -20,8743100000;55,4282000000
202200031727;6;11;2022;19:20;5;69;2;2;1;1;45,7564900000;4,8473400000
202200031728;6;11;2022;12:20;1;972;1;1;1;3;14,6208300000; -61,0701200000
202200031729;6;11;2022;05:10;2;972;2;1;1;1;14,6445100000; -61,0782900000
202200031730;4;11;2022;16:10;2;69;2;3;3;6;45,7454391652;4,7819888592
202200031731;6;11;2022;20:35;5;91;2;6;1;3;48,7120000000;2,3085600000
202200031732;6;11;2022;02:05;5;91;2;1;1;6;48,6667900000;2,3768300000
202200031733;21;10;2022;21:00;5;83;2;1;2;2;43,0840700000;5,8677010000
202200031734;6;11;2022;15:50;1;78;2;1;8;5;48,9659900000;1,9915900000
202200031735;5;11;2022;13:10;1;69;2;2;1;3;45,7728600000;4,8589300000
202200031736;5;11;2022;16:17;1;64;2;1;7;6;43,4849000000; -1,4906300000
202200031737;4;11;2022;06:20;5;62;2;6;2;3;50,9559170000;1,9064300000
202200031738;1;11;2022;19:50;2;59;2;1;2;2;50,5443606935;3,0238634348
202200031739;6;11;2022;15:00;1;59;2;3;2;3;50,6389059490;3,0620540679
202200031740;4;11;2022;16:15;1;59;2;1;1;3;50,1815600000;3,2266600000
202200031741;6;11;2022;17:55;5;51;2;3;2;7;49,2749500000;4,0234200000
202200031742;6;11;2022;09:27;1;47;1;1;1;1;44,2367700000;0,7244200000
202200031743;6;11;2022;11:25;1;37;2;1;8;3;47,3920500000;0,6768600000
202200031744;6;11;2022;06:50;3;35;1;1;3;6;48,1392000000; -1,6987500000
202200031745;6;11;2022;02:30;5;31;2;1;1;6;43,6005400000;1,4644100000
202200031746;6;11;2022;00:10;3;31;1;1;1;7;43,6513400000;1,4308300000
202200031747;6;11;2022;06:35;3;31;1;1;1;6;43,1319900000;0,7164200000
202200031748;6;11;2022;20:35;5;13;2;3;1;3;43,3592800000;5,3574100000
202200031749;6;11;2022;17:00;1;13;2;1;1;1;43,3409460000;5,3512490000
202200031750;6;11;2022;02:00;5;13;2;1;1;1;43,3390223938;5,3706139576
202200031751;6;11;2022;09:42;1;13;2;1;1;3;43,2879100000;5,5480100000
202200031752;4;11;2022;18:00;5;13;2;1;1;3;43,2963400000;5,5821000000
202200031753;5;11;2022;19:35;5;06;2;9;1;6;43,7026400000;7,2890600000
202200031754;6;11;2022;10:45;1;06;2;2;1;3;43,6621900000;6,9341700000
202200031755;5;11;2022;11:20;1;04;2;9;1;6;43,8170000000;5,7885300000
202200031756;6;11;2022;14:30;1;01;2;1;1;3;46,2478300000;5,2210800000
202200031757;6;11;2022;19:40;5;75;2;1;1;4;48,9007330000;2,3288790000
202200031758;6;11;2022;15:00;1;75;2;3;2;6;48,8902320000;2,3420150000
202200031759;5;11;2022;11:25;1;75;2;3;1;3;48,8783260000;2,2942040000
202200031760;6;11;2022;19:15;5;75;2;1;2;7;48,8245720000;2,3392230000
202200031761;6;11;2022;21:01;5;75;2;2;2;3;48,8303130000;2,3441240000
202200031762;6;11;2022;01:15;5;75;2;2;1;3;48,8649290000;2,3102390000
202200031763;6;11;2022;16:00;1;75;2;3;3;2;48,8234660000;2,3091200000
202200031764;5;11;2022;16:30;1;75;2;1;8;6;48,8599980000;2,3279120000
202200031765;6;11;2022;18:15;5;94;2;1;2;2;48,7792780000;2,3960230000
202200031766;6;11;2022;13:07;1;94;2;2;2;3;48,7834400000;2,3670100000
202200031767;5;11;2022;19:10;4;94;2;1;1;3;48,8051500000;2,3381700000
202200031768;31;10;2022;18:40;2;94;2;1;2;3;48,8049420000;2,3613320000
202200031769;6;11;2022;01:30;5;93;2;3;1;6;48,8617179756;2,5403656215
202200031770;6;11;2022;18:00;5;93;2;2;2;6;48,9359000000;2,4352000000
202200031771;6;11;2022;11:20;1;93;2;6;3;2;48,9296600000;2,4814100000
202200031772;6;11;2022;09:27;1;92;2;1;2;3;48,8857400864;2,2516774535
202200031773;6;11;2022;11:45;1;92;2;1;3;3;48,7813900000;2,2717100000
202200031774;7;11;2022;04:19;3;54;1;1;1;3;48,7401443160;6,3221168519
202200031775;6;11;2022;17:55;2;38;1;3;1;1;45,4925250000;4,8286630000
202200031776;7;11;2022;14:30;1;84;1;1;1;3;44,2121490000;5,0979620000
202200031777;6;11;2022;20:30;3;63;1;2;1;3;46,0625380000;3,2949170000
202200031778;7;11;2022;16:20;1;40;1;1;1;3;43,8567160000; -0,3481010000
202200031779;5;11;2022;17:20;3;28;1;1;1;2;48,4719970000;1,5582350000
202200031780;6;11;2022;19:15;4;83;2;1;1;7;43,1489060000;6,4177970000
202200031781;6;11;2022;22:10;5;85;2;2;1;3;46,8303610000; -1,2744780000
202200031782;7;11;2022;09:00;1;44;1;1;2;6;47,3646800000; -1,9053100000
202200031783;30;10;2022;01:30;3;67;1;1;1;7;48,9975080000;8,0050850000
202200031784;6;11;2022;16:45;2;76;2;1;7;6;49,6074770000;0,3391870000
202200031785;7;11;2022;02:00;5;33;2;1;1;6;44,7038890000; -0,3811670000
202200031786;21;10;2022;19:40;3;61;1;1;1;1;48,6453080000;0,7633940000
202200031787;3;11;2022;23:10;3;44;1;1;3;6;46,9512950000; -1,6087510000
202200031788;6;11;2022;06:05;3;44;1;1;3;6;47,6274620000; -1,2610030000
202200031789;2;11;2022;14:25;1;31;1;1;1;7;43,1912850000;0,5448100000
202200031790;3;11;2022;13:45;1;31;1;1;1;7;43,3316090000;1,3495370000
202200031791;6;11;2022;16:25;1;84;1;1;1;7;43,9752130000;5,3020620000
202200031792;5;11;2022;19:15;3;58;1;1;1;1;47,1781400000;3,9564570000
202200031793;7;11;2022;07:53;2;54;1;1;1;1;49,3978850000;5,9231620000
202200031794;6;11;2022;15:00;1;64;1;1;1;6;43,3557030000; -1,5545440000
202200031795;7;11;2022;14:00;1;24;1;2;1;3;44,9246710000;1,2527040000
202200031796;5;11;2022;09:15;1;24;1;3;1;3;45,0406610000;0,8630970000
202200031797;4;11;2022;14:10;1;37;2;6;1;3;47,3345401851;0,6128525734
202200031798;2;9;2022;19:45;1;88;1;3;1;1;48,1578320000;6,1389510000
202200031799;6;11;2022;18:45;3;13;1;1;1;5;43,5733330000;5,2130560000
202200031800;7;11;2022;06:50;2;21;1;1;1;2;47,0001290000;4,8596050000
202200031801;6;11;2022;21:20;3;28;1;1;2;3;48,2656700000;1,8529990000
202200031802;6;11;2022;18:45;3;30;1;1;1;2;43,8279560000;4,3917690000
202200031803;7;11;2022;09:40;1;69;1;1;1;2;46,1210680000;4,7638610000
202200031804;5;11;2022;12:00;1;988;1;1;1;7; -21,7086330000;165,5854650000
202200031805;2;11;2022;15:50;1;45;1;1;1;1;47,8444994794;2,3196344701
202200031806;24;10;2022;11:35;1;77;1;1;1;7;48,9517840950;3,0531655115
202200031807;7;11;2022;17:00;1;34;1;3;1;2;43,3245189616;3,0326950015
202200031808;27;10;2022;07:00;2;83;1;1;1;6;43,1585730000;5,7306470000
202200031809;4;11;2022;00:40;3;69;1;1;9;4;45,5680640000;4,7066550000
202200031810;6;11;2022;23:30;3;40;1;1;1;1;43,7106570000; -1,0004750000
202200031811;27;10;2022;00:20;5;44;2;1;1;1;47,2618700000; -1,5024720000
202200031812;4;11;2022;17:30;2;60;1;1;1;7;49,3678070000;2,8735540000
202200031813;5;11;2022;09:30;1;62;1;1;1;2;50,8752710000;1,7495940000
202200031814;6;11;2022;14:30;1;13;1;1;1;3;43,2880630000;5,4421180000
202200031815;6;11;2022;06:30;3;13;1;1;1;2;43,2928291000;5,4778882410
202200031816;6;11;2022;01:41;3;13;1;1;1;5;43,4039900000;5,3429200000
202200031817;5;11;2022;07:25;3;69;1;1;2;4;45,7061800000;4,8318800000
202200031818;6;11;2022;21:05;3;91;1;1;1;7;48,7144730000;2,2715920000
202200031819;6;11;2022;17:45;5;94;1;1;1;4;48,7593813845;2,3230904825
202200031820;6;11;2022;19:20;3;91;1;1;1;5;48,6339400000;2,4006600000
202200031821;6;11;2022;18:40;3;93;1;1;8;7;48,8976123393;2,4694669247
202200031822;6;11;2022;15:55;1;93;1;1;2;3;48,8878200000;2,4724200000
202200031823;6;11;2022;17:00;1;95;1;1;8;3;48,9634678661;2,2642166727
202200031824;6;11;2022;17:00;3;93;1;1;1;3;48,9268100000;2,4033200000
202200031825;6;11;2022;10:30;1;95;1;1;2;6;48,9750730750;2,2426043702
202200031826;6;11;2022;00:40;3;92;1;9;1;7;48,9287140651;2,3328250050
202200031827;5;11;2022;14:00;1;95;1;1;1;4;49,0620315115;2,3199198271
202200031828;8;5;2022;18:30;1;22;2;1;1;6;48,5180000000; -2,7656000000
202200031829;31;8;2022;18:50;1;38;2;3;1;3;45,1542100000;5,7073300000
202200031830;30;8;2022;09:00;1;38;2;3;1;1;45,1739500000;5,7251200000
202200031831;29;8;2022;17:45;1;38;2;1;1;2;45,1785000000;5,7431300000
202200031832;29;8;2022;17:03;1;38;1;1;1;1;45,0689440000;6,0003380000
202200031833;28;8;2022;09:15;1;38;2;3;8;3;45,1589800000;5,7093700000
202200031834;30;7;2022;02:32;4;38;1;9;1;6;45,2006900000;5,7280700000
202200031835;26;7;2022;08:45;1;38;2;1;1;3;45,1989300000;5,6707100000
202200031836;21;7;2022;14:25;1;74;1;1;1;1;46,0254670000;6,9221540000
202200031837;4;11;2022;23:10;5;976;2;1;1;3; -12,7840600000;45,2297600000
202200031838;5;11;2022;04:30;5;974;2;1;1;7; -21,3525700000;55,5086800000
202200031839;5;11;2022;12:30;1;974;2;1;1;6; -20,8793800000;55,4552300000
202200031840;5;11;2022;07:20;1;974;2;2;1;6; -20,8803400000;55,4574000000
202200031841;5;11;2022;00:30;5;973;2;1;1;7;4,9338116362; -52,3346802592
202200031842;5;11;2022;22:10;5;69;2;2;1;3;45,7467200000;4,8610600000
202200031843;5;11;2022;07:50;2;69;2;1;9;6;45,7518200000;4,8596500000
202200031844;5;11;2022;06:20;2;972;2;1;1;6;14,6156400000; -61,0409900000
202200031845;5;11;2022;09:55;1;2B;2;1;1;6;42,6813800000;9,4402900000
202200031846;4;11;2022;18:00;3;83;2;1;1;5;43,1619600000;5,9513100000
202200031847;5;11;2022;08:30;1;77;1;1;1;2;48,7710400000;2,6275000000
202200031848;5;11;2022;21:40;5;72;2;3;1;3;48,0083360000;0,2085310000
202200031849;5;11;2022;13:40;1;71;2;1;1;2;46,7923400000;4,8633100000
202200031850;5;11;2022;19:15;5;69;2;1;1;4;45,7672600000;4,9336000000
202200031851;5;11;2022;21:00;3;69;1;9;1;3;45,7107100000;4,8468300000
202200031852;5;11;2022;19:15;5;64;2;9;1;3;43,3058700000; -0,3273200000
202200031853;5;11;2022;14:10;1;64;2;1;1;6;43,3234500000; -0,3794800000
202200031854;5;11;2022;13:45;1;64;2;1;1;2;43,5120200000; -1,4392000000
202200031855;1;11;2022;01:55;3;59;1;1;1;2;50,6619200000;2,9896900000
202200031856;5;11;2022;00:05;5;59;2;1;1;5;50,6504600000;3,0800900000
202200031857;4;11;2022;23:55;5;59;2;1;1;2;50,6483357466;3,0775934458
202200031858;5;11;2022;16:15;1;54;2;1;1;3;48,6727389301;6,1649769545
202200031859;5;11;2022;18:18;4;51;2;3;1;7;49,2840755211;4,0323987901
202200031860;2;11;2022;16:00;1;51;2;9;1;7;48,9447400000;4,3949200000
202200031861;5;11;2022;12:10;1;47;2;1;1;3;44,4035357670;0,6791927662
202200031862;19;5;2022;14:35;1;17;2;1;1;6;45,9314300000; -0,9655000000
202200031863;19;5;2022;18:20;1;14;2;1;1;3;49,1761800000; -0,2818300000
202200031864;19;5;2022;15:00;1;13;2;1;1;3;43,2807987411;5,4012080731
202200031865;19;5;2022;14:30;1;13;2;1;1;1;43,3330966310;5,4374209801
202200031866;19;5;2022;13:30;1;13;2;1;1;3;43,3425700000;5,3715200000
202200031867;19;5;2022;09:30;1;13;2;1;1;2;43,3276400000;5,4183400000
202200031868;18;5;2022;15:18;1;13;2;1;1;1;43,2989800000;5,3880700000
202200031869;19;5;2022;18:30;1;13;1;1;1;1;43,5600000000;5,0249000000
202200031870;19;5;2022;22:06;3;10;1;1;1;6;48,3277900000;4,0601190000
202200031871;18;5;2022;20:50;1;10;2;3;1;3;48,3031000000;4,1000000000
202200031872;18;5;2022;16:54;1;10;1;1;1;7;48,3292000000;4,0417000000
202200031873;19;5;2022;11:30;1;06;2;1;1;6;43,6419480000;6,9423760000
202200031874;14;5;2022;13:50;1;06;2;3;1;3;43,5703970000;7,0217200000
202200031875;18;5;2022;17:15;1;05;2;3;1;3;44,5673470000;6,0834350000
202200031876;19;5;2022;07:50;1;75;2;1;1;3;48,8168200000;2,3375730000
202200031877;19;5;2022;20:15;1;75;2;3;1;3;48,8517775350;2,3495516138
202200031878;17;5;2022;19:42;2;75;2;1;2;6;48,8248670000;2,3122180000
202200031879;19;5;2022;19:00;1;75;2;1;1;3;48,8853158049;2,3306364330
202200031880;19;5;2022;18:19;1;75;2;3;1;3;48,8956211880;2,3482754470
202200031881;19;5;2022;16:40;1;75;2;7;1;3;48,8740710095;2,2942656518
202200031882;19;5;2022;11:30;1;75;2;1;1;6;48,8728420000;2,2905380000
202200031883;19;5;2022;12:45;1;75;2;1;1;3;48,8306807298;2,2931927947
202200031884;17;5;2022;18:30;1;75;2;4;1;3;48,8403978019;2,2712054104
202200031885;19;5;2022;17:20;1;75;2;1;1;3;48,8258481590;2,3867087189
202200031886;19;5;2022;22:19;5;75;2;4;1;3;48,8520726266;2,3695256938
202200031887;19;5;2022;20:15;1;75;2;4;1;2;48,8719096164;2,3009232035
202200031888;19;5;2022;16:25;1;75;2;7;1;4;48,8690800000;2,3103150000
202200031889;19;5;2022;08:40;1;75;2;1;1;3;48,8729810000;2,3212010000
202200031890;19;5;2022;17:30;1;94;1;1;1;2;48,7533400000;2,3587000000
202200031891;19;5;2022;16:30;1;94;2;1;1;2;48,7446600000;2,3607400000
202200031892;19;5;2022;21:15;1;94;2;2;1;6;48,7450100000;2,3999700000
202200031893;18;5;2022;23:50;5;93;2;1;2;6;48,9351900000;2,5337100000
202200031894;19;5;2022;17:09;1;93;2;3;1;2;48,9123037903;2,3362343610
202200031895;19;5;2022;14:10;1;93;2;1;1;3;48,8657355810;2,4896226525
202200031896;19;5;2022;07:30;1;93;2;1;1;3;48,8927530303;2,4111449720
202200031897;19;5;2022;13:47;1;93;2;2;1;3;48,8720070000;2,4551870000
202200031898;19;5;2022;13:15;1;93;2;2;1;3;48,8684250000;2,4414500000
202200031899;19;5;2022;12:12;1;93;1;1;1;4;48,9346800000;2,6020800000
202200031900;14;5;2022;09:00;1;93;2;2;1;6;48,9496230000;2,4149620000
202200031901;19;5;2022;22:00;5;93;2;1;1;3;48,9045604712;2,4852710366
202200031902;19;5;2022;13:00;1;93;2;2;1;3;48,9426890000;2,4948600000
202200031903;19;5;2022;19:17;1;92;2;3;1;6;48,9003620000;2,2135660000
202200031904;19;5;2022;19:05;1;13;1;1;1;2;43,3722000000;5,3611400000
202200031905;18;5;2022;11:50;1;13;1;1;1;6;43,5175200000;5,4289500000
202200031906;18;5;2022;18:15;1;13;1;1;1;4;43,3703600000;5,3609900000
202200031907;18;5;2022;23:22;3;83;1;1;1;6;43,1965000000;5,7043700000
202200031908;17;5;2022;23:55;3;69;1;1;1;2;45,6848900000;4,8062400000
202200031909;6;5;2022;23:25;3;69;1;1;1;2;45,6525500000;4,8372100000
202200031910;19;5;2022;06:40;2;33;1;1;1;3;44,8698490000; -0,5050790000
202200031911;13;5;2022;08:30;1;59;1;1;1;6;50,6162800000;3,0745000000
202200031912;19;5;2022;19:25;1;78;1;1;1;2;48,7889450000;2,0608190000
202200031913;19;5;2022;14:30;1;92;1;1;1;2;48,8035991732;2,2141988821
202200031914;18;5;2022;08:20;1;78;1;1;1;5;48,8317150000;2,1469740000
202200031915;18;5;2022;07:40;1;78;1;1;1;2;48,7992220000;1,9883940000