Accident_Id;jour;mois;an;hrmn;lum;dep;agg;int;atm;col;lat;long
202200031916;18;5;2022;18:45;1;93;1;1;1;3;48,9317100000;2,3701300000
202200031917;18;5;2022;15:00;1;92;1;1;1;4;48,9458291540;2,2833738855
202200031918;18;5;2022;15:25;1;93;1;1;1;2;48,9598600000;2,4667800000
202200031919;18;5;2022;09:00;1;95;1;1;1;4;49,0495600000;2,4318400000
202200031920;18;5;2022;08:40;1;95;1;1;1;3;48,9549200000;2,2783700000
202200031921;18;5;2022;09:50;1;93;1;1;1;3;48,9603700000;2,4676900000
202200031922;18;5;2022;07:20;1;93;1;1;1;4;48,9116300000;2,4759600000
202200031923;19;5;2022;19:15;1;77;1;1;1;6;48,6244240000;2,6292270000
202200031924;18;5;2022;13:00;1;77;1;1;1;2;48,8329880000;2,7907650000
202200031925;19;5;2022;17:45;1;18;1;1;1;6;47,3733750000;2,7869550000
202200031926;17;5;2022;21:10;2;35;1;2;1;3;48,3320126277; -1,8930310383
202200031927;20;5;2022;09:30;1;52;1;1;1;3;47,9313630000;5,2114110000
202200031928;16;5;2022;16:55;1;12;2;3;1;3;44,5241140000;2,7672350000
202200031929;2;10;2022;16:25;1;91;2;1;2;3;48,6650300000;2,3435000000
202200031930;16;5;2022;18:15;1;01;1;1;1;1;46,3083440000;6,0447550000
202200031931;2;10;2022;11:30;1;91;2;1;1;7;48,6180320000;2,3088170000
202200031932;19;5;2022;08:30;1;35;1;3;2;3;48,0648317273; -1,1670948565
202200031933;20;5;2022;17:30;1;67;1;1;1;1;48,6339370000;7,6225590000
202200031934;2;10;2022;10:17;1;74;2;9;2;6;46,1823300000;6,2301700000
202200031935;21;4;2022;12:10;1;87;1;1;1;4;45,6839110000;1,3675080000
202200031936;2;10;2022;21:10;5;69;2;1;1;1;45,7724600000;4,8724100000
202200031937;19;5;2022;20:00;1;68;2;1;1;7;47,8622870000;7,2573170000
202200031938;2;5;2022;10:20;1;30;1;1;1;6;44,2958110000;4,5558290000
202200031939;2;10;2022;20:17;5;69;2;9;1;1;45,6930000000;4,9318700000
202200031940;16;5;2022;13:40;1;41;2;3;1;3;47,7584550000;0,8747970000
202200031941;2;10;2022;07:40;2;68;2;2;1;3;48,0799800000;7,3686800000
202200031942;20;5;2022;07:30;1;30;1;1;1;2;44,1696800000;4,5694330000
202200031943;18;5;2022;23:02;3;83;1;1;1;1;43,3848910000;5,7249980000
202200031944;2;10;2022;18:15;1;64;2;1;1;2;43,3208900000; -0,3589700000
202200031945;19;5;2022;23:50;3;56;1;1;1;1;47,5044610000; -2,3003860000
202200031946;2;10;2022;17:25;1;64;1;1;1;2;43,3567900000; -0,4418100000
202200031947;18;5;2022;11:30;1;74;2;1;1;6;45,7553300000;6,2970970000
202200031948;1;10;2022;20:30;3;64;1;1;1;1;43,3433407290; -0,4144642843
202200031949;19;5;2022;07:55;1;67;1;1;1;1;48,8890160000;7,0750240000
202200031950;26;9;2022;14:55;1;59;2;1;2;1;50,6341064125;3,1552621722
202200031951;20;5;2022;20:05;1;80;1;1;1;7;50,3454190000;1,6108060000
202200031952;1;10;2022;05:00;5;57;2;1;1;2;49,1165200000;6,1808600000
202200031953;15;5;2022;18:20;1;82;1;2;1;3;43,9578310000;1,2866450000
202200031954;2;10;2022;20:30;1;42;2;1;1;6;45,3993100000;4,3480100000
202200031955;15;5;2022;15:15;1;71;2;2;1;3;46,2606760000;4,2931650000
202200031956;2;10;2022;08:20;1;34;1;3;1;3;43,5827900000;3,9251500000
202200031957;19;5;2022;15:20;1;71;1;1;1;6;46,3482310000;4,6578170000
202200031958;19;5;2022;10:30;1;89;1;1;1;2;48,2832230000;3,0602780000
202200031959;2;10;2022;07:35;2;33;2;3;1;3;44,8669700000; -0,5485400000
202200031960;2;10;2022;09:40;1;33;2;1;1;7;44,8396400000; -0,5682000000
202200031961;2;10;2022;08:30;1;33;1;3;1;6;44,7711000000; -0,5282000000
202200031962;19;5;2022;16:30;1;49;1;1;1;1;47,1894210000; -0,1014950000
202200031963;14;5;2022;15:30;1;39;1;1;1;6;46,4580750000;6,0696890000
202200031964;1;10;2022;18:00;1;29;1;2;1;3;48,6065700000; -3,7976600000
202200031965;19;5;2022;17:45;1;25;2;1;1;3;46,8731050000;6,3772520000
202200031966;3;10;2022;00:05;5;29;2;1;1;6;47,8762090000; -3,9191720000
202200031967;12;5;2022;17:50;1;25;2;1;1;1;47,5217900000;6,6592970000
202200031968;2;10;2022;03:00;3;29;2;6;2;6;48,4131696880; -4,5078513620
202200031969;5;5;2022;19:09;1;01;2;1;1;3;46,1710380000;5,5755830000
202200031970;3;10;2022;00:00;5;25;2;6;2;6;47,2442000000;5,9831200000
202200031971;15;5;2022;18:10;1;72;1;2;1;3;48,0439400000;0,3342620000
202200031972;1;10;2022;19:30;3;17;1;1;2;4;46,1750200000; -1,1106800000
202200031973;19;5;2022;12:45;1;50;1;1;1;5;49,5638250000; -1,5706560000
202200031974;20;5;2022;14:40;1;90;1;1;7;1;47,5090770000;6,9610940000
202200031975;1;10;2022;17:33;1;13;2;1;1;1;43,2846930848;5,4860186577
202200031976;20;5;2022;16:12;1;60;1;1;1;6;49,5114195410;2,9412438869
202200031977;2;10;2022;07:30;1;13;1;1;1;6;43,3204000000;5,5860000000
202200031978;20;5;2022;15:15;1;43;1;1;1;6;45,2064430000;4,1413740000
202200031979;2;10;2022;05:17;5;06;2;1;1;1;43,7065900000;7,2323100000
202200031980;20;5;2022;02:15;3;07;1;1;1;6;44,4165630000;4,1563400000
202200031981;19;5;2022;18:00;1;40;2;1;1;6;43,7884760000; -0,9251690000
202200031982;20;5;2022;17:40;1;40;2;2;1;3;44,2093550000; -0,9256010000
202200031983;2;10;2022;02:33;3;06;2;1;1;1;43,7000300000;7,2939900000
202200031984;20;5;2022;14:25;1;85;1;3;1;1;46,6639470000; -0,7541410000
202200031985;2;10;2022;10:55;1;06;2;2;1;3;43,6802000000;6,9602800000
202200031986;18;5;2022;12:40;1;85;1;2;1;3;46,5077850000; -1,2001812000
202200031987;1;5;2022;06:30;1;973;2;9;1;6;4,8565680000; -52,3342270000
202200031988;26;9;2022;17:40;1;04;2;6;1;3;43,8271800000;5,7813900000
202200031989;1;10;2022;12:18;1;02;2;9;1;6;49,0375000000;3,3915000000
202200031990;1;10;2022;16:45;1;01;2;1;2;6;46,1941800000;5,2142300000
202200031991;20;5;2022;02:45;3;68;1;1;1;2;47,7774340000;7,5081680000
202200031992;26;6;2022;14:15;1;14;2;7;1;2;49,3592900000;0,0707900000
202200031993;19;5;2022;14:30;1;971;1;1;1;6;16,2611451583; -61,3991010189
202200031994;28;4;2022;07:15;1;57;1;1;1;2;49,0875874934;6,2192710878
202200031995;8;3;2022;06:10;2;971;1;3;1;6;16,3050490000; -61,3017900000
202200031996;1;7;2022;18:25;1;74;2;3;1;6;45,7871730000;6,2034180000
202200031997;10;2;2022;18:15;3;978;1;1;1;2;18,0584970000; -63,0855770000
202200031998;18;5;2022;16:45;1;37;1;3;1;3;47,1230885786;0,1923653483
202200031999;2;10;2022;06:40;5;75;2;1;1;2;48,9010410000;2,3507640000
202200032000;18;5;2022;15:00;1;28;1;1;1;6;48,4510370000;1,7742710000
202200032001;2;10;2022;17:00;1;75;2;1;1;2;48,8610110000;2,4004640000
202200032002;20;5;2022;12:00;1;77;1;1;1;4;49,0440640000;2,6889250000
202200032003;19;5;2022;23:30;5;95;1;1;1;7;49,0726945034;2,5583446026
202200032004;2;10;2022;14:45;1;75;2;3;1;2;48,8589840000;2,3398640000
202200032005;20;5;2022;02:00;3;78;1;1;1;5;48,7976170000;1,8631110000
202200032006;1;10;2022;19:14;2;75;2;2;1;3;48,8634670000;2,2393830000
202200032007;19;5;2022;14:45;1;2B;1;1;1;1;42,6234800000;8,9114730000
202200032008;2;10;2022;13:25;1;75;2;7;8;3;48,8780190000;2,3706920000
202200032009;6;5;2022;10:55;1;34;1;1;1;5;43,7233040000;4,1026850000
202200032010;2;10;2022;06:50;5;75;2;3;2;2;48,8857180000;2,3708220000
202200032011;13;5;2022;18:25;1;84;1;1;1;1;43,8939340000;5,5810550000
202200032012;19;5;2022;18:15;1;06;1;1;1;3;43,8081000000;6,8703000000
202200032013;2;10;2022;03:20;5;75;2;2;2;2;48,8907170000;2,3766820000
202200032014;18;5;2022;17:30;1;04;1;1;4;7;44,3928710000;6,6869510000
202200032015;2;10;2022;12:20;1;75;2;2;1;6;48,8815570000;2,2951950000
202200032016;2;10;2022;05:23;5;75;2;3;2;3;48,8832200000;2,3253400000
202200032017;1;10;2022;18:30;1;75;2;4;1;6;48,8577820000;2,2801930000
202200032018;20;5;2022;14:00;1;04;1;1;1;1;43,9374540000;5,9131980000
202200032019;1;10;2022;16:15;1;75;2;7;1;6;48,8477420000;2,2740580000
202200032020;19;5;2022;09:52;1;13;1;1;1;1;43,2432370000;5,6610270000
202200032021;20;5;2022;06:00;2;26;1;1;1;2;44,7863580000;4,8337640000
202200032022;2;10;2022;15:35;1;75;2;2;2;6;48,8373850000;2,2967300000
202200032023;20;5;2022;06:40;1;71;2;1;1;3;46,2092920000;4,7606100000
202200032024;2;10;2022;07:00;2;75;2;2;1;1;48,8203690000;2,3254340000
202200032025;20;5;2022;16:05;1;52;2;1;1;7;47,8787230000;5,2611600000
202200032026;19;5;2022;22:25;5;68;2;6;1;7;47,7736350000;7,3898240000
202200032027;2;10;2022;09:02;1;75;2;4;2;6;48,8621320000;2,3727690000
202200032028;19;5;2022;14:58;1;67;2;1;1;5;48,3412180000;7,4185180000
202200032029;2;10;2022;21:41;5;75;2;4;8;2;48,8803600000;2,3523960000
202200032030;15;5;2022;14:00;1;03;1;1;1;7;46,5788190000;3,4325840000
202200032031;30;9;2022;19:40;5;75;2;2;1;3;48,8213700000;2,3343500000
202200032032;15;5;2022;11:45;1;74;1;1;1;1;46,0048640202;6,9234960078
202200032033;20;5;2022;01:00;3;73;1;1;1;6;45,5906440000;6,7316790000
202200032034;2;10;2022;14:12;1;75;2;3;2;3;48,8678560000;2,3362660000
202200032035;26;4;2022;15:10;1;42;1;1;1;2;45,6602470000;4,0725800000
202200032036;2;10;2022;01:45;5;94;2;3;1;3;48,8451320000;2,4203470000
202200032037;30;4;2022;09:10;2;69;1;3;1;3;45,6258790000;4,7012900000
202200032038;20;4;2022;08:15;1;65;2;3;2;6;43,0646940000;0,1531760000
202200032039;18;5;2022;17:35;1;09;1;1;1;2;43,0669200000;1,8801210000
202200032040;2;10;2022;14:00;1;94;2;9;2;3;48,7896900000;2,3649800000
202200032041;20;5;2022;05:30;3;40;1;1;1;6;43,7178690000; -1,1316890000
202200032042;1;10;2022;10:25;1;94;2;3;2;2;48,7669500000;2,3938000000
202200032043;19;5;2022;19:45;1;33;1;1;1;6;44,7479520000; -0,5600450000
202200032044;2;10;2022;16:30;1;94;2;2;8;2;48,7687740000;2,4207210000
202200032045;15;5;2022;17:25;1;33;2;2;1;1;45,1339770000; -0,5345320000
202200032046;18;5;2022;22:45;3;72;1;1;1;7;47,6540420000; -0,1087470000
202200032047;2;10;2022;10:30;1;94;2;2;1;6;48,8171300000;2,4589000000
202200032048;19;5;2022;08:20;1;44;1;1;1;5;47,1325500000; -1,5175600000
202200032049;2;10;2022;00:05;5;93;2;3;1;5;48,9005287456;2,4109705651
202200032050;20;5;2022;03:00;3;56;1;1;1;6;47,6681110000; -2,9525760000
202200032051;2;10;2022;02:15;3;93;2;3;1;6;48,8306800000;2,5846900000
202200032052;2;10;2022;14:20;1;93;2;2;1;3;48,9410400000;2,4588000000
202200032053;20;5;2022;11:30;1;59;1;1;3;1;50,0821780000;3,9580390000
202200032054;2;10;2022;07:25;2;92;2;2;9;3;48,8734895453;2,2252244353
202200032055;19;4;2022;10:20;1;59;2;1;8;6;50,6216500000;3,0788900000
202200032056;2;10;2022;18:32;2;92;2;2;1;3;48,8072578309;2,1877676546
202200032057;17;4;2022;18:20;1;40;1;1;1;2;44,0359000000; -0,9534070000
202200032058;2;10;2022;08:50;1;92;2;1;1;6;48,8281200000;2,2259300000
202200032059;30;1;2022;16:50;1;74;1;1;1;6;46,1278610000;6,2839440000
202200032060;2;10;2022;11:45;1;92;2;1;8;2;48,7857721277;2,2291898131
202200032061;2;10;2022;20:00;5;92;2;1;1;3;48,9006793914;2,2318173051
202200032062;1;10;2022;15:10;1;92;2;1;1;1;48,9155800000;2,2326880000
202200032063;18;5;2022;14:10;1;69;2;2;1;3;45,7389100000;4,8305000000
202200032064;2;10;2022;11:15;1;92;2;6;1;2;48,8502131929;2,2383050322
202200032065;18;5;2022;02:30;5;69;2;2;1;3;45,7424517400;4,8504330201
202200032066;2;10;2022;17:25;1;92;2;1;8;3;48,7827600000;2,3161000000
202200032067;18;5;2022;02:00;5;972;1;1;1;6;14,5963300000; -60,9933600000
202200032068;18;5;2022;19:49;5;972;1;1;1;3;14,6164700000; -61,0495100000
202200032069;13;5;2022;14:00;1;50;1;3;1;1;48,8366750000; -1,4675950000
202200032070;18;5;2022;11:31;1;972;2;1;1;7;14,6252500000; -61,0619000000
202200032071;3;10;2022;08:35;1;95;2;6;8;6;49,1474330000;2,2944050000
202200032072;18;5;2022;10:56;1;69;2;6;1;6;45,7980300000;4,8514500000
202200032073;20;9;2022;12:55;1;67;2;1;1;1;48,3378410000;7,3585950000
202200032074;17;5;2022;18:10;1;971;2;1;1;6;16,2552399464; -61,5289628506
202200032075;3;10;2022;20:20;3;83;2;1;1;6;43,1736050000;6,5328470000
202200032076;17;5;2022;20:15;5;971;1;1;1;6;16,2451700000; -61,5246900000
202200032077;1;10;2022;16:15;1;74;1;1;2;1;46,0105100000;5,9996940000
202200032078;18;5;2022;13:55;1;95;2;9;1;6;48,9938147009;2,2676226497
202200032079;3;10;2022;12:50;1;59;2;1;1;1;50,6154750000;2,9679500000
202200032080;17;5;2022;12:55;1;95;2;1;1;6;48,9918036744;2,2985404730
202200032081;17;5;2022;10:05;1;95;2;1;1;6;48,9713900000;2,3113100000
202200032082;2;10;2022;11:30;1;26;2;1;7;6;45,2934030000;4,8152460000
202200032083;2;10;2022;18:45;2;51;1;1;2;7;49,1257360000;4,8446270000
202200032084;18;5;2022;12:45;1;91;1;6;1;2;48,6609300000;2,5176530000
202200032085;2;10;2022;17:30;1;79;1;1;1;7;46,8514130000; -0,3127580000
202200032086;18;5;2022;13:10;1;91;2;1;1;2;48,7190320000;2,3706900000
202200032087;16;5;2022;12:41;1;87;2;1;1;3;45,8086100000;1,2860600000
202200032088;16;5;2022;06:44;5;87;2;2;1;3;45,8479000000;1,2453400000
202200032089;2;10;2022;19:30;2;61;2;2;3;5;48,7746250000; -0,1735760000
202200032090;3;10;2022;08:35;1;12;1;1;5;1;43,8700000000;2,8211960000
202200032091;13;5;2022;19:00;1;79;2;1;1;3;46,3214600000; -0,4194000000
202200032092;3;10;2022;16:30;1;12;1;1;1;6;44,2627200000;2,5574970000
202200032093;1;10;2022;01:30;3;46;1;1;2;6;44,8711990000;1,6640000000
202200032094;28;9;2022;19:15;2;86;1;2;1;3;46,7412050000;0,2055560000
202200032095;18;5;2022;20:15;1;72;2;3;1;3;47,9742300000;0,2118000000
202200032096;3;10;2022;19:30;3;39;1;1;1;6;46,5272880000;5,7541970000
202200032097;18;5;2022;09:00;1;72;2;1;1;3;47,9688600000;0,2184600000
202200032098;3;10;2022;07:30;1;25;1;1;9;1;47,3493780000;6,1822990000
202200032099;17;5;2022;13:30;1;67;2;1;1;3;48,5880105765;7,7806170000
202200032100;16;5;2022;15:53;1;67;2;1;1;6;48,5752000000;7,7422900000
202200032101;1;10;2022;14:30;1;31;1;3;1;1;43,4452900000;1,9520310000
202200032102;18;5;2022;07:34;1;66;2;1;1;6;42,6978600000;2,8939600000
202200032103;2;10;2022;18:45;1;31;1;3;1;3;43,1799890000;0,8026240000
202200032104;17;5;2022;17:47;1;66;2;3;1;1;42,6759980000;2,8808570000
202200032105;2;10;2022;11:30;1;02;1;1;2;1;49,7226240000;3,2387510000
202200032106;16;5;2022;16:59;1;65;2;2;1;3;43,2357450000;0,0741390000
202200032107;3;10;2022;05:45;3;70;1;1;1;6;47,6322651011;6,2431445718
202200032108;18;5;2022;17:25;1;64;2;1;1;2;43,3325200000; -0,3670600000
202200032109;1;10;2022;13:18;1;26;1;3;1;2;44,5802360000;4,7926730000
202200032110;18;5;2022;11:05;1;64;2;1;1;3;43,3109200000; -0,3628100000
202200032111;3;10;2022;14:00;1;66;1;1;1;2;42,4528000000;2,0301950000
202200032112;17;5;2022;20:30;1;64;2;6;1;3;43,3127300000; -0,3685700000
202200032113;1;10;2022;19:15;2;14;1;1;1;1;49,0507170000;0,3172450000
202200032114;14;5;2022;19:10;1;62;2;4;1;3;50,4862200000;2,9504700000
202200032115;2;9;2022;08:16;1;14;1;2;8;3;49,2450820000; -0,1027610000
202200032116;19;5;2022;00:15;5;59;2;2;1;6;50,6982610000;3,1704150000
202200032117;3;10;2022;15:15;1;90;2;4;1;6;47,5065780000;6,9928910000
202200032118;18;5;2022;14:25;1;59;2;1;1;6;50,6922500000;3,1827600000
202200032119;3;10;2022;00:50;5;60;2;1;9;6;49,2939780000;2,5976720000
202200032120;17;5;2022;13:30;1;59;2;1;1;6;50,6863300000;3,1869800000
202200032121;3;10;2022;06:45;3;53;1;1;2;1;48,1793610000; -0,7491680000
202200032122;18;5;2022;16:35;1;59;1;3;1;3;50,6533100000;3,0380600000
202200032123;18;5;2022;14:38;1;59;2;1;1;6;50,6298570754;3,0707524717
202200032124;24;9;2022;02:30;3;24;1;4;1;6;45,3583800000;0,6857340000
202200032125;17;5;2022;22:25;5;59;2;2;1;3;50,6333510532;3,0854335427
202200032126;2;10;2022;15:30;1;04;1;1;1;7;43,9909390000;6,5361460000
202200032127;16;5;2022;22:30;3;54;2;1;1;6;48,6237100000;6,3018200000
202200032128;2;10;2022;16:15;1;04;1;1;1;7;44,0384290000;6,5281110000
202200032129;1;10;2022;18:00;1;30;2;1;1;6;44,1752330000;4,1623270000
202200032130;3;10;2022;08:25;1;82;1;1;7;1;43,9257100000;1,5509390000
202200032131;18;5;2022;16:25;1;51;1;6;1;2;49,2416100000;4,0806900000
202200032132;18;5;2022;17:00;1;51;2;2;1;3;49,2672000000;4,0448800000
202200032133;31;5;2022;09:00;1;13;1;2;1;3;43,4526000000;5,5455100000
202200032134;16;5;2022;16:40;1;50;2;1;1;3;49,6276500000; -1,6257600000
202200032135;3;10;2022;08:50;1;28;1;1;5;6;48,7886580000;1,3989110000
202200032136;16;5;2022;16:00;1;45;2;2;1;1;47,9954678056;2,6951742321
202200032137;2;10;2022;20:15;3;95;1;1;1;1;49,0304940548;2,4473923445
202200032138;1;10;2022;09:25;1;91;1;9;1;7;48,5720000000;2,0922120000
202200032139;15;5;2022;18:10;1;42;1;1;1;1;45,5479935870;4,5513731092
202200032140;30;9;2022;17:15;1;66;1;1;1;2;42,6442479208;2,4997973442
202200032141;17;5;2022;11:00;1;41;2;3;1;3;47,8024500000;1,0500500000
202200032142;3;10;2022;07:30;2;66;1;1;1;6;42,5574950000;3,0063250000
202200032143;18;5;2022;17:40;1;38;2;1;1;4;45,1665900000;5,7231800000
202200032144;30;9;2022;19:50;4;84;2;3;1;3;44,2858120000;4,7492690000
202200032145;18;5;2022;15:10;1;38;2;1;1;4;45,1487000000;5,6937900000
202200032146;3;10;2022;15:15;1;83;1;1;1;1;43,2479220000;6,5385170000
202200032147;18;5;2022;12:20;1;37;2;1;1;3;47,4206593114;0,6649685651
202200032148;3;10;2022;01:20;4;83;1;1;1;1;43,4083760000;6,0813940000
202200032149;18;5;2022;08:05;1;37;2;1;2;3;47,4091952648;0,6807459891
202200032150;28;9;2022;09:06;1;05;1;1;2;1;44,8122422373;6,5751921248
202200032151;18;5;2022;20:00;1;35;1;1;1;6;48,1154172046; -1,5679876729
202200032152;2;10;2022;21:20;3;13;1;1;1;6;43,7221530000;5,0261890000
202200032153;3;10;2022;08:00;2;13;2;1;7;3;43,4938570000;5,1698080000
202200032154;18;5;2022;17:35;1;35;1;1;1;5;48,1181931221; -1,7199878215
202200032155;2;10;2022;21:00;3;13;1;5;1;3;43,6258802165;4,7483549623
202200032156;16;5;2022;09:20;1;34;2;1;1;6;43,3521100000;3,2248800000
202200032157;3;10;2022;13:15;1;38;1;1;1;3;45,3736900000;4,8057460000
202200032158;18;5;2022;09:15;1;33;2;3;1;6;44,8122700000; -0,5861700000
202200032159;26;9;2022;12:42;1;38;1;1;1;2;45,4243590000;4,8266460000
202200032160;3;10;2022;10:00;1;52;2;1;1;6;47,8472080000;5,3307190000
202200032161;3;10;2022;07:30;1;54;2;2;1;7;48,6216866370;6,1079907398
202200032162;30;9;2022;17:18;1;85;1;2;1;3;46,6784707000; -1,9098669200
202200032163;1;10;2022;23:00;3;60;1;1;1;1;49,2047780000;2,2685370000
202200032164;3;10;2022;10:50;1;80;1;2;5;3;49,6842940000;2,7891270000
202200032165;30;9;2022;23:24;4;13;1;1;1;2;43,3284823235;5,4169338941
202200032166;1;10;2022;10:08;1;13;1;1;1;7;43,3427420000;5,3762200000
202200032167;30;9;2022;09:05;1;83;1;1;1;3;43,1263502749;5,8957819143
202200032168;2;10;2022;02:40;5;69;1;9;2;6;45,7914000000;4,8836800000
202200032169;2;10;2022;17:54;1;92;1;1;2;2;48,7628308663;2,3120726521
202200032170;2;10;2022;14:40;1;94;1;1;1;2;48,7729200000;2,3458500000
202200032171;2;10;2022;08:00;1;75;1;1;1;6;48,8190343538;2,4575257301
202200032172;1;10;2022;11:25;1;78;1;1;1;2;48,9431600000;1,9509760000
202200032173;2;10;2022;17:25;1;95;1;1;1;6;48,9955500000;2,1801200000
202200032174;2;10;2022;09:45;1;93;1;1;2;6;48,8766908331;2,4428673511
202200032175;1;10;2022;16:40;1;93;1;1;1;4;48,8909408086;2,4731648485
202200032176;2;10;2022;00:30;3;77;1;1;1;6;48,9715636402;2,5733532110
202200032177;1;10;2022;23:00;3;94;1;1;1;2;48,8157721475;2,4502973472
202200032178;1;10;2022;15:05;1;77;1;9;1;4;48,8320783431;2,6525259575
202200032179;1;10;2022;12:00;1;976;2;1;1;2; -12,8003100000;45,2152600000
202200032180;1;10;2022;18:30;3;972;1;1;1;3;14,6308000000; -61,0614600000
202200032181;1;10;2022;17:40;1;94;2;6;1;3;48,8526700000;2,4815000000
202200032182;26;9;2022;12:45;1;42;2;1;1;2;45,3975100000;4,3280500000
202200032183;25;9;2022;11:00;1;92;2;1;1;6;48,9155545661;2,2692247331
202200032184;26;9;2022;10:35;1;27;2;1;2;3;49,0116030001;1,1683487892
202200032185;12;9;2022;08:40;1;26;2;1;1;3;44,5717700000;4,7428200000
202200032186;20;9;2022;14:30;1;05;2;1;1;5;44,5687220000;6,1002500000
202200032187;26;9;2022;21:40;5;92;2;1;1;6;48,8789284856;2,2793975472
202200032188;1;10;2022;19:20;5;976;2;1;1;1; -12,7878000000;45,2246000000
202200032189;1;10;2022;18:00;5;976;2;1;1;1; -12,7796400000;45,2328000000
202200032190;30;9;2022;22:55;5;973;2;2;1;3;4,9342895272; -52,3319578171
202200032191;1;10;2022;14:30;1;69;2;1;2;4;45,7511058646;4,8550155759
202200032192;1;10;2022;14:56;1;69;2;3;8;6;45,7257100000;4,8407000000
202200032193;1;10;2022;10:00;1;972;2;1;1;3;14,6160300000; -61,0383900000
202200032194;12;12;2022;14:05;1;06;1;1;1;2;43,7323130000;7,2853140000
202200032195;30;9;2022;17:27;2;971;1;1;8;2;16,2179000000; -61,4891200000
202200032196;10;12;2022;19:00;3;987;2;1;3;2; -17,5770000000; -150,2020000000
202200032197;1;10;2022;21:55;4;2A;2;1;1;1;41,9422700000;8,7352200000
202200032198;1;10;2022;14:05;1;2A;2;1;1;4;41,9145700000;8,7296600000
202200032199;11;12;2022;15:50;1;988;2;1;1;6; -22,2379320000;166,5827970000
202200032200;11;12;2022;18:25;5;971;1;1;1;1;16,2338150000; -61,4220290000
202200032201;1;10;2022;17:06;1;95;2;1;1;2;49,0011610000;2,4078360000
202200032202;10;12;2022;05:00;3;971;1;2;1;3;16,0907740000; -61,5637400000
202200032203;30;9;2022;12:50;1;95;2;1;1;6;48,9840908583;2,4224545062
202200032204;4;12;2022;09:05;2;33;1;1;5;6;45,2088770000; -1,0771540000
202200032205;1;10;2022;11:30;1;91;2;1;8;6;48,6380700000;2,3125600000
202200032206;4;12;2022;15:45;1;91;2;9;8;3;48,6445990000;2,0675810000
202200032207;1;10;2022;15:30;1;91;2;1;1;7;48,6533300000;2,3454900000
202200032208;12;12;2022;17:25;2;30;1;1;2;7;43,6986000000;4,4121430000
202200032209;1;10;2022;15:55;1;83;2;1;1;6;43,1372994174;5,9965503216
202200032210;3;12;2022;01:45;3;74;2;1;9;7;45,8918380000;6,4260470000
202200032211;12;12;2022;06:50;3;86;2;1;1;6;46,6614590000; -0,0039950000
202200032212;1;10;2022;15:25;1;83;1;1;1;6;43,1423000000;5,9986000000
202200032213;9;12;2022;06:30;4;33;2;1;2;6;44,5570460000; -0,2543380000
202200032214;1;10;2022;08:10;2;78;1;3;8;3;49,0151300000;1,9388220000
202200032215;11;12;2022;02:30;3;29;1;1;2;6;48,4633930000; -4,2284330000
202200032216;30;9;2022;09:50;1;77;1;2;1;2;48,7926100000;2,6961500000
202200032217;11;12;2022;16:55;1;22;1;1;8;1;48,5944020000; -2,2654310000
202200032218;1;10;2022;05:40;5;77;2;5;2;3;48,9574700000;2,8945300000
202200032219;11;12;2022;20:40;3;80;1;1;1;6;50,0484180000;2,4323770000
202200032220;1;10;2022;03:35;5;77;1;3;2;3;48,8712549233;2,7292824204
202200032221;5;12;2022;08:15;2;80;2;1;8;1;49,8638170000;2,5218990000
202200032222;1;10;2022;19:15;2;77;2;2;1;3;48,8537700000;2,7735700000
202200032223;1;10;2022;10:45;1;77;2;1;2;6;48,8719180000;2,7977580000
202200032224;11;12;2022;01:37;3;13;1;1;1;2;43,4087000000;5,3634300000
202200032225;1;10;2022;20:20;5;77;1;9;1;5;48,4837000000;2,6659400000
202200032226;10;12;2022;01:45;3;13;1;1;1;2;43,3976300000;5,3526700000
202200032227;1;10;2022;08:35;1;76;2;9;8;6;49,9147974186;1,1037354961
202200032228;9;12;2022;03:26;3;13;1;1;3;2;43,4583000000;5,4021000000
202200032229;11;12;2022;00:35;3;13;1;1;1;2;43,1931970000;5,6690190000
202200032230;1;10;2022;20:30;5;69;2;3;1;2;45,7658875179;5,0059856686
202200032231;10;12;2022;02:00;3;69;1;1;2;5;45,7653041077;4,9851134419
202200032232;1;10;2022;15:00;1;69;2;6;2;6;46,0199300000;4,7208800000
202200032233;30;9;2022;16:30;1;69;2;1;1;1;45,9782900000;4,7096600000
202200032234;6;12;2022;19:50;3;67;1;1;1;4;48,5866670000;7,7268760000
202200032235;10;12;2022;08:35;3;33;1;1;1;6;44,6751210000; -0,4809980000
202200032236;1;10;2022;20:45;5;64;2;1;1;1;43,3037620000; -0,3234210000
202200032237;1;10;2022;19:15;1;64;2;1;1;7;43,4974200000; -1,4977900000
202200032238;11;12;2022;14:56;1;94;1;1;1;2;48,7588400587;2,3244097572
202200032239;1;10;2022;18:15;1;64;2;2;1;5;43,4926000000; -1,5192900000
202200032240;10;12;2022;13:30;1;91;1;1;1;2;48,7470100000;2,3275000000
202200032241;27;9;2022;09:50;1;59;2;1;1;3;50,6647687343;3,0756354332
202200032242;11;12;2022;10:20;1;92;1;1;1;3;48,9436471157;2,2877561673
202200032243;22;9;2022;08:55;1;59;2;3;1;6;50,6162900000;3,1476200000