Accident_Id;jour;mois;an;hrmn;lum;dep;agg;int;atm;col;lat;long
202200032244;11;12;2022;06:15;3;93;1;1;1;2;48,8791675030;2,4763414899
202200032245;1;10;2022;12:55;1;51;2;1;1;3;49,2726500000;4,0220200000
202200032246;11;12;2022;03:20;3;95;1;1;1;2;48,9806298222;2,2409411038
202200032247;11;12;2022;18:30;3;77;1;1;1;2;48,8322500000;2,6658600000
202200032248;1;10;2022;14:17;1;45;2;1;1;2;47,9328110000;1,8965860000
202200032249;9;12;2022;14:30;1;94;1;1;1;2;48,8084578956;2,4490520687
202200032250;7;12;2022;14:48;1;88;2;1;1;6;48,2863090000;6,9493250000
202200032251;30;9;2022;17:00;1;44;2;3;1;3;47,2769800000; -2,2033400000
202200032252;9;12;2022;19:40;5;49;2;1;1;6;47,0686700000; -0,8513600000
202200032253;30;9;2022;21:20;4;41;2;9;1;1;47,5778100000;1,3738500000
202200032254;9;12;2022;09:12;1;17;2;1;1;6;45,7472000000; -0,6331590000
202200032255;1;10;2022;05:40;3;38;1;1;1;6;45,1505800000;5,6910900000
202200032256;6;12;2022;16:00;1;02;2;2;1;6;49,3741900000;3,3260700000
202200032257;1;10;2022;13:45;1;37;2;1;8;6;47,3973034161;0,7442486286
202200032258;10;12;2022;02:20;3;93;1;9;1;6;48,9165200000;2,4782000000
202200032259;1;10;2022;14:05;1;37;2;1;1;2;47,3893000000;0,6831500000
202200032260;20;4;2022;05:57;3;42;1;1;1;6;45,4383600000;4,4513400000
202200032261;1;10;2022;10:00;1;37;2;2;2;3;47,3521696815;0,6584501266
202200032262;30;9;2022;16:30;2;38;2;2;8;3;45,1669600000;5,7063400000
202200032263;1;10;2022;15:25;1;35;1;9;1;3;48,1026500000; -1,6097600000
202200032264;27;9;2022;17:30;1;38;2;3;8;6;45,1752400000;5,7256300000
202200032265;27;9;2022;08:15;1;38;2;9;2;6;45,2001900000;5,6730600000
202200032266;1;10;2022;14:15;1;33;2;3;2;3;44,8216500000; -0,5713500000
202200032267;28;9;2022;16:05;1;73;1;1;3;2;45,5668160000;5,7887960000
202200032268;1;10;2022;14:55;1;33;2;3;2;3;44,8680200000; -0,5761500000
202200032269;17;8;2022;10:40;1;62;1;2;1;3;50,5671070000;2,4944330000
202200032270;26;9;2022;13:30;1;29;2;2;8;3;47,8832000000; -3,9224900000
202200032271;9;10;2022;17:40;1;74;1;1;1;1;46,1236560000;6,1645100000
202200032272;1;10;2022;14:48;1;25;2;2;2;3;46,9182000000;6,3436700000
202200032273;1;10;2022;13:30;1;13;2;1;1;1;43,2841000000;5,3577200000
202200032274;18;8;2022;18:30;1;14;2;1;1;1;49,2580200000; -0,8048550000
202200032275;1;10;2022;12:45;1;13;2;1;1;1;43,3301800000;5,4273500000
202200032276;1;10;2022;01:20;5;13;2;1;1;6;43,2922900000;5,3607400000
202200032277;1;10;2022;18:50;1;10;2;2;1;3;48,2994200000;4,0732700000
202200032278;1;10;2022;14:47;1;10;2;1;1;2;48,2943100000;4,0837000000
202200032279;30;6;2022;17:12;1;74;1;3;1;1;45,7841890000;6,2247290000
202200032280;29;6;2022;18:30;1;74;2;7;1;6;45,9248150000;6,8723560000
202200032281;27;6;2022;16:25;1;74;1;1;8;1;46,1416340000;6,4238370000
202200032282;1;9;2022;01:23;5;35;2;1;2;7;48,0910026363; -1,6924108565
202200032283;26;6;2022;23:30;3;74;1;1;1;6;45,8472920000;6,5943500000
202200032284;9;12;2022;19:00;5;988;2;3;1;3; -22,2959000000;166,4452000000
202200032285;26;6;2022;19:45;2;74;2;1;1;7;45,7881370000;6,0592810000
202200032286;9;12;2022;13:25;1;974;1;9;1;3; -20,8992800000;55,4601800000
202200032287;9;12;2022;08:30;1;974;2;6;1;3; -20,8971000000;55,4752000000
202200032288;8;12;2022;18:35;5;972;1;1;1;6;14,6387000000; -61,0101300000
202200032289;9;12;2022;13:00;1;972;2;1;1;6;14,6077200000; -61,0650500000
202200032290;9;12;2022;19:00;5;69;1;4;8;6;45,7656200000;4,7708500000
202200032291;9;12;2022;06:10;5;69;2;2;2;3;45,7735900000;4,7952300000
202200032292;8;12;2022;11:40;1;971;2;9;1;6;16,2395000000; -61,5362800000
202200032293;7;12;2022;07:15;1;971;1;3;1;5;16,2175700000; -61,4943200000
202200032294;9;12;2022;07:55;2;91;2;3;9;3;48,6904790000;2,3496510000
202200032295;8;12;2022;07:00;5;91;2;3;1;3;48,6981500000;2,3649700000
202200032296;8;12;2022;17:51;5;87;1;1;1;2;45,8405600000;1,2805400000
202200032297;6;12;2022;17:42;5;83;1;1;1;2;43,1274700000;6,1885300000
202200032298;9;12;2022;13:50;1;78;1;1;1;6;48,6543300000;1,8907600000
202200032299;9;12;2022;15:15;1;76;2;1;1;1;49,4060180000;1,0605450000
202200032300;9;12;2022;10:35;1;76;2;3;1;2;49,4865300000;0,1115400000
202200032301;8;12;2022;15:05;1;76;2;2;1;3;49,5012900000;0,1699000000
202200032302;6;12;2022;15:10;1;73;2;1;1;6;45,5735962428;5,9523364781
202200032303;9;12;2022;03:50;5;73;2;3;2;3;45,6794800000;5,9105000000
202200032304;18;7;2022;22:30;5;92;2;2;1;1;48,8880557982;2,2755909562
202200032305;9;12;2022;17:50;5;69;1;1;2;4;45,7198700000;4,8800400000
202200032306;8;12;2022;17:45;5;67;2;1;1;6;48,5987400000;7,6967900000
202200032307;9;12;2022;06:00;5;67;2;3;1;6;48,5537850000;7,6886300000
202200032308;19;7;2022;00:30;5;92;2;1;1;6;48,8125400000;2,3192600000
202200032309;9;12;2022;13:00;1;64;2;3;8;2;43,3152906429; -0,3151354194
202200032310;9;12;2022;13:30;1;64;2;1;1;2;43,3184000000; -0,3577600000
202200032311;18;7;2022;09:30;1;92;2;1;1;6;48,8168229764;2,3067145049
202200032312;9;12;2022;18:55;5;64;2;6;2;2;43,4659800000; -1,4956800000
202200032313;19;7;2022;20:00;1;92;2;1;1;6;48,8117880475;2,2354972958
202200032314;9;12;2022;11:50;1;61;2;1;1;6;48,4425800000;0,0812700000
202200032315;19;7;2022;18:50;1;92;2;1;1;6;48,8350444789;2,2278347611
202200032316;9;12;2022;23:35;5;59;2;2;5;3;50,7190200000;3,1634700000
202200032317;9;12;2022;19:00;5;59;2;3;1;3;50,6537641658;3,0013328791
202200032318;19;7;2022;17:25;1;22;1;3;1;3;48,6062260000; -3,0262710000
202200032319;9;12;2022;20:20;5;59;1;2;1;3;50,5965100000;3,0056800000
202200032320;1;7;2022;07:16;1;01;1;1;1;7;46,1757610000;5,7337930000
202200032321;9;12;2022;12:10;1;56;1;1;7;3;47,7810000000; -3,3350000000
202200032322;9;12;2022;14:45;1;51;2;1;8;3;49,2500000000;4,0600000000
202200032323;19;7;2022;09:50;1;30;1;1;1;6;43,9692220000;4,3890380000
202200032324;9;12;2022;20:18;5;49;2;1;1;4;47,4866900000; -0,5148300000
202200032325;18;7;2022;11:10;1;37;1;1;1;7;47,3467760000;0,3713040000
202200032326;9;12;2022;15:00;1;49;2;1;1;6;47,4719100000; -0,5672800000
202200032327;19;7;2022;09:30;1;74;2;1;1;7;46,2771380000;6,2590580000
202200032328;7;12;2022;23:05;5;49;2;2;1;3;47,4506300000; -0,5528000000
202200032329;13;7;2022;01:00;4;74;2;3;1;6;45,8343720000;6,5591060000
202200032330;9;12;2022;19:50;5;44;2;1;1;6;47,2389700000; -1,5568400000
202200032331;9;12;2022;09:05;1;43;2;1;2;7;45,0264200000;3,8816000000
202200032332;20;7;2022;02:50;4;33;2;3;1;6;44,8545530000; -0,0635630000
202200032333;9;12;2022;17:10;5;43;2;1;2;6;45,0479200000;3,9282500000
202200032334;14;7;2022;18:40;1;33;2;1;1;7;44,8152250000; -0,1456710000
202200032335;9;12;2022;06:35;4;41;2;1;5;3;47,6170000000;1,3271000000
202200032336;18;7;2022;08:45;1;89;1;1;1;6;47,8343870000;3,3189920000
202200032337;9;12;2022;07:40;2;37;2;1;8;5;47,3933200000;0,6473600000
202200032338;9;12;2022;22:30;5;33;2;1;1;7;44,6421115803; -1,1563512683
202200032339;19;7;2022;09:40;1;63;2;9;1;1;45,5437270000;3,2013130000
202200032340;9;12;2022;23:00;5;33;2;1;1;6;44,6539000000; -1,1588000000
202200032341;8;12;2022;12:15;1;29;2;2;1;1;48,3828350000; -4,5404150000
202200032342;19;7;2022;17:10;1;12;1;1;1;1;43,9748510000;2,9060980000
202200032343;9;12;2022;12:48;1;27;1;1;1;7;49,1026110626;1,5047484493
202200032344;20;7;2022;08:55;1;47;2;7;1;3;44,2315900000;0,6811470000
202200032345;7;12;2022;20:10;3;27;1;4;5;3;49,0767200000;1,4640000000
202200032346;19;7;2022;21:00;2;41;2;1;9;1;47,3520530000;1,1929290000
202200032347;8;12;2022;18:06;5;27;2;2;2;6;49,0115500000;1,1654500000
202200032348;9;12;2022;15:45;1;17;1;1;1;7;46,1593900000; -1,0716700000
202200032349;19;7;2022;23:15;3;34;1;3;1;3;43,4134559209;3,5445858174
202200032350;18;7;2022;17:30;1;39;2;1;7;6;46,2652610000;5,5194080000
202200032351;8;12;2022;12:00;1;13;2;1;1;3;43,2988000000;5,4022100000
202200032352;9;12;2022;18:40;3;11;1;1;1;4;43,2285800000;2,3378300000
202200032353;19;7;2022;18:08;1;29;1;1;1;1;48,3156100000; -3,8646980000
202200032354;9;12;2022;19:35;5;09;2;1;1;1;43,1153800000;1,6215600000
202200032355;19;7;2022;11:46;1;31;1;1;1;6;43,2589240000;0,9581320000
202200032356;9;12;2022;07:50;2;06;2;1;3;6;43,6501361705;6,9197208404
202200032357;19;7;2022;18:30;1;02;2;1;1;6;49,4085280000;3,1814210000
202200032358;9;12;2022;10:00;1;06;1;1;2;1;43,6603090000;6,9500140000
202200032359;20;7;2022;11:30;1;02;2;6;2;7;49,5989449201;3,1760807633
202200032360;8;12;2022;17:55;3;03;2;1;1;6;46,1307400000;3,4175000000
202200032361;4;7;2022;02:30;3;01;1;1;1;6;46,2049930000;5,3919590000
202200032362;10;12;2022;05:55;5;75;2;1;1;2;48,9004680000;2,3875160000
202200032363;20;7;2022;13:40;1;70;1;1;1;1;47,7636180000;6,6111735000
202200032364;10;12;2022;00:15;5;75;2;2;1;3;48,8645210000;2,2665070000
202200032365;20;7;2022;10:40;1;70;1;2;1;3;47,4437630000;6,1688390000
202200032366;10;12;2022;21:40;5;75;2;2;1;6;48,8735970000;2,3903630000
202200032367;10;12;2022;17:10;5;75;2;1;1;3;48,8706490000;2,3987450000
202200032368;19;7;2022;14:50;1;05;1;3;1;3;44,5495270000;6,4847660000
202200032369;10;12;2022;14:35;1;75;2;3;1;6;48,8911080000;2,3776110000
202200032370;10;12;2022;11:35;1;75;2;5;1;3;48,8937730000;2,3733600000
202200032371;10;12;2022;16:25;1;75;2;2;1;2;48,8943830000;2,3136800000
202200032372;10;12;2022;18:25;5;75;2;4;1;6;48,8672310000;2,2903520000
202200032373;20;7;2022;13:15;1;05;1;4;1;2;44,6832195972;6,0667705536
202200032374;10;12;2022;15:15;1;75;2;1;1;6;48,8590030000;2,2292110000
202200032375;19;7;2022;21:30;2;50;2;1;1;6;49,5126610000; -1,2904110000
202200032376;10;12;2022;00:30;5;75;2;1;1;2;48,8714050000;2,2613460000
202200032377;20;7;2022;11:00;1;04;1;1;1;7;43,9115980000;6,1391470000
202200032378;9;12;2022;07:56;1;75;2;2;1;3;48,8735940000;2,2927860000
202200032379;10;12;2022;19:30;5;75;2;2;1;2;48,8476930000;2,2841300000
202200032380;16;7;2022;09:32;1;17;1;1;1;1;45,8709170000; -0,1838710000
202200032381;10;12;2022;18:25;5;75;2;2;1;3;48,8428770000;2,2950850000
202200032382;19;7;2022;17:15;1;87;2;9;1;6;45,5135090000;1,2021280000
202200032383;9;12;2022;13:00;1;75;2;3;1;2;48,8486980000;2,2986630000
202200032384;13;7;2022;08:50;1;76;1;1;1;2;49,4825191185;0,2632082999
202200032385;10;12;2022;03:10;5;75;2;1;1;6;48,8624260000;2,3034260000
202200032386;10;12;2022;13:50;1;75;2;2;1;6;48,8743580000;2,3553820000
202200032387;19;7;2022;17:18;1;53;1;1;7;1;48,2982690000; -0,9015570000
202200032388;10;12;2022;23:00;5;75;2;2;1;6;48,8670170000;2,3063220000
202200032389;10;12;2022;12:26;1;75;2;1;1;6;48,8494520000;2,3615060000
202200032390;19;7;2022;09:30;1;90;1;1;1;2;47,6361960000;6,8810760000
202200032391;10;12;2022;01:28;5;94;2;1;1;5;48,7545100000;2,4444300000
202200032392;10;12;2022;18:00;3;94;2;1;1;2;48,7638500000;2,3393400000
202200032393;14;6;2022;00:30;3;90;1;1;2;2;47,6431280000;6,8918610000
202200032394;10;12;2022;11:40;1;93;2;1;1;1;48,9427300000;2,5327910000
202200032395;16;7;2022;00:00;5;31;2;1;1;6;43,5387820000;1,5155890000
202200032396;10;12;2022;06:20;5;93;2;1;8;6;48,9323130000;2,3761120000
202200032397;10;12;2022;13:50;1;93;2;1;1;1;48,9341306080;2,4018289981
202200032398;10;12;2022;08:58;1;92;2;1;1;7;48,8001250435;2,2848778367
202200032399;19;7;2022;15:00;1;38;1;1;7;1;45,6387820000;5,0625940000
202200032400;10;12;2022;20:40;5;92;2;2;1;3;48,9000171315;2,3062378764
202200032401;20;7;2022;02:25;5;976;2;1;1;7; -12,7879740000;45,2646860000
202200032402;10;12;2022;19:50;5;92;2;3;1;3;48,7832800000;2,2866900000
202200032403;20;7;2022;08:25;1;95;1;9;2;7;49,0643420000;1,9806720000
202200032404;10;12;2022;19:05;5;92;2;1;1;6;48,8022950000;2,3110710000
202200032405;10;12;2022;02:00;3;86;1;1;9;7;46,8607640000;0,5548040000
202200032406;11;12;2022;03:54;3;06;1;1;1;2;43,6218270000;7,1301770000
202200032407;11;12;2022;00:30;3;988;1;1;1;7; -20,6505400000;164,3636200000
202200032408;19;7;2022;15:50;1;95;1;1;1;3;49,0699300000;1,7773600000
202200032409;11;12;2022;08:30;1;974;1;1;1;7; -21,2029480000;55,2852200000
202200032410;11;12;2022;17:25;2;38;1;1;1;1;44,7416430000;5,6808760000
202200032411;11;12;2022;18:33;4;56;1;1;1;7;47,8850330000; -3,0398420000
202200032412;10;12;2022;18:40;3;56;1;1;1;2;47,9011510000; -3,3362820000
202200032413;19;7;2022;19:55;1;83;1;1;1;5;43,2923880000;6,6129110000
202200032414;9;12;2022;17:50;4;82;2;6;2;6;44,1072670000;0,8920810000
202200032415;10;12;2022;16:00;1;11;1;1;1;6;43,2034240000;3,0205540000
202200032416;14;7;2022;02:30;5;06;2;1;1;7;43,6991390000;7,1185830000
202200032417;10;12;2022;15:38;1;12;1;1;8;6;43,9660560000;2,9641410000
202200032418;19;7;2022;15:45;1;38;2;6;1;3;45,2959280000;5,6289320000
202200032419;10;12;2022;18:30;5;42;2;2;9;6;45,6374770000;4,3896660000
202200032420;10;12;2022;17:45;3;34;2;1;1;7;43,4231730000;3,2442480000
202200032421;9;12;2022;13:00;1;25;1;1;9;1;47,0188570000;6,4056090000
202200032422;12;11;2022;14:58;1;25;2;1;1;3;47,2768960000;6,1072450000
202200032423;15;7;2022;00:15;3;07;1;1;1;3;44,5254300000;4,4088090000
202200032424;10;12;2022;22:59;3;44;1;1;2;7;47,0840330000; -1,9714670000
202200032425;10;12;2022;18:00;2;29;1;1;1;7;48,1745140000; -3,8869500000
202200032426;10;12;2022;18:00;3;31;1;2;1;2;43,2761270000;0,6523450000
202200032427;11;12;2022;15:15;1;02;1;1;1;1;49,3768340000;3,4912710000
202200032428;20;7;2022;05:30;3;46;1;1;1;6;44,5815420000;2,0661160000
202200032429;10;12;2022;11:55;1;72;1;1;1;6;47,7970585550;0,0308489797
202200032430;19;7;2022;19:23;1;76;1;1;1;7;49,5822020000;1,6311750000
202200032431;10;12;2022;23:35;3;60;1;1;1;1;49,4217780000;2,0421050000
202200032432;20;7;2022;14:20;1;60;1;1;3;3;49,1805499637;2,8881533145
202200032433;30;11;2022;15:50;1;43;1;1;1;7;44,9136930000;3,8841790000
202200032434;10;12;2022;13:00;1;28;1;2;8;6;48,4253330000;1,1339630000
202200032435;19;7;2022;06:20;2;13;1;1;1;3;43,4519100000;5,2383700000
202200032436;9;12;2022;21:40;5;17;2;3;1;3;45,8258200000; -0,3135450000
202200032437;19;7;2022;19:25;1;91;1;1;1;7;48,7105700000;2,3073000000
202200032438;10;12;2022;06:10;3;17;1;1;9;7;46,1222430000; -0,5830850000
202200032439;11;12;2022;17:00;3;23;1;1;1;6;46,2590660000;2,3624250000
202200032440;19;7;2022;10:30;1;94;1;1;1;4;48,7555257692;2,3430114984
202200032441;11;12;2022;10:25;1;88;2;1;1;6;47,9630670000;6,8370260000
202200032442;19;7;2022;08:40;1;94;1;1;1;2;48,7606114652;2,3193595264
202200032443;10;12;2022;18:40;5;973;2;1;1;3;4,9074420000; -52,2728850000
202200032444;10;12;2022;19:20;5;66;2;3;1;6;42,7162020000;2,8314691000
202200032445;11;12;2022;09:10;1;971;2;1;7;6;16,2392130000; -61,5751670000
202200032446;18;7;2022;02:00;3;94;1;1;1;2;48,7584457799;2,3369825611
202200032447;11;12;2022;05:10;2;988;1;1;5;6; -21,5774850000;165,4946240000
202200032448;19;7;2022;08:50;1;95;1;1;7;3;48,9690713210;2,2505342960
202200032449;11;12;2022;14:00;1;971;2;1;1;5;16,1704220000; -61,7764230000
202200032450;18;7;2022;14:15;1;94;1;1;1;2;48,8176679679;2,4148114130
202200032451;10;12;2022;16:30;1;41;2;1;1;6;47,6992350000;1,5800410000
202200032452;10;12;2022;03:00;3;77;1;1;1;7;48,7612830000;2,9271890000
202200032453;18;7;2022;11:30;1;17;2;1;7;2;45,6275000000; -1,0319500000
202200032454;11;12;2022;03:50;3;34;1;1;1;4;43,5633940000;4,0445590000
202200032455;10;12;2022;13:09;1;01;2;1;1;6;45,8534120000;5,0769070000
202200032456;17;7;2022;03:00;5;987;2;9;1;5; -17,5373680000; -149,5652760000
202200032457;10;12;2022;17:55;3;27;1;1;1;1;49,3258630000;1,2136670000
202200032458;9;12;2022;16:00;1;27;1;1;1;2;48,9420650000;0,9449530000
202200032459;9;12;2022;18:30;3;13;1;1;1;2;43,3978900000;5,2982600000
202200032460;10;12;2022;01:05;5;69;1;1;2;6;45,7316722950;4,9788987637
202200032461;18;7;2022;16:15;1;974;2;1;1;6; -21,3153060000;55,4732330000
202200032462;9;12;2022;14:15;1;69;1;1;2;3;45,5444500000;4,6674400000
202200032463;18;7;2022;19:20;5;974;2;1;2;7; -20,9635100000;55,6514700000
202200032464;10;12;2022;05:40;3;42;1;1;4;2;45,4584600000;4,4073300000
202200032465;10;12;2022;01:00;3;91;1;1;1;2;48,7015300000;2,3088890000
202200032466;17;7;2022;23:33;5;972;1;1;1;3;14,5961700000; -60,9895400000
202200032467;10;12;2022;18:55;3;78;1;1;1;4;48,7780360000;2,2137920000
202200032468;10;12;2022;06:50;3;93;1;1;1;6;48,8714820000;2,4329980000
202200032469;10;12;2022;01:10;4;93;1;1;1;2;48,9589000000;2,5357900000
202200032470;9;12;2022;13:30;1;93;1;1;1;3;48,9269388398;2,4050345767
202200032471;18;7;2022;17:00;1;972;1;1;1;3;14,6088000000; -61,0536400000
202200032472;10;12;2022;09:14;1;77;1;1;1;6;48,9681234906;2,6019218423
202200032473;10;12;2022;05:05;3;77;1;9;1;2;48,8346201168;2,6655400446
202200032474;8;12;2022;15:20;1;77;2;1;1;6;48,7897600000;2,6149200000
202200032475;8;12;2022;20:15;5;974;2;1;1;3; -21,3332300000;55,4716100000
202200032476;8;12;2022;17:15;1;974;1;1;1;3; -21,3210200000;55,4463700000
202200032477;8;12;2022;17:25;1;974;2;1;1;6; -20,8874700000;55,4721000000
202200032478;8;12;2022;12:00;1;974;2;1;1;6; -20,8821100000;55,4540300000
202200032479;7;12;2022;16:55;1;974;2;1;1;5; -20,8775500000;55,4566700000
202200032480;8;12;2022;17:56;1;973;2;3;1;3;4,9199557683; -52,3195767403
202200032481;17;7;2022;19:45;3;971;2;1;1;1;16,2410976161; -61,5287107229
202200032482;7;12;2022;16:40;1;973;2;1;1;1;4,9298856137; -52,3155400157
202200032483;8;12;2022;14:30;1;69;2;1;8;6;45,7192079865;4,8545292020
202200032484;8;12;2022;07:00;1;972;1;1;1;3;14,5935700000; -60,9820200000
202200032485;8;12;2022;23:00;5;69;2;2;2;2;45,7647800000;4,8015900000
202200032486;8;12;2022;12:53;1;2A;2;1;1;3;41,9351000000;8,7442700000
202200032487;2;12;2022;09:00;2;95;2;8;1;3;48,9752078481;2,3370140791
202200032488;16;7;2022;19:15;5;971;1;1;1;3;16,2077497609; -61,4597994089
202200032489;8;12;2022;18:00;5;91;1;1;1;3;48,7345000000;2,3661500000
202200032490;7;12;2022;11:39;1;87;2;3;1;3;45,8334800000;1,2464700000
202200032491;8;12;2022;10:45;1;81;1;3;1;3;43,5832000000;2,2282230000
202200032492;18;7;2022;19:25;1;91;2;1;1;7;48,6652000000;2,3477700000
202200032493;7;12;2022;08:20;2;78;2;1;5;3;48,6520900000;1,8491900000
202200032494;17;7;2022;22:15;5;87;2;3;1;3;45,8368700000;1,2663700000
202200032495;17;7;2022;12:05;1;87;2;1;1;6;45,8279400000;1,2417200000
202200032496;16;7;2022;11:59;1;87;2;3;1;6;45,8273300000;1,2600500000
202200032497;16;7;2022;01:35;5;80;2;3;1;6;49,9013200000;2,2881600000
202200032498;4;7;2022;08:30;1;77;2;1;1;3;48,8512300000;2,6236400000
202200032499;18;7;2022;11:45;1;74;2;4;1;3;45,9006500000;6,1205820000
202200032500;18;7;2022;16:00;1;69;2;1;1;3;45,7620417380;4,9098747969
202200032501;16;7;2022;16:00;1;66;2;1;1;6;42,7001700000;2,8915100000
202200032502;15;7;2022;19:32;1;66;1;1;1;3;42,6786960000;2,8805610000
202200032503;18;7;2022;17:17;1;64;1;1;1;3;43,3447479663; -0,4307922721
202200032504;18;7;2022;05:05;5;64;2;1;1;6;43,4765000000; -1,4839300000
202200032505;16;7;2022;20:44;1;63;2;2;1;3;45,7924900000;3,0916700000
202200032506;16;7;2022;16:15;1;63;2;2;1;3;45,7878300000;3,0844300000
202200032507;18;7;2022;19:22;1;62;2;1;1;6;50,7094660000;1,5997930000
202200032508;7;7;2022;19:00;1;59;1;1;1;7;50,7031455075;3,0354040860
202200032509;17;7;2022;23:07;3;56;1;1;1;6;47,7235500000; -3,4849400000
202200032510;15;7;2022;22:04;2;56;2;1;1;7;47,7633500000; -3,3459300000
202200032511;15;7;2022;08:00;1;55;2;3;1;3;48,7749000000;5,1629000000
202200032512;17;7;2022;16:30;1;52;2;3;1;3;48,6384990000;4,9688210000
202200032513;17;7;2022;12:05;1;49;2;1;1;5;47,4843000000; -0,4980000000
202200032514;18;7;2022;16:40;1;45;2;2;1;2;48,0002800000;2,7611400000
202200032515;14;7;2022;17:45;1;41;2;1;2;7;47,5766300000;1,3121600000
202200032516;19;7;2022;00:45;5;38;2;2;1;1;45,1853000000;5,7148800000
202200032517;18;7;2022;15:45;1;37;2;2;1;3;47,3538400000;0,6638700000
202200032518;17;7;2022;00:55;5;37;2;1;1;1;47,3817800000;0,6973300000
202200032519;18;7;2022;08:20;1;35;2;2;1;3;48,0992301077; -1,6571626067
202200032520;18;7;2022;07:45;1;34;1;1;1;5;43,3750000000;3,6281000000
202200032521;18;7;2022;04:20;5;34;2;1;1;6;43,6046700000;3,8649200000
202200032522;18;7;2022;07:48;1;32;2;1;1;3;43,6636000000;0,5995700000
202200032523;13;7;2022;20:30;2;30;2;2;1;6;44,1617900000;4,6225400000
202200032524;17;7;2022;23:35;3;29;1;3;1;1;47,9513571600; -4,0763647500
202200032525;1;7;2022;08:25;1;29;2;6;1;2;48,3916280000; -4,4804950000
202200032526;13;7;2022;13:25;1;29;2;6;1;2;48,4139460000; -4,4795530000
202200032527;18;7;2022;16:15;1;28;1;1;1;1;48,6963100000;1,3770200000
202200032528;18;7;2022;15:40;1;27;2;1;1;6;49,0084800000;1,1504900000
202200032529;18;7;2022;11:45;1;22;1;1;1;2;48,7324300000; -3,4180800000
202200032530;18;7;2022;09:40;1;14;1;1;1;6;49,4115081922;0,2520918071
202200032531;18;7;2022;12:45;1;13;2;2;1;3;43,6222011687;5,0991169659
202200032532;14;7;2022;16:30;2;13;2;3;1;3;43,2850400000;5,3896700000
202200032533;18;7;2022;07:15;1;13;2;3;1;4;43,2935300000;5,3822800000
202200032534;18;7;2022;07:40;1;13;2;2;1;3;43,2970000000;5,4830000000
202200032535;18;7;2022;11:00;1;11;2;1;1;6;43,1887400000;2,3111600000
202200032536;18;7;2022;14:00;1;07;2;1;1;7;44,9437000000;4,8448600000
202200032537;18;7;2022;10:35;1;07;1;1;1;1;44,8806000000;4,8490800000
202200032538;18;7;2022;19:05;1;06;2;9;1;2;43,7339500000;7,2921200000
202200032539;11;7;2022;20:05;1;06;2;1;1;6;43,5547920000;6,9722480000
202200032540;18;7;2022;14:40;1;01;2;1;1;6;46,2093200000;5,2378600000
202200032541;18;7;2022;10:20;1;75;2;1;1;2;48,8229480000;2,3129510000
202200032542;18;7;2022;08:05;1;75;2;1;1;3;48,8882920000;2,2921750000
202200032543;17;7;2022;12:50;1;75;2;1;1;2;48,9009840000;2,3480380000
202200032544;17;7;2022;03:45;5;75;2;1;1;2;48,8989860000;2,3172920000
202200032545;18;7;2022;09:09;1;75;2;1;7;6;48,8754050000;2,3902300000
202200032546;17;7;2022;05:45;2;75;2;2;1;3;48,8408680000;2,2652940000
202200032547;17;7;2022;10:20;1;75;2;1;1;5;48,8255970000;2,3261030000
202200032548;18;7;2022;19:05;1;75;2;5;1;3;48,8365730000;2,3592920000
202200032549;18;7;2022;07:37;1;75;2;2;1;3;48,8318270000;2,3976620000
202200032550;18;7;2022;16:20;1;75;2;1;7;6;48,8749420000;2,3601700000
202200032551;17;7;2022;23:36;5;75;2;7;1;6;48,8647420000;2,3010020000
202200032552;17;7;2022;18:00;1;75;2;7;1;3;48,8649190000;2,3102790000
202200032553;18;7;2022;19:06;1;94;2;3;1;1;48,7348850000;2,4533150000
202200032554;18;7;2022;02:48;5;94;2;4;1;2;48,7901600000;2,4528200000
202200032555;18;7;2022;20:09;1;93;2;9;1;1;48,9296447208;2,3593300581
202200032556;18;7;2022;17:50;1;93;2;3;1;3;48,8763200000;2,4861200000
202200032557;17;7;2022;06:07;2;93;2;1;1;6;48,8832334457;2,4993440509
202200032558;17;7;2022;20:40;1;93;2;1;1;1;48,9033015666;2,4834600091
202200032559;18;7;2022;20:50;1;92;2;9;1;3;48,8857623093;2,2569442391
202200032560;2;3;2022;12:20;1;93;1;1;1;4;48,9559829274;2,4734293654
202200032561;18;7;2022;08:50;1;92;2;2;1;1;48,8792422051;2,2128645480
202200032562;18;7;2022;18:02;1;92;2;1;7;3;48,8015731297;2,3022325337
202200032563;3;3;2022;19:30;3;94;1;1;1;2;48,8172046066;2,4285178250
202200032564;14;7;2022;07:40;1;92;2;7;1;3;48,7633600000;2,3087700000
202200032565;3;3;2022;17:40;1;94;1;1;1;4;48,8302008945;2,4957669959
202200032566;18;7;2022;17:30;2;974;1;7;1;1; -21,0692190000;55,2298760000
202200032567;19;7;2022;13:57;1;01;1;1;7;6;46,0235860000;5,0802120000
202200032568;3;3;2022;15:30;1;94;1;1;1;4;48,7592916531;2,3835324056
202200032569;18;7;2022;09:00;1;42;1;2;1;3;46,0053380000;4,0131210000
202200032570;2;3;2022;14:35;1;77;1;1;1;2;48,8315810000;2,7691080000
202200032571;17;7;2022;17:55;1;81;1;1;1;1;43,4702220000;2,5725500000