Accident_Id;jour;mois;an;hrmn;lum;dep;agg;int;atm;col;lat;long
202200032572;2;3;2022;07:35;1;94;1;1;8;3;48,7762100000;2,4291100000
202200032573;11;7;2022;12:10;1;972;1;1;1;3;14,6696270000; -60,9574750000
202200032574;18;7;2022;20:22;1;59;2;1;1;6;50,5189091747;3,0197113752
202200032575;2;3;2022;20:30;5;64;2;1;2;6;43,3912500000; -1,6544000000
202200032576;2;3;2022;18:56;5;971;2;1;1;6;16,2452700000; -61,5298600000
202200032577;18;7;2022;18:10;1;44;1;1;1;5;47,3830100000; -1,9406900000
202200032578;2;3;2022;19:05;5;45;2;3;1;6;47,9188228667;1,9147371948
202200032579;19;7;2022;17:45;1;62;1;1;7;6;50,4439913320;1,7890924217
202200032580;1;3;2022;09:20;1;74;2;2;1;6;46,1904700000;6,2345400000
202200032581;4;6;2022;18:00;1;74;2;1;1;6;46,3052040000;6,4324900000
202200032582;17;7;2022;19:21;1;59;2;1;1;6;50,1580270000;3,3893330000
202200032583;2;3;2022;17:30;1;974;2;1;1;6; -20,8930450000;55,4583860000
202200032584;18;7;2022;12:45;1;32;1;1;1;6;43,6744910000;0,5223330000
202200032585;1;3;2022;11:45;1;974;2;1;1;2; -20,8756800000;55,4514100000
202200032586;19;7;2022;11:55;1;11;1;2;1;3;42,9229320000;2,2177630000
202200032587;2;3;2022;17:55;1;973;2;6;1;6;4,9333200000; -52,3094200000
202200032588;19;7;2022;07:50;1;86;1;2;1;1;46,9449700000;0,0837390000
202200032589;2;3;2022;17:30;1;69;2;2;1;3;45,7480000000;4,8364000000
202200032590;19;7;2022;06:30;1;34;1;1;1;6;43,5599330000;3,4869230000
202200032591;14;7;2022;21:00;1;44;1;1;1;6;47,1072190000; -1,3158610000
202200032592;2;3;2022;14:30;1;69;2;8;1;3;45,7375900000;4,8655600000
202200032593;13;7;2022;08:45;2;29;1;3;1;1;47,8168442839; -4,2292141913
202200032594;1;3;2022;23:12;5;972;2;1;1;2;14,6049100000; -61,0583000000
202200032595;17;7;2022;18:30;1;38;2;1;7;1;45,2340170000;5,8710320000
202200032596;28;2;2022;15:25;1;69;2;2;1;3;45,7759000000;4,8008500000
202200032597;18;7;2022;23:30;3;02;1;1;1;7;49,9926500000;3,2401080000
202200032598;13;7;2022;18:00;1;54;1;1;1;7;48,8094742860;6,1251300581
202200032599;2;3;2022;13:05;1;971;1;1;1;7;16,2839300000; -61,5062500000
202200032600;19;7;2022;14:10;1;09;1;1;1;1;43,1010300000;1,1791370000
202200032601;26;2;2022;23:50;5;971;2;3;1;1;16,2918700000; -61,4949200000
202200032602;19;7;2022;17:30;1;10;2;6;1;6;48,5041410000;3,7556510000
202200032603;1;3;2022;11:55;1;2A;1;1;1;2;41,9294900000;8,8012900000
202200032604;10;7;2022;16:30;1;36;1;1;1;7;46,7577122043;1,8755185604
202200032605;19;7;2022;12:00;1;07;2;1;7;7;45,1465170000;4,7066880000
202200032606;26;2;2022;08:30;1;95;2;1;1;6;48,9405808096;2,2221243382
202200032607;18;7;2022;14:45;1;07;1;1;1;7;44,7705480000;4,3367030000
202200032608;18;7;2022;20:16;1;53;1;1;1;7;48,3658270000; -0,1566400000
202200032609;26;2;2022;17:14;1;86;2;6;7;3;46,8021700000;0,5455890000
202200032610;19;7;2022;09:16;1;17;2;6;1;3;45,9357660000; -1,3035990000
202200032611;1;3;2022;07:35;1;80;2;1;2;3;49,8774000000;2,2826400000
202200032612;18;7;2022;12:25;1;48;1;1;1;6;44,2038970000;3,5234140000
202200032613;28;2;2022;16:48;1;80;2;2;1;6;49,8692800000;2,3158300000
202200032614;19;7;2022;08:00;1;52;1;1;1;5;47,8069150000;5,4236200000
202200032615;3;3;2022;00:05;3;78;1;1;1;6;48,9611200000;2,1014600000
202200032616;19;7;2022;10:15;1;73;1;4;1;6;45,3427200000;6,3064960000
202200032617;18;7;2022;22:35;3;53;1;1;1;6;48,0982530000; -0,8511450000
202200032618;2;3;2022;16:30;1;76;2;3;1;3;49,4194688837;1,0949890316
202200032619;18;7;2022;14:00;1;06;1;1;1;2;43,6601570000;7,1647700000
202200032620;1;3;2022;16:45;1;72;2;1;1;2;47,9642429759;0,1762604711
202200032621;18;7;2022;23:40;3;77;1;1;1;2;48,1868050000;2,7670100000
202200032622;15;2;2022;16:00;1;70;2;1;1;6;47,6308630000;6,1672550000
202200032623;17;7;2022;17:20;1;972;1;1;1;6;14,7912780000; -60,9992860000
202200032624;2;3;2022;11:20;1;69;2;1;1;3;45,7605500000;4,9049500000
202200032625;8;2;2022;13:30;1;68;2;1;8;6;47,6044900000;7,5448600000
202200032626;16;7;2022;12:55;1;34;2;5;1;3;43,5636080000;4,0857980000
202200032627;18;7;2022;08:40;1;34;2;1;1;7;43,6576580000;4,0109270000
202200032628;1;3;2022;09:10;1;64;2;1;1;3;43,4878531508; -1,5343093872
202200032629;18;7;2022;19:30;1;04;1;1;2;1;43,8992530000;5,8186880000
202200032630;24;2;2022;12:00;1;59;2;1;1;6;50,6109932775;3,0456537008
202200032631;18;7;2022;22:30;3;13;1;1;1;1;43,7253510000;5,1632090000
202200032632;28;2;2022;15:35;1;57;2;1;7;6;49,3547400000;6,1629900000
202200032633;18;7;2022;13:40;1;54;2;1;1;1;48,7897961540;6,1158549780
202200032634;27;2;2022;12:35;1;50;1;1;1;6;49,1273400000; -1,0893260000
202200032635;16;7;2022;22:50;3;74;1;1;1;1;46,0288900000;6,3910170000
202200032636;1;3;2022;15:09;1;49;2;1;1;3;47,4296200000; -0,5279400000
202200032637;19;7;2022;09:25;1;42;2;2;1;3;45,7327630000;4,2280520000
202200032638;2;3;2022;18:25;2;43;2;9;1;6;45,0528356531;3,8727182150
202200032639;19;7;2022;19:10;1;38;1;2;1;1;45,8294350000;5,4096990000
202200032640;1;3;2022;16:55;1;41;2;1;1;2;47,5946150000;1,3529930000
202200032641;2;3;2022;18:05;2;37;2;6;8;3;47,3469087110;0,6476327777
202200032642;2;3;2022;12:35;1;33;2;3;1;3;44,8777850000; -0,5569740000
202200032643;18;7;2022;17:20;1;64;2;1;1;7;43,4736700000; -1,4309260000
202200032644;2;3;2022;02:20;5;31;2;1;1;7;43,5672400000;1,4515500000
202200032645;2;3;2022;20:50;5;29;2;1;1;6;48,5766700000; -3,8413140000
202200032646;2;3;2022;17:26;1;26;2;3;1;3;44,9191200000;4,9006900000
202200032647;2;3;2022;09:53;1;26;2;1;1;3;44,5351000000;4,7276000000
202200032648;2;3;2022;09:25;1;14;2;3;2;3;49,3641100000;0,0833100000
202200032649;18;7;2022;18:40;1;22;1;4;7;1;48,3866110000; -2,0205190000
202200032650;2;3;2022;18:25;5;13;2;3;1;3;43,4070000000;5,2270000000
202200032651;2;3;2022;19:50;5;13;2;4;1;2;43,6310602371;5,1010845804
202200032652;2;3;2022;18:20;2;13;2;1;1;3;43,2474300000;5,3741100000
202200032653;18;7;2022;19:25;1;35;1;1;1;1;47,8532380000; -1,6788110000
202200032654;2;3;2022;17:20;1;13;2;3;1;6;43,2998800000;5,3996000000
202200032655;1;3;2022;15:45;1;09;1;1;1;3;42,9574340000;1,6207970000
202200032656;2;3;2022;08:50;1;06;2;1;1;3;43,7025870000;7,2851570000
202200032657;18;7;2022;14:30;1;60;2;2;1;3;49,3255560000;2,4630190000
202200032658;1;3;2022;16:50;1;06;2;1;1;3;43,6651800000;7,1707470000
202200032659;2;3;2022;10:50;1;75;2;7;1;2;48,8866360000;2,3941240000
202200032660;2;3;2022;18:10;5;75;2;3;1;6;48,8997500000;2,3191340000
202200032661;2;3;2022;14:00;1;75;2;2;1;3;48,8681440000;2,2755010000
202200032662;18;7;2022;14:15;1;60;2;1;1;6;49,3988330000;2,2487640000
202200032663;2;3;2022;16:30;1;75;2;1;1;6;48,8270790000;2,3630420000
202200032664;2;3;2022;18:00;1;75;2;3;1;7;48,8740460000;2,3442770000
202200032665;18;7;2022;15:00;1;13;1;1;1;6;43,3581479742;5,3627074994
202200032666;1;3;2022;16:40;1;75;2;1;1;3;48,8683682416;2,3063202202
202200032667;18;7;2022;05:10;3;13;1;1;1;6;43,2848900000;5,4173800000
202200032668;2;3;2022;17:20;1;75;2;2;1;6;48,8686500000;2,3553590000
202200032669;18;7;2022;16:30;1;33;1;1;1;2;44,7797530000; -0,5748660000
202200032670;28;2;2022;09:50;1;94;2;1;1;2;48,8054100000;2,4316100000
202200032671;2;3;2022;17:30;1;94;2;6;1;3;48,7684000000;2,4883600000
202200032672;18;7;2022;08:15;1;33;1;1;1;4;44,8566800000; -0,6609700000
202200032673;15;7;2022;23:15;3;59;1;1;1;6;50,3340330606;3,3232073486
202200032674;28;8;2022;05:35;3;94;1;1;1;2;48,8285410714;2,4757609509
202200032675;2;3;2022;07:20;2;94;2;3;1;4;48,7991400000;2,4536200000
202200032676;10;6;2022;22:10;3;69;1;1;1;2;45,7059860348;4,9668623705
202200032677;12;2;2022;23:10;5;94;2;3;1;2;48,7830700000;2,5339800000
202200032678;15;7;2022;21:00;1;59;1;1;1;6;50,6368026843;3,0884443264
202200032679;30;4;2022;15:15;1;69;2;3;1;3;45,5932300000;4,7645300000
202200032680;2;3;2022;20:15;5;94;2;1;1;3;48,7266300000;2,5311300000
202200032681;28;2;2022;05:30;5;57;2;1;1;3;49,1979300000;6,9307800000
202200032682;18;7;2022;14:00;1;91;1;1;1;3;48,7600200000;2,2629400000
202200032683;2;3;2022;06:30;5;93;2;2;1;6;48,8565100000;2,4276700000
202200032684;18;7;2022;03:30;3;78;1;1;1;6;48,7865760000;2,1517120000
202200032685;26;8;2022;17:00;1;974;1;9;1;7; -20,9299400000;55,3092700000
202200032686;1;3;2022;17:45;1;93;2;3;1;3;48,8636125784;2,4203969836
202200032687;17;7;2022;19:45;1;78;1;1;1;2;48,7807100000;2,1782060000
202200032688;2;3;2022;12:15;1;92;2;1;1;6;48,8532454579;2,2206213623
202200032689;27;8;2022;16:00;1;973;1;6;1;3;4,9071500000; -52,3223000000
202200032690;18;7;2022;17:15;1;92;1;1;1;2;48,9330433500;2,3215717971
202200032691;26;8;2022;22:00;3;973;1;1;1;2;4,9011900000; -52,3110900000
202200032692;2;3;2022;17:55;2;92;2;1;1;2;48,8817540068;2,2468003929
202200032693;18;7;2022;01:00;3;95;1;1;1;6;48,9930900000;2,1869800000
202200032694;2;3;2022;08:50;1;92;2;1;1;6;48,9005700000;2,2127800000
202200032695;26;8;2022;16:00;1;69;2;4;1;2;45,7456674820;4,8482939601
202200032696;17;7;2022;23:30;3;95;1;1;1;3;49,0535593222;2,4260795116
202200032697;2;3;2022;01:50;5;92;2;1;1;6;48,8166600000;2,3286900000
202200032698;27;8;2022;13:50;1;972;1;3;1;3;14,6152500000; -61,0619400000
202200032699;2;3;2022;16:45;1;92;2;3;1;3;48,9302800000;2,2550690000
202200032700;17;7;2022;05:30;3;93;1;1;1;4;48,8663142702;2,4133247345
202200032701;27;8;2022;02:00;5;972;2;2;1;7;14,6064100000; -61,0667800000
202200032702;2;3;2022;12:30;1;92;2;2;1;3;48,9146235598;2,2290424257
202200032703;17;7;2022;05:50;1;93;1;1;1;4;48,9552000000;2,4734200000
202200032704;25;8;2022;23:25;3;972;1;1;1;5;14,6141800000; -61,0500300000
202200032705;17;7;2022;06:10;1;95;1;1;1;6;48,9586558069;2,2746205330
202200032706;2;3;2022;15:15;1;92;2;3;1;2;48,8325817552;2,2498154640
202200032707;27;8;2022;08:08;1;77;2;6;1;6;48,7893300000;2,6174800000
202200032708;2;3;2022;21:15;5;92;2;1;2;3;48,9105500000;2,2990400000
202200032709;2;3;2022;15:45;1;92;2;1;1;3;48,7496700000;2,3042000000
202200032710;26;8;2022;19:20;2;77;1;2;1;3;48,8538900000;2,6906400000
202200032711;3;3;2022;11:54;1;45;1;1;1;2;48,0713690000;1,9668960000
202200032712;27;8;2022;03:35;5;74;2;1;1;3;46,1930000000;6,2287000000
202200032713;27;8;2022;08:29;1;72;2;6;1;3;48,0081320000;0,1977430000
202200032714;3;3;2022;04:45;3;71;1;1;1;3;46,4372041526;4,8697907925
202200032715;3;3;2022;12:30;1;22;1;1;1;1;48,5511831319; -3,1374997490
202200032716;27;8;2022;10:35;1;64;2;6;1;3;43,4123870000; -1,6176460000
202200032717;27;8;2022;15:50;1;59;2;1;1;1;50,6969174917;3,2099765539
202200032718;3;3;2022;15:40;1;44;1;1;2;6;47,4420300000; -2,0794870000
202200032719;27;8;2022;17:34;1;59;2;2;1;6;50,6147853638;3,0482071638
202200032720;1;3;2022;14:45;1;71;1;3;1;1;46,9432840000;4,8753330000
202200032721;27;8;2022;09:30;1;59;2;1;1;3;50,5491262123;3,0515170097
202200032722;3;3;2022;13:35;1;12;1;1;1;6;44,4447690000;2,5228430000
202200032723;28;8;2022;23:00;5;54;2;2;1;3;48,6726940961;6,1765506864
202200032724;2;3;2022;19:20;5;42;2;2;1;3;45,6477830000;4,2310350000
202200032725;27;8;2022;21:25;5;54;2;3;1;3;49,5032400000;5,7538400000
202200032726;8;2;2022;16:00;2;34;2;1;1;6;43,6241360000;3,4373210000
202200032727;2;3;2022;11:50;1;22;1;1;1;2;48,7575570000; -3,3028780000
202200032728;23;8;2022;09:05;1;53;2;1;2;7;48,0982490000; -0,7921010000
202200032729;27;2;2022;02:35;3;22;2;1;2;6;48,2392620000; -3,2489850000
202200032730;27;8;2022;16:22;1;45;2;1;1;6;47,8879700000;1,9290500000
202200032731;2;3;2022;01:55;4;44;2;1;2;6;47,4745880000; -1,8594630000
202200032732;1;3;2022;21:50;3;44;1;1;1;3;47,4164330000; -1,4159530000
202200032733;27;8;2022;16:47;1;45;2;2;1;3;47,9908400000;2,7108900000
202200032734;2;3;2022;20:50;5;29;2;1;2;3;47,8722640000; -3,5545380000
202200032735;30;3;2022;22:10;3;42;1;1;1;6;45,4498900000;4,4668200000
202200032736;27;8;2022;14:30;1;35;1;1;1;6;48,0927458141; -1,7375068367
202200032737;3;3;2022;16:30;1;29;1;1;1;6;47,8372350000; -4,3284850000
202200032738;27;8;2022;09:10;1;35;2;1;1;3;48,0955649910; -1,6950085759
202200032739;3;3;2022;14:50;1;01;1;1;7;6;46,0389230000;4,7562220000
202200032740;28;8;2022;01:30;5;33;2;2;1;3;44,8543000000; -0,5691800000
202200032741;3;3;2022;10:00;1;01;1;2;1;3;46,0280630000;5,2917190000
202200032742;28;8;2022;23:20;5;33;2;1;1;6;44,8678300000; -0,5713400000
202200032743;2;3;2022;17:00;1;58;1;1;1;6;47,3783450000;3,7263610000
202200032744;27;8;2022;05:00;5;33;2;3;1;3;44,8641700000; -0,5586100000
202200032745;27;8;2022;18:00;1;33;2;1;1;1;44,6338700000; -1,1967000000
202200032746;2;3;2022;17:20;1;72;1;9;1;7;48,0629400000;0,5075310000
202200032747;3;3;2022;06:00;3;83;1;1;1;6;43,5562730000;6,0309850000
202200032748;27;8;2022;14:50;1;27;2;1;1;2;49,2104000000;1,1727600000
202200032749;3;3;2022;06:50;2;60;1;2;1;3;49,4805610000;1,9002060000
202200032750;26;8;2022;12:34;1;13;2;1;1;1;43,2000800000;5,5949100000
202200032751;2;3;2022;15:30;1;04;1;4;1;3;43,8962530000;6,1287400000
202200032752;3;3;2022;10:45;1;57;1;1;1;6;49,1551660000;6,8489300000
202200032753;27;8;2022;07:30;1;09;2;3;1;3;43,1156400000;1,6238800000
202200032754;26;8;2022;15:16;1;09;1;9;1;3;42,9520100000;1,6240700000
202200032755;27;8;2022;12:09;1;07;1;1;1;6;44,7134000000;4,6162900000
202200032756;26;8;2022;17:20;1;75;2;1;1;4;48,8449910000;2,4140350000
202200032757;27;8;2022;10:30;1;75;2;1;1;6;48,8876710000;2,3348310000
202200032758;3;3;2022;10:02;1;25;2;1;1;1;46,8768240000;6,3749200000
202200032759;27;8;2022;17:30;1;75;2;1;1;2;48,8311110000;2,3854160000
202200032760;3;3;2022;10:00;1;2B;1;1;1;1;42,5990473483;9,4103318424
202200032761;27;8;2022;19:14;1;75;2;3;1;6;48,8572910000;2,3523830000
202200032762;2;3;2022;17:06;1;34;1;1;1;4;43,6541880000;3,9965020000
202200032763;27;8;2022;16:38;1;94;2;3;1;6;48,8120000000;2,3608000000
202200032764;3;3;2022;08:22;1;68;2;6;7;6;47,6611350000;7,4483010000
202200032765;26;8;2022;12:20;1;94;2;2;1;2;48,8179500000;2,4244400000
202200032766;26;2;2022;18:15;2;67;1;1;1;7;48,4466250000;7,4442350000
202200032767;28;2;2022;18:50;3;57;1;1;1;7;49,2280100000;6,0246010000
202200032768;27;8;2022;13:00;1;93;2;3;1;3;48,9671856364;2,5426899413
202200032769;23;2;2022;14:20;1;69;1;1;1;7;45,6688170000;4,6129920000
202200032770;26;8;2022;22:08;5;93;2;2;1;3;48,9396300000;2,5919300000
202200032771;27;8;2022;18:03;1;93;2;1;1;6;48,9500200000;2,5225800000
202200032772;21;2;2022;09:40;1;09;2;1;8;6;42,8515510000;1,5949200000
202200032773;27;8;2022;01:20;5;93;2;5;1;3;48,9014156807;2,3440317025
202200032774;2;3;2022;23:40;3;29;1;1;2;6;48,0328780000; -4,2403790000
202200032775;27;8;2022;16:15;1;93;2;1;1;3;48,8674379476;2,4294203057
202200032776;27;2;2022;15:00;1;22;1;1;1;7;48,6683490000; -2,3357530000
202200032777;27;8;2022;13:20;1;93;2;1;1;3;48,9185244267;2,4156410205
202200032778;2;3;2022;17:00;1;35;1;3;1;3;48,1610260000; -1,4406250000
202200032779;27;8;2022;17:55;1;93;2;1;1;6;48,9101038908;2,4801299993
202200032780;11;2;2022;04:47;3;27;1;1;9;7;49,0809680000;1,2587500000
202200032781;27;8;2022;18:30;1;92;2;3;1;3;48,8369253718;2,1459457129
202200032782;3;3;2022;18:50;5;60;2;1;1;1;49,1992610000;2,4815800000
202200032783;27;8;2022;17:15;1;92;2;3;1;3;48,8592705704;2,2240871787
202200032784;3;3;2022;00:25;3;80;1;1;1;5;49,8705590000;2,8356640000
202200032785;27;8;2022;16:20;1;92;2;1;1;3;48,8278622303;2,2672385573
202200032786;2;3;2022;19:10;3;59;1;1;1;6;50,1068180000;3,1993500000
202200032787;26;8;2022;22:40;5;92;2;1;1;3;48,8986939958;2,2445535064
202200032788;2;3;2022;03:15;3;69;1;1;1;6;45,6865000000;4,8741000000
202200032789;27;8;2022;17:15;1;92;2;9;1;3;48,7921659623;2,2900030017
202200032790;27;2;2022;15:25;1;67;1;1;1;2;48,5328000000;7,6973500000
202200032791;27;8;2022;11:34;1;92;2;1;1;6;48,7953461418;2,3117814660
202200032792;1;3;2022;20:10;3;33;1;1;1;4;44,7607100000; -0,6790300000
202200032793;26;8;2022;20:25;2;24;1;2;1;3;45,0216730000;0,2845720000
202200032794;2;3;2022;18:30;2;92;1;1;1;3;48,7736751738;2,2415169590
202200032795;27;8;2022;21:30;3;86;2;1;1;6;46,8572820000;0,3850920000
202200032796;2;3;2022;07:10;3;92;1;1;1;3;48,9224505810;2,2269890734
202200032797;26;8;2022;19:00;1;25;1;1;1;3;47,2671300000;5,9248500000
202200032798;1;3;2022;18:00;1;78;1;1;1;4;48,8014390000;2,0467240000
202200032799;27;8;2022;18:20;1;17;1;3;1;3;45,5615100000; -0,6814740000
202200032800;28;2;2022;11:35;1;78;1;1;1;3;48,9012360000;2,0052200000
202200032801;28;8;2022;12:50;1;28;1;9;7;3;47,9907190000;1,2538680000
202200032802;27;8;2022;23:45;3;67;1;1;1;6;48,2471830000;7,3334060000
202200032803;1;3;2022;09:15;1;77;1;1;1;6;48,6862300000;2,5974100000
202200032804;23;8;2022;07:10;1;974;2;1;1;6; -21,2166580000;55,3085100000
202200032805;1;3;2022;18:00;1;06;2;1;1;6;43,7610240000;7,4839710000
202200032806;21;2;2022;08:27;1;57;2;1;1;6;49,0936198000;6,1494973000
202200032807;27;8;2022;11:00;1;35;1;2;1;3;48,2547543163; -1,6007611156
202200032808;27;8;2022;17:40;1;51;1;1;1;7;49,1599570322;4,1108527780
202200032809;27;8;2022;23:00;3;51;1;1;1;7;48,9197756571;3,9766806364
202200032810;28;2;2022;11:45;1;974;2;9;1;6; -20,8862500000;55,4808400000
202200032811;27;2;2022;17:50;1;974;2;1;1;7; -20,9276100000;55,4932700000
202200032812;1;3;2022;13:45;1;69;2;1;1;2;45,7128619528;4,8740221735
202200032813;28;8;2022;10:02;1;59;1;1;1;3;50,8982150000;2,4912140000
202200032814;28;8;2022;01:41;5;74;2;1;1;6;45,7701970000;6,2079090000
202200032815;1;3;2022;12:02;1;69;2;1;1;1;45,7457223481;4,8506838083
202200032816;27;8;2022;19:15;2;33;1;1;1;6;44,6978610000; -0,1214560000
202200032817;1;3;2022;11:05;1;69;2;1;1;5;45,7484100000;4,8629200000
202200032818;28;2;2022;17:00;1;69;1;1;1;3;45,7642400000;4,8433000000
202200032819;28;2;2022;13:50;1;972;1;1;1;3;14,6093800000; -61,0853200000
202200032820;27;8;2022;15:30;1;61;1;1;1;3;48,7461160000;0,3669910000
202200032821;1;3;2022;21:15;5;69;2;1;1;7;45,7563700000;4,8060100000
202200032822;27;8;2022;10:20;1;35;1;2;7;1;48,4997120000; -1,7388550000
202200032823;1;3;2022;18:00;1;69;2;1;1;6;45,7173500000;4,8121100000
202200032824;26;8;2022;18:50;1;31;1;1;1;6;43,5440220000;1,1592080000
202200032825;28;2;2022;11:50;1;971;2;1;1;3;15,9914700000; -61,7278700000
202200032826;27;8;2022;14:50;1;72;1;1;1;3;48,0294585207;0,4453933237
202200032827;1;3;2022;16:45;1;2A;1;1;1;4;41,9376783860;8,8037400842
202200032828;28;8;2022;16:30;1;14;2;3;1;6;49,3470360000;0,1919000000
202200032829;1;3;2022;03:20;3;91;2;7;1;6;48,6137900000;2,4740800000
202200032830;28;8;2022;15:50;1;14;1;1;1;7;49,2388740000;0,1602380000
202200032831;26;2;2022;11:10;1;87;2;1;1;2;45,8844200000;1,2898500000
202200032832;26;2;2022;23:09;5;87;2;2;1;3;45,8260500000;1,2679100000
202200032833;28;8;2022;18:00;1;90;1;1;1;1;47,5080520000;6,9557830000
202200032834;25;2;2022;16:15;1;80;2;2;1;3;49,9009900000;2,3012900000
202200032835;27;8;2022;15:00;1;83;1;1;1;6;43,6037024996;6,0663414001
202200032836;25;2;2022;09:45;1;80;2;1;1;3;49,8889600000;2,2780300000
202200032837;28;8;2022;00:00;5;18;2;4;1;3;47,1937300000;2,3770920000
202200032838;26;2;2022;06:05;5;80;2;1;5;6;49,8647700000;2,3379900000
202200032839;26;2;2022;14:20;1;80;2;1;1;3;49,9087300000;2,3128700000
202200032840;28;8;2022;01:10;1;07;2;1;1;6;44,9885690000;4,5792100000
202200032841;1;3;2022;17:15;1;78;2;1;2;3;48,8991640000;2,0741370000
202200032842;28;8;2022;10:40;1;40;1;1;1;7;43,5466200000; -1,2735560000
202200032843;26;2;2022;17:28;1;78;2;1;1;7;48,7663400000;2,0534200000
202200032844;28;2;2022;16:30;1;77;2;3;1;1;48,5377100000;2,6843500000
202200032845;1;3;2022;21:40;5;76;2;6;2;7;49,3803400000;1,1008090000
202200032846;27;8;2022;02:00;3;40;1;1;1;6;43,6665030000; -1,3273760000
202200032847;23;2;2022;04:35;3;76;2;1;2;7;49,4823888898;1,1089076847
202200032848;28;2;2022;18:10;1;72;2;1;1;6;48,0066000000;0,1926500000
202200032849;28;8;2022;14:50;1;28;2;4;1;3;48,3171980000;1,5717640000
202200032850;1;3;2022;18:08;1;69;2;1;1;4;45,7683773936;4,9052528143
202200032851;28;8;2022;16:55;1;46;1;1;1;6;44,9907060000;1,5268850000
202200032852;1;3;2022;08:25;1;69;2;1;1;2;45,7494900000;4,9393800000
202200032853;27;8;2022;17:35;1;49;1;1;1;6;47,5344430000; -0,3227230000
202200032854;27;8;2022;19:35;1;03;1;1;1;7;46,5026760000;2,6435640000
202200032855;28;2;2022;15:45;1;69;2;3;1;1;45,7606100000;4,9979100000
202200032856;28;8;2022;00:57;3;01;1;1;1;6;45,9919420000;5,3131610000
202200032857;1;3;2022;10:45;1;69;2;1;1;6;45,9992305775;4,7343327245
202200032858;28;8;2022;07:15;1;95;2;1;1;1;49,0964731552;2,5195491314
202200032859;1;3;2022;06:50;5;69;2;1;1;3;46,0223937089;4,7205864787
202200032860;26;8;2022;18:00;3;988;1;1;1;1; -21,5133000000;167,8485000000
202200032861;28;8;2022;13:45;1;988;1;1;1;7; -21,1135080000;165,0144020000
202200032862;28;2;2022;14:10;1;67;2;3;1;3;48,5430821496;7,7363705635
202200032863;27;8;2022;03:30;3;13;1;1;1;2;43,4888010000;5,5950130000
202200032864;1;3;2022;10:55;1;66;1;1;1;2;42,6650000000;2,9174400000
202200032865;27;8;2022;19:15;1;37;1;1;1;1;47,2651136785;0,9463799000
202200032866;1;3;2022;08:15;1;64;2;3;1;3;43,3800420000; -1,6688960000
202200032867;28;2;2022;17:15;1;64;2;1;7;7;43,5049590000; -1,4671590000
202200032868;27;8;2022;19:40;2;77;1;1;1;1;48,9762170000;3,0702170000
202200032869;27;8;2022;22:40;5;91;2;6;1;2;48,5752060000;2,2374160000
202200032870;22;1;2022;01:56;3;91;1;1;1;2;48,7502000000;2,2051400000
202200032871;24;2;2022;17:20;1;62;2;1;2;1;50,4065770000;2,9404180000
202200032872;27;8;2022;02:00;3;66;1;6;1;6;42,7802600000;2,8995640000
202200032873;21;1;2022;18:30;3;91;1;1;1;5;48,7392380000;2,3200070000
202200032874;28;8;2022;07:38;1;84;2;1;1;1;44,3131010000;4,7476920000
202200032875;27;2;2022;14:30;1;60;1;1;1;3;49,4189852172;2,8753581046
202200032876;22;1;2022;04:20;3;93;1;1;1;2;48,8861836603;2,4732273817
202200032877;28;8;2022;13:00;1;05;1;1;1;2;44,4425025584;5,7150363922
202200032878;22;1;2022;01:50;3;95;1;1;1;6;48,9978500000;2,2466000000
202200032879;28;2;2022;07:50;1;57;2;1;1;6;49,3534000000;6,1795400000
202200032880;27;8;2022;13:40;1;69;1;1;1;6;45,6892740000;5,0576910000
202200032881;21;1;2022;02:35;3;93;1;1;2;6;48,8817188518;2,4542189102
202200032882;28;2;2022;18:40;2;56;2;2;2;3;47,7538600000; -3,3418900000
202200032883;27;8;2022;02:30;3;69;1;6;1;6;45,9104000000;4,7341800000
202200032884;26;8;2022;20:15;1;69;1;1;1;6;45,8479190000;4,7330370000
202200032885;22;1;2022;16:30;2;94;1;1;1;4;48,7603100000;2,3825000000
202200032886;28;2;2022;17:10;1;51;2;1;1;2;49,2278300000;4,0301500000
202200032887;28;8;2022;09:35;1;17;1;1;1;1;45,7448470000; -0,5771490000
202200032888;22;1;2022;13:50;1;77;1;1;1;2;48,9678000000;2,6030000000
202200032889;28;2;2022;08:30;1;51;2;2;1;3;49,2607009255;4,0461739248
202200032890;21;1;2022;14:45;1;86;2;1;1;6;46,5628120000;0,3593460000
202200032891;28;8;2022;07:54;1;17;1;1;1;1;45,8338230000; -1,1282550000
202200032892;21;1;2022;10:00;1;72;2;1;1;6;47,9714400000;0,2311200000
202200032893;28;2;2022;17:11;1;49;2;1;1;7;47,4795100000; -0,5519700000
202200032894;28;8;2022;10:00;1;17;1;1;1;4;45,8038020000; -1,0012980000
202200032895;18;1;2022;18:00;1;62;1;1;1;7;50,4794810000;3,0070540000
202200032896;2;3;2022;22:13;3;47;1;1;1;1;44,1756700000;0,6248200000
202200032897;28;8;2022;04:45;3;85;1;1;1;2;46,6040340000; -1,6511250000
202200032898;21;1;2022;16:25;1;974;2;1;1;3; -21,3352700000;55,4562800000
202200032899;21;1;2022;12:50;1;974;2;1;1;2; -21,3482400000;55,5104700000
202200032900;2;3;2022;01:05;5;45;2;2;1;3;47,9148400000;1,8686600000
202200032901;28;8;2022;16:35;1;14;2;3;1;3;49,3296020000; -0,4336300000