Accident_Id;jour;mois;an;hrmn;lum;dep;agg;int;atm;col;lat;long
202200032902;21;1;2022;21:35;5;974;2;1;1;6; -20,8992400000;55,4784300000
202200032903;1;3;2022;17:40;1;45;2;3;1;3;47,9335160000;1,9214210000
202200032904;27;8;2022;16:30;1;56;1;3;1;3;48,0930690000; -2,8048070000
202200032905;21;1;2022;09:15;1;974;2;3;2;7; -20,9085400000;55,4877900000
202200032906;1;3;2022;13:35;1;45;2;1;1;6;47,8842900000;1,9088200000
202200032907;21;1;2022;18:00;5;69;2;1;1;6;45,7190658793;4,8545582592
202200032908;28;8;2022;10:15;1;29;2;1;1;2;47,9081530000; -3,9793490000
202200032909;20;1;2022;08:50;1;972;2;1;1;2;14,6181100000; -61,0370100000
202200032910;27;8;2022;11:40;1;35;1;1;1;1;48,4525801194; -1,5507379174
202200032911;1;3;2022;07:25;1;45;2;1;1;6;47,9253210000;1,8923570000
202200032912;27;8;2022;17:50;1;27;2;1;1;6;49,0137180000;1,3791700000
202200032913;21;1;2022;18:10;5;69;2;3;1;3;45,7971800000;4,8502900000
202200032914;1;3;2022;08:45;2;41;2;3;1;2;47,7936000000;1,0449400000
202200032915;27;8;2022;10:45;1;27;1;1;1;6;48,9640890000;0,9057770000
202200032916;28;2;2022;20:00;5;41;2;1;1;7;47,5722900000;1,3732500000
202200032917;21;1;2022;12:55;1;69;2;2;1;6;45,7898500000;4,7975200000
202200032918;28;8;2022;03:30;3;76;2;1;1;7;49,6035770000;0,9720970000
202200032919;1;3;2022;10:20;1;35;2;2;1;6;48,1278000000; -1,6572800000
202200032920;21;1;2022;12:00;1;69;2;1;1;6;45,7524300000;4,8244900000
202200032921;27;8;2022;15:45;1;60;2;1;1;3;49,1789860000;2,2849850000
202200032922;18;1;2022;18:40;2;971;1;1;1;6;16,2081500000; -61,4498100000
202200032923;28;8;2022;04:30;3;60;1;1;1;6;49,3401859024;2,2097443342
202200032924;1;3;2022;13:10;1;33;2;3;1;3;44,8574376233; -0,6607977841
202200032925;27;8;2022;23:30;3;60;2;1;1;6;49,3221570000;2,3141430000
202200032926;17;1;2022;21:10;5;91;2;2;1;6;48,6395600000;2,2681700000
202200032927;28;2;2022;22:15;5;33;2;1;1;6;44,8385150470; -0,5783481076
202200032928;21;1;2022;16:08;1;91;2;1;7;2;48,7068900000;2,2391200000
202200032929;27;8;2022;14:00;1;59;1;1;1;3;50,3010290000;3,6289860000
202200032930;25;2;2022;19:55;5;30;2;3;1;1;43,8371000000;4,3851000000
202200032931;21;1;2022;13:55;1;91;2;3;1;7;48,6595760000;2,3727560000
202200032932;27;8;2022;17:41;1;13;1;1;1;3;43,2904600000;5,4483900000
202200032933;1;3;2022;21:10;5;29;2;1;2;1;47,9862000000; -4,0803000000
202200032934;21;1;2022;11:45;1;86;2;1;1;1;46,5708960000;0,3311300000
202200032935;27;8;2022;13:50;1;13;1;1;1;6;43,2033300000;5,5990000000
202200032936;27;8;2022;16:05;1;91;1;1;1;2;48,7489800000;2,3276700000
202200032937;21;1;2022;08:15;1;83;2;6;1;3;43,1379596609;6,0163958072
202200032938;1;3;2022;17:20;1;29;1;1;2;2;47,9784100000; -4,0173900000
202200032939;28;2;2022;06:58;2;27;2;1;1;6;49,0987300000;1,4701900000
202200032940;18;1;2022;18:35;4;80;2;6;1;3;49,8678300000;2,3744200000
202200032941;27;8;2022;13:35;1;91;1;1;1;4;48,7210400000;2,3114300000
202200032942;27;8;2022;09:30;1;91;1;1;1;7;48,5615520000;2,4842900000
202200032943;20;1;2022;12:20;1;78;2;3;8;3;48,9321810000;2,1481520000
202200032944;25;2;2022;19:35;5;25;2;4;1;3;47,4920700000;6,7996100000
202200032945;26;8;2022;21:30;3;92;1;1;1;2;48,7314160000;2,3094820000
202200032946;27;8;2022;08:45;1;92;1;1;1;6;48,9357640852;2,2872224731
202200032947;21;1;2022;16:38;1;78;1;1;1;5;48,9211900000;2,0825000000
202200032948;28;2;2022;08:10;1;24;2;3;1;3;45,1815500000;0,7263200000
202200032949;21;1;2022;12:20;1;77;1;1;1;6;48,3301997015;2,6885837922
202200032950;26;8;2022;09:15;1;93;1;1;1;5;48,8841100000;2,4626200000
202200032951;21;1;2022;11:15;1;76;2;1;1;6;49,4448100000;1,1032800000
202200032952;26;2;2022;18:45;5;21;2;6;1;6;47,3509981494;5,0341614248
202200032953;26;8;2022;13:50;1;64;2;1;1;6;43,3896500000; -1,6839500000
202200032954;20;1;2022;13:50;1;76;2;3;1;3;49,5262400000;0,1212600000
202200032955;25;8;2022;10:40;1;63;2;3;1;6;45,7812300000;3,0915600000
202200032956;1;3;2022;14:55;1;14;1;6;1;6;49,3725400000;0,1146100000
202200032957;25;8;2022;18:15;1;93;1;1;1;1;48,9711300000;2,5636100000
202200032958;21;1;2022;23:20;5;72;2;2;1;3;48,0285000000;0,1796200000
202200032959;1;3;2022;10:00;1;13;2;1;1;2;43,3503805827;5,4708487283
202200032960;28;6;2022;22:00;5;69;1;1;1;3;45,7256400000;4,8961800000
202200032961;20;1;2022;11:45;1;72;2;1;1;6;48,0168000000;0,2191100000
202200032962;28;2;2022;17:30;1;13;2;1;1;6;43,3365600000;5,3533600000
202200032963;26;8;2022;14:30;1;976;2;1;1;3; -12,7690800000;45,2267400000
202200032964;26;8;2022;08:20;1;976;2;1;1;6; -12,7899900000;45,2224400000
202200032965;21;1;2022;12:30;1;71;2;3;1;3;46,7963500000;4,4292800000
202200032966;28;2;2022;14:38;1;13;2;3;1;6;43,3026000000;5,3959000000
202200032967;26;8;2022;16:15;1;974;2;3;1;7; -20,8888400000;55,4720000000
202200032968;20;1;2022;07:55;5;71;2;1;2;2;46,8088900000;4,8437100000
202200032969;28;2;2022;16:20;1;13;1;1;1;2;43,4497929483;5,0164087510
202200032970;18;1;2022;17:55;5;69;2;1;8;2;46,0088843085;4,7198000550
202200032971;25;8;2022;08:30;1;974;2;9;1;3; -20,8927590000;55,4695150000
202200032972;1;3;2022;20:35;5;13;2;3;1;3;43,6914003429;4,6380868594
202200032973;21;1;2022;16:45;1;64;2;1;1;6;43,4928000000; -1,5185100000
202200032974;26;8;2022;01:00;5;973;2;1;2;7;4,9215551538; -52,3299568892
202200032975;28;2;2022;10:08;1;10;2;1;1;6;48,2967900000;4,0755800000
202200032976;21;1;2022;15:30;1;59;2;3;7;6;50,7307601137;3,1591808796
202200032977;26;8;2022;17:20;1;972;1;1;1;2;14,5960900000; -60,9901500000
202200032978;26;2;2022;18:30;2;06;2;3;1;3;43,7711920000;7,4951610000
202200032979;21;1;2022;18:05;5;59;2;1;1;1;50,5925095740;3,0715048313
202200032980;26;8;2022;18:16;2;972;1;3;1;3;14,6135000000; -61,0048400000
202200032981;28;2;2022;15:35;1;05;2;1;1;7;44,5700900000;6,0755900000
202200032982;26;8;2022;13:45;1;972;1;1;1;3;14,6213818330; -61,0267446935
202200032983;15;1;2022;20:45;5;59;2;1;8;2;50,6066561723;3,0117344856
202200032984;28;2;2022;17:27;1;05;2;6;1;6;44,5576810000;6,0511270000
202200032985;25;8;2022;19:50;5;972;1;1;1;2;14,6184600000; -61,0258500000
202200032986;20;1;2022;13:05;1;58;2;3;1;3;46,9955684890;3,1483085812
202200032987;28;2;2022;18:30;1;75;2;1;1;4;48,8217180000;2,3790150000
202200032988;25;8;2022;11:45;1;91;2;1;1;3;48,7188000000;2,4435000000
202200032989;21;1;2022;15:15;1;54;2;2;1;3;48,7005840000;6,2245820000
202200032990;24;8;2022;09:05;1;85;2;1;1;3;46,4971170200; -1,7833551760
202200032991;21;1;2022;07:35;2;54;2;3;1;6;48,6688700000;6,1611600000
202200032992;26;8;2022;02:55;5;84;2;3;1;6;43,9328600000;4,8724900000
202200032993;26;2;2022;01:15;5;75;2;1;1;2;48,8217520000;2,3179320000
202200032994;19;1;2022;12:30;1;54;2;1;1;2;48,6669100000;6,1665500000
202200032995;26;8;2022;18:20;1;83;2;2;1;6;43,1284300000;5,9158300000
202200032996;1;3;2022;10:50;1;75;2;2;1;6;48,8527010000;2,4061170000
202200032997;19;1;2022;07:40;2;54;2;6;1;3;48,7063400000;6,2454100000
202200032998;25;8;2022;10:45;1;83;2;2;1;6;43,1176000000;6,1287000000
202200032999;20;1;2022;20:35;5;51;2;1;1;6;49,2425000000;4,0827700000
202200033000;1;3;2022;12:50;1;75;2;2;1;3;48,8855450000;2,3658080000
202200033001;18;1;2022;19:13;5;51;2;1;1;1;49,2384700000;4,0641200000
202200033002;1;3;2022;08:50;1;75;2;3;1;3;48,8860170000;2,3892900000
202200033003;26;8;2022;19:35;1;77;1;2;1;3;48,4811318789;2,6690879753
202200033004;21;1;2022;07:44;5;49;2;1;1;3;47,4753400000; -0,5485900000
202200033005;1;3;2022;18:10;2;75;2;4;1;3;48,8954058119;2,3465010524
202200033006;26;8;2022;10:40;1;76;2;2;1;6;49,5183300000;0,2640100000
202200033007;21;1;2022;20:35;5;45;2;1;1;6;47,9705000000;2,7555600000
202200033008;28;2;2022;22:25;5;75;2;2;1;3;48,8897090000;2,3217260000
202200033009;26;8;2022;20:10;1;74;1;1;1;2;46,1686000000;6,2033000000
202200033010;28;2;2022;20:55;5;75;2;1;1;2;48,8891595302;2,3022714257
202200033011;19;1;2022;21:27;3;44;2;6;1;3;47,2858640000; -2,2149630000
202200033012;23;8;2022;16:30;1;74;1;1;1;1;46,1986000000;6,2701500000
202200033013;22;2;2022;13:05;1;75;2;3;1;3;48,8968235492;2,3100444674
202200033014;28;2;2022;13:10;1;75;2;3;1;6;48,8418679973;2,3226374388
202200033015;3;8;2022;11:45;1;73;2;6;7;3;45,6969263978;5,9076679945
202200033016;21;1;2022;12:09;1;44;2;1;1;6;47,2356220000; -1,5633720000
202200033017;25;8;2022;19:45;1;71;2;1;1;6;46,6800036946;4,3600005805
202200033018;1;3;2022;14:15;1;75;2;3;1;6;48,8432460638;2,3836818337
202200033019;21;1;2022;12:30;1;42;2;1;1;6;45,4340427583;4,4164738319
202200033020;25;8;2022;07:10;1;71;2;4;1;3;46,6710280000;4,3862370000
202200033021;21;1;2022;14:50;1;37;2;1;1;2;47,3549544217;0,6989394128
202200033022;26;8;2022;22:24;5;69;2;3;1;3;45,9825100000;4,7178900000
202200033023;21;1;2022;08:55;1;37;2;2;1;1;47,4237586902;0,6727104262
202200033024;26;8;2022;16:00;1;69;2;3;1;2;45,7448100000;4,9373000000
202200033025;25;8;2022;16:50;1;66;1;1;1;4;42,7436580000;2,8912550000
202200033026;26;8;2022;11:20;1;64;2;1;1;1;43,3786300000; -1,6889300000
202200033027;21;1;2022;07:55;5;37;2;2;1;6;47,3949584962;0,6844212860
202200033028;26;8;2022;17:15;1;64;2;1;1;5;43,3049370000; -0,3720230000
202200033029;25;8;2022;13:30;1;64;2;6;1;3;43,3080400000; -0,3393800000
202200033030;12;4;2022;13:05;1;67;2;2;1;1;48,7306980000;7,7143280000
202200033031;26;8;2022;20:18;1;64;2;1;1;2;43,4704800000; -1,5687000000
202200033032;21;1;2022;16:50;1;35;1;1;1;2;48,1104600000; -1,7179600000
202200033033;25;8;2022;11:00;1;64;2;1;1;3;43,4916000000; -1,4694300000
202200033034;12;4;2022;15:14;1;26;2;3;1;3;44,9653940000;4,9463900000
202200033035;9;7;2022;09:05;1;62;2;1;1;7;50,4225260000;2,7796370000
202200033036;26;8;2022;19:35;1;59;2;1;1;7;50,6629778903;3,0750426650
202200033037;25;8;2022;19:00;1;59;1;9;1;3;50,5348350314;3,0211758614
202200033038;12;4;2022;11:15;1;32;1;3;1;3;43,7462120000;0,6595820000
202200033039;21;1;2022;16:55;1;35;2;1;1;4;48,1344400000; -1,6728800000
202200033040;25;8;2022;20:05;1;57;2;1;1;6;49,3699136707;6,0560001433
202200033041;11;4;2022;09:00;1;37;1;4;1;1;47,0639941832;0,5020585656
202200033042;18;6;2022;02:24;5;2A;2;1;1;7;41,9067700000;8,6771300000
202200033043;21;1;2022;06:45;5;35;2;1;1;3;48,0994900000; -1,6522800000
202200033044;11;4;2022;08:20;1;95;2;1;1;3;49,0341213486;2,3437464237
202200033045;17;6;2022;14:00;1;95;2;1;1;3;48,9703500000;2,4002900000
202200033046;20;1;2022;12:15;1;35;2;6;1;3;48,1274700000; -1,6514300000
202200033047;11;4;2022;19:15;1;49;1;9;1;7;47,2004780000; -0,7217210000
202200033048;26;8;2022;13:50;1;56;2;1;1;2;47,7576000000; -3,3546000000
202200033049;17;6;2022;11:30;1;95;2;1;1;3;48,9939200000;2,3580600000
202200033050;26;8;2022;15:25;1;54;2;1;1;6;48,6990690000;6,1350240000
202200033051;21;1;2022;12:47;1;33;2;1;1;4;44,8710500000; -0,5663300000
202200033052;11;4;2022;16:30;1;28;1;2;1;3;48,0550500000;1,4084710000
202200033053;21;1;2022;12:00;1;31;2;1;1;3;43,6227300000;1,4345700000
202200033054;26;8;2022;19:25;1;51;2;1;1;3;49,2193221982;4,0567700565
202200033055;3;4;2022;03:55;3;26;1;1;1;6;44,6428340000;4,7920190000
202200033056;17;6;2022;18:50;1;95;2;3;1;3;49,0216700000;2,4527800000
202200033057;21;1;2022;18:30;5;30;2;1;1;2;44,1180300000;4,1085400000
202200033058;11;4;2022;14:30;1;76;1;1;1;6;49,9288890000;1,6402140000
202200033059;26;8;2022;12:25;1;51;2;2;1;3;48,9754824951;4,3576294184
202200033060;17;6;2022;13:25;1;91;2;3;7;3;48,7000140000;2,3060020000
202200033061;21;1;2022;14:38;1;29;2;3;1;1;48,4145910000; -4,4867720000
202200033062;11;4;2022;16:30;1;59;1;1;1;7;50,9680080000;2,3537350000
202200033063;21;1;2022;20:00;5;27;2;9;1;3;49,0868600000;1,4738400000
202200033064;17;6;2022;12:45;1;91;2;1;1;6;48,6938700000;2,2884900000
202200033065;19;1;2022;16:30;1;19;2;1;1;6;45,1589900000;1,5344300000
202200033066;25;8;2022;20:30;1;49;2;6;1;3;47,4486600000; -0,5383900000
202200033067;11;4;2022;15:40;1;26;2;2;1;4;45,1670540000;4,8182560000
202200033068;17;6;2022;15:15;1;91;2;1;1;7;48,6987940000;2,4880480000
202200033069;21;1;2022;13:35;1;17;2;9;7;3;46,1778900000; -1,1050300000
202200033070;17;6;2022;19:20;1;91;2;2;1;6;48,6846300000;2,3752800000
202200033071;25;8;2022;09:26;1;47;2;1;1;6;44,4098900000;0,7054700000
202200033072;12;4;2022;08:20;1;83;2;3;1;3;43,1360330000;6,3545020000
202200033073;21;1;2022;08:20;1;17;2;2;1;3;46,1549100000; -1,1358500000
202200033074;16;6;2022;19:45;1;91;2;1;1;2;48,4559800000;2,1511100000
202200033075;12;4;2022;09:30;1;61;1;1;1;1;48,7821690000; -0,1222930000
202200033076;26;8;2022;21:10;2;45;2;1;1;2;47,9932200000;2,7450700000
202200033077;21;1;2022;19:00;5;13;2;1;1;3;43,2834167457;5,4049086663
202200033078;21;1;2022;15:00;1;13;2;9;1;3;43,2804100000;5,4083400000
202200033079;17;6;2022;09:53;1;79;2;2;1;3;46,3183900000; -0,4737100000
202200033080;10;4;2022;06:25;2;51;1;1;5;7;48,9090030000;4,3094060000
202200033081;26;8;2022;18:10;1;35;2;2;1;6;48,1275200000; -1,6402000000
202200033082;12;4;2022;17:45;1;76;1;1;1;7;49,8384250000;1,7157980000
202200033083;21;1;2022;00:36;5;13;2;1;1;6;43,2470782324;5,3739108754
202200033084;17;6;2022;20:20;1;78;2;1;1;2;48,8890800000;2,1589400000
202200033085;26;8;2022;08:10;1;35;2;6;1;3;48,1340000000; -1,6943900000
202200033086;20;1;2022;15:30;1;13;2;1;1;1;43,2884200000;5,3924300000
202200033087;11;4;2022;16:47;1;65;2;4;1;1;42,9946150000; -0,0915600000
202200033088;20;1;2022;13:45;1;13;2;1;1;2;43,2895600000;5,3646100000
202200033089;26;8;2022;17:55;1;34;2;2;1;3;43,6228400000;3,8678900000
202200033090;11;4;2022;15:00;1;11;2;1;1;6;43,2378600000;3,1158600000
202200033091;6;1;2022;15:30;1;13;2;3;1;3;43,2885210715;5,3651307437
202200033092;16;6;2022;17:35;1;77;1;1;1;4;48,5692080000;2,6418330000
202200033093;26;8;2022;16:45;1;33;2;6;1;3;44,6474000000; -1,1840500000
202200033094;26;8;2022;07:55;1;29;1;4;1;3;47,9843838495; -4,1141710280
202200033095;10;4;2022;18:00;1;46;2;2;1;2;44,7486450000;1,4996340000
202200033096;20;1;2022;10:30;1;11;2;3;1;3;43,2231600000;2,3600000000
202200033097;26;8;2022;14:05;1;29;1;1;1;2;47,8930000000; -3,9151000000
202200033098;20;1;2022;17:02;1;10;2;6;7;6;48,2948622600;4,0809059143
202200033099;11;4;2022;17:15;1;22;2;1;1;1;48,1957340000; -2,4126360000
202200033100;17;6;2022;16:20;1;77;1;1;1;3;48,3960700000;2,6919800000
202200033101;20;1;2022;17:50;5;06;2;1;1;2;43,7110000000;7,2811900000
202200033102;8;3;2022;16:50;1;29;2;9;1;1;48,0331580000; -3,7014620000
202200033103;25;8;2022;13:16;1;29;2;3;1;1;48,3864000000; -4,4899200000
202200033104;17;6;2022;19:45;2;76;2;3;7;3;49,4380700000;1,0966300000
202200033105;19;1;2022;20:05;5;06;2;1;1;3;43,7001140000;7,3055820000
202200033106;10;4;2022;17:40;1;31;2;1;1;7;43,2047850000;1,0823790000
202200033107;21;1;2022;12:15;1;06;2;1;1;1;43,5584030000;7,0281530000
202200033108;16;6;2022;21:00;1;71;2;3;1;3;46,6958220000;4,3680470000
202200033109;26;8;2022;19:00;1;27;2;5;1;3;49,1057800000;1,4575900000
202200033110;21;1;2022;14:00;1;06;2;1;1;6;43,6672290000;7,1925520000
202200033111;13;6;2022;08:45;1;64;2;1;1;2;43,3743696433; -1,7564252135
202200033112;22;8;2022;07:55;1;26;2;3;1;3;44,5634700000;4,7519700000
202200033113;12;4;2022;15:30;1;14;1;2;2;3;49,0686230000; -0,1304840000
202200033114;17;6;2022;07:00;1;64;2;1;1;6;43,3043200000; -0,3250700000
202200033115;26;8;2022;22:10;5;25;2;5;9;6;47,2427200000;6,0260300000
202200033116;20;1;2022;10:00;1;75;2;1;1;2;48,9007010000;2,3344520000
202200033117;17;6;2022;09:50;1;64;2;1;7;7;43,4689500000; -1,5429000000
202200033118;10;4;2022;14:30;1;64;1;1;1;1;43,3804270000; -1,4364370000
202200033119;16;8;2022;17:15;1;15;2;1;1;2;44,9030000000;2,4757500000
202200033120;18;1;2022;17:20;1;75;2;4;1;3;48,9002020000;2,3802210000
202200033121;17;6;2022;01:20;5;64;2;1;1;2;43,4977200000; -1,5057700000
202200033122;12;4;2022;16:15;1;18;2;3;1;3;46,8332310000;2,9167410000
202200033123;20;1;2022;04:20;5;75;2;2;1;6;48,8624170000;2,3015910000
202200033124;21;1;2022;13:24;1;75;2;3;1;3;48,8989300000;2,3825680000
202200033125;25;8;2022;20:30;1;14;2;6;1;3;49,4177470000;0,2399780000
202200033126;16;6;2022;13:15;1;64;2;1;1;2;43,4929384751; -1,5311336517
202200033127;8;4;2022;21:10;3;21;1;2;3;3;47,8629000000;4,5258000000
202200033128;26;8;2022;18:15;1;14;2;1;1;2;49,1748631936; -0,3117263465
202200033129;21;1;2022;19:00;5;75;2;2;1;6;48,8865940000;2,3527630000
202200033130;11;4;2022;18:05;1;27;2;1;1;2;49,2869130000;1,7970260000
202200033131;16;6;2022;14:06;1;63;2;1;1;4;45,7697900000;3,1024000000
202200033132;26;8;2022;17:45;1;13;2;9;1;3;43,6370700000;5,0917100000
202200033133;11;4;2022;18:30;1;52;1;1;1;7;48,5280020000;4,9143220000
202200033134;14;6;2022;08:10;1;62;2;1;1;6;50,7141800000;1,5970200000
202200033135;26;8;2022;11:30;1;13;2;1;1;7;43,2423700000;5,3678100000
202200033136;21;1;2022;08:50;1;75;2;1;1;3;48,8851960000;2,2952330000
202200033137;10;4;2022;22:30;3;33;1;1;1;6;44,6234650000; -0,8602600000
202200033138;21;1;2022;06:30;5;75;2;2;1;6;48,8344280000;2,3084940000
202200033139;16;6;2022;17:20;1;62;2;2;1;1;50,4994380000;2,6974040000
202200033140;26;8;2022;11:45;1;13;2;3;1;3;43,2639100000;5,4182900000
202200033141;9;4;2022;06:45;2;987;2;1;2;2; -17,6899310000; -149,5483490000
202200033142;21;1;2022;11:55;1;75;2;3;1;3;48,8772130000;2,3230750000
202200033143;17;6;2022;11:40;1;62;2;1;1;6;50,3057400000;2,7629600000
202200033144;21;1;2022;17:10;1;75;2;1;1;6;48,8518810000;2,3248770000
202200033145;26;8;2022;15:50;1;06;2;2;1;4;43,7346800000;7,2966700000
202200033146;12;4;2022;08:30;1;988;1;1;1;1; -21,7024100000;165,6128600000
202200033147;15;6;2022;18:22;1;61;2;6;1;7;48,4311400000;0,0897700000
202200033148;21;1;2022;18:30;5;94;2;1;1;6;48,7982412528;2,3822264670
202200033149;26;8;2022;18:35;1;02;2;1;1;2;49,5739880000;3,6244810000
202200033150;21;1;2022;01:45;5;94;2;1;1;6;48,7655500000;2,4092600000
202200033151;17;6;2022;14:00;1;59;2;3;1;3;50,6339200000;3,0695600000
202200033152;21;1;2022;20:35;5;94;2;1;1;6;48,8071780000;2,4851700000
202200033153;12;4;2022;08:15;1;83;1;1;1;1;43,2665730000;6,6757620000
202200033154;25;8;2022;17:40;1;75;2;1;1;2;48,8176140000;2,3674690000
202200033155;17;6;2022;11:35;1;59;2;1;1;3;50,6204422889;3,1349390745
202200033156;12;4;2022;06:40;2;89;1;1;1;7;47,8584540000;3,5420900000
202200033157;19;1;2022;18:30;5;94;2;1;2;2;48,8062300000;2,4802200000
202200033158;19;4;2022;18:30;1;59;2;1;1;1;50,4007785717;3,1010352373
202200033159;24;8;2022;13:00;1;75;2;1;1;3;48,9006820000;2,3670730000
202200033160;11;4;2022;14:55;1;68;2;1;1;3;47,8036890000;7,1762760000
202200033161;16;6;2022;19:10;1;58;2;1;1;6;46,9841900000;3,1538700000
202200033162;25;8;2022;21:20;5;75;2;7;1;6;48,9001920000;2,3885870000
202200033163;20;1;2022;12:00;1;94;2;6;1;3;48,7580300000;2,3603300000
202200033164;12;4;2022;08:49;1;26;1;2;1;1;45,0660870000;5,2324860000
202200033165;26;8;2022;17:45;1;75;2;3;1;6;48,8808960000;2,3211100000
202200033166;16;6;2022;17:45;1;58;1;1;1;3;46,9890000000;3,1718600000
202200033167;21;1;2022;15:00;1;94;2;2;1;3;48,8535415869;2,4524179995
202200033168;12;4;2022;12:05;1;69;1;1;1;2;45,6684474694;4,9852502346
202200033169;24;8;2022;11:00;1;75;2;3;1;3;48,8466020000;2,2996670000
202200033170;17;6;2022;12:35;1;56;2;1;7;3;47,6595200000; -2,7464000000
202200033171;20;1;2022;08:50;1;94;2;3;2;3;48,7751540000;2,4201420000
202200033172;26;8;2022;00:15;5;75;2;1;1;1;48,8391260000;2,3595730000
202200033173;10;4;2022;13:30;1;44;1;1;1;3;47,3331730000; -2,1615170000
202200033174;14;6;2022;08:55;1;56;2;6;7;2;47,6494600000; -2,7964400000
202200033175;20;1;2022;14:45;1;93;2;1;1;3;48,9152951300;2,3538905382
202200033176;15;6;2022;12:55;1;56;2;1;1;2;47,7346500000; -3,4995000000
202200033177;6;4;2022;06:45;5;56;1;2;1;3;47,6668250000; -2,8986950000
202200033178;25;8;2022;11:45;1;75;2;2;1;2;48,8222120000;2,3585320000
202200033179;19;1;2022;18:22;5;93;2;2;2;3;48,9419878691;2,3655425012
202200033180;15;6;2022;15:00;1;56;2;6;1;3;47,7659000000; -3,4005600000
202200033181;12;4;2022;18:55;1;62;2;1;1;6;50,6923430000;2,3515420000
202200033182;21;1;2022;15:40;1;93;2;2;1;7;48,8837840000;2,4545800000
202200033183;26;8;2022;18:50;1;75;2;3;1;6;48,8678570000;2,3362690000
202200033184;12;6;2022;10:58;1;56;2;6;1;3;47,7099130000; -3,4386110000
202200033185;26;8;2022;18:15;1;93;2;1;1;6;48,9539736030;2,5342832798
202200033186;21;1;2022;19:50;5;93;2;2;1;2;48,9148900000;2,5348800000
202200033187;21;1;2022;16:30;1;93;2;1;1;2;48,9572732683;2,3307685554
202200033188;26;8;2022;14:20;1;93;2;2;1;3;48,9520400000;2,5282800000
202200033189;11;4;2022;21:40;3;59;1;1;1;3;50,7785150000;2,7001660000
202200033190;21;1;2022;13:00;1;93;2;1;8;3;48,9224756913;2,4566727877
202200033191;13;6;2022;08:20;1;54;1;1;1;6;49,4799800000;5,8566300000
202200033192;12;4;2022;06:15;2;60;1;1;1;6;49,4261740000;2,1333220000
202200033193;21;1;2022;20:15;5;93;2;4;1;3;48,9030121600;2,4830102920
202200033194;10;4;2022;18:30;5;974;2;9;1;3; -20,9172500000;55,4779100000
202200033195;21;1;2022;20:15;5;93;2;9;1;3;48,9095040000;2,4707130000
202200033196;17;6;2022;00:40;5;49;2;1;1;7;47,4662700000; -0,5527200000
202200033197;17;6;2022;15:20;1;45;1;1;1;1;47,9397400000;1,7946400000
202200033198;21;1;2022;14:50;1;93;2;3;1;3;48,9110545374;2,3882181556
202200033199;10;4;2022;06:40;2;974;2;2;1;3; -20,8888000000;55,4487800000
202200033200;20;1;2022;15:00;1;93;2;1;1;3;48,9109820616;2,3792679436
202200033201;17;6;2022;09:00;1;45;2;2;7;6;47,8869100000;1,8984800000
202200033202;17;6;2022;23:25;5;44;2;1;1;7;47,1769800000; -1,5627000000
202200033203;8;4;2022;23:00;5;69;2;2;1;3;45,7389700000;4,8305700000
202200033204;21;1;2022;22:20;5;92;2;3;1;2;48,8879430000;2,1957130000
202200033205;5;6;2022;18:45;1;42;1;1;1;6;45,4567756326;4,3106917273
202200033206;10;4;2022;21:55;5;69;2;1;1;3;45,7483207933;4,8320330657
202200033207;10;6;2022;17:45;1;42;1;1;1;7;45,4167800000;4,4315200000
202200033208;20;1;2022;22:45;5;92;2;3;1;3;48,9068683035;2,3025617748
202200033209;21;1;2022;15:50;1;92;2;1;1;6;48,9163070000;2,2476630000
202200033210;17;6;2022;08:55;1;37;2;3;1;1;47,4090205509;0,7209348679
202200033211;10;4;2022;20:55;5;69;2;2;1;3;45,7910100000;4,8606400000
202200033212;21;1;2022;12:55;1;92;2;2;1;6;48,9008942362;2,3080491722
202200033213;17;6;2022;07:40;1;37;2;6;1;3;47,3674400000;0,6547900000
202200033214;10;4;2022;18:30;1;69;2;1;1;6;45,7937300000;4,8223200000
202200033215;17;6;2022;23:30;5;35;2;1;1;6;48,1120314793; -1,6773636639
202200033216;10;4;2022;11:40;1;69;2;1;1;6;45,7843200000;4,8082300000
202200033217;21;1;2022;09:00;1;92;2;1;8;3;48,9041905805;2,3050070107
202200033218;17;6;2022;18:15;1;35;2;1;1;6;48,0876991459; -1,6528489441
202200033219;22;1;2022;14:20;1;2A;1;1;1;6;42,1562288028;8,6059266329
202200033220;10;4;2022;06:40;2;69;2;7;1;3;45,7531600000;4,8336800000
202200033221;17;6;2022;17:00;1;35;2;1;1;3;48,1559931815; -1,6763910279
202200033222;21;1;2022;12:05;1;01;2;1;1;6;46,0235580000;4,9908350000
202200033223;10;4;2022;18:35;1;2A;2;1;1;6;41,9094200000;8,6909000000
202200033224;17;6;2022;12:50;1;35;2;1;1;6;48,1100573261; -1,6627690941
202200033225;22;1;2022;15:35;1;16;1;1;1;1;45,7390760229;0,0591588020
202200033226;10;4;2022;02:25;3;91;1;1;1;7;48,6861880000;2,4870000000
202200033227;21;1;2022;17:00;1;36;2;1;8;2;47,0772464061;1,8160472810
202200033228;17;6;2022;08:40;1;35;1;1;1;2;48,0778686783; -1,6320061684
202200033229;10;4;2022;19:15;1;91;2;1;1;6;48,6841800000;2,3422800000
202200033230;17;6;2022;09:15;1;35;2;6;1;3;48,0895137931; -1,6826529801