Accident_Id;jour;mois;an;hrmn;lum;dep;agg;int;atm;col;lat;long
202200033231;10;4;2022;14:15;1;83;2;9;1;3;43,1213400000;5,9407300000
202200033232;22;1;2022;07:20;3;28;1;1;1;5;48,3262690000;1,3736770000
202200033233;22;1;2022;00:00;3;10;1;1;1;7;48,3457360000;4,0042820000
202200033234;17;6;2022;08:30;1;35;2;3;1;3;48,1010268881; -1,6851638630
202200033235;17;6;2022;07:30;1;35;2;6;1;3;48,0821900000; -1,7116500000
202200033236;10;4;2022;20:00;1;78;2;1;1;6;48,9888930000;1,8970500000
202200033237;21;1;2022;15:40;1;67;2;1;1;2;48,2753010000;7,4039290000
202200033238;10;4;2022;18:00;1;72;2;1;1;7;47,9890000000;0,2220000000
202200033239;21;1;2022;13:40;1;58;2;1;1;3;47,4537240000;3,0607710000
202200033240;13;6;2022;16:45;1;34;2;3;1;3;43,4107400000;3,6782200000
202200033241;21;1;2022;10:00;1;83;2;1;1;7;43,1860480000;6,0409140000
202200033242;10;4;2022;09:25;1;69;2;6;1;7;45,9800500000;4,6981600000
202200033243;21;1;2022;18:00;3;62;1;1;1;1;50,0718940000;3,0461280000
202200033244;10;4;2022;16:15;1;67;2;9;1;1;48,8353900000;7,7543000000
202200033245;17;6;2022;20:00;1;34;2;2;1;3;43,5973800000;3,8642800000
202200033246;20;1;2022;15:35;1;65;2;2;1;3;43,2907090000;0,0756920000
202200033247;22;1;2022;01:35;3;71;2;4;1;7;46,4824670000;4,8135190000
202200033248;17;6;2022;03:40;3;34;1;6;1;3;43,3449200000;3,1729300000
202200033249;10;4;2022;15:50;1;64;2;1;7;2;43,3051300000; -0,3720100000
202200033250;22;1;2022;03:30;3;46;1;1;1;7;44,8916610000;1,4404860000
202200033251;20;1;2022;17:15;1;34;1;1;1;1;43,6891940000;3,5135220000
202200033252;13;6;2022;09:20;1;33;2;3;1;3;44,8228007362; -0,5658039451
202200033253;22;1;2022;05:30;3;25;1;1;1;6;46,9964120000;6,3298450000
202200033254;10;4;2022;12:30;1;64;2;1;1;4;43,3219930000; -0,4347570000
202200033255;14;6;2022;10:30;1;32;1;1;1;6;43,6542200000;0,6222000000
202200033256;21;1;2022;20:30;3;35;1;4;1;3;48,6435720000; -1,8888060000
202200033257;17;6;2022;16:10;1;31;2;1;1;6;43,6005300000;1,4452300000
202200033258;10;4;2022;04:40;5;60;2;1;1;1;49,2415159816;2,4646174907
202200033259;17;1;2022;15:45;1;29;2;1;1;6;47,7676290000; -3,5334560000
202200033260;15;6;2022;12:45;1;31;2;1;1;3;43,5847300000;1,4297900000
202200033261;10;4;2022;17:30;1;59;2;2;1;6;50,7280934458;3,1295746565
202200033262;21;1;2022;11:40;1;29;1;2;1;1;48,6166010000; -3,6823780000
202200033263;17;6;2022;13:15;1;31;2;2;1;3;43,1128471192;0,7207846642
202200033264;21;1;2022;19:35;3;29;1;1;1;2;47,9561460000; -4,1714200000
202200033265;10;4;2022;11:30;1;59;2;2;1;3;50,7784908041;3,1369393319
202200033266;14;5;2022;10:36;1;30;2;1;1;3;43,8097000000;4,3284000000
202200033267;22;1;2022;15:00;1;31;2;1;7;3;43,3628090000;1,2620330000
202200033268;10;4;2022;19:20;1;59;2;1;1;1;50,6839362322;3,2288353443
202200033269;21;1;2022;07:40;3;38;1;1;1;1;45,5766670000;5,0646540000
202200033270;2;6;2022;20:20;1;30;2;6;1;6;43,8340000000;4,4176000000
202200033271;10;4;2022;17:45;1;49;2;1;1;7;47,4597000000; -0,5211800000
202200033272;18;1;2022;08:30;1;66;1;1;1;3;42,6126752100;2,4104033069
202200033273;17;6;2022;09:50;1;29;2;6;7;3;47,9753700000; -4,0977600000
202200033274;10;4;2022;23:01;5;45;2;1;1;6;48,0094987851;2,7320154682
202200033275;21;1;2022;12:40;1;85;2;6;1;3;46,8433590000; -1,8813980000
202200033276;18;6;2022;20:50;1;26;2;1;1;6;44,9389000000;4,9016400000
202200033277;21;1;2022;14:20;1;01;1;1;1;2;46,4266620000;5,2707770000
202200033278;10;4;2022;15:40;1;45;2;1;1;3;48,0122097051;2,7094783187
202200033279;16;6;2022;14:40;1;25;2;1;1;1;47,4873950000;6,8395630000
202200033280;21;1;2022;13:55;1;987;1;1;1;1; -16,6308330000; -151,5040280000
202200033281;10;4;2022;14:45;1;35;2;1;1;6;48,0846700000; -1,6570600000
202200033282;17;6;2022;08:45;1;25;2;3;1;3;47,2332400000;5,9745170000
202200033283;21;1;2022;20:00;5;974;2;1;1;3; -21,3360150000;55,4851530000
202200033284;8;4;2022;17:40;1;34;2;1;1;2;43,6319800000;3,8224800000
202200033285;21;1;2022;20:55;3;973;1;1;1;7;5,1556673262; -52,8759634495
202200033286;17;6;2022;08:22;1;24;2;6;1;3;44,8433700000;0,4844200000
202200033287;22;1;2022;00:20;3;971;2;1;1;6;16,0163120000; -61,7466400000
202200033288;8;4;2022;13:30;1;34;2;3;1;3;43,6089000000;3,8274000000
202200033289;11;6;2022;14:50;1;19;2;1;1;6;45,2699800000;1,7738300000
202200033290;22;1;2022;12:45;1;78;2;1;8;6;48,9014340000;1,8661130000
202200033291;17;6;2022;09:30;1;15;1;1;1;3;44,8995500000;2,4819100000
202200033292;21;1;2022;16:30;1;78;1;1;1;1;48,9833860000;1,5239320000
202200033293;17;6;2022;14:21;1;14;2;1;7;6;49,2131000000; -0,3303000000
202200033294;21;1;2022;20:40;3;84;1;1;6;2;44,2691740000;4,7424240000
202200033295;14;6;2022;07:50;1;13;2;9;1;6;43,4761800000;5,2278600000
202200033296;21;1;2022;22:15;3;89;1;9;1;2;47,7952330000;3,6540330000
202200033297;22;1;2022;11:57;1;21;2;3;1;6;47,2132040000;5,0902140000
202200033298;8;4;2022;07:55;2;22;2;1;3;4;48,7334400000; -3,4496120000
202200033299;18;6;2022;00:30;5;13;2;1;1;3;43,3140100000;5,4062800000
202200033300;21;1;2022;17:40;3;68;1;1;1;1;47,6795040000;7,4318000000
202200033301;10;4;2022;13:20;1;13;2;9;1;3;43,3063789280;5,3738013121
202200033302;17;6;2022;14:25;1;13;2;1;1;6;43,2682185098;5,4121836741
202200033303;22;1;2022;08:00;1;81;1;1;1;6;43,7105410000;1,8833670000
202200033304;10;4;2022;05:10;5;13;2;1;1;6;43,2910000000;5,4782800000
202200033305;21;1;2022;13:50;1;81;2;1;1;6;43,6981660000;1,8033560000
202200033306;16;6;2022;08:16;1;13;2;3;1;1;43,2894700000;5,3640400000
202200033307;9;4;2022;17:30;1;13;2;1;1;3;43,2612657646;5,3976707958
202200033308;17;6;2022;09:15;1;13;2;1;1;3;43,1787100000;5,5960100000
202200033309;21;1;2022;08:50;1;33;1;1;1;2;44,8576940000; -0,5049060000
202200033310;3;6;2022;19:35;1;12;2;1;7;1;44,0874900000;3,0565000000
202200033311;21;1;2022;01:50;3;33;1;1;8;6;44,8023000000; -0,6594100000
202200033312;10;4;2022;11:00;1;13;1;3;1;3;43,3089400000;5,5928000000
202200033313;20;1;2022;11:30;1;59;1;1;1;2;50,6006343997;3,1197175384
202200033314;17;6;2022;16:01;1;11;2;2;1;3;43,2167500000;2,3479900000
202200033315;10;4;2022;10:55;1;07;2;1;1;6;44,9351000000;4,8757000000
202200033316;15;6;2022;18:20;1;07;2;1;1;6;44,9371600000;4,8779900000
202200033317;21;1;2022;16:15;1;91;1;1;1;4;48,6238200000;2,3804500000
202200033318;10;4;2022;14:02;1;06;2;9;1;2;43,5768880000;7,0209960000
202200033319;17;6;2022;10:10;1;06;2;1;1;6;43,5428510000;6,9636840000
202200033320;17;6;2022;17:13;1;75;2;1;1;2;48,8697840000;2,2716840000
202200033321;10;4;2022;03:30;3;05;2;1;1;7;44,5713500000;6,0695100000
202200033322;21;1;2022;08:45;1;94;1;1;1;4;48,8112300000;2,3374300000
202200033323;16;6;2022;17:40;1;75;2;1;1;3;48,9009350000;2,3385420000
202200033324;9;4;2022;15:50;1;75;2;1;1;3;48,8260810000;2,3879370000
202200033325;17;6;2022;18:16;1;75;2;3;1;6;48,8585950000;2,3324940000
202200033326;20;1;2022;09:10;1;91;1;1;1;5;48,6239700000;2,4682800000
202200033327;9;4;2022;22:45;5;75;2;2;1;3;48,8494027694;2,3567853123
202200033328;17;6;2022;17:15;1;75;2;2;1;6;48,8246480000;2,3195330000
202200033329;21;1;2022;16:10;1;78;1;1;1;2;48,8144370000;2,0603020000
202200033330;10;4;2022;18:30;1;75;2;1;1;6;48,8891470000;2,3747090000
202200033331;20;1;2022;08:00;1;92;1;1;8;7;48,9356557559;2,2642429853
202200033332;16;6;2022;23:21;5;75;2;1;1;6;48,8468810000;2,2774360000
202200033333;10;4;2022;18:30;1;75;2;1;1;6;48,8384900000;2,2591980000
202200033334;21;1;2022;04:00;3;95;1;1;1;2;49,0616730000;2,3433110000
202200033335;17;6;2022;09:35;1;75;2;3;1;7;48,8456470000;2,3255970000
202200033336;20;1;2022;16:40;1;69;2;1;1;6;45,9840037299;4,7200924158
202200033337;10;4;2022;14:30;1;75;2;3;1;6;48,8229850000;2,3624180000
202200033338;16;6;2022;21:17;2;75;2;2;1;3;48,8513810000;2,3432030000
202200033339;19;1;2022;08:15;1;974;2;1;1;6; -20,8978000000;55,4561900000
202200033340;9;4;2022;23:09;5;75;2;7;1;2;48,8309904140;2,3557922244
202200033341;17;6;2022;18:00;1;75;2;3;1;6;48,8661750000;2,3896840000
202200033342;18;1;2022;08:00;1;974;2;1;2;3; -20,8856500000;55,4964400000
202200033343;19;1;2022;18:35;2;974;2;1;1;1; -20,9651830000;55,6519260000
202200033344;17;6;2022;09:30;1;75;2;2;1;2;48,8997700000;2,3880640000
202200033345;10;4;2022;20:18;5;75;2;2;1;6;48,8486340000;2,3725350000
202200033346;20;1;2022;15:18;1;973;2;1;1;3;4,9228628079; -52,3236536980
202200033347;17;6;2022;16:42;1;75;2;2;1;3;48,8975890000;2,3288940000
202200033348;10;4;2022;16:25;1;75;2;7;1;6;48,8350959729;2,4082642794
202200033349;20;1;2022;11:25;1;69;1;1;2;6;45,6737000000;4,8485100000
202200033350;17;6;2022;02:21;5;75;2;2;1;4;48,8861440000;2,2880800000
202200033351;20;1;2022;09:10;1;69;2;3;2;3;45,7594500000;4,8458200000
202200033352;10;4;2022;04:15;5;75;2;7;1;2;48,8677489567;2,3139698803
202200033353;18;1;2022;23:30;5;972;2;1;1;6;14,6288100000; -61,0722600000
202200033354;17;6;2022;17:00;1;75;2;1;1;2;48,8735780000;2,2752950000
202200033355;20;1;2022;21:00;5;69;2;3;1;7;45,7654800000;4,7681000000
202200033356;10;4;2022;08:57;1;75;2;3;1;2;48,8552384085;2,3611465842
202200033357;17;6;2022;09:50;1;75;2;3;1;2;48,8619890000;2,2303800000
202200033358;16;6;2022;05:17;2;75;2;1;1;6;48,8374320000;2,2606740000
202200033359;19;1;2022;12:50;1;69;2;1;1;3;45,7635399771;4,7966319323
202200033360;10;4;2022;03:05;5;75;2;3;1;6;48,8553487082;2,3595882207
202200033361;20;1;2022;20:50;5;2A;1;6;1;2;41,9270000000;8,7790000000
202200033362;10;4;2022;12:45;1;94;2;1;1;6;48,8135570000;2,4003080000
202200033363;17;6;2022;16:59;1;75;2;7;1;3;48,8490650000;2,2876500000
202200033364;10;4;2022;15:30;1;94;2;1;1;7;48,7579673906;2,3912687300
202200033365;19;1;2022;11:10;1;87;2;1;2;6;45,8320200000;1,2507900000
202200033366;19;1;2022;15:05;1;84;2;3;1;3;44,0556200000;5,0516200000
202200033367;10;4;2022;11:25;1;94;2;2;1;6;48,7671943089;2,4047183990
202200033368;17;6;2022;11:00;1;75;2;2;1;2;48,8516560000;2,3267940000
202200033369;20;1;2022;07:55;1;83;2;1;1;3;43,1186000000;6,1425000000
202200033370;10;4;2022;16:00;1;93;2;1;1;3;48,8763800000;2,4792700000
202200033371;16;6;2022;13:25;1;75;2;3;1;3;48,8307980000;2,3294090000
202200033372;20;1;2022;11:30;1;78;2;9;1;2;48,8992900000;2,0709500000
202200033373;17;6;2022;09:50;1;75;2;1;1;7;48,8397490000;2,3708800000
202200033374;10;4;2022;17:23;1;93;2;3;1;6;48,9631800000;2,3439300000
202200033375;17;1;2022;19:30;5;78;2;9;1;2;48,9011163313;2,0786737485
202200033376;10;4;2022;16:30;1;93;2;7;1;6;48,9146300000;2,3993150000
202200033377;17;6;2022;21:20;1;75;2;2;1;3;48,8318460000;2,3977410000
202200033378;20;1;2022;15:50;1;78;2;2;1;6;48,9262700000;2,0512700000
202200033379;10;4;2022;13:39;1;92;2;1;1;7;48,8149840270;2,3109121621
202200033380;17;6;2022;19:00;1;75;2;1;1;6;48,8414380000;2,3732020000
202200033381;1;1;2022;02:45;5;76;2;2;1;3;49,4527975868;1,0566276311
202200033382;20;1;2022;20:15;5;74;2;1;1;6;45,9010000000;6,1217000000
202200033383;10;4;2022;20:46;5;92;2;2;1;3;48,7896128645;2,2528025061
202200033384;17;6;2022;19:50;1;75;2;3;1;6;48,8702480000;2,3765030000
202200033385;19;1;2022;12:50;1;72;2;1;8;3;47,9959800000;0,2233600000
202200033386;10;4;2022;08:25;1;974;2;1;1;7; -21,3653080000;55,5471780000
202200033387;17;6;2022;16:50;1;75;2;7;1;2;48,8826300000;2,3699490000
202200033388;20;1;2022;08:00;1;69;2;2;2;6;45,7700600000;4,8757500000
202200033389;9;4;2022;22:25;5;972;1;9;1;1;14,7828390000; -61,2145110000
202200033390;10;4;2022;20:40;3;83;1;1;1;7;43,5083790000;6,5363520000
202200033391;17;6;2022;03:05;5;75;2;5;1;3;48,8729420000;2,3332960000
202200033392;20;1;2022;13:45;1;69;2;1;2;2;45,9902400000;4,7150200000
202200033393;11;4;2022;11:50;1;63;1;1;1;6;45,9789239650;3,1816105843
202200033394;19;1;2022;16:00;1;69;2;3;1;3;45,9815800000;4,7410500000
202200033395;17;6;2022;09:20;1;75;2;1;1;6;48,8577670000;2,2951410000
202200033396;19;1;2022;13:40;1;67;2;3;1;3;48,5523700000;7,7400300000
202200033397;17;6;2022;19:35;1;75;2;7;1;3;48,8673380000;2,3633430000
202200033398;15;1;2022;11:00;1;65;2;1;1;3;43,2371400000;0,0457600000
202200033399;17;6;2022;14:20;1;75;2;3;1;6;48,8607890000;2,3412000000
202200033400;11;4;2022;09:10;1;71;1;1;1;2;46,7237120000;4,8378040000
202200033401;20;1;2022;18:40;5;64;2;3;2;3;43,4939386251; -1,4540255070
202200033402;17;6;2022;14:00;1;75;2;2;1;3;48,8577200000;2,3477750000
202200033403;20;1;2022;08:20;2;64;2;1;2;3;43,4886600000; -1,5224000000
202200033404;17;6;2022;12:10;1;75;2;2;1;3;48,8662430000;2,3525310000
202200033405;18;1;2022;16:20;1;63;1;2;1;3;45,9198600000;3,0841200000
202200033406;15;6;2022;19:00;1;75;2;3;1;3;48,8522270000;2,3660400000
202200033407;9;4;2022;13:30;1;14;1;1;1;4;49,0503230000; -0,7210960000
202200033408;17;6;2022;20:40;1;94;2;1;1;1;48,8012200000;2,3851300000
202200033409;19;1;2022;19:43;4;63;2;2;1;3;45,7831700000;3,0842200000
202200033410;10;4;2022;20:37;3;83;1;1;1;3;43,4087580000;5,9548040000
202200033411;17;6;2022;00:10;5;94;2;3;1;3;48,7937500000;2,3987500000
202200033412;10;1;2022;18:25;3;61;1;1;1;5;48,7552400000; -0,0100900000
202200033413;10;4;2022;16:55;1;51;1;1;1;3;48,8493830000;3,6895930000
202200033414;16;6;2022;14:40;1;94;2;2;1;3;48,7883000000;2,5064000000
202200033415;18;1;2022;10:55;1;59;2;2;1;6;50,3714000000;3,0845500000
202200033416;11;4;2022;18:35;1;51;1;1;1;7;48,8232444932;4,3808627129
202200033417;19;1;2022;14:15;1;59;2;1;1;6;50,3559118623;3,0820512772
202200033418;17;6;2022;10:10;1;94;2;3;1;1;48,7938800000;2,4922900000
202200033419;11;4;2022;09:45;1;56;1;1;1;6;47,6955900000; -2,7651700000
202200033420;19;1;2022;16:10;1;56;2;1;8;6;47,7264900000; -3,3841500000
202200033421;11;4;2022;14:55;1;74;1;1;7;6;45,9808820000;6,2730210000
202200033422;16;6;2022;12:20;1;94;1;2;1;3;48,8149400000;2,4632400000
202200033423;20;1;2022;23:29;5;54;2;1;2;6;48,7021100000;6,1914900000
202200033424;15;6;2022;13:56;1;94;2;1;1;3;48,8352600000;2,4986500000
202200033425;11;4;2022;07:50;2;67;2;3;1;3;48,2905670000;7,5683140000
202200033426;20;1;2022;12:55;1;54;2;3;1;3;48,6962270000;6,1917520000
202200033427;11;4;2022;10:40;1;76;1;1;1;7;49,8122000000;0,6288390000
202200033428;17;6;2022;03:40;5;94;2;3;1;1;48,8116301376;2,4224424362
202200033429;14;1;2022;18:45;2;54;2;2;8;6;49,5043490000;5,7531270000
202200033430;17;6;2022;10:45;1;94;2;1;1;3;48,7856000000;2,3667000000
202200033431;10;4;2022;20:30;1;79;1;1;1;2;46,2141270000; -0,1572200000
202200033432;12;1;2022;17:10;2;54;2;2;5;6;49,5291800000;5,7631400000
202200033433;17;6;2022;08:10;1;94;2;1;1;3;48,8077300000;2,3264700000
202200033434;20;1;2022;11:28;1;51;2;3;1;7;49,2629900000;4,0449700000
202200033435;9;4;2022;16:30;1;79;1;1;1;7;46,4587620000; -0,3774190000
202200033436;17;6;2022;09:00;1;94;2;1;1;3;48,8049600000;2,3945700000
202200033437;11;4;2022;03:30;5;2B;2;1;1;6;42,4992550000;9,4504790000
202200033438;15;6;2022;18:00;1;94;2;1;1;3;48,7986500000;2,4651100000
202200033439;20;1;2022;10:10;1;51;2;8;1;3;49,2185004901;4,0040275210
202200033440;10;4;2022;07:35;1;80;2;2;1;6;49,9835370000;1,6301500000
202200033441;17;6;2022;07:05;1;93;2;2;7;3;48,9584500000;2,5582300000
202200033442;11;4;2022;07:35;1;89;1;4;1;1;47,9966720000;3,7351580000
202200033443;17;6;2022;20:40;1;93;2;1;1;6;48,9436962835;2,3723575473
202200033444;20;1;2022;09:45;1;37;2;3;1;3;47,3803283065;0,6664055586
202200033445;17;6;2022;08:18;1;93;2;1;1;6;48,9359600000;2,3689690000
202200033446;11;4;2022;14:00;1;55;1;1;1;1;49,0964920000;5,7846450000
202200033447;17;6;2022;12:54;1;93;2;1;1;2;48,8941570000;2,4639300000
202200033448;20;1;2022;19:10;3;35;1;1;1;2;48,1102800000; -1,7180500000
202200033449;11;4;2022;02:30;3;12;2;1;1;6;43,9487319013;2,9013542533
202200033450;15;6;2022;16:00;1;93;2;2;1;3;48,8919000000;2,4448200000
202200033451;10;4;2022;17:30;1;41;2;8;1;3;47,3419560000;1,1643470000
202200033452;17;6;2022;18:15;1;93;2;1;1;3;48,8571176458;2,4446157218
202200033453;20;1;2022;14:45;1;31;2;1;1;3;43,6110100000;1,4201900000
202200033454;11;4;2022;08:00;1;68;1;1;1;3;47,9190740000;7,4949070000
202200033455;16;6;2022;18:00;1;93;2;1;1;6;48,8885033637;2,4372340142
202200033456;16;6;2022;16:30;1;93;2;1;1;6;48,8793570000;2,4441580000
202200033457;11;4;2022;14:15;1;22;1;3;1;4;48,2679910000; -3,2766940000
202200033458;17;6;2022;13:30;1;93;1;1;1;5;48,9385300000;2,3879200000
202200033459;9;4;2022;19:06;2;44;1;1;1;2;47,6274760000; -1,7874880000
202200033460;17;6;2022;08:40;1;93;2;1;1;6;48,9335282643;2,5514861942
202200033461;11;4;2022;11:00;1;29;1;2;1;3;48,0853430000; -3,9710800000
202200033462;17;6;2022;14:40;1;93;2;9;1;3;48,9173432686;2,3794888705
202200033463;10;4;2022;18:10;1;29;2;3;1;3;47,8615740000; -4,2190130000
202200033464;17;6;2022;11:40;1;93;2;1;1;6;48,9091150000;2,3892320000
202200033465;10;4;2022;15:50;1;84;1;1;7;3;44,1295540000;5,2880290000
202200033466;17;6;2022;08:15;1;92;2;9;1;3;48,8617500000;2,2126500000
202200033467;11;4;2022;15:50;1;01;1;1;6;6;46,1068780000;5,0742890000
202200033468;17;6;2022;15:35;1;92;2;1;1;6;48,8394350000;2,1586860000
202200033469;10;4;2022;01:50;3;01;1;1;5;7;46,1406490000;5,3923240000
202200033470;17;6;2022;06:25;1;92;2;1;1;7;48,8807185212;2,2733722329
202200033471;11;4;2022;17:00;1;72;1;1;1;6;47,6722420000;0,4712020000
202200033472;16;6;2022;08:45;1;92;2;1;1;1;48,8142742685;2,3281998038
202200033473;17;6;2022;10:30;1;92;2;4;7;6;48,8146056141;2,2343214154
202200033474;10;4;2022;13:30;1;14;2;3;1;3;49,1190760000; -0,3062170000
202200033475;26;4;2022;14:15;1;92;2;1;1;3;48,9254990000;2,3075430000
202200033476;9;4;2022;18:45;1;64;1;1;1;7;43,1330770000; -0,7481320000
202200033477;10;4;2022;19:25;1;10;2;9;1;7;48,1731840000;4,0478990000
202200033478;17;6;2022;20:30;2;92;2;1;1;3;48,9044657729;2,2325512245
202200033479;8;4;2022;18:40;2;16;2;3;8;6;45,5640378757;0,2166595459
202200033480;17;6;2022;14:00;1;92;2;1;1;3;48,9101092085;2,2549323141
202200033481;9;4;2022;10:29;1;24;1;1;1;1;44,8501230000;0,4204740000
202200033482;11;4;2022;15:00;1;04;1;1;1;7;43,7752460000;6,3802030000
202200033483;16;6;2022;23:00;5;92;2;6;1;2;48,9108792644;2,3127193004
202200033484;15;6;2022;13:25;1;92;2;1;1;2;48,9074161011;2,2976376414
202200033485;10;4;2022;23:10;3;17;1;6;1;7;45,9643290000; -0,5535170000
202200033486;10;4;2022;04:00;5;17;2;1;1;7;46,1414110000; -0,9049560000
202200033487;17;6;2022;11:40;1;92;2;3;1;3;48,7773236374;2,2898313403
202200033488;17;6;2022;19:00;1;92;2;4;1;3;48,8009654297;2,3095009178
202200033489;10;4;2022;13:45;1;987;2;1;1;1; -17,7220550000; -149,4046530000
202200033490;17;6;2022;12:30;1;92;1;1;1;3;48,9171114193;2,3070082068
202200033491;11;4;2022;13:45;1;72;1;1;1;2;47,7692150000;0,3137970000
202200033492;17;6;2022;07:50;1;92;2;2;1;2;48,7862300000;2,3179600000
202200033493;18;6;2022;13:50;1;80;1;1;7;7;50,0636900000;2,5107390000
202200033494;18;6;2022;07:25;1;83;1;1;1;6;43,4949560000;6,4042860000
202200033495;7;4;2022;14:54;1;34;1;1;1;4;43,3178755210;3,2618428234
202200033496;18;6;2022;04:45;3;38;1;1;1;3;45,4874560000;4,8313290000
202200033497;18;6;2022;11:50;1;41;2;1;1;1;47,4814950000;1,1927890000
202200033498;10;4;2022;08:05;1;34;1;1;1;2;43,7102300000;4,1271900000
202200033499;16;6;2022;18:45;1;35;1;3;1;6;48,2968420000; -1,8220570000
202200033500;18;6;2022;10:45;1;26;1;1;1;3;44,2966090000;4,8479120000
202200033501;9;4;2022;15:45;1;988;1;3;1;1; -22,1375890000;166,4103230000
202200033502;17;6;2022;11:40;1;12;1;1;1;7;44,6187300000;2,9639380000
202200033503;17;6;2022;20:17;2;06;1;1;1;7;43,7723410000;7,2139410000
202200033504;17;6;2022;23:00;3;23;1;1;1;1;46,3381920000;1,7276810000
202200033505;11;4;2022;09:50;1;988;1;1;1;5; -21,9410000000;166,1368500000
202200033506;9;4;2022;19:30;3;973;1;1;1;3;4,9246190000; -52,3896630000
202200033507;16;6;2022;10:40;1;62;2;3;1;3;50,6164710000;2,4720470000
202200033508;17;6;2022;19:50;1;74;1;1;1;6;46,3194810000;6,4238740000
202200033509;9;4;2022;12:30;1;41;1;1;2;6;47,6638470000;1,6950430000
202200033510;18;6;2022;11:50;1;04;1;1;1;7;44,4122680000;6,3417240000
202200033511;10;4;2022;19:00;1;18;1;1;1;6;47,0136130000;2,2244420000
202200033512;18;6;2022;11:25;1;51;2;1;1;2;49,2510380000;3,9124900000
202200033513;10;4;2022;18:15;1;48;2;1;1;7;44,4445890000;3,9305520000
202200033514;18;6;2022;11:45;1;67;1;1;1;1;48,3911630000;7,1302770000
202200033515;11;4;2022;14:00;1;84;1;1;1;1;44,0063280000;4,9053760000
202200033516;17;6;2022;18:30;1;79;1;1;7;7;46,9043370000; -0,7319790000
202200033517;10;4;2022;20:00;2;05;2;1;1;6;44,3148670000;5,7048230000
202200033518;18;6;2022;16:30;1;2A;1;1;1;3;42,0502010000;8,9778040000
202200033519;10;4;2022;15:00;1;71;2;1;1;6;46,4891520000;3,9952580000
202200033520;17;6;2022;17:10;1;2B;1;1;1;7;42,5188370000;8,6969500000
202200033521;17;6;2022;16:05;1;61;1;3;1;3;48,1997620000;0,7856140000
202200033522;11;4;2022;10:30;1;26;1;3;1;1;45,0514080000;5,1781550000
202200033523;18;6;2022;12:15;1;61;1;1;1;7;48,7594060000; -0,2510170000
202200033524;17;6;2022;12:20;1;42;1;1;1;3;45,4245660000;4,0488590000
202200033525;11;4;2022;08:30;1;01;1;2;1;3;45,9230130000;5,2718600000
202200033526;17;6;2022;21:35;2;46;2;1;1;6;44,7715230000;1,7166460000
202200033527;11;4;2022;12:45;1;01;2;1;1;6;45,9730020000;5,5847670000
202200033528;17;6;2022;17:35;1;41;1;1;1;3;47,3088340000;1,7650250000
202200033529;10;4;2022;23:20;3;33;1;1;1;6;44,6529020000; -0,9001490000
202200033530;18;6;2022;00:30;3;34;1;1;1;7;43,7001701647;3,6745389873
202200033531;9;4;2022;23:30;3;33;1;6;1;6;44,7784080000; -1,0186330000
202200033532;17;6;2022;16:00;1;02;2;1;1;3;49,2544730000;3,6226290000
202200033533;11;4;2022;11:45;1;50;1;1;1;2;49,2383330000; -1,2632940000
202200033534;17;6;2022;18:30;1;15;2;1;1;2;45,4137560000;2,5044110000
202200033535;17;6;2022;16:36;1;01;1;1;1;3;46,4420834515;4,9796283245
202200033536;11;4;2022;05:30;3;14;1;1;1;6;48,8587860000; -0,2297040000
202200033537;17;6;2022;23:40;3;50;1;1;1;6;48,8433140000; -1,2618350000
202200033538;18;6;2022;09:45;1;60;1;1;1;1;49,3497300000;3,0232570000
202200033539;17;6;2022;22:10;3;60;2;1;1;6;49,2071540000;2,3740390000
202200033540;18;6;2022;17:30;1;60;2;1;9;6;49,6735940000;1,8170600000
202200033541;10;4;2022;01:40;3;13;1;1;1;2;43,3907470000;5,3512120000
202200033542;18;6;2022;17:10;1;16;1;2;7;3;45,5024070000;0,2677170000
202200033543;8;4;2022;18:44;1;13;1;1;1;3;43,2880800000;5,4414700000
202200033544;17;6;2022;19:38;1;53;2;3;1;3;47,9482230000; -0,9095530000
202200033545;18;6;2022;05:00;2;27;1;1;9;6;49,1137280000;0,4233380000
202200033546;10;4;2022;16:27;1;91;1;1;1;4;48,7388500000;2,3197300000
202200033547;23;5;2022;23:30;5;30;2;1;1;6;44,1734870000;4,1083870000
202200033548;10;4;2022;14:25;1;91;1;1;1;7;48,6088000000;2,4355000000
202200033549;16;6;2022;06:45;1;48;1;1;1;6;44,2035580000;3,3379550000
202200033550;17;6;2022;22:30;3;08;1;1;1;7;49,3357850000;4,7488510000
202200033551;9;4;2022;21:05;3;91;1;1;1;2;48,6223000000;2,4648000000
202200033552;18;6;2022;07:40;1;973;2;3;1;3;4,8987400000; -52,3374080000
202200033553;10;4;2022;19:25;1;78;1;1;1;2;48,9104130000;2,0053380000
202200033554;18;6;2022;05:20;2;42;1;1;1;6;45,5094203717;4,1603454351
202200033555;17;6;2022;15:40;1;49;1;1;7;1;47,4694140000; -0,6857790000
202200033556;9;4;2022;11:55;1;92;1;1;1;2;48,7762151839;2,2331689808
202200033557;17;6;2022;18:20;1;11;1;1;1;2;43,1720710000;3,0211540000
202200033558;10;4;2022;15:30;1;93;1;1;1;2;48,9260700000;2,3378610000
202200033559;17;6;2022;18:40;1;13;1;1;1;2;43,5910070000;5,1840020000