Accident_Id;jour;mois;an;hrmn;lum;dep;agg;int;atm;col;lat;long
202200033889;18;5;2022;17:10;1;95;1;1;1;3;49,1804460000;2,0478030000
202200033890;19;5;2022;11:00;1;2B;1;1;1;1;42,3093390000;8,9621830000
202200033891;18;5;2022;18:20;1;11;1;1;1;6;43,3044117372;2,6000876961
202200033892;19;5;2022;08:00;1;84;1;1;1;3;44,3069420000;4,7342820000
202200033893;19;5;2022;08:35;1;05;2;1;1;7;44,3115609804;5,8228719234
202200033894;18;5;2022;16:00;1;26;2;3;1;6;44,9359370000;5,0237990000
202200033895;19;5;2022;08:20;1;69;2;9;1;6;45,8707840000;4,7049580000
202200033896;19;5;2022;12:30;1;81;1;1;7;6;43,8346120000;2,0378460000
202200033897;19;5;2022;15:50;1;17;1;2;1;3;45,9156610000; -0,9938550000
202200033898;19;5;2022;08:45;1;86;1;1;1;1;46,6661720000;0,0652200000
202200033899;13;5;2022;17:50;1;33;1;1;1;6;45,0976850000; -0,4149910000
202200033900;18;5;2022;14:50;1;72;1;1;1;6;47,6511800000; -0,1122880000
202200033901;19;5;2022;13:15;1;27;2;1;1;3;49,1750230000;1,2223740000
202200033902;18;5;2022;16:05;1;76;1;6;1;2;49,4824120000;0,4421890000
202200033903;19;5;2022;16:45;1;60;1;1;1;3;49,3102271741;2,1614441870
202200033904;18;5;2022;15:06;1;13;1;1;1;3;43,3122310000;5,4242830000
202200033905;14;5;2022;15:30;1;59;1;1;1;7;50,3987159742;3,0973935127
202200033906;18;5;2022;12:00;1;91;1;1;1;7;48,6265000000;2,3463000000
202200033907;18;5;2022;09:10;1;91;1;1;1;2;48,6521830000;2,3952790000
202200033908;17;5;2022;20:10;1;92;1;1;1;2;48,9338817685;2,2721018498
202200033909;17;5;2022;15:20;1;93;1;1;1;3;48,9060100000;2,4722900000
202200033910;17;5;2022;07:45;1;93;1;1;1;4;48,9298545664;2,3630797568
202200033911;17;5;2022;08:45;1;93;1;1;1;4;48,9709955381;2,4997899978
202200033912;18;5;2022;08:30;1;75;1;1;1;2;48,8176200000;2,4547600000
202200033913;16;5;2022;23:30;3;94;1;1;1;6;48,8501083080;2,4903935051
202200033914;15;3;2022;17:45;1;80;2;9;1;6;49,8192340000;2,3192340000
202200033915;17;4;2022;11:30;1;94;2;1;1;2;48,7904600000;2,5243800000
202200033916;17;4;2022;16:23;1;87;1;1;1;7;45,7954700000;1,3263600000
202200033917;16;4;2022;16:30;1;22;1;9;7;3;48,5318020000; -2,9364480000
202200033918;16;4;2022;12:15;1;61;1;3;1;3;48,8136640000; -0,5275420000
202200033919;17;4;2022;02:57;3;64;1;1;1;6;43,3300010000; -0,2380080000
202200033920;15;4;2022;14:20;1;35;1;1;1;6;48,1344733500; -1,8252827972
202200033921;15;4;2022;17:30;1;16;1;1;1;4;45,6194420000;0,2547160000
202200033922;11;3;2022;21:00;5;06;2;1;1;6;43,5506000000;6,9965000000
202200033923;17;5;2022;20:20;5;974;2;1;2;3; -21,3310400000;55,4724600000
202200033924;16;5;2022;12:30;1;974;2;1;1;2; -21,2917700000;55,5133200000
202200033925;17;5;2022;15:20;1;974;2;4;1;2; -20,8943800000;55,4914900000
202200033926;16;5;2022;07:50;1;974;2;3;1;2; -20,8795200000;55,4437900000
202200033927;17;5;2022;18:00;1;973;2;1;1;3;4,9290304816; -52,3005759716
202200033928;17;5;2022;12:10;1;973;2;1;1;6;4,9433542461; -52,3240479827
202200033929;18;5;2022;01:15;5;69;2;2;1;3;45,7423200000;4,8507600000
202200033930;26;6;2022;17:15;1;74;2;1;1;2;45,8639520000;6,6252460000
202200033931;26;6;2022;10:15;1;74;1;1;1;7;45,8163950000;6,1716130000
202200033932;17;5;2022;19:10;1;69;2;2;1;1;45,7548300000;4,8499800000
202200033933;25;6;2022;03:55;3;74;1;1;1;1;46,2550790000;6,3355440000
202200033934;17;5;2022;09:45;1;69;2;3;1;6;45,7290000000;4,8666200000
202200033935;21;6;2022;21:30;2;74;1;1;1;7;46,2854530000;6,8132830000
202200033936;17;5;2022;13:35;1;972;1;1;1;2;14,6188300000; -61,0279900000
202200033937;18;6;2022;19:50;1;74;1;1;1;1;46,1502710000;6,3297880000
202200033938;17;5;2022;18:30;1;69;2;3;1;6;45,7723013737;4,8054251075
202200033939;18;6;2022;14:45;1;74;1;1;1;3;45,8778490000;6,0334250000
202200033940;17;5;2022;14:40;1;69;2;2;1;3;45,7661300000;4,8368300000
202200033941;3;6;2022;07:45;1;74;1;1;1;2;45,7653370000;6,3380270000
202200033942;30;9;2022;09:35;1;974;1;1;1;7; -21,3017370000;55,4864580000
202200033943;17;5;2022;19:10;1;2B;2;3;1;3;42,6870300000;9,4281100000
202200033944;30;9;2022;07:00;2;974;2;3;1;3; -21,3399200000;55,4693500000
202200033945;17;5;2022;17:00;1;2A;2;6;7;3;41,9084900000;8,7020900000
202200033946;17;5;2022;17:45;1;95;2;1;7;3;48,9941420424;2,4513486028
202200033947;30;9;2022;18:35;5;974;2;6;1;2; -20,9022790000;55,5028630000
202200033948;17;5;2022;09:40;1;95;2;1;1;6;48,9612070576;2,3318132758
202200033949;30;9;2022;12:10;1;974;2;1;1;6; -20,8939600000;55,4571500000
202200033950;30;9;2022;22:45;5;69;2;9;1;6;45,7414296449;4,8761782050
202200033951;12;5;2022;23:04;3;95;1;1;1;6;49,0563951499;2,0443797112
202200033952;29;9;2022;18:50;5;972;1;1;3;6;14,6399020000; -61,0744300000
202200033953;17;5;2022;16:35;1;91;2;-1;1;3;48,6945500000;2,3615000000
202200033954;30;9;2022;11:23;1;2A;1;9;8;3;41,9319900000;8,8034400000
202200033955;17;5;2022;08:45;1;91;2;1;1;6;48,6635100000;2,3509800000
202200033956;30;9;2022;17:45;1;91;2;1;1;7;48,6853060209;2,4876844883
202200033957;16;5;2022;18:45;1;91;2;1;1;2;48,4397900000;2,1572800000
202200033958;30;9;2022;11:20;1;91;2;3;1;6;48,6677570000;2,4163500000
202200033959;30;9;2022;08:35;1;91;1;1;1;6;48,7123900000;2,4422000000
202200033960;30;9;2022;07:45;1;91;2;1;1;6;48,7071300000;2,3765000000
202200033961;17;5;2022;01:45;3;78;2;1;1;3;48,9426930000;2,1929550000
202200033962;28;9;2022;09:08;1;87;1;1;2;7;45,8735100000;1,3421100000
202200033963;27;9;2022;13:20;1;83;2;1;1;2;43,1348300000;5,9977600000
202200033964;18;5;2022;00:50;5;78;2;1;1;7;48,9945400000;1,9101600000
202200033965;30;9;2022;18:30;1;81;2;9;1;3;44,0559650000;2,1587770000
202200033966;17;5;2022;16:45;1;77;2;1;1;6;48,8362440000;2,7117450000
202200033967;16;5;2022;16:55;1;77;2;1;7;6;48,8416300000;2,7185500000
202200033968;30;9;2022;08:14;1;79;2;2;1;7;46,3101400000; -0,4657100000
202200033969;16;5;2022;20:50;1;76;2;1;1;7;49,5000600000;0,1313900000
202200033970;28;9;2022;18:15;1;77;1;1;2;7;48,6093500000;2,5552700000
202200033971;16;5;2022;10:40;1;73;2;1;1;7;45,7038589318;5,8986168911
202200033972;17;5;2022;18:25;1;72;2;3;8;3;47,9910000000;0,2050000000
202200033973;22;9;2022;11:40;1;73;2;1;1;6;45,6924144580;5,9120392068
202200033974;14;5;2022;22:30;5;72;2;1;1;6;47,9817000000;0,2224200000
202200033975;30;9;2022;16:00;1;69;2;1;1;3;45,7768200000;4,9312500000
202200033976;14;5;2022;10:55;1;71;2;1;1;6;46,8053000000;4,8575600000
202200033977;30;9;2022;16:05;1;69;2;1;1;3;45,7137600000;4,8732200000
202200033978;30;9;2022;07:00;2;69;2;6;1;1;45,6941801620;4,9352806807
202200033979;13;5;2022;17:00;1;71;2;2;1;6;46,7811300000;4,8588100000
202200033980;30;9;2022;08:05;1;65;1;1;2;3;43,2446100000; -0,0229400000
202200033981;16;5;2022;19:15;1;67;2;3;1;6;48,6078100000;7,7215900000
202200033982;24;9;2022;08:20;1;62;2;1;1;6;50,4286820000;2,8724340000
202200033983;16;5;2022;19:20;1;67;2;1;1;3;48,6119281392;7,7673200000
202200033984;30;9;2022;10:30;1;56;2;6;1;3;47,7568401000; -3,3646470300
202200033985;6;5;2022;02:13;3;67;1;1;2;7;48,6389500000;7,7803200000
202200033986;29;9;2022;08:34;1;49;2;1;1;1;47,4576175054; -0,4772454500
202200033987;14;5;2022;11:43;1;66;2;3;1;3;42,7102381087;2,8975944221
202200033988;16;8;2022;12:30;1;42;2;2;1;6;45,4476085637;4,3903570928
202200033989;30;9;2022;11:20;1;37;2;9;1;6;47,4214900000;0,6826000000
202200033990;17;5;2022;16:55;1;64;2;2;1;3;43,3249400000; -0,3575800000
202200033991;30;9;2022;08:45;1;37;2;1;1;6;47,3454602620;0,6624519825
202200033992;17;5;2022;07:50;1;64;2;1;1;3;43,3181800000; -0,3563700000
202200033993;30;9;2022;18:55;1;35;1;1;2;6;48,1752643613; -1,7174157500
202200033994;30;9;2022;15:23;1;35;2;6;1;7;48,1326000000; -1,6908100000
202200033995;16;5;2022;18:20;1;64;2;1;1;1;43,5259000000; -1,4841400000
202200033996;29;9;2022;07:30;2;34;2;1;1;7;43,6096900000;3,8638300000
202200033997;17;5;2022;14:25;1;61;2;9;1;3;48,4350000000;0,0930000000
202200033998;30;9;2022;08:20;1;33;2;1;1;2;44,8278600000; -0,6020800000
202200033999;30;9;2022;06:20;5;33;2;1;1;6;44,7992540000; -0,5769919000
202200034000;16;5;2022;13:54;1;60;2;9;1;4;49,2837140000;2,4650340000
202200034001;17;5;2022;20:45;2;59;2;1;1;6;50,6760574125;3,1093481183
202200034002;27;9;2022;16:05;1;33;2;6;1;6;44,7862000000; -0,6373600000
202200034003;30;9;2022;13:20;1;29;2;1;2;7;47,9908342870; -4,0726749300
202200034004;16;5;2022;19:00;1;59;1;1;1;1;50,6457500000;3,0153000000
202200034005;15;5;2022;11:50;1;59;1;1;7;2;50,3429590216;3,0848193169
202200034006;27;9;2022;17:40;1;29;2;1;1;2;48,4108120100; -4,5129289620
202200034007;17;5;2022;09:39;1;57;2;1;1;1;49,3273000000;6,1210600000
202200034008;30;9;2022;12:37;1;27;2;1;1;6;49,0830600000;1,4776900000
202200034009;13;5;2022;16:10;1;57;2;1;1;5;49,3280300000;6,1249100000
202200034010;30;9;2022;23:50;5;25;2;4;1;3;47,2439300000;6,0130400000
202200034011;13;5;2022;13:55;1;57;2;1;1;6;49,3645700000;6,1499400000
202200034012;30;9;2022;08:55;1;13;2;1;1;4;43,6360946846;5,1241803712
202200034013;13;5;2022;18:11;1;56;2;1;1;6;47,7423800000; -3,3625700000
202200034014;30;9;2022;19:30;5;13;2;1;1;3;43,2754466390;5,4165041317
202200034015;30;9;2022;11:40;1;13;2;1;1;3;43,3111900000;5,3780700000
202200034016;17;5;2022;15:21;1;54;2;1;1;6;48,7090600000;6,1605700000
202200034017;16;4;2022;19:00;1;52;1;1;1;7;48,1100400000;5,1656800000
202200034018;30;9;2022;03:30;5;13;2;2;1;2;43,3094154851;5,4029279628
202200034019;17;5;2022;12:13;1;51;2;3;1;1;49,2707700000;4,0437000000
202200034020;30;9;2022;00:14;5;13;2;9;1;3;43,2650400000;5,3911500000
202200034021;29;9;2022;20:30;5;13;2;2;1;3;43,2923853711;5,4013929794
202200034022;16;5;2022;17:20;1;51;2;1;1;7;49,2300603367;4,0608268976
202200034023;14;5;2022;10:20;1;50;2;1;1;6;49,1148900000; -1,0901500000
202200034024;30;9;2022;21:29;5;11;1;1;1;6;43,2296600000;2,3261400000
202200034025;29;9;2022;12:10;1;10;2;9;1;6;48,3015200000;4,0866600000
202200034026;17;5;2022;04:27;5;49;2;1;1;3;47,4766500000; -0,5326600000
202200034027;17;5;2022;14:30;1;47;2;1;1;6;44,1945190000;0,6282200000
202200034028;29;9;2022;19:30;2;06;2;1;1;5;43,7104400000;7,2849300000
202200034029;30;9;2022;22:00;5;06;2;1;1;2;43,7744400000;7,4971100000
202200034030;17;5;2022;08:30;1;47;2;1;1;3;44,1892000000;0,6260790000
202200034031;30;9;2022;21:47;3;75;2;1;3;2;48,8650560000;2,4125120000
202200034032;17;5;2022;17:40;1;45;2;1;1;6;47,9237761943;1,8920854926
202200034033;30;9;2022;12:15;1;75;2;4;1;3;48,8501010000;2,3297650000
202200034034;1;10;2022;14:16;1;75;2;2;1;6;48,8772610000;2,4067850000
202200034035;1;10;2022;18:15;1;75;2;2;1;1;48,8899050000;2,3638120000
202200034036;1;10;2022;18:10;1;75;2;2;1;6;48,8874340000;2,3495720000
202200034037;1;10;2022;11:45;1;75;2;7;2;6;48,8482740000;2,3949550000
202200034038;1;10;2022;06:08;5;75;2;1;2;3;48,8202770000;2,4484240000
202200034039;1;10;2022;12:00;1;75;2;3;1;6;48,8446660000;2,3095790000
202200034040;1;10;2022;20:20;5;75;2;2;1;3;48,8533190000;2,3578120000
202200034041;1;10;2022;19:25;5;75;2;3;1;3;48,8632310000;2,3516670000
202200034042;1;10;2022;14:30;1;75;2;3;1;3;48,8576780000;2,3607700000
202200034043;1;10;2022;01:40;5;75;2;2;2;1;48,8662420000;2,3525350000
202200034044;30;9;2022;08:50;1;75;2;2;1;2;48,8674190000;2,3585390000
202200034045;1;10;2022;10:27;1;94;2;1;2;3;48,7952500000;2,5145000000
202200034046;1;10;2022;17:00;1;93;2;3;1;5;48,9114671464;2,3337210501
202200034047;1;10;2022;00:00;5;93;2;2;2;3;48,9420400000;2,3654400000
202200034048;1;10;2022;18:05;1;93;2;1;1;6;48,8829797657;2,4799744847
202200034049;1;10;2022;14:30;1;93;2;2;1;3;48,8556400000;2,4308700000
202200034050;1;10;2022;14:40;1;92;2;1;1;6;48,8146456191;2,3035993874
202200034051;1;10;2022;17:50;1;92;2;5;1;3;48,8595520000;2,2135650000
202200034052;1;10;2022;16:00;1;92;2;1;1;3;48,9290600000;2,2545200000
202200034053;1;10;2022;16:55;1;92;2;1;1;3;48,7529907168;2,3075435757
202200034054;3;8;2022;16:12;1;37;1;4;1;1;47,2416080000;0,1403990000
202200034055;2;10;2022;07:29;1;74;1;1;5;6;46,0016927013;6,1281063027
202200034056;1;10;2022;22:45;5;40;2;1;1;6;43,6509500000; -1,4342800000
202200034057;28;9;2022;07:45;1;83;1;1;1;3;43,1498657865;6,0357871056
202200034058;1;10;2022;21:40;3;972;1;1;1;1;14,4982950000; -60,9024260000
202200034059;2;10;2022;11:47;1;74;1;1;1;3;46,2856120000;6,2637520000
202200034060;1;10;2022;20:25;5;57;2;1;2;4;49,4787240000;5,9600080000
202200034061;30;9;2022;07:30;2;19;1;1;5;6;45,2452790000;2,0389230000
202200034062;2;10;2022;11:45;1;2A;1;1;1;7;42,0649260000;9,0476760000
202200034063;2;10;2022;02:10;3;89;1;1;2;6;48,0780210000;3,2996510000
202200034064;2;10;2022;17:30;1;63;1;1;1;1;46,0513931801;3,4515738487
202200034065;1;10;2022;18:30;1;63;2;1;1;6;45,5400783655;3,2503022254
202200034066;14;9;2022;14:00;1;61;2;1;1;3;48,8295720000;0,5536450000
202200034067;2;10;2022;11:55;1;55;1;1;2;6;49,1894428865;5,0468746878
202200034068;30;9;2022;19:00;2;86;2;1;2;7;46,9781180000;0,2158890000
202200034069;2;10;2022;09:30;1;34;1;1;1;1;43,6565780000;3,5565930000
202200034070;2;10;2022;10:30;1;39;1;1;2;3;46,9251260000;5,9794560000
202200034071;1;10;2022;17:25;1;66;1;4;1;3;42,5541950000;2,8590630000
202200034072;2;10;2022;04:00;3;54;1;1;2;6;48,9667730000;6,0515680000
202200034073;1;10;2022;14:45;1;05;2;1;2;6;44,6507238965;6,1485717389
202200034074;1;10;2022;20:45;3;64;1;1;1;6;43,2776430000; -0,2283740000
202200034075;2;10;2022;18:30;2;18;1;1;2;6;47,0253220000;2,7944510000
202200034076;29;9;2022;12:10;1;10;2;6;1;3;48,4924750000;3,5116340000
202200034077;1;10;2022;21:30;5;40;2;1;1;6;43,5703300000; -1,4661320000
202200034078;1;10;2022;11:30;1;04;2;1;1;2;44,1914890000;5,9450810000
202200034079;2;10;2022;13:00;1;85;1;1;1;6;46,8134570000; -0,8539880000
202200034080;1;10;2022;19:25;5;08;2;1;2;3;49,8844660000;4,7401750000
202200034081;7;8;2022;13:30;1;68;1;1;1;4;47,9805790000;7,3749210000
202200034082;1;10;2022;16:50;1;02;1;1;1;6;49,4420680000;3,9282880000
202200034083;2;10;2022;10:15;1;01;1;1;1;6;46,1127540000;5,4862490000
202200034084;2;10;2022;00:50;3;69;1;1;2;6;45,8714550000;4,3983080000
202200034085;2;10;2022;02:20;5;971;1;1;1;6;16,2542510000; -61,5690570000
202200034086;1;10;2022;20:56;4;76;1;1;1;7;49,3298590000;1,0863480000
202200034087;1;10;2022;09:00;1;987;2;1;1;7; -23,3720000000; -149,4630000000
202200034088;2;10;2022;10:15;1;988;1;3;1;6; -21,4167970000;165,2601670000
202200034089;2;10;2022;00:58;3;988;1;1;5;6; -21,5144400000;165,4747100000
202200034090;1;10;2022;11:00;1;974;1;1;1;7; -21,1877330000;55,4517100000
202200034091;25;8;2022;14:30;1;2A;1;1;1;5;41,4920570000;9,2457680000
202200034092;1;10;2022;22:50;3;66;1;1;1;7;42,7871280000;3,0103010000
202200034093;2;10;2022;00:45;3;30;1;1;1;7;44,1995900000;4,0573880000
202200034094;1;10;2022;19:20;2;34;1;1;7;1;43,5130470000;3,4849620000
202200034095;1;10;2022;19:30;3;13;1;3;1;2;43,4912674677;5,6596755981
202200034096;1;10;2022;17:40;2;71;2;1;3;6;46,4341040000;4,2746530000
202200034097;1;10;2022;10:00;1;67;2;9;3;6;49,0360850000;7,9525570000
202200034098;1;10;2022;14:00;1;74;1;1;2;1;46,1558680000;6,3467930000
202200034099;2;10;2022;04:05;3;38;1;1;5;7;45,1073710000;5,7908890000
202200034100;2;10;2022;15:50;1;07;1;1;1;1;44,3308020000;4,5417520000
202200034101;30;9;2022;17:50;1;01;2;1;1;6;46,2128380000;5,1461900000
202200034102;1;10;2022;19:30;5;33;2;1;1;1;44,9863640000; -0,6051490000
202200034103;8;12;2022;14:20;1;78;2;1;1;2;48,9873600000;1,8991500000
202200034104;2;10;2022;05:40;5;27;1;1;2;6;48,9508660000;0,9466910000
202200034105;8;12;2022;07:45;2;78;2;1;9;7;48,9594400000;1,8714000000
202200034106;7;12;2022;20:50;3;78;1;1;1;3;48,9590700000;1,9799300000
202200034107;30;9;2022;21:35;5;13;1;1;1;2;43,4010200000;5,0433800000
202200034108;8;12;2022;12:00;1;76;2;2;1;3;49,4504100000;1,0592100000
202200034109;30;9;2022;07:24;1;13;1;1;1;4;43,3029700000;5,4254900000
202200034110;7;12;2022;13:00;1;76;2;1;1;2;49,5143400000;0,0908500000
202200034111;1;10;2022;13:45;1;91;1;1;1;4;48,6234600000;2,3831600000
202200034112;7;12;2022;09:30;2;76;2;2;2;1;49,5224000000;0,1047000000
202200034113;8;12;2022;07:00;5;74;1;1;1;5;46,1745300000;6,2122900000
202200034114;1;10;2022;07:15;2;94;1;1;2;3;48,7713715480;2,3450994762
202200034115;8;12;2022;22:00;5;69;2;2;2;3;45,7666700000;5,0036000000
202200034116;30;9;2022;09:10;1;94;1;1;1;2;48,7658449904;2,3433884323
202200034117;8;12;2022;16:30;2;69;2;1;8;3;45,7666900000;4,8949700000
202200034118;1;10;2022;13:00;1;78;1;1;1;2;48,9312300000;1,9790040000
202200034119;8;12;2022;19:25;5;69;2;3;1;6;45,6001200000;4,7695700000
202200034120;1;10;2022;07:50;1;78;1;1;1;2;48,8413700000;2,1065700000
202200034121;7;12;2022;23:15;3;66;1;1;1;2;42,7262110000;2,8783500000
202200034122;1;10;2022;12:15;1;93;1;1;1;2;48,9089274558;2,4490592258
202200034123;30;9;2022;09:15;1;95;1;1;1;3;48,9624644368;2,2663351893
202200034124;7;12;2022;18:03;3;66;1;1;1;2;42,7077400000;2,8809610000
202200034125;1;10;2022;03:15;3;94;1;1;2;2;48,8302003380;2,4957032202
202200034126;2;12;2022;22:35;5;62;1;1;1;2;50,4213860000;2,7657240000
202200034127;18;11;2022;15:00;1;61;2;9;1;6;48,7271100000; -0,0087000000
202200034128;30;9;2022;20:30;3;94;1;9;1;2;48,8506883120;2,4907633364
202200034129;8;12;2022;07:20;5;59;2;2;8;6;50,6665700000;3,0371000000
202200034130;30;9;2022;18:00;1;94;1;1;1;2;48,7864000000;2,4404000000
202200034131;7;12;2022;18:18;5;56;2;1;1;6;47,6632900000; -2,7560500000
202200034132;8;12;2022;07:36;2;54;1;1;5;7;49,2726100000;5,9088400000
202200034133;26;9;2022;16:50;1;94;1;1;1;4;48,8412724993;2,4930730317
202200034134;30;9;2022;18:40;1;75;2;1;1;2;48,8176140000;2,3674690000
202200034135;7;12;2022;17:55;5;54;2;4;8;1;49,2119500000;5,9777800000
202200034136;30;9;2022;09:50;1;75;2;1;1;3;48,8202730000;2,3755600000
202200034137;8;12;2022;17:30;5;51;2;1;1;4;49,2490000000;4,0153000000
202200034138;30;9;2022;09:15;1;75;2;1;1;4;48,9010950000;2,3570020000
202200034139;8;12;2022;08:55;1;51;2;1;1;3;49,2627100000;4,0276500000
202200034140;29;9;2022;18:30;2;75;2;1;1;2;48,8165810000;2,3393900000
202200034141;7;12;2022;05:50;3;50;2;1;1;3;48,8438000000; -1,5578000000
202200034142;28;9;2022;14:35;1;75;2;1;1;2;48,8593770000;2,2628670000
202200034143;29;9;2022;21:20;5;75;2;2;1;6;48,8731510000;2,2844650000
202200034144;8;12;2022;08:25;3;50;1;1;4;5;49,0589550000; -1,4201550000
202200034145;29;9;2022;03:08;5;75;2;3;1;6;48,8725410000;2,3785400000
202200034146;30;9;2022;07:10;2;75;2;2;1;3;48,8490568278;2,4112442136
202200034147;7;12;2022;16:59;1;49;1;1;1;6;47,4677800000; -0,5845700000
202200034148;30;9;2022;06:30;5;75;2;1;1;6;48,8801843513;2,3927409947
202200034149;7;12;2022;14:03;1;49;1;1;1;2;47,4677800000; -0,5845700000
202200034150;30;9;2022;02:00;5;75;2;7;1;1;48,8845951247;2,2976472974
202200034151;30;9;2022;22:10;5;75;2;2;2;3;48,8602350000;2,2810800000
202200034152;7;12;2022;09:05;1;49;2;1;1;3;47,4788000000; -0,5520400000
202200034153;30;9;2022;15:00;1;75;2;7;1;2;48,8737256472;2,2941336036
202200034154;8;12;2022;19:42;5;47;2;1;2;6;44,1983700000;0,6207800000
202200034155;30;9;2022;18:38;1;75;2;2;1;3;48,8420245174;2,3006245494
202200034156;29;9;2022;16:10;1;75;2;1;8;7;48,8269720000;2,3082660000
202200034157;8;12;2022;18:15;3;44;1;1;1;2;47,2884200000; -2,2434500000
202200034158;30;9;2022;11:15;1;75;2;1;1;2;48,8523810000;2,3741730000
202200034159;30;9;2022;07:30;2;75;2;2;1;3;48,8816040000;2,3657670000
202200034160;29;9;2022;23:30;5;75;2;3;1;6;48,8731787594;2,3588392138
202200034161;30;9;2022;19:25;2;75;2;1;1;2;48,8759348954;2,3457862437
202200034162;8;12;2022;17:25;2;38;2;1;1;2;45,1800400000;5,6999300000
202200034163;30;9;2022;20:30;5;75;2;2;1;2;48,8686530000;2,3037030000
202200034164;8;12;2022;22:35;5;37;2;6;1;1;47,3954400000;0,6772700000
202200034165;30;9;2022;16:00;1;75;2;2;1;3;48,8625573662;2,3103985190
202200034166;30;9;2022;19:55;5;75;2;3;1;2;48,8624656101;2,3504385352
202200034167;8;12;2022;18:45;5;37;2;2;1;1;47,3685900000;0,6795200000
202200034168;30;9;2022;16:10;1;94;2;1;1;6;48,8121700000;2,3711900000
202200034169;8;12;2022;08:20;2;37;1;1;8;2;47,3702200000;0,6546000000
202200034170;30;9;2022;10:45;1;94;2;1;1;3;48,7600000000;2,3400000000
202200034171;9;12;2022;00:50;5;35;2;4;1;3;48,1018200000; -1,6599840000
202200034172;30;9;2022;07:40;1;94;2;6;1;3;48,7741300000;2,4387200000
202200034173;6;12;2022;08:35;1;34;2;1;1;6;43,3386100000;3,2251700000
202200034174;30;9;2022;16:10;1;94;2;1;1;6;48,7619600000;2,5267200000
202200034175;6;12;2022;13:45;1;34;2;1;1;6;43,3425900000;3,2213500000
202200034176;30;9;2022;08:45;1;93;2;3;1;3;48,8588788513;2,5309296702
202200034177;30;9;2022;20:20;4;93;2;1;1;5;48,8917176580;2,4528432130
202200034178;7;12;2022;07:10;5;33;2;1;1;3;44,7852900000; -0,6493200000
202200034179;30;9;2022;10:52;1;93;2;3;1;3;48,8877068301;2,4637208351
202200034180;30;9;2022;18:40;1;93;2;9;1;3;48,8368713985;2,5549559296
202200034181;8;12;2022;18:00;5;33;2;6;1;3;44,6535000000; -1,1592000000
202200034182;30;9;2022;18:50;2;93;2;1;1;3;48,8538600000;2,5325300000
202200034183;30;9;2022;14:30;1;93;2;3;1;6;48,8826800000;2,5476900000
202200034184;8;12;2022;17:50;2;31;1;1;2;4;43,5593300000;1,4144700000
202200034185;29;9;2022;13:40;1;93;2;3;2;3;48,9175837499;2,4467238397
202200034186;8;12;2022;14:35;1;31;2;1;1;7;43,6075300000;1,3970400000
202200034187;30;9;2022;20:35;2;93;2;3;1;1;48,8979478087;2,4917075374
202200034188;30;9;2022;21:15;5;93;2;6;1;2;48,9514851617;2,4862180744
202200034189;7;12;2022;14:45;1;31;2;6;1;3;43,5845700000;1,3440700000
202200034190;30;9;2022;11:30;1;93;2;1;1;1;48,9534100000;2,5026500000
202200034191;23;9;2022;13:45;1;93;2;1;1;6;48,9162353782;2,3900440884
202200034192;7;12;2022;09:05;1;29;2;1;1;3;48,4114961533; -4,4886481759
202200034193;30;9;2022;09:00;1;92;2;3;1;3;48,8197000000;2,2934100000
202200034194;7;12;2022;18:05;5;27;2;1;5;6;49,2356800000;1,1815700000
202200034195;29;9;2022;20:10;5;92;2;2;1;3;48,8237900000;2,2831100000
202200034196;29;9;2022;17:07;1;92;2;1;1;6;48,8136779824;2,3004979491
202200034197;30;9;2022;04:40;5;92;2;1;1;6;48,8549126113;2,2227979749
202200034198;8;12;2022;18:55;3;22;1;1;1;4;48,5452630000; -2,7966270000
202200034199;29;9;2022;22:40;5;92;2;2;1;6;48,8469240000;2,2140710000
202200034200;30;9;2022;18:45;2;92;2;1;1;6;48,8298602375;2,2306752205
202200034201;7;12;2022;16:50;1;22;2;1;2;3;48,5272500000; -2,7385100000
202200034202;30;9;2022;08:35;1;92;2;2;1;7;48,8402300000;2,2338300000
202200034203;30;9;2022;16:45;1;91;2;1;1;3;48,7329110000;2,3177660000
202200034204;8;12;2022;12:30;1;22;1;3;1;3;48,7402730000; -3,4674910000
202200034205;1;10;2022;16:30;1;35;1;3;1;2;47,6787623281; -2,0838591456
202200034206;7;12;2022;17:45;5;15;1;9;1;3;44,8952500000;2,3983800000
202200034207;8;12;2022;10:20;1;13;2;1;1;1;43,3359600000;5,3542300000
202200034208;30;9;2022;16:30;1;76;1;1;1;6;49,5309600000;1,2075520000
202200034209;1;10;2022;02:37;3;83;1;1;1;6;43,1535187048;6,0400462827
202200034210;5;12;2022;17:48;5;10;2;1;1;7;48,2638200000;4,0388600000
202200034211;28;9;2022;12:30;1;11;1;1;1;6;43,2163580000;2,7842830000
202200034212;30;9;2022;17:20;1;63;1;1;1;7;46,0772890000;2,8123440000
202200034213;7;12;2022;18:10;5;09;2;9;1;2;43,0973200000;1,6333800000
202200034214;25;9;2022;13:30;1;12;1;1;1;6;44,1971050000;2,5240450000
202200034215;30;9;2022;14:30;1;34;1;1;1;6;43,6105080000;3,4611440000
202200034216;8;12;2022;09:48;1;06;2;1;1;6;43,7353000000;7,2963700000
202200034217;30;9;2022;20:45;5;69;2;4;1;1;45,6790620000;4,8262110000