Accident_Id;jour;mois;an;hrmn;lum;dep;agg;int;atm;col;lat;long
202200034218;7;12;2022;11:10;1;06;2;1;1;3;43,7220800000;7,2509200000
202200034219;8;12;2022;08:00;1;06;2;1;1;1;43,6560840000;6,9173480000
202200034220;8;12;2022;12:25;1;05;2;2;1;3;44,5443700000;6,0614800000
202200034221;7;12;2022;17:19;2;04;2;1;1;4;44,0836900000;6,2205300000
202200034222;9;12;2022;07:20;2;75;2;1;1;3;48,8963280000;2,3945690000
202200034223;8;12;2022;19:45;5;75;2;4;1;3;48,8271410000;2,3910300000
202200034224;8;12;2022;18:15;5;75;2;1;1;3;48,8313440000;2,4040780000
202200034225;8;12;2022;23:15;5;75;2;2;1;3;48,8819930000;2,3204870000
202200034226;9;12;2022;13:29;1;75;2;4;1;6;48,8469320000;2,3539420000
202200034227;9;12;2022;12:40;1;75;2;7;1;3;48,8896280000;2,3962620000
202200034228;9;12;2022;03:30;5;75;2;1;1;6;48,8734080000;2,3758070000
202200034229;9;12;2022;16:45;5;75;2;4;1;3;48,8902560000;2,3330270000
202200034230;9;12;2022;15:00;1;75;2;2;1;3;48,9003900000;2,3703900000
202200034231;8;12;2022;21:35;5;75;2;1;1;3;48,8921870000;2,3085820000
202200034232;9;12;2022;16:35;2;75;2;1;1;6;48,8344870000;2,3343560000
202200034233;9;12;2022;15:00;1;75;2;1;1;3;48,8294200000;2,2749940000
202200034234;9;12;2022;15:00;1;75;2;2;1;3;48,8367690000;2,3207430000
202200034235;9;12;2022;00:50;5;75;2;2;1;3;48,8490930000;2,3947330000
202200034236;9;12;2022;09:30;1;75;2;5;8;6;48,8806240000;2,3521640000
202200034237;9;12;2022;11:25;1;75;2;5;1;3;48,8731240000;2,2970890000
202200034238;9;12;2022;04:47;5;75;2;6;1;3;48,8738140000;2,2959390000
202200034239;7;12;2022;21:14;5;75;2;3;1;3;48,8493350000;2,3665650000
202200034240;9;12;2022;21:45;5;94;2;3;1;3;48,8056400000;2,3485300000
202200034241;9;12;2022;12:30;1;94;2;2;1;6;48,8145000000;2,3610500000
202200034242;8;12;2022;09:30;1;94;2;1;1;2;48,7929600000;2,3696100000
202200034243;9;12;2022;06:00;3;95;2;1;1;1;49,0264100000;2,5363200000
202200034244;9;12;2022;13:40;1;93;2;2;1;2;48,8704000000;2,4315300000
202200034245;8;12;2022;13:20;1;93;2;1;1;6;48,9142150000;2,4807580000
202200034246;9;12;2022;08:30;1;92;2;1;1;6;48,9355819616;2,3356316686
202200034247;9;12;2022;21:00;3;92;2;3;1;3;48,8737860000;2,2217370000
202200034248;9;12;2022;20:10;5;92;2;1;1;7;48,8441942717;2,2204672694
202200034249;9;12;2022;09:10;1;92;2;1;1;3;48,8432000000;2,2208100000
202200034250;9;12;2022;21:25;5;92;2;1;1;6;48,8906647256;2,2616875917
202200034251;9;12;2022;13:36;1;92;2;1;1;6;48,8853100000;2,1956100000
202200034252;9;12;2022;17:35;1;92;2;3;1;6;48,8065816151;2,2357427180
202200034253;9;12;2022;20:10;5;92;2;4;1;3;48,8873372865;2,2527739406
202200034254;9;12;2022;15:55;1;92;2;1;1;6;48,8341800000;2,2454000000
202200034255;9;12;2022;13:10;1;92;2;9;1;4;48,7392383910;2,2992139757
202200034256;15;7;2022;17:50;1;95;1;1;1;2;49,0606200000;2,3088600000
202200034257;8;12;2022;15:30;1;92;2;2;1;3;48,7841700000;2,3144900000
202200034258;18;7;2022;07:20;1;94;1;1;1;2;48,8267111767;2,5225882774
202200034259;10;12;2022;00:45;3;76;1;1;4;6;49,6258800000;0,5188530000
202200034260;17;7;2022;23:00;3;94;1;1;1;2;48,8266944100;2,4666901824
202200034261;9;12;2022;20:35;3;47;1;1;8;6;44,0999306144;0,6552994334
202200034262;10;4;2022;17:40;1;66;2;1;1;6;42,6949300000;2,8878200000
202200034263;7;4;2022;16:31;1;66;2;3;1;3;42,7046780369;2,8884641826
202200034264;9;12;2022;08:25;1;01;1;4;2;5;45,9331620000;4,9249970000
202200034265;7;4;2022;19:56;2;66;2;1;1;6;42,7067121231;2,8861735761
202200034266;6;12;2022;07:50;2;33;1;1;1;2;44,5837830000; -0,1276060000
202200034267;6;4;2022;17:25;1;66;2;1;1;2;42,6802335696;2,8929367661
202200034268;9;12;2022;18:05;4;69;1;1;2;1;45,6586460000;4,9228840000
202200034269;12;4;2022;16:15;1;66;2;1;2;3;42,6859024634;2,9019540176
202200034270;9;4;2022;01:55;5;66;2;1;1;6;42,6951532119;2,8583188355
202200034271;9;12;2022;21:24;3;22;1;1;9;7;48,2576840000; -2,1661950000
202200034272;17;7;2022;11:15;1;988;2;1;1;2; -22,2256200000;166,4808000000
202200034273;17;7;2022;08:55;1;976;2;1;1;1; -12,7692200000;45,2240900000
202200034274;8;12;2022;15:00;1;66;2;3;1;3;42,7398350000;2,9090691000
202200034275;17;7;2022;07:20;1;976;2;1;1;6; -12,8023800000;45,2132800000
202200034276;17;7;2022;07:00;2;974;1;1;1;1; -20,8755100000;55,4448900000
202200034277;10;12;2022;19:20;3;76;1;4;1;5;49,6427830000;0,2556040000
202200034278;15;7;2022;13:30;1;973;2;3;1;3;4,9347200000; -52,3117600000
202200034279;10;12;2022;15:15;1;79;1;1;1;1;46,7150690000; -0,2146300000
202200034280;17;7;2022;05:50;2;973;1;6;1;3;4,8966100000; -52,3285200000
202200034281;9;12;2022;18:10;5;81;2;1;1;6;43,4531680000;2,0657940000
202200034282;17;7;2022;12:49;1;69;2;9;1;3;45,7302819877;4,8557960987
202200034283;16;7;2022;20:30;3;972;1;1;8;1;14,6230200000; -61,0389200000
202200034284;9;12;2022;20:59;3;71;2;2;1;3;46,6469980000;5,1759150000
202200034285;17;7;2022;05:01;2;69;2;1;1;7;45,7293500000;4,7946800000
202200034286;9;12;2022;18:57;4;71;1;1;1;3;46,8577480000;4,6432470000
202200034287;17;7;2022;17:57;1;2A;2;2;1;3;41,9288500000;8,7375200000
202200034288;9;12;2022;19:30;3;12;1;1;1;6;44,5647506965;2,0740887522
202200034289;17;7;2022;08:10;1;95;2;1;1;6;48,9942969128;2,4237111211
202200034290;10;12;2022;12:15;1;46;1;1;1;6;44,4381370000;1,5605420000
202200034291;16;7;2022;12:40;1;91;2;1;1;6;48,7348600000;2,2945400000
202200034292;10;12;2022;18:30;3;47;2;3;1;5;44,4896400000;0,9497810000
202200034293;17;7;2022;00:30;3;83;2;1;1;3;43,1353180000;5,9778900000
202200034294;9;12;2022;18:00;5;35;2;3;1;6;48,1664706409; -2,0668378472
202200034295;17;7;2022;17:50;1;83;1;1;1;6;43,5016318321;6,7939603329
202200034296;9;12;2022;17:35;5;38;2;1;2;6;45,2059060000;5,7717790000
202200034297;17;7;2022;11:00;1;64;2;1;1;1;43,4923800000; -1,4743500000
202200034298;10;12;2022;15:13;1;02;1;3;5;3;49,6406220000;3,6836810000
202200034299;17;7;2022;18:50;1;62;2;1;1;6;50,9626710000;1,8331360000
202200034300;9;12;2022;17:30;2;01;1;1;1;2;46,1137800000;4,9248790000
202200034301;11;7;2022;07:30;1;62;2;4;7;3;50,9463100000;1,8417700000
202200034302;10;12;2022;02:45;3;26;1;1;2;6;44,8030300000;4,8184560000
202200034303;15;7;2022;18:20;1;60;2;1;1;2;49,4253800000;2,1031800000
202200034304;10;12;2022;00:45;3;14;1;1;5;6;49,0955220000;0,2004250000
202200034305;16;7;2022;10:10;1;59;2;1;1;6;51,0068320000;2,1153130000
202200034306;22;11;2022;15:30;1;16;1;1;1;4;45,3726040000; -0,0949640000
202200034307;17;7;2022;10:50;1;56;1;2;1;3;47,8106330000; -3,2523535000
202200034308;10;12;2022;14:25;1;04;1;1;1;1;43,7490000000;6,0853900000
202200034309;16;7;2022;13:00;1;46;1;3;1;1;44,4686060000;1,4439600000
202200034310;10;12;2022;19:10;3;85;1;1;9;3;47,0088490000; -1,2037619000
202200034311;16;7;2022;22:10;5;37;2;1;1;1;47,3953860910;0,6936836243
202200034312;9;12;2022;19:15;3;30;1;1;1;1;44,2457220000;4,2175970000
202200034313;16;7;2022;16:35;1;37;2;1;1;3;47,3901494044;0,6896603107
202200034314;9;12;2022;15:35;1;53;1;1;1;3;47,9256940000; -0,4868420000
202200034315;10;12;2022;08:30;1;77;1;1;1;-1;48,4780350000;2,8642300000
202200034316;17;7;2022;22:10;5;33;2;4;1;3;44,8537600000; -0,5538900000
202200034317;9;12;2022;21:30;5;978;2;1;1;6;18,0994160000; -63,0610300000
202200034318;17;7;2022;19:10;1;33;2;3;1;3;44,8077800000; -0,5384900000
202200034319;10;12;2022;03:15;3;69;1;1;4;5;46,0695240000;4,7405150000
202200034320;9;12;2022;12:30;1;987;2;1;1;1; -17,6958710000; -149,5480120000
202200034321;17;7;2022;03:30;5;33;2;6;1;3;44,8661555851; -0,5751031637
202200034322;17;7;2022;14:30;1;29;2;1;1;6;48,0314800000; -4,0216100000
202200034323;10;12;2022;05:25;3;77;1;1;1;2;49,0615960000;2,7043430000
202200034324;8;12;2022;20:30;3;66;1;1;1;2;42,8015571000;2,9102400000
202200034325;17;7;2022;17:40;1;29;1;1;1;1;47,8602500000; -3,8827900000
202200034326;9;12;2022;23:30;5;83;1;1;5;6;43,2700660000;6,5732840000
202200034327;17;7;2022;18:45;1;29;1;1;1;6;48,3951780000; -4,4369811000
202200034328;17;7;2022;15:55;1;27;1;1;7;7;49,0570000000;1,1747700000
202200034329;10;12;2022;09:25;1;69;1;1;8;1;46,1315775694;4,4896209240
202200034330;17;7;2022;17:35;1;22;1;1;1;1;48,4743300000; -2,7211600000
202200034331;10;12;2022;13:00;1;69;1;9;8;3;45,9294760000;4,7261220000
202200034332;17;7;2022;18:55;1;17;2;1;1;1;45,7497600000; -0,6611220000
202200034333;9;12;2022;17:50;3;44;1;1;1;1;47,2899130000; -1,4670500000
202200034334;11;7;2022;21:35;2;13;2;1;1;3;43,4062200000;5,3309000000
202200034335;9;12;2022;18:00;3;83;1;1;1;2;43,1199990000;5,8527730000
202200034336;17;7;2022;21:20;2;13;2;1;1;3;43,2990000000;5,3856800000
202200034337;8;12;2022;10:56;1;83;1;1;1;4;43,1393900000;6,0394500000
202200034338;17;7;2022;18:17;1;06;2;1;1;3;43,6718300000;7,2022100000
202200034339;3;12;2022;04:00;3;69;1;1;2;2;45,6435581112;4,8287916186
202200034340;17;7;2022;17:05;1;06;2;1;1;6;43,6673300000;7,2112400000
202200034341;9;12;2022;18:55;5;33;1;1;1;4;44,7720900000; -0,5553500000
202200034342;16;7;2022;21:20;2;06;2;1;1;3;43,6513590000;6,9200960000
202200034343;9;12;2022;09:24;1;33;1;1;1;6;44,7525610000; -0,5426770000
202200034344;17;7;2022;20:00;1;01;2;1;1;2;46,1995200000;5,2403900000
202200034345;9;12;2022;16:40;1;94;1;1;1;2;48,7602123240;2,3386485204
202200034346;17;7;2022;18:55;1;75;2;4;1;3;48,8646090000;2,4059840000
202200034347;9;12;2022;13:15;1;91;1;1;1;2;48,7256700000;2,3132300000
202200034348;17;7;2022;08:35;1;75;2;3;1;3;48,8888360000;2,3788760000
202200034349;8;12;2022;17:40;3;92;1;1;1;3;48,9144637029;2,2196128364
202200034350;17;7;2022;12:31;1;75;2;5;1;6;48,8924080000;2,3449890000
202200034351;8;12;2022;12:00;1;92;1;1;1;4;48,9021124949;2,2035747170
202200034352;16;7;2022;22:40;5;75;2;2;1;3;48,8650120000;2,3002980000
202200034353;16;7;2022;21:30;1;75;2;1;1;6;48,8617410000;2,3220130000
202200034354;9;12;2022;16:50;5;93;1;1;1;3;48,9127345676;2,4368072152
202200034355;17;7;2022;19:45;1;75;2;3;1;6;48,8574970000;2,3514430000
202200034356;9;12;2022;08:15;1;93;1;1;1;5;48,9412974054;2,4273910890
202200034357;17;7;2022;11:05;1;75;2;2;1;3;48,8688870000;2,3385550000
202200034358;8;12;2022;14:50;1;93;1;1;1;4;48,9307400000;2,4810600000
202200034359;17;7;2022;21:30;1;94;2;1;1;3;48,7695200000;2,3583200000
202200034360;9;12;2022;17:50;5;94;1;1;1;2;48,8189068730;2,4080615714
202200034361;9;12;2022;02:35;3;94;1;1;1;2;48,8262853871;2,3912874623
202200034362;17;7;2022;12:35;1;94;2;1;1;2;48,7502763494;2,3889797821
202200034363;7;12;2022;11:25;1;82;1;1;1;6;44,0535000000;1,1585200000
202200034364;17;7;2022;22:45;5;93;2;3;1;1;48,9022600000;2,3305700000
202200034365;5;12;2022;08:45;1;76;2;2;1;6;49,4974800000;0,1093800000
202200034366;17;7;2022;18:00;1;93;2;1;1;6;48,8660939457;2,4548931420
202200034367;5;12;2022;10:09;1;63;2;1;1;6;45,7636400000;3,1275300000
202200034368;17;7;2022;02:35;5;92;2;1;1;2;48,9027900000;2,3064500000
202200034369;5;12;2022;15:55;1;29;2;6;1;6;48,3916400000; -4,4804900000
202200034370;17;7;2022;21:27;2;92;2;1;1;7;48,7316500000;2,3048200000
202200034371;2;7;2022;18:50;1;33;1;3;1;3;45,0788580000; -0,2057040000
202200034372;15;7;2022;20:20;1;17;1;1;1;7;45,6304550000; -0,7794500000
202200034373;16;7;2022;14:00;1;57;1;3;1;3;48,8260029549;6,7270916879
202200034374;6;12;2022;16:17;1;27;2;1;8;6;49,0239000000;1,1442800000
202200034375;18;7;2022;03:35;3;28;1;1;1;7;48,4796350000;1,6358260000
202200034376;7;12;2022;20:00;3;974;2;1;1;3; -21,3476000000;55,5004800000
202200034377;18;7;2022;09:05;1;28;1;9;1;3;48,4720250000;1,5985110000
202200034378;7;12;2022;12:30;1;974;2;1;1;1; -21,3600000000;55,5252700000
202200034379;17;7;2022;12:32;1;63;1;1;1;6;45,7259543859;2,8954859376
202200034380;7;12;2022;13:25;1;974;2;1;1;6; -20,8850600000;55,4521900000
202200034381;15;7;2022;17:25;1;28;1;1;1;3;48,4364690000;1,4200580000
202200034382;7;12;2022;08:00;1;974;2;1;1;1; -20,9032500000;55,4781200000
202200034383;18;7;2022;01:26;5;974;2;1;1;6; -21,2810870000;55,4322800000
202200034384;17;7;2022;19:45;1;44;1;1;7;7;47,4436200000; -2,0817200000
202200034385;7;12;2022;06:15;1;973;2;1;1;7;4,9095800000; -52,3216300000
202200034386;7;12;2022;00:35;5;973;1;1;8;7;4,9221500000; -52,3297500000
202200034387;18;7;2022;12:55;1;56;1;3;1;3;47,8059130000; -3,4582630000
202200034388;7;12;2022;19:30;5;69;2;2;8;6;45,7436300000;4,8472500000
202200034389;17;7;2022;22:00;5;67;1;2;1;3;48,1931920000;7,5664100000
202200034390;7;12;2022;19:20;5;972;1;1;1;4;14,6184500000; -61,0210100000
202200034391;17;7;2022;11:45;1;76;1;1;1;1;49,6362700000;1,1730400000
202200034392;7;12;2022;13:05;1;69;2;1;1;6;45,7562300000;4,8357800000
202200034393;17;7;2022;23:30;3;80;1;1;1;6;49,9241270000;2,3801330000
202200034394;7;12;2022;11:40;1;69;2;2;8;3;45,7649439185;4,7723114491
202200034395;7;12;2022;11:10;1;2A;2;6;1;3;41,9295900000;8,7615200000
202200034396;18;7;2022;04:30;5;89;2;2;1;3;47,5274090000;3,5414920000
202200034397;7;12;2022;10:00;1;95;2;2;1;3;49,0117765817;2,3049482703
202200034398;16;7;2022;16:10;1;61;1;1;1;2;48,4960760000;0,5185940000
202200034399;7;12;2022;15:30;1;89;1;1;8;1;48,1724000000;3,2807800000
202200034400;8;7;2022;14:45;1;49;1;1;1;1;47,5867730000; -0,5534360000
202200034401;6;12;2022;14:39;1;87;2;2;1;3;45,8235400000;1,2512400000
202200034402;17;7;2022;18:15;1;42;1;1;1;3;46,1650010000;4,3349860000
202200034403;7;12;2022;07:50;2;83;1;2;1;3;43,1422100000;6,0059500000
202200034404;17;7;2022;22:30;5;34;2;1;1;6;43,5936731037;3,1141720712
202200034405;17;7;2022;06:05;2;39;2;1;1;6;46,3819910000;5,8564750000
202200034406;17;7;2022;00:25;3;25;1;1;1;6;47,1607060000;6,4193200000
202200034407;6;12;2022;10:45;1;73;2;1;1;3;45,5690500000;5,9309700000
202200034408;14;7;2022;08:20;1;29;1;1;1;5;48,0457262163; -4,4940626620
202200034409;5;12;2022;12:35;1;71;2;3;1;3;46,3110300000;4,8269700000
202200034410;15;7;2022;16:00;1;15;1;1;1;7;45,0769070000;2,7261220000
202200034411;7;12;2022;10:25;1;69;2;1;2;6;45,7853900000;4,8632900000
202200034412;6;12;2022;17:07;5;67;2;1;1;6;48,6004800000;7,7803500000
202200034413;14;7;2022;18:55;1;70;2;3;7;1;47,6035700000;6,7690960000
202200034414;6;12;2022;06:40;5;67;2;2;1;3;48,5770900000;7,7281100000
202200034415;18;7;2022;14:25;1;26;1;1;1;5;44,8639910000;4,8581030000
202200034416;7;12;2022;18:00;5;65;2;6;1;3;43,2239200000;0,0940100000
202200034417;7;12;2022;09:30;1;64;2;1;8;7;43,4866400000; -1,4842400000
202200034418;17;7;2022;20:40;1;66;1;1;1;1;42,5586111000;1,7671470000
202200034419;16;7;2022;04:05;3;06;1;1;1;7;43,9595440000;7,2798660000
202200034420;6;12;2022;08:52;1;63;2;2;1;1;45,7769300000;3,1178300000
202200034421;17;7;2022;16:30;1;05;1;1;1;1;44,5735030000;6,1724280000
202200034422;4;12;2022;12:32;1;63;2;2;2;3;45,7735900000;3,0900100000
202200034423;18;7;2022;14:45;1;50;1;2;1;3;49,4118390000; -1,4133950000
202200034424;4;12;2022;19:10;3;62;1;1;8;1;50,4567420000;2,8838270000
202200034425;7;12;2022;12:40;1;59;2;1;8;6;50,6222000000;3,0536900000
202200034426;18;7;2022;11:31;1;60;2;2;1;3;49,3002180000;2,6044940000
202200034427;6;12;2022;13:40;1;59;1;1;1;7;50,6644374898;2,8737367093
202200034428;17;7;2022;18:30;1;60;1;1;1;6;49,5158680000;2,9219220000
202200034429;3;12;2022;15:45;1;56;1;1;1;2;47,6629070000; -2,7899400000
202200034430;12;7;2022;10:25;1;64;1;9;1;6;43,0553580000; -0,5968240000
202200034431;6;12;2022;12:50;1;54;2;3;1;6;48,6635489978;6,1846321821
202200034432;17;7;2022;20:05;1;43;2;1;1;6;45,3144230000;4,1194390000
202200034433;17;7;2022;11:35;1;36;2;3;7;3;47,0826490000;2,0461470000
202200034434;7;12;2022;21:10;5;51;2;2;1;3;49,2638600000;4,0179700000
202200034435;17;7;2022;13:35;1;07;1;1;1;7;44,7937520000;4,2905370000
202200034436;13;7;2022;11:30;1;53;2;1;1;6;48,2879400000; -0,6218970000
202200034437;7;12;2022;15:20;1;51;2;3;1;3;49,2598000000;4,0364100000
202200034438;17;7;2022;15:50;1;21;1;1;1;6;47,0990220000;4,5967480000
202200034439;18;7;2022;00:40;5;24;2;1;1;6;44,8497270000;0,4137010000
202200034440;6;12;2022;15:35;1;49;1;1;1;4;47,4692500000; -0,6010600000
202200034441;17;7;2022;08:48;1;27;2;1;1;6;49,2943890000;1,6087070000
202200034442;7;12;2022;10:15;1;47;1;6;1;3;44,1770856674;0,6280245609
202200034443;17;7;2022;22:45;4;27;1;2;1;3;49,1409510000;0,7679590000
202200034444;7;12;2022;18:20;3;44;1;1;1;2;47,2211900000; -1,5116400000
202200034445;17;7;2022;18:45;1;17;1;1;1;7;46,1621850000; -0,7682170000
202200034446;7;12;2022;08:00;2;43;2;1;9;7;45,0405900000;3,8795100000
202200034447;18;7;2022;11:10;1;37;1;1;1;1;47,0736510000;0,9183350000
202200034448;7;12;2022;15:00;1;42;2;2;2;3;45,3960066019;4,3220225724
202200034449;4;7;2022;05:10;2;08;2;1;1;6;49,4781170000;4,8536150000
202200034450;17;7;2022;04:15;3;19;1;1;1;6;45,3164827077;1,7253058789
202200034451;7;12;2022;05:15;5;42;2;2;1;3;45,3880700000;4,2857100000
202200034452;7;12;2022;12:00;1;37;2;1;1;6;47,4047800000;0,6844600000
202200034453;16;7;2022;07:15;1;10;1;1;1;2;48,1558350000;4,6031550000
202200034454;7;12;2022;10:10;1;37;2;1;1;2;47,3883800000;0,6767000000
202200034455;16;7;2022;01:00;3;31;1;1;1;2;43,3921420000;1,2861730000
202200034456;6;12;2022;11:45;1;37;2;1;1;6;47,4272400000;0,7017300000
202200034457;17;7;2022;11:15;1;69;2;9;1;3;45,7519003634;4,7704179546
202200034458;6;12;2022;08:15;2;33;2;3;1;3;44,8206600000; -0,5318900000
202200034459;7;12;2022;09:10;1;22;2;1;1;2;48,5516880042; -2,8010335565
202200034460;17;7;2022;17:10;1;13;1;1;1;6;43,4829280000;5,5413580000
202200034461;6;12;2022;10:25;1;15;2;1;7;6;44,9032100000;2,4564400000
202200034462;18;7;2022;15:15;1;06;1;1;1;5;43,6714570000;7,2016350000
202200034463;7;12;2022;21:00;5;13;2;1;1;3;43,2773600000;5,3891500000
202200034464;17;7;2022;17:00;1;51;1;1;1;7;49,0354200000;4,6089790000
202200034465;6;12;2022;18:35;5;10;2;1;1;6;48,2812300000;4,0617200000
202200034466;18;7;2022;07:20;1;91;1;1;1;2;48,5396390000;2,2101400000
202200034467;6;12;2022;17:14;5;10;2;2;1;1;48,3180900000;4,1040900000
202200034468;17;7;2022;11:05;1;973;1;1;1;1;5,1384760000; -52,8267290000
202200034469;12;7;2022;16:50;1;971;1;1;1;3;16,2294160000; -61,5919730000
202200034470;6;12;2022;15:32;1;10;2;3;1;3;48,2971000000;4,1265800000
202200034471;15;7;2022;22:50;5;77;2;1;1;7;49,0728890000;2,7935050000
202200034472;8;12;2022;07:53;2;75;2;1;1;2;48,8440890000;2,2546860000
202200034473;17;7;2022;18:30;1;95;2;1;1;7;49,1658720000;1,9982030000
202200034474;16;7;2022;08:20;1;66;1;1;1;6;42,5460620000;2,9361180000
202200034475;18;7;2022;11:10;1;83;1;1;1;1;43,5928559379;5,7490682602
202200034476;18;7;2022;08:30;1;26;1;1;1;2;45,0812685117;4,8746895790
202200034477;15;7;2022;18:15;1;26;1;1;1;4;44,8776470000;4,8650550000
202200034478;18;7;2022;10:45;1;25;2;3;1;2;47,5361160000;6,8460970000
202200034479;17;7;2022;13:00;1;89;1;9;1;2;47,7888490000;3,6708100000
202200034480;17;7;2022;14:20;1;68;1;1;1;1;47,8669330000;7,1216300000
202200034481;17;7;2022;13:15;1;68;1;1;1;7;48,0101880000;7,1806170000
202200034482;17;7;2022;11:50;1;38;2;1;1;7;45,3662560000;4,9203090000
202200034483;7;6;2022;11:20;5;26;1;1;9;7;45,0039550000;5,4237270000
202200034484;17;7;2022;13:30;1;07;1;1;1;6;44,3778910000;4,6343960000
202200034485;17;7;2022;20:00;2;69;1;1;1;6;46,0300590000;4,5232130000
202200034486;17;7;2022;18:30;1;69;1;3;1;1;45,8686610000;4,6046020000
202200034487;13;7;2022;10:55;1;09;2;6;1;3;43,2327950000;1,5819240000
202200034488;18;7;2022;15:05;1;50;1;1;1;1;49,0250270000; -0,9050790000
202200034489;17;7;2022;18:50;1;22;1;3;1;3;48,4261930000; -2,8937550000
202200034490;14;7;2022;09:50;1;62;2;2;1;1;50,3091870000;2,9496250000
202200034491;18;7;2022;15:15;1;59;1;2;7;3;50,6185102067;3,2334700227
202200034492;15;7;2022;15:50;1;59;2;1;1;7;50,4535130000;3,0316450000
202200034493;16;7;2022;05:45;2;13;1;4;1;2;43,4295200000;5,3923200000
202200034494;17;7;2022;15:30;1;69;1;1;1;6;45,7357000000;4,9818200000
202200034495;16;7;2022;21:50;3;38;1;1;1;1;45,5406500000;4,8567300000
202200034496;15;7;2022;19:20;1;67;1;1;1;4;48,5223600000;7,6389500000
202200034497;17;7;2022;17:40;1;92;1;9;1;6;48,7604096936;2,2918195149
202200034498;17;7;2022;09:15;1;77;1;1;1;6;48,5878200000;2,6357500000
202200034499;16;7;2022;21:30;2;91;1;1;1;7;48,7445500000;2,2222700000
202200034500;16;7;2022;12:35;1;94;1;1;1;4;48,7881406480;2,3444425967
202200034501;17;7;2022;12:30;1;93;1;1;1;4;48,9110716414;2,3579036645
202200034502;17;7;2022;06:40;1;93;1;1;1;2;48,8870977491;2,4736544749
202200034503;15;7;2022;12:40;1;38;2;1;1;6;45,2010243372;5,7055272734
202200034504;16;7;2022;04:25;5;75;2;2;1;3;48,8580300000;2,3716320000
202200034505;15;7;2022;16:05;1;76;2;3;1;6;49,4414100000;1,0943800000
202200034506;15;7;2022;20:10;1;29;1;3;1;1;47,9932100000; -4,0351900000
202200034507;20;1;2022;18:05;2;29;2;3;1;3;47,8693590000; -3,8829130000
202200034508;12;7;2022;11:43;1;51;2;1;1;3;49,0377647887;3,9562133700
202200034509;20;1;2022;18:30;2;29;2;2;1;3;48,4031790000; -4,5064110000
202200034510;7;7;2022;20:15;1;67;1;1;1;3;48,5360400000;7,7106400000
202200034511;16;7;2022;19:30;1;69;2;2;1;2;45,7396300000;4,8657900000
202200034512;20;1;2022;17:45;5;27;2;1;1;3;49,0214971308;1,1274905204
202200034513;16;7;2022;18:18;1;69;2;1;1;6;45,7420000000;4,8822100000
202200034514;16;7;2022;13:35;1;972;1;1;2;5;14,6181413000; -61,0347686000
202200034515;16;7;2022;10:50;1;83;2;1;1;6;43,1768400000;5,9256300000
202200034516;5;1;2022;12:55;1;19;2;2;1;3;45,1552153934;1,5299921036
202200034517;16;7;2022;09:35;1;83;2;1;1;6;43,1185580000;5,9411760000
202200034518;18;1;2022;11:00;1;19;2;6;1;3;45,1481678700;1,4897418022
202200034519;16;7;2022;00:05;5;78;2;1;1;1;48,9881370000;1,8970700000
202200034520;20;1;2022;18:00;2;16;2;1;1;6;45,6841374281; -0,3036072850
202200034521;16;7;2022;20:10;1;78;2;1;1;3;49,0001410000;2,0099550000
202200034522;15;7;2022;20:47;1;77;2;3;1;3;48,7935700000;2,6083400000
202200034523;20;1;2022;19:00;5;13;2;1;1;2;43,3529800000;5,3533100000
202200034524;19;1;2022;16:00;1;13;2;1;1;2;43,3382937378;5,4838452170
202200034525;16;7;2022;09:20;1;69;2;9;1;3;45,6969600000;4,8877700000
202200034526;16;7;2022;02:25;5;64;2;1;1;6;43,4369100000; -1,5924400000
202200034527;19;1;2022;16:25;1;13;2;3;1;6;43,2986900000;5,4012300000
202200034528;16;7;2022;21:00;1;64;2;1;1;3;43,4935900000; -1,5016000000
202200034529;16;7;2022;20:50;1;64;2;3;1;3;43,4986800000; -1,5430600000
202200034530;19;1;2022;14:05;1;10;2;3;8;3;48,3054000000;4,0525000000
202200034531;16;7;2022;15:34;1;64;2;1;1;7;43,4894300000; -1,5228600000
202200034532;20;1;2022;16:26;1;06;2;2;1;6;43,6779660000;7,2287270000
202200034533;1;3;2022;09:18;1;75;2;5;1;6;48,8659698669;2,3708555102
202200034534;15;7;2022;23:35;3;62;1;1;1;6;50,8553900000;1,7297700000
202200034535;20;1;2022;12:30;1;06;2;1;1;6;43,6441350000;6,9451770000
202200034536;1;3;2022;00:40;5;75;2;2;1;3;48,8577740625;2,3709064722
202200034537;16;7;2022;21:15;2;59;2;2;1;3;50,7019600000;3,1522900000
202200034538;16;7;2022;20:30;1;51;2;1;1;7;49,2388000000;4,0213900000
202200034539;1;3;2022;11:33;1;75;2;7;8;3;48,8731787595;2,3314914107
202200034540;16;7;2022;10:50;1;50;1;1;1;6;48,8282300000; -1,5435000000
202200034541;20;1;2022;14:45;1;06;2;1;1;3;43,6546420000;7,1514870000
202200034542;1;3;2022;13:20;1;94;2;1;1;3;48,8340700000;2,4138000000
202200034543;16;7;2022;23:23;3;49;2;1;1;2;47,5016500000; -0,6206400000
202200034544;1;3;2022;13:15;1;94;2;2;1;3;48,8488300000;2,4549600000
202200034545;16;7;2022;10:10;1;37;2;1;1;6;47,3863900000;0,7156100000
202200034546;19;1;2022;14:40;1;75;2;1;1;5;48,8359910000;2,4120530000