Accident_Id;jour;mois;an;hrmn;lum;dep;agg;int;atm;col;lat;long
202200034547;1;3;2022;15:40;1;94;2;3;8;3;48,7531400000;2,4521500000
202200034548;1;3;2022;08:25;1;94;2;1;1;3;48,8074000000;2,3345900000
202200034549;15;7;2022;16:00;1;34;2;3;1;3;43,4550400000;3,7610800000
202200034550;16;7;2022;12:30;1;33;2;6;1;7;44,6467399453; -1,1578398943
202200034551;1;3;2022;20:00;3;94;2;2;1;3;48,7801840000;2,4377300000
202200034552;16;7;2022;20:40;1;31;2;1;1;2;43,5700738671;1,4125531912
202200034553;19;1;2022;22:45;5;75;2;7;2;3;48,8665170000;2,3648140000
202200034554;16;7;2022;10:00;1;31;2;1;1;2;43,6579600000;1,4355700000
202200034555;1;3;2022;19:55;5;93;2;5;1;3;48,9575300000;2,5451700000
202200034556;15;7;2022;20:05;1;27;2;9;1;6;49,0759474074;1,4893716574
202200034557;1;3;2022;15:04;1;93;2;1;8;6;48,9446000000;2,3541000000
202200034558;16;7;2022;07:00;1;27;2;1;1;6;49,2150500000;1,1629600000
202200034559;28;2;2022;11:25;1;93;2;1;1;6;48,9379021445;2,3609656887
202200034560;17;7;2022;02:05;3;26;2;1;1;1;44,5394410000;4,7614860000
202200034561;20;1;2022;07:45;2;75;2;2;1;3;48,8649620000;2,3955460000
202200034562;7;7;2022;16:45;1;16;1;1;1;7;45,6663300000; -0,3027100000
202200034563;27;2;2022;17:20;1;93;2;2;1;3;48,9192400000;2,3544700000
202200034564;16;7;2022;12:50;1;13;2;1;1;1;43,3115600000;5,3785600000
202200034565;20;1;2022;08:10;2;75;2;5;8;5;48,8787980000;2,4015410000
202200034566;1;3;2022;18:20;1;93;2;1;1;6;48,9035600000;2,4775900000
202200034567;16;7;2022;23:00;3;13;2;1;1;1;43,4988800000;4,9785300000
202200034568;1;3;2022;10:20;1;92;2;1;8;6;48,8214300000;2,2983400000
202200034569;20;1;2022;08:40;1;75;2;3;2;3;48,8552350000;2,2632620000
202200034570;16;7;2022;21:15;1;13;2;1;1;3;43,5917200000;5,0032700000
202200034571;1;3;2022;09:40;1;92;2;1;1;2;48,8803874365;2,2744134664
202200034572;20;1;2022;07:55;2;75;2;3;1;3;48,8789930000;2,3024130000
202200034573;16;7;2022;19:25;1;11;2;1;1;2;43,2165200000;2,3531200000
202200034574;1;3;2022;07:45;1;92;2;4;1;6;48,8992766629;2,2934638560
202200034575;16;7;2022;12:40;1;11;2;1;1;6;43,2149200000;2,3534000000
202200034576;19;1;2022;11:35;1;75;2;1;1;6;48,8214750000;2,3339230000
202200034577;16;7;2022;08:02;1;10;2;1;1;6;48,2768240672;4,0965378284
202200034578;13;1;2022;03:40;5;75;2;7;1;7;48,8382120000;2,3174090000
202200034579;1;3;2022;18:42;5;92;2;1;1;3;48,9127700000;2,3112000000
202200034580;15;7;2022;11:40;1;09;1;1;1;7;43,1377100000;1,6133000000
202200034581;20;1;2022;12:45;1;75;2;3;1;6;48,8641810000;2,3802410000
202200034582;1;3;2022;17:05;1;92;2;3;1;6;48,9068689646;2,3025538623
202200034583;16;7;2022;11:25;1;09;2;9;1;1;42,9643650000;1,6104120000
202200034584;1;3;2022;16:40;1;92;2;1;1;6;48,7571781972;2,3027791679
202200034585;16;7;2022;12:55;1;07;2;1;1;1;44,7236900000;4,6005500000
202200034586;19;1;2022;22:23;5;75;2;2;2;3;48,8566870000;2,3792650000
202200034587;2;3;2022;16:45;1;51;1;1;1;7;48,6980894231;4,6871066093
202200034588;15;7;2022;10:12;1;04;2;1;1;6;43,8202100000;5,7947000000
202200034589;20;1;2022;10:55;1;75;2;3;1;6;48,8805620000;2,3288150000
202200034590;1;3;2022;08:25;1;974;2;1;7;6; -21,2830330000;55,5219030000
202200034591;15;7;2022;23:30;5;75;2;1;1;3;48,8509950000;2,4152130000
202200034592;1;3;2022;17:10;1;972;2;1;1;6;14,6369980000; -61,0977490000
202200034593;15;7;2022;20:25;2;75;2;4;1;6;48,8350050000;2,2673580000
202200034594;20;1;2022;16:00;1;75;2;3;8;3;48,8754390000;2,3239030000
202200034595;1;3;2022;17:40;2;01;2;1;1;6;46,3355400000;6,0574120000
202200034596;15;7;2022;00:50;5;75;2;1;1;6;48,9008470000;2,3344370000
202200034597;20;1;2022;07:30;2;75;2;3;8;1;48,8690350000;2,3147690000
202200034598;16;7;2022;00:05;5;75;2;7;1;3;48,8442360000;2,3647730000
202200034599;20;1;2022;21:00;5;75;2;2;1;3;48,8503640000;2,3068050000
202200034600;1;3;2022;08:15;1;59;1;1;1;4;50,1980733129;3,6397410494
202200034601;26;8;2022;13:40;1;93;2;1;1;3;48,9508210297;2,3873479358
202200034602;16;7;2022;15:10;1;75;2;1;1;3;48,8897480000;2,2997870000
202200034603;20;1;2022;00:30;5;75;2;3;2;7;48,8557390000;2,3076510000
202200034604;16;7;2022;20:50;1;75;2;1;1;6;48,8313780000;2,3622400000
202200034605;1;3;2022;19:55;3;56;1;1;2;1;47,5657840000; -2,4345450000
202200034606;16;7;2022;01:50;5;75;2;2;1;3;48,8748050000;2,3573900000
202200034607;1;3;2022;16:15;1;82;2;1;1;6;43,9145770000;1,3791760000
202200034608;26;8;2022;09:10;1;93;2;6;1;3;48,9589600000;2,3814500000
202200034609;20;1;2022;01:16;5;94;2;9;2;6;48,7745500000;2,4899700000
202200034610;2;3;2022;02:15;3;33;1;1;2;6;45,1926230000; -0,7708670000
202200034611;26;8;2022;21:25;5;93;2;1;1;2;48,9267168030;2,3519831147
202200034612;19;1;2022;20:13;5;94;2;2;2;5;48,7377740000;2,4080180000
202200034613;26;8;2022;13:00;1;93;2;1;1;6;48,9011292563;2,4121751484
202200034614;2;3;2022;12:30;1;89;2;1;1;6;47,7935710000;3,3659670000
202200034615;20;1;2022;06:00;5;93;2;3;1;3;48,9564300000;2,3950000000
202200034616;2;3;2022;01:00;3;61;1;6;1;6;48,5464730000;0,5740680000
202200034617;25;8;2022;23:40;5;93;2;3;1;3;48,9206839228;2,4496296232
202200034618;7;1;2022;18:10;3;92;2;1;2;3;48,8359200000;2,2219500000
202200034619;25;8;2022;23:00;5;93;2;3;1;6;48,9091094173;2,4489979586
202200034620;19;1;2022;17:55;2;92;2;1;1;3;48,8735669916;2,2015818357
202200034621;25;2;2022;18:00;1;61;2;6;1;3;48,7291460000; -0,0392380000
202200034622;15;2;2022;02:12;4;92;2;1;1;2;48,8882512973;2,2418635189
202200034623;26;8;2022;14:18;1;92;2;3;1;6;48,8940855373;2,2271025181
202200034624;1;3;2022;12:00;1;46;2;3;1;3;44,8557210000;1,8773000000
202200034625;17;1;2022;19:30;5;92;2;2;1;3;48,9000274463;2,3062225878
202200034626;26;8;2022;06:40;1;92;2;3;1;3;48,9208300000;2,3177500000
202200034627;20;1;2022;19:35;5;92;2;1;1;6;48,7596226116;2,3057997376
202200034628;1;3;2022;20:15;3;47;1;1;1;1;44,5740000000;0,4549620000
202200034629;14;1;2022;12:50;1;92;2;1;1;6;48,7355390361;2,3056540936
202200034630;15;8;2022;20:30;1;92;2;3;1;3;48,9211800000;2,2951200000
202200034631;2;3;2022;04:30;3;03;1;1;1;2;46,2191580000;3,7734600000
202200034632;20;1;2022;15:00;1;35;1;1;1;3;47,8998260000; -1,4056170000
202200034633;13;8;2022;19:15;1;92;2;1;1;6;48,9365400000;2,3038000000
202200034634;2;3;2022;07:18;1;06;1;9;1;7;43,7561860000;7,4159000000
202200034635;21;1;2022;13:50;1;01;1;2;1;1;45,9212140000;5,2339450000
202200034636;11;8;2022;16:20;1;92;2;1;1;1;48,9351900000;2,2971600000
202200034637;21;1;2022;06:00;1;988;1;1;1;7; -20,6769600000;164,4145900000
202200034638;23;2;2022;11:50;1;14;1;3;1;3;49,1861490000;0,2994364000
202200034639;18;1;2022;17:30;1;974;1;1;1;7; -21,2451860000;55,3173780000
202200034640;10;8;2022;15:05;1;92;2;2;1;3;48,9208600000;2,3177100000
202200034641;19;1;2022;15:30;1;66;2;1;1;3;42,7248770000;2,9368420000
202200034642;1;3;2022;13:35;1;05;1;1;1;3;44,5462270000;5,9857460000
202200034643;24;7;2022;16:30;1;92;2;1;1;2;48,9266380000;2,2941370000
202200034644;20;1;2022;05:55;3;51;1;1;1;2;49,1812550000;4,2293930000
202200034645;7;8;2022;16:07;1;92;2;2;1;3;48,9331900000;2,2941500000
202200034646;20;1;2022;09:15;1;51;1;1;1;7;48,9669350000;3,7353300000
202200034647;28;2;2022;17:53;1;64;2;1;1;2;43,3818461649; -1,3149261475
202200034648;20;1;2022;17:45;5;2A;1;1;1;1;41,9684540000;8,7791240000
202200034649;5;8;2022;17:45;1;92;2;3;1;3;48,9337584734;2,3133966922
202200034650;20;1;2022;19:10;3;2B;1;1;1;7;42,5189440000;9,4676940000
202200034651;2;3;2022;12:20;1;73;1;1;1;6;45,6266401366;6,4452665085
202200034652;26;8;2022;14:30;1;92;2;1;1;6;48,8389609290;2,2400055528
202200034653;20;1;2022;23:45;5;82;2;1;1;6;43,9926620000;1,5657770000
202200034654;21;1;2022;09:50;1;65;1;1;4;6;42,7872440000;0,2413240000
202200034655;21;1;2022;07:45;2;63;1;1;1;6;45,9545730000;3,2095530000
202200034656;1;3;2022;15:40;1;18;1;3;1;4;46,6847050000;2,4647070000
202200034657;27;8;2022;10:10;1;60;1;1;1;1;49,4936500000;2,0277500000
202200034658;21;1;2022;16:07;1;61;2;1;1;6;48,5129510000; -0,4152600000
202200034659;20;1;2022;22:50;3;49;1;1;1;7;47,4300690000; -0,1234510000
202200034660;28;2;2022;15:50;1;85;1;1;1;3;46,3662980000; -0,5637790000
202200034661;26;8;2022;18:25;1;86;1;1;1;1;46,2671760000;0,6975400000
202200034662;20;1;2022;21:50;3;41;1;1;1;6;47,4005640000;1,4530530000
202200034663;21;1;2022;06:55;2;68;2;2;1;2;47,6198470000;7,0227210000
202200034664;27;8;2022;17:15;1;31;2;1;1;3;43,4775100000;1,2564010000
202200034665;2;3;2022;16:10;1;49;1;2;1;3;47,1275710000; -1,0511360000
202200034666;27;8;2022;17:45;1;63;1;1;1;6;45,9930534550;3,0220207572
202200034667;9;1;2022;14:30;1;39;1;1;5;1;46,5795180000;6,0527720000
202200034668;26;8;2022;13:00;1;76;1;2;1;7;49,6550020000;1,2723650000
202200034669;21;1;2022;08:10;2;44;2;1;1;1;47,2424420000; -1,3424860000
202200034670;28;2;2022;07:45;1;67;2;6;1;3;48,6217190000;7,6895820000
202200034671;20;1;2022;19:00;5;35;2;6;1;2;48,5495510000; -1,7566590000
202200034672;20;1;2022;10:10;1;35;1;1;7;7;48,5385770000; -1,9172400000
202200034673;25;2;2022;08:50;1;86;1;1;1;2;46,6337560000;0,3521390000
202200034674;20;1;2022;17:40;1;29;1;3;1;3;48,4592410000; -4,3644260000
202200034675;29;5;2022;16:15;1;41;1;1;1;4;47,7243140000;1,4955140000
202200034676;16;1;2022;06:00;3;29;1;1;1;7;48,5993380000; -4,5113420000
202200034677;1;3;2022;21:42;3;38;1;1;1;6;45,2406300000;5,6597190000
202200034678;21;1;2022;04:20;3;29;2;6;1;6;47,8584240663; -4,1590560973
202200034679;15;8;2022;01:19;5;971;1;1;1;3;15,9994300000; -61,7015040000
202200034680;24;2;2022;12:30;1;971;1;1;1;3;16,3257820000; -61,4768310000
202200034681;21;1;2022;14:40;1;03;2;2;1;3;46,4782150000;2,8362110000
202200034682;24;8;2022;06:30;2;84;1;1;1;2;44,1868430000;4,7487440000
202200034683;21;1;2022;08:00;1;15;2;1;4;6;45,2694750000;2,6053450000
202200034684;21;1;2022;10:35;1;72;2;9;1;6;48,2288070000;0,1347650000
202200034685;27;8;2022;17:20;1;62;1;1;1;1;50,2897250000;3,0134180000
202200034686;21;1;2022;16:52;1;64;1;1;2;7;43,1346662012; -0,9554886818
202200034687;21;1;2022;01:00;3;73;1;1;1;3;45,6304850000;6,3447010000
202200034688;27;8;2022;09:40;1;66;2;1;1;1;42,7739350000;2,9168430000
202200034689;1;3;2022;08:45;1;83;2;6;1;2;43,1834160000;5,6914540000
202200034690;21;1;2022;04:45;3;43;1;3;4;3;45,1683210000;4,2336420000
202200034691;26;8;2022;18:15;1;79;1;1;1;1;46,8083430000; -0,0195260000
202200034692;19;1;2022;01:40;3;16;1;9;1;2;45,5450940000; -0,0361560000
202200034693;20;1;2022;18:20;5;27;2;1;1;6;49,2960310000;0,6633570000
202200034694;27;8;2022;15:55;1;63;1;2;1;3;45,5087680000;3,5040160000
202200034695;18;1;2022;16:40;1;17;2;9;1;6;45,9412760000; -0,5188200000
202200034696;27;8;2022;16:00;1;55;1;1;1;6;49,3704560000;5,6349300000
202200034697;2;3;2022;07:00;2;13;1;1;1;1;43,8721788328;4,9212528709
202200034698;20;1;2022;18:15;3;72;1;1;1;2;48,0043950000;0,3062440000
202200034699;25;8;2022;13:21;1;25;1;3;9;3;47,2693070000;5,8192080000
202200034700;21;1;2022;12:43;1;38;1;1;1;3;45,1151170000;5,9989640000
202200034701;27;2;2022;20:05;3;67;1;1;1;6;48,3796182002;7,6004576683
202200034702;17;1;2022;07:40;2;42;1;1;2;2;45,8433080000;4,1638400000
202200034703;27;8;2022;07:30;1;38;1;1;1;7;45,5344310000;5,6080810000
202200034704;2;3;2022;15:10;1;42;1;2;1;3;45,5733430000;4,0877480000
202200034705;21;1;2022;15:08;1;72;1;1;1;6;48,0285090000; -0,0085400000
202200034706;26;8;2022;17:30;1;02;1;2;1;3;49,0275420000;3,4094100000
202200034707;21;1;2022;17:40;2;06;1;1;1;3;43,7287940000;7,2343900000
202200034708;26;8;2022;23:45;3;02;1;1;1;2;49,4492110000;3,9676520000
202200034709;22;2;2022;09:00;1;81;1;1;1;7;43,9405200000;1,9628250000
202200034710;21;1;2022;04:40;3;86;1;1;1;2;46,9566170000;0,5493620000
202200034711;26;8;2022;20:22;2;01;1;1;1;7;46,1924060000;5,5820420000
202200034712;26;8;2022;20:25;1;58;1;1;1;6;47,2687540000;3,8191330000
202200034713;26;8;2022;16:50;1;58;1;1;1;7;46,8059750000;3,8172230000
202200034714;2;8;2022;15:00;1;58;2;1;1;7;46,9289900000;3,2611640000
202200034715;20;1;2022;08:00;2;22;1;1;1;5;48,5313204513; -2,9295673631
202200034716;19;2;2022;17:30;1;24;1;1;1;6;44,9128970000;0,6683420000
202200034717;27;8;2022;15:50;1;05;2;3;1;3;44,6750500000;6,0715660000
202200034718;21;1;2022;16:40;1;971;1;1;1;6;16,2703490000; -61,3740060000
202200034719;26;8;2022;20:25;1;50;1;1;1;6;49,0047890000; -1,4887490000
202200034720;21;1;2022;13:00;1;971;1;1;1;6;16,3097190000; -61,0715010000
202200034721;26;8;2022;15:15;1;50;2;1;1;7;49,3664100000; -1,7693250000
202200034722;26;2;2022;17:50;1;85;1;3;7;3;46,9158200000; -1,0470950000
202200034723;20;1;2022;22:20;3;977;2;1;1;7;17,9004030000; -62,8254680000
202200034724;26;8;2022;05:45;2;60;1;1;1;1;49,1906230000;2,3643140000
202200034725;26;8;2022;19:10;1;18;1;1;1;6;46,6992150000;2,2014230000
202200034726;18;1;2022;17:30;1;37;2;2;1;3;47,4103896568;0,9796714783
202200034727;1;3;2022;08:30;1;13;1;1;1;2;43,2868300000;5,4348200000
202200034728;20;1;2022;07:55;2;77;2;3;1;6;49,0331800000;2,6988440000
202200034729;26;8;2022;16:00;1;36;1;1;1;3;46,8387900000;1,7325000000
202200034730;21;1;2022;17:50;3;95;2;1;1;1;49,0209600000;2,3533700000
202200034731;26;8;2022;20:50;3;24;1;1;1;6;45,3212240000;0,5643370000
202200034732;18;1;2022;16:30;1;91;2;1;1;6;48,5789360000;2,2401040000
202200034733;28;2;2022;14:00;1;83;1;1;1;3;43,1408933526;6,0015656948
202200034734;26;8;2022;09:45;1;85;1;1;1;6;46,8902980000; -1,3875070000
202200034735;20;1;2022;22:38;3;83;1;1;1;6;43,4297360000;6,1237140000
202200034736;26;8;2022;17:40;1;28;2;1;1;2;48,3257190000;0,8064170000
202200034737;21;1;2022;07:45;1;05;1;1;1;6;44,6317110000;6,6299270000
202200034738;28;2;2022;19:10;3;69;1;1;1;4;45,6905300000;4,8457000000
202200034739;27;8;2022;17:15;1;87;1;1;1;1;45,7602780000;0,9009430000
202200034740;20;1;2022;15:45;1;89;1;1;1;2;48,3333890000;3,2119800000
202200034741;27;8;2022;00:55;3;30;1;1;9;1;43,9804900000;3,9293450000
202200034742;21;1;2022;11:20;1;71;2;1;1;3;46,2524490000;4,7905490000
202200034743;27;8;2022;11:30;1;30;2;1;1;6;43,8703340000;4,2126990000
202200034744;1;3;2022;19:20;5;33;1;1;1;2;44,7887700000; -0,6018800000
202200034745;17;1;2022;19:30;5;67;2;6;1;1;48,5231600000;7,5045310000
202200034746;26;8;2022;21:15;3;03;1;1;1;6;46,5183130000;2,5781040000
202200034747;1;3;2022;14:45;1;33;1;1;1;4;44,8731000000; -0,5066700000
202200034748;20;1;2022;08:30;1;57;2;1;1;1;49,1867600000;6,6989890000
202200034749;26;8;2022;23:20;3;82;1;1;1;2;44,1719975411;1,5285701662
202200034750;21;1;2022;08:20;2;26;2;3;1;6;45,0704390000;4,8470870000
202200034751;26;8;2022;01:50;5;971;2;6;1;7;16,2602870000; -61,5883680000
202200034752;21;1;2022;13:00;1;01;1;1;1;6;46,1017260000;5,1895380000
202200034753;1;3;2022;19:20;3;91;1;1;1;2;48,7120400000;2,1830000000
202200034754;25;8;2022;17:15;2;971;1;2;1;3;16,1114720000; -61,5738740000
202200034755;20;1;2022;07:15;2;69;2;1;2;1;45,6689450000;5,0012250000
202200034756;27;8;2022;08:20;1;13;1;1;1;6;43,4891170000;5,5548170000
202200034757;21;1;2022;10:50;1;31;2;6;1;6;43,4675460000;1,3279990000
202200034758;1;3;2022;07:10;2;91;1;1;8;2;48,6794400000;2,3337700000
202200034759;26;8;2022;17:45;1;77;1;1;7;7;48,5466710000;2,7285580000
202200034760;21;1;2022;01:55;3;33;1;1;1;6;45,0002070000; -0,6529190000
202200034761;20;1;2022;09:00;1;29;2;1;1;6;48,4530675480; -4,2481327055
202200034762;27;8;2022;05:10;3;30;1;1;1;7;44,0660000000;3,3864070000
202200034763;28;2;2022;20:30;3;95;1;1;1;2;49,0434052650;2,5441181660
202200034764;20;1;2022;19:10;5;22;2;1;1;6;48,4419780000; -2,0735300000
202200034765;25;8;2022;16:45;1;06;2;1;1;3;43,7244440000;7,0896360000
202200034766;21;1;2022;11:30;1;60;1;1;8;2;49,1882670000;2,2349020000
202200034767;1;3;2022;07:00;2;94;1;1;1;4;48,8319200000;2,5319300000
202200034768;26;8;2022;19:30;1;13;1;4;1;6;43,4708840000;4,7065820000
202200034769;20;1;2022;17:10;1;13;1;1;1;2;43,3601300000;5,3619800000
202200034770;19;1;2022;08:33;1;83;1;1;1;2;43,1326560000;5,9824690000
202200034771;28;2;2022;17:15;1;77;1;1;1;3;48,8322791340;2,6562405846
202200034772;26;8;2022;16:35;1;55;2;6;1;6;48,7542900000;5,5988160000
202200034773;14;1;2022;18:00;3;69;1;1;1;5;45,7780300000;4,7810200000
202200034774;23;8;2022;11:35;1;74;1;4;1;3;46,0217080000;6,9187850000
202200034775;26;8;2022;18:20;1;69;1;1;1;1;45,7752610000;4,5884230000
202200034776;28;2;2022;13:20;1;94;1;1;1;4;48,8172000000;2,4308000000
202200034777;27;8;2022;15:30;1;79;1;1;7;7;46,8952020000; -0,4956190000
202200034778;27;8;2022;08:30;1;85;1;6;1;7;46,6495294524; -1,5121811628
202200034779;28;2;2022;13:00;1;60;2;1;1;7;49,4275800000;2,0829800000
202200034780;20;1;2022;09:00;1;33;1;1;2;4;44,7260800000; -0,5272100000
202200034781;20;1;2022;12:50;1;92;1;1;1;2;48,9181389775;2,2227648260
202200034782;18;2;2022;08:05;1;92;2;2;1;6;48,9243440000;2,2996460000
202200034783;27;8;2022;17:30;1;50;1;3;7;3;48,9832240000; -0,9542980000
202200034784;19;1;2022;22:30;4;93;1;1;2;6;48,9287700000;2,4147500000
202200034785;26;8;2022;23:20;3;29;1;1;1;6;48,2235860000; -4,5375250000
202200034786;19;1;2022;23:55;5;92;1;1;2;6;48,9492003801;2,2806682438
202200034787;28;2;2022;08:00;1;69;2;1;1;3;45,7486700000;4,8793400000
202200034788;20;1;2022;09:20;1;94;1;1;1;2;48,8205076244;2,4018322324
202200034789;28;2;2022;12:50;1;972;1;1;1;2;14,6184750526; -61,0211205485
202200034790;26;8;2022;09:00;1;27;2;1;1;2;49,0235780000;1,3770510000
202200034791;20;1;2022;08:00;1;77;1;1;1;2;48,8332151948;2,5944228581
202200034792;27;8;2022;04:36;3;59;1;1;1;6;50,6112156824;3,1877812743
202200034793;19;1;2022;00:15;3;77;1;1;1;2;48,8319180000;2,6627920000
202200034794;23;8;2022;17:00;1;69;1;1;1;3;45,6691196551;4,8458611965
202200034795;21;8;2022;18:00;1;42;1;9;1;2;45,4041900000;4,3754800000
202200034796;18;1;2022;17:41;2;75;2;3;1;6;48,8812960000;2,3581400000
202200034797;28;2;2022;00:05;5;972;1;1;2;6;14,6134100000; -61,0114900000
202200034798;19;1;2022;20:35;5;75;2;2;2;6;48,8645590000;2,4072420000
202200034799;26;8;2022;15:00;1;33;1;1;1;4;44,8501770823; -0,6675428152
202200034800;19;1;2022;18:30;5;75;2;4;2;6;48,8618538986;2,2677487135
202200034801;28;2;2022;06:20;5;91;2;1;1;6;48,6932070000;2,5425730000
202200034802;26;8;2022;00:30;5;33;1;1;1;2;44,8004000000; -0,5353000000
202200034803;18;1;2022;08:50;1;75;2;1;1;4;48,8419800000;2,2674710000
202200034804;19;1;2022;12:00;1;75;2;1;1;3;48,8539440000;2,2895630000
202200034805;26;8;2022;15:35;1;91;1;1;1;2;48,6235000000;2,3832400000
202200034806;26;2;2022;10:20;1;91;2;3;1;7;48,4334560000;2,1820470000
202200034807;19;1;2022;09:35;1;75;2;2;1;3;48,8493710000;2,2815700000
202200034808;26;8;2022;10:55;1;91;1;1;1;4;48,7386300000;2,3182900000
202200034809;19;1;2022;17:45;5;75;2;7;2;3;48,8374310000;2,3186360000
202200034810;28;2;2022;13:55;1;85;2;6;1;6;46,6678900000; -1,4117900000
202200034811;26;8;2022;10:15;1;91;1;1;1;5;48,6979200000;2,3143100000
202200034812;19;1;2022;08:10;5;75;2;3;1;3;48,8280030000;2,3155050000
202200034813;26;8;2022;17:00;1;93;1;1;1;6;48,9657704770;2,4759173748
202200034814;19;1;2022;18:25;5;75;2;2;2;6;48,8439650912;2,4134892225
202200034815;28;2;2022;09:10;1;83;2;1;1;3;43,1313700000;5,9050600000
202200034816;19;1;2022;13:15;1;75;2;3;1;2;48,8393960000;2,3943610000
202200034817;26;8;2022;17:00;1;77;1;1;1;2;48,7590485567;2,6156728365
202200034818;19;1;2022;00:50;5;75;2;5;1;2;48,8344109518;2,4099487066
202200034819;1;3;2022;00:13;5;78;2;2;1;3;49,0102450000;1,9038420000
202200034820;26;8;2022;09:30;1;77;1;1;1;6;48,7896103118;2,6181025973
202200034821;19;1;2022;08:50;1;75;2;5;1;6;48,8748180000;2,3573820000
202200034822;19;1;2022;15:23;1;75;2;2;8;2;48,8632210000;2,3545620000
202200034823;24;8;2022;08:51;1;988;2;3;1;4; -22,2525232525;166,4483910799
202200034824;18;1;2022;19:05;5;94;2;1;1;3;48,7878090000;2,3760370000
202200034825;16;1;2022;20:30;5;94;2;3;1;6;48,7904100000;2,3920300000
202200034826;28;2;2022;19:45;4;76;2;1;1;2;49,4349000000;1,0738700000
202200034827;17;1;2022;15:00;1;94;2;1;1;6;48,7945944350;2,4496550559
202200034828;24;8;2022;17:25;2;974;1;9;1;4; -21,3171000000;55,4903000000
202200034829;19;1;2022;13:50;1;93;1;9;8;2;48,9636950669;2,5588034450
202200034830;26;2;2022;17:25;1;76;2;2;1;6;49,5003800000;0,1226100000
202200034831;18;6;2022;04:45;3;83;1;1;1;6;43,5640210000;6,7092990000
202200034832;22;8;2022;10:45;1;974;2;6;1;2; -20,9003500000;55,4837800000
202200034833;19;1;2022;09:20;1;93;2;1;1;6;48,8681875250;2,4921160844
202200034834;28;2;2022;16:35;1;71;2;1;1;1;46,6762400000;4,3734700000
202200034835;18;6;2022;01:20;3;83;1;1;1;6;43,6000350000;6,6991280000
202200034836;18;1;2022;10:20;1;93;2;2;1;6;48,8862800000;2,4071000000
202200034837;25;8;2022;16:45;1;973;2;1;1;3;4,9308200000; -52,3055500000
202200034838;18;6;2022;12:00;1;06;1;1;1;6;43,9414560000;7,0575770000
202200034839;28;2;2022;18:25;5;69;2;1;1;6;45,7765984628;4,8747207775
202200034840;25;8;2022;19:00;2;69;2;2;1;7;45,7601500000;4,8445200000
202200034841;18;6;2022;08:09;1;06;2;1;1;7;43,7101490000;7,3306380000
202200034842;19;1;2022;07:50;2;93;2;3;1;3;48,9543000000;2,3097100000
202200034843;28;2;2022;08:20;1;69;2;1;1;7;45,7760300000;4,9959600000
202200034844;25;8;2022;17:00;1;69;2;1;1;2;45,7569900000;4,8522600000
202200034845;30;5;2022;09:15;1;67;2;1;1;7;48,9850480000;7,7603200000
202200034846;23;2;2022;16:50;1;68;1;9;1;3;48,0680048661;7,3846433760
202200034847;25;8;2022;09:15;1;69;2;1;1;2;45,7730000000;4,7912000000
202200034848;19;1;2022;13:30;1;93;2;1;1;6;48,8977800000;2,5593300000
202200034849;18;6;2022;05:20;2;74;2;1;1;1;46,2217530000;6,2944200000
202200034850;25;8;2022;16:50;1;971;1;1;2;2;16,2597200000; -61,5083100000
202200034851;27;2;2022;14:30;1;67;2;3;1;3;48,5509991162;7,6874712110
202200034852;17;6;2022;23:15;4;42;2;1;1;6;45,3898270000;4,7453160000
202200034853;25;8;2022;10:00;1;971;1;3;1;3;16,2177300000; -61,4305600000
202200034854;25;2;2022;17:55;2;67;2;3;1;3;48,5899900000;7,7090700000
202200034855;19;1;2022;17:55;5;93;2;1;2;6;48,9407708735;2,5005256405
202200034856;25;8;2022;12:30;1;971;1;9;1;3;16,2614900000; -61,4991900000
202200034857;18;6;2022;16:50;1;38;1;1;1;1;45,2913050000;5,7670230000
202200034858;25;2;2022;07:30;1;67;2;3;1;3;48,6035400000;7,7764800000
202200034859;23;8;2022;05:34;2;971;2;1;1;6;16,2407400000; -61,5339200000
202200034860;16;6;2022;17:35;1;01;1;2;1;3;45,8530760000;5,1434250000
202200034861;24;8;2022;08:49;1;87;2;1;1;3;45,8469100000;1,2586900000
202200034862;25;2;2022;18:17;1;66;2;1;1;2;42,6843000000;2,8651900000
202200034863;19;1;2022;17:05;2;93;2;6;2;6;48,9279066104;2,4907758465
202200034864;17;6;2022;19:00;1;01;1;1;1;6;46,1037980000;5,5708190000
202200034865;19;8;2022;18:30;1;84;2;1;1;3;43,9393000000;4,8213000000
202200034866;25;2;2022;15:00;1;66;2;1;1;6;42,6945700000;2,8892200000
202200034867;16;8;2022;19:25;1;84;2;1;1;3;43,9348000000;4,7987000000
202200034868;26;2;2022;16:40;1;65;2;1;1;2;43,2176480000;0,0565660000
202200034869;17;6;2022;08:00;1;01;1;3;1;5;45,9844870000;5,5904370000
202200034870;24;8;2022;18:30;1;84;2;1;1;3;43,9256780000;4,8094100000
202200034871;19;1;2022;21:46;5;93;2;1;2;3;48,9087602979;2,3975009546
202200034872;24;8;2022;21:25;5;81;2;9;1;3;44,0506700000;2,1580800000
202200034873;19;1;2022;14:04;1;92;2;1;1;6;48,8149177056;2,2965964079
202200034874;27;2;2022;05:20;5;65;2;2;1;3;43,2445000000;0,0733500000
202200034875;17;6;2022;19:15;1;69;1;1;1;7;46,0156400000;4,6556980000
202200034876;19;1;2022;08:25;1;92;2;1;1;3;48,8216841131;2,2933038622