Accident_Id;jour;mois;an;hrmn;lum;dep;agg;int;atm;col;lat;long
202200034877;24;8;2022;09:25;1;80;2;1;1;3;49,8778200000;2,3400300000
202200034878;19;1;2022;09:40;1;92;2;1;1;7;48,8282080534;2,2262358963
202200034879;17;6;2022;16:25;1;85;1;1;1;1;46,6820570000; -1,5903510000
202200034880;24;8;2022;21:00;1;78;2;1;1;6;48,9726790000;1,7087940000
202200034881;19;1;2022;10:27;1;92;2;1;1;6;48,8428350000;2,2120030000
202200034882;28;2;2022;16:30;1;64;2;1;1;2;43,3849592911; -1,6639217734
202200034883;25;8;2022;15:45;1;71;2;1;1;3;46,7633000000;4,8425000000
202200034884;19;1;2022;19:20;5;92;2;1;3;2;48,8839493046;2,2325762361
202200034885;17;6;2022;13:20;1;61;1;1;7;1;48,4971850000;0,1217720000
202200034886;19;1;2022;17:20;1;92;2;2;2;1;48,8927453152;2,1802926064
202200034887;28;2;2022;08:35;1;64;2;1;1;7;43,2939825133; -0,3091245890
202200034888;18;6;2022;16:30;1;60;2;1;7;7;49,1063660357;2,7863551676
202200034889;19;1;2022;12:35;1;92;2;1;1;3;48,8974804587;2,2910234481
202200034890;28;2;2022;07:45;1;64;2;1;1;6;43,2795700000; -0,3262000000
202200034891;2;6;2022;14:30;1;60;2;1;1;6;49,3672770000;2,2146950000
202200034892;25;8;2022;15:35;1;69;2;2;1;1;45,7075800000;4,9078000000
202200034893;19;1;2022;21:00;5;92;2;1;2;3;48,8224190000;2,2669160000
202200034894;28;2;2022;11:25;1;64;2;1;1;3;43,5242300000; -1,5047200000
202200034895;18;6;2022;07:40;1;62;2;1;1;6;50,5141980000;1,6377270000
202200034896;24;8;2022;10:30;1;67;2;3;1;6;48,6323600000;7,7680500000
202200034897;19;1;2022;22:20;5;92;2;2;2;6;48,8924859516;2,2455392182
202200034898;27;2;2022;10:42;1;63;2;1;2;6;45,8056600000;3,1260600000
202200034899;19;1;2022;09:19;1;92;2;1;1;6;48,9150200000;2,2420650000
202200034900;25;8;2022;17:30;1;64;2;1;1;2;43,3325900000; -0,4521900000
202200034901;19;1;2022;11:20;1;92;2;1;1;6;48,8091130055;2,2726599723
202200034902;25;2;2022;13:50;1;63;2;1;1;3;45,7647900000;3,1274600000
202200034903;25;8;2022;14:50;1;64;2;1;1;6;43,3213800000; -0,3650500000
202200034904;16;6;2022;17:23;1;33;1;1;1;4;44,8710600000; -0,6425220000
202200034905;17;1;2022;18:25;3;74;2;1;1;6;46,3338770000;6,3899020000
202200034906;26;2;2022;08:07;1;63;2;1;1;6;45,8074100000;3,1191900000
202200034907;16;6;2022;06:00;1;59;1;1;1;2;50,3194815546;3,4211039543
202200034908;19;1;2022;17:40;2;56;2;1;2;1;47,6585440000; -3,2060020000
202200034909;26;2;2022;03:58;5;63;2;1;1;6;45,7629673975;3,0812466145
202200034910;22;8;2022;21:25;5;63;2;2;1;3;45,7641500000;3,1259200000
202200034911;17;6;2022;17:15;1;94;1;1;1;2;48,7889285400;2,3451101160
202200034912;13;1;2022;17:30;1;56;1;3;1;2;47,7058196600; -2,5530552800
202200034913;28;2;2022;08:40;1;59;2;1;1;4;50,6938200000;3,1735500000
202200034914;23;8;2022;12:45;1;63;2;2;1;3;45,7642272755;3,1255728006
202200034915;17;6;2022;14:50;1;91;1;1;1;6;48,7140000000;2,3080000000
202200034916;28;2;2022;09:00;1;59;2;1;1;6;50,6768880050;3,1729753017
202200034917;18;8;2022;00:50;5;62;2;1;1;6;50,4087600000;2,7640500000
202200034918;19;1;2022;18:15;5;56;1;6;8;6;47,6884270000; -2,7507720000
202200034919;26;2;2022;18:45;5;59;2;-1;1;6;50,6390000000;3,0701400000
202200034920;21;7;2022;08:25;1;62;2;9;1;6;50,4053400000;2,7564400000
202200034921;17;6;2022;12:44;1;94;1;1;1;4;48,7547200943;2,3463439041
202200034922;20;1;2022;11:30;1;2B;2;1;1;3;42,5585810000;8,7574020000
202200034923;21;8;2022;03:00;3;62;1;1;1;7;50,9128400000;1,9164500000
202200034924;19;1;2022;19:03;3;82;1;1;2;6;44,1049350000;0,8785640000
202200034925;27;2;2022;00:45;5;59;2;2;1;1;50,6013766654;3,0871689320
202200034926;17;6;2022;07:30;1;92;1;1;1;3;48,9435714245;2,2874027342
202200034927;25;8;2022;10:00;1;62;2;1;1;6;50,9506430000;1,8692530000
202200034928;9;4;2022;20:30;2;13;2;1;1;6;43,2846600000;5,4842400000
202200034929;18;1;2022;18:00;3;46;1;1;5;6;44,8179480000;1,7860460000
202200034930;26;2;2022;15:53;1;56;1;1;1;3;47,7410100000; -3,4065700000
202200034931;16;6;2022;17:25;1;95;1;1;1;2;48,9950300000;2,5160000000
202200034932;25;8;2022;03:15;5;62;2;3;1;6;50,7154310000;1,6142170000
202200034933;9;4;2022;14:30;1;13;2;1;1;3;43,2868000000;5,3869300000
202200034934;16;1;2022;06:00;3;41;1;1;5;6;47,2760120000;1,8011140000
202200034935;25;8;2022;11:45;1;62;1;1;1;1;50,5440700000;2,4602700000
202200034936;21;2;2022;07:50;2;56;2;8;1;3;47,7594720000; -3,3463430000
202200034937;16;6;2022;14:30;1;92;1;1;1;2;48,9276402983;2,3329517394
202200034938;9;4;2022;11:00;1;13;2;1;1;1;43,3039739175;5,4162094560
202200034939;25;8;2022;22:15;5;59;2;1;1;6;50,6843230239;3,2014685869
202200034940;19;1;2022;16:15;1;39;1;1;8;6;46,6656400000;5,8060690000
202200034941;27;2;2022;04:05;5;55;2;1;1;7;49,1586990000;5,3967990000
202200034942;19;1;2022;13:50;1;25;1;1;8;6;47,1167920000;6,2680440000
202200034943;9;4;2022;10:30;1;13;2;1;1;3;43,3444417211;5,3594264388
202200034944;16;6;2022;13:50;1;93;1;1;1;7;48,9344734983;2,3976524226
202200034945;18;1;2022;17:30;1;29;2;1;1;7;47,8641590000; -4,2344090000
202200034946;25;8;2022;18:00;1;59;1;3;1;2;50,5369898950;3,0281281471
202200034947;27;2;2022;04:15;5;54;2;1;1;1;48,6790884125;6,1730329692
202200034948;20;1;2022;03:40;3;38;1;1;8;7;45,3260220000;5,0553850000
202200034949;16;6;2022;12:05;1;93;1;1;1;3;48,9058500000;2,4723700000
202200034950;9;4;2022;09:24;1;06;2;2;1;1;43,7016700000;7,2834900000
202200034951;20;2;2022;11:26;1;52;2;1;1;7;48,6415800000;4,9491600000
202200034952;25;8;2022;21:40;3;51;2;3;1;3;49,2784200000;4,0150500000
202200034953;20;1;2022;13:00;1;38;2;2;1;2;45,2560270000;5,9057790000
202200034954;17;6;2022;17:50;1;94;1;1;1;2;48,8118278382;2,4491292177
202200034955;9;4;2022;20:57;5;06;2;1;1;3;43,7628120000;7,4789890000
202200034956;28;2;2022;08:20;1;51;2;1;7;7;49,2756400000;4,0309700000
202200034957;24;8;2022;08:15;1;50;1;6;1;3;48,8040900000; -1,5485000000
202200034958;9;4;2022;07:30;2;75;2;4;2;7;48,8672225880;2,4132290483
202200034959;18;1;2022;17:40;2;02;2;6;1;3;49,3939060000;3,3740100000
202200034960;17;6;2022;16:40;1;94;1;1;1;3;48,8520234289;2,4897042795
202200034961;26;2;2022;19:15;2;49;2;2;1;3;47,2595200000; -0,0787700000
202200034962;20;1;2022;12:50;1;03;1;1;2;6;46,1969510000;3,7594270000
202200034963;23;8;2022;16:00;1;50;2;6;1;3;49,6364700000; -1,5960000000
202200034964;8;4;2022;01:00;5;75;2;2;1;3;48,8387390000;2,2697100000
202200034965;19;1;2022;16:37;2;18;1;2;8;3;47,2494310000;2,9146520000
202200034966;26;2;2022;11:00;1;49;2;1;1;6;47,2743100000; -0,0616300000
202200034967;24;8;2022;13:29;1;49;2;1;1;6;47,4749700000; -0,5357800000
202200034968;17;6;2022;14:20;1;93;1;1;1;4;48,8352252713;2,5747235643
202200034969;20;1;2022;09:00;1;24;1;1;8;1;45,2879310000;0,8959010000
202200034970;20;2;2022;22:15;3;49;1;1;2;6;47,0132700000; -0,8518400000
202200034971;24;8;2022;08:00;1;48;1;1;1;3;44,5285000000;3,4484500000
202200034972;20;1;2022;15:05;1;13;1;1;7;6;43,5962590000;5,4882610000
202200034973;9;4;2022;18:14;1;75;2;7;1;6;48,8630396710;2,3880176246
202200034974;20;1;2022;12:00;1;973;2;1;1;2;4,8907500000; -52,3045030000
202200034975;17;6;2022;06:40;1;77;1;1;1;6;48,8395179423;2,6641993077
202200034976;28;2;2022;17:30;1;47;2;6;1;3;44,1951000000;0,6126000000
202200034977;24;8;2022;08:50;1;42;2;4;1;2;46,0411900000;4,0746500000
202200034978;9;4;2022;10:15;1;75;2;1;8;3;48,8852340000;2,3304820000
202200034979;11;1;2022;21:54;3;21;1;1;1;2;47,0190402842;4,8699072003
202200034980;28;2;2022;15:20;1;45;1;1;1;2;47,9317800000;1,8794500000
202200034981;15;1;2022;23:30;3;976;1;1;1;7; -12,8526720000;45,1049330000
202200034982;17;4;2022;18:15;1;67;2;1;7;3;48,5830500000;7,6965600000
202200034983;24;8;2022;13:10;1;37;2;1;1;3;47,3805426178;0,6876915693
202200034984;8;4;2022;22:43;5;75;2;4;2;3;48,8869230000;2,3476570000
202200034985;28;2;2022;04:15;5;44;2;1;5;6;47,2182600000; -1,5782900000
202200034986;13;1;2022;07:20;3;76;1;1;5;2;49,3363820000;1,0751530000
202200034987;16;6;2022;06:15;2;988;2;1;8;6; -22,2491200000;166,4513800000
202200034988;25;8;2022;10:25;1;35;2;1;8;3;48,1218336467; -1,6403947771
202200034989;15;1;2022;17:35;1;973;2;1;1;3;4,9295950000; -52,4065660000
202200034990;24;2;2022;18:15;1;42;2;1;1;2;45,4413400000;4,3873100000
202200034991;9;4;2022;20:45;5;75;2;2;1;3;48,8943370000;2,3138060000
202200034992;25;8;2022;07:15;1;33;2;1;1;1;44,7942110202; -0,6050124764
202200034993;15;1;2022;21:50;3;973;1;1;1;3;4,9126900000; -52,3719550000
202200034994;16;6;2022;08:50;1;974;1;1;7;4; -21,3198800000;55,4892000000
202200034995;24;2;2022;17:45;2;42;2;3;1;3;46,0468580035;4,0694259030
202200034996;25;8;2022;19:25;1;31;2;9;1;6;43,6162000000;1,4640400000
202200034997;9;4;2022;20:00;2;75;2;3;1;1;48,8935330674;2,3243305832
202200034998;15;6;2022;15:35;1;974;2;1;1;6; -20,9365320000;55,2934970000
202200034999;20;1;2022;08:00;2;2B;1;1;5;4;42,4960870000;9,2972660000
202200035000;25;8;2022;16:20;1;31;2;1;1;7;43,1114900000;0,7415300000
202200035001;9;4;2022;13:20;1;75;2;2;1;6;48,8829290000;2,2963850000
202200035002;16;6;2022;19:12;5;973;2;1;1;6;4,9348200000; -52,3332400000
202200035003;20;1;2022;13:50;1;84;1;1;6;3;44,2675910000;4,6893600000
202200035004;9;4;2022;12:45;1;75;2;5;8;3;48,8212789813;2,3426641524
202200035005;16;6;2022;13:50;1;973;2;6;2;2;4,9077083840; -52,3225861788
202200035006;28;2;2022;08:45;1;37;2;1;1;3;47,3966000000;0,7230300000
202200035007;24;8;2022;04:20;5;25;2;1;1;6;47,5008500000;6,8422300000
202200035008;9;4;2022;10:50;1;75;2;1;1;3;48,8479666255;2,3922367394
202200035009;19;1;2022;17:00;3;54;1;1;2;2;48,7215750326;5,9259974952
202200035010;28;2;2022;08:10;1;35;2;1;1;6;48,1285570000; -1,6991220000
202200035011;16;6;2022;14:45;1;973;2;9;2;3;4,9037500000; -52,3165500000
202200035012;25;8;2022;15:50;1;17;2;1;1;2;45,6316700000; -0,9876200000
202200035013;20;1;2022;08:30;1;38;1;1;8;5;45,8341520000;5,3243350000
202200035014;8;4;2022;22:38;5;75;2;2;9;3;48,8723662715;2,3374266304
202200035015;27;2;2022;16:55;1;34;1;1;1;1;43,3506417819;3,1334598075
202200035016;16;6;2022;11:15;1;973;2;3;1;3;4,9347411404; -52,3117500544
202200035017;25;8;2022;05:45;5;17;2;6;3;3;45,6457200000; -1,0898700000
202200035018;7;1;2022;20:40;5;01;2;3;2;1;45,8458620000;5,0387820000
202200035019;9;4;2022;20:50;5;75;2;3;1;3;48,8844387375;2,3012213409
202200035020;28;2;2022;19:10;1;33;2;2;1;3;44,8570900000; -0,5911600000
202200035021;16;6;2022;23:15;5;69;2;2;1;3;45,7718000000;4,8445000000
202200035022;16;1;2022;09:45;1;33;1;1;5;6;45,1123380000; -0,6053750000
202200035023;25;8;2022;19:30;1;17;2;2;1;7;46,1537500000; -1,1275100000
202200035024;9;4;2022;14:00;1;75;2;2;1;1;48,8634360986;2,3508515954
202200035025;19;1;2022;07:50;2;85;1;1;8;6;46,5513700000; -1,6687360000
202200035026;1;5;2022;10:40;1;972;1;1;1;7;14,6050700000; -60,9602200000
202200035027;28;2;2022;08:40;1;33;2;2;5;3;44,8076800000; -0,6619900000
202200035028;9;4;2022;00:20;5;94;2;1;2;2;48,7636300000;2,4450000000
202200035029;16;6;2022;18:15;1;69;2;1;1;2;45,7203500000;4,8108400000
202200035030;19;1;2022;12:45;1;22;1;3;8;3;48,7932350000; -3,4708000000
202200035031;28;2;2022;17:10;1;25;2;1;1;3;47,2170000000;5,9640000000
202200035032;8;7;2022;00:28;5;17;2;6;1;3;45,9479200000; -0,9762400000
202200035033;16;6;2022;06:50;1;69;1;1;1;1;45,7564400000;4,8348700000
202200035034;9;4;2022;10:00;1;93;2;2;8;3;48,9537158906;2,5064287541
202200035035;19;1;2022;19:05;5;22;2;1;1;6;48,4781400000; -2,6677620000
202200035036;25;2;2022;17:20;1;15;2;1;1;7;44,9109870000;2,4271300000
202200035037;24;8;2022;03:40;5;14;2;1;5;6;49,1425700000;0,2477450000
202200035038;20;1;2022;14:45;1;27;2;1;1;7;49,0059650000;1,2209150000
202200035039;16;6;2022;07:35;1;2A;2;6;1;3;41,9449300000;8,7582700000
202200035040;20;1;2022;07:10;3;60;1;1;1;7;49,2278290000;2,2723450000
202200035041;9;4;2022;05:35;2;92;2;2;2;3;48,8788918834;2,2707777321
202200035042;25;8;2022;08:15;1;13;1;1;1;3;43,4172600000;5,2894900000
202200035043;26;2;2022;13:30;1;14;2;3;1;3;49,1423820000;0,2467870000
202200035044;19;1;2022;13:45;1;13;1;1;1;3;43,3303600000;5,3935500000
202200035045;16;6;2022;16:05;1;95;2;1;1;3;48,9808319435;2,4547040462
202200035046;25;8;2022;18:00;1;13;1;1;1;3;43,3849128460;5,5596031307
202200035047;28;2;2022;19:23;5;13;2;1;1;1;43,2916617628;5,4606056352
202200035048;10;4;2022;11:30;1;12;1;2;1;3;44,4051300000;2,0903650000
202200035049;28;2;2022;08:40;1;13;2;9;1;3;43,2724319972;5,3911252822
202200035050;17;1;2022;19:24;3;54;1;1;1;5;48,6405600000;6,1702600000
202200035051;10;4;2022;07:45;1;54;1;9;1;7;48,5215500000;6,2299350000
202200035052;12;1;2022;09:00;1;33;1;1;1;3;44,7851900000; -0,5930900000
202200035053;15;6;2022;18:35;1;95;2;1;1;4;48,9879200000;2,1818600000
202200035054;28;2;2022;06:30;5;13;2;1;1;3;43,2838249358;5,4931971934
202200035055;10;4;2022;14:30;1;87;2;6;1;3;45,9558270000;1,4024140000
202200035056;25;8;2022;17:45;1;13;2;1;1;3;43,3583200000;5,3576100000
202200035057;18;1;2022;22:37;3;91;1;1;1;2;48,6313200000;2,5193600000
202200035058;28;2;2022;05:45;3;13;1;1;1;1;43,4904000000;4,9668500000
202200035059;16;6;2022;18:00;1;91;2;1;1;4;48,6875310000;2,5265760000
202200035060;19;1;2022;08:50;1;78;1;1;8;3;48,8365640000;2,0891690000
202200035061;25;8;2022;09:05;1;13;2;2;1;3;43,3098000000;5,3702000000
202200035062;19;1;2022;07:00;3;95;1;1;1;2;49,0083050000;2,2386230000
202200035063;28;2;2022;07:02;1;13;2;2;1;3;43,5288293228;5,4233014222
202200035064;14;6;2022;18:14;1;91;2;6;1;6;48,7107000000;2,4887800000
202200035065;10;4;2022;18:00;1;38;1;1;1;5;45,4859910000;4,9993200000
202200035066;19;1;2022;08:50;2;95;1;1;1;4;48,9649400000;2,2606600000
202200035067;16;6;2022;03:15;5;87;2;3;1;6;45,8333700000;1,2758000000
202200035068;27;2;2022;02:30;3;10;1;1;1;3;48,2948860527;4,0306413174
202200035069;25;8;2022;16:53;1;75;2;2;1;6;48,8977960000;2,3374390000
202200035070;19;1;2022;18:15;3;94;1;1;2;2;48,8239900000;2,3951200000
202200035071;15;6;2022;20:42;1;87;1;1;1;7;45,8942600000;1,3796300000
202200035072;8;4;2022;16:30;1;71;2;1;1;6;46,6254620000;3,7738650000
202200035073;24;8;2022;23:15;5;75;2;1;1;3;48,8646510000;2,2425870000
202200035074;28;2;2022;19:30;5;06;2;3;1;3;43,6649570000;7,1711430000
202200035075;18;1;2022;21:45;3;77;1;1;1;6;48,9237498081;2,6295883070
202200035076;15;6;2022;17:53;1;87;2;1;1;6;45,8361600000;1,2638200000
202200035077;22;8;2022;18:55;1;75;2;1;1;2;48,8507800000;2,2775540000
202200035078;10;4;2022;07:05;1;972;1;1;1;1;14,5364040000; -61,0310380000
202200035079;27;2;2022;19:40;5;75;2;1;1;7;48,8434705829;2,3542483030
202200035080;18;1;2022;16:00;1;38;2;1;1;6;45,1672000000;5,7240200000
202200035081;25;8;2022;12:15;1;75;2;3;1;6;48,8277800000;2,3645590000
202200035082;9;4;2022;18:18;1;46;1;1;1;6;44,4668970000;1,7417410000
202200035083;17;1;2022;17:45;1;78;1;1;1;6;48,7810580000;2,1725360000
202200035084;28;2;2022;19:25;5;75;2;4;1;3;48,8804630000;2,4071160000
202200035085;18;1;2022;20:47;5;976;2;1;1;1; -12,7807100000;45,2334700000
202200035086;9;4;2022;16:20;1;56;1;4;1;6;48,0037780000; -3,0633400000
202200035087;25;8;2022;10:00;1;75;2;2;7;6;48,8489350000;2,4054800000
202200035088;15;6;2022;09:20;1;83;1;1;1;3;43,1144800000;6,0561600000
202200035089;18;1;2022;08:20;1;973;2;1;1;2;4,9321962467; -52,3077750206
202200035090;28;2;2022;14:50;1;75;2;1;1;3;48,8852770000;2,3923400000
202200035091;25;8;2022;16:10;1;94;2;1;1;6;48,7841600000;2,3961700000
202200035092;9;4;2022;06:10;3;56;1;1;1;6;48,0289250000; -2,9690770000
202200035093;16;6;2022;18:05;1;81;2;3;1;1;43,9438393255;2,1453613602
202200035094;25;8;2022;11:05;1;94;2;1;1;6;48,7910000000;2,3810000000
202200035095;18;1;2022;19:54;5;69;2;2;1;6;45,6924800000;4,8727700000
202200035096;28;2;2022;11:30;1;75;2;1;1;6;48,8682041583;2,2818879783
202200035097;7;4;2022;16:40;1;56;1;4;1;5;47,7591376000; -3,0553270000
202200035098;14;6;2022;18:37;1;80;2;6;1;3;49,9065200000;2,2685800000
202200035099;25;8;2022;17:05;1;94;2;7;1;6;48,8096200000;2,3275500000
202200035100;28;2;2022;01:15;5;75;2;1;1;6;48,8456749464;2,4015775323
202200035101;9;4;2022;17:00;1;56;1;1;1;3;47,5707420000; -2,4738500000
202200035102;1;9;2022;14:15;1;94;2;1;1;6;48,7786100000;2,4172900000
202200035103;14;6;2022;14:15;1;80;2;1;1;6;49,8948200000;2,2918500000
202200035104;18;1;2022;18:35;5;69;2;2;1;3;45,7470750317;4,8598033190
202200035105;28;2;2022;07:15;2;94;1;1;1;3;48,7540800000;2,3516100000
202200035106;16;6;2022;10:30;1;80;2;1;1;6;50,1050000000;1,8330000000
202200035107;19;2;2022;19:10;2;94;2;1;1;6;48,8424000000;2,4742000000
202200035108;25;8;2022;12:35;1;93;2;1;7;6;48,9162858949;2,3443253945
202200035109;10;4;2022;11:50;1;79;2;2;1;3;46,6876940000; -0,2451430000
202200035110;10;4;2022;11:15;1;32;1;1;1;3;43,5905110000;0,9637550000
202200035111;16;6;2022;17:20;1;78;1;3;1;3;48,9591700000;1,8840070000
202200035112;25;8;2022;21:15;5;93;2;1;1;3;48,9276375886;2,3676811516
202200035113;10;4;2022;04:10;5;25;2;2;4;6;47,2155480000;6,8203300000
202200035114;28;2;2022;16:00;1;93;2;1;1;6;48,9141881444;2,3365414419
202200035115;25;8;2022;17:30;1;93;2;1;1;2;48,8997876300;2,4485374843
202200035116;10;4;2022;18:15;1;25;2;1;1;6;47,2826950000;6,1294990000
202200035117;25;8;2022;20:55;2;93;2;1;1;7;48,8935479607;2,5465264579
202200035118;28;2;2022;10:00;1;93;2;1;1;3;48,9025600000;2,3907400000
202200035119;25;8;2022;14:00;1;93;2;9;1;1;48,9541636201;2,3104069891
202200035120;9;4;2022;00:45;3;44;1;3;1;3;47,3933450000; -1,0050240000
202200035121;15;6;2022;18:35;1;77;1;2;1;4;48,8586000000;2,7515000000
202200035122;28;2;2022;18:30;2;93;2;1;1;2;48,8728770000;2,4535160000
202200035123;25;8;2022;20:00;2;93;2;1;1;6;48,9259600000;2,3807900000
202200035124;10;4;2022;14:10;1;35;1;1;1;6;48,6700080000; -1,9057340000
202200035125;17;4;2022;22:15;5;76;1;1;1;2;49,4551078489;1,0517169535
202200035126;25;8;2022;17:00;1;93;2;3;1;1;48,9289214276;2,3855979432
202200035127;27;2;2022;23:00;5;93;2;2;1;1;48,8572870000;2,4316140000
202200035128;16;6;2022;12:15;1;74;2;1;1;3;46,1938000000;6,2329500000
202200035129;9;4;2022;09:00;1;29;2;2;1;5;47,8012923058; -4,2896179855
202200035130;25;8;2022;07:55;1;92;2;1;1;7;48,8156364626;2,3049243987
202200035131;15;6;2022;17:40;1;72;2;1;1;3;48,0338870000;0,1757310000
202200035132;10;4;2022;06:45;2;31;2;1;1;1;43,6713960000;1,5197430000
202200035133;28;2;2022;08:05;1;93;2;2;1;1;48,9056300000;2,5812100000
202200035134;24;8;2022;12:55;1;92;2;2;1;3;48,8310800000;2,2572500000
202200035135;8;4;2022;18:00;2;54;1;1;3;1;48,6441599246;5,8923947806
202200035136;16;6;2022;17:30;1;69;2;6;1;3;45,7749300000;4,8882600000
202200035137;26;8;2022;18:50;1;2B;1;1;1;7;42,4370450000;8,6705300000
202200035138;28;2;2022;06:37;5;93;2;6;1;3;48,9125000000;2,4362200000
202200035139;9;4;2022;16:45;1;50;1;1;1;7;49,5580720000; -1,7458340000
202200035140;26;8;2022;13:45;1;84;1;1;1;3;44,2570480000;5,1465630000
202200035141;16;6;2022;19:10;1;69;2;2;1;6;45,7526100000;4,8289100000
202200035142;9;4;2022;22:00;3;50;1;1;1;6;49,6167680000; -1,3406320000
202200035143;24;8;2022;12:05;1;85;1;1;1;1;46,5228890000; -0,9896585000
202200035144;16;6;2022;17:25;1;69;2;1;1;1;45,7739700000;4,9896600000
202200035145;10;4;2022;17:00;1;83;1;3;1;1;43,5562300000;6,1104050000
202200035146;25;8;2022;20:40;1;62;2;1;1;2;50,8657500000;1,9740970000
202200035147;28;2;2022;14:10;1;92;2;1;1;3;48,8764093093;2,1710625887
202200035148;15;6;2022;08:30;1;67;2;1;1;1;48,5724800000;7,7527700000
202200035149;10;4;2022;12:50;1;60;1;4;1;1;49,5528350000;2,1414540000
202200035150;24;8;2022;16:00;1;69;2;3;1;3;45,6933745552;4,8211258650
202200035151;28;2;2022;18:00;1;92;2;9;1;3;48,8865123697;2,2305122763
202200035152;15;6;2022;08:00;1;64;2;6;1;3;43,3130200000; -0,3690000000
202200035153;1;7;2022;16:40;1;83;1;9;1;2;43,4807330000;5,8751960000
202200035154;16;6;2022;18:30;1;64;2;1;1;6;43,4840200000; -1,4993900000
202200035155;28;2;2022;08:50;1;92;2;1;1;3;48,8291522788;2,2636336684
202200035156;9;4;2022;11:20;1;07;1;1;1;1;44,8760580000;4,7763920000
202200035157;24;8;2022;18:00;1;74;1;1;7;3;45,7733530000;6,2388400000
202200035158;16;6;2022;16:15;1;64;2;1;1;3;43,4801600000; -1,5206900000
202200035159;28;2;2022;17:50;1;92;2;2;1;3;48,9004104155;2,2607741654
202200035160;11;8;2022;15:55;1;67;2;4;9;1;48,9319270000;8,1573000000
202200035161;9;4;2022;16:20;1;21;1;3;1;1;47,3267973397;4,4943881034
202200035162;22;2;2022;20:00;5;92;2;1;1;7;48,9072000000;2,3004000000
202200035163;16;6;2022;08:18;1;63;2;2;1;3;45,7649200000;3,0792100000
202200035164;26;8;2022;15:30;1;76;1;2;1;2;49,7583910000;0,6170390000
202200035165;16;6;2022;00:18;3;63;2;1;1;3;45,7791700000;3,1121400000
202200035166;25;8;2022;20:00;1;79;1;1;1;7;46,8113980000; -0,0617550000
202200035167;10;4;2022;14:10;1;40;1;2;1;1;43,7728560000; -0,3484990000
202200035168;26;2;2022;21:40;5;92;2;1;1;3;48,9257904821;2,2745384574
202200035169;26;2;2022;12:30;1;92;2;1;1;6;48,9138036763;2,2991023958
202200035170;10;4;2022;12:05;1;40;1;1;1;4;43,5402660000; -1,3670470000
202200035171;22;8;2022;18:00;1;2A;2;1;1;1;41,8811680000;8,7864980000
202200035172;15;6;2022;15:04;1;63;2;1;1;1;45,7695259909;3,1151945293
202200035173;25;8;2022;15:30;1;2A;1;1;1;1;41,9528551217;8,7868868708
202200035174;27;2;2022;21:56;3;2A;1;1;1;6;41,8187920000;8,9641570000
202200035175;26;8;2022;00:30;5;2B;2;1;1;-1;42,5599520000;8,7564790000
202200035176;9;4;2022;21:15;3;63;1;1;1;5;45,7891330000;3,1452230000
202200035177;25;8;2022;18:00;1;71;2;1;1;6;46,6441040000;5,1700010000
202200035178;22;5;2022;01:30;5;62;2;9;1;3;50,4198540000;2,8192520000
202200035179;9;4;2022;04:30;3;64;1;1;8;2;43,5080990000; -1,4419880000
202200035180;26;2;2022;14:30;1;66;1;1;1;2;42,5284010000;2,8217270000
202200035181;25;8;2022;19:15;1;63;1;1;1;6;45,9248640000;3,5138870000
202200035182;9;4;2022;14:50;1;971;1;9;1;2;16,2058935979; -61,6324961185
202200035183;15;6;2022;13:05;1;59;2;1;1;5;50,2130348309;3,8644731045
202200035184;9;4;2022;14:20;1;33;2;1;1;3;44,6357990000; -1,0610230000
202200035185;25;8;2022;16:00;1;61;1;1;8;1;48,5960490000; -0,4199640000
202200035186;23;2;2022;07:45;2;85;1;1;5;7;46,5199350000; -0,8534311000
202200035187;16;6;2022;21:35;1;59;2;1;1;6;50,6265613490;2,9918646812
202200035188;4;4;2022;13:20;1;06;2;3;1;3;43,7228470000;7,1098620000
202200035189;28;2;2022;18:15;2;67;2;4;1;6;48,7416830000;7,3585330000
202200035190;26;8;2022;07:40;1;42;2;3;1;3;45,6493360000;4,2309540000
202200035191;16;6;2022;20:26;1;59;2;2;1;3;50,6306600000;3,0475500000
202200035192;28;2;2022;09:55;1;74;2;1;7;1;45,9405220000;6,1464720000
202200035193;9;6;2022;16:00;1;59;2;9;1;6;50,1888600000;3,2430400000
202200035194;10;4;2022;11:10;1;13;1;3;1;3;43,8693740000;4,9090640000
202200035195;26;8;2022;04:40;4;41;2;3;1;6;47,6056490000;2,0362900000
202200035196;28;2;2022;13:20;1;41;1;9;1;3;47,6772970000;1,4777040000
202200035197;16;6;2022;15:40;1;54;2;1;1;2;48,7032400000;6,2119900000
202200035198;24;8;2022;16:35;1;34;2;3;1;3;43,5030290000;3,3091270000
202200035199;10;4;2022;09:40;1;54;1;2;1;2;48,6655426106;6,4899802210
202200035200;28;2;2022;17:00;1;71;1;1;1;2;46,7959980000;4,9743820000
202200035201;16;6;2022;14:40;1;53;2;9;1;3;48,0710400000; -0,7701460000
202200035202;25;8;2022;05:15;3;21;1;1;1;6;47,0123000000;5,3078000000
202200035203;9;4;2022;17:15;1;57;2;3;1;1;49,1893010000;6,6708090000
202200035204;1;3;2022;14:15;1;30;1;1;1;6;44,2752350000;4,4061510000
202200035205;26;8;2022;17:40;1;25;1;1;2;7;47,2112900000;6,0962320000