Accident_Id;jour;mois;an;hrmn;lum;dep;agg;int;atm;col;lat;long
202200035206;16;6;2022;14:55;1;51;2;1;1;2;49,2321700000;4,0209400000
202200035207;9;4;2022;15:45;1;74;2;1;1;3;46,3667240000;6,5938140000
202200035208;1;3;2022;08:00;2;34;2;1;1;1;43,5602930000;3,8437070000
202200035209;20;8;2022;16:16;1;35;1;1;1;3;48,5901744784; -1,7767086625
202200035210;15;6;2022;23:21;5;49;2;1;1;6;47,4779200000; -0,5011500000
202200035211;9;4;2022;15:30;1;07;2;3;1;7;45,0527900000;4,8397430000
202200035212;26;8;2022;04:45;3;29;2;1;1;6;47,8576530000; -4,1588340000
202200035213;28;2;2022;07:21;2;37;1;1;1;3;47,5832636023;0,5678021908
202200035214;11;6;2022;17:30;1;48;2;1;7;6;44,5176700000;3,5080800000
202200035215;9;4;2022;19:20;1;69;1;1;1;6;45,7387032763;4,6674589606
202200035216;25;8;2022;23:00;5;29;2;6;1;6;48,0159731012; -4,5006680488
202200035217;9;4;2022;20:00;2;81;2;1;1;1;43,7606420000;2,0000430000
202200035218;16;6;2022;16:47;1;47;2;1;1;2;44,1956455200;0,6421921489
202200035219;28;2;2022;19:15;3;59;2;1;1;5;50,4708034446;3,4276807308
202200035220;19;8;2022;15:00;1;15;2;1;1;7;44,7038900000;2,1940520000
202200035221;9;4;2022;14:45;1;19;1;1;1;1;45,2684720000;1,6349160000
202200035222;16;6;2022;02:10;5;44;2;1;1;6;47,2851500000; -2,1957500000
202200035223;26;2;2022;16:00;1;51;1;1;1;7;49,2512940000;4,1475530000
202200035224;10;4;2022;13:20;1;14;2;1;1;3;49,2706080000; -0,6941240000
202200035225;25;8;2022;15:15;1;85;1;1;1;6;46,8427769972; -1,2466303155
202200035226;26;2;2022;15:10;1;51;1;1;1;7;49,2537690000;3,9300530000
202200035227;21;1;2022;08:46;1;42;2;1;1;2;45,4171662692;4,4134361396
202200035228;28;2;2022;01:35;3;74;1;1;1;7;46,0977280000;6,0077190000
202200035229;26;8;2022;17:45;1;66;2;4;8;3;42,5126640000;2,1842570000
202200035230;9;4;2022;21:20;5;60;2;3;1;1;49,1754939924;2,4539396837
202200035231;15;6;2022;11:33;1;37;2;2;1;3;47,3975249207;0,6994557381
202200035232;27;2;2022;17:30;1;2B;2;1;1;6;42,4907780000;9,4777950000
202200035233;12;6;2022;09:16;1;36;2;1;1;2;46,7567300000;1,7217600000
202200035234;9;4;2022;14:35;1;59;2;6;1;3;50,7299090000;2,4700030000
202200035235;28;2;2022;16:55;1;82;1;3;1;3;44,1149740000;1,0743950000
202200035236;3;6;2022;10:36;1;36;2;1;1;6;46,7660490958;1,7168498039
202200035237;8;4;2022;16:40;1;13;1;1;1;2;43,3299300000;5,4080700000
202200035238;1;3;2022;12:05;1;11;1;2;1;3;43,1910660000;2,6413110000
202200035239;16;6;2022;16:00;1;35;1;1;1;3;48,1345010960; -1,7061042041
202200035240;26;8;2022;06:00;3;14;1;1;1;6;49,2344170000;0,2075250000
202200035241;1;3;2022;02:20;3;89;1;1;1;7;47,8507220000;4,0415530000
202200035242;26;8;2022;01:15;3;50;1;1;1;6;49,4620250000; -1,7769940000
202200035243;16;6;2022;12:05;1;35;2;6;1;3;48,0897100000; -1,6854300000
202200035244;9;4;2022;05:21;3;33;1;1;2;2;44,8560800000; -0,5053400000
202200035245;16;6;2022;16:15;1;33;2;1;1;5;44,8506300000; -0,5837900000
202200035246;26;8;2022;15:00;1;53;1;1;1;4;48,1877450000; -1,0176340000
202200035247;28;2;2022;15:30;1;25;1;1;1;1;47,1585630000;6,2633550000
202200035248;9;4;2022;16:15;1;91;1;1;1;4;48,7170640000;2,2910800000
202200035249;28;2;2022;16:45;1;44;1;1;1;6;47,4409100000; -2,3359980000
202200035250;16;6;2022;10:55;1;33;2;3;1;6;44,7890800000; -0,5870600000
202200035251;25;8;2022;17:50;1;85;1;3;1;6;46,7367280000; -1,2323570000
202200035252;9;4;2022;06:35;1;91;1;1;2;2;48,7296900000;2,1658200000
202200035253;16;6;2022;00:00;5;33;2;1;1;2;44,8568800000; -0,5501700000
202200035254;26;2;2022;09:55;1;29;1;2;1;3;48,4464440000; -4,7407510000
202200035255;9;4;2022;15:00;1;92;1;1;1;2;48,9373756521;2,2943117859
202200035256;28;2;2022;17:00;1;31;1;1;1;7;43,3787230000;0,8037190000
202200035257;19;8;2022;11:35;1;27;1;1;1;1;48,7690536317;0,9259243010
202200035258;9;4;2022;08:30;2;92;1;1;1;6;48,8224757424;2,2222421137
202200035259;1;3;2022;04:30;3;50;1;1;2;6;49,2518750000; -1,5554510000
202200035260;9;4;2022;08:00;1;93;1;1;2;6;48,9255222309;2,3965842204
202200035261;24;8;2022;20:02;2;17;2;3;1;3;46,0578740000; -1,0653250000
202200035262;28;2;2022;20:30;3;09;1;1;1;7;43,0309960000;1,7372020000
202200035263;15;6;2022;07:30;1;33;2;1;1;3;44,8613500000; -0,5624800000
202200035264;9;4;2022;01:30;3;92;1;1;8;6;48,9465157059;2,2827709006
202200035265;26;8;2022;16:00;1;87;2;1;1;6;46,2151050000;1,0810050000
202200035266;28;2;2022;16:10;1;43;2;1;1;6;45,1102410000;3,4918070000
202200035267;16;6;2022;14:35;1;33;1;1;1;1;44,5777495113; -1,1483877897
202200035268;8;4;2022;23:00;3;93;1;1;8;6;48,8854800000;2,4726300000
202200035269;16;6;2022;18:00;1;32;2;1;1;7;43,6594300000;0,6310300000
202200035270;28;2;2022;18:35;2;37;1;1;1;6;47,1256704966;0,6276047230
202200035271;25;8;2022;16:45;1;24;1;1;1;7;44,8020820000;1,1333980000
202200035272;26;8;2022;05:30;2;13;1;1;1;6;43,6719770000;5,2407040000
202200035273;16;6;2022;11:05;1;32;2;1;1;2;43,6647100000;0,5943200000
202200035274;9;4;2022;11:15;1;94;1;1;2;6;48,7761000000;2,4240000000
202200035275;26;2;2022;21:05;5;52;2;1;1;3;48,1816017261;5,5583524704
202200035276;26;2;2022;07:50;2;76;1;1;5;6;49,4735340000;0,2699380000
202200035277;8;4;2022;16:15;1;976;2;1;1;6; -12,7675000000;45,2246000000
202200035278;20;5;2022;15:57;1;30;2;2;1;3;43,8260000000;4,3330000000
202200035279;24;8;2022;17:00;1;01;1;1;1;2;46,1586510000;5,2959410000
202200035280;8;4;2022;05:35;3;26;2;1;1;6;44,5301400000;4,7420300000
202200035281;1;3;2022;14:45;1;33;1;1;1;2;44,6427270000; -0,8401320000
202200035282;26;8;2022;08:10;1;62;1;1;1;7;50,7858220000;2,1079430000
202200035283;16;6;2022;05:00;5;30;2;2;1;5;44,0855300000;4,0772200000
202200035284;8;4;2022;15:05;1;35;2;1;2;6;48,0861900000; -1,6676200000
202200035285;25;8;2022;10:30;1;06;1;1;1;7;43,7322690000;7,3002290000
202200035286;1;3;2022;07:15;1;57;1;1;1;2;48,7141960000;7,0406160000
202200035287;16;6;2022;17:15;1;27;2;6;1;3;49,0940000000;1,4684900000
202200035288;8;4;2022;16:00;1;45;2;1;2;3;48,0064000000;2,7413300000
202200035289;1;3;2022;09:35;1;37;1;1;1;3;47,1075120000;0,5952730000
202200035290;26;8;2022;04:54;3;69;1;1;1;3;46,0780240000;4,7261490000
202200035291;16;6;2022;21:25;1;27;1;1;1;6;49,2369300000;1,1894500000
202200035292;8;4;2022;06:20;5;95;2;1;2;6;48,9722124532;2,2783192992
202200035293;28;2;2022;21:15;3;971;1;1;1;6;15,8638780000; -61,5805690000
202200035294;15;6;2022;20:20;1;23;2;1;1;6;46,1638900000;1,8775600000
202200035295;28;2;2022;22:05;3;95;1;6;1;6;49,0380461247;2,5081551075
202200035296;23;8;2022;15:30;1;987;2;9;2;3; -17,6960000000; -149,5480000000
202200035297;20;1;2022;23:30;5;95;2;1;1;7;48,9593508683;2,2794377804
202200035298;22;5;2022;06:10;1;21;2;3;1;3;47,3325100000;5,0268900000
202200035299;28;2;2022;16:30;1;84;2;1;1;1;43,9551860000;4,9323090000
202200035300;8;4;2022;20:55;5;988;2;2;1;3; -22,2745700000;166,4437500000
202200035301;25;2;2022;16:10;1;67;1;1;2;6;48,4438490000;7,7007290000
202200035302;15;6;2022;10:10;1;21;2;2;1;3;47,3325100000;5,0268900000
202200035303;1;3;2022;18:20;2;88;1;1;1;7;48,3548220000;6,5984900000
202200035304;9;4;2022;00:20;5;976;2;1;1;7; -12,7859400000;45,2255400000
202200035305;4;5;2022;16:50;1;19;2;1;1;6;45,2638300000;1,7701700000
202200035306;8;4;2022;21:40;5;974;2;9;1;6; -21,3374800000;55,4682200000
202200035307;16;6;2022;01:06;5;17;2;6;1;7;46,1645100000; -1,1816000000
202200035308;1;3;2022;13:15;1;03;1;1;1;3;46,1540920000;3,6451440000
202200035309;14;6;2022;11:50;1;17;2;3;1;1;45,9462570000; -0,8919950000
202200035310;8;4;2022;18:40;5;974;2;6;1;5; -20,9051700000;55,5044700000
202200035311;28;2;2022;14:40;1;74;1;1;1;2;45,9472070000;6,8950190000
202200035312;14;4;2022;07:50;2;17;2;1;1;2;45,9490900000; -0,9037300000
202200035313;8;4;2022;11:00;1;973;2;1;1;3;4,9448100000; -52,3141200000
202200035314;1;3;2022;16:50;1;69;2;3;1;1;45,5884560000;4,8039330000
202200035315;16;6;2022;18:15;1;13;2;2;1;3;43,4232400000;5,2411400000
202200035316;8;4;2022;18:00;1;69;2;1;1;6;45,7393306125;4,8909893632
202200035317;1;3;2022;07:45;1;01;2;6;1;6;45,8481609641;5,0470054150
202200035318;16;6;2022;21:00;5;13;2;1;1;3;43,2588765833;5,3847225331
202200035319;8;4;2022;04:15;4;971;1;1;1;6;16,2185100000; -61,5015700000
202200035320;28;2;2022;08:56;1;46;2;1;1;6;44,6087000000;2,0151220000
202200035321;16;6;2022;14:40;1;13;2;1;1;1;43,2500000000;5,4000000000
202200035322;8;4;2022;02:30;5;971;1;1;1;1;16,2104800000; -61,4729100000
202200035323;16;6;2022;09:30;1;13;2;1;1;3;43,2395889488;5,3927552998
202200035324;7;4;2022;13:55;1;95;2;2;1;3;48,9768000000;2,3545300000
202200035325;15;6;2022;11:50;1;11;2;2;1;3;43,2283000000;2,3961400000
202200035326;26;2;2022;15:50;1;61;1;3;1;3;48,6090510000; -0,1939340000
202200035327;8;4;2022;18:58;1;91;2;1;3;2;48,7031700000;2,4584400000
202200035328;16;6;2022;08:25;1;09;1;9;1;3;42,9465800000;1,6221120000
202200035329;28;2;2022;16:55;1;60;1;6;1;1;49,2442080000;2,0853050000
202200035330;16;6;2022;05:05;5;06;2;6;1;1;43,6497730000;6,9316750000
202200035331;8;4;2022;20:05;3;91;1;1;3;7;48,4656300000;2,1821000000
202200035332;28;2;2022;06:45;2;13;1;1;1;3;43,3722414868;5,3206380980
202200035333;8;4;2022;18:15;1;91;1;1;3;3;48,4242300000;2,1418700000
202200035334;16;6;2022;08:25;1;05;2;1;1;2;44,5626700000;6,0840300000
202200035335;8;4;2022;01:27;5;87;2;1;3;6;45,8320400000;1,2617100000
202200035336;16;6;2022;18:20;1;04;2;1;1;6;44,0898000000;6,2383100000
202200035337;13;6;2022;15:45;1;04;2;6;1;3;44,0910600000;6,2315400000
202200035338;27;2;2022;07:00;2;62;1;1;1;2;50,4901200000;2,9902600000
202200035339;8;4;2022;21:35;5;78;2;3;2;2;48,8917180000;2,1504750000
202200035340;16;6;2022;17:00;1;01;2;2;1;3;46,1919250000;5,2321780000
202200035341;7;4;2022;14:10;1;78;2;1;2;7;48,9703080000;2,0501830000
202200035342;16;6;2022;07:35;1;01;1;6;1;3;46,2390614941;5,2288055420
202200035343;7;4;2022;08:30;1;77;2;1;2;2;48,8382700000;2,7057600000
202200035344;16;6;2022;10:34;1;75;2;1;1;4;48,8347800000;2,2667970000
202200035345;15;6;2022;23:00;5;75;2;1;1;3;48,8626080000;2,4135530000
202200035346;8;4;2022;14:40;1;76;1;1;3;5;49,4882300000;1,0300200000
202200035347;15;6;2022;02:42;5;75;2;1;1;2;48,8882920000;2,2921750000
202200035348;16;6;2022;20:45;1;75;2;3;1;6;48,8840170000;2,3904730000
202200035349;7;4;2022;23:10;5;76;2;3;1;6;49,5020400000;0,1573100000
202200035350;16;6;2022;15:00;1;75;2;2;1;6;48,8771580000;2,4065360000
202200035351;7;4;2022;14:30;1;76;2;1;1;1;49,5068400000;0,2059500000
202200035352;16;6;2022;07:45;2;75;2;1;1;6;48,8960670000;2,3802500000
202200035353;8;4;2022;08:00;1;74;2;3;2;2;46,1845100000;6,2287600000
202200035354;15;6;2022;20:57;1;75;2;3;1;6;48,8888160000;2,3797370000
202200035355;8;4;2022;16:30;1;72;2;1;2;6;47,9648900000;0,1621400000
202200035356;15;6;2022;16:00;1;75;2;2;1;6;48,8758530000;2,2622070000
202200035357;5;4;2022;08:52;1;72;2;3;1;3;47,9924300000;0,2253900000
202200035358;16;6;2022;18:25;1;75;2;3;7;6;48,8443990000;2,3087550000
202200035359;7;4;2022;16:45;1;71;2;1;2;6;46,7728000000;4,8930300000
202200035360;16;6;2022;10:42;1;75;2;2;1;6;48,8346040000;2,3369930000
202200035361;16;6;2022;09:00;1;75;2;2;1;7;48,8388570000;2,3396710000
202200035362;7;4;2022;23:00;5;69;2;2;1;3;45,7671600000;4,9327900000
202200035363;16;6;2022;15:45;1;75;2;1;1;3;48,8348730000;2,3430390000
202200035364;7;4;2022;15:25;1;69;2;1;2;3;45,7513500000;4,9062400000
202200035365;16;6;2022;17:40;1;75;2;3;1;6;48,8405840000;2,3993460000
202200035366;7;4;2022;22:00;5;68;2;1;2;6;47,7334606872;7,3141951568
202200035367;16;6;2022;13:45;1;75;2;1;1;2;48,8389780000;2,4048610000
202200035368;8;4;2022;17:48;1;64;1;1;8;1;43,3382400000; -0,4626700000
202200035369;15;6;2022;23:25;5;75;2;2;1;3;48,8421140000;2,3764470000
202200035370;8;4;2022;16:30;1;64;1;1;1;1;43,2844600000; -0,3534000000
202200035371;16;6;2022;17:45;1;75;2;3;1;3;48,8184690000;2,4515170000
202200035372;24;3;2022;13:40;1;63;2;1;1;4;45,8123700000;3,1289500000
202200035373;16;6;2022;10:35;1;75;2;4;1;6;48,8533290000;2,3769820000
202200035374;8;4;2022;05:58;5;63;2;1;1;3;45,7832600000;3,1184400000
202200035375;16;6;2022;21:00;2;75;2;3;1;3;48,8725310000;2,3761670000
202200035376;7;4;2022;14:50;1;63;2;3;1;3;45,7758400000;3,0791400000
202200035377;16;6;2022;17:45;1;75;2;4;1;7;48,8731822877;2,3588392138
202200035378;8;4;2022;06:00;5;59;2;1;1;6;50,6278488135;3,0344384908
202200035379;16;6;2022;09:33;1;75;2;3;1;3;48,8778320000;2,3616090000
202200035380;7;4;2022;19:00;1;59;2;1;1;2;50,6043400000;3,1382500000
202200035381;16;6;2022;16:45;1;75;2;1;1;3;48,8797640000;2,3253080000
202200035382;7;4;2022;14:00;1;56;2;1;1;4;47,7759200000; -3,3386600000
202200035383;16;6;2022;21:05;2;75;2;3;1;3;48,8668660000;2,3619380000
202200035384;8;4;2022;15:50;1;51;2;1;3;1;49,2334400000;4,0489600000
202200035385;16;6;2022;19:20;1;75;2;2;1;3;48,8675080000;2,3337110000
202200035386;8;4;2022;14:15;1;51;2;1;3;7;49,2525170455;4,0623933077
202200035387;16;6;2022;13:55;1;94;2;1;1;3;48,7993350000;2,3811120000
202200035388;7;4;2022;17:20;1;51;1;1;1;7;49,2847605545;3,9966349304
202200035389;16;6;2022;17:44;1;94;2;1;1;2;48,7503150000;2,4829700000
202200035390;8;4;2022;03:20;3;50;1;1;2;1;49,1093020000; -1,1202790000
202200035391;16;6;2022;09:20;1;94;2;2;1;3;48,7900000000;2,5208000000
202200035392;6;4;2022;06:00;5;45;2;1;1;7;47,9828633951;2,7237676978
202200035393;14;6;2022;23:30;3;94;2;3;1;2;48,8163030000;2,4719700000
202200035394;16;6;2022;17:50;1;94;2;1;1;2;48,8158500000;2,3635600000
202200035395;6;4;2022;16:32;1;38;2;1;1;6;45,2012800000;5,6900300000
202200035396;16;6;2022;09:20;1;94;2;9;1;1;48,8061000000;2,3459000000
202200035397;8;4;2022;07:37;2;37;2;1;2;2;47,3735900000;0,6809300000
202200035398;14;6;2022;20:20;1;94;2;1;1;3;48,8130000000;2,3932500000
202200035399;7;4;2022;16:45;1;37;2;1;1;7;47,3777238105;0,7143849134
202200035400;15;6;2022;20:00;1;94;2;2;1;1;48,7798900000;2,3251900000
202200035401;4;4;2022;19:35;1;35;2;6;8;3;48,6235374060; -2,0589818359
202200035402;16;6;2022;18:20;1;94;2;3;1;6;48,8547900000;2,4684100000
202200035403;8;4;2022;20:30;2;35;2;3;1;3;48,1163400000; -1,7078300000
202200035404;15;6;2022;16:30;1;94;2;3;1;1;48,7818600000;2,4646600000
202200035405;8;4;2022;19:10;1;34;1;1;1;3;43,6073000000;3,8209600000
202200035406;15;6;2022;14:04;1;94;2;3;1;6;48,7714073901;2,4603715785
202200035407;8;4;2022;20:30;3;33;2;1;3;1;44,8658100000; -0,5148300000
202200035408;6;4;2022;19:20;1;31;2;1;1;6;43,6061400000;1,4480100000
202200035409;16;6;2022;18:30;1;94;2;1;1;3;48,7666600000;2,4106900000
202200035410;5;4;2022;09:10;1;31;2;1;1;4;43,5984800000;1,4522100000
202200035411;15;6;2022;23:10;5;94;2;3;1;1;48,7274373527;2,4372857597
202200035412;8;4;2022;16:10;1;31;2;1;1;3;43,1105380000;0,7357010000
202200035413;16;6;2022;21:27;1;93;2;2;1;3;48,9428100000;2,5770200000
202200035414;8;4;2022;16:05;1;25;2;3;3;3;47,2347600000;5,9844700000
202200035415;16;6;2022;09:00;1;93;2;3;1;3;48,9414910000;2,3364680000
202200035416;16;6;2022;09:10;1;93;2;1;7;2;48,9282600000;2,3412700000
202200035417;7;4;2022;12:38;1;21;2;3;2;2;47,3288695365;5,0357996605
202200035418;15;6;2022;16:00;1;93;2;1;1;6;48,9419035700;2,3509642482
202200035419;8;4;2022;21:10;2;16;2;1;1;3;45,6106176677;0,0955376029
202200035420;16;6;2022;15:20;1;93;2;2;1;5;48,8832100000;2,4970600000
202200035421;7;4;2022;00:40;5;14;2;4;8;6;49,3651200000;0,0839500000
202200035422;16;6;2022;20:20;1;93;2;6;1;1;48,8615140000;2,4815170000
202200035423;16;6;2022;13:20;1;93;2;2;1;6;48,8507010000;2,4263430000
202200035424;8;4;2022;00:20;5;13;2;2;1;3;43,2904100000;5,3758200000
202200035425;16;6;2022;08:50;1;93;2;1;1;6;48,8770400000;2,4643800000
202200035426;8;4;2022;23:30;5;11;2;2;1;1;43,2078700000;2,3369000000
202200035427;16;6;2022;12:28;1;93;2;2;1;3;48,9200690000;2,5393200000
202200035428;15;6;2022;15:40;1;93;2;1;1;3;48,8741800000;2,4132900000
202200035429;7;4;2022;17:05;1;10;2;1;2;4;48,2830800000;4,0717190000
202200035430;15;6;2022;23:30;5;93;2;2;1;3;48,9217756842;2,3833977959
202200035431;16;6;2022;11:20;1;93;2;1;1;6;48,9140000000;2,4390000000
202200035432;31;3;2022;17:00;1;07;2;1;1;3;44,6146900000;4,3896200000
202200035433;15;6;2022;17:35;1;92;2;2;1;3;48,8198407505;2,3107811362
202200035434;4;4;2022;10:50;1;07;1;1;1;2;44,6464600000;4,3674100000
202200035435;16;6;2022;13:05;1;92;2;1;1;2;48,8277287385;2,2752165198
202200035436;8;4;2022;14:55;1;06;2;1;1;5;43,6579770000;6,9150560000
202200035437;16;6;2022;19:43;1;92;2;3;1;1;48,9107645038;2,2275637239
202200035438;8;4;2022;07:50;1;06;2;1;1;6;43,6567010000;6,9238040000
202200035439;15;6;2022;23:30;5;92;2;2;1;3;48,8356357220;2,2324291840
202200035440;8;4;2022;15:50;1;06;2;1;1;6;43,6627480000;7,1316280000
202200035441;16;6;2022;16:05;1;92;1;1;1;3;48,9079069056;2,2923837304
202200035442;8;4;2022;14:30;1;01;2;1;2;6;46,1984400000;5,2173300000
202200035443;16;6;2022;18:45;1;92;2;2;1;6;48,7475580370;2,2986996621
202200035444;10;6;2022;13:06;1;11;1;1;1;6;43,0674330000;2,0600720000
202200035445;8;4;2022;19:30;1;75;2;1;3;4;48,8351120000;2,2599990000
202200035446;17;6;2022;15:50;1;37;1;1;1;1;47,5149980000;0,8115510000
202200035447;7;4;2022;23:00;5;75;2;1;1;4;48,9003090000;2,3779940000
202200035448;16;6;2022;21:15;2;62;2;1;1;6;50,7342920000;2,0864210000
202200035449;13;6;2022;11:15;1;85;1;3;1;3;46,5467100000; -1,0357340000
202200035450;6;4;2022;10:40;1;75;2;4;1;3;48,8593600000;2,2628510000
202200035451;17;6;2022;03:30;3;972;1;1;1;7;14,4686010000; -60,9305410000
202200035452;8;4;2022;08:45;1;75;2;2;2;6;48,8884630000;2,3738990000
202200035453;11;5;2022;17:55;1;83;2;1;1;3;43,4687080000;6,5534360000
202200035454;8;4;2022;02:10;5;75;2;1;1;6;48,8678840000;2,2981300000
202200035455;16;6;2022;13:55;1;01;1;3;1;3;46,1920600000;5,9564460000
202200035456;17;6;2022;18:19;1;29;1;1;1;6;48,5557760720; -3,8742756240
202200035457;8;4;2022;10:30;1;75;2;3;3;3;48,8346410517;2,2835339922
202200035458;17;6;2022;15:30;1;42;1;1;1;1;46,0948070000;3,9397520000
202200035459;8;4;2022;14:00;1;75;2;3;3;6;48,8267190000;2,3819510000
202200035460;8;4;2022;10:07;1;75;2;2;3;6;48,8256940000;2,3820620000
202200035461;16;6;2022;23:30;3;34;1;1;1;5;43,6062740000;3,8174590000
202200035462;7;4;2022;08:20;1;75;2;1;2;6;48,8338179341;2,3572439468
202200035463;15;6;2022;20:50;1;22;1;1;1;6;48,2257880000; -2,2799630000
202200035464;16;6;2022;17:15;1;57;1;1;1;7;48,8961050000;6,6662550000
202200035465;8;4;2022;21:10;5;75;2;3;1;6;48,8524698339;2,3768099559
202200035466;12;6;2022;01:00;3;19;1;1;1;6;45,5926450000;1,7430280000
202200035467;8;4;2022;15:25;1;75;2;2;3;3;48,8664048030;2,3804859675
202200035468;8;4;2022;16:40;1;75;2;3;3;2;48,8752593736;2,3731465833
202200035469;8;4;2022;13:10;1;75;2;1;2;3;48,8694283406;2,3622130654
202200035470;8;4;2022;12:50;1;75;2;3;3;6;48,8772090000;2,3230760000
202200035471;21;5;2022;17:45;1;56;1;2;1;3;47,9903670000; -3,0720520000
202200035472;16;6;2022;15:20;1;56;1;1;1;6;47,4879440000; -2,3349330000
202200035473;7;4;2022;19:15;1;75;2;7;1;3;48,8667912926;2,3220872446
202200035474;11;6;2022;20:20;1;79;1;1;1;1;46,6688400000; -0,5869200000
202200035475;17;6;2022;08:00;1;2A;1;1;1;3;42,0117810000;8,8694640000
202200035476;7;4;2022;15:20;1;75;2;4;1;6;48,8613565835;2,3671413213
202200035477;7;4;2022;15:00;1;75;2;2;1;6;48,8610685034;2,3448986869
202200035478;14;6;2022;08:19;1;82;1;4;1;2;44,1781180000;1,5385930000
202200035479;8;4;2022;16:45;1;94;2;2;2;3;48,8453000000;2,4396900000
202200035480;15;6;2022;18:00;1;33;1;1;1;1;44,6367066889; -0,0400051475
202200035481;8;4;2022;18:15;1;94;2;4;3;4;48,8118989138;2,4687180518
202200035482;16;6;2022;17:35;1;33;2;6;1;6;44,7756346160; -1,1415079236
202200035483;8;4;2022;12:50;1;94;2;3;2;1;48,7914562635;2,4347462653
202200035484;17;6;2022;11:10;1;71;1;6;1;2;46,7490840000;4,4934510000
202200035485;8;4;2022;21:00;5;94;2;3;2;3;48,8143413269;2,3789144754
202200035486;13;6;2022;14:30;1;71;2;2;1;2;46,4278520000;4,8773500000
202200035487;8;4;2022;19:15;1;94;2;2;2;3;48,7372700000;2,4177500000
202200035488;8;4;2022;15:18;1;94;2;2;3;3;48,8193310528;2,5595784186
202200035489;17;6;2022;12:05;1;61;1;2;7;3;48,7419200000; -0,6979540000
202200035490;7;4;2022;20:20;2;94;2;2;1;6;48,8027460198;2,5386035442
202200035491;8;4;2022;16:45;1;94;2;1;3;2;48,6967000000;2,5655100000
202200035492;8;4;2022;21:00;5;93;2;3;2;2;48,9532900000;2,3909400000
202200035493;8;4;2022;14:30;1;93;2;1;3;3;48,9427270000;2,5327830000
202200035494;8;4;2022;11:20;1;93;2;9;3;3;48,9165610000;2,3257110000
202200035495;8;4;2022;18:28;1;93;2;1;2;6;48,9461000000;2,3430000000
202200035496;8;4;2022;10:50;1;93;2;1;3;3;48,9322500000;2,3489700000
202200035497;8;4;2022;09:55;1;93;2;1;3;6;48,8368100000;2,5557900000
202200035498;6;4;2022;20:03;2;93;2;3;1;1;48,8855200000;2,5411200000
202200035499;8;4;2022;12:50;1;93;2;9;3;1;48,9083600000;2,4973200000
202200035500;8;4;2022;20:25;5;92;2;1;2;3;48,8270210366;2,2216790915
202200035501;8;4;2022;16:55;1;92;2;1;2;6;48,8374068054;2,1529942900
202200035502;7;4;2022;12:35;2;92;2;7;8;6;48,8796823748;2,2439581230
202200035503;8;4;2022;18:00;1;92;2;9;2;6;48,8972922695;2,2193442285
202200035504;8;4;2022;07:30;2;92;2;1;2;7;48,7994373800;2,2813457698
202200035505;7;4;2022;15:15;1;92;2;1;1;3;48,9200435410;2,2939565778
202200035506;8;4;2022;20:35;5;92;1;1;3;6;48,8871903732;2,2460088727
202200035507;8;4;2022;19:00;1;92;2;1;2;7;48,8960900000;2,2442900000
202200035508;6;4;2022;19:13;1;92;2;1;1;3;48,9221835686;2,2355322987
202200035509;8;4;2022;12:00;1;92;2;1;2;6;48,8034197699;2,2669494152
202200035510;8;4;2022;08:00;1;92;2;1;2;4;48,7896927819;2,2620436549
202200035511;8;4;2022;18:55;1;92;2;3;3;6;48,7798791721;2,3135723770
202200035512;8;4;2022;17:08;1;06;2;9;1;3;43,6390040000;7,1335270000
202200035513;7;4;2022;19:20;3;972;1;1;1;6;14,6987230000; -60,9794000000
202200035514;5;4;2022;09:15;1;22;1;1;1;6;48,4980460000; -2,0402540000
202200035515;8;4;2022;23:05;3;72;1;1;1;6;47,9545900000;0,2524700000
202200035516;8;4;2022;23:15;3;50;1;3;1;6;49,5251840000; -1,5088790000
202200035517;8;4;2022;19:14;1;30;2;2;1;6;44,0458950000;4,4307090000
202200035518;3;11;2022;19:25;2;94;2;3;2;4;48,8248690984;2,5002573431
202200035519;3;11;2022;10:00;1;94;2;2;1;3;48,8072200000;2,4124800000
202200035520;4;11;2022;09:15;1;93;2;1;1;3;48,9326486488;2,3675596117
202200035521;2;11;2022;23:35;5;93;2;1;1;2;48,9114373304;2,3583886027
202200035522;4;11;2022;08:50;1;93;2;1;8;6;48,9314200000;2,3812100000
202200035523;4;11;2022;02:30;5;93;2;3;2;5;48,9097960000;2,5073150000
202200035524;4;11;2022;10:55;1;93;2;7;8;3;48,9050800000;2,4700400000
202200035525;4;11;2022;14:00;1;93;2;1;1;3;48,9089600000;2,3868100000
202200035526;4;11;2022;06:50;5;93;2;1;1;3;48,9090800000;2,3866700000
202200035527;27;10;2022;21:50;5;92;2;3;1;3;48,9297760000;2,3258440000
202200035528;4;11;2022;08:55;1;92;2;1;1;3;48,8187465419;2,3180127740
202200035529;3;11;2022;14:15;1;92;2;2;2;3;48,8954130712;2,2820805609
202200035530;31;10;2022;10:50;1;92;2;1;1;6;48,9246776604;2,2930207550
202200035531;31;10;2022;18:40;1;92;2;3;1;3;48,9227116354;2,3206155896
202200035532;4;11;2022;19:45;5;92;2;1;1;3;48,9149430000;2,2285990000
202200035533;4;11;2022;11:26;1;92;2;3;1;3;48,8982926753;2,3021941781
202200035534;2;11;2022;16:35;2;83;1;6;1;3;43,4674410000;6,5477090000
202200035535;5;11;2022;03:09;3;79;2;4;9;7;46,1295290000;0,1661890000
202200035536;5;11;2022;04:20;3;58;1;1;1;7;47,1376400000;3,0431750000
202200035537;4;11;2022;18:25;5;62;2;1;1;2;50,3042770000;2,8763040000