Accident_Id;jour;mois;an;hrmn;lum;dep;agg;int;atm;col;lat;long
202200035538;5;11;2022;05:30;3;2B;1;1;2;6;42,6021250000;8,8413760000
202200035539;4;11;2022;23:19;3;69;1;1;2;1;46,0814060000;4,3884430000
202200035540;5;11;2022;00:48;3;11;1;1;2;6;42,9854060000;2,2627540000
202200035541;5;11;2022;14:45;1;63;1;1;1;6;46,1067880000;2,8974510000
202200035542;5;11;2022;16:55;1;55;1;1;1;6;48,6070360000;5,4036640000
202200035543;4;11;2022;20:00;5;46;2;1;1;3;44,9147210000;1,8397610000
202200035544;28;10;2022;16:55;1;68;1;1;1;2;47,6963290000;7,1603460000
202200035545;4;11;2022;14:00;1;44;1;9;1;3;47,1540290000; -1,5587660000
202200035546;4;11;2022;21:00;5;35;2;6;8;6;48,1094160000; -1,4011270000
202200035547;4;11;2022;16:30;1;29;1;3;1;1;48,6473140000; -4,2162070000
202200035548;3;11;2022;19:40;3;29;1;2;2;3;48,4948030000; -4,4670640000
202200035549;4;11;2022;09:12;1;38;1;3;2;1;45,3472860000;5,1047160000
202200035550;2;11;2022;02:15;3;03;1;1;1;7;46,3631320000;3,5784680000
202200035551;20;10;2022;11:20;1;27;2;6;7;6;49,2791380000;1,7619270000
202200035552;5;11;2022;12:15;1;17;2;3;1;3;45,8019560000; -0,2122540000
202200035553;5;11;2022;01:30;4;37;2;1;1;6;47,1293410000;1,0100950000
202200035554;29;10;2022;20:50;3;62;1;1;1;5;50,5258960000;2,5645350000
202200035555;4;11;2022;16:00;1;27;1;1;1;6;49,1595569933;1,2674997219
202200035556;5;11;2022;10:15;1;988;1;1;1;6; -21,2891000000;164,9901900000
202200035557;29;10;2022;19:00;3;986;2;1;1;1; -13,3187200000; -176,1895470000
202200035558;26;10;2022;13:40;1;986;2;1;1;1; -13,2782080000; -176,1751700000
202200035559;3;11;2022;18:10;5;28;2;1;1;6;48,8607520000;1,4577160000
202200035560;5;11;2022;07:30;2;77;1;1;1;5;48,8197310000;2,8219710000
202200035561;4;11;2022;19:30;3;78;1;1;1;1;48,8312070010;1,6433572769
202200035562;4;11;2022;15:20;1;78;1;1;1;6;48,9152300000;1,5755830000
202200035563;29;10;2022;01:30;3;83;1;1;1;6;43,4022100000;6,1004590000
202200035564;4;11;2022;14:30;1;71;2;2;2;3;46,4464130000;4,1015480000
202200035565;5;11;2022;08:30;1;69;1;1;1;6;46,0906970000;4,6488480000
202200035566;4;11;2022;20:25;3;81;1;1;9;2;43,7535360000;1,6871310000
202200035567;20;10;2022;17:00;1;33;2;9;1;3;44,9930560000; -0,6959900000
202200035568;5;11;2022;02:45;3;80;1;1;1;4;49,7674070000;2,7962350000
202200035569;4;11;2022;20:40;3;69;1;1;1;6;45,7634710948;5,0358366966
202200035570;30;10;2022;12:00;1;69;1;1;1;5;45,7764500000;4,7824700000
202200035571;4;11;2022;11:30;1;33;1;1;1;2;44,8476900000; -0,5030500000
202200035572;4;11;2022;18:18;3;91;1;1;1;4;48,6022200000;2,4381700000
202200035573;4;11;2022;16:56;2;91;1;1;1;6;48,6306000000;2,5119600000
202200035574;4;11;2022;16:50;2;92;1;1;1;3;48,7317820000;2,3100820000
202200035575;4;11;2022;09:55;1;92;1;1;1;3;48,7295359328;2,3069406152
202200035576;4;11;2022;00:45;3;78;1;1;2;1;48,7785710000;2,2062970000
202200035577;4;11;2022;17:00;1;93;1;1;1;2;48,9396600000;2,4202900000
202200035578;4;11;2022;16:00;1;93;1;1;2;2;48,9713250681;2,4986815453
202200035579;2;11;2022;16:10;1;976;2;3;1;6; -12,7825700000;45,2333000000
202200035580;3;11;2022;10:25;1;76;2;1;1;6;49,4471500000;1,1064300000
202200035581;3;11;2022;19:10;5;17;2;1;2;6;45,7456650000; -0,6205530000
202200035582;27;10;2022;13:30;1;58;2;1;1;6;46,9888400000;3,1573700000
202200035583;10;10;2022;18:00;2;58;2;6;1;6;47,0000500000;3,1556300000
202200035584;26;8;2022;21:40;5;59;2;1;1;3;50,1672972882;3,2367798686
202200035585;17;6;2022;17:20;1;13;1;9;1;6;43,5599689150;5,3816378117
202200035586;3;11;2022;10:00;1;976;2;1;1;3; -12,7698900000;45,2280600000
202200035587;3;11;2022;22:15;5;974;2;4;1;3; -21,2892700000;55,4751300000
202200035588;2;11;2022;16:00;1;974;1;1;1;2; -21,3577530000;55,5207310000
202200035589;3;11;2022;08:25;1;974;2;1;1;3; -20,8948510000;55,4601210000
202200035590;2;11;2022;14:30;1;974;2;1;8;2; -20,9373300000;55,3078700000
202200035591;3;11;2022;17:45;1;973;2;2;1;3;4,9413554134; -52,3238521814
202200035592;3;11;2022;06:55;1;973;2;1;1;6;4,9323619282; -52,3081290722
202200035593;3;11;2022;16:30;1;69;2;2;1;3;45,7465163503;4,8681188375
202200035594;3;11;2022;12:25;1;69;2;1;1;2;45,7314914680;4,8599168658
202200035595;3;11;2022;06:40;1;972;2;6;2;2;14,6144100000; -60,9945800000
202200035596;3;11;2022;10:46;1;2B;2;1;1;3;42,6744400000;9,4377400000
202200035597;2;11;2022;17:55;5;2B;2;1;1;6;42,6576000000;9,4316000000
202200035598;29;10;2022;06:00;2;971;1;1;1;6;16,2129816082; -61,4278274775
202200035599;2;11;2022;15:20;1;95;2;2;1;1;49,0429926830;2,0718723536
202200035600;3;11;2022;02:15;5;91;2;8;1;7;48,6573500000;2,3720070000
202200035601;2;11;2022;20:35;3;77;1;3;1;3;48,7647998155;3,0316352842
202200035602;4;11;2022;00:45;5;76;2;2;8;3;49,4285338193;1,0946298552
202200035603;3;11;2022;21:35;5;76;2;1;1;3;49,4210500000;1,1269000000
202200035604;2;11;2022;18:15;2;72;2;3;1;4;47,9713700000;0,2150100000
202200035605;3;11;2022;23:00;5;69;2;1;2;1;45,7580300000;4,9746400000
202200035606;3;11;2022;08:44;1;69;2;9;1;3;45,9848518108;4,7019021213
202200035607;2;11;2022;19:20;5;67;2;3;1;3;48,5693177227;7,7779327333
202200035608;2;11;2022;11:47;1;64;2;1;1;7;43,4867800000; -1,5369800000
202200035609;27;10;2022;02:20;5;63;2;1;1;6;45,7915308545;3,0879628658
202200035610;31;10;2022;07:00;4;62;2;8;1;6;50,4513800000;2,7270440000
202200035611;28;10;2022;15:10;1;60;2;1;1;4;49,4272062033;2,0955691336
202200035612;2;11;2022;16:10;1;59;2;1;1;6;50,2889188255;3,9653187990
202200035613;15;10;2022;00:30;3;59;1;9;2;6;51,0050200000;2,2535500000
202200035614;3;9;2022;17:30;1;58;2;1;1;3;46,9900500000;3,1581300000
202200035615;2;11;2022;13:30;1;51;2;1;1;5;49,2463800000;4,0299200000
202200035616;28;10;2022;15:35;1;49;1;2;1;3;47,2721920000; -0,1278640000
202200035617;31;10;2022;14:25;1;49;2;1;2;1;47,2449900000; -0,0659600000
202200035618;31;10;2022;16:05;1;49;2;3;2;3;47,2555400000; -0,0666100000
202200035619;2;11;2022;11:00;1;49;2;2;1;3;47,4746900000; -0,5292100000
202200035620;2;11;2022;09:50;1;49;2;1;2;7;47,5076300000; -0,5961800000
202200035621;2;11;2022;08:19;1;49;2;1;1;3;47,4742700000; -0,5158200000
202200035622;1;11;2022;09:22;1;49;2;1;1;3;47,4738100000; -0,5766000000
202200035623;3;11;2022;18:30;5;45;2;6;8;7;47,9757000000;2,7411300000
202200035624;3;11;2022;17:30;5;42;2;1;1;7;45,5483054278;4,6059964194
202200035625;14;10;2022;06:20;5;42;2;6;1;3;45,4580700000;4,4061200000
202200035626;2;11;2022;18:03;5;42;2;1;1;6;45,4538905949;4,3860876560
202200035627;3;11;2022;23:10;5;38;2;3;3;3;45,1924000000;5,6928000000
202200035628;2;11;2022;19:10;5;37;2;6;1;3;47,4257200000;0,6970600000
202200035629;3;11;2022;09:50;1;35;1;1;3;2;48,1378900000; -1,6940200000
202200035630;3;11;2022;16:40;1;33;2;6;1;3;44,8291500000; -0,6032200000
202200035631;3;11;2022;07:45;2;33;2;4;1;3;44,8441069000; -0,5259972811
202200035632;3;11;2022;17:30;2;31;2;1;2;3;43,6212324090;1,4355417341
202200035633;3;11;2022;07:55;1;31;2;1;8;3;43,6410200000;1,3796670000
202200035634;30;10;2022;12:30;1;29;2;3;1;7;47,8832127100; -3,9294282740
202200035635;2;11;2022;22:18;5;29;2;6;2;3;48,3871484080; -4,4824508428
202200035636;3;11;2022;23:04;5;17;2;1;3;7;46,1602300000; -1,1291800000
202200035637;4;11;2022;00:15;5;13;2;1;2;7;43,3037721030;5,4729123348
202200035638;3;11;2022;18:50;5;13;2;1;8;2;43,3079000000;5,4312000000
202200035639;3;11;2022;09:05;1;13;2;2;8;3;43,2858495954;5,4425668151
202200035640;2;11;2022;14:54;1;13;2;4;1;3;43,2999600000;5,4006600000
202200035641;2;11;2022;15:55;1;13;1;9;1;3;43,1893310248;5,6465641026
202200035642;2;11;2022;17:55;2;13;2;6;1;3;43,6984500000;4,6429100000
202200035643;29;10;2022;18:55;1;12;2;1;1;7;44,5271097942;2,2466343642
202200035644;3;11;2022;14:20;1;06;2;1;3;6;43,7122220000;7,2943140000
202200035645;24;10;2022;12:15;1;06;2;1;1;3;43,7500200000;7,4388400000
202200035646;3;11;2022;23:00;5;06;2;1;1;7;43,6460540000;6,9141380000
202200035647;3;11;2022;17:34;5;06;2;3;3;6;43,6539520000;6,9423870000
202200035648;3;11;2022;07:40;1;06;2;1;1;3;43,5536500000;7,0080970000
202200035649;17;5;2022;08:30;1;45;2;2;1;2;47,8797500000;1,9081700000
202200035650;2;11;2022;18:30;5;06;2;5;1;3;43,6590300000;7,1627470000
202200035651;16;5;2022;08:25;1;44;2;3;1;3;47,2770000000; -2,2034800000
202200035652;24;10;2022;13:45;1;05;2;3;1;3;44,5573000000;6,0771700000
202200035653;17;5;2022;22:20;5;44;2;2;1;3;47,2227690000; -1,5710110000
202200035654;29;10;2022;14:45;1;05;2;6;1;3;44,5394200000;6,0635700000
202200035655;20;7;2022;22:40;5;27;2;1;1;7;49,0281012000;1,1667524000
202200035656;17;5;2022;20:25;1;44;2;1;1;3;47,2484560000; -1,5876790000
202200035657;3;11;2022;07:20;1;988;2;3;1;6; -22,2714700000;166,4444300000
202200035658;16;5;2022;18:00;1;42;2;7;1;6;45,4158700000;4,3941600000
202200035659;2;11;2022;14:20;1;69;2;3;1;7;45,7507000000;4,8395000000
202200035660;2;11;2022;12:20;1;69;2;1;1;3;45,7353800000;4,8269100000
202200035661;17;5;2022;22:09;5;42;2;2;1;3;45,3992200000;4,2626600000
202200035662;2;11;2022;06:25;1;972;1;1;1;6;14,6202000000; -60,9634700000
202200035663;1;11;2022;03:00;3;972;1;1;1;6;14,6084100000; -61,0784300000
202200035664;17;5;2022;20:25;2;37;2;2;1;3;47,3840295934;0,6913836300
202200035665;2;11;2022;18:25;5;69;2;1;1;2;45,7519201142;4,8328042031
202200035666;17;5;2022;09:40;1;35;2;1;1;2;48,1257206873; -1,6683863103
202200035667;2;11;2022;15:55;1;69;2;1;1;6;45,7766200000;4,8398000000
202200035668;17;5;2022;07:45;1;35;1;1;1;2;48,1366064758; -1,7039000988
202200035669;2;11;2022;10:15;2;95;2;1;7;6;48,9600647056;2,3271489143
202200035670;17;5;2022;15:50;1;34;1;1;1;3;43,4391400000;3,7625200000
202200035671;2;11;2022;09:34;3;91;1;1;1;6;48,6712600000;2,5050200000
202200035672;17;5;2022;09:50;1;33;2;5;1;3;44,8333500000; -0,5985200000
202200035673;2;11;2022;08:22;1;91;2;1;1;4;48,7018000000;2,3718200000
202200035674;17;5;2022;21:20;5;31;2;6;1;3;43,6315800000;1,4626100000
202200035675;17;5;2022;09:00;1;31;2;3;1;1;43,5902000000;1,3681100000
202200035676;2;11;2022;10:00;1;78;1;1;1;2;48,9679300000;2,0006000000
202200035677;17;5;2022;07:00;2;31;2;9;1;3;43,5813100000;1,4134400000
202200035678;1;11;2022;19:00;3;76;1;1;3;6;49,5329600000;0,1144300000
202200035679;17;5;2022;08:46;1;29;2;6;1;3;48,3854060000; -4,5280990000
202200035680;1;11;2022;20:30;5;72;2;3;2;3;47,9919200000;0,2050000000
202200035681;1;11;2022;07:00;5;72;2;1;1;6;48,0190200000;0,1846700000
202200035682;17;5;2022;07:15;1;27;2;1;1;6;49,2747700000;1,2244600000
202200035683;2;11;2022;10:45;1;71;2;9;1;3;46,7937900000;4,4436600000
202200035684;17;5;2022;18:22;1;27;2;1;1;4;49,0464800000;1,1621200000
202200035685;2;11;2022;08:15;1;69;2;1;7;3;45,6850200000;4,9485600000
202200035686;17;5;2022;08:10;1;27;2;1;1;3;49,0015400000;1,1394500000
202200035687;1;11;2022;11:45;1;68;2;1;1;3;47,7490800000;7,3417000000
202200035688;17;5;2022;10:50;1;27;2;1;1;7;49,0284000000;1,1832600000
202200035689;17;5;2022;19:00;1;26;2;1;1;6;44,5605700000;4,7512300000
202200035690;2;11;2022;12:15;1;64;2;3;1;1;43,3092300000; -0,3762500000
202200035691;17;5;2022;19:06;1;17;1;9;1;2;46,1742800000; -1,1234600000
202200035692;2;11;2022;19:40;5;64;2;6;1;3;43,4377600000; -1,5913500000
202200035693;31;10;2022;07:40;2;63;2;5;1;1;45,7822900000;3,0954200000
202200035694;17;5;2022;18:10;1;14;1;9;1;2;49,1549400000; -0,4216800000
202200035695;28;10;2022;12:33;1;63;2;3;1;3;45,7874400000;3,1424600000
202200035696;17;5;2022;18:22;1;13;2;1;1;3;43,2906500000;5,3799000000
202200035697;28;10;2022;14:25;1;63;2;1;1;2;45,7792157460;3,1244972348
202200035698;6;5;2022;19:00;1;13;2;6;2;6;43,2478479735;5,3747168397
202200035699;27;10;2022;11:09;1;63;2;6;1;3;45,7974500000;3,1186100000
202200035700;17;5;2022;14:12;1;13;2;2;1;3;43,3076000000;5,4254000000
202200035701;17;5;2022;14:25;1;13;1;3;1;7;43,5578500000;4,9650400000
202200035702;26;10;2022;12:09;1;63;2;6;1;3;45,7641400000;3,1259900000
202200035703;17;5;2022;11:20;1;13;2;6;1;1;43,5072100000;4,9832500000
202200035704;28;10;2022;14:19;1;63;2;3;1;1;45,7874500000;3,1423700000
202200035705;17;5;2022;13:05;1;13;2;1;1;3;43,3166500000;5,5816000000
202200035706;17;5;2022;09:30;1;13;2;1;1;6;43,2846245833;5,5981475115
202200035707;22;10;2022;14:47;1;63;2;2;1;3;45,7872300000;3,0983400000
202200035708;13;5;2022;20:43;2;11;1;1;1;3;43,2214900000;2,2990100000
202200035709;23;10;2022;00:23;5;63;2;5;1;3;45,7641500000;3,1259400000
202200035710;16;5;2022;14:43;1;11;2;1;1;1;43,2078230000;2,3115220000
202200035711;17;5;2022;13:30;1;06;2;4;1;3;43,6818820000;6,9631090000
202200035712;2;11;2022;11:23;1;60;1;1;1;2;49,4029600000;2,8730400000
202200035713;30;4;2022;18:15;1;02;1;1;1;1;49,3590900000;3,3447000000
202200035714;2;11;2022;09:25;1;60;2;2;1;1;49,4162330000;2,0993640000
202200035715;4;5;2022;17:35;1;02;2;6;1;2;49,3655700000;3,3197800000
202200035716;2;11;2022;18:50;5;59;2;9;1;3;50,6800000000;3,1340000000
202200035717;17;5;2022;17:45;1;75;2;1;1;3;48,8206740000;2,3767840000
202200035718;2;11;2022;10:13;1;59;2;3;7;6;50,7058460000;2,8842320000
202200035719;27;10;2022;07:45;2;58;2;1;1;3;46,9931400000;3,1488600000
202200035720;16;5;2022;22:05;5;75;2;1;1;4;48,8819147237;2,2827033699
202200035721;31;10;2022;17:50;3;57;1;1;1;1;49,2577500000;6,0761200000
202200035722;28;10;2022;16:31;1;56;1;4;1;2;47,7991200000; -3,2572000000
202200035723;16;5;2022;18:15;1;75;2;1;1;4;48,8207721386;2,3770862818
202200035724;16;5;2022;15:45;1;75;2;1;1;2;48,8440890000;2,2546860000
202200035725;2;11;2022;17:50;5;54;2;6;1;3;48,6642764328;6,1741125584
202200035726;17;5;2022;11:10;1;75;2;1;1;6;48,8517550000;2,3305840000
202200035727;31;10;2022;17:30;2;49;2;1;8;7;47,5065500000; -0,5894600000
202200035728;17;5;2022;03:00;5;75;2;1;1;3;48,8424460000;2,3608730000
202200035729;2;11;2022;13:00;1;45;2;1;1;3;47,9597000000;1,8460000000
202200035730;16;5;2022;14:00;1;75;2;7;1;3;48,8463339252;2,3086430132
202200035731;2;11;2022;12:20;1;37;2;1;1;6;47,4139826529;0,6986725330
202200035732;16;5;2022;18:10;1;75;2;1;1;3;48,8205480000;2,3374020000
202200035733;2;11;2022;07:35;1;37;2;6;8;2;47,4189411113;0,7043373585
202200035734;17;5;2022;13:15;1;75;2;4;1;6;48,8528185202;2,3884736001
202200035735;2;11;2022;20:35;5;35;2;1;1;2;48,1097045239; -1,6879382730
202200035736;17;5;2022;11:55;1;75;2;1;1;6;48,8601170000;2,3886260000
202200035737;2;11;2022;16:25;1;35;1;1;1;6;48,1690700000; -1,6813700000
202200035738;17;5;2022;09:45;1;75;2;1;1;3;48,8663251018;2,3737482727
202200035739;31;10;2022;17:30;2;34;2;1;1;3;43,3503100000;3,2031300000
202200035740;17;5;2022;19:10;1;75;2;2;1;6;48,8816130000;2,3657870000
202200035741;2;11;2022;19:15;2;33;1;6;1;3;44,6327595786; -1,1451664567
202200035742;17;5;2022;08:05;1;75;2;3;1;3;48,8628900000;2,3151830000
202200035743;2;11;2022;18:20;3;32;1;3;1;7;43,6619500000;0,5891400000
202200035744;17;5;2022;07:00;1;75;2;2;1;3;48,8688834243;2,3385308683
202200035745;7;10;2022;23:35;5;28;1;1;1;6;48,4308680000;1,5008970000
202200035746;17;5;2022;13:07;1;94;2;1;1;2;48,7867900000;2,4201500000
202200035747;17;5;2022;18:40;1;94;2;1;1;2;48,7389943140;2,4466252326
202200035748;2;11;2022;16:35;1;27;2;1;1;5;49,0202203682;1,1586928368
202200035749;2;11;2022;17:45;2;26;2;1;1;2;44,5582711000;4,7424380000
202200035750;17;5;2022;07:25;1;94;2;1;1;5;48,8495400000;2,4986600000
202200035751;2;11;2022;10:30;1;25;2;1;1;3;47,2401500000;6,0151700000
202200035752;16;5;2022;18:20;1;94;2;1;1;2;48,7855400000;2,3288600000
202200035753;2;11;2022;12:35;1;22;2;2;1;3;48,5077900000; -2,7495400000
202200035754;16;5;2022;18:00;1;94;2;2;1;1;48,8142500000;2,3597100000
202200035755;2;11;2022;09:08;1;22;2;2;1;1;48,5300500000; -2,7646400000
202200035756;17;5;2022;06:45;1;94;2;1;1;3;48,7574710000;2,3276800000
202200035757;2;11;2022;06:30;3;22;2;1;1;7;48,5333400000; -2,7573400000
202200035758;17;5;2022;18:59;1;94;2;1;1;3;48,7911056810;2,4626669882
202200035759;1;11;2022;14:25;1;21;2;1;1;6;47,3243300000;5,0085790000
202200035760;16;5;2022;10:00;1;94;1;1;1;2;48,7615800000;2,4963800000
202200035761;2;11;2022;15:45;1;16;1;1;1;1;45,6364370000;0,2133940000
202200035762;16;5;2022;15:15;1;94;2;1;1;2;48,7817400000;2,4194200000
202200035763;17;5;2022;20:10;1;93;2;9;1;6;48,9749401682;2,5148445368
202200035764;2;11;2022;18:35;5;14;2;3;1;3;49,3518830000;0,0534080000
202200035765;17;5;2022;13:00;1;93;2;6;1;4;48,9608000000;2,5562800000
202200035766;2;11;2022;12:30;1;13;2;9;1;3;43,6467970834;5,1025305626
202200035767;17;5;2022;18:25;1;93;2;3;1;3;48,9638500000;2,3805200000
202200035768;17;5;2022;00:30;5;93;2;2;1;3;48,9519990000;2,5283940000
202200035769;17;5;2022;20:30;1;93;2;2;1;3;48,9182856811;2,3416998982
202200035770;17;5;2022;18:00;1;93;2;1;1;6;48,9204805866;2,3637181520
202200035771;17;5;2022;13:40;1;93;2;2;1;2;48,8858800000;2,5083100000
202200035772;17;5;2022;11:50;1;93;2;2;1;6;48,9039580000;2,4704560000
202200035773;16;5;2022;21:50;5;93;2;1;1;3;48,8999000000;2,4415800000
202200035774;16;5;2022;12:20;1;93;2;1;1;3;48,9378800000;2,4619600000
202200035775;17;5;2022;15:05;1;93;2;3;1;6;48,9303620000;2,4952530000
202200035776;15;5;2022;18:45;1;92;2;8;1;3;48,8370968400;2,1846807003
202200035777;17;5;2022;12:37;1;92;2;1;7;4;48,8833400000;2,2244600000
202200035778;17;5;2022;21:05;2;92;2;2;1;3;48,8855549836;2,2801799476
202200035779;17;5;2022;14:20;1;92;2;1;1;3;48,8811002273;2,2716931701
202200035780;17;5;2022;10:50;1;92;2;9;1;3;48,8911118269;2,2754002511
202200035781;17;5;2022;11:30;1;92;2;1;1;3;48,9024010000;2,1967490000
202200035782;13;5;2022;15:05;1;92;2;1;1;6;48,8892344244;2,2295304536
202200035783;17;5;2022;08:00;1;92;2;2;1;3;48,8181359152;2,3085201681
202200035784;17;5;2022;15:45;1;92;2;1;1;6;48,7966280000;2,2322990000
202200035785;17;5;2022;12:56;1;92;2;1;1;2;48,8340783836;2,2648610473
202200035786;17;5;2022;10:02;1;92;2;2;1;3;48,8220239305;2,2765651345
202200035787;17;5;2022;08:33;1;92;2;1;1;6;48,8189846975;2,2526846230
202200035788;17;5;2022;20:15;1;92;2;1;1;1;48,9221808808;2,2648339569
202200035789;17;5;2022;14:00;1;92;2;2;1;3;48,8999400000;2,3061300000
202200035790;17;5;2022;17:00;1;92;2;1;1;3;48,7995560000;2,2983740000
202200035791;17;5;2022;16:45;1;92;2;1;1;6;48,9091050000;2,2937820000
202200035792;16;5;2022;19:00;1;92;2;1;1;2;48,7529682360;2,3049204424
202200035793;16;5;2022;19:15;1;92;2;6;1;3;48,7638052076;2,3088805228
202200035794;17;5;2022;18:15;1;49;1;1;1;1;47,3481570000; -0,8815460000
202200035795;17;5;2022;15:45;1;76;1;1;1;6;49,6299855578;0,6401935592
202200035796;30;4;2022;07:35;1;84;1;4;1;3;44,1640220000;4,8960270000
202200035797;18;5;2022;13:40;1;63;1;3;1;1;45,6681910000;2,7841220000
202200035798;15;5;2022;21:15;2;06;1;1;1;7;43,7057790000;6,8322410000
202200035799;18;5;2022;08:25;1;54;1;4;1;3;49,1625856726;5,8230918654
202200035800;18;5;2022;02:05;3;87;1;1;1;2;46,2770590000;1,4023450000
202200035801;17;5;2022;12:47;1;44;1;1;7;1;47,1036230000; -2,0450230000
202200035802;17;5;2022;12:30;1;62;2;2;1;3;50,2761900000;2,2823020000
202200035803;17;5;2022;20:30;1;74;2;1;1;1;46,3329320000;6,3851970000
202200035804;15;5;2022;17:45;1;83;1;1;1;7;43,3453460000;6,2229070000
202200035805;17;5;2022;18:45;1;57;2;3;1;6;49,1766990000;6,4906510000
202200035806;15;5;2022;18:35;1;19;1;1;1;1;45,4328640000;1,4337270000
202200035807;17;5;2022;14:08;1;76;1;1;1;6;49,8525110000;0,9043550000
202200035808;14;5;2022;08:50;2;82;2;1;1;6;44,0138130000;1,0771640000
202200035809;17;5;2022;21:00;1;22;2;6;1;3;48,6483560000; -2,8385760000
202200035810;18;5;2022;08:45;1;03;1;4;1;3;46,2097860000;3,5133930000
202200035811;18;5;2022;08:50;1;15;2;3;1;1;45,1100250000;2,8722490000
202200035812;18;5;2022;17:05;1;01;2;3;1;3;45,9684680000;5,8099440000
202200035813;17;5;2022;09:50;1;01;2;1;1;6;46,4338720000;4,9387570000
202200035814;10;5;2022;15:30;1;26;1;1;1;3;44,7183730000;5,0112140000
202200035815;7;5;2022;15:28;1;26;1;1;1;7;44,7386820000;4,9086890000
202200035816;17;5;2022;08:40;1;72;1;1;1;2;47,9439110000; -0,2547870000
202200035817;17;5;2022;10:00;1;06;2;1;1;1;43,7240910000;7,4046730000
202200035818;17;5;2022;07:00;1;14;1;1;1;6;49,0879630000; -0,6393560000
202200035819;17;5;2022;21:40;3;90;1;4;1;3;47,4613770000;6,9305710000
202200035820;18;5;2022;17:40;1;60;1;2;1;1;49,6351060000;3,0376340000
202200035821;16;5;2022;15:10;1;21;1;2;1;3;47,1145360000;4,5064920000
202200035822;17;5;2022;22:11;3;67;1;1;1;3;48,6951550000;7,8336620000
202200035823;16;5;2022;07:30;1;13;1;1;1;3;43,6216390000;5,0440600000
202200035824;16;5;2022;22:35;3;17;1;1;1;6;45,3864860000; -0,6038620000
202200035825;16;5;2022;01:00;3;11;1;6;1;7;42,9336790000;3,0027650000
202200035826;16;5;2022;17:50;3;987;1;1;1;2; -16,1164100000; -145,6031800000
202200035827;2;4;2022;15:10;1;66;1;6;1;2;42,5893310000;2,8519820000
202200035828;17;5;2022;18:30;1;83;1;1;1;3;43,4454730000;6,0109810000
202200035829;18;5;2022;17:15;1;38;1;1;1;3;45,0892170000;5,7799240000
202200035830;18;5;2022;17:00;1;26;1;3;1;3;44,8325230000;4,9682660000
202200035831;18;5;2022;10:55;1;85;1;1;1;7;46,9417370000; -0,9569910000
202200035832;18;5;2022;08:00;1;44;2;6;1;1;47,3260470000; -2,1627940000
202200035833;17;5;2022;17:30;1;59;2;1;1;6;50,1245820000;3,4019960000
202200035834;18;5;2022;16:55;1;59;1;2;1;3;50,6092639303;3,1802040339
202200035835;17;5;2022;22:20;3;59;1;1;1;6;50,7030039454;2,7423307300
202200035836;17;5;2022;17:45;1;13;1;9;1;3;43,4018900000;5,2993300000
202200035837;16;5;2022;22:10;3;13;1;9;1;6;43,2829967511;5,5777282312
202200035838;16;5;2022;07:00;1;69;1;9;1;5;45,5895500000;4,8027700000
202200035839;16;5;2022;16:20;1;67;1;1;1;2;48,5869600000;7,7146600000
202200035840;16;5;2022;16:55;1;67;1;1;1;4;48,4998720000;7,6914030000
202200035841;17;5;2022;18:35;1;33;1;1;1;4;44,8800400000; -0,5379700000
202200035842;16;5;2022;13:15;1;33;1;1;1;3;44,8724600000; -0,5064900000
202200035843;17;5;2022;06:30;2;91;1;9;1;5;48,6059710000;2,4356480000
202200035844;17;5;2022;09:50;1;92;1;1;1;2;48,9015226318;2,2026748359
202200035845;17;5;2022;06:05;2;78;1;1;1;6;48,9675530000;1,7457140000
202200035846;17;5;2022;01:40;5;78;1;1;1;6;48,9132600000;2,1092600000
202200035847;16;5;2022;22:00;3;78;1;1;1;2;48,9639610000;1,7875510000
202200035848;16;5;2022;16:50;1;95;1;1;1;2;49,0356125186;2,1175181866
202200035849;16;5;2022;14:15;1;95;1;1;1;3;48,9680200000;2,2526500000
202200035850;16;5;2022;14:15;1;93;1;1;1;2;48,8689000000;2,4289600000
202200035851;16;5;2022;13:15;1;93;1;1;1;2;48,9400000000;2,4793600000
202200035852;16;5;2022;13:00;1;93;1;1;1;2;48,8657715811;2,4174962516
202200035853;16;5;2022;10:30;1;95;1;1;1;3;48,9581673795;2,2747412324
202200035854;16;5;2022;09:50;1;93;1;1;1;2;48,8657715811;2,4174962516
202200035855;16;5;2022;06:45;5;93;1;1;1;3;48,9126772450;2,3577823052
202200035856;17;5;2022;20:15;1;77;1;1;1;6;48,8403700000;2,6640670000
202200035857;17;5;2022;19:15;1;94;1;1;1;2;48,7535487312;2,3573043491
202200035858;17;5;2022;08:20;1;94;1;1;1;4;48,8290620000;2,5280960000
202200035859;7;5;2022;16:55;1;94;1;1;1;6;48,7412400000;2,5141700000
202200035860;19;4;2022;08:00;1;77;1;1;1;2;48,9633700000;2,6132800000
202200035861;16;4;2022;08:00;1;42;1;1;1;2;45,9890570000;4,0536060000
202200035862;15;4;2022;16:50;1;68;1;1;1;7;48,0908748370;7,4963021278
202200035863;16;4;2022;09:00;1;61;1;3;1;3;48,3353810000;0,4561740000
202200035864;15;4;2022;16:00;1;06;1;1;1;2;43,6690200000;7,2008570000
202200035865;15;4;2022;18:20;1;33;2;1;1;6;44,6432730000; -1,0572790000