Accident_Id;jour;mois;an;hrmn;lum;dep;agg;int;atm;col;lat;long
202200036525;26;8;2022;08:30;1;02;1;1;1;7;49,5488180000;3,8746230000
202200036526;14;1;2022;23:00;5;987;2;3;2;2; -17,6899310000; -149,5483490000
202200036527;28;2;2022;08:15;1;93;1;1;1;3;48,9543000000;2,4736600000
202200036528;19;1;2022;05:30;3;45;1;1;1;6;47,8205490368;2,7077128887
202200036529;28;2;2022;05:55;3;95;1;1;1;6;48,9771092205;2,2344088554
202200036530;25;8;2022;18:30;1;13;1;1;1;2;43,2848621721;5,4182638867
202200036531;15;7;2022;15:15;1;59;2;1;1;3;50,7446260000;3,1737610000
202200036532;19;1;2022;09:45;1;2A;2;1;1;6;41,5898420000;9,2830180000
202200036533;25;8;2022;17:36;1;13;1;1;1;2;43,3415557501;5,3766105874
202200036534;15;7;2022;19:50;1;59;2;1;1;6;50,6894085690;3,1653526425
202200036535;27;2;2022;00:50;3;94;1;1;1;2;48,8071100000;2,4488500000
202200036536;18;1;2022;17:05;1;34;2;7;1;3;43,6427990000;3,9361950000
202200036537;24;8;2022;18:52;1;13;1;1;1;6;43,3908023876;5,3509949147
202200036538;14;1;2022;18:30;5;42;2;1;1;6;45,4125660000;4,7333960000
202200036539;9;7;2022;11:40;1;59;2;5;1;3;50,6238800000;3,0432500000
202200036540;24;8;2022;20:02;1;13;1;1;1;2;43,2884680000;5,5483080000
202200036541;25;2;2022;14:30;1;974;2;1;1;5; -21,3309610000;55,4555580000
202200036542;18;1;2022;07:05;2;38;1;4;5;1;45,5009440000;5,5929480000
202200036543;24;8;2022;17:55;1;13;1;1;1;2;43,2920401133;5,4529633172
202200036544;27;2;2022;17:45;1;973;2;1;2;3;4,9225100000; -52,3126100000
202200036545;14;7;2022;19:20;1;59;2;1;7;3;50,6112400000;2,9905500000
202200036546;15;1;2022;13:45;1;69;1;1;8;6;46,1112030000;4,7544140000
202200036547;24;8;2022;15:20;1;13;1;1;1;4;43,3283406473;5,4171822605
202200036548;8;7;2022;14:00;1;58;2;3;1;3;46,9910100000;3,1632100000
202200036549;27;2;2022;13:10;1;973;2;1;1;6;4,9434036828; -52,3068737984
202200036550;18;1;2022;16:30;1;69;2;1;1;4;45,9419850000;4,7158220000
202200036551;13;1;2022;20:30;3;69;1;1;8;7;45,6545330000;4,5761920000
202200036552;25;8;2022;15:55;1;33;1;1;1;2;44,8781700000; -0,6296900000
202200036553;15;7;2022;12:25;1;54;2;6;1;2;48,6861400000;6,1918500000
202200036554;27;2;2022;13:15;1;69;2;2;1;6;45,7486000000;4,8837800000
202200036555;25;8;2022;06:12;3;33;1;1;3;6;44,8845400000; -0,5105500000
202200036556;19;1;2022;09:20;1;85;2;3;1;3;46,9293000000; -0,9001860000
202200036557;15;7;2022;17:50;1;51;2;2;1;3;49,2638500000;4,0179300000
202200036558;18;1;2022;17:15;1;22;2;2;1;3;48,5632000467; -3,1606668238
202200036559;25;8;2022;13:20;1;91;1;1;1;5;48,5738000000;2,4670700000
202200036560;26;2;2022;21:50;5;972;1;1;1;3;14,6154700000; -61,0135700000
202200036561;17;1;2022;15:30;1;62;2;9;1;6;50,5158340000;1,6338150000
202200036562;12;7;2022;07:45;1;50;1;3;7;3;49,6457600000; -1,6922400000
202200036563;25;8;2022;09:00;1;91;1;1;1;2;48,6297000000;2,4840000000
202200036564;18;1;2022;19:15;5;69;2;1;1;1;45,7031300000;4,8446100000
202200036565;14;7;2022;16:50;1;50;2;6;1;7;49,6362800000; -1,5761400000
202200036566;27;2;2022;13:45;1;69;2;3;1;1;45,7697700000;4,8169600000
202200036567;25;8;2022;23:20;3;91;1;1;1;2;48,6885400000;2,3247600000
202200036568;18;1;2022;19:10;1;33;1;1;1;2;44,8769110000; -0,5085270000
202200036569;27;2;2022;09:45;1;69;2;1;1;6;45,8168262403;4,9020910263
202200036570;18;1;2022;17:50;2;33;1;1;1;6;44,9874070000; -0,4276290000
202200036571;24;8;2022;16:00;1;78;1;1;1;3;48,9449700000;1,9494780000
202200036572;13;7;2022;18:55;1;49;2;3;1;3;47,2519753048; -0,0941509008
202200036573;27;2;2022;05:49;5;69;2;1;1;1;45,7664500000;4,8383200000
202200036574;18;1;2022;05:40;3;33;1;1;1;6;44,7890100000; -0,6447100000
202200036575;24;8;2022;21:20;3;95;1;1;1;5;49,0009875612;2,1728333831
202200036576;27;2;2022;14:20;1;971;1;1;1;3;16,2470700000; -61,5263700000
202200036577;15;7;2022;11:00;1;45;2;3;1;7;47,9167000000;1,8819200000
202200036578;17;1;2022;22:25;5;33;1;1;1;5;44,8531800000; -0,5050300000
202200036579;27;2;2022;08:00;1;971;1;1;1;6;16,2733700000; -61,5171800000
202200036580;25;8;2022;14:00;1;94;1;1;1;4;48,8266944100;2,4666901824
202200036581;27;2;2022;19:02;5;95;2;1;1;6;49,0283672640;1,9890511036
202200036582;15;7;2022;02:50;3;44;2;1;1;2;47,2844600000; -2,3012200000
202200036583;25;8;2022;08:45;1;94;1;1;1;3;48,8301000000;2,4871000000
202200036584;17;1;2022;08:00;3;94;1;1;1;3;48,7748700000;2,3457300000
202200036585;27;2;2022;20:00;5;91;2;9;1;3;48,6724070000;2,3893870000
202200036586;27;2;2022;17:50;1;78;2;1;1;6;48,9625790000;1,8574280000
202200036587;18;1;2022;16:45;2;93;1;1;1;4;48,9099200000;2,3582400000
202200036588;24;8;2022;16:40;1;94;1;1;1;2;48,8160300000;2,4519400000
202200036589;25;6;2022;11:30;1;44;2;6;1;6;47,2709000000; -2,2501800000
202200036590;18;1;2022;10:00;1;95;1;1;1;6;48,9758700000;2,2394500000
202200036591;28;2;2022;00:46;5;78;2;3;1;6;49,0058360000;2,1103670000
202200036592;18;1;2022;05:45;3;93;1;1;5;6;48,9287100000;2,3604300000
202200036593;29;1;2022;13:57;1;56;2;4;1;7;47,6519450000; -2,7833050000
202200036594;13;7;2022;23:15;5;44;2;3;1;3;47,2843100000; -2,2013900000
202200036595;17;1;2022;21:40;3;95;1;1;1;6;48,9664042548;2,2561240196
202200036596;27;2;2022;15:00;1;76;2;1;1;6;49,4966400000;1,0485400000
202200036597;17;1;2022;16:30;1;95;1;1;1;6;48,9626100000;2,2629100000
202200036598;18;5;2022;15:50;1;38;2;1;1;2;45,1881700000;5,7774100000
202200036599;15;7;2022;04:40;5;38;2;1;1;3;45,1613800000;5,7101300000
202200036600;25;2;2022;20:00;2;73;2;3;2;3;45,5545936616;5,9217220545
202200036601;17;1;2022;14:40;1;93;1;1;1;3;48,9050400000;2,4723200000
202200036602;27;2;2022;16:15;1;72;2;1;1;6;47,9887600000;0,2081700000
202200036603;18;1;2022;14:05;1;77;1;1;1;2;48,8300600000;2,7012500000
202200036604;24;8;2022;07:32;1;988;2;1;1;4; -22,2237700000;166,4854400000
202200036605;15;7;2022;22:30;5;33;2;3;1;3;44,8555800000; -0,5635500000
202200036606;26;2;2022;17:20;1;67;2;1;7;6;48,2624100000;7,4483500000
202200036607;17;1;2022;16:48;1;74;2;9;1;6;46,3756116989;6,4942005873
202200036608;24;8;2022;14:40;1;973;2;3;1;2;4,9422500000; -52,3049600000
202200036609;17;1;2022;11:00;1;68;2;1;1;6;47,8046100000;7,3116900000
202200036610;26;2;2022;23:55;3;61;2;1;1;7;48,7265400000; -0,0193800000
202200036611;15;7;2022;02:20;5;33;2;1;1;6;44,6303800000; -1,2026310000
202200036612;17;1;2022;21:15;5;93;2;3;1;6;48,8783900000;2,4796600000
202200036613;27;2;2022;07:15;2;59;2;9;1;6;50,2407510000;3,9124180000
202200036614;24;8;2022;14:10;1;973;2;2;1;3;4,9295500000; -52,3151100000
202200036615;16;1;2022;20:10;5;974;2;1;1;6; -20,9359400000;55,2985100000
202200036616;27;2;2022;03:00;5;42;2;1;1;6;45,3731303929;4,2713244259
202200036617;15;7;2022;18:20;1;29;2;2;1;3;48,3884060000; -4,5157610000
202200036618;17;1;2022;21:16;1;973;2;6;1;3;4,9269600000; -52,2899300000
202200036619;24;8;2022;20:20;1;69;2;2;1;3;45,7544200000;4,8454000000
202200036620;27;2;2022;18:30;1;37;2;1;1;6;47,4227800000;0,6856600000
202200036621;17;1;2022;20:00;5;69;2;1;1;3;45,7372600000;4,8583300000
202200036622;24;8;2022;14:51;1;69;2;1;1;6;45,7271300000;4,8311900000
202200036623;27;2;2022;18:53;1;35;2;9;1;6;48,1019900000; -1,6988100000
202200036624;6;7;2022;12:29;1;27;2;1;1;2;49,0140940747;1,1634993553
202200036625;17;1;2022;16:40;1;69;2;4;8;6;45,7770157716;4,8042038083
202200036626;27;2;2022;17:35;1;35;2;9;1;3;48,1224300000; -1,7088500000
202200036627;24;8;2022;10:10;1;69;2;2;1;6;45,7451700000;4,8419300000
202200036628;14;7;2022;14:50;1;21;2;3;1;3;47,3020791599;5,0673918838
202200036629;17;1;2022;13:22;1;69;2;1;1;1;45,7871527155;4,7995662689
202200036630;24;8;2022;03:45;5;69;2;2;1;3;45,7716800000;4,8467900000
202200036631;27;2;2022;14:25;1;35;2;2;1;1;48,1163200000; -1,7140700000
202200036632;24;8;2022;10:29;1;972;1;1;1;2;14,6322800000; -61,0085600000
202200036633;15;1;2022;09:09;1;2B;2;6;1;3;42,6660730000;9,4392830000
202200036634;27;2;2022;14:00;1;35;2;1;1;6;48,1105854739; -1,6557165384
202200036635;15;7;2022;18:45;1;13;2;1;1;2;43,3038200000;5,4269200000
202200036636;14;1;2022;23:00;5;971;2;1;1;7;16,2366500000; -61,5130500000
202200036637;24;8;2022;21:30;3;69;2;1;1;1;45,7435823358;4,8128172755
202200036638;14;7;2022;10:25;1;13;2;1;1;1;43,2890400000;5,3842800000
202200036639;27;2;2022;04:45;4;33;2;4;1;6;44,8057000000; -0,6610100000
202200036640;16;1;2022;04:30;5;95;2;1;5;6;49,0012010653;2,4077492952
202200036641;24;8;2022;14:00;1;2A;2;9;1;6;41,9276800000;8,7385700000
202200036642;28;2;2022;02:30;3;33;1;6;5;6;44,6168900000; -1,1382500000
202200036643;13;7;2022;00:15;5;13;2;2;1;3;43,3110601908;5,3695468604
202200036644;17;1;2022;09:00;1;95;1;1;8;2;49,0227800000;2,4653300000
202200036645;24;8;2022;09:45;1;95;2;1;7;6;48,9792720000;2,4251900000
202200036646;27;2;2022;18:05;1;33;2;1;1;7;44,5398700000; -1,1740800000
202200036647;17;1;2022;17:45;4;91;2;1;1;3;48,6882800000;2,4349000000
202200036648;19;4;2022;11:15;1;13;1;1;1;2;43,5429100000;4,9731900000
202200036649;24;8;2022;19:35;1;95;2;1;1;3;48,9656059857;2,2823774815
202200036650;26;2;2022;18:10;1;29;2;2;1;3;47,9952692886; -4,0999844670
202200036651;15;1;2022;08:20;1;85;2;3;1;3;46,4960500000; -1,7729200000
202200036652;15;7;2022;18:05;1;10;2;1;1;3;48,3087744435;4,0687608719
202200036653;26;2;2022;17:56;1;29;1;1;1;2;47,9709600000; -4,0864000000
202200036654;24;8;2022;17:50;1;95;2;2;1;3;48,9713285895;2,2753527761
202200036655;27;2;2022;15:10;1;29;1;1;1;6;47,9000200000; -3,9435800000
202200036656;27;2;2022;04:06;5;17;2;1;1;7;46,1599500000; -1,1517800000
202200036657;24;8;2022;19:25;1;91;2;1;1;1;48,7105900000;2,4981100000
202200036658;13;7;2022;16:45;1;09;1;1;1;5;42,9517680000;1,6224560000
202200036659;13;1;2022;15:45;1;80;2;1;1;2;50,1024300000;1,8541080000
202200036660;24;8;2022;09:35;1;83;2;9;1;3;43,0973696872;6,0251722634
202200036661;15;7;2022;18:45;1;06;2;1;1;-1;43,7081100000;7,2631300000
202200036662;27;2;2022;15:29;1;13;1;4;1;2;43,4276204903;5,2557821581
202200036663;17;1;2022;08:30;2;78;2;2;1;3;48,9905780000;1,8973670000
202200036664;15;7;2022;04:10;5;06;2;1;1;7;43,6417300000;6,9597600000
202200036665;24;8;2022;17:40;1;81;2;9;1;6;43,9430000000;2,1548100000
202200036666;27;2;2022;22:40;5;13;2;3;1;7;43,2739100000;5,4079100000
202200036667;17;1;2022;09:00;2;77;2;6;5;5;48,8629780000;2,7431150000
202200036668;27;2;2022;04:15;5;13;2;1;1;3;43,2911100000;5,3831700000
202200036669;14;7;2022;02:00;5;75;2;1;1;4;48,8270500000;2,2944910000
202200036670;17;1;2022;17:25;5;77;2;3;1;1;48,2672200000;2,6958000000
202200036671;23;8;2022;14:50;1;77;1;3;1;3;48,6090000000;2,6067500000
202200036672;17;1;2022;15:39;1;76;2;1;1;6;49,4617600000;1,0438200000
202200036673;26;2;2022;13:50;1;13;2;3;1;5;43,2894800000;5,3644700000
202200036674;14;7;2022;04:57;2;75;2;2;1;3;48,8561960000;2,3464720000
202200036675;14;1;2022;13:30;1;76;2;1;1;1;49,5175900000;0,1757300000
202200036676;26;2;2022;23:20;5;13;2;1;1;6;43,5900000000;4,9400000000
202200036677;23;8;2022;18:40;1;77;1;2;1;6;48,4136100000;2,6441600000
202200036678;27;2;2022;22:50;5;13;1;1;1;7;43,5431900000;5,4312000000
202200036679;15;7;2022;08:20;1;75;2;2;1;3;48,8284690000;2,3729480000
202200036680;26;7;2022;21:40;2;77;1;1;1;7;48,1904200000;2,7795470000
202200036681;27;2;2022;04:00;5;13;2;1;1;6;43,5225400000;5,4424300000
202200036682;17;1;2022;14:50;1;74;2;9;1;3;46,1853600000;6,2422000000
202200036683;27;2;2022;16:30;1;10;2;9;1;6;48,2921200000;4,0702100000
202200036684;15;7;2022;12:30;1;75;2;7;1;3;48,9012180000;2,3708050000
202200036685;24;8;2022;10:35;1;76;2;3;1;1;49,4365700000;1,1104700000
202200036686;17;1;2022;18:45;2;73;2;1;1;2;45,5746300081;5,9024826362
202200036687;24;8;2022;09:40;1;76;2;1;1;6;49,4469200000;1,1097000000
202200036688;12;1;2022;12:20;1;69;2;3;1;2;45,7629200000;5,0181800000
202200036689;27;2;2022;19:50;5;75;2;1;1;4;48,8272410000;2,2937135000
202200036690;15;7;2022;21:30;2;75;2;2;1;3;48,8832920000;2,3192570000
202200036691;17;1;2022;16:50;1;64;2;1;1;4;43,4819200000; -1,4872600000
202200036692;24;8;2022;21:30;5;69;2;2;1;3;45,7710400000;4,8698700000
202200036693;27;2;2022;16:10;1;75;2;1;1;4;48,8272580000;2,3908840000
202200036694;15;7;2022;01:45;5;75;2;1;1;3;48,8553430000;2,2262140000
202200036695;16;1;2022;09:23;1;63;2;1;1;6;45,7496100000;3,1115900000
202200036696;27;2;2022;10:52;1;75;2;3;7;6;48,8887760000;2,3808110000
202200036697;24;8;2022;23:35;3;69;2;3;1;3;45,6945400000;4,8442000000
202200036698;14;7;2022;15:00;1;75;2;1;1;3;48,8655490000;2,2888980000
202200036699;15;1;2022;16:30;1;63;2;8;1;3;45,7931800000;3,1175700000
202200036700;27;2;2022;00:10;5;75;2;5;1;3;48,8788370000;2,4015010000
202200036701;24;8;2022;08:55;1;67;2;3;1;3;48,5741100000;7,7379200000
202200036702;15;1;2022;13:41;1;57;2;1;1;6;49,2455100000;6,0924600000
202200036703;26;2;2022;21:45;5;75;2;1;1;3;48,8821270000;2,3381600000
202200036704;15;7;2022;10:50;1;75;2;2;1;3;48,8360160000;2,2782200000
202200036705;15;1;2022;19:45;5;56;2;2;1;3;47,7719300000; -3,3387800000
202200036706;23;8;2022;23:58;5;67;2;3;1;6;48,6130400000;7,7368100000
202200036707;26;2;2022;23:40;5;75;2;4;1;3;48,8675980000;2,3012450000
202200036708;17;1;2022;06:08;5;45;2;1;5;3;47,9253856914;1,8460501944
202200036709;24;8;2022;13:55;1;64;1;1;1;6;43,3892300000; -1,6267400000
202200036710;14;7;2022;14:00;1;75;2;1;1;3;48,8485960000;2,2828020000
202200036711;27;2;2022;10:40;1;75;2;2;1;1;48,8595310000;2,3487860000
202200036712;17;1;2022;18:30;5;35;2;9;1;3;48,1147400000; -1,6557700000
202200036713;23;8;2022;16:40;1;64;2;1;1;2;43,4553100000; -1,5103400000
202200036714;15;7;2022;16:05;1;75;2;3;1;6;48,8717180000;2,3416200000
202200036715;17;1;2022;13:30;1;33;2;4;1;6;44,8248350297; -0,5829244852
202200036716;23;8;2022;21:00;2;62;2;1;1;6;50,4169300000;2,8868900000
202200036717;26;2;2022;19:25;2;75;2;2;1;6;48,8601050000;2,3434270000
202200036718;15;7;2022;14:35;1;75;2;3;1;6;48,8550950000;2,3616720000
202200036719;17;1;2022;09:50;1;33;2;6;1;3;44,8157700000; -0,6813700000
202200036720;24;8;2022;02:00;5;59;2;1;1;6;50,6504083248;2,9821899533
202200036721;27;2;2022;17:40;1;94;2;1;1;6;48,7890500000;2,3904500000
202200036722;17;1;2022;09:05;1;33;2;1;8;6;44,7751382993; -0,5849093199
202200036723;23;8;2022;07:10;1;59;2;1;1;2;50,6376280000;2,9759890000
202200036724;15;7;2022;11:20;1;75;2;3;1;6;48,8573040000;2,3524100000
202200036725;27;2;2022;17:40;1;93;2;1;1;3;48,9055524454;2,3316890000
202200036726;27;2;2022;14:10;1;93;2;1;1;6;48,8721320113;2,5331747532
202200036727;14;7;2022;19:40;1;94;2;2;1;3;48,7970000000;2,4980000000
202200036728;17;1;2022;12:15;1;32;1;1;1;4;43,6221400000;0,5773900000
202200036729;15;7;2022;07:00;1;94;2;1;1;3;48,7962700000;2,3544700000
202200036730;27;2;2022;16:55;1;93;2;1;7;3;48,9273200000;2,4732100000
202200036731;19;8;2022;12:55;1;59;2;2;1;3;51,0187942889;2,3828691244
202200036732;17;1;2022;23:30;5;31;1;1;5;7;43,6383200000;1,4767800000
202200036733;23;8;2022;21:44;5;56;2;1;1;6;47,7679600000; -3,3540800000
202200036734;15;7;2022;03:50;5;94;2;9;1;6;48,7733200000;2,3998000000
202200036735;27;2;2022;21:20;5;93;2;5;1;1;48,9357880523;2,4938959415
202200036736;17;1;2022;20:20;4;29;2;6;1;6;48,4006060000; -4,4994050000
202200036737;14;7;2022;00:10;5;94;2;1;1;6;48,7634900000;2,4031100000
202200036738;24;8;2022;18:55;1;54;1;1;1;7;48,7182760000;6,1649600000
202200036739;27;2;2022;17:05;1;92;2;2;1;3;48,8968705273;2,2240226716
202200036740;24;8;2022;12:15;1;54;2;1;1;6;48,6658500000;6,1901900000
202200036741;15;7;2022;17:50;1;94;2;2;1;6;48,7535300000;2,5264000000
202200036742;17;1;2022;18:45;5;29;2;1;1;5;48,4041881500; -4,5053396520
202200036743;23;2;2022;23:55;3;39;1;1;1;2;46,7670730000;5,9050660000
202200036744;24;8;2022;19:30;1;51;2;6;7;3;49,2204400000;4,0209800000
202200036745;26;4;2022;13:40;1;93;2;1;1;2;48,9131874969;2,3338669991
202200036746;17;1;2022;21:40;5;27;2;1;1;3;49,2352700000;1,1706900000
202200036747;28;2;2022;15:05;1;54;1;2;1;3;48,5984618923;6,2598560731
202200036748;23;8;2022;19:45;1;51;2;1;1;7;49,2531500000;4,0297300000
202200036749;17;1;2022;10:36;1;17;2;1;8;2;46,1380800000; -1,1506700000
202200036750;28;2;2022;13:30;1;54;2;1;1;7;48,6110403493;6,2391453990
202200036751;16;1;2022;18:50;5;14;2;9;2;3;49,2033200000; -0,3605500000
202200036752;15;7;2022;03:50;5;93;2;2;1;3;48,8859840000;2,4765100000
202200036753;17;1;2022;16:30;1;13;2;1;1;2;43,3275455369;5,3966181308
202200036754;24;8;2022;06:10;2;51;2;2;1;3;48,9516700000;4,3686600000
202200036755;15;7;2022;22:20;3;93;2;3;1;7;48,8551667384;2,4154008603
202200036756;25;8;2022;00:40;5;45;2;1;1;2;47,9290419439;1,8973192871
202200036757;28;2;2022;14:14;1;73;1;1;1;1;45,6934860000;5,8300870000
202200036758;15;7;2022;16:20;1;93;2;1;1;3;48,9157502661;2,5356002748
202200036759;24;8;2022;18:00;1;44;2;1;1;3;47,2203000000; -1,6032100000
202200036760;17;1;2022;07:45;1;13;2;1;1;2;43,3060000000;5,5020000000
202200036761;27;2;2022;13:35;1;31;2;1;1;1;43,6771840000;1,4236520000
202200036762;15;7;2022;20:30;1;93;2;2;1;3;48,8835140000;2,4164690000
202200036763;27;2;2022;15:20;1;57;1;1;1;6;49,2064810000;6,1237620000
202200036764;24;8;2022;08:30;1;44;2;1;1;3;47,1925800000; -1,5271100000
202200036765;16;1;2022;13:05;1;13;2;3;1;3;43,2987975331;5,3904900172
202200036766;15;7;2022;11:00;1;93;2;1;1;6;48,9152200000;2,4420700000
202200036767;28;2;2022;07:50;1;46;1;1;7;1;44,3577640000;1,2376790000
202200036768;24;8;2022;10:00;1;35;2;1;1;6;48,1519600000; -1,6849700000
202200036769;15;7;2022;01:40;4;93;2;1;1;6;48,9160600000;2,4653500000
202200036770;13;1;2022;17:30;2;03;1;1;1;3;46,1143600000;3,4434400000
202200036771;24;8;2022;14:10;1;33;2;1;1;3;44,6463000000; -1,1576100000
202200036772;17;1;2022;18:15;5;75;2;1;1;6;48,8651730000;2,4134290000
202200036773;26;2;2022;18:45;2;51;1;2;1;1;49,2735430000;3,8823980000
202200036774;24;8;2022;17:10;1;31;2;1;1;7;43,6268100000;1,4341000000
202200036775;14;7;2022;04:15;5;93;2;2;1;3;48,9198300000;2,4513900000
202200036776;26;2;2022;16:00;1;56;1;1;1;7;47,9236170000; -2,6854180000
202200036777;14;1;2022;18:20;5;75;2;1;1;2;48,9010410000;2,3507640000
202200036778;26;2;2022;11:20;1;56;2;9;7;6;47,6989000000; -2,8001300000
202200036779;20;8;2022;13:50;1;30;1;1;1;1;43,7933900000;4,3465700000
202200036780;17;1;2022;18:00;5;75;2;2;1;6;48,8610190000;2,2834360000
202200036781;15;7;2022;13:28;1;93;2;3;1;3;48,9407230000;2,4336000000
202200036782;26;2;2022;15:50;1;77;1;6;1;6;48,4857230000;3,0501010000
202200036783;24;8;2022;19:25;1;30;2;1;1;6;44,1275000000;4,0837100000
202200036784;15;7;2022;11:20;1;92;2;1;1;2;48,8191830000;2,2876630000
202200036785;28;2;2022;17:40;1;80;2;2;1;3;50,1959370000;2,0768370000
202200036786;16;1;2022;00:28;5;75;2;1;1;3;48,8427170000;2,3271900000
202200036787;23;2;2022;16:50;1;46;1;1;1;6;44,9297240000;1,7400130000
202200036788;15;7;2022;15:38;1;92;2;1;7;3;48,8834170000;2,1676790000
202200036789;23;8;2022;18:16;1;29;1;1;1;4;47,8804526895; -3,9079145193
202200036790;17;1;2022;12:15;1;75;2;5;1;6;48,8501590000;2,3843570000
202200036791;14;7;2022;10:50;1;92;2;1;1;6;48,8788700000;2,1813800000
202200036792;27;2;2022;11:50;1;38;1;2;1;1;45,4367410000;5,2983730000
202200036793;23;8;2022;14:10;1;28;2;1;1;2;48,7460000000;1,3640700000
202200036794;17;1;2022;19:00;5;75;2;7;1;3;48,8658360000;2,3199210000
202200036795;15;7;2022;08:30;1;92;2;6;1;6;48,8849016066;2,2606993317
202200036796;24;8;2022;19:02;1;25;2;6;1;3;46,9065100000;6,3471600000
202200036797;28;2;2022;14:30;1;13;1;3;1;3;43,8478060000;4,8410820000
202200036798;17;1;2022;10:15;1;75;2;7;8;2;48,8732730000;2,2955350000
202200036799;15;7;2022;13:15;1;75;2;2;1;3;48,8350980000;2,2551690000
202200036800;28;2;2022;14:15;1;03;1;1;1;5;46,2121130000;3,5367070000
202200036801;17;1;2022;16:13;1;75;2;5;1;3;48,8619390000;2,3645840000
202200036802;24;8;2022;18:10;1;25;2;2;1;3;47,2588900000;6,0451900000
202200036803;15;7;2022;16:30;1;92;1;1;1;2;48,9127921230;2,3040137887
202200036804;25;2;2022;17:45;2;26;1;4;7;3;44,2766520000;4,9167810000
202200036805;17;1;2022;14:46;1;75;2;5;1;3;48,8719750000;2,3400890000
202200036806;14;7;2022;14:10;1;92;2;1;1;3;48,9168711304;2,2731213123
202200036807;17;1;2022;16:30;1;94;2;1;1;6;48,7486218175;2,4649500846
202200036808;24;8;2022;13:35;1;11;2;2;1;3;43,2204320000;2,3798200000
202200036809;28;2;2022;09:50;1;50;1;6;7;6;48,9498160000; -1,5333490000
202200036810;16;1;2022;03:21;5;94;2;1;1;6;48,7855800000;2,4951800000
202200036811;16;7;2022;02:30;5;2A;2;1;1;6;41,6769710000;8,9098420000
202200036812;27;2;2022;10:50;1;50;2;1;1;6;48,5773700000; -1,0890000000
202200036813;24;8;2022;19:25;1;07;2;1;1;6;44,7374000000;4,6251160000
202200036814;16;1;2022;16:18;1;94;2;3;8;3;48,7780100000;2,3485300000
202200036815;17;6;2022;08:35;1;55;2;1;1;6;49,3840490000;5,1771750000
202200036816;23;2;2022;23:10;5;90;2;6;1;3;47,5723930000;7,0140620000
202200036817;15;7;2022;08:00;1;81;1;2;1;3;43,6685920000;2,1114520000
202200036818;22;8;2022;21:00;5;06;2;1;1;3;43,5511300000;7,0133500000
202200036819;27;2;2022;01:30;3;36;1;1;1;6;47,1061240000;1,9915860000
202200036820;16;6;2022;12:20;1;49;1;9;1;7;47,5743650000; -1,0186550000
202200036821;17;1;2022;08:00;1;93;2;9;2;2;48,9168885084;2,3335278561
202200036822;16;7;2022;09:25;1;68;1;1;1;7;47,8151810000;7,4237860000
202200036823;22;8;2022;22:10;5;06;2;1;1;2;43,5496000000;7,0314000000
202200036824;24;2;2022;11:25;1;53;1;2;1;3;48,2275570000; -0,9580900000
202200036825;17;1;2022;20:30;5;93;2;1;1;3;48,8550758976;2,5242652867
202200036826;15;6;2022;15:50;1;49;1;2;1;3;47,2461220000; -1,0825070000
202200036827;23;8;2022;14:20;1;04;1;1;1;7;44,0757380000;6,2694190000
202200036828;27;2;2022;22:45;3;24;1;1;1;7;45,2216950000;0,8763640000
202200036829;16;7;2022;12:40;1;67;1;2;1;3;48,7011720000;7,3597670000
202200036830;17;1;2022;08:18;2;93;2;1;1;6;48,8656000000;2,5375000000
202200036831;17;6;2022;15:00;1;34;1;1;1;6;43,5294420000;3,1853660000
202200036832;23;8;2022;20:30;2;75;2;1;1;2;48,9010890000;2,3521320000
202200036833;16;7;2022;09:30;1;29;1;1;1;6;48,5752565433; -3,7209645228
202200036834;8;5;2022;15:00;1;68;2;1;1;1;48,1126680000;7,2874330000
202200036835;17;1;2022;10:50;1;93;2;5;1;2;48,9128569830;2,5068489573
202200036836;28;2;2022;12:30;1;28;1;1;1;1;48,5528910000;1,6693140000
202200036837;15;7;2022;11:30;1;22;1;1;7;6;48,5528734814; -3,1717452775
202200036838;17;1;2022;06:50;5;93;2;1;2;6;48,9054615280;2,4755739835
202200036839;30;4;2022;12:35;1;68;2;1;1;3;48,0930900000;7,3066430000
202200036840;26;2;2022;22:00;5;31;2;1;1;6;43,5408340000;1,4816310000
202200036841;22;8;2022;20:50;2;75;2;4;1;4;48,8443610000;2,4138970000
202200036842;1;5;2022;05:30;2;68;1;1;1;7;48,0257273299;7,2815460416
202200036843;15;1;2022;22:30;5;92;2;1;1;3;48,8722262194;2,1926404237
202200036844;28;2;2022;08:45;1;38;1;1;1;3;45,2106830000;5,8070420000
202200036845;16;7;2022;13:43;1;74;1;1;1;2;45,9284530000;6,0898340000
202200036846;23;8;2022;07:10;1;75;2;4;1;3;48,8431590000;2,3426130000
202200036847;17;1;2022;20:21;5;92;2;1;1;6;48,8206450446;2,2634534240
202200036848;16;6;2022;23:15;3;39;1;1;1;6;46,8462390000;5,7034660000
202200036849;28;2;2022;07:50;1;06;1;1;1;3;43,7209760000;7,2165990000
202200036850;14;7;2022;15:15;1;38;2;3;1;3;45,3418940000;5,5658730000
202200036851;26;2;2022;02:00;3;987;1;1;1;6; -17,5962180000; -149,3935700000
202200036852;24;8;2022;16:00;1;75;2;4;1;6;48,8928900000;2,3374080000
202200036853;16;6;2022;11:15;1;44;1;5;1;3;47,0062090000; -1,4549270000