Accident_Id;jour;mois;an;hrmn;lum;dep;agg;int;atm;col;lat;long
202200037844;17;4;2022;17:15;1;88;2;1;1;7;48,3860830000;6,5805960000
202200037845;28;5;2022;16:20;1;88;1;1;1;5;48,0405250000;6,3679000000
202200037846;22;5;2022;15:45;1;88;1;1;1;7;48,0297000000;6,3789880000
202200037847;20;6;2022;06:40;2;88;1;1;1;6;48,1670590000;7,0648960000
202200037848;17;6;2022;19:30;2;88;1;9;7;6;48,1665970000;6,8938300000
202200037849;28;9;2022;08:20;1;974;2;3;1;3; -21,3350300000;55,4708300000
202200037850;28;9;2022;16:20;1;972;1;1;1;4;14,5965200000; -60,9946900000
202200037851;28;9;2022;23:05;5;69;2;2;3;1;45,7637576752;4,7950373590
202200037852;28;9;2022;13:30;1;69;2;2;8;3;45,7804900000;4,8090800000
202200037853;28;9;2022;13:30;1;2B;2;3;1;3;42,7014300000;9,4497000000
202200037854;28;9;2022;17:10;1;91;2;1;8;6;48,6879160000;2,5037350000
202200037855;27;9;2022;18:20;2;87;2;1;2;7;45,8293000000;1,2190700000
202200037856;27;9;2022;18:15;1;83;2;9;1;3;43,1229070766;5,9462150931
202200037857;27;9;2022;15:55;1;83;2;1;1;6;43,1242725023;5,9356377125
202200037858;23;9;2022;17:55;1;83;1;1;1;6;43,1436276761;6,0248588920
202200037859;27;9;2022;19:30;3;83;2;1;6;7;43,4111047981;6,7248199582
202200037860;24;9;2022;10:39;1;83;2;3;2;6;43,5366510937;6,4607362747
202200037861;23;9;2022;19:50;1;78;2;1;1;6;48,8569900000;2,1449000000
202200037862;28;9;2022;11:45;1;77;2;1;1;3;48,6665000000;2,5524200000
202200037863;28;9;2022;09:30;1;77;2;3;1;2;48,8312400000;2,6884000000
202200037864;27;9;2022;17:50;1;76;2;3;1;6;49,5000100000;0,1042900000
202200037865;26;9;2022;15:40;1;72;2;1;2;2;48,0097500000;0,2014600000
202200037866;28;9;2022;19:30;5;69;2;2;2;3;45,7754800000;5,0110900000
202200037867;28;9;2022;20:45;5;69;2;1;3;6;45,7376295439;4,8913326859
202200037868;23;9;2022;09:50;1;62;2;3;1;5;50,5017120000;2,9468110000
202200037869;28;9;2022;18:10;1;60;2;1;1;4;49,4288200000;2,0959000000
202200037870;28;9;2022;09:55;1;59;2;8;1;7;50,6867429467;3,1238293648
202200037871;25;9;2022;18:45;1;56;2;1;1;1;47,7621300000; -3,3765900000
202200037872;28;9;2022;07:45;2;56;1;1;1;4;47,7503900000; -3,3871900000
202200037873;20;9;2022;18:10;1;49;1;1;1;1;47,0843900000; -0,8382600000
202200037874;27;9;2022;19:20;1;49;2;1;2;7;47,4602100000; -0,5545900000
202200037875;27;9;2022;14:00;1;49;2;1;1;3;47,4823600000; -0,5222300000
202200037876;28;9;2022;21:34;5;45;2;3;3;7;47,9160000000;1,9738000000
202200037877;28;9;2022;20:15;5;45;2;1;2;6;47,9184610145;1,9813482463
202200037878;28;9;2022;08:47;1;45;2;1;2;4;47,9061000000;1,8716100000
202200037879;28;9;2022;10:25;1;38;2;1;8;6;45,1860800000;5,7602200000
202200037880;28;9;2022;13:10;1;37;2;6;2;6;47,4305150800;0,7045465708
202200037881;27;9;2022;17:15;1;37;2;1;1;3;47,4256600000;0,7161300000
202200037882;28;9;2022;17:40;1;31;2;1;2;3;43,5716600000;1,4244800000
202200037883;28;9;2022;08:50;2;29;1;1;2;7;47,8951061610; -3,9137020109
202200037884;28;9;2022;12:10;1;27;2;1;1;3;49,2149700000;1,1674200000
202200037885;28;9;2022;10:45;1;25;1;2;3;3;47,2877200000;6,0651700000
202200037886;23;9;2022;14:50;1;25;2;2;1;3;47,2463100000;5,9980000000
202200037887;28;9;2022;11:50;1;13;2;1;1;2;43,2500800000;5,4038300000
202200037888;28;9;2022;08:00;1;11;2;2;2;2;43,2099400000;2,3604300000
202200037889;24;9;2022;10:44;1;10;2;1;2;7;48,3101600000;4,0973200000
202200037890;23;9;2022;19:37;5;10;2;1;8;7;48,2895555758;4,0805867314
202200037891;27;9;2022;11:28;1;974;2;9;1;2; -20,8861400000;55,4790700000
202200037892;27;9;2022;18:30;1;974;2;1;1;3; -20,9616700000;55,3172100000
202200037893;27;9;2022;18:15;1;973;2;1;1;6;4,9352649045; -52,3282778263
202200037894;26;9;2022;16:15;1;973;2;3;1;3;4,9382300000; -52,3168000000
202200037895;3;9;2022;18:25;1;973;2;1;1;3;4,9331008118; -52,2904841602
202200037896;9;9;2022;09:07;1;973;2;3;1;3;4,9370504204; -52,3266376555
202200037897;27;9;2022;21:25;5;69;2;3;1;3;45,7572700000;4,8407800000
202200037898;6;7;2022;17:00;1;69;2;2;1;3;45,7557200000;4,8761600000
202200037899;27;9;2022;18:35;5;972;2;2;1;3;14,6174000000; -60,9952100000
202200037900;25;9;2022;23:20;5;972;1;1;1;2;14,6184200000; -61,0249600000
202200037901;27;9;2022;07:00;1;2B;1;1;1;2;42,6002800000;9,4380900000
202200037902;27;9;2022;09:45;1;2A;2;3;2;3;41,9339519621;8,7525702615
202200037903;27;9;2022;18:25;1;95;1;1;2;1;49,0104254433;2,4197280407
202200037904;27;9;2022;17:50;1;91;2;1;2;1;48,6815200000;2,5326200000
202200037905;27;9;2022;05:25;5;91;2;2;1;6;48,7218800000;2,4047800000
202200037906;26;9;2022;14:34;1;91;1;1;3;4;48,4444500000;2,1202600000
202200037907;26;9;2022;17:55;1;87;2;1;1;2;45,8444900000;1,2467500000
202200037908;26;9;2022;07:18;5;87;2;1;2;7;45,8252300000;1,2730600000
202200037909;24;9;2022;13:07;1;87;2;2;1;4;45,8214400000;1,2403200000
202200037910;27;9;2022;17:40;1;85;2;6;2;3;46,5154200000; -1,7584400000
202200037911;27;9;2022;07:15;2;83;1;1;1;6;43,1240700000;5,9363300000
202200037912;23;9;2022;17:50;1;80;2;1;1;3;49,8918400000;2,3127400000
202200037913;23;9;2022;16:35;1;80;2;1;1;6;49,9039600000;2,2885300000
202200037914;27;9;2022;08:10;1;78;2;1;1;6;48,9506300000;1,9970100000
202200037915;23;9;2022;20:00;5;76;1;1;3;1;49,5019400000;0,1895700000
202200037916;23;9;2022;18:00;1;76;2;2;1;7;49,4936800000;0,1388900000
202200037917;25;9;2022;05:17;5;76;2;1;2;6;49,5030900000;0,1812600000
202200037918;27;9;2022;16:30;1;69;1;3;7;6;45,9814009807;4,6704007805
202200037919;27;9;2022;10:10;1;69;2;4;1;3;45,9849600000;4,7126200000
202200037920;27;9;2022;13:45;1;69;2;1;1;1;45,6910200000;4,8586100000
202200037921;27;9;2022;09:35;1;66;2;3;1;6;42,7178500000;2,8873400000
202200037922;26;9;2022;09:49;1;66;2;1;1;3;42,7332880000;2,8831560000
202200037923;18;9;2022;22:15;3;66;1;1;1;6;42,7300380000;2,8809480000
202200037924;27;9;2022;12:20;1;64;2;3;3;3;43,3244900000; -0,3794900000
202200037925;27;9;2022;08:05;1;64;2;1;2;3;43,3295938037; -0,4467487335
202200037926;26;9;2022;08:55;1;64;2;1;1;2;43,3160600000; -0,3317100000
202200037927;26;9;2022;09:45;1;64;2;9;1;1;43,2974800000; -0,3718000000
202200037928;26;9;2022;07:56;2;64;2;1;1;6;43,5165082919; -1,4887359738
202200037929;27;9;2022;08:10;1;61;2;1;1;3;48,4444100000;0,0609100000
202200037930;27;9;2022;17:30;1;59;2;3;1;3;50,7092639914;3,1723827124
202200037931;27;9;2022;17:15;1;59;2;2;1;3;50,6738380829;3,1930209696
202200037932;27;9;2022;20:00;5;59;2;3;8;6;50,6138708432;3,0626025796
202200037933;27;9;2022;11:00;1;56;2;2;1;3;47,7538780000; -3,3419546500
202200037934;27;9;2022;10:20;1;56;2;1;1;3;47,7298940000; -3,3856300000
202200037935;27;9;2022;21:55;5;53;2;2;2;1;48,0647130000; -0,7875020000
202200037936;26;9;2022;12:14;1;51;2;3;1;3;49,2590000000;4,0398800000
202200037937;27;9;2022;10:25;1;49;2;1;1;3;47,4549000000; -0,5245800000
202200037938;27;9;2022;10:02;1;49;2;1;1;6;47,4503000000; -0,5550000000
202200037939;27;9;2022;08:33;1;49;2;1;1;6;47,4490800000; -0,5670800000
202200037940;26;9;2022;14:26;1;49;2;1;1;7;47,4792000000; -0,5554300000
202200037941;26;9;2022;12:50;1;49;2;6;1;3;47,5003900000; -0,5904400000
202200037942;27;9;2022;09:45;1;45;1;6;1;3;47,9521700000;1,8435100000
202200037943;27;9;2022;08:26;1;45;2;1;1;6;47,9187700000;1,9375600000
202200037944;27;9;2022;18:20;1;45;2;1;1;2;47,9928162428;2,7189268470
202200037945;17;9;2022;20:00;2;38;1;1;1;6;45,1721700000;5,7578700000
202200037946;27;9;2022;22:55;3;37;2;9;2;6;47,3521914876;0,6872999668
202200037947;27;9;2022;17:30;1;35;2;1;2;6;48,1293700000; -1,6798400000
202200037948;27;9;2022;16:21;1;35;2;6;2;2;48,1163233687; -1,7164769769
202200037949;27;9;2022;15:15;1;35;2;3;1;2;48,0812307294; -1,7354435474
202200037950;27;9;2022;09:10;1;33;2;2;1;3;44,8602600000; -0,5706600000
202200037951;27;9;2022;08:50;1;33;2;2;1;3;44,8439900000; -0,6422500000
202200037952;6;12;2022;06:10;3;93;1;1;1;2;48,9682400000;2,4800200000
202200037953;26;9;2022;05:45;3;33;2;1;1;6;44,7802000000; -0,5865000000
202200037954;24;9;2022;20:45;2;30;2;4;1;3;43,8177470623;4,3012175560
202200037955;5;12;2022;22:10;3;95;1;1;1;2;48,9876482794;2,5079685493
202200037956;16;9;2022;11:05;1;30;2;6;1;3;43,8236000000;4,3275700000
202200037957;27;9;2022;16:00;1;29;2;6;2;6;47,9719670000; -4,0911810000
202200037958;25;9;2022;15:10;1;22;2;9;1;2;48,5383300000; -2,7649200000
202200037959;5;12;2022;17:45;3;93;1;1;1;5;48,8748100000;2,4394600000
202200037960;16;9;2022;15:40;1;13;2;1;1;3;43,4272200000;5,2773000000
202200037961;27;9;2022;19:30;5;13;2;1;1;1;43,2901400000;5,3995100000
202200037962;7;12;2022;14:00;1;94;1;1;1;6;48,8209397771;2,3999563865
202200037963;27;9;2022;09:10;1;13;2;1;1;2;43,2684510089;5,3848652260
202200037964;26;9;2022;14:30;1;13;2;1;1;6;43,2570000000;5,4180000000
202200037965;27;9;2022;09:35;1;13;2;2;1;3;43,2990899878;5,5911648273
202200037966;24;9;2022;17:20;1;11;2;1;1;3;43,1868570000;3,0152970000
202200037967;14;5;2022;16:15;1;91;2;1;1;5;48,6334000000;2,4355100000
202200037968;27;9;2022;15:45;1;11;2;1;1;2;43,2070400000;2,3356000000
202200037969;26;9;2022;14:53;1;11;2;1;1;1;43,2271160000;2,3894980000
202200037970;27;9;2022;08:00;1;07;2;1;1;3;44,9451800000;4,8555670000
202200037971;13;5;2022;10:40;1;91;2;6;1;5;48,6199430000;2,4520200000
202200037972;25;9;2022;10:00;1;06;1;1;1;1;43,6637300000;7,1488200000
202200037973;11;5;2022;14:55;1;91;2;1;1;6;48,6288200000;2,4294600000
202200037974;28;9;2022;12:00;1;75;2;1;1;4;48,8491450000;2,4151400000
202200037975;5;5;2022;08:25;1;91;2;6;1;6;48,6383800000;2,3942200000
202200037976;27;9;2022;12:40;1;75;2;1;1;2;48,8777530000;2,2801840000
202200037977;27;9;2022;08:35;1;75;2;1;1;3;48,8554470000;2,4138260000
202200037978;28;4;2022;07:57;1;91;2;1;1;6;48,6306800000;2,4127400000
202200037979;28;9;2022;09:05;1;75;2;1;8;3;48,8782100000;2,3725280000
202200037980;27;9;2022;20:15;5;75;2;2;1;2;48,8984800000;2,3524710000
202200037981;6;12;2022;11:30;1;976;2;3;1;3; -12,7837400000;45,2226500000
202200037982;28;9;2022;18:40;1;75;2;7;1;3;48,8845230000;2,2972000000
202200037983;6;12;2022;08:40;1;976;2;3;1;3; -12,8070300000;45,2072400000
202200037984;28;9;2022;10:30;1;75;2;2;1;1;48,8300620000;2,3288090000
202200037985;28;9;2022;09:00;1;75;2;1;1;6;48,8262490000;2,3431380000
202200037986;6;12;2022;14:35;1;974;1;1;1;2; -20,9563100000;55,3113000000
202200037987;28;9;2022;12:05;1;75;2;2;1;3;48,8317010000;2,3978940000
202200037988;6;12;2022;16:12;1;972;2;1;1;6;14,6078700000; -61,0688100000
202200037989;28;9;2022;02:50;5;75;2;2;2;3;48,8736010000;2,3283480000
202200037990;27;9;2022;23:40;5;75;2;3;2;7;48,8765552550;2,3465278745
202200037991;6;12;2022;07:25;1;972;2;6;1;6;14,6123100000; -61,0529600000
202200037992;28;9;2022;07:45;1;75;2;3;1;3;48,8721250000;2,3128680000
202200037993;28;9;2022;00:58;5;75;2;2;2;3;48,8709790000;2,3009120000
202200037994;6;12;2022;18:30;5;69;2;2;1;3;45,7759100000;4,8008400000
202200037995;28;9;2022;12:10;1;75;2;2;1;7;48,8610280000;2,3132330000
202200037996;28;9;2022;16:39;2;94;2;3;2;3;48,7740600000;2,3752800000
202200037997;6;12;2022;10:14;1;2B;2;1;1;2;42,6975800000;9,4469300000
202200037998;28;9;2022;17:00;1;94;2;3;2;3;48,7205700000;2,5333200000
202200037999;6;12;2022;14:40;1;95;2;1;8;6;49,0375700000;2,0788900000
202200038000;27;9;2022;20:45;5;93;2;2;3;3;48,8596300000;2,5707100000
202200038001;6;12;2022;14:23;1;91;2;3;1;2;48,7057800000;2,3664000000
202200038002;28;9;2022;13:00;1;93;2;3;1;3;48,9324500000;2,4274700000
202200038003;28;9;2022;10:45;1;93;2;1;1;6;48,9339882912;2,4213405502
202200038004;5;12;2022;12:24;1;87;1;1;1;6;45,8354300000;1,2127100000
202200038005;27;9;2022;23:06;5;93;2;1;2;6;48,9086800000;2,3871000000
202200038006;26;9;2022;07:23;2;93;2;3;1;3;48,9187900946;2,3987489724
202200038007;2;12;2022;18:09;5;87;2;2;1;6;45,8224000000;1,2411300000
202200038008;28;9;2022;12:40;1;92;2;1;1;6;48,8149830000;2,3207450000
202200038009;4;12;2022;20:05;5;87;2;3;2;3;45,8523100000;1,2524600000
202200038010;28;9;2022;11:45;1;92;2;1;8;2;48,8202700000;2,2389400000
202200038011;6;12;2022;14:55;1;83;2;1;1;6;43,1197400000;6,1286200000
202200038012;28;9;2022;13:08;1;92;2;1;1;2;48,8305602407;2,2590470910
202200038013;28;9;2022;20:39;5;92;2;1;1;6;48,9013289479;2,2562790513
202200038014;6;12;2022;08:40;1;78;2;2;8;2;48,8799900000;2,1485900000
202200038015;21;9;2022;19:30;1;92;2;1;1;1;48,9191300000;2,3167800000
202200038016;6;12;2022;14:50;1;77;1;1;8;1;48,8830300000;2,6446700000
202200038017;20;9;2022;20:20;3;92;1;1;1;2;48,9045611764;2,2882539332
202200038018;2;12;2022;07:30;2;77;1;1;1;2;48,6184800000;2,5549700000
202200038019;28;9;2022;00:14;5;92;2;2;1;1;48,9141600000;2,3102300000
202200038020;28;9;2022;18:40;3;976;1;1;1;1; -12,7366170000;45,1576920000
202200038021;29;9;2022;19:40;3;08;1;1;1;7;49,5083380000;4,4423170000
202200038022;5;12;2022;00:40;5;77;2;1;3;6;48,8291500000;3,0259700000
202200038023;24;9;2022;10:34;1;01;1;1;2;3;45,9034330000;5,1743140000
202200038024;3;12;2022;04:45;5;76;2;3;1;1;49,5027100000;0,2112250000
202200038025;29;9;2022;07:15;1;01;1;2;2;5;46,0513290000;4,8218610000
202200038026;28;9;2022;11:35;1;62;2;1;1;6;50,9151640000;1,7687530000
202200038027;5;12;2022;18:25;3;73;1;1;1;2;45,5676300000;5,9415600000
202200038028;28;9;2022;20:30;3;62;1;1;1;6;50,2374947809;2,2357668338
202200038029;28;9;2022;09:45;1;69;2;1;2;6;45,8312590000;4,8476050000
202200038030;5;12;2022;23:19;3;73;2;1;1;1;45,6657600000;6,3681700000
202200038031;28;9;2022;14:45;1;89;1;1;8;6;47,6673240000;3,1168230000
202200038032;5;12;2022;23:45;5;72;2;1;1;6;47,9780600000;0,2130700000
202200038033;27;9;2022;21:45;3;12;1;1;2;6;44,4001380000;2,3583860000
202200038034;28;9;2022;21:25;3;34;1;1;1;6;43,3137890000;3,3876680000
202200038035;5;12;2022;06:45;5;72;2;1;2;2;48,0012900000;0,1909500000
202200038036;29;9;2022;13:00;1;44;1;1;1;1;47,0002020000; -1,7324920000
202200038037;6;12;2022;14:50;1;71;2;1;8;3;46,8005600000;4,4280000000
202200038038;26;9;2022;07:15;2;31;2;3;1;3;43,6727300000;1,4098980000
202200038039;6;12;2022;11:50;1;69;2;1;8;3;45,7675900000;4,9352300000
202200038040;28;9;2022;23:30;3;05;1;1;2;6;44,5305960000;6,4301030000
202200038041;29;9;2022;18:40;1;50;1;1;1;7;48,5993170000; -0,9709170000
202200038042;6;12;2022;07:20;5;69;2;3;5;6;45,7692900000;4,9464700000
202200038043;29;9;2022;02:40;3;90;1;2;2;6;47,6726920000;7,0052840000
202200038044;6;12;2022;18:15;5;69;2;3;1;3;45,9882962630;4,7102290392
202200038045;28;9;2022;14:12;1;18;1;4;8;3;46,8753600000;2,7425800000
202200038046;6;12;2022;06:50;5;69;2;9;8;3;45,7222100000;4,9346100000
202200038047;26;9;2022;12:35;1;43;1;1;1;7;45,1628420000;4,1698130000
202200038048;28;9;2022;16:15;1;04;1;1;1;7;43,8044990000;5,8419690000
202200038049;1;12;2022;13:48;1;68;2;1;1;6;48,1062300000;7,3790000000
202200038050;29;9;2022;14:01;1;85;1;2;1;3;46,8059376943; -1,8682967126
202200038051;28;9;2022;20:00;3;85;1;2;8;1;47,0368300000; -1,5069280000
202200038052;4;12;2022;20:25;5;67;2;3;9;3;48,5916700000;7,7058200000
202200038053;27;9;2022;15:25;1;87;1;2;2;3;46,1613550000;1,1329940000
202200038054;5;12;2022;14:24;1;66;2;1;1;6;42,6686900000;2,8833300000
202200038055;28;9;2022;12:20;1;48;2;1;3;6;44,8074570000;3,2722520000
202200038056;18;9;2022;21:30;3;48;2;7;1;3;44,8036600000;3,2761680000
202200038057;5;12;2022;09:03;1;66;1;1;1;4;42,7331800000;2,8832300000
202200038058;27;9;2022;12:28;1;08;1;1;3;7;50,0269981924;4,7940677404
202200038059;27;9;2022;07:55;1;35;1;6;1;6;48,0353250000; -1,6000880000
202200038060;28;9;2022;09:10;1;988;2;9;1;6; -22,2238400000;166,4679770000
202200038061;3;12;2022;04:50;4;63;2;6;2;7;45,9031247524;3,1014007330
202200038062;29;9;2022;16:25;1;06;1;1;1;3;43,6344160000;7,0738670000
202200038063;29;9;2022;01:00;3;44;1;1;1;6;47,4137320000; -1,1419610000
202200038064;29;9;2022;04:30;3;58;1;1;1;1;46,9282420000;3,1602110000
202200038065;6;12;2022;17:05;5;60;2;1;8;2;49,4256700000;2,0767800000
202200038066;28;9;2022;09:10;1;974;2;3;1;3; -21,0509360000;55,2240660000
202200038067;6;12;2022;13:38;1;60;2;1;1;3;49,4141240000;2,1060440000
202200038068;28;9;2022;09:15;1;973;1;1;1;7;4,7874410000; -52,4081540000
202200038069;6;12;2022;18:00;5;59;2;1;1;3;50,6128900000;3,0034300000
202200038070;26;9;2022;18:33;1;95;2;1;1;6;49,0416100000;2,3409890000
202200038071;17;1;2022;07:20;3;79;1;2;5;3;46,1286960000;0,0878070000
202200038072;1;12;2022;20:50;5;59;2;2;1;3;50,6326400000;3,0174400000
202200038073;17;1;2022;07:50;2;44;1;1;5;6;47,5561930000; -1,6947960000
202200038074;25;9;2022;15:10;1;34;1;3;1;2;43,4769960000;3,4565090000
202200038075;17;1;2022;21:15;3;51;1;1;1;7;48,8833790000;4,0291070000
202200038076;6;12;2022;07:48;2;57;1;1;8;1;49,2629600000;6,1180600000
202200038077;18;1;2022;13:25;1;59;1;1;1;7;50,9294577442;2,1513676643
202200038078;16;1;2022;17:30;1;76;2;6;3;6;49,8216130000;0,7021730000
202200038079;19;9;2022;17:15;1;89;2;9;1;3;47,9792250000;3,3796850000
202200038080;5;12;2022;16:20;1;54;2;1;1;3;48,6724555340;6,1564475298
202200038081;13;1;2022;14:00;1;76;2;1;1;6;49,5897350000;1,3473210000
202200038082;5;12;2022;10:30;1;54;2;1;1;6;48,7056800000;6,1906800000
202200038083;11;1;2022;17:00;1;61;2;1;1;6;48,5909770000; -0,3592510000
202200038084;28;9;2022;18:45;2;67;2;1;1;1;48,5410570000;7,4553930000
202200038085;7;1;2022;21:30;3;29;1;1;2;6;47,9685962769; -3,9062190056
202200038086;3;12;2022;18:10;2;49;2;1;1;1;47,2501700000; -0,0533900000
202200038087;17;1;2022;19:30;3;03;1;1;5;6;46,3320840000;3,5915480000
202200038088;5;12;2022;13:50;1;47;2;1;1;2;44,1938700000;0,6376600000
202200038089;6;12;2022;09:50;1;46;2;9;1;6;44,4484600000;1,4323300000
202200038090;17;1;2022;12:15;1;72;2;1;8;1;48,1776950000;0,2343740000
202200038091;15;1;2022;15:05;1;18;2;9;1;6;47,1438180000;1,8478340000
202200038092;5;12;2022;16:57;1;43;1;1;7;2;45,0138400000;3,8888100000
202200038093;17;1;2022;20:00;3;07;1;4;9;7;44,8149220000;4,5592500000
202200038094;5;12;2022;18:10;5;37;2;1;1;3;47,3553300000;0,6978700000
202200038095;17;1;2022;18:00;5;85;2;1;5;6;46,8360950000; -1,8727700000
202200038096;2;12;2022;07:45;1;34;2;1;1;7;43,3510500000;3,2298400000
202200038097;17;1;2022;04:35;3;85;1;3;5;3;47,0572880000; -1,2348350000
202200038098;17;1;2022;20:05;3;28;1;6;5;1;48,0954010000;1,8651550000
202200038099;5;12;2022;07:15;5;33;2;3;1;6;44,8537200000; -0,5539800000
202200038100;13;1;2022;18:00;5;17;2;1;1;3;46,1165690000; -0,9355970000
202200038101;17;1;2022;09:10;1;87;1;1;5;1;45,7679270000;0,9679020000
202200038102;6;12;2022;14:30;1;31;2;6;1;4;43,6078600000;1,3974600000
202200038103;15;1;2022;17:00;3;87;1;1;1;1;45,6174970000;1,0218360000
202200038104;6;12;2022;20:30;5;29;2;3;1;3;48,3993591164; -4,4891134500
202200038105;17;1;2022;06:30;3;42;1;1;9;2;45,8631480000;4,2358300000
202200038106;14;1;2022;18:45;3;69;1;1;5;2;45,7935620000;5,0774110000
202200038107;6;12;2022;13:15;1;29;2;1;1;6;48,3999500000; -4,5305100000
202200038108;17;1;2022;08:00;1;38;1;1;1;6;45,0972740000;6,0097120000
202200038109;18;1;2022;04:30;3;31;1;1;5;6;43,4994040000;1,6122600000
202200038110;5;12;2022;18:30;2;29;2;1;1;2;48,4156200000; -4,4746900000
202200038111;17;1;2022;16:30;1;22;1;1;1;4;48,5327111953; -3,0068945516
202200038112;17;1;2022;12:40;1;22;1;1;1;2;48,4794590000; -2,6259520000
202200038113;6;12;2022;08:30;1;17;2;1;1;4;45,7404400000; -0,6210600000
202200038114;17;1;2022;15:15;1;30;1;1;1;2;43,8132000000;4,3581300000
202200038115;5;12;2022;19:00;5;17;2;6;1;2;45,7399600000; -0,6593800000
202200038116;16;1;2022;05:55;1;987;2;3;1;1; -17,5625910000; -149,4760510000
202200038117;5;12;2022;17:00;2;14;1;1;1;1;49,3904000000;0,2512500000
202200038118;17;1;2022;23:30;5;971;1;1;1;6;16,3359590000; -61,3751270000
202200038119;17;1;2022;20:30;3;41;1;1;8;6;47,6686240000;1,4675010000
202200038120;6;12;2022;17:30;5;13;2;1;1;3;43,4284405457;5,3688760629
202200038121;20;11;2022;15:05;1;13;2;1;1;3;43,3980600000;5,1096000000
202200038122;18;1;2022;14:00;1;77;1;2;1;3;48,6217040000;2,9727300000
202200038123;1;1;2022;06:30;3;78;1;1;1;1;48,9580070000;1,6171570000
202200038124;6;12;2022;10:05;1;13;2;6;1;2;43,3473100000;5,4493600000
202200038125;16;1;2022;20:00;5;84;2;1;1;1;44,2346550000;4,7127750000
202200038126;5;12;2022;15:40;1;13;2;1;1;3;43,3250700000;5,3598700000
202200038127;17;1;2022;06:50;3;83;1;1;1;6;43,3122550000;6,0752570000
202200038128;5;12;2022;18:00;5;12;2;6;1;2;44,1074000000;3,0812700000
202200038129;18;1;2022;06:15;3;06;2;1;1;7;43,9896430000;7,0034520000
202200038130;5;12;2022;17:47;5;11;2;3;1;3;43,2157300000;2,3493500000
202200038131;18;1;2022;07:00;2;06;2;9;1;3;43,8087310000;7,3153240000
202200038132;6;12;2022;17:55;5;08;2;1;8;6;49,7790690000;4,6938410000
202200038133;15;1;2022;09:30;1;67;1;1;5;3;48,5740650000;7,4172930000
202200038134;5;12;2022;07:40;1;971;2;1;1;6;16,2483000000; -61,5380000000
202200038135;18;1;2022;17:15;2;07;2;1;1;1;45,0568230000;4,8438280000
202200038136;5;12;2022;10:00;1;64;2;3;7;6;43,3861500000; -1,6554900000
202200038137;6;12;2022;20:20;5;92;2;3;1;6;48,9020229271;2,2387030721
202200038138;6;1;2022;07:10;2;44;2;6;1;3;47,1775810000; -1,4632880000
202200038139;17;1;2022;16:30;1;14;2;2;1;3;48,8961260000; -0,1894710000
202200038140;6;12;2022;18:00;5;92;1;1;1;2;48,8865317821;2,1655023008
202200038141;17;1;2022;18:57;4;13;1;1;1;7;43,2850795866;5,4208797550
202200038142;29;9;2022;21:45;3;74;1;1;1;6;46,0780440000;6,2901730000
202200038143;17;1;2022;14:26;1;13;1;1;1;2;43,2890000000;5,4460000000
202200038144;12;9;2022;10:40;1;74;2;1;1;3;46,2854900000;6,8112550000
202200038145;16;1;2022;06:15;3;33;1;1;5;5;44,8695830000; -0,5045790000
202200038146;13;9;2022;15:22;1;74;1;1;1;2;46,3670900000;6,6501400000
202200038147;17;1;2022;08:05;2;94;1;1;1;7;48,7747900000;2,3458800000
202200038148;26;9;2022;18:37;2;74;2;1;1;2;46,0665320000;6,5579150000
202200038149;16;1;2022;22:07;5;94;2;1;2;1;48,8160474830;2,3368906973
202200038150;23;9;2022;20:00;3;74;2;1;1;6;46,2040000000;6,2440400000
202200038151;17;1;2022;09:15;1;93;1;1;1;2;48,9193634411;2,3575464282
202200038152;17;1;2022;09:20;1;77;1;1;2;2;48,8299800000;2,6184300000
202200038153;17;1;2022;07:30;3;94;1;1;1;2;48,7761106967;2,4231324197
202200038154;14;1;2022;16:30;1;02;2;1;1;6;49,6637130000;3,3624800000
202200038155;29;9;2022;15:40;1;74;1;2;2;4;45,8960600000;6,3419250000
202200038156;16;1;2022;21:59;5;69;2;3;1;1;45,7195700000;4,8682700000
202200038157;26;9;2022;17:45;1;74;1;1;1;1;45,8079230000;6,2319950000
202200038158;16;1;2022;17:20;2;69;2;1;1;6;45,6909652181;4,8704905808
202200038159;29;9;2022;16:35;1;74;1;1;3;6;46,0259920000;6,2283900000
202200038160;15;1;2022;22:54;3;95;2;1;1;1;49,0163600000;2,4692700000
202200038161;22;9;2022;16:44;1;74;1;1;1;4;45,8805380000;6,0300780000
202200038162;16;1;2022;16:50;1;79;2;1;1;7;46,3165130000; -0,4660600000
202200038163;21;9;2022;17:50;1;74;2;1;1;6;45,7601750000;6,2980210000
202200038164;16;1;2022;20:25;5;73;2;2;5;3;45,5680980149;5,9210545868
202200038165;16;1;2022;17:45;1;64;2;1;1;3;43,2964800000; -0,3742900000
202200038166;18;9;2022;20:25;5;74;2;2;1;3;46,0609530000;6,5490610000
202200038167;16;1;2022;13:40;1;64;2;6;1;7;43,4754312226; -1,5456068516
202200038168;21;9;2022;15:25;1;74;1;1;1;1;46,3073990000;6,6127990000
202200038169;16;1;2022;06:10;2;59;2;1;8;2;50,7122068754;3,1613239646
202200038170;23;9;2022;21:00;3;74;1;6;1;6;45,9100330000;6,8571850000
202200038171;15;1;2022;18:20;5;59;2;3;5;6;50,6957327274;3,1302559376
202200038172;16;1;2022;22:00;5;54;2;1;8;3;48,6756824806;6,1619771719