Accident_Id;jour;mois;an;hrmn;lum;dep;agg;int;atm;col;lat;long
202200038501;11;7;2022;22:30;5;75;2;1;1;6;48,8724430000;2,2822780000
202200038502;14;7;2022;19:10;1;75;2;1;1;3;48,8634540000;2,3898020000
202200038503;14;7;2022;03:30;5;75;2;4;1;2;48,8645620000;2,4125060000
202200038504;14;7;2022;19:00;1;75;2;2;1;3;48,8924440000;2,3789160000
202200038505;14;7;2022;10:58;1;75;2;2;1;3;48,8828110000;2,3703550000
202200038506;14;7;2022;11:10;1;75;2;1;1;3;48,8780360000;2,2965110000
202200038507;14;7;2022;02:10;5;75;2;2;1;3;48,8810770000;2,2897000000
202200038508;14;7;2022;13:55;1;75;2;4;1;3;48,8226250000;2,3729830000
202200038509;26;2;2022;19:58;3;59;1;9;1;1;50,5409130000;3,0011130000
202200038510;14;4;2022;08:20;1;33;1;1;1;4;44,6174139418; -1,1157721281
202200038511;14;7;2022;18:25;1;75;2;4;1;3;48,8664700000;2,3682080000
202200038512;25;2;2022;23:10;3;974;2;1;1;2; -21,2841909861;55,4045516328
202200038513;14;7;2022;08:40;1;75;2;5;1;3;48,8783110000;2,3449620000
202200038514;26;2;2022;22:13;3;34;1;1;1;6;43,6302097719;3,7159755325
202200038515;14;7;2022;17:25;1;75;2;2;1;3;48,8264810000;2,3415990000
202200038516;27;2;2022;05:30;3;62;2;1;1;6;50,5465650000;1,9995710000
202200038517;14;7;2022;03:25;5;75;2;3;1;6;48,8574980000;2,3053530000
202200038518;27;2;2022;00:10;3;83;1;1;1;6;43,4029900000;5,9460390000
202200038519;24;8;2022;08:35;1;988;2;3;1;3; -22,2683700000;166,4726600000
202200038520;14;7;2022;02:45;5;75;2;4;1;7;48,8590510000;2,3226370000
202200038521;27;2;2022;10:00;1;57;1;1;1;6;49,2818740000;6,5476160000
202200038522;22;8;2022;11:20;1;976;2;1;1;1; -12,8112400000;45,2028200000
202200038523;14;7;2022;18:30;1;75;2;2;1;7;48,8562840000;2,3566030000
202200038524;26;2;2022;17:40;1;51;1;1;1;1;49,1619580000;4,8667720000
202200038525;22;8;2022;16:25;1;974;1;1;1;2; -21,2874290000;55,5096330000
202200038526;14;7;2022;13:15;1;75;2;4;1;6;48,8664650000;2,3604390000
202200038527;27;2;2022;06:50;3;81;1;1;1;6;43,9210380000;1,6173670000
202200038528;22;8;2022;14:45;1;974;2;1;1;7; -20,8771600000;55,4551700000
202200038529;14;7;2022;14:55;1;94;2;3;7;3;48,8100900000;2,4329300000
202200038530;26;2;2022;19:00;3;11;2;1;1;2;43,2939700000;2,9683690000
202200038531;23;8;2022;21:35;5;973;2;1;1;7;4,9418123664; -52,3247493804
202200038532;23;8;2022;20:00;4;973;2;1;1;7;4,9281112131; -52,2900778055
202200038533;27;2;2022;16:00;1;34;1;1;1;5;43,6058160000;3,3692840000
202200038534;14;7;2022;03:35;5;94;2;2;1;3;48,8195582489;2,5435307622
202200038535;22;8;2022;11:45;1;973;2;1;1;3;4,9390212079; -52,3263680935
202200038536;26;2;2022;17:40;1;35;2;1;7;1;48,6092920000; -1,8198040000
202200038537;14;7;2022;20:50;1;93;2;1;1;3;48,9453852176;2,3427451551
202200038538;26;2;2022;19:30;3;35;1;1;1;6;48,1999290000; -1,9954830000
202200038539;14;7;2022;19:01;1;93;2;3;1;1;48,8899000000;2,4510500000
202200038540;23;8;2022;10:55;1;973;2;2;1;3;4,9335306024; -52,3133245111
202200038541;27;2;2022;17:15;1;02;1;1;1;6;49,4098880000;3,1284860000
202200038542;23;8;2022;07:25;1;973;2;6;8;7;4,9331600000; -52,3096200000
202200038543;14;7;2022;00:30;5;93;2;1;1;6;48,9162900000;2,4438100000
202200038544;26;2;2022;19:05;3;03;1;1;1;6;46,7102600000;2,7160080000
202200038545;26;2;2022;10:40;1;01;2;1;1;6;46,3832610000;5,3455170000
202200038546;23;8;2022;21:45;5;69;2;3;1;3;45,7530400000;4,8339300000
202200038547;14;7;2022;18:13;1;92;2;2;1;3;48,8930932915;2,2927031815
202200038548;27;2;2022;17:50;1;14;2;1;1;1;49,3201780000;0,1920350000
202200038549;14;7;2022;18:45;1;92;2;1;1;3;48,9054119323;2,2562726140
202200038550;23;8;2022;15:30;1;69;2;3;1;7;45,7681400000;4,8378700000
202200038551;27;2;2022;14:20;1;50;1;3;1;3;48,6259790000; -1,3830890000
202200038552;23;8;2022;12:00;1;69;2;1;1;3;45,7734600000;4,8093200000
202200038553;14;7;2022;19:30;1;54;1;1;1;7;48,7442385740;6,2545767319
202200038554;24;8;2022;00:20;5;2A;2;1;1;7;41,9336048132;8,7335434557
202200038555;13;7;2022;16:30;1;67;1;1;1;2;48,8203290000;7,4483660000
202200038556;22;8;2022;19:40;1;2A;1;1;1;7;41,9159100000;8,6435300000
202200038557;12;7;2022;20:30;2;68;1;1;1;3;47,7847880000;7,4334740000
202200038558;26;2;2022;16:40;1;45;2;2;7;3;47,7156120000;1,9391510000
202200038559;14;7;2022;19:20;1;41;1;9;1;6;47,6881860000;1,4265490000
202200038560;20;8;2022;23:00;5;95;2;3;1;3;48,9660925790;2,3008807003
202200038561;26;2;2022;15:35;1;18;2;1;1;6;46,7353830000;2,4897770000
202200038562;25;2;2022;21:10;3;10;1;1;1;7;48,5457620000;4,0290480000
202200038563;23;8;2022;20:50;2;91;2;1;1;3;48,6754410000;2,3395050000
202200038564;14;7;2022;19:50;1;50;1;1;1;2;48,9977050000; -0,9137110000
202200038565;14;7;2022;22:00;1;14;1;1;1;6;49,0504904983; -0,7152271270
202200038566;27;2;2022;08:20;1;53;1;1;1;7;48,0759860000; -0,9879650000
202200038567;20;7;2022;15:30;1;84;2;3;1;3;44,0425100000;5,0374600000
202200038568;15;7;2022;04:40;3;87;1;9;1;6;46,0426310000;1,3520670000
202200038569;18;2;2022;05:00;3;21;1;1;1;2;47,5382100000;5,1289420000
202200038570;19;8;2022;12:15;1;80;2;1;1;6;49,8869400000;2,3161900000
202200038571;14;7;2022;18:45;1;62;1;1;1;6;50,2442729359;2,8125288212
202200038572;26;2;2022;12:45;1;85;2;3;7;6;46,9163990000; -2,0423010000
202200038573;14;7;2022;16:10;1;57;1;1;1;1;48,5473645420;7,1780795407
202200038574;23;8;2022;14:20;1;77;1;1;1;2;48,4829400000;2,6666400000
202200038575;27;2;2022;13:40;1;27;1;1;1;5;49,1257360000;0,8349610000
202200038576;14;7;2022;13:45;1;56;2;2;7;3;47,6375010000; -3,1520090000
202200038577;23;8;2022;08:25;1;76;2;2;1;3;49,4381100000;1,0919300000
202200038578;14;7;2022;13:50;1;56;1;1;1;7;47,8647160000; -3,1860350000
202200038579;27;2;2022;05:35;3;23;2;9;1;7;45,9591230000;2,1921910000
202200038580;15;7;2022;06:22;2;56;1;1;1;6;47,5890320000; -2,5500670000
202200038581;23;8;2022;19:55;1;74;2;1;1;3;46,1928000000;6,2296000000
202200038582;26;2;2022;17:45;1;87;2;1;1;7;45,6288660000;1,5724700000
202200038583;13;7;2022;13:05;1;56;2;1;1;1;47,6834510000; -2,7975540000
202200038584;22;8;2022;11:10;1;72;2;1;1;6;47,9751351165;0,2067410944
202200038585;22;8;2022;19:55;1;71;2;1;1;2;46,8033000000;4,8453900000
202200038586;15;7;2022;16:57;1;77;1;1;1;6;48,4718120000;3,2280920000
202200038587;15;7;2022;13:30;1;67;1;9;1;7;48,4003560000;7,1225270000
202200038588;23;8;2022;15:20;1;69;2;2;1;6;45,7654700000;4,9010800000
202200038589;27;2;2022;00:20;3;13;1;1;1;5;43,5739240000;5,1314740000
202200038590;15;7;2022;00:10;3;76;1;1;1;6;49,5970610000;0,2026780000
202200038591;23;8;2022;01:20;5;69;2;3;1;6;45,7753200000;4,8700000000
202200038592;26;2;2022;18:47;3;01;1;1;1;4;46,1137060000;5,4884000000
202200038593;23;8;2022;20:05;2;69;2;4;1;1;45,9820000000;4,7150000000
202200038594;15;7;2022;08:40;1;65;1;3;1;3;43,0878130000;0,3378730000
202200038595;14;7;2022;18:00;1;32;1;1;1;6;43,6027380000;0,2560950000
202200038596;22;8;2022;20:12;1;64;1;1;1;3;43,3489800000; -0,3799800000
202200038597;26;2;2022;13:37;1;01;1;1;1;4;46,1636240000;5,7594610000
202200038598;15;7;2022;09:35;1;71;2;2;1;3;46,5360930000;4,1314710000
202200038599;23;8;2022;05:38;5;64;1;1;2;1;43,4415900000; -1,5864600000
202200038600;14;7;2022;23:30;3;89;1;1;1;6;47,5036420000;4,0460910000
202200038601;27;2;2022;02:30;3;06;1;1;1;2;43,6083169162;7,0967993553
202200038602;8;8;2022;20:30;2;62;2;1;1;6;50,4260630000;2,7753740000
202200038603;15;7;2022;11:05;1;42;2;3;1;3;46,1528450000;4,1557360000
202200038604;26;2;2022;22:10;5;976;2;1;1;7; -12,7561440000;45,0809220000
202200038605;22;8;2022;15:32;1;62;1;1;1;3;50,5082100000;2,6415600000
202200038606;15;7;2022;10:55;1;46;1;1;1;1;45,0362130000;1,5050570000
202200038607;1;1;2022;06:30;1;971;1;1;1;4;16,2525830000; -61,5812550000
202200038608;23;8;2022;18:35;1;60;2;3;1;3;49,4365000000;2,0758100000
202200038609;29;6;2022;18:00;1;22;1;1;3;1;48,7603830000; -3,1993390000
202200038610;23;8;2022;17:25;1;54;2;1;1;2;48,6830850000;6,2028950000
202200038611;26;2;2022;05:00;3;27;1;1;1;4;49,0774920000;1,3927320000
202200038612;15;7;2022;00:10;3;44;1;1;1;2;47,4567710000; -2,3140920000
202200038613;23;8;2022;12:15;1;54;2;3;1;2;48,7002800000;6,1667600000
202200038614;29;1;2022;12:30;1;988;2;1;8;1; -21,6355450000;166,2007050000
202200038615;15;7;2022;09:40;1;29;1;9;1;3;48,0436780000; -3,9126830000
202200038616;26;2;2022;15:15;1;971;1;1;8;7;16,2816010000; -61,4225760000
202200038617;23;8;2022;10:48;1;54;2;1;1;2;48,6516600000;6,1842700000
202200038618;15;7;2022;12:50;1;38;1;1;1;1;45,4117530000;6,0219240000
202200038619;26;2;2022;19:35;3;971;1;3;1;4;16,2978460000; -61,6709270000
202200038620;23;8;2022;14:35;1;51;1;6;1;2;49,2128300000;4,0145200000
202200038621;14;7;2022;14:45;1;58;1;1;1;7;47,1011990000;3,5207010000
202200038622;22;8;2022;15:45;1;51;1;1;1;6;49,2449000000;4,0182000000
202200038623;25;2;2022;19:30;5;13;2;2;1;2;43,3673880000;5,2477960000
202200038624;14;7;2022;09:40;1;54;2;1;1;6;48,5568697560;6,3902717837
202200038625;27;2;2022;07:00;2;77;1;1;1;6;48,2451680000;2,9747630000
202200038626;13;7;2022;18:00;1;14;1;1;1;6;49,1212560000; -0,1390030000
202200038627;22;8;2022;16:15;1;50;2;1;1;6;49,1079200000; -1,0714680000
202200038628;26;2;2022;00:40;3;95;1;1;1;6;49,0402967524;2,4460995197
202200038629;13;7;2022;22:00;2;14;1;1;1;6;49,1147680000; -0,2356480000
202200038630;22;8;2022;04:56;4;49;2;3;1;3;47,4854600000; -0,5157800000
202200038631;27;2;2022;00:25;3;26;1;9;1;2;44,7849570000;4,8311950000
202200038632;27;2;2022;06:50;2;38;1;1;1;6;45,3957738300;4,8088788556
202200038633;23;8;2022;19:47;1;47;2;1;1;2;44,1937800000;0,5959800000
202200038634;10;7;2022;22:25;3;90;1;1;1;6;47,5779990000;7,0182920000
202200038635;14;7;2022;10:45;1;60;2;9;1;2;49,4249400000;2,0355730000
202200038636;23;8;2022;14:10;1;45;2;2;1;3;47,9254200000;1,8461000000
202200038637;15;7;2022;11:10;1;21;1;1;1;7;46,9821340000;4,6438320000
202200038638;18;8;2022;10:00;1;44;2;1;8;6;47,2792630000; -2,4226570000
202200038639;27;2;2022;11:30;1;88;1;3;1;1;48,2159980000;6,5809230000
202200038640;14;7;2022;12:55;1;40;1;1;1;7;43,9115280000; -0,5452180000
202200038641;23;8;2022;04:45;3;38;2;1;1;1;45,1587000000;5,7077800000
202200038642;25;2;2022;20:10;5;54;2;1;1;3;48,7356700000;6,1655900000
202200038643;15;7;2022;00:20;3;85;1;2;1;6;46,4340760000; -1,4780634000
202200038644;23;8;2022;17:25;1;25;1;1;1;7;46,9122100000;6,3331000000
202200038645;27;2;2022;18:00;2;63;1;1;1;6;45,7565130000;3,2596830000
202200038646;10;7;2022;18:25;1;37;2;1;1;1;47,4426890000;0,5686280000
202200038647;14;7;2022;12:46;1;08;1;1;7;1;49,4557870000;4,8293250000
202200038648;26;2;2022;11:30;1;69;1;1;1;1;45,9281100000;4,3859910000
202200038649;23;8;2022;11:15;1;17;2;1;1;7;45,7453600000; -0,6228800000
202200038650;25;2;2022;18:00;2;81;2;1;1;2;43,6988640000;1,8142350000
202200038651;23;8;2022;12:45;1;15;2;1;1;3;44,9107200000;2,4262100000
202200038652;26;2;2022;15:35;1;09;2;4;1;3;42,8476510000;1,6034250000
202200038653;15;7;2022;15:15;1;973;1;1;3;1;4,8773570821; -52,2789788246
202200038654;27;2;2022;16:30;1;86;1;1;1;7;46,7151450000;0,4152170000
202200038655;15;7;2022;10:20;1;34;1;1;1;2;43,4800630000;3,6776730000
202200038656;23;8;2022;10:35;1;14;2;1;1;2;49,1716200000; -0,3840900000
202200038657;27;2;2022;04:30;3;27;1;1;1;7;49,1371930000;1,5441800000
202200038658;14;7;2022;10:00;1;34;2;6;1;7;43,5884030000;3,7676290000
202200038659;27;2;2022;08:55;1;62;1;1;7;7;50,6449230000;2,2563390000
202200038660;22;8;2022;10:30;1;13;1;1;1;3;43,6756595520;5,0927072016
202200038661;14;7;2022;15:30;1;971;2;1;1;6;16,0137390000; -61,7200500000
202200038662;26;2;2022;09:40;1;62;1;6;1;7;50,6116080000;1,6327040000
202200038663;14;7;2022;23:53;3;77;1;1;1;2;48,5563580000;2,9893000000
202200038664;23;8;2022;22:20;5;13;2;1;1;7;43,2717400000;5,3773900000
202200038665;27;2;2022;03:05;4;59;2;1;1;2;50,2543894873;4,0724802911
202200038666;15;7;2022;09:15;1;77;1;1;1;7;48,2524620000;2,9709970000
202200038667;15;7;2022;11:45;1;95;2;1;1;6;49,0734860000;2,1871810000
202200038668;22;8;2022;20:15;5;13;2;1;1;3;43,2787000000;5,3878000000
202200038669;14;7;2022;20:55;3;2B;1;3;1;3;42,5419670000;9,4803000000
202200038670;23;8;2022;12:15;1;13;2;1;1;4;43,3395679906;5,3660680999
202200038671;12;7;2022;12:00;1;34;2;6;1;7;43,4640436522;3,6896658968
202200038672;25;2;2022;14:01;1;13;1;1;1;4;43,4104700000;5,2845300000
202200038673;22;8;2022;08:30;1;13;2;1;1;3;43,2846700000;5,5487900000
202200038674;14;7;2022;22:20;3;34;1;1;1;1;43,6338080000;4,1321470000
202200038675;25;2;2022;14:30;1;13;2;1;1;2;43,3298600000;5,3997100000
202200038676;22;8;2022;19:30;1;13;2;1;1;3;43,2818100000;5,5125600000
202200038677;14;7;2022;22:05;5;83;1;1;1;3;43,2638310000;6,6114950000
202200038678;25;2;2022;14:05;1;13;2;1;1;3;43,3199800000;5,4223200000
202200038679;23;8;2022;17:40;1;11;2;1;1;6;43,2138000000;2,3553000000
202200038680;15;7;2022;15:30;1;13;1;1;1;1;43,7972860000;4,7977480000
202200038681;22;8;2022;20:55;2;11;2;2;1;2;43,2141500000;2,3451200000
202200038682;26;2;2022;12:50;1;33;1;1;1;2;44,7596900000; -0,6809800000
202200038683;15;7;2022;01:55;5;57;2;6;1;6;49,2112760000;6,1251030000
202200038684;12;7;2022;18:20;1;74;1;1;1;7;46,1352750000;6,3118870000
202200038685;26;2;2022;15:55;1;91;1;1;1;2;48,7433200000;2,1886800000
202200038686;22;8;2022;17:25;1;11;2;3;1;3;43,2283821738;2,3596236739
202200038687;14;7;2022;18:00;1;73;1;1;1;6;45,2225301548;6,3040420711
202200038688;26;2;2022;07:25;2;91;1;1;1;1;48,7310100000;2,2405100000
202200038689;15;7;2022;17:55;1;73;1;1;1;7;45,5366360000;6,6031730000
202200038690;25;2;2022;22:00;3;91;1;1;1;4;48,6325440000;2,5312370000
202200038691;11;7;2022;06:15;2;73;1;1;1;7;45,5649650000;6,2062550000
202200038692;23;8;2022;08:50;1;07;2;6;1;3;44,9396000000;4,8650000000
202200038693;22;8;2022;09:56;1;06;2;1;1;1;43,7748200000;7,4988300000
202200038694;14;7;2022;11:30;1;26;1;9;1;1;45,0298390000;5,3846310000
202200038695;26;2;2022;11:00;1;78;1;1;1;4;48,8653100000;2,0375400000
202200038696;26;2;2022;10:30;1;93;1;1;1;2;48,8783840167;2,4766059319
202200038697;25;2;2022;20:00;3;93;1;1;1;2;48,9648500000;2,5182500000
202200038698;23;8;2022;13:50;1;75;2;1;1;2;48,8413570000;2,4135520000
202200038699;15;7;2022;18:00;1;01;1;1;1;6;45,8764140000;4,9109960000
202200038700;25;2;2022;18:20;1;93;1;1;1;3;48,9056200000;2,4618400000
202200038701;23;8;2022;20:50;2;75;2;1;1;6;48,8715670000;2,3950660000
202200038702;23;8;2022;14:10;1;75;2;1;1;6;48,8939720000;2,3651900000
202200038703;26;2;2022;19:20;3;94;1;1;1;4;48,8296742954;2,4982710871
202200038704;23;8;2022;10:10;1;75;2;2;1;6;48,8464780000;2,3060980000
202200038705;25;2;2022;11:40;1;77;1;1;1;2;48,9014872986;2,6507608105
202200038706;22;8;2022;12:25;1;75;2;1;1;3;48,8267190000;2,3353610000
202200038707;25;2;2022;13:55;1;72;2;1;1;6;47,9790960000;0,2289880000
202200038708;15;2;2022;08:05;2;95;2;1;1;6;48,9640569359;2,3357333243
202200038709;21;8;2022;15:31;1;75;2;1;1;3;48,8378170000;2,3602120000
202200038710;15;7;2022;06:30;2;17;1;1;1;7;45,6770190000; -0,9357860000
202200038711;25;2;2022;08:30;1;974;2;1;1;6; -20,8810200000;55,4461300000
202200038712;23;8;2022;17:50;1;75;2;3;1;3;48,8585550000;2,3324680000
202200038713;11;7;2022;12:45;1;14;1;1;7;3;49,2736920000; -0,2149950000
202200038714;22;2;2022;12:00;1;974;2;1;1;3; -20,8883500000;55,4460000000
202200038715;14;7;2022;23:00;3;27;1;1;1;7;48,9604970000;1,3191750000
202200038716;22;8;2022;10:40;1;75;2;7;1;7;48,8637560000;2,3215380000
202200038717;25;2;2022;18:15;1;69;2;1;1;3;45,7550100000;4,8705100000
202200038718;14;7;2022;18:55;1;60;2;3;7;3;49,1626910000;2,2529640000
202200038719;22;8;2022;23:40;5;94;2;9;1;1;48,8011200000;2,4018700000
202200038720;25;2;2022;16:20;1;69;2;2;1;3;45,7469400000;4,8458300000
202200038721;14;7;2022;22:30;5;60;2;4;1;1;49,2915000000;2,3821400000
202200038722;23;8;2022;10:40;1;94;2;1;1;6;48,7943800000;2,5138700000
202200038723;15;7;2022;03:30;3;60;1;1;1;6;49,5050850014;2,2012867926
202200038724;24;2;2022;11:50;1;972;2;1;1;3;14,6124200000; -60,9977200000
202200038725;23;8;2022;13:50;1;94;2;1;1;1;48,8182301956;2,4388756603
202200038726;24;2;2022;19:35;4;972;1;9;1;3;14,6050600000; -61,0876200000
202200038727;14;7;2022;23:30;3;60;2;1;1;3;49,4118201586;2,2675867078
202200038728;23;8;2022;11:10;1;94;2;1;1;1;48,8178700000;2,4239000000
202200038729;25;2;2022;15:30;1;69;2;8;1;3;45,7496100000;4,8281600000
202200038730;14;7;2022;16:00;1;59;2;1;1;7;50,0919435135;3,5892891884
202200038731;23;8;2022;14:05;1;94;2;5;1;3;48,8199800000;2,4825800000
202200038732;25;2;2022;09:00;1;69;2;1;1;1;45,7836613200;4,8449867964
202200038733;14;7;2022;06:30;1;13;1;1;1;2;43,3819560000;5,3519210000
202200038734;23;8;2022;10:40;1;93;2;2;1;3;48,9294059731;2,4800383372
202200038735;23;2;2022;23:00;5;971;2;1;1;3;16,2412500000; -61,5364200000
202200038736;25;2;2022;18:25;2;95;2;1;1;6;49,0001921921;2,4079906940
202200038737;10;7;2022;02:40;5;13;1;1;1;3;43,3071508432;5,4252505302
202200038738;22;8;2022;17:24;1;92;2;1;1;3;48,8342813322;2,2224354744
202200038739;15;6;2022;02:50;5;92;2;7;1;7;48,8337951456;2,2435676604
202200038740;18;2;2022;17:05;1;95;2;6;1;3;48,9804587445;2,2532781959
202200038741;23;8;2022;10:40;1;92;2;1;1;6;48,8718672482;2,1948579401
202200038742;15;6;2022;13:30;1;92;2;1;1;6;48,7501053157;2,2879462838
202200038743;14;7;2022;14:15;1;33;1;1;1;2;44,8868760000; -0,5067720000
202200038744;25;2;2022;06:50;2;91;2;1;1;7;48,6013100000;2,3024700000
202200038745;15;6;2022;15:00;1;24;2;1;1;1;45,3360170000;1,0500010000
202200038746;23;8;2022;12:55;1;92;1;1;1;3;48,9128600000;2,3055600000
202200038747;24;2;2022;17:42;1;91;2;1;8;6;48,6393870000;2,3330420000
202200038748;14;7;2022;06:00;2;33;1;1;1;6;44,8057166484; -0,5316688120
202200038749;11;6;2022;19:21;1;63;1;9;1;6;45,7139100000;3,1334700000
202200038750;23;8;2022;15:30;1;09;2;1;1;3;42,9468110000;1,0586840000
202200038751;25;2;2022;12:00;1;91;2;1;1;6;48,6858800000;2,4086000000
202200038752;31;5;2022;19:30;1;37;1;4;7;3;47,1138020000;0,5036120000
202200038753;14;7;2022;00:15;5;91;1;1;1;4;48,6558800000;2,3782900000
202200038754;23;8;2022;09:20;1;81;1;1;1;1;43,6685230000;1,9162710000
202200038755;24;2;2022;21:40;5;91;2;1;1;1;48,7097100000;2,4280100000
202200038756;24;8;2022;12:15;1;10;1;1;7;1;48,2493970000;3,7621680000
202200038757;14;7;2022;01:30;3;95;1;1;1;6;48,9733064035;2,4897980690
202200038758;25;2;2022;17:10;1;91;2;9;1;6;48,7049700000;2,3716300000
202200038759;16;6;2022;10:01;1;2A;1;1;1;5;41,6502780000;8,9387140000
202200038760;12;7;2022;15:30;1;974;1;9;1;6; -21,3495530000;55,5039200000
202200038761;23;8;2022;14:45;1;84;1;1;1;6;43,7735050000;5,1129820000
202200038762;12;7;2022;18:15;1;69;2;1;7;6;45,6946672675;4,9184310436
202200038763;16;6;2022;11:50;1;68;2;4;1;1;47,9082090000;7,2175940000
202200038764;18;2;2022;09:10;1;89;2;4;1;2;48,1938200000;3,3005600000
202200038765;12;7;2022;17:30;1;29;2;1;1;6;47,9824000000; -4,0742000000
202200038766;15;6;2022;13:15;1;95;2;1;1;6;49,1206630000;2,2197210000
202200038767;24;2;2022;12:20;1;86;2;1;1;3;46,5790090000;0,3101970000
202200038768;12;6;2022;08:30;1;49;1;1;1;7;47,1550910000; -0,7005180000
202200038769;23;2;2022;18:15;5;83;2;1;1;3;43,1376926937;5,9941166639
202200038770;22;8;2022;23:40;4;34;2;2;1;6;43,6844850000;3,9244020000
202200038771;12;7;2022;17:00;1;75;2;7;1;3;48,8706270000;2,3320820000
202200038772;11;6;2022;21:00;3;972;2;1;1;1;14,6112630000; -61,0937320000
202200038773;25;2;2022;11:50;1;83;2;1;1;3;43,1134100000;6,1290300000
202200038774;24;8;2022;12:04;1;51;2;1;1;7;49,0908779283;4,8935414851
202200038775;24;2;2022;11:45;1;80;2;1;1;3;49,8798000000;2,2909800000
202200038776;12;7;2022;16:05;1;92;1;1;1;4;48,8429820546;2,2224709619
202200038777;23;8;2022;21:40;3;59;1;1;1;6;50,0464680000;3,4538060000
202200038778;15;6;2022;09:50;1;63;1;1;3;1;45,7455490000;2,8381630000
202200038779;10;6;2022;15:00;1;59;2;1;1;6;50,6222428089;3,0677973032
202200038780;22;2;2022;19:10;4;80;2;1;2;3;49,9030700000;2,3070200000
202200038781;15;6;2022;18:15;1;63;1;1;1;6;45,7617750000;2,9516740000
202200038782;25;2;2022;09:00;1;78;1;9;8;7;48,9020100000;2,0060400000
202200038783;12;5;2022;01:30;3;976;2;9;1;6; -12,7652900000;45,2252000000
202200038784;24;8;2022;14:20;1;19;1;1;1;7;45,6641910000;2,1992830000
202200038785;25;2;2022;15:45;1;77;2;1;1;6;48,6273380000;2,5910340000
202200038786;13;7;2022;08:00;1;974;1;1;1;7; -20,9114300000;55,4138500000
202200038787;15;6;2022;16:23;1;46;1;2;7;3;44,2998830000;1,4694430000
202200038788;21;8;2022;08:00;1;67;1;1;1;3;48,2853310000;7,5987410000
202200038789;13;7;2022;10:00;1;974;2;2;1;3; -20,9358500000;55,2910600000
202200038790;16;6;2022;15:20;1;25;1;1;1;3;47,2272630000;6,7773630000
202200038791;25;2;2022;16:24;1;77;2;1;1;6;48,8380910000;2,7290790000
202200038792;24;8;2022;02:20;3;67;1;1;1;7;48,4013180000;7,1074220000
202200038793;15;6;2022;12:30;1;06;2;1;1;6;43,7029190000;6,8484020000
202200038794;13;7;2022;19:30;5;973;2;1;1;2;4,9290200000; -52,3014900000
202200038795;11;6;2022;18:35;1;06;1;1;1;7;43,8198290000;7,1344500000
202200038796;25;2;2022;19:40;5;74;2;1;1;5;46,3597370000;6,4762730000
202200038797;24;8;2022;18:05;1;2B;1;3;1;3;42,4116630000;9,5305110000
202200038798;16;6;2022;20:00;1;30;1;1;1;6;44,2328540000;4,4531110000
202200038799;24;8;2022;18:18;1;80;2;1;1;6;49,9560240000;2,5720560000
202200038800;25;2;2022;12:15;1;72;2;1;1;2;48,0152800000;0,1553200000
202200038801;15;6;2022;15:50;1;57;2;1;1;3;48,9836880000;7,5632130000
202200038802;13;7;2022;21:50;5;69;2;2;1;2;45,7636700000;4,8381300000
202200038803;15;6;2022;16:50;1;56;2;1;1;6;47,6594520000; -2,8558030000
202200038804;23;8;2022;13:00;1;71;2;1;1;1;46,9079840000;4,3812600000
202200038805;15;6;2022;14:55;1;2A;2;1;1;3;41,9545400000;8,7932800000
202200038806;24;8;2022;18:50;1;89;1;1;1;6;47,6741510000;3,6578140000
202200038807;25;2;2022;21:15;5;71;2;2;1;5;46,6823890488;4,3621462584
202200038808;16;6;2022;18:11;1;71;1;1;1;2;46,4483400000;4,6398460000
202200038809;13;7;2022;18:00;1;69;2;1;1;3;45,7286400000;4,8302700000
202200038810;24;8;2022;11:45;1;63;1;1;1;2;45,4782560000;3,2372760000
202200038811;22;2;2022;17:20;1;69;2;1;1;1;45,7730222393;4,9322283268
202200038812;20;8;2022;17:45;1;63;1;1;1;1;45,3995899940;3,8291135430
202200038813;24;2;2022;17:23;1;67;2;3;1;1;48,5647500000;7,7063300000
202200038814;14;6;2022;17:55;1;12;1;1;1;1;44,2824900000;2,5406960000
202200038815;22;4;2022;18:30;1;63;1;1;1;2;45,6383850000;3,2463100000
202200038816;25;2;2022;16:52;1;67;2;9;1;6;48,8136200000;7,7840400000
202200038817;15;6;2022;12:45;1;86;1;1;1;7;46,7800990000;0,6273520000
202200038818;23;8;2022;17:10;1;61;1;9;8;6;48,6413030000; -0,4117300000
202200038819;25;2;2022;18:10;2;65;2;6;1;3;43,2330400000;0,0612700000
202200038820;15;6;2022;07:25;1;68;2;1;1;6;47,7560240000;7,0516990000
202200038821;25;2;2022;13:45;1;64;2;1;1;2;43,3040000000; -0,4180000000
202200038822;15;6;2022;13:20;1;44;1;2;1;3;47,0802250000; -1,1907640000
202200038823;21;8;2022;10:00;1;55;1;3;1;3;48,9597850000;5,8376780000
202200038824;24;8;2022;10:00;1;34;1;1;1;6;43,4424810000;3,2914030000
202200038825;24;2;2022;16:30;1;64;2;1;1;1;43,4866317010; -1,4703378120
202200038826;16;6;2022;14:00;1;26;1;2;1;5;45,2974560000;4,9951530000
202200038827;22;8;2022;17:45;1;44;2;1;1;6;47,4406860000; -1,1400620000
202200038828;14;6;2022;17:10;1;06;2;1;1;6;43,7183260000;7,0584990000
202200038829;25;2;2022;20:10;5;59;2;9;1;3;50,7734968477;3,1455203891