Accident_Id;jour;mois;an;hrmn;lum;dep;agg;int;atm;col;lat;long
202200038830;20;8;2022;08:30;1;43;1;1;2;6;45,0676940000;4,3295150000
202200038831;24;2;2022;13:30;1;59;2;1;2;6;50,7623987912;3,0090066791
202200038832;15;6;2022;17:30;1;90;2;1;1;3;47,5064210000;7,1182720000
202200038833;23;8;2022;15:00;1;16;1;1;7;1;45,5218300000;0,1653370000
202200038834;25;2;2022;13:37;1;57;2;1;1;1;49,1161700000;6,2285000000
202200038835;11;6;2022;07:50;1;45;2;1;1;1;47,8303920000;1,7017820000
202200038836;24;8;2022;12:35;1;53;1;6;7;3;48,1963405146; -0,6666485519
202200038837;24;2;2022;18:35;5;54;2;2;3;6;48,6842753979;6,1885763705
202200038838;15;6;2022;17:30;1;36;1;4;7;3;46,4412620000;1,8712990000
202200038839;25;2;2022;11:09;1;54;2;1;1;6;48,6872891801;6,1883336306
202200038840;15;6;2022;19:30;1;07;1;1;1;1;44,3779410000;4,3709120000
202200038841;23;8;2022;08:30;1;53;2;9;1;3;48,1563500000; -0,3940530000
202200038842;25;2;2022;12:25;1;51;2;6;1;3;49,2575243145;4,0388042828
202200038843;16;6;2022;13:00;1;07;1;1;1;1;44,7521200000;4,7606850000
202200038844;21;2;2022;13:35;1;42;2;3;2;6;45,4941300000;4,5604100000
202200038845;24;8;2022;12:50;1;85;1;3;1;1;46,8084300000; -0,9135120000
202200038846;16;6;2022;18:00;1;24;1;2;1;3;45,1491370000;0,8542300000
202200038847;25;2;2022;14:30;1;38;2;1;1;3;45,1593500000;5,7240100000
202200038848;15;6;2022;13:55;1;85;1;6;1;3;46,8652670000; -1,9507650000
202200038849;23;8;2022;16:50;1;87;1;1;1;1;45,5411650000;1,3245610000
202200038850;25;2;2022;08:45;1;37;2;1;1;2;47,3658221335;0,7160586119
202200038851;23;8;2022;09:05;1;91;2;1;1;7;48,5234010000;2,3806410000
202200038852;15;6;2022;19:50;1;27;1;2;7;3;49,3571030000;1,6083600000
202200038853;12;6;2022;13:30;1;37;1;1;1;6;47,2767032258;0,4243254662
202200038854;23;8;2022;18:30;2;69;1;3;1;3;45,6513530000;4,7621550000
202200038855;25;2;2022;20:35;3;35;1;9;1;4;48,0758537989; -1,6754721309
202200038856;13;6;2022;08:15;1;52;1;4;7;3;48,2289220000;4,8677590000
202200038857;24;8;2022;16:19;1;11;2;9;1;6;43,1540130000;3,1630860000
202200038858;25;2;2022;22:00;5;35;2;1;1;6;48,3521328930; -1,1987757683
202200038859;15;6;2022;19:55;1;08;2;3;1;3;49,8835710000;4,8416390000
202200038860;25;2;2022;05:30;5;33;2;1;1;6;44,8356000000; -0,5507320000
202200038861;23;8;2022;15:40;1;11;1;1;1;2;43,1689410000;3,0100820000
202200038862;28;5;2022;16:45;1;68;1;1;7;2;48,0725160000;7,3853870000
202200038863;23;8;2022;17:20;1;69;2;1;1;3;45,4572070000;4,7567150000
202200038864;25;2;2022;12:27;1;32;2;3;1;3;43,6495300000;0,5934900000
202200038865;15;6;2022;23:45;5;06;2;3;1;6;43,6432800000;7,0118580000
202200038866;23;8;2022;19:15;5;971;2;1;1;6;16,4190850000; -61,5293170000
202200038867;15;6;2022;07:26;1;57;1;9;1;1;49,0463920000;6,9224600000
202200038868;24;8;2022;13:45;1;78;1;1;1;6;48,6971360000;2,0224500000
202200038869;23;2;2022;15:10;1;31;2;1;1;5;43,6589500000;1,4384100000
202200038870;25;2;2022;21:00;5;29;2;9;1;6;48,3879387978; -4,4357607364
202200038871;23;8;2022;19:06;2;78;2;2;1;2;49,0192260000;1,4841250000
202200038872;16;6;2022;08:00;1;28;1;1;1;5;48,2639410000;1,8523850000
202200038873;25;2;2022;06:10;3;27;1;1;2;7;49,2459000000;1,1916000000
202200038874;21;8;2022;13:30;1;13;2;6;1;3;43,4819400000;5,1654460000
202200038875;14;6;2022;14:45;1;973;2;1;1;6;5,4840850000; -54,0150390000
202200038876;24;8;2022;12:13;1;55;2;1;1;6;48,7670440000;5,5808760000
202200038877;25;2;2022;19:40;3;26;1;1;1;2;44,9123100000;4,9385100000
202200038878;29;5;2022;10:39;1;973;2;6;2;3;5,5003820000; -54,0282300000
202200038879;22;2;2022;16:55;1;22;2;6;1;6;48,7319600000; -3,4646000000
202200038880;16;6;2022;07:45;1;2B;1;1;1;2;42,6198880000;8,8931270000
202200038881;24;8;2022;13:00;1;73;1;1;1;3;45,7291753337;6,5502421260
202200038882;9;7;2022;04:30;3;38;2;1;1;7;45,5697500000;4,8896880000
202200038883;16;6;2022;01:10;3;34;1;1;1;7;43,6212770000;3,9796490000
202200038884;24;2;2022;20:50;5;21;2;3;2;2;47,3382778574;5,0446014851
202200038885;14;6;2022;18:30;1;34;1;1;1;6;43,6955480000;3,9601740000
202200038886;24;8;2022;00:35;5;26;1;1;1;1;44,3621820000;4,7048520000
202200038887;16;6;2022;12:13;1;04;1;1;1;7;44,3916600000;6,6831640000
202200038888;24;8;2022;10:40;1;07;1;1;1;7;44,4022020000;4,5114710000
202200038889;25;2;2022;18:50;2;15;2;2;1;3;44,9126700000;2,4349070000
202200038890;15;6;2022;12:55;1;13;1;1;7;2;43,4928570000;5,2215530000
202200038891;23;8;2022;18:00;1;69;1;3;1;3;45,9228492564;4,4650890826
202200038892;15;6;2022;11:30;1;13;1;1;1;6;43,2375280000;5,6627330000
202200038893;25;2;2022;13:30;1;13;2;1;6;3;43,2440000000;5,3711000000
202200038894;21;8;2022;16:00;1;69;1;1;1;6;46,1215700000;4,7312720000
202200038895;15;6;2022;17:39;1;67;1;1;1;1;48,5818310000;7,4543520000
202200038896;25;2;2022;12:10;1;13;2;1;1;1;43,2807200645;5,3883373192
202200038897;18;8;2022;16:00;1;64;2;3;2;3;43,4856290000; -0,7637000000
202200038898;25;2;2022;03:35;5;13;2;1;1;2;43,2769437211;5,3982440768
202200038899;16;6;2022;07:50;1;67;2;2;1;3;48,4958940000;7,4784980000
202200038900;15;6;2022;12:45;1;63;1;1;1;6;45,5903480000;2,8665730000
202200038901;25;2;2022;09:18;1;10;2;1;1;3;48,3088933760;4,0688896179
202200038902;23;8;2022;17:15;1;33;1;2;1;3;45,2720878539; -0,8860865235
202200038903;30;5;2022;06:40;2;74;2;3;1;3;46,1499370000;6,0880030000
202200038904;25;2;2022;07:57;1;10;2;1;1;3;48,3078574695;4,0684416890
202200038905;23;8;2022;07:35;2;14;2;6;2;3;48,8898840000; -0,1816070000
202200038906;16;6;2022;08:05;1;69;1;2;1;2;45,8107380000;4,6637980000
202200038907;23;2;2022;09:30;1;10;2;9;1;3;48,3143449149;4,0267038345
202200038908;18;8;2022;15:20;1;27;1;1;1;7;49,0137760000;1,4455710000
202200038909;16;6;2022;14:57;1;65;2;3;1;1;43,0012580000;0,1963460000
202200038910;23;8;2022;23:15;3;02;1;1;1;6;49,8931970000;4,0421430000
202200038911;25;2;2022;11:45;1;06;1;1;1;2;43,6604300000;7,1816800000
202200038912;16;6;2022;08:10;1;17;1;6;1;3;45,7582190000; -1,1245540000
202200038913;24;2;2022;18:00;2;06;2;3;1;3;43,6676600000;7,1393300000
202200038914;15;6;2022;22:30;2;17;1;1;1;1;45,8484720000; -1,1724260000
202200038915;22;8;2022;17:30;1;13;1;1;1;4;43,3705700000;5,3613700000
202200038916;15;2;2022;15:10;1;04;2;6;1;3;44,0911786129;6,2312087417
202200038917;10;6;2022;18:30;1;33;1;3;1;5;45,0015880000; -0,4243900000
202200038918;18;2;2022;16:15;1;02;2;1;6;6;49,3655500000;3,3353400000
202200038919;22;8;2022;06:25;2;13;1;1;1;4;43,2429800000;5,5944700000
202200038920;15;6;2022;19:20;1;72;2;6;1;1;47,8333930000; -0,3177480000
202200038921;25;2;2022;16:00;1;01;2;1;1;2;46,1994100000;5,2558400000
202200038922;23;8;2022;11:30;1;91;1;1;1;2;48,6230000000;2,4200000000
202200038923;16;6;2022;09:05;1;60;2;1;1;2;49,1722210000;2,2867550000
202200038924;23;8;2022;03:30;3;91;1;1;1;6;48,6317060000;2,5066220000
202200038925;22;2;2022;17:00;5;75;2;1;1;3;48,8267610000;2,2957780000
202200038926;23;8;2022;20:15;2;95;1;1;1;2;49,0346840593;2,1136102080
202200038927;16;6;2022;08:20;1;60;2;3;7;1;49,3425520000;2,7188050000
202200038928;25;2;2022;17:05;1;75;2;3;1;2;48,8542978591;2,3431778778
202200038929;16;6;2022;17:25;1;60;2;1;1;7;49,1959520000;2,1156730000
202200038930;23;8;2022;10:30;1;95;1;1;1;6;48,9740590000;2,4851420000
202200038931;15;6;2022;16:00;1;62;2;1;7;6;50,7998090000;1,6648630000
202200038932;25;2;2022;16:06;1;75;2;2;1;6;48,8489040000;2,3474730000
202200038933;15;6;2022;19:10;1;13;1;1;1;2;43,4239000000;5,3743900000
202200038934;22;8;2022;22:45;4;93;1;1;1;5;48,8970719855;2,4696512931
202200038935;25;2;2022;13:35;1;75;2;2;2;6;48,8707860000;2,3992210000
202200038936;15;6;2022;19:00;1;91;1;1;1;4;48,7251700000;2,1666600000
202200038937;25;2;2022;19:00;5;75;2;2;1;3;48,8829890000;2,3855620000
202200038938;15;6;2022;07:50;1;91;1;1;1;7;48,5575540000;2,4914080000
202200038939;22;8;2022;19:00;1;95;1;1;1;5;48,9785598477;2,2302514315
202200038940;15;6;2022;03:16;5;94;1;1;1;7;48,8147740000;2,3363400000
202200038941;23;8;2022;18:00;1;94;1;1;1;2;48,7589396502;2,4834360583
202200038942;25;2;2022;19:50;5;75;2;2;1;3;48,8784090000;2,3742500000
202200038943;15;6;2022;09:35;1;92;1;1;1;4;48,8882278311;2,2491295607
202200038944;25;2;2022;11:00;1;75;2;2;1;6;48,8750870000;2,2839650000
202200038945;15;6;2022;08:50;1;92;1;1;1;2;48,9351679235;2,2833279356
202200038946;14;6;2022;10:20;1;92;1;1;1;7;48,9378886633;2,2976672190
202200038947;23;8;2022;08:15;1;94;1;1;1;4;48,8140244634;2,4491104783
202200038948;25;5;2022;16:30;1;14;2;1;1;6;49,3992000000;0,2428500000
202200038949;25;2;2022;21:55;5;75;2;2;1;2;48,8498620000;2,2950140000
202200038950;14;6;2022;07:50;1;93;1;1;1;3;48,9341800000;2,3899400000
202200038951;13;6;2022;23:20;3;95;1;1;1;2;49,0205800000;2,1378600000
202200038952;25;2;2022;00:15;5;75;2;1;1;2;48,8318330433;2,3844104893
202200038953;20;8;2022;15:45;1;63;2;2;1;6;45,7738100000;3,0974900000
202200038954;14;6;2022;23:05;3;94;1;1;1;6;48,7541603473;2,3503639963
202200038955;24;2;2022;23:10;5;75;2;1;1;6;48,8645120000;2,3719040000
202200038956;21;8;2022;14:40;1;63;2;3;1;6;45,8064486497;3,1094594300
202200038957;21;8;2022;11:15;1;63;2;1;1;6;45,7907100000;3,1178600000
202200038958;12;6;2022;22:15;3;77;1;9;1;6;48,9712810000;2,5951380000
202200038959;14;6;2022;08:20;1;54;2;3;1;6;48,6947400000;6,1831600000
202200038960;26;5;2022;09:42;1;13;1;1;1;6;43,3474796707;5,3438125023
202200038961;25;2;2022;19:30;5;75;2;2;1;4;48,8712380000;2,3701230000
202200038962;22;8;2022;07:35;1;974;2;9;1;1; -21,3332500000;55,4716500000
202200038963;14;6;2022;08:55;1;27;2;3;1;6;49,0221165047;1,1440774798
202200038964;25;2;2022;19:35;5;75;2;3;1;3;48,8757880000;2,3565180000
202200038965;22;8;2022;07:30;1;973;2;1;1;6;4,9238355295; -52,3193380237
202200038966;14;6;2022;11:00;1;75;2;1;1;6;48,8551250000;2,3686640000
202200038967;22;8;2022;18:35;1;69;2;6;1;6;45,7548800000;4,8574200000
202200038968;21;3;2022;08:35;1;14;2;2;1;3;49,2788160000; -0,7076630000
202200038969;25;2;2022;17:10;1;75;2;2;1;3;48,8789760000;2,3557590000
202200038970;22;8;2022;18:17;1;69;2;3;1;2;45,7531000000;4,8248400000
202200038971;25;2;2022;10:30;1;75;2;2;1;3;48,8728980000;2,3637390000
202200038972;28;1;2022;16:55;1;14;2;2;1;6;49,2756280000; -0,6912530000
202200038973;21;1;2022;20:40;5;14;2;6;1;7;49,2838911116; -0,6905355202
202200038974;22;8;2022;19:00;1;2B;2;3;1;3;42,6685269286;9,4432589101
202200038975;25;2;2022;02:35;5;75;2;5;1;7;48,8542710000;2,3054540000
202200038976;22;8;2022;19:40;1;91;2;1;1;2;48,6863500000;2,3798900000
202200038977;22;3;2022;17:20;1;86;2;3;1;3;46,7970640000;0,5273100000
202200038978;25;2;2022;19:57;5;75;2;3;1;1;48,8504340000;2,3600890000
202200038979;25;2;2022;16:45;1;75;2;1;1;6;48,8544130374;2,3544770364
202200038980;21;8;2022;19:45;1;87;2;3;1;1;45,8900200000;1,2930600000
202200038981;24;2;2022;19:56;5;94;2;1;1;6;48,7951700000;2,3972800000
202200038982;11;4;2022;15:15;1;63;2;1;1;3;45,7738900000;3,0855900000
202200038983;19;8;2022;03:40;5;84;2;1;1;3;43,9400700000;4,8306100000
202200038984;25;2;2022;08:00;1;94;2;2;1;3;48,8073100000;2,4821000000
202200038985;18;8;2022;11:40;1;84;2;1;1;3;43,9320000000;4,8289100000
202200038986;12;4;2022;16:50;1;41;2;6;1;6;47,5751000000;1,3250900000
202200038987;24;2;2022;17:50;2;94;2;4;1;3;48,8326100782;2,5248255728
202200038988;9;6;2022;00:30;5;84;2;2;1;3;43,9223000000;4,8580460000
202200038989;13;4;2022;19:45;1;26;2;1;1;3;44,5429800000;4,7467000000
202200038990;25;2;2022;08:10;1;94;2;2;1;3;48,7960000000;2,3683500000
202200038991;25;2;2022;15:55;1;94;2;1;1;3;48,8085360000;2,3813500000
202200038992;14;6;2022;11:30;1;976;2;1;1;6; -12,8014500000;45,2115100000
202200038993;14;6;2022;17:05;1;974;2;1;1;3; -20,9362570000;55,6466160000
202200038994;20;8;2022;15:05;1;76;2;4;1;3;49,5088200000;0,1351000000
202200038995;25;2;2022;09:15;1;94;2;2;1;1;48,8189300000;2,3991600000
202200038996;14;6;2022;14:32;1;973;2;1;1;3;4,9319512879; -52,3283851147
202200038997;25;2;2022;14:10;1;94;2;7;1;2;48,8597300000;2,4901700000
202200038998;21;8;2022;15:00;1;74;2;6;1;3;46,1914400000;6,2504500000
202200038999;14;6;2022;18:20;1;69;2;1;7;6;45,7675000000;4,8413100000
202200039000;14;6;2022;17:10;1;69;2;1;1;3;45,7289700000;4,8378000000
202200039001;24;2;2022;14:10;1;94;2;3;2;2;48,7883000000;2,4513900000
202200039002;22;8;2022;17:15;1;69;2;3;7;3;45,7809400000;4,8843400000
202200039003;14;6;2022;19:15;1;69;2;2;1;6;45,7170400000;4,8125400000
202200039004;24;2;2022;05:30;3;94;2;1;2;1;48,7731700000;2,4455000000
202200039005;22;8;2022;08:19;1;69;2;6;1;3;45,6882000000;4,8912900000
202200039006;14;6;2022;16:14;1;69;2;3;1;3;45,7530232858;4,8338671006
202200039007;25;2;2022;12:00;1;93;2;2;1;3;48,8583022953;2,4235314131
202200039008;21;8;2022;20:00;1;67;2;3;1;6;48,5511399535;7,6891167462
202200039009;14;6;2022;07:00;1;69;2;2;1;3;45,7650000000;4,8381000000
202200039010;25;2;2022;21:15;5;93;2;1;1;3;48,9121116319;2,5215607882
202200039011;21;8;2022;14:20;1;67;2;1;1;3;48,5784300000;7,7069000000
202200039012;14;6;2022;06:50;1;69;2;1;7;6;45,8148700000;4,8950900000
202200039013;25;2;2022;18:05;1;93;2;1;1;2;48,9272300000;2,5473600000
202200039014;20;8;2022;18:47;1;67;2;3;1;3;48,5708900000;7,7588300000
202200039015;14;6;2022;16:55;1;2B;2;1;1;2;42,6545000000;9,4458000000
202200039016;25;2;2022;16:20;1;93;2;3;1;6;48,9516300000;2,3309200000
202200039017;14;6;2022;15:00;1;2B;2;1;1;3;42,6848000000;9,4450000000
202200039018;19;8;2022;17:00;1;67;2;1;1;2;48,5888600000;7,6971800000
202200039019;20;8;2022;13:10;1;66;2;1;1;6;42,7191200000;2,8872400000
202200039020;24;2;2022;12:00;1;93;2;1;1;6;48,9589500000;2,2995700000
202200039021;15;6;2022;00:20;5;2A;2;4;1;3;41,9345800000;8,7455100000
202200039022;24;2;2022;21:50;5;93;2;1;1;3;48,9536200000;2,4164000000
202200039023;20;8;2022;07:45;1;64;2;1;1;3;43,4389600000; -1,5878100000
202200039024;14;6;2022;16:40;1;2A;1;1;1;6;41,9270100000;8,7835600000
202200039025;11;2;2022;23:00;4;93;2;9;8;3;48,9084971342;2,4200423958
202200039026;21;8;2022;20:50;1;64;2;1;1;2;43,5046100000; -1,5256100000
202200039027;14;6;2022;08:00;1;95;2;1;1;3;48,9512300000;2,2329600000
202200039028;21;8;2022;06:00;2;63;1;1;1;6;45,9181889228;3,1354111433
202200039029;25;2;2022;08:35;1;92;2;1;1;3;48,8240280421;2,3005326837
202200039030;14;6;2022;17:20;1;91;2;1;1;3;48,7038200000;2,3212500000
202200039031;25;2;2022;11:25;1;92;2;3;1;6;48,8182300000;2,2172090000
202200039032;20;8;2022;19:55;1;56;2;6;1;3;47,7492300000; -3,3736400000
202200039033;14;6;2022;05:20;2;91;2;1;1;2;48,6382700000;2,2674500000
202200039034;15;6;2022;01:05;5;91;2;1;1;7;48,7141800000;2,5012600000
202200039035;22;8;2022;10:40;1;54;2;2;1;6;48,6544100000;6,1787000000
202200039036;25;2;2022;13:45;1;92;2;3;1;3;48,9029289558;2,2039691359
202200039037;14;6;2022;08:40;1;91;2;1;1;3;48,6655500000;2,3469700000
202200039038;21;8;2022;12:01;1;49;2;1;1;2;47,4766300000; -0,5204700000
202200039039;25;2;2022;10:35;1;92;2;3;7;6;48,8316823973;2,2322201729
202200039040;13;6;2022;18:10;1;87;2;1;1;6;45,8726600000;1,2383300000
202200039041;26;2;2022;15:42;1;39;2;1;1;6;46,7321090000;5,9281830000
202200039042;21;8;2022;11:10;1;49;2;1;1;2;47,4733100000; -0,5782400000
202200039043;10;6;2022;16:11;1;87;1;1;1;2;45,8905900000;1,2927400000
202200039044;22;8;2022;09:15;1;45;2;1;8;6;47,9233030000;1,9081040000
202200039045;26;2;2022;17:40;1;50;1;1;1;1;48,6909890000; -1,4799570000
202200039046;12;6;2022;22:55;3;87;1;1;1;6;45,8759100000;1,2238800000
202200039047;22;8;2022;17:30;1;44;2;1;1;2;47,2292700000; -1,6080400000
202200039048;26;2;2022;15:20;1;24;1;1;1;2;45,0313780000;0,3143030000
202200039049;22;8;2022;18:05;1;34;2;9;1;6;43,5939100000;3,8337600000
202200039050;11;6;2022;16:57;1;87;2;1;1;7;45,7898900000;1,1738300000
202200039051;25;2;2022;22:12;3;974;1;1;1;6; -21,2004370000;55,2847590000
202200039052;26;2;2022;18:54;2;56;1;1;1;6;47,7286290000; -2,5433670000
202200039053;23;8;2022;00:15;5;33;2;6;1;2;44,8255200000; -0,5982000000
202200039054;14;6;2022;15:15;1;83;2;1;1;3;43,1385000000;6,0271000000
202200039055;22;8;2022;14:30;1;33;2;1;1;3;44,9052700000; -0,5353400000
202200039056;26;2;2022;00:50;3;74;1;1;1;4;45,8785980000;6,6376620000
202200039057;8;6;2022;17:40;1;83;2;1;1;6;43,1027900000;5,8818000000
202200039058;21;8;2022;06:50;3;33;1;1;1;6;44,8125000000; -0,5342000000
202200039059;14;6;2022;21:52;1;78;2;3;1;6;48,9460860000;2,1453400000
202200039060;26;2;2022;15:50;1;76;2;3;7;3;49,5195010000;1,3568760000
202200039061;21;8;2022;08:50;1;31;2;1;1;6;43,6015400000;1,4343400000
202200039062;26;2;2022;05:00;5;2B;2;1;1;1;42,7346850000;9,4614650000
202200039063;13;6;2022;10:53;1;78;1;1;1;6;48,9850280000;2,1314120000
202200039064;18;7;2022;13:15;1;30;2;1;1;7;43,8190900000;4,3692100000
202200039065;25;2;2022;16:15;1;65;2;7;1;3;43,0788230000;0,4821030000
202200039066;14;6;2022;17:50;1;78;2;3;1;2;48,9804000000;1,8897200000
202200039067;10;6;2022;06:41;2;28;2;2;7;1;48,4529570000;1,4719780000
202200039068;25;2;2022;14:10;1;33;1;1;1;1;44,7180260000; -0,4180920000
202200039069;14;6;2022;09:15;1;78;2;1;1;3;48,9544600000;1,8313190000
202200039070;12;8;2022;19:40;1;17;2;3;1;3;45,7486180000; -0,6500300000
202200039071;26;2;2022;16:00;1;55;2;1;1;6;48,8911290000;5,5398610000
202200039072;22;8;2022;08:00;1;13;2;6;1;1;43,2926800000;5,4000700000
202200039073;25;2;2022;20:30;3;34;1;1;1;5;43,6902975423;3,5775877368
202200039074;20;8;2022;20:00;1;11;2;2;1;3;43,2089200000;2,3739400000
202200039075;14;6;2022;10:20;1;77;2;2;1;3;48,3406300000;2,7095500000
202200039076;20;8;2022;16:20;1;11;1;1;1;3;43,2331600000;2,3598100000
202200039077;26;2;2022;09:15;1;34;2;3;1;3;43,4862520000;2,7769020000
202200039078;14;6;2022;21:30;1;76;2;1;7;1;49,4601000000;1,1330000000
202200039079;26;2;2022;01:30;3;22;1;1;1;7;48,1863180000; -2,9881950000
202200039080;21;8;2022;14:39;1;10;2;6;7;3;48,2926200000;4,0741500000
202200039081;25;2;2022;18:40;1;29;1;1;1;1;48,4052390000; -4,5512910000
202200039082;22;8;2022;10:00;1;75;2;3;1;6;48,8521420000;2,2642610000
202200039083;14;6;2022;11:25;1;76;2;2;1;3;49,4878000000;0,1382600000
202200039084;21;8;2022;06:43;2;75;2;1;1;6;48,8597050000;2,2922480000
202200039085;13;6;2022;13:40;1;76;2;9;1;1;49,4907600000;0,1817600000
202200039086;25;2;2022;18:30;1;29;2;1;1;2;48,4964130000; -4,4335250000
202200039087;10;4;2022;16:20;1;76;2;1;1;1;49,4918400000;0,1654000000
202200039088;22;8;2022;20:46;2;75;2;2;1;3;48,8479250000;2,3277710000
202200039089;26;2;2022;06:00;3;31;2;1;1;7;43,2932670000;1,2161400000
202200039090;14;6;2022;07:18;2;76;1;6;1;6;49,5540780000;0,4426400000
202200039091;22;8;2022;16:20;1;75;2;1;1;6;48,8949950000;2,3825940000
202200039092;25;2;2022;18:50;5;03;2;1;1;3;46,4065540000;3,3124530000
202200039093;13;6;2022;17:00;1;74;2;1;1;6;46,4025000000;6,6098000000
202200039094;20;8;2022;20:05;1;75;2;1;1;3;48,8982790000;2,3705230000
202200039095;26;2;2022;01:45;3;01;1;1;1;7;46,0840440000;5,3089340000
202200039096;12;6;2022;06:22;1;71;2;3;1;3;46,2859300000;4,8067600000
202200039097;22;8;2022;17:45;1;75;2;3;1;6;48,8395390000;2,3888070000
202200039098;14;6;2022;18:00;1;69;2;1;1;2;45,7304800000;4,8880300000
202200039099;26;2;2022;14:35;1;01;2;4;1;6;45,7103150000;5,5556420000
202200039100;22;8;2022;06:30;2;75;2;2;1;3;48,8373080000;2,3912040000
202200039101;14;6;2022;13:30;1;69;2;2;1;3;45,7157100000;4,9617100000
202200039102;24;2;2022;21:30;3;01;1;2;1;3;46,4041460000;5,2217670000
202200039103;22;8;2022;06:06;2;75;2;7;1;3;48,8643620000;2,3203460000
202200039104;26;2;2022;01:15;3;70;2;1;1;6;47,5297060000;5,6803500000
202200039105;11;6;2022;00:30;5;67;2;3;1;3;48,6141000000;7,7521800000
202200039106;10;6;2022;17:45;1;62;1;1;1;6;50,4800440000;2,9494840000
202200039107;22;8;2022;13:55;1;75;2;2;1;3;48,8634040000;2,3509580000
202200039108;11;6;2022;20:30;1;62;2;1;1;6;50,5001050000;2,6829540000
202200039109;21;8;2022;20:00;1;75;2;1;1;6;48,8676750000;2,3567060000
202200039110;13;6;2022;21:15;1;60;2;9;1;6;49,2558300000;2,4324700000
202200039111;26;2;2022;13:20;1;50;1;2;7;3;49,1902380000; -1,5230870000
202200039112;26;2;2022;00:40;3;50;1;1;1;6;48,5644800000; -1,5118800000
202200039113;13;6;2022;11:45;1;59;2;1;1;6;50,2730600000;3,9668700000
202200039114;14;6;2022;12:35;1;59;2;2;1;5;50,6546273489;3,0186070203
202200039115;26;2;2022;17:30;1;50;1;1;1;7;49,2326270000; -1,1214530000
202200039116;13;6;2022;19:15;1;59;2;1;1;6;50,4123190768;3,1333029268
202200039117;14;6;2022;12:30;1;59;2;3;1;3;50,1875240177;3,2226204872
202200039118;25;2;2022;16:00;1;43;1;2;1;3;45,1595460000;3,8286710000
202200039119;13;6;2022;16:05;1;57;2;1;1;2;49,3409600000;6,0390000000
202200039120;12;6;2022;06:46;1;57;2;9;1;1;49,2501650112;6,1696187280
202200039121;13;6;2022;11:20;1;55;2;1;1;7;49,1653700000;5,3800100000
202200039122;14;6;2022;18:55;1;54;2;1;1;6;48,6789550000;6,1721990000
202200039123;10;6;2022;22:40;3;54;1;1;1;2;49,4364780000;5,8735850000
202200039124;13;6;2022;20:20;1;51;2;1;1;7;48,9451100000;4,3332200000
202200039125;13;6;2022;17:47;1;49;2;1;1;7;47,4667000000; -0,4903700000
202200039126;14;6;2022;13:00;1;45;2;2;1;3;47,9148300000;1,8993900000
202200039127;7;4;2022;13:50;1;93;1;1;1;5;48,9404700000;2,4241100000
202200039128;14;6;2022;16:30;1;45;2;1;1;6;47,9865300000;2,7325500000
202200039129;7;4;2022;08:15;1;93;1;1;2;3;48,9240271676;2,3870856061
202200039130;14;6;2022;17:55;1;44;2;1;1;7;47,1917200000; -1,5517800000
202200039131;7;4;2022;08:00;1;93;1;1;8;6;48,9273500000;2,4034700000
202200039132;13;6;2022;09:50;1;38;2;1;1;3;45,1773600000;5,7179500000
202200039133;6;4;2022;07:45;1;94;2;3;1;6;48,7809100000;2,5167800000
202200039134;14;6;2022;21:45;2;37;2;2;1;3;47,3949135576;0,7220530137
202200039135;14;6;2022;18:58;1;37;2;1;1;7;47,4053205652;0,6842258200
202200039136;6;4;2022;21:55;5;76;2;1;2;6;49,3895500000;1,0230600000
202200039137;14;6;2022;20:10;1;35;1;1;1;5;48,1408360000; -1,6854720000
202200039138;14;6;2022;16:50;1;35;1;1;7;6;48,1632069672; -1,6800254211
202200039139;29;1;2022;12:25;1;74;2;1;1;2;46,1880200000;6,2434800000
202200039140;14;6;2022;16:35;1;35;2;1;1;6;48,0858000000; -1,6216700000
202200039141;6;4;2022;14:00;1;976;2;1;1;7; -12,7832600000;45,2339600000
202200039142;13;6;2022;15:30;1;35;2;1;1;6;48,1224500000; -1,7038300000
202200039143;6;4;2022;06:50;1;976;2;1;1;7; -12,8156220000;45,1992430000
202200039144;11;6;2022;14:10;1;34;2;1;1;3;43,5795000000;3,9319000000
202200039145;14;6;2022;10:40;1;34;2;9;1;6;43,3118200000;3,4760900000
202200039146;6;4;2022;18:30;5;974;2;3;1;3; -20,8898800000;55,4641000000
202200039147;13;6;2022;10:05;1;34;2;3;1;3;43,3101500000;3,4778600000
202200039148;6;4;2022;09:14;1;973;2;1;1;3;4,9354200000; -52,3126900000
202200039149;14;6;2022;08:55;1;33;2;6;1;6;44,8241300000; -0,5446000000
202200039150;6;4;2022;07:05;1;973;2;6;1;2;4,9332544680; -52,3096579313
202200039151;14;6;2022;08:50;1;33;2;6;1;2;44,6573700000; -1,1583500000
202200039152;13;6;2022;17:30;1;31;2;1;1;7;43,1065640000;0,7236530000
202200039153;6;4;2022;17:50;1;69;2;2;1;3;45,7433400000;4,8742600000
202200039154;6;4;2022;21:45;5;69;2;1;1;3;45,7474800000;4,8249700000
202200039155;14;6;2022;14:55;1;26;2;6;1;3;44,5257900000;4,7453500000
202200039156;6;4;2022;14:25;1;95;2;3;1;2;49,0038475010;2,4126416445
202200039157;14;6;2022;08:36;1;17;1;1;1;4;46,1510000000; -1,1127000000
202200039158;6;4;2022;10:15;1;91;2;1;1;2;48,6200000000;2,2600000000
202200039159;14;6;2022;21:50;2;13;2;1;1;3;43,2617800000;5,3748400000