Accident_Id;jour;mois;an;hrmn;lum;dep;agg;int;atm;col;lat;long
202200039489;31;10;2022;15:00;1;22;2;1;1;7;48,4933600000; -2,7778800000
202200039490;4;4;2022;17:43;1;54;2;1;1;6;48,7013254077;6,1705344915
202200039491;27;10;2022;19:00;5;19;2;1;1;3;45,1519100000;1,5028300000
202200039492;31;10;2022;16:00;1;18;2;2;8;6;47,2251400000;2,0731200000
202200039493;4;4;2022;17:00;1;54;2;1;1;2;48,6746210387;6,1973297596
202200039494;1;11;2022;00:10;5;17;2;1;2;1;46,1669700000; -1,1505800000
202200039495;5;4;2022;17:00;1;51;2;3;2;3;49,2707100000;4,0512800000
202200039496;26;10;2022;11:34;1;13;2;1;1;3;43,4505200000;4,9388000000
202200039497;4;4;2022;17:45;1;50;2;1;2;6;49,6390900000; -1,6200400000
202200039498;4;4;2022;14:19;1;49;2;1;1;7;47,4634500000; -0,5454800000
202200039499;31;10;2022;13:05;1;11;2;3;1;3;43,2108000000;2,3410000000
202200039500;31;10;2022;16:10;1;10;2;1;1;3;48,2996100000;4,0895100000
202200039501;5;4;2022;07:45;2;45;2;2;8;6;47,9086100000;1,8917400000
202200039502;28;10;2022;21:25;3;75;2;1;1;2;48,9006160000;2,3303490000
202200039503;30;10;2022;05:50;5;75;2;4;1;2;48,8714280000;2,4130020000
202200039504;5;4;2022;16:02;1;37;1;9;8;2;47,3667341091;0,6543838978
202200039505;29;10;2022;03:40;5;75;2;2;1;3;48,8494220000;2,3567160000
202200039506;31;10;2022;17:25;2;75;2;3;8;7;48,8988540000;2,3781280000
202200039507;4;4;2022;11:55;1;35;2;3;1;3;48,3474973795; -1,2040365860
202200039508;27;10;2022;19:50;5;75;2;1;8;2;48,8479830000;2,2522840000
202200039509;31;10;2022;20:00;5;75;2;2;8;3;48,8284950000;2,3013480000
202200039510;4;4;2022;18:45;1;34;2;3;1;3;43,6184000000;3,8644900000
202200039511;31;10;2022;19:00;4;75;2;4;2;2;48,8367460000;2,3063230000
202200039512;4;4;2022;08:50;1;34;2;1;1;7;43,3550600000;3,2378400000
202200039513;31;10;2022;10:00;1;75;2;2;1;6;48,8465590000;2,2886000000
202200039514;4;4;2022;16:22;1;33;2;9;1;3;44,8399274424; -0,5603648099
202200039515;30;10;2022;19:10;5;75;2;7;2;3;48,8322230000;2,3560660000
202200039516;30;10;2022;03:46;5;75;2;4;1;6;48,8593670000;2,3828260000
202200039517;31;10;2022;19:48;5;75;2;1;2;6;48,8793610000;2,3544450000
202200039518;31;10;2022;15:55;1;75;2;1;1;6;48,8700180000;2,3285890000
202200039519;4;4;2022;20:15;5;29;2;2;2;1;48,3988880000; -4,4891440000
202200039520;27;10;2022;13:20;1;75;2;1;1;3;48,8707860000;2,3301330000
202200039521;5;4;2022;11:30;1;27;2;1;2;3;49,0298282152;1,1705753177
202200039522;22;10;2022;16:30;1;94;2;1;1;3;48,7739030000;2,3822000000
202200039523;5;4;2022;18:40;1;26;2;1;1;6;44,5487800000;4,7423500000
202200039524;30;10;2022;21:20;5;94;2;4;1;1;48,7662000000;2,3867000000
202200039525;5;4;2022;15:40;1;26;2;1;1;2;44,5519400000;4,7662600000
202200039526;31;10;2022;11:20;1;93;2;1;1;2;48,8832726614;2,5332276245
202200039527;31;10;2022;06:25;2;93;2;2;1;3;48,9291812127;2,3966540876
202200039528;5;4;2022;15:53;1;25;2;1;1;2;47,2443300000;5,9895900000
202200039529;31;10;2022;17:20;5;93;2;2;2;6;48,9069700000;2,4883000000
202200039530;30;10;2022;16:00;1;93;2;1;1;3;48,9128228358;2,4020190950
202200039531;2;4;2022;08:25;1;21;2;3;1;6;47,0155000000;4,8308000000
202200039532;30;10;2022;17:30;2;93;2;2;1;3;48,9175600000;2,3802200000
202200039533;30;10;2022;03:00;5;92;2;1;1;2;48,8078200000;2,2950100000
202200039534;5;4;2022;21:00;5;18;2;2;2;3;47,2191400000;2,0666000000
202200039535;31;10;2022;15:00;1;92;2;2;1;1;48,9017100000;2,3148200000
202200039536;5;4;2022;07:20;2;14;2;9;2;3;49,1606400000; -0,3361400000
202200039537;13;10;2022;19:15;5;92;2;1;1;2;48,7443300000;2,3030600000
202200039538;30;10;2022;02:55;3;44;1;1;1;6;47,5086790000; -1,1819800000
202200039539;8;2;2022;15:45;1;13;2;1;1;2;43,6470420787;5,0565533454
202200039540;31;10;2022;17:50;3;95;1;1;2;4;49,1507410000;2,2474010000
202200039541;5;4;2022;22:30;5;13;2;1;1;7;43,3729200000;5,3499600000
202200039542;1;11;2022;16:00;1;83;1;1;1;2;43,1847300000;6,0422230000
202200039543;28;10;2022;17:30;1;46;1;3;1;4;44,2743804349;1,3431253612
202200039544;5;4;2022;08:00;1;13;2;3;1;3;43,3032500000;5,4034900000
202200039545;1;11;2022;05:10;3;29;1;1;2;6;48,0508880000; -4,0617670000
202200039546;5;4;2022;08:15;1;13;2;9;1;6;43,2903000000;5,3711000000
202200039547;1;11;2022;09:00;1;22;1;1;1;2;48,4249150000; -2,2046580000
202200039548;4;4;2022;12:00;1;13;2;3;1;3;43,2966200000;5,4040800000
202200039549;31;10;2022;08:40;2;72;1;6;1;6;47,9421210000;0,1835490000
202200039550;5;4;2022;13:10;1;13;1;1;1;4;43,3318836877;5,1652166247
202200039551;29;10;2022;23:45;3;56;1;1;1;1;47,7818540000; -3,5019890000
202200039552;30;10;2022;03:00;5;33;2;3;1;6;45,5139860000; -1,1229120000
202200039553;31;10;2022;17:30;5;42;2;1;1;6;45,9485910000;4,2094370000
202200039554;1;11;2022;07:45;1;42;1;1;1;6;45,6888470000;4,0366820000
202200039555;15;5;2022;04:50;3;75;2;1;1;7;48,8397240000;2,3693670000
202200039556;15;5;2022;05:20;5;75;2;1;1;6;48,8379990000;2,4641020000
202200039557;15;5;2022;18:40;1;75;2;4;1;6;48,8563410999;2,3709078133
202200039558;15;5;2022;18:25;1;75;2;1;1;3;48,8541460000;2,3952220000
202200039559;15;5;2022;11:57;1;75;2;5;1;6;48,8719810000;2,3400460000
202200039560;15;5;2022;12:29;1;75;2;5;1;2;48,8719973438;2,3400543630
202200039561;15;5;2022;10:50;1;75;2;2;1;6;48,8619910000;2,3501580000
202200039562;15;5;2022;18:48;1;94;2;4;1;3;48,8459800000;2,4243100000
202200039563;15;5;2022;19:50;2;94;2;1;1;3;48,7997400000;2,3392500000
202200039564;15;5;2022;09:30;1;93;2;1;1;6;48,9413277642;2,5838497281
202200039565;14;5;2022;23:25;3;93;2;2;1;3;48,9153240000;2,3527540000
202200039566;15;5;2022;17:20;1;93;2;1;1;2;48,8645130000;2,5521360000
202200039567;15;5;2022;18:43;1;93;2;2;1;6;48,9278300000;2,4741700000
202200039568;15;5;2022;11:40;1;92;2;2;1;3;48,8217985925;2,2502837777
202200039569;15;5;2022;18:20;1;2A;1;1;1;1;42,1368840000;8,6122730000
202200039570;15;5;2022;17:20;1;38;1;1;1;1;45,4824982115;4,8126764320
202200039571;15;5;2022;17:45;1;73;1;1;1;7;45,7986687920;5,8622403133
202200039572;15;5;2022;14:30;1;16;1;1;1;3;45,5942520000; -0,2130320000
202200039573;15;5;2022;02:00;3;972;1;1;1;1;14,5350060000; -61,0530100000
202200039574;15;5;2022;09:30;1;28;2;1;1;1;48,4252850000;1,3580560000
202200039575;15;5;2022;06:55;1;974;1;1;1;2; -21,2808670000;55,3866930000
202200039576;14;5;2022;18:15;1;68;2;3;7;3;47,8775990000;7,2201260000
202200039577;15;5;2022;20:30;1;71;1;1;1;3;46,7064920000;5,0023200000
202200039578;15;5;2022;18:00;1;83;2;6;1;3;43,4485299209;5,8608841896
202200039579;15;5;2022;16:30;1;51;1;1;1;6;49,0909910000;3,9411200000
202200039580;16;5;2022;11:00;1;59;1;1;1;1;50,8652825586;2,2147884965
202200039581;14;5;2022;20:30;1;59;2;2;1;1;50,9443650000;2,1976140000
202200039582;14;5;2022;00:40;3;74;1;1;1;1;46,0963070000;6,5959110000
202200039583;9;5;2022;19:00;1;79;1;1;1;2;46,2687570000; -0,6412140000
202200039584;16;5;2022;18:05;1;2B;2;1;1;2;42,7465390000;9,4632840000
202200039585;15;5;2022;19:00;1;65;2;1;1;6;43,1757170000; -0,1167710000
202200039586;15;5;2022;12:00;1;81;1;1;1;6;43,9895570000;2,2492250000
202200039587;14;5;2022;19:05;1;71;1;1;1;3;46,3438145298;4,4088917971
202200039588;2;5;2022;20:20;2;49;1;3;1;2;47,5620630000; -0,5045290000
202200039589;15;5;2022;15:50;1;25;1;3;1;7;46,9861010000;6,3521040000
202200039590;16;5;2022;18:35;1;44;1;1;1;7;47,4870490000; -2,2972150000
202200039591;15;5;2022;01:30;3;44;2;1;1;7;47,1215120000; -1,6351440000
202200039592;15;5;2022;16:40;1;31;1;1;1;7;43,1773200000;1,2184100000
202200039593;14;5;2022;16:30;1;38;1;6;1;3;45,4358490000;6,0024830000
202200039594;15;5;2022;20:31;2;03;1;1;1;6;46,3797780000;3,8747190000
202200039595;14;5;2022;12:40;1;03;1;1;1;6;46,5279700000;2,5877950000
202200039596;16;5;2022;09:30;1;54;1;1;1;3;48,6702190838;5,7911682129
202200039597;12;5;2022;08:00;1;54;2;2;1;6;48,4762640000;6,3132660000
202200039598;14;5;2022;12:30;1;73;1;3;1;3;45,6028830747;5,6894561648
202200039599;15;5;2022;18:30;1;43;2;1;1;7;45,1884800000;3,9099900000
202200039600;15;5;2022;19:30;1;36;1;1;1;1;46,4841700000;2,0685360000
202200039601;15;5;2022;18:20;1;53;1;1;1;6;48,3855280000; -0,0636010000
202200039602;15;5;2022;19:00;1;53;1;1;2;6;48,2140930000; -0,2271940000
202200039603;15;5;2022;11:25;1;21;1;1;1;1;46,9894090000;4,6816890000
202200039604;15;5;2022;13:00;1;24;1;1;1;7;44,9899950000;1,1023660000
202200039605;15;5;2022;11:45;1;23;1;1;1;7;46,2618520000;2,0311780000
202200039606;16;5;2022;00:30;3;87;1;1;2;6;46,0555430000;0,9267430000
202200039607;15;5;2022;14:00;1;88;1;1;1;3;48,0224800000;6,9057840000
202200039608;15;5;2022;13:20;1;88;1;9;1;3;48,0193240000;6,8901440000
202200039609;15;5;2022;02:10;5;978;2;6;1;6;18,0994780000; -63,0590670000
202200039610;15;5;2022;16:00;1;40;1;1;1;6;43,9298590000; -1,1010360000
202200039611;15;5;2022;03:00;3;67;1;1;1;2;48,6869230000;7,7288440000
202200039612;15;5;2022;18:55;1;57;1;1;1;7;49,1782250000;6,9150780000
202200039613;16;5;2022;02:45;3;51;1;1;1;7;49,0374460000;4,6270470000
202200039614;15;5;2022;20:45;3;78;1;1;3;4;48,5841640000;2,0202320000
202200039615;15;5;2022;19:30;3;987;2;1;1;1; -17,5912580000; -149,8308990000
202200039616;15;5;2022;20:51;5;971;2;1;1;6;16,3398920000; -61,4562320000
202200039617;13;5;2022;19:00;1;37;2;1;1;6;47,4177000000;0,9815970000
202200039618;15;5;2022;11:05;1;48;1;1;1;3;44,5018310000;3,9169690000
202200039619;14;5;2022;00:13;3;06;1;3;1;1;43,7706340000;6,8165070000
202200039620;13;5;2022;22:00;3;13;1;1;1;3;43,7861180000;4,8595030000
202200039621;12;5;2022;11:25;1;08;1;1;1;3;50,1320854121;4,8643581069
202200039622;11;5;2022;17:40;1;67;1;1;1;6;48,6994800000;7,8777980000
202200039623;15;5;2022;20:55;1;55;1;3;1;1;49,3010050000;5,4313230000
202200039624;15;5;2022;18:15;1;26;1;3;1;3;44,9388590000;5,0815870000
202200039625;12;5;2022;09:22;1;33;1;1;1;6;44,8901020000; -0,2792230000
202200039626;15;5;2022;17:00;1;33;2;1;1;6;44,7455230000; -0,5941820000
202200039627;16;5;2022;13:00;1;50;1;1;1;6;48,6262076000; -1,3477832000
202200039628;16;5;2022;10:35;1;27;2;4;1;6;49,2470150000;1,4136540000
202200039629;16;5;2022;08:00;1;80;1;1;1;3;49,7180420000;2,8450730000
202200039630;15;5;2022;20:35;2;13;1;1;1;2;43,3322200000;5,3862100000
202200039631;13;5;2022;20:30;1;13;1;1;1;6;43,3210670211;5,3752520988
202200039632;15;5;2022;11:20;1;69;1;1;1;7;45,6851864492;5,0022339821
202200039633;14;5;2022;07:11;1;69;1;1;1;5;45,7326971298;4,9000923331
202200039634;10;5;2022;08:25;1;69;1;1;1;4;45,7109100000;4,9501900000
202200039635;15;5;2022;19:30;1;33;1;1;3;5;44,8373900000; -0,5007100000
202200039636;14;5;2022;01:20;3;78;1;1;1;6;48,7936900000;2,0406600000
202200039637;15;5;2022;18:50;1;95;1;1;1;3;49,0617400000;2,3603200000
202200039638;15;5;2022;16:05;1;95;1;1;1;2;48,9740998546;2,4904954433
202200039639;15;5;2022;13:00;1;93;1;1;1;3;48,9346200000;2,3988600000
202200039640;15;5;2022;14:20;1;93;1;1;1;2;48,9242100000;2,3882200000
202200039641;14;5;2022;15:40;1;93;1;1;1;3;48,8689637416;2,4289176683
202200039642;14;5;2022;16:35;1;92;1;1;1;4;48,9379818551;2,2973346169
202200039643;14;5;2022;17:12;1;93;1;1;1;2;48,9274687309;2,4193219692
202200039644;14;5;2022;16:20;1;93;1;1;1;2;48,9478800000;2,4442900000
202200039645;15;5;2022;21:00;3;94;1;1;2;2;48,7701146919;2,3822327243
202200039646;14;5;2022;20:30;3;94;1;9;1;3;48,7748852037;2,4115766055
202200039647;14;5;2022;18:15;1;94;1;1;1;2;48,7761106967;2,4250518150
202200039648;14;5;2022;15:50;1;94;1;1;1;4;48,8284416936;2,5027316394
202200039649;10;5;2022;09:05;1;77;1;1;1;2;48,8299638999;2,6185584039
202200039650;13;4;2022;09:45;1;92;2;9;2;6;48,8932982053;2,2523112595
202200039651;12;4;2022;22:10;3;79;1;1;1;3;46,5062520000; -0,3357300000
202200039652;13;4;2022;17:20;1;69;2;3;1;3;45,7638979534;4,7785592079
202200039653;12;4;2022;19:15;1;04;2;2;1;3;44,0718790000;5,9935270000
202200039654;9;4;2022;05:45;3;56;1;1;1;6;47,8606570000; -2,4555460000
202200039655;9;4;2022;08:45;1;49;2;3;1;6;47,7222210000; -0,6151490000
202200039656;11;4;2022;09:15;1;64;2;1;1;6;43,2295080000; -0,8744270000
202200039657;11;4;2022;15:00;1;06;2;1;1;6;43,7438310000;7,4005560000
202200039658;10;4;2022;16:45;1;14;1;1;8;6;49,2294250000; -0,0764000000
202200039659;14;2;2022;15:30;1;50;2;1;2;6;48,5786780000; -1,0988000000
202200039660;26;4;2022;16:30;1;29;1;4;1;1;48,0110037860; -4,3133068084
202200039661;27;4;2022;19:45;5;973;2;1;1;2;5,4751290000; -54,0349730000
202200039662;26;4;2022;22:45;3;973;1;1;1;2;4,9811450000; -52,4688290000
202200039663;27;4;2022;08:50;1;13;1;1;1;3;43,7968530000;4,8424000000
202200039664;27;4;2022;15:45;1;69;1;3;1;1;45,9167060000;4,6138720000
202200039665;28;4;2022;00:30;3;72;1;1;1;6;47,8053030000; -0,3106920000
202200039666;25;1;2022;14:00;1;59;2;1;5;6;50,7313667712;3,0909132957
202200039667;14;5;2022;10:59;1;972;2;1;2;3;14,6203500000; -61,0779900000
202200039668;14;5;2022;06:00;1;971;1;1;1;7;16,2931300000; -61,4875900000
202200039669;13;5;2022;18:50;5;971;1;1;8;3;16,2086900000; -61,4700300000
202200039670;13;5;2022;23:45;5;91;2;1;1;1;48,7226800000;2,3026100000
202200039671;14;5;2022;20:45;1;91;2;2;1;3;48,6617700000;2,3628400000
202200039672;14;5;2022;10:45;1;83;2;3;1;6;43,1183700000;5,9459600000
202200039673;13;5;2022;12:40;1;83;2;1;1;6;43,1293800000;5,7832000000
202200039674;15;5;2022;02:10;5;81;2;9;1;7;43,6081300000;2,2555300000
202200039675;13;5;2022;12:20;1;78;2;1;1;2;48,8896010000;2,1573080000
202200039676;14;5;2022;14:15;1;77;2;3;7;3;48,6047500000;2,5492500000
202200039677;13;5;2022;17:30;1;74;2;1;1;1;46,1893000000;6,2469700000
202200039678;14;5;2022;02:45;5;69;2;2;1;1;45,7685900000;4,8844200000
202200039679;14;5;2022;15:50;1;64;2;1;1;3;43,3125115756; -0,3417134285
202200039680;14;5;2022;10:29;1;64;2;6;1;6;43,2865100000; -0,3894300000
202200039681;14;5;2022;01:55;5;59;2;5;1;6;50,6276276220;3,0576002598
202200039682;14;5;2022;16:30;1;57;2;1;1;2;49,1473600000;6,1716100000
202200039683;14;5;2022;17:35;1;54;1;1;1;4;49,5414000000;5,8077000000
202200039684;9;5;2022;09:08;1;46;1;1;1;1;44,4820000000;1,4120000000
202200039685;14;5;2022;18:25;1;42;1;6;1;3;45,4084691340;4,2493232042
202200039686;14;5;2022;02:03;3;38;1;1;1;2;45,1649400000;5,7017100000
202200039687;14;5;2022;15:20;1;37;2;1;1;4;47,3987600000;0,6756500000
202200039688;13;5;2022;17:22;1;37;1;1;1;7;47,3242178367;0,6288278103
202200039689;14;5;2022;20:30;1;35;2;6;1;7;48,1023353655; -1,6102289781
202200039690;14;5;2022;06:30;2;35;2;1;1;6;48,0988351166; -1,6938116401
202200039691;10;5;2022;16:48;1;35;2;3;8;6;48,3534420907; -1,1964325234
202200039692;14;5;2022;17:05;1;33;2;3;1;6;44,8269100000; -0,5763500000
202200039693;14;5;2022;12:40;1;33;2;1;1;3;44,8087600000; -0,5829800000
202200039694;15;2;2022;05:30;3;33;2;7;1;6;44,8321900000; -0,5670500000
202200039695;13;5;2022;13:45;1;31;2;1;1;6;43,5984700000;1,4847700000
202200039696;14;5;2022;01:50;5;30;2;3;1;1;44,1335700000;4,0761400000
202200039697;14;5;2022;23:40;5;29;2;1;1;2;47,9953571000; -4,0985260000
202200039698;14;5;2022;02:09;5;17;2;1;1;7;45,6301290000; -1,0549260000
202200039699;14;5;2022;02:55;5;17;2;1;1;3;46,1432740000; -1,1630040000
202200039700;14;5;2022;19:10;1;15;2;1;1;2;44,9202700000;2,4392400000
202200039701;14;5;2022;19:52;1;13;2;1;1;7;43,3629600000;5,3087200000
202200039702;14;5;2022;17:40;1;13;2;1;1;7;43,2300300000;5,4008600000
202200039703;14;5;2022;14:55;1;13;2;6;1;5;43,3491000000;5,3752700000
202200039704;14;5;2022;06:30;1;13;2;1;1;3;43,2991612567;5,4537369775
202200039705;14;5;2022;01:30;5;13;2;1;1;3;43,3371486638;5,4599806575
202200039706;13;5;2022;15:00;1;13;2;1;1;5;43,3252138630;5,4817417140
202200039707;13;5;2022;13:40;1;12;1;4;1;3;44,5134600000;2,2445000000
202200039708;14;5;2022;12:52;1;08;2;1;1;2;49,7400833973;4,7530728578
202200039709;14;5;2022;00:18;3;08;1;1;1;6;49,8015789111;4,7072461698
202200039710;13;5;2022;09:15;1;07;1;1;1;7;44,6423700000;4,3695200000
202200039711;15;5;2022;23:20;5;06;2;2;1;6;43,5699900000;7,1086500000
202200039712;10;5;2022;13:48;1;05;2;1;1;7;44,5681000000;6,0780800000
202200039713;13;5;2022;12:45;1;75;2;1;1;4;48,9006720000;2,3674330000
202200039714;12;5;2022;07:20;2;75;2;1;1;2;48,9006060000;2,3739330000
202200039715;14;5;2022;12:30;1;75;2;4;1;3;48,8632867034;2,3850041628
202200039716;14;5;2022;03:40;5;75;2;2;1;7;48,8376853152;2,3455193639
202200039717;14;5;2022;18:20;1;75;2;7;1;3;48,8780305626;2,3706717789
202200039718;14;5;2022;06:47;1;75;2;1;1;3;48,8891066222;2,3942497373
202200039719;13;5;2022;19:30;1;75;2;1;1;3;48,8510618439;2,2792688012
202200039720;13;5;2022;13:30;1;75;2;1;1;3;48,8589240000;2,2291480000
202200039721;12;5;2022;09:50;1;75;2;2;1;3;48,8749270000;2,2711040000
202200039722;10;5;2022;11:00;1;75;2;2;1;6;48,8637720000;2,2906440000
202200039723;14;5;2022;18:30;1;75;2;2;1;6;48,8454750000;2,2824390000
202200039724;14;5;2022;11:15;1;75;2;2;1;2;48,8592161014;2,3050790280
202200039725;14;5;2022;11:15;1;75;2;3;1;3;48,8364800000;2,4040890000
202200039726;14;5;2022;03:45;5;75;2;4;1;2;48,8508253408;2,3756083846
202200039727;14;5;2022;01:40;5;94;2;3;1;2;48,7701750585;2,4088597298
202200039728;14;5;2022;09:50;1;94;2;1;1;2;48,8356500000;2,4738900000
202200039729;14;5;2022;10:30;1;94;2;1;1;7;48,8100600000;2,4393400000
202200039730;13;5;2022;19:10;1;94;2;1;1;2;48,8097300000;2,4549900000
202200039731;14;5;2022;18:25;1;94;2;1;1;7;48,8144400000;2,3788000000
202200039732;14;5;2022;14:00;1;94;2;1;1;2;48,7598930655;2,3956031789
202200039733;14;5;2022;17:50;1;94;2;6;1;6;48,7847900000;2,4366800000
202200039734;14;5;2022;05:30;2;94;2;1;1;6;48,8007853870;2,4221720694
202200039735;14;5;2022;09:50;1;93;2;1;1;2;48,9284464847;2,3966382444
202200039736;14;5;2022;09:40;1;93;2;2;1;6;48,9348040000;2,4260010000
202200039737;14;5;2022;07:00;1;93;2;9;1;3;48,9145882727;2,4836732447
202200039738;14;5;2022;18:50;1;93;2;2;1;3;48,9036150000;2,3918550000
202200039739;14;5;2022;20:00;1;93;2;1;1;3;48,9152545700;2,3731876910
202200039740;14;5;2022;19:10;1;92;2;1;1;2;48,8795000000;2,2774300000
202200039741;14;5;2022;03:30;5;92;2;2;1;3;48,9007872768;2,1962153390
202200039742;14;5;2022;14:50;1;92;2;1;1;6;48,8116600000;2,2450500000
202200039743;14;5;2022;09:50;1;92;2;1;1;6;48,9136720000;2,2301940000
202200039744;13;5;2022;22:25;5;92;2;1;1;6;48,7920444796;2,2679040134
202200039745;14;5;2022;18:03;1;92;2;9;1;7;48,7694589646;2,2689152062
202200039746;15;5;2022;10:30;1;84;1;1;1;2;43,9932040000;4,9145470000
202200039747;13;5;2022;20:05;1;45;1;2;1;3;47,9785920000;2,6610460000
202200039748;14;5;2022;22:25;3;68;1;1;1;6;48,1092790000;7,1739650000
202200039749;15;5;2022;15:10;1;972;2;2;1;3;14,6427770000; -61,1368880000
202200039750;14;5;2022;17:00;1;62;1;3;1;1;50,6280810000;2,8511990000
202200039751;14;5;2022;04:30;3;17;1;6;1;7;46,2323480000; -1,1234590000
202200039752;15;5;2022;05:50;2;30;1;1;1;6;44,0239970000;4,4377360000
202200039753;15;9;2022;11:30;1;88;2;1;2;3;48,3478790000;6,6337550000
202200039754;28;9;2022;16:45;1;81;1;1;3;6;43,6911176000;2,1450300000
202200039755;25;9;2022;04:00;3;33;1;1;1;1;44,9071057470; -0,8109685779
202200039756;29;9;2022;16:25;1;14;2;3;1;6;49,2796630000; -0,7080210000
202200039757;28;9;2022;21:20;3;60;2;1;1;1;49,3656605605;2,4196926355
202200039758;28;9;2022;14:50;1;62;1;2;1;3;50,3272530000;2,7230350000
202200039759;28;9;2022;09:40;1;59;2;1;1;7;50,2263153605;3,2871343195
202200039760;27;9;2022;15:00;1;33;1;1;1;3;44,8885070000; -0,5048420000
202200039761;27;9;2022;14:07;1;33;1;1;1;4;44,8759200000; -0,5082100000
202200039762;26;9;2022;21:30;4;33;1;1;2;6;44,8892310000; -0,5998740000
202200039763;28;9;2022;08:50;1;91;1;1;8;7;48,6921400000;2,2266500000
202200039764;28;9;2022;07:40;2;91;1;1;1;3;48,6247600000;2,3326100000
202200039765;28;9;2022;05:35;3;77;1;1;2;2;48,6281950000;2,5373720000
202200039766;28;9;2022;01:50;3;91;1;1;2;6;48,6611200000;2,3703500000
202200039767;27;9;2022;18:45;1;92;1;1;1;2;48,7903363526;2,2207415556
202200039768;27;9;2022;17:10;1;78;1;1;8;2;48,9699900000;1,8693200000
202200039769;27;9;2022;14:03;1;78;1;1;2;6;48,7957100000;2,0393500000
202200039770;27;9;2022;09:40;1;92;1;1;2;4;48,8329114762;2,1582348586
202200039771;27;9;2022;08:25;1;92;1;1;2;2;48,9340855474;2,2778850497
202200039772;28;9;2022;17:40;1;93;1;1;1;6;48,9039718811;2,3585176909
202200039773;28;9;2022;14:00;1;93;1;1;1;3;48,9415262922;2,4786365031
202200039774;28;9;2022;14:00;1;93;1;1;1;2;48,9354255871;2,4803820955
202200039775;27;9;2022;23:15;3;95;1;1;2;6;48,9622906833;2,2636610270
202200039776;25;9;2022;01:40;3;93;1;1;1;3;48,8841622784;2,4609970881
202200039777;27;9;2022;09:00;1;95;1;1;1;6;48,9625090491;2,2642081976
202200039778;27;9;2022;00:45;3;92;1;1;8;5;48,9481574869;2,2811960682
202200039779;27;9;2022;22:00;5;94;1;1;3;4;48,8172046066;2,4285178250
202200039780;27;9;2022;22:15;3;77;1;1;2;7;48,8305400000;2,6243000000
202200039781;15;6;2022;14:25;1;62;2;1;1;3;50,4041550000;1,5957080000
202200039782;29;4;2022;15:30;1;62;2;1;1;1;50,6987000000;1,6061000000
202200039783;28;6;2022;13:30;1;14;1;1;1;6;49,2977300000;0,0810300000
202200039784;23;6;2022;09:03;1;14;2;3;2;3;49,2721700000; -0,8629300000
202200039785;19;5;2022;01:35;5;14;2;2;1;6;49,2854310000; -0,1172210000
202200039786;14;5;2022;20:10;1;14;1;1;1;3;49,4126000000;0,2713300000
202200039787;3;5;2022;19:07;1;14;2;1;1;6;49,3343600000;0,0187500000
202200039788;14;4;2022;09:40;1;14;1;1;1;4;49,4073500000;0,2519900000
202200039789;15;1;2022;15:00;1;06;2;1;1;6;43,6569100000;6,9256800000
202200039790;21;5;2022;22:15;5;69;2;1;1;7;45,7706300000;4,8733600000
202200039791;15;1;2022;12:15;1;06;2;1;1;2;43,6439560000;6,9137241000
202200039792;26;5;2022;17:45;1;07;1;4;1;7;44,8032760000;4,1861340000
202200039793;14;1;2022;11:00;1;04;2;1;1;2;43,8352800000;5,8008000000
202200039794;22;5;2022;15:30;1;69;1;3;1;1;45,7895225899;4,9379725759
202200039795;27;9;2022;12:50;1;75;2;1;2;2;48,9008020000;2,3698070000
202200039796;11;1;2022;09:56;1;03;2;2;7;5;46,5408450000;3,3369430000
202200039797;26;9;2022;07:45;1;75;2;1;1;3;48,8506050000;2,2520060000
202200039798;15;1;2022;15:00;1;75;2;1;1;4;48,8619340000;2,2646000000
202200039799;27;9;2022;07:57;1;75;2;2;2;3;48,8571434699;2,3043152690
202200039800;15;1;2022;01:15;5;75;2;1;1;2;48,9003680000;2,3751870000
202200039801;27;9;2022;12:05;1;75;2;3;2;6;48,8503346818;2,3475363851
202200039802;15;1;2022;10:38;1;75;2;1;1;3;48,8984730000;2,3765470000
202200039803;27;9;2022;07:55;2;75;2;1;2;3;48,8769660000;2,2680360000
202200039804;14;1;2022;16:50;2;75;2;3;1;6;48,8844230000;2,3305450000
202200039805;26;9;2022;16:00;1;75;2;2;3;3;48,8453480000;2,2575530000
202200039806;15;1;2022;15:15;1;75;2;2;1;3;48,8471580000;2,4062510000
202200039807;27;9;2022;16:45;1;75;2;1;2;6;48,8451654086;2,2942797840
202200039808;27;9;2022;05:50;5;75;2;3;2;3;48,8446680000;2,2905090000
202200039809;15;1;2022;13:28;1;75;2;2;1;3;48,8752630000;2,3322720000
202200039810;26;9;2022;11:44;1;75;2;3;2;6;48,8353850000;2,3027840000
202200039811;15;1;2022;13:32;1;94;2;3;1;3;48,7876100000;2,4358800000
202200039812;27;9;2022;10:10;1;75;2;2;1;3;48,8278280000;2,3303380000
202200039813;15;1;2022;14:50;1;93;2;1;7;6;48,8689300000;2,4861800000
202200039814;27;9;2022;18:25;1;75;2;3;2;3;48,8339283711;2,3598691821
202200039815;27;9;2022;16:30;1;75;2;3;2;3;48,8347411048;2,3878969252
202200039816;15;1;2022;19:56;5;93;2;2;1;2;48,8925900000;2,4100300000
202200039817;16;1;2022;05:00;3;86;2;1;5;6;46,2592490000;0,7893200000
202200039818;27;9;2022;09:29;1;75;2;7;2;1;48,8685105643;2,3630288243