Accident_Id;jour;mois;an;hrmn;lum;dep;agg;int;atm;col;lat;long
202200039819;11;1;2022;12:15;1;26;1;1;1;2;45,0737100000;5,1492510000
202200039820;27;9;2022;17:20;1;75;2;1;2;3;48,8785030000;2,3249390000
202200039821;15;1;2022;19:50;5;972;2;1;1;1;14,5753520000; -60,9745310000
202200039822;27;9;2022;12:25;1;75;2;7;8;3;48,8666744528;2,3220151663
202200039823;27;9;2022;19:20;5;75;2;3;2;6;48,8628749821;2,3151996732
202200039824;16;1;2022;16:50;1;83;2;1;1;1;43,1666210000;6,5197150000
202200039825;26;9;2022;13:00;1;94;2;1;3;3;48,7989760000;2,5175130000
202200039826;14;1;2022;19:30;3;42;1;1;1;6;46,0882670000;3,9803450000
202200039827;27;9;2022;13:50;1;94;2;1;2;2;48,8342000000;2,5193000000
202200039828;16;1;2022;09:10;2;30;1;1;1;6;44,0211200000;4,4375400000
202200039829;27;9;2022;13:05;1;94;2;1;3;3;48,8138100000;2,4213200000
202200039830;26;9;2022;21:45;5;94;2;6;2;2;48,8059471907;2,5332471728
202200039831;16;1;2022;09:05;1;47;1;1;5;1;44,3419210000;0,1069240000
202200039832;27;9;2022;18:15;1;94;2;1;2;1;48,7600600000;2,5081300000
202200039833;15;1;2022;22:54;3;82;1;1;1;6;43,9535760000;1,2919130000
202200039834;26;9;2022;18:15;1;94;2;6;1;1;48,7566500000;2,5072800000
202200039835;15;1;2022;20:00;3;89;1;1;5;1;48,3287300000;3,0759830000
202200039836;25;9;2022;18:20;5;93;2;9;9;3;48,9918000000;2,5223700000
202200039837;15;1;2022;20:45;3;76;1;1;1;7;49,9575710000;1,2141180000
202200039838;27;9;2022;08:50;1;93;2;9;2;3;48,9165552955;2,3256578205
202200039839;26;9;2022;09:05;1;93;2;3;8;6;48,8572063202;2,5055432698
202200039840;15;1;2022;13:30;1;12;2;1;1;6;44,2918980000;2,5625990000
202200039841;27;9;2022;14:00;1;93;1;1;2;6;48,9219500000;2,5599500000
202200039842;26;9;2022;20:15;5;93;2;1;2;6;48,9559768965;2,3112211982
202200039843;16;1;2022;01:20;5;68;2;1;1;6;47,5569550000;7,5181320000
202200039844;27;9;2022;17:15;1;93;2;6;2;3;48,9325135276;2,4122393131
202200039845;15;1;2022;05:10;3;22;1;1;1;7;48,6676150000; -3,6153820000
202200039846;14;1;2022;16:30;1;25;2;4;1;6;47,3825460000;6,7704210000
202200039847;26;9;2022;12:45;1;93;2;3;2;3;48,9046603483;2,5854349136
202200039848;15;1;2022;23:00;3;25;1;1;5;1;47,1501220000;5,9372090000
202200039849;15;1;2022;12:35;1;44;1;1;1;7;47,7504160000; -1,3998500000
202200039850;27;9;2022;07:00;3;93;2;9;2;1;48,9462400000;2,4360800000
202200039851;16;1;2022;05:30;5;34;2;1;9;6;43,5483580000;3,9746660000
202200039852;15;1;2022;15:20;1;29;1;1;1;6;48,4697984481; -4,0202727913
202200039853;26;9;2022;08:15;1;92;2;9;1;2;48,8808945579;2,2569538951
202200039854;15;1;2022;20:30;5;29;2;6;1;6;47,8654830000; -4,2264650000
202200039855;27;9;2022;09:15;1;92;2;1;2;3;48,8923655938;2,2590631842
202200039856;15;1;2022;19:45;3;38;1;6;1;1;45,1427540000;5,3056430000
202200039857;15;1;2022;19:00;3;03;1;1;1;6;46,2171690000;3,1623240000
202200039858;27;9;2022;22:10;5;92;2;1;2;6;48,8280121873;2,2254073620
202200039859;15;1;2022;02:30;3;15;1;1;1;7;45,0623060000;3,0845190000
202200039860;17;9;2022;03:00;3;83;1;1;1;2;43,1608540000;6,0489450000
202200039861;16;1;2022;15:30;1;14;1;1;2;6;49,1576570000;0,2727700000
202200039862;15;1;2022;17:20;3;36;1;1;5;3;46,8694386890;2,0824027061
202200039863;23;9;2022;14:50;1;68;1;1;1;1;48,1517570000;7,2385100000
202200039864;15;1;2022;04:00;3;53;1;1;5;6;48,2118050000; -0,3901970000
202200039865;15;1;2022;18:30;5;21;2;1;1;3;47,7282333908;4,4604549407
202200039866;27;9;2022;12:20;1;972;1;1;2;1;14,4391790000; -60,8668060000
202200039867;14;1;2022;21:30;3;21;1;1;5;6;47,1374010000;5,2670940000
202200039868;15;1;2022;11:50;1;40;2;3;7;6;43,7024630000; -0,2622180000
202200039869;28;9;2022;14:20;1;88;1;1;2;1;48,1548500000;6,7795030000
202200039870;16;1;2022;15:00;1;04;1;1;1;6;43,7915430000;5,8473440000
202200039871;27;9;2022;11:50;1;14;1;1;1;6;48,9528600000; -0,7969160000
202200039872;14;1;2022;10:30;1;85;1;1;1;2;46,8268640000; -1,7938867000
202200039873;24;9;2022;13:00;1;30;2;1;2;7;43,8271150000;4,5594000000
202200039874;15;1;2022;22:45;3;85;1;4;5;6;46,9523390000; -1,3297640000
202200039875;28;9;2022;12:30;1;51;1;1;1;7;48,7921920000;4,3670230000
202200039876;15;1;2022;18:40;3;85;1;1;5;5;46,6606300000; -0,9978510000
202200039877;25;9;2022;03:30;3;95;1;1;1;3;49,0016867248;2,4860483408
202200039878;28;9;2022;08:15;1;56;1;1;2;6;47,5602090000; -2,5024007000
202200039879;14;1;2022;16:00;1;27;1;6;1;7;49,0957330000;0,5746790000
202200039880;15;1;2022;18:25;3;30;1;3;1;3;43,9620925820;4,2744091451
202200039881;28;9;2022;08:27;1;80;2;1;1;2;49,8735600000;2,7096430000
202200039882;15;1;2022;19:00;3;52;1;1;5;6;47,9607160000;5,5954100000
202200039883;28;9;2022;13:55;1;39;2;1;3;6;46,3861770000;5,8648450000
202200039884;16;1;2022;05:34;5;08;2;1;5;7;49,6069770000;5,0851460000
202200039885;14;1;2022;12:35;1;08;1;2;1;2;49,4982253696;4,0406002924
202200039886;16;1;2022;13:20;1;973;2;1;1;3;4,9077030000; -52,2728040000
202200039887;15;1;2022;04:50;3;62;1;1;5;2;50,2450640000;2,8556300000
202200039888;27;9;2022;08:10;1;29;2;6;1;3;47,8571290000; -3,8508370000
202200039889;14;1;2022;14:10;1;973;1;1;1;5;4,9285000000; -52,3941850000
202200039890;16;1;2022;02:00;4;77;2;1;1;7;48,8976450000;2,8883180000
202200039891;13;9;2022;11:50;1;29;2;3;1;6;48,5339562180; -4,3666680000
202200039892;16;1;2022;13:00;1;2B;1;1;1;1;42,6806290000;9,3827100000
202200039893;27;9;2022;17:00;1;38;2;2;8;3;45,5025160000;5,1286570000
202200039894;27;9;2022;21:20;3;02;1;1;2;7;50,0135850000;3,7711200000
202200039895;15;1;2022;16:10;1;2A;1;6;1;6;41,5832363578;9,2656722665
202200039896;15;1;2022;19:35;3;34;1;1;1;6;43,6946420000;4,1364100000
202200039897;16;1;2022;02:45;3;83;1;1;1;6;43,2443100000;6,5746260000
202200039898;28;9;2022;08:05;1;72;1;1;2;3;47,8726690000;0,0173270000
202200039899;15;1;2022;18:50;3;38;1;1;1;1;45,0871850000;5,7791910000
202200039900;14;1;2022;11:00;1;69;2;1;1;6;45,6280700000;4,9344180000
202200039901;11;8;2022;12:35;1;14;2;2;1;3;48,8538900124; -0,6649424136
202200039902;14;1;2022;19:20;3;33;1;1;1;6;44,9586110000; -0,2430670000
202200039903;15;1;2022;03:45;3;35;1;1;1;6;48,3395990000; -1,6368720000
202200039904;27;9;2022;22:20;3;50;1;4;3;6;49,5430960000; -1,7555430000
202200039905;15;1;2022;22:00;3;60;1;1;5;6;49,6104680000;2,0622910000
202200039906;15;1;2022;13:30;1;02;2;9;1;6;49,9308850000;4,0312820000
202200039907;27;9;2022;20:30;3;90;1;1;3;1;47,6463395663;6,9727349280
202200039908;15;1;2022;15:40;1;02;1;1;7;3;49,0372100000;3,2545870000
202200039909;28;9;2022;14:00;1;64;1;9;2;3;43,1968820000; -0,1295190000
202200039910;15;1;2022;05:55;3;69;1;1;5;3;45,7769700000;4,9778200000
202200039911;14;1;2022;12:15;1;42;1;1;1;5;45,3757100000;4,2711300000
202200039912;28;9;2022;14:45;1;30;1;1;1;3;44,2533800000;4,1829480000
202200039913;15;1;2022;21:38;3;91;1;1;1;7;48,6691200000;2,3513200000
202200039914;28;9;2022;06:00;3;19;1;1;2;6;45,5171340000;2,2492580000
202200039915;28;9;2022;07:37;2;45;1;1;2;7;47,8396480000;2,6853200000
202200039916;15;1;2022;19:35;5;94;1;1;1;2;48,7600000000;2,3212000000
202200039917;26;9;2022;10:30;1;67;1;1;8;2;48,7378940000;7,9025170000
202200039918;15;1;2022;17:10;2;94;1;1;1;4;48,7599957298;2,3212385676
202200039919;16;9;2022;16:20;1;33;1;1;1;4;45,0077020000; -1,1159060000
202200039920;28;9;2022;08:45;1;77;2;5;1;3;48,6331990000;2,8048290000
202200039921;15;1;2022;14:10;1;92;1;1;7;4;48,9355410302;2,2851397250
202200039922;27;9;2022;20:30;3;66;1;1;1;6;42,6180530000;2,9228590000
202200039923;15;1;2022;02:05;3;92;1;1;1;6;48,9341712069;2,2714914867
202200039924;14;1;2022;21:45;3;78;1;1;1;1;48,9644800000;1,7984500000
202200039925;28;9;2022;15:30;1;42;2;1;2;1;45,5419350000;4,1916920000
202200039926;14;1;2022;19:20;5;93;1;1;1;3;48,9186281902;2,3576092314
202200039927;14;1;2022;09:05;1;95;1;9;5;7;49,0468200000;2,4379570000
202200039928;28;9;2022;06:45;5;26;2;1;1;3;44,5232550000;4,7452140000
202200039929;15;1;2022;07:30;3;94;1;1;1;3;48,8037965270;2,4483104174
202200039930;14;1;2022;19:30;3;94;1;1;1;4;48,8275727947;2,4704969547
202200039931;23;9;2022;11:25;1;65;1;1;1;7;43,1179010000;0,2309270000
202200039932;14;1;2022;12:18;1;77;1;1;1;2;48,7442900000;2,6128500000
202200039933;27;9;2022;11:55;1;31;2;1;2;6;43,4549870000;1,6184930000
202200039934;14;1;2022;12:18;1;77;1;1;1;2;48,7442900000;2,6128500000
202200039935;14;1;2022;08:35;2;69;2;4;5;6;45,6972500000;4,9275900000
202200039936;13;1;2022;14:30;1;67;2;1;1;6;48,5377971685;7,7100259066
202200039937;13;1;2022;17:00;1;33;2;1;1;6;44,8453200000; -0,6471500000
202200039938;27;9;2022;09:50;1;17;1;2;1;3;45,3847640000; -0,3962960000
202200039939;14;1;2022;22:55;5;26;2;1;1;2;44,9538600000;4,9324700000
202200039940;6;1;2022;17:10;1;03;2;3;1;6;46,1198460000;3,4257620000
202200039941;14;1;2022;08:30;1;92;2;9;1;3;48,8071254325;2,2853756547
202200039942;27;9;2022;11:50;1;33;1;1;8;1;45,1161440000; -0,7452310000
202200039943;14;1;2022;19:30;5;976;2;1;1;6; -12,8075900000;45,2048700000
202200039944;14;1;2022;13:30;1;976;2;1;1;6; -12,7804100000;45,2295800000
202200039945;26;9;2022;17:00;1;44;2;6;2;3;47,2647500000; -1,4438440000
202200039946;27;9;2022;12:50;1;29;1;1;3;6;48,5594509630; -4,2918296700
202200039947;13;1;2022;19:10;2;974;2;3;1;7; -20,9371000000;55,2999500000
202200039948;28;9;2022;08:30;1;60;2;1;1;6;49,1379540000;2,8090940000
202200039949;14;1;2022;19:45;5;69;2;2;1;3;45,7491151669;4,8534411192
202200039950;25;9;2022;15:55;1;60;1;1;1;7;49,2229830000;2,4678890000
202200039951;14;1;2022;17:30;5;69;2;4;1;3;45,7454900000;4,8887100000
202200039952;14;1;2022;14:13;1;69;2;1;1;6;45,6923665936;4,8714494705
202200039953;14;1;2022;12:50;1;69;2;2;1;6;45,7602600000;4,8476800000
202200039954;27;9;2022;20:07;3;60;1;1;2;4;49,2186550000;2,1200930000
202200039955;14;1;2022;12:20;1;69;2;1;7;6;45,7619700000;4,7957000000
202200039956;27;9;2022;17:40;1;13;2;1;1;5;43,3556180000;5,3472130000
202200039957;14;1;2022;04:30;5;69;2;1;1;1;45,7500771865;4,8013472557
202200039958;27;9;2022;09:30;1;13;2;1;1;6;43,3039179106;5,4255795479
202200039959;27;9;2022;08:30;1;13;1;1;1;2;43,4629279436;5,2348127378
202200039960;14;1;2022;13:45;1;2B;1;1;1;5;42,6154000000;9,4373000000
202200039961;27;9;2022;05:50;3;13;1;1;1;6;43,3356087108;5,3772398829
202200039962;14;1;2022;08:10;1;2B;2;3;1;6;42,7021500000;9,4506800000
202200039963;26;9;2022;12:30;5;13;1;1;1;2;43,3126700000;5,3683150000
202200039964;14;1;2022;10:30;1;95;2;1;1;1;48,9857501591;2,3125416040
202200039965;14;1;2022;19:00;5;91;2;1;1;6;48,7298690000;2,2399470000
202200039966;26;9;2022;09:00;1;13;1;1;1;2;43,2850022343;5,5240952968
202200039967;14;1;2022;15:25;1;91;2;9;1;7;48,6991100000;2,4169700000
202200039968;26;9;2022;07:25;1;13;1;1;1;2;43,3815420561;5,3148579596
202200039969;13;1;2022;12:45;1;91;2;1;1;1;48,6800000000;2,5500000000
202200039970;26;9;2022;07:15;1;13;1;1;1;3;43,3420504664;5,3764294041
202200039971;13;1;2022;18:00;5;88;2;3;1;1;48,1729700000;6,4340000000
202200039972;12;1;2022;23:15;5;86;2;1;1;6;46,5871790000;0,3648070000
202200039973;27;9;2022;08:20;1;83;1;9;1;4;43,1454700000;6,0302900000
202200039974;13;1;2022;18:10;5;86;2;1;1;3;46,5536420000;0,3058950000
202200039975;26;9;2022;14:00;1;83;1;1;1;6;43,2023415002;5,7284410384
202200039976;13;1;2022;11:10;1;85;2;2;1;6;46,6638762000; -1,4269764000
202200039977;25;9;2022;04:00;3;42;1;1;2;6;45,4409429687;4,4320285320
202200039978;14;1;2022;16:15;1;83;2;3;1;3;43,1378360000;5,8493410000
202200039979;23;9;2022;15:50;1;59;1;1;1;4;50,6194600000;2,9753800000
202200039980;13;1;2022;10:25;1;83;1;1;1;2;43,1219077202;5,9480534345
202200039981;12;1;2022;16:00;1;80;2;1;2;6;49,9042100000;2,2883500000
202200039982;13;1;2022;23:15;5;80;2;1;5;6;50,1104300000;1,8096500000
202200039983;14;1;2022;08:30;1;78;1;1;1;5;48,9396238000;2,0837663000
202200039984;27;9;2022;17:40;1;91;1;1;1;6;48,5628400000;2,4798600000
202200039985;27;9;2022;18:50;1;92;1;1;1;2;48,7629853869;2,3043052888
202200039986;14;1;2022;19:15;3;77;1;2;1;3;48,4808000000;2,6698000000
202200039987;27;9;2022;18:15;1;91;1;1;1;3;48,6108400000;2,4462000000
202200039988;14;1;2022;16:45;1;77;2;2;1;6;48,4038073010;2,6921074574
202200039989;27;9;2022;11:00;1;91;1;1;2;7;48,6356900000;2,4014100000
202200039990;14;1;2022;13:35;1;77;1;2;1;3;48,4808000000;2,6669600000
202200039991;27;9;2022;09:00;1;91;1;1;1;2;48,6471200000;2,1896300000
202200039992;14;1;2022;07:30;2;74;2;2;1;6;46,2029200000;6,2499400000
202200039993;26;9;2022;21:15;5;92;1;1;1;6;48,8923144086;2,1852156598
202200039994;14;1;2022;23:20;5;69;2;1;5;2;45,7694500000;4,9475800000
202200039995;26;9;2022;17:55;1;92;1;1;2;3;48,8746700000;2,1589600000
202200039996;14;1;2022;18:00;5;69;2;1;1;4;45,7610500000;4,9844600000
202200039997;26;9;2022;09:50;1;92;1;1;1;7;48,8923800445;2,1857697681
202200039998;14;1;2022;10:55;1;69;2;2;1;3;45,7484263956;4,9176746607
202200039999;27;9;2022;10:00;1;93;1;1;2;6;48,8713063584;2,4326321482
202200040000;14;1;2022;19:10;3;65;1;6;1;2;43,2230300000;0,0269200000
202200040001;26;9;2022;16:30;1;93;1;1;2;3;48,9239400000;2,3868400000
202200040002;14;1;2022;19:00;5;64;2;1;1;3;43,4816900000; -1,4850300000
202200040003;13;1;2022;19:08;5;64;2;1;1;2;43,5021485824; -1,4615979774
202200040004;26;9;2022;13:50;1;92;1;1;3;4;48,9435578314;2,2873807879
202200040005;13;1;2022;16:20;1;64;2;1;1;3;43,4934600000; -1,5284500000
202200040006;13;1;2022;18:47;5;63;2;2;1;3;45,7646500000;3,0839000000
202200040007;24;9;2022;12:30;1;93;1;1;8;4;48,9602419884;2,4733228737
202200040008;27;9;2022;10:10;1;77;1;1;8;7;48,8310760000;2,6061400000
202200040009;14;1;2022;18:10;5;59;1;1;1;3;50,6436664417;3,1414166093
202200040010;27;9;2022;09:15;1;77;1;1;2;7;48,7645000000;2,6150300000
202200040011;14;1;2022;16:45;1;59;2;2;1;3;50,6450543555;3,0223292112
202200040012;14;1;2022;00:30;5;59;2;1;1;6;50,6067024731;3,0770037173
202200040013;27;9;2022;07:15;2;94;1;1;2;4;48,7762272343;2,4298897133
202200040014;13;1;2022;09:02;2;59;2;1;5;6;50,6240509743;3,1614312530
202200040015;26;9;2022;04:00;3;93;1;1;1;2;48,8361335993;2,5573070227
202200040016;14;1;2022;08:35;2;56;2;2;1;6;47,7475200000; -3,3926700000
202200040017;13;1;2022;19:10;5;56;1;1;1;2;47,7810300000; -3,3427800000
202200040018;16;6;2022;20:15;1;83;2;1;1;3;43,1260590000;5,9223690000
202200040019;13;1;2022;10:18;1;54;2;1;1;3;48,6754553343;6,1762454510
202200040020;10;6;2022;14:15;1;83;2;1;1;1;43,1307500000;5,9077500000
202200040021;12;1;2022;16:00;1;54;2;1;1;6;48,6716800000;6,1608600000
202200040022;21;5;2022;18:50;1;69;2;3;1;3;45,7680500000;4,8873800000
202200040023;13;1;2022;15:15;1;51;2;2;1;6;49,2535200000;4,0262000000
202200040024;19;5;2022;05:00;5;64;2;1;1;7;43,4848341847; -1,5534979105
202200040025;13;1;2022;08:25;2;50;1;3;5;2;49,6138000000; -1,6558200000
202200040026;19;5;2022;18:20;1;64;2;1;1;2;43,4852817847; -1,5523794293
202200040027;13;1;2022;17:00;1;49;2;1;1;6;47,2578400000; -0,0826400000
202200040028;14;1;2022;07:35;5;44;2;1;1;6;47,2839330000; -2,2494200000
202200040029;10;6;2022;13:10;1;54;1;1;1;1;49,4875590000;5,8816620000
202200040030;12;1;2022;09:50;1;44;2;2;1;3;47,2408500000; -2,2783400000
202200040031;12;9;2022;08:50;1;976;2;1;1;3; -12,7905400000;45,2121600000
202200040032;13;1;2022;10:50;2;44;2;1;7;6;47,2928200000; -2,3575900000
202200040033;14;1;2022;18:00;5;37;2;1;1;6;47,4226500000;0,7068500000
202200040034;12;9;2022;06:20;1;976;2;1;1;2; -12,7905400000;45,2121600000
202200040035;14;1;2022;08:00;1;37;2;3;1;3;47,3818084892;0,6811510026
202200040036;8;1;2022;23:25;5;36;2;3;2;3;46,8189795406;1,7062684894
202200040037;25;9;2022;12:32;1;974;1;3;1;3; -20,8899100000;55,4529600000
202200040038;10;1;2022;18:12;2;36;2;1;1;6;46,8047900000;1,7129600000
202200040039;26;9;2022;14:45;1;974;1;1;1;6; -20,9605100000;55,6577000000
202200040040;14;1;2022;22:20;5;33;2;3;1;4;44,7933000000; -0,5674200000
202200040041;25;9;2022;11:45;1;974;1;3;1;1; -20,9532200000;55,6720200000
202200040042;14;1;2022;02:10;5;33;2;1;1;6;44,8350000000; -0,5510000000
202200040043;13;1;2022;01:10;5;33;1;1;1;2;44,8688000000; -0,5017300000
202200040044;26;9;2022;06:40;1;973;1;6;1;7;4,9076304398; -52,3224091530
202200040045;13;1;2022;20:09;5;29;1;1;1;1;48,0006300000; -4,0487200000
202200040046;14;1;2022;15:30;1;28;1;1;1;1;48,7680000000;1,3515800000
202200040047;25;9;2022;19:23;5;973;2;2;1;2;4,9416533682; -52,3311290145
202200040048;14;1;2022;20:40;5;27;2;1;1;3;49,0974800000;1,4751500000
202200040049;14;1;2022;14:15;1;27;2;1;1;4;49,0890600000;1,4672800000
202200040050;25;9;2022;01:30;5;973;2;1;1;1;4,9404400000; -52,3252000000
202200040051;14;1;2022;12:00;1;27;2;6;1;3;49,2153200000;1,1687300000
202200040052;14;1;2022;07:30;5;27;2;1;1;2;49,0220000000;1,1627600000
202200040053;14;1;2022;07:20;5;27;2;1;1;1;49,0220500000;1,1428900000
202200040054;25;9;2022;20:00;5;69;2;1;1;6;45,7656000000;4,8416000000
202200040055;24;9;2022;16:10;1;69;2;2;1;3;45,7412300000;4,8642700000
202200040056;14;1;2022;11:00;1;22;2;1;1;2;48,5355674608; -2,7559547424
202200040057;14;1;2022;22:45;5;17;2;1;1;3;46,1383600000; -1,1536200000
202200040058;14;1;2022;16:56;2;17;2;1;1;6;46,1275000000; -1,1286700000
202200040059;12;9;2022;17:30;1;69;2;5;1;3;45,7311400000;4,8660100000
202200040060;13;1;2022;17:30;2;14;2;6;1;6;49,4171600000;0,2391270000
202200040061;14;1;2022;04:30;5;14;2;1;1;6;49,1832700000; -0,4009200000
202200040062;14;1;2022;17:40;2;13;2;1;1;1;43,2556800000;5,3940500000
202200040063;12;9;2022;14:15;1;69;2;3;1;3;45,7476900000;4,8335200000
202200040064;13;1;2022;07:59;2;10;2;1;9;6;48,3097000000;4,0745000000
202200040065;13;1;2022;06:49;5;10;2;1;8;7;48,2911000000;4,0884000000
202200040066;24;9;2022;19:50;5;972;2;1;1;2;14,6108000000; -61,0066200000
202200040067;13;1;2022;08:15;1;75;2;1;1;2;48,8744750000;2,2757780000
202200040068;13;1;2022;12:18;1;75;2;2;1;3;48,8732100000;2,3588570000
202200040069;12;9;2022;14:20;1;972;1;1;1;2;14,6251200000; -60,9803400000
202200040070;5;12;2022;17:00;1;974;2;2;1;3; -20,8881000000;55,4649400000
202200040071;14;1;2022;13:00;1;75;2;4;1;6;48,8510940000;2,3462610000
202200040072;5;12;2022;06:30;1;974;2;1;1;2; -20,8904900000;55,4653800000
202200040073;12;9;2022;07:00;1;972;1;1;1;3;14,6178400000; -61,0184200000
202200040074;14;1;2022;20:20;5;75;2;3;1;3;48,8744110000;2,3862950000
202200040075;5;12;2022;07:15;2;69;1;1;5;2;45,6861800000;4,8611000000
202200040076;14;1;2022;16:40;1;75;2;3;1;6;48,8916040000;2,3269630000
202200040077;25;9;2022;03:50;3;972;2;1;2;7;14,6120000000; -61,0787400000
202200040078;13;1;2022;20:00;5;75;2;2;1;3;48,8975110000;2,3289470000
202200040079;5;12;2022;08:50;1;972;1;1;1;3;14,6181000000; -61,0284300000
202200040080;26;9;2022;08:00;2;69;2;3;1;3;45,7670200000;4,8054100000
202200040081;14;1;2022;19:00;5;75;2;7;1;6;48,8858210000;2,2907930000
202200040082;4;12;2022;00:00;3;972;1;1;1;7;14,6303860000; -61,0290050000
202200040083;14;1;2022;17:00;1;75;2;1;1;3;48,8578970000;2,2482720000
202200040084;5;12;2022;17:50;5;69;2;8;1;6;45,7651300000;4,7913400000
202200040085;14;1;2022;18:00;5;75;2;4;1;3;48,8296850000;2,3017610000
202200040086;5;12;2022;03:40;3;69;2;1;5;2;45,7518800000;4,8327600000
202200040087;25;9;2022;19:55;5;69;2;2;8;3;45,7211400000;4,8111300000
202200040088;14;1;2022;18:30;5;75;2;3;1;6;48,8351560000;2,3149410000
202200040089;4;12;2022;14:30;1;87;2;1;2;6;45,8116400000;1,2266600000
202200040090;4;12;2022;13:30;1;85;2;1;1;6;46,4898500000; -1,7693900000
202200040091;14;1;2022;13:15;1;75;2;3;1;3;48,8226680000;2,3728380000
202200040092;25;9;2022;13:20;1;69;2;2;1;3;45,7854096169;4,8105713725
202200040093;14;1;2022;11:11;1;75;2;3;1;6;48,8370960000;2,3526920000
202200040094;3;12;2022;08:45;1;84;2;1;2;2;43,9518300000;4,8033000000
202200040095;14;1;2022;09:35;1;75;2;2;1;6;48,8385630000;2,3931890000
202200040096;25;9;2022;07:30;5;69;2;1;2;6;45,8087800000;4,8567100000
202200040097;14;1;2022;12:25;1;75;2;3;1;3;48,8639510000;2,3755270000
202200040098;2;12;2022;08:30;1;30;1;3;8;5;43,9954200000;4,8115200000
202200040099;25;9;2022;03:40;4;69;2;1;2;6;45,7574800000;4,8370300000
202200040100;5;12;2022;08:15;2;81;2;1;7;6;43,5963500000;2,2619600000
202200040101;14;1;2022;11:00;1;75;2;4;1;3;48,8794860000;2,3531990000
202200040102;2;12;2022;22:55;5;80;2;1;1;1;49,8978200000;2,2958800000
202200040103;14;1;2022;00:10;5;75;2;5;1;3;48,8804530000;2,3350340000
202200040104;24;11;2022;17:40;5;80;2;3;1;3;49,8785800000;2,3120700000
202200040105;13;1;2022;20:00;5;75;2;4;1;4;48,8528820000;2,3684230000
202200040106;5;12;2022;08:30;2;78;2;9;2;3;48,9283900000;2,1422800000
202200040107;12;9;2022;11:50;1;69;2;3;1;3;45,7759300000;4,7953400000
202200040108;13;1;2022;20:00;5;94;2;2;1;6;48,8476800000;2,4527000000
202200040109;5;12;2022;09:10;1;77;2;3;2;6;48,8519000000;2,5982900000
202200040110;14;1;2022;16:50;1;94;2;1;1;6;48,8009320000;2,3959930000
202200040111;5;12;2022;08:30;2;77;2;1;4;6;48,8740100000;2,7024100000
202200040112;14;1;2022;13:10;1;94;2;3;1;3;48,8126100000;2,4054200000
202200040113;26;9;2022;07:55;1;971;2;3;2;1;16,2091300000; -61,4710400000
202200040114;5;12;2022;18:00;5;76;1;1;1;2;49,4125000000;1,0419000000
202200040115;14;1;2022;12:00;1;94;2;1;1;2;48,7757850000;2,5334790000
202200040116;2;12;2022;14:50;1;71;2;1;1;6;46,3090200000;4,8158500000
202200040117;13;1;2022;11:30;1;93;2;1;8;2;48,9324691517;2,3488059302
202200040118;5;12;2022;17:45;3;69;2;1;1;6;45,7580100000;4,8815700000
202200040119;14;1;2022;07:08;5;93;2;1;1;6;48,8667954932;2,4868655909
202200040120;25;9;2022;08:00;1;971;2;2;1;3;16,2762500000; -61,5015900000
202200040121;5;12;2022;15:50;1;69;2;4;1;1;45,9931200000;4,7214400000
202200040122;14;1;2022;20:40;5;93;2;1;1;6;48,8983700000;2,5532400000
202200040123;5;12;2022;06:10;5;69;2;1;5;6;45,7191200000;4,8769800000
202200040124;26;9;2022;09:05;1;2A;2;3;1;6;41,9475600000;8,7634100000
202200040125;14;1;2022;16:00;1;93;2;2;1;6;48,9420518788;2,5206211209
202200040126;14;1;2022;15:45;1;92;1;1;1;2;48,9287278104;2,3299303651
202200040127;25;9;2022;12:30;1;95;2;1;1;1;49,0044720000;2,4203520000
202200040128;14;1;2022;15:55;1;92;2;1;1;3;48,8594399328;2,2241726071
202200040129;5;12;2022;05:45;5;69;2;1;5;5;45,7190500000;4,8752700000
202200040130;5;12;2022;08:30;1;69;2;1;5;7;45,6925900000;4,8873800000
202200040131;14;1;2022;04:08;5;92;2;1;8;7;48,8460810000;2,2239160000
202200040132;5;12;2022;12:00;1;67;2;1;1;2;48,5742600000;7,7399400000
202200040133;25;9;2022;14:00;1;91;2;1;1;6;48,5958520000;2,2548580000
202200040134;14;1;2022;13:10;1;92;2;2;1;2;48,8989324105;2,2137236595
202200040135;4;12;2022;04:50;5;67;2;1;1;6;48,6170000000;7,7644900000
202200040136;12;1;2022;11:20;1;92;2;1;1;2;48,9343270323;2,2808940858
202200040137;25;9;2022;00:10;5;91;2;1;1;2;48,6834900000;2,5452400000
202200040138;3;12;2022;19:56;5;66;2;3;1;3;42,7256300000;2,8809200000
202200040139;14;1;2022;00:00;5;92;2;3;1;3;48,7900618848;2,2629678100
202200040140;5;12;2022;17:15;5;64;2;1;1;6;43,4849800000; -1,5032800000
202200040141;7;1;2022;15:15;1;92;2;1;1;6;48,9125014419;2,2906655073
202200040142;5;12;2022;08:45;1;64;2;1;1;3;43,4845640000; -1,4826510000
202200040143;25;9;2022;06:00;5;91;2;2;1;3;48,6585800000;2,3397700000
202200040144;5;12;2022;00:25;5;64;2;1;1;7;43,4807200000; -1,5140000000
202200040145;24;9;2022;19:55;5;91;2;1;2;7;48,4349730000;2,1548700000
202200040146;15;1;2022;13:55;1;26;1;2;1;3;45,0886340000;5,1157130000