Accident_Id;jour;mois;an;hrmn;lum;dep;agg;int;atm;col;lat;long
202200042123;3;12;2022;03:10;5;987;1;1;1;6; -16,6200000000; -151,4960000000
202200042124;25;9;2022;14:48;1;77;1;1;1;2;48,2662120000;2,7198780000
202200042125;5;12;2022;05:42;3;30;1;1;1;1;43,7964690000;4,3068980000
202200042126;24;9;2022;10:30;1;69;2;1;1;2;45,5602330000;4,8129340000
202200042127;2;12;2022;17:30;3;45;1;1;2;4;48,1361660000;2,9231580000
202200042128;25;9;2022;16:20;1;988;1;1;1;6; -21,2972120000;165,4781340000
202200042129;4;12;2022;19:00;3;971;2;3;1;3;16,3306830000; -61,4548480000
202200042130;4;12;2022;16:30;1;971;1;1;1;1;16,0163020000; -61,5835510000
202200042131;25;9;2022;21:45;3;971;1;9;9;3;16,2572640000; -61,3080880000
202200042132;3;12;2022;10:00;1;971;2;3;1;3;16,2278810000; -61,7865140000
202200042133;26;9;2022;14:35;1;77;1;1;2;7;48,9674840000;3,0336430000
202200042134;5;12;2022;06:30;1;971;1;1;1;1;16,1757840000; -61,7804460000
202200042135;4;12;2022;02:50;5;84;1;2;1;3;43,9898740000;4,8630380000
202200042136;24;9;2022;16:10;1;34;2;9;1;6;43,9311767144;3,7153892219
202200042137;5;12;2022;13:50;1;89;1;1;2;7;48,2645310000;3,2907020000
202200042138;5;12;2022;12:09;1;54;1;1;8;7;48,5130934620;6,8099784852
202200042139;25;9;2022;18:50;1;84;1;9;1;7;43,9272320000;5,5197290000
202200042140;4;12;2022;16:30;2;26;1;1;3;3;45,0783920000;4,8299560000
202200042141;4;12;2022;17:45;5;07;2;1;2;6;45,0677680000;4,8346010000
202200042142;26;9;2022;06:45;2;83;1;1;1;6;43,3979230000;6,1337400000
202200042143;5;12;2022;14:30;1;69;1;1;1;1;46,0371840000;4,4914880000
202200042144;26;9;2022;15:55;1;13;1;1;1;1;43,2657220000;5,6619500000
202200042145;5;12;2022;11:00;1;33;2;1;1;3;44,6444709730; -0,9795011580
202200042146;5;12;2022;07:52;5;60;2;3;4;3;49,0884550000;2,7459600000
202200042147;25;9;2022;14:10;1;10;2;2;1;3;48,5028720000;4,2763210000
202200042148;4;12;2022;12:40;1;80;1;1;1;1;49,7782990000;2,1976520000
202200042149;22;9;2022;10:30;1;68;1;1;1;3;48,2259910000;7,3867880000
202200042150;2;12;2022;15:40;1;59;1;1;2;7;50,0338603240;4,0169488191
202200042151;26;9;2022;12:35;1;26;1;1;1;6;44,3820760000;5,0997380000
202200042152;4;12;2022;05:25;3;13;1;1;3;4;43,2932881654;5,4741409421
202200042153;26;9;2022;05:00;3;26;1;1;1;7;44,6850630000;5,6925650000
202200042154;4;12;2022;05:00;3;13;1;1;3;5;43,3666000000;5,3299860000
202200042155;4;12;2022;03:30;3;13;1;1;3;5;43,4259390000;5,3785410000
202200042156;20;9;2022;13:04;1;69;2;2;1;3;45,9210310000;4,7557660000
202200042157;26;9;2022;16:20;1;17;1;2;3;3;46,2264030000; -1,5362620000
202200042158;3;12;2022;04:00;3;69;1;1;2;5;45,6445500000;4,8297100000
202200042159;16;8;2022;14:15;1;29;1;1;1;1;47,8727200000; -4,0337100000
202200042160;4;12;2022;19:45;3;33;1;1;1;2;44,8683500000; -0,4951600000
202200042161;4;12;2022;15:50;1;94;1;1;1;4;48,7602012934;2,3206169189
202200042162;26;9;2022;08:45;1;60;2;4;1;6;49,3268700000;2,4663980000
202200042163;4;12;2022;13:50;1;91;1;1;1;4;48,6736400000;2,3427600000
202200042164;12;7;2022;11:10;5;74;2;9;1;6;46,1925700000;6,2363800000
202200042165;4;12;2022;07:40;3;95;1;1;1;5;49,1057930000;2,5513310000
202200042166;11;7;2022;09:50;1;73;2;3;1;3;45,6731281977;6,3968835620
202200042167;4;12;2022;01:00;4;95;1;1;1;6;49,0330100000;2,5397300000
202200042168;11;7;2022;21:10;2;71;2;1;1;7;46,6454163631;4,2943578958
202200042169;4;12;2022;08:45;1;77;1;1;1;2;48,9115000000;2,6360000000
202200042170;11;7;2022;18:30;1;71;2;9;1;3;46,7891800000;4,8415100000
202200042171;2;12;2022;22:45;5;971;1;1;1;6;16,2171058610; -61,4832258224
202200042172;1;12;2022;18:00;5;65;2;1;8;6;43,2204800000;0,0791020000
202200042173;11;7;2022;17:34;1;69;2;1;1;2;45,6959800000;4,9475600000
202200042174;30;11;2022;16:45;2;54;2;2;1;6;48,6535100000;6,1353400000
202200042175;30;11;2022;16:00;1;50;2;1;1;6;49,6027600000; -1,6033700000
202200042176;12;7;2022;05:40;1;69;2;3;1;3;45,7061000000;4,9059100000
202200042177;2;12;2022;12:10;1;33;2;2;8;6;44,8199249700; -0,5921099782
202200042178;2;12;2022;22:20;5;29;2;1;1;6;47,9870000000; -4,0591000000
202200042179;12;7;2022;11:10;1;67;2;1;1;3;48,5734700000;7,7669100000
202200042180;22;9;2022;18:00;1;34;1;1;1;3;43,4829590000;3,0284930000
202200042181;20;9;2022;19:15;3;34;1;1;1;7;43,7455060000;3,9001250000
202200042182;11;7;2022;23:25;5;67;2;3;1;3;48,5780300000;7,7040400000
202200042183;18;9;2022;21:00;3;34;1;1;1;6;43,8342170000;3,3083440000
202200042184;11;7;2022;13:35;1;67;2;1;1;3;48,5918400000;7,7416100000
202200042185;12;9;2022;21:10;3;34;1;3;8;7;43,7340690000;3,1203100000
202200042186;3;12;2022;10:00;1;976;2;1;1;3; -12,7932900000;45,2195800000
202200042187;10;7;2022;14:05;1;67;2;9;1;6;48,5428800000;7,7715300000
202200042188;3;12;2022;11:25;1;974;1;9;1;4; -21,3309400000;55,4677000000
202200042189;12;7;2022;07:35;1;64;1;1;1;3;43,3495500000; -0,3854500000
202200042190;3;12;2022;15:30;1;974;2;2;1;3; -20,9466600000;55,6550500000
202200042191;11;7;2022;07:40;1;64;2;2;1;2;43,3195700000; -0,3486200000
202200042192;3;12;2022;15:50;1;973;2;1;3;3;4,9202470519; -52,3203679919
202200042193;12;7;2022;10:45;1;64;2;1;1;7;43,4810900000; -1,5117500000
202200042194;3;12;2022;00:15;5;973;2;6;2;7;4,9215266492; -52,3295331001
202200042195;2;12;2022;23:30;5;972;2;1;1;6;14,6093900000; -61,0561500000
202200042196;11;7;2022;07:46;1;63;2;1;1;3;45,7907612508;3,1090235710
202200042197;3;12;2022;15:30;1;69;2;3;1;6;45,7662167324;4,8380649089
202200042198;3;12;2022;15:55;1;69;2;1;2;5;45,6976000000;4,8229700000
202200042199;7;7;2022;12:41;1;63;2;2;1;3;45,8096600000;3,1094500000
202200042200;3;12;2022;09:10;1;91;2;2;2;3;48,7032500000;2,4345400000
202200042201;7;7;2022;07:36;1;63;2;5;1;6;45,7997000000;3,1122000000
202200042202;3;12;2022;20:28;5;88;2;1;1;3;48,1754500000;6,4338600000
202200042203;3;12;2022;09:45;1;81;2;6;1;3;43,9185600000;2,1169600000
202200042204;12;7;2022;23:00;5;61;2;6;1;3;48,4342100000;0,0940700000
202200042205;3;12;2022;08:50;1;77;1;1;1;1;48,4276800000;2,9054800000
202200042206;12;7;2022;08:26;1;60;2;1;1;2;49,4237300000;2,1053100000
202200042207;3;12;2022;10:25;1;77;2;1;9;6;48,4188659013;2,7318359981
202200042208;4;12;2022;00:50;3;69;2;1;3;5;45,7849000000;4,8641300000
202200042209;3;12;2022;13:20;1;69;1;1;1;6;45,7469000000;4,9268700000
202200042210;3;12;2022;20:50;5;69;1;1;2;6;45,7167000000;4,8562100000
202200042211;3;12;2022;03:20;5;64;2;1;2;6;43,3560700000; -1,7664100000
202200042212;2;12;2022;15:44;1;64;2;3;1;3;43,4812908917; -1,5108239651
202200042213;2;12;2022;10:26;1;64;2;1;1;6;43,4906500000; -1,4865600000
202200042214;3;7;2022;02:55;5;59;2;2;1;3;50,6277800000;3,0646500000
202200042215;2;12;2022;12:55;1;62;1;1;2;6;50,3964900000;2,9644700000
202200042216;3;12;2022;13:30;1;59;2;2;1;3;50,6126800000;3,0578200000
202200042217;3;12;2022;09:29;1;56;2;1;1;6;47,7554200000; -3,3634300000
202200042218;2;12;2022;16:05;1;56;2;1;1;6;47,7445000000; -3,3812000000
202200042219;29;6;2022;12:00;1;59;2;1;1;6;50,6190400000;3,1477400000
202200042220;2;12;2022;17:05;1;56;2;2;1;3;47,7744340000; -3,3467280000
202200042221;11;7;2022;00:30;5;59;2;1;1;6;50,3679030964;3,0885529518
202200042222;4;12;2022;00:15;5;54;2;2;8;3;48,7033310775;6,1818198860
202200042223;3;12;2022;05:25;5;54;2;2;1;3;48,6900372462;6,1718004942
202200042224;3;12;2022;22:02;5;49;2;2;1;3;47,4753500000; -0,5485400000
202200042225;12;7;2022;08:10;1;55;1;1;1;2;49,1397447385;5,3274357319
202200042226;2;12;2022;15:30;2;45;2;1;2;4;47,8859973320;1,8967829347
202200042227;3;12;2022;04:45;3;45;1;1;2;7;47,9721423414;2,7158842385
202200042228;12;7;2022;10:50;1;54;2;2;1;1;48,6876400000;6,2054900000
202200042229;3;12;2022;17:50;5;37;2;1;8;2;47,3974777149;0,7021594048
202200042230;4;12;2022;23:00;5;34;2;1;8;1;43,6280500000;3,8461100000
202200042231;12;7;2022;20:45;1;51;2;2;1;3;49,2612940000;4,0331430000
202200042232;3;12;2022;18:15;5;34;2;1;1;6;43,5645000000;3,8790400000
202200042233;2;12;2022;15:10;1;27;2;1;1;6;49,0884500000;1,4958600000
202200042234;2;12;2022;21:30;5;22;2;1;2;7;48,7284200000; -3,4646400000
202200042235;12;7;2022;20:30;1;51;2;6;1;7;49,2662246722;4,0452405810
202200042236;2;12;2022;18:25;5;18;2;1;9;2;47,0930400000;2,4223400000
202200042237;8;7;2022;13:50;1;50;2;1;1;6;49,6389200000; -1,6051800000
202200042238;3;12;2022;21:20;5;14;2;1;1;6;49,2040200000; -0,3376000000
202200042239;3;12;2022;14:35;1;14;2;1;1;3;49,1890000000; -0,3871000000
202200042240;12;7;2022;22:08;5;38;2;2;1;1;45,1669000000;5,7235000000
202200042241;4;12;2022;01:00;4;13;1;1;3;2;43,4262837372;5,2512100742
202200042242;20;8;2022;11:20;1;64;2;1;1;3;43,2987900000; -0,3522100000
202200042243;3;12;2022;19:50;5;13;2;1;2;2;43,3414400000;5,4723510000
202200042244;2;12;2022;12:30;1;11;2;1;1;6;43,1839300000;2,9792300000
202200042245;20;8;2022;17:30;1;51;2;3;1;3;49,2400337955;4,0321353078
202200042246;3;12;2022;08:35;2;11;2;2;1;3;43,2224000000;2,3374400000
202200042247;11;7;2022;17:50;1;35;2;3;1;2;48,6474200000; -2,0088900000
202200042248;20;8;2022;15:50;1;47;2;1;1;2;44,1942450000;0,6016890000
202200042249;3;12;2022;17:11;3;10;1;1;1;2;48,2944000000;4,1382000000
202200042250;2;12;2022;09:10;1;10;2;2;8;3;48,2865400000;4,0775000000
202200042251;20;8;2022;19:20;1;43;2;3;1;2;45,0418159901;3,8853889704
202200042252;2;12;2022;23:40;3;09;2;1;1;6;43,1223000000;1,6526000000
202200042253;19;8;2022;11:09;1;38;2;7;8;4;45,3675600000;5,5905600000
202200042254;20;8;2022;21:22;5;37;2;9;1;6;47,3422869838;0,6603491306
202200042255;3;12;2022;14:16;1;06;2;1;2;6;43,7106300000;7,2827600000
202200042256;12;7;2022;07:30;1;35;2;1;7;6;48,3481863645; -1,1811442673
202200042257;2;12;2022;23:10;5;06;2;1;1;3;43,7675170000;7,4793190000
202200042258;20;8;2022;11:15;1;35;1;1;1;2;48,1146197900; -1,5595060587
202200042259;2;12;2022;21:07;5;03;2;1;2;3;46,3452900000;2,6193800000
202200042260;20;8;2022;05:45;5;35;2;1;1;4;48,1069559724; -1,7256635427
202200042261;25;6;2022;17:10;1;34;2;1;1;2;43,3018500000;3,4837000000
202200042262;20;8;2022;05:50;2;34;2;1;1;2;43,5940900000;3,8605500000
202200042263;3;12;2022;14:20;1;01;1;3;8;1;46,2404200000;5,2264620000
202200042264;20;8;2022;12:00;1;33;2;3;1;3;44,8413300000; -0,5850500000
202200042265;22;8;2022;11:45;1;07;2;3;1;3;44,6066000000;4,4160300000
202200042266;12;7;2022;14:10;1;33;2;1;1;3;44,7798800000; -0,6128400000
202200042267;2;12;2022;10:45;1;988;2;3;1;2; -22,3003800000;166,4449800000
202200042268;19;8;2022;17:22;1;17;1;1;1;4;46,1917500000; -1,0944400000
202200042269;2;12;2022;05:40;1;976;1;1;1;1; -12,7970300000;45,2007700000
202200042270;1;12;2022;07:25;1;974;2;1;1;3; -21,2965100000;55,4604800000
202200042271;12;7;2022;15:15;1;31;2;1;1;6;43,5966218951;1,4226168394
202200042272;20;8;2022;05:00;5;13;2;3;1;1;43,6400000000;5,0900000000
202200042273;30;11;2022;15:00;1;974;1;1;1;4; -21,3091600000;55,4330400000
202200042274;12;7;2022;16:55;1;28;2;1;1;6;48,4370200000;1,4459200000
202200042275;20;8;2022;16:40;1;13;2;9;1;5;43,3571900000;5,3574200000
202200042276;2;12;2022;15:45;1;974;2;1;1;6; -20,8876000000;55,4638000000
202200042277;19;8;2022;16:10;1;13;2;1;1;3;43,2975500000;5,3813200000
202200042278;30;11;2022;13:45;1;974;1;9;1;7; -20,8963000000;55,5028000000
202200042279;12;7;2022;18:00;1;27;2;6;7;3;49,0948800000;1,4860800000
202200042280;20;8;2022;21:13;5;10;2;1;1;2;48,3061600000;4,0695790000
202200042281;2;12;2022;17:15;2;69;2;3;1;3;45,7262600000;4,8376500000
202200042282;12;7;2022;10:45;1;17;2;1;1;6;45,9308350000; -0,9625880000
202200042283;1;12;2022;10:30;1;69;2;4;1;2;45,7547000000;4,8677200000
202200042284;20;8;2022;07:35;1;75;2;1;1;2;48,9008710000;2,3562180000
202200042285;2;12;2022;18:40;5;972;1;1;1;1;14,6134100000; -61,0129600000
202200042286;12;7;2022;20:40;1;13;2;9;1;2;43,4091965588;5,3253617658
202200042287;19;8;2022;23:06;5;75;2;3;1;1;48,8526360000;2,3476430000
202200042288;30;11;2022;11:15;1;972;1;1;1;4;14,6183400000; -61,0273700000
202200042289;1;12;2022;08:25;1;972;1;1;1;6;14,6052658479; -61,0893568397
202200042290;20;8;2022;18:45;1;75;2;1;1;3;48,8919300000;2,3475710000
202200042291;2;12;2022;10:05;1;69;2;1;1;7;45,7702200000;4,8308300000
202200042292;12;7;2022;19:00;1;13;1;1;1;3;43,3304774268;5,4121858162
202200042293;1;12;2022;15:58;1;69;2;1;8;6;45,7155700000;4,8088400000
202200042294;20;8;2022;09:00;1;75;2;2;1;3;48,8207970000;2,3210670000
202200042295;12;7;2022;16:45;1;13;2;9;1;3;43,3125300000;5,3801200000
202200042296;30;11;2022;13:30;1;69;2;1;8;6;45,7473671944;4,8024456203
202200042297;1;12;2022;01:46;5;2B;1;9;1;6;42,7070070000;9,4272570000
202200042298;20;8;2022;04:45;5;75;2;2;1;6;48,8296880000;2,3310460000
202200042299;2;12;2022;12:00;1;971;2;9;1;3;16,2509000000; -61,5277000000
202200042300;20;8;2022;06:18;5;75;2;1;1;6;48,8699440000;2,3108400000
202200042301;1;12;2022;18:50;5;971;2;2;2;3;16,2996100000; -61,4911500000
202200042302;12;7;2022;15:20;1;13;2;1;1;2;43,2891700000;5,3954200000
202200042303;19;8;2022;17:44;1;75;2;2;1;3;48,8595410000;2,3292850000
202200042304;30;11;2022;18:15;4;971;2;6;1;1;16,2430358519; -61,5307813883
202200042305;30;11;2022;18:45;5;971;2;9;1;6;16,2546900000; -61,5225500000
202200042306;19;8;2022;15:19;1;75;2;5;1;6;48,8540980000;2,3064030000
202200042307;12;7;2022;06:15;2;13;2;3;1;3;43,2601800000;5,4158400000
202200042308;30;11;2022;07:05;1;971;1;1;2;2;16,2767000000; -61,5216800000
202200042309;19;8;2022;11:54;1;94;2;2;1;1;48,7643300000;2,4053100000
202200042310;31;10;2022;07:30;1;971;2;9;1;6;16,0376500000; -61,5669500000
202200042311;11;7;2022;21:45;2;13;2;1;1;3;43,2752147657;5,3997261822
202200042312;20;8;2022;09:55;1;94;2;1;1;3;48,8190640000;2,5113910000
202200042313;2;12;2022;07:43;1;2A;2;1;1;1;41,9381300000;8,7344200000
202200042314;20;8;2022;19:55;1;94;2;1;1;6;48,7480162432;2,5127457082
202200042315;11;7;2022;16:00;1;09;2;1;1;3;42,9591790000;1,6101670000
202200042316;1;12;2022;17:50;3;2A;1;1;1;5;41,9449900000;8,8112300000
202200042317;12;7;2022;01:00;5;06;2;1;1;7;43,6484000000;6,9390600000
202200042318;23;2;2022;18:45;2;13;2;2;1;3;43,4885600000;5,3874400000
202200042319;20;8;2022;03:50;5;93;2;2;1;3;48,9677300000;2,3621200000
202200042320;1;12;2022;08:30;1;95;2;1;1;1;48,9586753366;2,4110293199
202200042321;22;2;2022;09:33;1;10;2;1;1;2;48,2698367207;4,0496850014
202200042322;20;8;2022;19:45;1;93;2;1;1;2;48,9290277542;2,3622500835
202200042323;1;12;2022;21:10;5;95;2;3;1;3;48,9743000000;2,4058700000
202200042324;11;7;2022;17:45;1;03;1;2;1;6;46,1562500000;3,4609000000
202200042325;22;2;2022;15:10;1;06;2;9;1;3;43,7255770000;7,2791040000
202200042326;20;8;2022;11:25;1;93;2;1;1;2;48,9284485679;2,3412194569
202200042327;12;7;2022;18:40;1;75;2;1;1;3;48,8168800000;2,3483260000
202200042328;1;12;2022;13:00;1;91;2;1;1;6;48,6573260000;2,4072140000
202200042329;23;2;2022;08:45;1;06;2;6;1;2;43,6451460000;6,9401550000
202200042330;20;8;2022;13:15;1;93;2;2;1;3;48,8665000000;2,5289900000
202200042331;2;12;2022;05:00;5;87;2;1;1;6;45,8112730000;1,2393330000
202200042332;12;7;2022;16:00;1;75;2;1;1;4;48,8302760000;2,4020370000
202200042333;20;8;2022;17:30;1;93;2;5;1;1;48,8682200000;2,4468000000
202200042334;1;12;2022;11:04;1;87;2;1;1;3;45,8218100000;1,2390500000
202200042335;30;11;2022;08:08;1;87;2;1;1;3;45,8389900000;1,2570600000
202200042336;20;8;2022;08:25;1;93;2;3;1;6;48,8993200000;2,5396300000
202200042337;22;2;2022;01:30;3;75;2;4;1;3;48,8629330000;2,3459000000
202200042338;11;7;2022;17:15;1;75;2;4;1;2;48,8443750000;2,4139000000
202200042339;20;8;2022;15:30;1;93;2;1;1;1;48,9128700000;2,4147200000
202200042340;30;11;2022;18:20;5;85;2;9;1;3;46,5285900000; -1,7744300000
202200042341;23;2;2022;12:10;1;75;2;2;1;3;48,8646690000;2,4046300000
202200042342;29;11;2022;09:50;1;85;2;2;1;6;46,4926200000; -1,7503100000
202200042343;20;8;2022;06:30;2;93;2;3;8;3;48,9048243893;2,4456237020
202200042344;11;7;2022;22:04;5;75;2;2;1;3;48,8320560000;2,2805190000
202200042345;23;2;2022;16:00;1;75;2;1;1;2;48,8642510000;2,2764030000
202200042346;6;10;2022;07:30;4;84;2;1;1;6;43,9463800000;4,8283000000
202200042347;20;8;2022;19:05;1;93;2;3;1;3;48,9036577631;2,3722560275
202200042348;12;7;2022;16:10;1;75;2;3;1;3;48,8567530000;2,3959850000
202200042349;1;12;2022;17:15;5;82;2;1;8;2;44,0070000000;1,3559700000
202200042350;19;8;2022;21:48;5;92;2;1;1;6;48,9314420000;2,3322770000
202200042351;23;2;2022;09:00;1;75;2;7;1;3;48,8383985378;2,2570171952
202200042352;12;7;2022;11:35;1;75;2;2;1;6;48,8943350000;2,3453700000
202200042353;1;12;2022;16:45;1;81;2;1;8;6;43,9272600000;2,1481200000
202200042354;23;2;2022;10:00;2;75;2;1;5;2;48,8685560000;2,2356750000
202200042355;20;8;2022;16:53;1;92;2;7;1;6;48,8336400000;2,2432200000
202200042356;22;2;2022;12:50;1;75;2;1;1;6;48,8414300000;2,2555090000
202200042357;12;7;2022;12:05;1;75;2;2;1;2;48,8535760000;2,3804150000
202200042358;28;11;2022;17:10;2;78;2;9;1;3;48,9471000000;2,1987000000
202200042359;21;8;2022;17:00;1;39;1;1;1;5;46,6462030000;6,0512460000
202200042360;12;7;2022;00:15;5;75;2;1;1;6;48,8825010000;2,3453070000
202200042361;22;11;2022;18:15;5;78;2;1;1;3;48,9109400000;2,1650200000
202200042362;22;2;2022;23:20;5;75;2;2;2;3;48,8459110000;2,2773160000
202200042363;20;8;2022;16:00;1;976;2;1;7;3; -12,7450890000;45,2240230000
202200042364;2;12;2022;18:58;5;78;2;6;2;3;48,9783200000;1,9142500000
202200042365;22;2;2022;12:15;1;75;2;1;1;3;48,8337860000;2,2770520000
202200042366;11;7;2022;18:30;1;75;2;2;1;3;48,8802400000;2,3353200000
202200042367;20;8;2022;03:45;3;76;1;1;1;6;49,5119330000;1,1885400000
202200042368;23;11;2022;11:40;1;78;2;1;2;3;49,0061400000;1,9183200000
202200042369;12;7;2022;17:50;1;75;2;1;1;6;48,8712750000;2,3443310000
202200042370;21;8;2022;06:10;3;28;1;1;1;1;48,2724830000;1,1663530000
202200042371;22;2;2022;10:00;1;75;2;2;1;3;48,8167710000;2,3486100000
202200042372;2;12;2022;15:00;1;77;2;1;2;7;48,8696640000;2,7433760000
202200042373;12;7;2022;00:30;5;75;2;2;1;3;48,8517560000;2,3670120000
202200042374;21;8;2022;18:00;2;974;2;3;1;3; -21,3699460000;55,6025900000
202200042375;23;2;2022;20:45;5;75;2;2;1;3;48,8480401693;2,3928496242
202200042376;1;12;2022;17:35;1;76;2;1;1;3;49,4948500000;0,1226400000
202200042377;12;7;2022;12:17;1;94;2;1;1;6;48,8063509375;2,4396729468
202200042378;20;8;2022;09:00;1;972;1;1;1;3;14,8263840000; -61,0420990000
202200042379;1;12;2022;18:00;3;74;1;1;8;1;46,1676680000;6,1993980000
202200042380;23;2;2022;09:25;1;75;2;2;1;3;48,8393710000;2,4299640000
202200042381;12;7;2022;09:00;1;94;2;1;1;2;48,7950420000;2,4337390000
202200042382;21;8;2022;16:39;1;12;1;1;1;2;44,0103600000;3,1424440000
202200042383;12;7;2022;15:00;1;94;2;1;1;7;48,7561500000;2,5532700000
202200042384;21;8;2022;14:20;1;76;2;1;1;7;49,8216980000;0,6400660000
202200042385;2;12;2022;20:14;5;72;2;1;1;3;47,9834300000;0,2112450000
202200042386;23;2;2022;22:00;5;75;2;4;1;3;48,8720379205;2,3598678410
202200042387;16;8;2022;10:30;1;79;1;1;1;7;46,6851000000; -0,3025750000
202200042388;12;7;2022;16:55;1;93;2;3;1;1;48,9930686782;2,5284750416
202200042389;21;8;2022;06:25;2;2B;2;1;1;6;42,4894330000;9,4788680000
202200042390;23;2;2022;18:00;5;75;2;1;1;3;48,8761492290;2,3157330975
202200042391;20;8;2022;14:20;1;32;1;9;1;7;43,9251920000;0,6240700000
202200042392;20;8;2022;09:45;1;32;2;1;1;6;43,6119435950;1,0804340243
202200042393;23;2;2022;05:15;5;75;2;1;1;6;48,8700990227;2,3113895953
202200042394;12;7;2022;08:15;1;93;2;1;7;2;48,9169554718;2,3267787695
202200042395;20;8;2022;18:45;1;49;2;1;1;6;47,5216170000; -0,4437610000
202200042396;22;2;2022;13:40;1;94;2;3;1;6;48,7739000000;2,4865300000
202200042397;12;7;2022;18:45;1;93;2;1;1;2;48,8832158737;2,4748511911
202200042398;19;8;2022;20:15;2;47;1;1;1;2;44,6806890000;0,1530980000
202200042399;23;2;2022;08:20;2;93;2;1;1;6;48,9484224893;2,5227409601
202200042400;12;7;2022;21:25;5;93;2;2;1;2;48,9013100000;2,5194300000
202200042401;21;8;2022;12:20;1;47;1;1;8;3;44,3676200000;0,5086430000
202200042402;23;2;2022;19:30;5;93;2;1;1;3;48,8561100000;2,5827200000
202200042403;12;7;2022;17:00;1;93;2;1;1;3;48,8995770000;2,4089560000
202200042404;21;8;2022;11:20;1;86;1;1;1;1;46,4158580000;0,4502140000
202200042405;23;2;2022;12:50;1;93;2;1;1;3;48,9079100000;2,3787000000
202200042406;21;8;2022;03:35;3;25;1;1;5;6;46,7817690000;6,3443470000
202200042407;12;7;2022;08:15;1;93;2;1;1;3;48,9024200000;2,4148400000
202200042408;15;8;2022;15:30;1;44;2;1;1;2;47,2209090000; -2,1658620000
202200042409;12;7;2022;10:25;1;93;2;1;1;6;48,8678400000;2,5325700000
202200042410;23;2;2022;00:20;5;92;2;1;8;3;48,8258214543;2,2806154042
202200042411;20;8;2022;20:45;2;29;1;1;1;6;48,4940095900; -4,0819358824
202200042412;12;7;2022;06:35;1;93;2;5;1;6;48,9043430000;2,4706390000
202200042413;21;8;2022;10:20;1;38;2;1;1;1;45,2130270000;5,7522860000
202200042414;23;2;2022;13:00;1;92;2;3;1;6;48,8898810000;2,2195440000
202200042415;20;8;2022;19:00;1;38;2;2;1;6;45,6102740000;5,5464010000
202200042416;12;7;2022;10:00;1;93;2;9;1;3;48,8987749295;2,4440583587
202200042417;23;2;2022;18:41;5;92;2;6;1;2;48,8007053253;2,2837665975
202200042418;20;8;2022;04:10;5;06;2;1;1;5;43,7203850000;7,3765040000
202200042419;23;2;2022;21:05;5;92;1;1;1;6;48,8938521913;2,2606124282
202200042420;11;7;2022;09:15;1;92;2;1;1;3;48,8182719933;2,2851444482
202200042421;23;2;2022;08:40;1;92;2;9;5;3;48,9305140000;2,2551440000
202200042422;19;8;2022;21:05;5;14;2;4;1;3;48,9724740000; -0,2488130000
202200042423;12;7;2022;09:05;1;92;2;1;1;3;48,9066869371;2,2459622025
202200042424;21;8;2022;16:50;1;05;2;1;1;6;44,5480522346;6,6202819347
202200042425;17;6;2022;02:32;5;92;2;1;1;6;48,9066390000;2,2464500000
202200042426;23;2;2022;20:56;5;92;2;2;1;6;48,8450311833;2,2372305393
202200042427;21;8;2022;14:00;1;64;1;1;1;6;43,3052870000; -1,2660240000
202200042428;17;8;2022;00:27;3;64;1;1;1;7;43,4034420000; -1,5687270000
202200042429;12;7;2022;22:02;5;92;2;2;1;3;48,8373200000;2,2457800000
202200042430;23;2;2022;12:30;1;92;2;6;1;2;48,8479119235;2,2418247610
202200042431;20;8;2022;04:00;3;43;1;1;1;6;45,3158728782;3,9841961861
202200042432;12;7;2022;18:00;1;57;1;1;1;7;48,7542271066;7,0357936621
202200042433;21;8;2022;07:50;1;16;2;1;1;6;45,4730050000;0,0293760000
202200042434;20;8;2022;12:45;1;07;2;3;1;6;45,2607960000;4,7032430000
202200042435;12;7;2022;19:00;1;01;1;1;1;1;46,0070740000;4,7951950000
202200042436;19;8;2022;17:10;1;21;2;1;1;7;47,2662930000;4,5384800000
202200042437;21;8;2022;06:50;2;24;1;1;9;6;44,8429080000;1,3216640000
202200042438;24;2;2022;16:20;1;12;1;1;8;1;44,4233694900;1,9566455484
202200042439;12;7;2022;16:00;1;64;1;3;1;3;43,5114962775; -0,6170850992
202200042440;20;8;2022;18:05;1;04;1;9;1;3;44,2441690000;6,6151640000
202200042441;23;2;2022;17:15;1;972;2;3;1;3;14,5233350000; -60,9769560000
202200042442;19;8;2022;15:40;1;85;2;1;1;3;46,8346400000; -1,8665600000
202200042443;13;7;2022;05:25;3;87;1;1;1;3;45,6589841259;1,3987950677
202200042444;20;8;2022;02:20;3;85;1;1;1;7;46,7541871148; -0,7806148504
202200042445;18;2;2022;21:05;3;36;1;1;1;6;46,9015608668;1,7335653305
202200042446;12;7;2022;13:30;1;26;2;1;7;2;45,1955180000;4,8144990000
202200042447;21;8;2022;05:55;2;13;1;1;1;1;43,6076610000;5,3330420000
202200042448;21;2;2022;18:25;5;74;2;1;2;6;45,8349370000;6,1618550000
202200042449;20;8;2022;06:40;1;34;1;1;1;1;43,7021020000;4,1147230000
202200042450;12;7;2022;22:30;3;83;1;1;1;1;43,1387730000;6,0797630000