Accident_Id;jour;mois;an;hrmn;lum;dep;agg;int;atm;col;lat;long
202200043110;29;10;2022;17:00;1;75;2;1;1;6;48,8953800000;2,3607340000
202200043111;3;4;2022;15:40;1;13;1;1;1;7;43,2689090000;5,7243700000
202200043112;29;10;2022;15:30;1;75;2;2;1;3;48,8953100000;2,3375660000
202200043113;4;4;2022;08:30;1;32;1;1;1;6;43,6145780000;0,6778910000
202200043114;29;10;2022;10:07;1;75;2;2;1;3;48,8808540000;2,3125420000
202200043115;28;10;2022;11:00;1;75;2;1;1;6;48,8840280000;2,3209620000
202200043116;17;3;2022;06:45;2;17;2;9;1;1;45,2760110000; -0,4059040000
202200043117;29;10;2022;11:00;1;75;2;3;1;6;48,8382900000;2,2812890000
202200043118;11;6;2022;16:00;1;13;1;1;1;4;43,2974080000;5,4249190000
202200043119;2;4;2022;13:40;1;64;1;1;1;6;43,4467790000; -1,4202320000
202200043120;3;4;2022;03:40;5;44;2;1;1;6;47,3237300000; -2,0835700000
202200043121;29;10;2022;05:00;5;75;2;4;1;4;48,8387220000;2,3308180000
202200043122;29;10;2022;04:00;5;75;2;1;1;3;48,8428530000;2,3662060000
202200043123;3;4;2022;14:20;1;35;1;1;8;1;48,1302231962; -1,1671525240
202200043124;3;4;2022;06:50;3;13;1;1;1;1;43,3652700000;5,3605400000
202200043125;29;10;2022;08:05;2;75;2;2;1;3;48,8310270000;2,3776130000
202200043126;10;6;2022;19:22;1;13;1;1;1;4;43,2945270000;5,4245720000
202200043127;29;10;2022;00:55;5;75;2;4;1;3;48,8197220000;2,3729110000
202200043128;2;4;2022;01:50;5;13;1;1;1;3;43,3226641184;5,4228575528
202200043129;11;6;2022;13:00;1;13;1;1;1;2;43,2540600000;5,5946700000
202200043130;29;10;2022;22:30;5;75;2;2;1;3;48,8431940000;2,3703220000
202200043131;2;4;2022;19:45;1;91;1;1;1;3;48,7420610000;2,3218630000
202200043132;3;4;2022;16:05;1;78;1;1;1;6;48,8091770000;2,0543730000
202200043133;29;10;2022;20:30;4;75;2;2;1;3;48,8753270000;2,3509230000
202200043134;3;4;2022;13:30;1;95;1;1;1;2;48,9541300000;2,2789400000
202200043135;10;6;2022;23:35;3;57;1;9;1;6;49,3407200000;6,1820000000
202200043136;29;10;2022;17:50;1;75;2;2;1;3;48,8714960000;2,3603500000
202200043137;3;4;2022;10:15;1;93;1;1;1;6;48,9601710192;2,4735270436
202200043138;2;4;2022;18:40;1;93;1;1;1;7;48,9583100000;2,5281200000
202200043139;28;10;2022;16:00;1;75;2;2;1;3;48,8752720000;2,3322750000
202200043140;29;10;2022;15:10;1;75;2;3;1;7;48,8594920000;2,3264080000
202200043141;3;4;2022;18:30;1;94;1;1;1;4;48,8189400000;2,4078900000
202200043142;3;4;2022;15:30;1;94;1;1;1;2;48,8020023810;2,4478423529
202200043143;11;6;2022;05:35;2;54;1;1;1;2;48,6892200000;5,9809000000
202200043144;3;4;2022;14:30;1;77;1;1;1;2;48,9612356923;2,6182310574
202200043145;28;10;2022;22:40;5;94;2;1;1;3;48,7826500000;2,3939000000
202200043146;3;4;2022;00:30;5;95;2;1;1;2;48,9706400000;2,3946900000
202200043147;29;10;2022;15:07;1;94;2;2;1;3;48,7734100000;2,3995500000
202200043148;12;6;2022;01:46;5;33;1;1;1;4;44,9535830000; -0,4575270000
202200043149;2;4;2022;10:50;1;53;2;1;1;6;48,0646690000; -0,7771220000
202200043150;29;10;2022;15:07;1;94;2;1;1;3;48,7733900000;2,3995300000
202200043151;12;6;2022;05:45;1;91;1;1;1;7;48,6418600000;2,3928000000
202200043152;28;10;2022;22:40;5;94;2;1;1;3;48,7642270000;2,3181320000
202200043153;28;10;2022;13:30;1;94;2;1;1;6;48,8081241197;2,4191178381
202200043154;2;4;2022;17:04;1;988;2;3;1;6; -22,2690100000;166,4600600000
202200043155;28;10;2022;13:50;1;93;2;1;1;2;48,9727000000;2,3632000000
202200043156;12;6;2022;19:42;1;78;1;1;1;5;48,9645560000;1,8456590000
202200043157;2;4;2022;01:40;5;987;2;1;1;6; -17,5304700000; -149,5720500000
202200043158;29;10;2022;21:00;5;93;2;1;1;3;48,9339332746;2,4908831916
202200043159;2;4;2022;18:15;2;974;1;1;2;6; -20,8869000000;55,4404600000
202200043160;28;10;2022;17:00;1;93;2;1;1;6;48,8768219976;2,4815996797
202200043161;12;6;2022;14:40;1;93;1;1;1;6;48,9549194064;2,4572792150
202200043162;2;4;2022;16:15;1;974;2;1;3;1; -20,8724200000;55,4511600000
202200043163;29;10;2022;06:55;2;93;2;3;1;2;48,8921100000;2,5055900000
202200043164;29;10;2022;17:10;1;93;2;1;1;1;48,8964542335;2,4158136845
202200043165;12;6;2022;09:45;1;93;1;1;1;4;48,9015400000;2,4703400000
202200043166;2;4;2022;12:00;1;974;1;1;3;1; -20,8879100000;55,4408900000
202200043167;28;10;2022;06:40;5;93;2;2;1;3;48,9405410736;2,4493301542
202200043168;12;6;2022;08:20;1;93;1;1;1;6;48,9580300000;2,5285100000
202200043169;2;4;2022;11:30;1;973;2;1;2;7;4,9343269389; -52,3231440783
202200043170;29;10;2022;11:40;1;92;2;2;1;6;48,8040583556;2,2886061072
202200043171;2;4;2022;00:45;5;973;2;2;1;3;4,9381242217; -52,3315682262
202200043172;29;10;2022;22:50;5;92;2;1;1;7;48,8155600000;2,2566300000
202200043173;12;6;2022;07:00;1;94;1;1;1;2;48,8172046066;2,4285178250
202200043174;2;4;2022;09:30;1;69;1;1;2;6;45,6953000000;4,8440000000
202200043175;28;10;2022;09:25;1;92;2;1;1;6;48,7861305235;2,3018476367
202200043176;12;6;2022;04:40;2;94;1;1;1;1;48,7542436863;2,3810453254
202200043177;1;4;2022;07:14;1;69;2;1;2;6;45,7495200000;4,7957100000
202200043178;30;10;2022;14:11;1;54;1;2;1;3;48,4569146370;6,1279249192
202200043179;11;6;2022;18:10;1;77;1;1;1;3;48,7910200000;2,6186500000
202200043180;2;4;2022;08:30;1;971;2;3;2;6;16,2185700000; -61,5130700000
202200043181;30;3;2022;08:55;1;2A;2;1;1;6;41,9248321604;8,7379857301
202200043182;11;6;2022;12:40;1;77;1;1;1;2;48,7522440000;2,6145390000
202200043183;29;10;2022;18:54;3;54;2;1;1;1;48,5370600000;6,1387200000
202200043184;10;6;2022;12:00;1;94;1;1;1;2;48,8225379882;2,3969069103
202200043185;28;10;2022;13:10;1;69;1;1;1;3;45,6752120000;4,7715960000
202200043186;1;4;2022;20:55;5;95;2;1;8;1;49,0011729109;2,4077278376
202200043187;30;10;2022;02:14;5;06;1;1;1;1;43,6566990000;7,0899520000
202200043188;22;1;2022;20:10;3;74;1;4;1;6;45,8377510000;5,9770080000
202200043189;12;10;2022;21:00;5;31;2;1;1;3;43,6611850000;1,4466280000
202200043190;2;4;2022;16:05;1;91;2;1;1;6;48,6437550000;2,2663350000
202200043191;27;1;2022;14:25;1;64;2;1;1;5;43,4503660000; -1,5636400000
202200043192;27;10;2022;19:10;2;31;2;3;1;3;43,5164320000;1,4983410000
202200043193;2;4;2022;13:20;1;91;2;3;1;3;48,6508030000;2,3555990000
202200043194;2;4;2022;09:30;1;91;1;1;1;2;48,4467200000;2,1756500000
202200043195;29;10;2022;01:45;3;972;2;1;1;1;14,8311044104; -61,0455054045
202200043196;30;10;2022;12:08;1;83;1;1;1;7;43,4576850000;6,4210800000
202200043197;11;6;2022;00:35;5;83;2;2;1;1;43,1245300000;6,1546900000
202200043198;1;4;2022;16:43;1;88;2;1;2;6;48,2683400000;6,9810900000
202200043199;28;10;2022;16:00;1;63;1;1;1;1;46,0246673319;3,2176342607
202200043200;2;4;2022;18:35;1;83;2;6;1;5;43,1321320802;5,9041191190
202200043201;2;4;2022;16:00;1;83;2;1;1;6;43,1283815164;5,9817016125
202200043202;30;10;2022;15:40;1;01;2;1;7;1;46,3250760000;6,0849340000
202200043203;2;4;2022;14:30;1;77;2;1;1;6;48,4027600000;2,6955000000
202200043204;30;10;2022;02:30;3;30;1;1;5;6;44,1355140000;4,4952540000
202200043205;2;4;2022;11:15;1;76;1;1;1;6;49,3737500000;1,0840200000
202200043206;2;4;2022;21:15;2;71;2;1;1;7;46,6459000000;4,3359330000
202200043207;29;10;2022;16:50;1;87;1;2;1;5;45,9577660000;1,2345030000
202200043208;2;4;2022;21:15;5;69;2;2;2;3;45,7775500000;4,8815000000
202200043209;30;10;2022;02:10;3;41;1;1;1;6;47,8362300000;0,9938760000
202200043210;1;4;2022;16:05;1;64;2;1;2;7;43,4410285969; -1,5774822235
202200043211;30;10;2022;13:25;1;59;2;1;1;3;50,4584230000;3,5060600000
202200043212;29;10;2022;12:00;1;34;1;6;1;3;43,7068330000;3,9403260000
202200043213;1;4;2022;16:55;1;61;2;3;4;3;48,4307100000;0,1019400000
202200043214;29;10;2022;14:30;1;59;1;1;1;7;50,2085220000;3,3849910000
202200043215;2;4;2022;12:00;1;54;2;1;1;1;48,7038367281;6,1757513881
202200043216;30;10;2022;00:50;3;2B;1;1;1;7;42,4782260000;9,4289300000
202200043217;2;4;2022;17:00;1;51;2;2;1;3;49,2522480000;4,0493970000
202200043218;29;10;2022;21:40;3;69;1;1;1;6;46,1681370000;4,7202270000
202200043219;2;4;2022;18:45;1;37;2;1;1;3;47,3752644961;0,7075104117
202200043220;29;10;2022;05:00;3;11;1;1;1;6;43,1321840000;2,8656080000
202200043221;30;10;2022;18:48;3;63;1;1;1;6;45,5823290000;3,0854850000
202200043222;2;4;2022;20:20;1;35;2;1;1;3;48,1015306693; -1,6707510129
202200043223;2;4;2022;07:20;2;35;2;5;1;6;48,1385041105; -1,6586579382
202200043224;29;10;2022;20:30;3;49;1;1;1;1;47,5880129126;0,1398153385
202200043225;26;10;2022;05:45;3;42;1;1;1;6;45,5467700000;4,1709210000
202200043226;2;4;2022;05:35;5;35;2;1;1;6;48,1038323126; -1,6959701478
202200043227;30;10;2022;14:30;1;34;1;1;1;7;43,4085590000;3,0008660000
202200043228;29;10;2022;23:30;3;39;1;1;1;6;47,1500270000;5,7009660000
202200043229;1;4;2022;15:10;1;34;2;3;1;3;43,5781000000;3,8759700000
202200043230;2;4;2022;18:55;1;33;1;1;1;6;44,7936010144; -0,5321120471
202200043231;29;10;2022;19:10;3;25;1;1;1;3;47,2045110000;6,3947300000
202200043232;2;4;2022;12:00;1;33;2;1;1;4;44,8119200000; -0,6169700000
202200043233;30;10;2022;05:30;2;25;1;1;1;1;47,1114370000;5,9063100000
202200043234;30;10;2022;14:45;1;29;2;3;1;3;48,2529300000; -3,8275070000
202200043235;2;4;2022;08:55;1;33;1;3;1;3;44,5873700000; -1,2040100000
202200043236;29;10;2022;17:45;2;29;2;1;1;6;48,4306600000; -4,4712420000
202200043237;2;4;2022;09:15;1;27;2;7;1;3;49,2744900000;1,2065300000
202200043238;30;10;2022;15:30;1;31;2;1;1;7;43,0475570000;0,7715540000
202200043239;29;10;2022;22:50;3;31;1;1;6;6;43,7219320000;1,0455040000
202200043240;29;10;2022;15:35;1;31;1;1;1;6;43,6715670000;1,5204490000
202200043241;2;4;2022;13:00;1;13;2;1;1;3;43,3750457351;5,3557687583
202200043242;1;4;2022;21:30;5;13;2;2;1;1;43,2754400000;5,3959600000
202200043243;30;10;2022;05:40;3;02;1;1;1;1;49,9624270000;3,9953380000
202200043244;2;4;2022;21:00;3;13;1;1;1;2;43,6548900000;4,6677700000
202200043245;30;10;2022;13:30;1;84;1;1;1;1;44,0515930000;5,1645880000
202200043246;2;4;2022;11:28;1;10;2;1;1;6;48,2737107636;4,0576887131
202200043247;30;10;2022;12:10;1;84;1;1;1;2;44,1356680000;5,4151710000
202200043248;2;4;2022;18:35;1;06;2;6;2;3;43,6450400000;6,9406970000
202200043249;30;10;2022;12:40;1;01;1;1;1;6;45,7092380000;5,7262050000
202200043250;1;4;2022;16:00;1;75;2;3;2;7;48,8352490000;2,2854710000
202200043251;29;10;2022;17:45;1;26;1;1;1;1;44,6924134641;5,1850962639
202200043252;29;10;2022;18:30;2;54;2;3;1;3;48,6812700000;5,7607300000
202200043253;1;4;2022;23:20;5;75;2;2;1;3;48,8347670000;2,3168560000
202200043254;29;10;2022;23:20;3;45;1;1;1;6;47,9981400000;2,9829800000
202200043255;1;4;2022;23:50;5;75;2;3;8;6;48,8259120000;2,3223900000
202200043256;30;10;2022;02:00;3;40;1;1;1;7;43,7307860000; -0,5722120000
202200043257;2;4;2022;10:05;1;75;2;1;1;1;48,8419050000;2,3718440000
202200043258;26;10;2022;08:00;2;85;1;2;1;3;46,8246130000; -0,8862560000
202200043259;28;10;2022;12:10;1;85;1;1;1;4;46,7091150000; -1,0649380000
202200043260;2;4;2022;02:40;5;75;2;1;1;5;48,8290540000;2,3873280000
202200043261;27;10;2022;17:00;1;17;1;9;1;7;45,3144444362; -0,2304875851
202200043262;2;4;2022;18:10;1;75;2;2;1;1;48,8612320000;2,3582090000
202200043263;30;10;2022;16:05;1;88;1;1;1;7;47,8411020000;6,8326380000
202200043264;29;10;2022;15:45;1;31;1;1;1;1;43,1191230000;0,9315630000
202200043265;2;4;2022;01:45;5;75;2;2;2;3;48,8695420000;2,3367820000
202200043266;2;4;2022;16:50;1;94;2;1;1;6;48,7527300000;2,4541500000
202200043267;30;10;2022;11:10;1;976;1;1;7;5; -12,7354190000;45,1189160000
202200043268;2;4;2022;15:10;1;94;2;1;1;3;48,8050100000;2,4390700000
202200043269;29;10;2022;19:40;3;30;1;1;1;2;43,8633100000;4,4322320000
202200043270;1;4;2022;21:40;5;94;2;1;1;2;48,7912044020;2,4550487274
202200043271;30;10;2022;06:45;1;988;1;1;1;6; -21,4862170000;167,9170560000
202200043272;30;10;2022;03:45;3;988;1;1;2;7; -21,6519200000;166,1747000000
202200043273;2;4;2022;16:15;1;94;2;3;1;3;48,8252300000;2,4079100000
202200043274;30;10;2022;09:15;1;986;2;1;1;7; -13,3118710000; -176,1886450000
202200043275;2;4;2022;19:10;1;93;2;3;1;2;48,9620100000;2,3703400000
202200043276;2;4;2022;14:30;1;93;2;1;1;2;48,9049226311;2,3933503926
202200043277;17;10;2022;21:35;5;21;2;5;1;3;47,3132250000;5,0975690000
202200043278;1;4;2022;14:00;1;93;2;3;2;1;48,9315400000;2,5747000000
202200043279;30;10;2022;13:27;1;29;1;1;8;1;47,8514490000; -3,5709430000
202200043280;2;4;2022;15:14;1;93;2;1;1;2;48,9333100000;2,3869800000
202200043281;30;10;2022;15:30;1;2A;1;1;1;1;41,6314740000;9,3199840000
202200043282;3;4;2022;10:15;2;22;1;3;1;1;48,4669820000; -2,1233870000
202200043283;29;10;2022;21:15;3;34;1;1;1;1;43,6859325368;4,0199741901
202200043284;2;4;2022;11:30;1;35;1;1;1;3;48,0364786745; -1,6873374581
202200043285;29;10;2022;11:15;1;83;1;1;1;6;43,6163410000;6,7157580000
202200043286;2;4;2022;09:50;1;63;1;1;4;6;45,5668960000;3,2496680000
202200043287;2;4;2022;14:00;1;62;1;1;1;1;50,5061880000;1,7959410000
202200043288;29;10;2022;14:40;1;13;2;3;1;1;43,2734790000;5,7114640000
202200043289;2;4;2022;23:25;3;59;1;1;1;2;50,1034290000;3,4265540000
202200043290;30;10;2022;12:10;1;68;1;1;1;7;47,8237038355;7,1629345413
202200043291;1;4;2022;17:10;1;19;1;1;9;6;45,4579480000;1,9634520000
202200043292;28;10;2022;16:40;1;68;2;1;1;2;47,7688110000;7,3898940000
202200043293;2;4;2022;12:56;1;65;1;1;1;7;43,2925520000;0,5158300000
202200043294;30;10;2022;15:00;1;88;1;1;1;6;48,0306610000;6,8699850000
202200043295;2;4;2022;00:10;3;33;1;1;9;6;44,4525430000; -0,4112740000
202200043296;3;4;2022;03:30;3;81;1;1;1;6;43,8269880000;1,8764730000
202200043297;30;10;2022;04:00;3;03;1;1;1;7;46,0615890000;3,6282350000
202200043298;3;4;2022;12:33;1;11;1;1;1;6;42,9468110000;2,8280350000
202200043299;2;4;2022;20:11;2;89;1;1;4;7;47,6970680000;3,1692110000
202200043300;29;10;2022;14:47;1;73;1;1;1;2;45,6754220000;5,8530520000
202200043301;1;4;2022;19:45;2;76;2;1;1;6;50,0591133422;1,3788941503
202200043302;29;10;2022;15:00;1;42;2;1;1;2;45,4510070000;4,7537810000
202200043303;3;4;2022;17:27;1;61;1;1;1;7;48,3701960000;0,8580920000
202200043304;3;4;2022;01:30;3;42;1;1;1;6;45,6007680000;4,2853890000
202200043305;2;4;2022;14:25;1;86;1;1;1;6;46,7407870000;0,5235730000
202200043306;26;10;2022;12:35;1;07;2;3;7;5;44,8978280000;4,8192210000
202200043307;3;4;2022;14:05;1;44;1;2;1;2;47,3677650000; -1,7299030000
202200043308;1;4;2022;16:50;1;26;1;9;4;2;44,7444170000;5,3855320000
202200043309;30;10;2022;17:00;2;69;2;2;1;1;45,9260770000;4,6862910000
202200043310;3;4;2022;11:45;1;54;1;1;1;6;48,5411737443;6,8419933313
202200043311;29;10;2022;22:50;3;60;1;1;1;7;49,1166640000;2,6472330000
202200043312;3;4;2022;12:55;1;14;2;1;1;6;49,2071640000;0,0820700000
202200043313;29;10;2022;18:45;3;59;1;1;1;6;50,3180155400;3,5687273741
202200043314;2;4;2022;23:15;5;18;2;1;1;6;47,2070810000;2,0431780000
202200043315;3;4;2022;11:28;1;53;2;1;1;7;48,2933510000; -0,1635180000
202200043316;28;10;2022;03:50;3;13;1;1;1;5;43,3832100000;5,3512700000
202200043317;3;4;2022;08:50;1;53;1;1;1;7;48,3549120000; -0,5862450000
202200043318;2;4;2022;17:15;1;53;2;1;1;2;48,1977330000; -1,0440870000
202200043319;29;10;2022;12:30;1;91;1;1;1;4;48,6675800000;2,3579100000
202200043320;3;4;2022;17:45;1;28;1;2;1;3;48,1920690000;1,8013500000
202200043321;29;10;2022;10:20;1;78;1;1;1;2;48,8524120000;2,0643620000
202200043322;2;4;2022;17:36;1;17;1;1;1;7;45,9915690000; -1,0442280000
202200043323;1;4;2022;19:35;1;17;2;1;1;7;45,4840000000; -0,7890900000
202200043324;29;10;2022;10:45;1;78;1;1;1;4;48,8572470000;2,0541320000
202200043325;2;4;2022;18:55;1;30;1;1;1;1;44,2128920000;4,3361250000
202200043326;25;10;2022;08:15;1;78;1;1;1;3;48,8000810000;1,9682530000
202200043327;2;4;2022;18:49;1;30;1;1;7;3;43,9922590000;4,3254160000
202200043328;3;4;2022;02:40;3;76;1;1;1;6;49,6038690000;0,4801370000
202200043329;28;10;2022;20:05;3;95;1;1;1;3;49,0333436049;2,1055538682
202200043330;3;4;2022;16:30;1;18;1;1;1;6;47,1250950000;1,9304530000
202200043331;2;4;2022;07:15;2;01;1;1;4;2;46,0340670000;5,3193350000
202200043332;29;10;2022;10:45;1;93;1;1;1;5;48,9084519447;2,3581552505
202200043333;29;10;2022;08:30;1;95;1;1;1;6;49,0626121997;2,3369510947
202200043334;3;4;2022;06:00;1;988;2;1;1;7; -22,2806600000;166,5798800000
202200043335;28;10;2022;20:10;3;95;1;1;1;5;48,9656566710;2,2585975521
202200043336;2;4;2022;15:20;1;83;2;9;1;3;43,4527370000;6,6914870000
202200043337;28;10;2022;08:30;1;95;1;1;1;5;48,9596762311;2,2718836052
202200043338;2;4;2022;21:55;5;57;2;1;1;2;49,1605060000;6,8537420000
202200043339;19;3;2022;16:05;1;65;2;1;1;7;43,0690990000;0,1518430000
202200043340;28;10;2022;06:30;4;95;1;1;1;2;48,9785899184;2,2301079603
202200043341;29;10;2022;03:40;3;94;1;1;1;6;48,7538424491;2,3542632476
202200043342;3;4;2022;06:00;3;49;1;1;1;1;47,2055020000; -0,9336450000
202200043343;27;10;2022;17:57;1;17;2;1;1;6;45,6248660000; -1,0223950000
202200043344;3;4;2022;14:30;1;57;2;1;1;7;49,4031359000;6,1563451000
202200043345;28;10;2022;19:50;5;988;2;1;1;6; -22,2440400000;166,4689800000
202200043346;26;10;2022;19:10;5;974;2;1;1;6; -20,8906000000;55,4645000000
202200043347;27;10;2022;16:15;3;974;1;1;1;3; -20,9603800000;55,3074400000
202200043348;2;4;2022;15:30;1;33;1;1;1;5;44,7928240000; -0,5398660000
202200043349;28;10;2022;19:00;5;2B;2;1;1;2;42,6498726994;9,4404391676
202200043350;2;4;2022;05:35;3;91;1;1;1;7;48,7494100000;2,2094580000
202200043351;28;10;2022;12:05;1;2A;2;1;1;3;41,9350100000;8,7521200000
202200043352;2;4;2022;01:29;3;92;1;1;2;6;48,7603064863;2,2822194786
202200043353;1;4;2022;08:37;5;94;1;1;1;2;48,7577500000;2,3281700000
202200043354;2;4;2022;14:30;1;78;1;1;1;7;48,7982040000;2,0095850000
202200043355;1;4;2022;22:30;5;92;1;1;2;2;48,8485446228;2,2283505179
202200043356;28;10;2022;14:25;1;91;2;1;1;3;48,7033870000;2,3042760000
202200043357;1;4;2022;15:45;1;92;1;1;4;2;48,9376888497;2,2967567326
202200043358;2;4;2022;16:40;1;93;1;1;1;7;48,9266789645;2,3358397729
202200043359;27;10;2022;17:40;1;91;1;9;1;4;48,7113260000;2,3048700000
202200043360;2;4;2022;17:00;1;93;1;1;1;5;48,9690300000;2,5060000000
202200043361;28;10;2022;16:35;1;91;2;1;1;1;48,7017600000;2,4255400000
202200043362;28;10;2022;14:20;1;91;2;1;9;6;48,7073900000;2,3821700000
202200043363;2;4;2022;13:20;1;93;1;1;1;4;48,9208600000;2,4795000000
202200043364;22;10;2022;14:10;1;83;2;1;1;6;43,4383100000;6,7139600000
202200043365;19;9;2022;18:50;1;77;2;6;1;3;48,7612700000;2,6787400000
202200043366;1;4;2022;23:15;3;93;1;1;1;4;48,8683800000;2,4822300000
202200043367;1;4;2022;23:45;3;92;1;1;9;2;48,9378886633;2,2976672190
202200043368;28;10;2022;21:00;5;77;2;2;1;3;48,8582800000;2,7610600000
202200043369;2;4;2022;00:15;3;94;1;1;8;6;48,8539759121;2,4889206292
202200043370;27;10;2022;15:00;1;76;2;1;1;3;49,2921800000;1,0209400000
202200043371;1;4;2022;17:30;1;94;1;1;2;4;48,8250000000;2,3932300000
202200043372;28;10;2022;06:20;5;76;2;3;1;2;49,4408000000;1,0829700000
202200043373;28;10;2022;21:15;5;72;2;9;1;6;48,0104400000;0,1935400000
202200043374;29;3;2022;17:30;1;51;2;1;1;6;49,2388639856;4,0309926867
202200043375;28;10;2022;14:40;1;72;2;1;1;6;47,9692200000;0,2040700000
202200043376;28;10;2022;14:50;1;71;2;9;1;3;46,7930800000;4,4481500000
202200043377;25;10;2022;08:00;1;69;2;1;7;6;45,7776654901;4,9171999097
202200043378;28;10;2022;16:20;1;64;2;3;1;3;43,4234800000; -1,6050200000
202200043379;28;10;2022;21:20;5;64;2;1;1;6;43,4423100000; -1,5865200000
202200043380;1;4;2022;12:50;1;86;2;1;6;6;46,5762830000;0,3729820000
202200043381;28;10;2022;10:50;1;64;2;1;1;3;43,5034907145; -1,4661843181
202200043382;27;10;2022;20:10;4;64;2;1;1;3;43,4879200000; -1,4748350000
202200043383;26;10;2022;15:55;1;64;2;1;1;3;43,4799700000; -1,5076800000
202200043384;23;10;2022;03:40;5;62;2;1;1;6;50,4273800000;2,8099350000
202200043385;28;10;2022;21:35;5;59;2;2;1;3;50,7363962890;3,1495893002
202200043386;28;10;2022;15:45;1;59;1;1;1;6;50,7361246817;3,0581367016
202200043387;28;10;2022;06:33;5;59;2;6;1;3;50,6436426291;3,0724033713
202200043388;27;10;2022;17:15;1;56;2;9;1;3;47,7775300000; -3,3439500000
202200043389;28;10;2022;10:30;1;54;2;1;1;1;48,6832000000;6,2211600000
202200043390;27;10;2022;15:46;1;49;2;1;1;2;47,4725500000; -0,5629000000
202200043391;25;10;2022;16:29;2;40;2;3;1;6;43,8890600000; -0,5008000000
202200043392;28;10;2022;19:50;5;37;2;2;1;3;47,3759365506;0,6944721937
202200043393;28;10;2022;10:25;1;37;2;1;1;6;47,3840300000;0,7039400000
202200043394;28;10;2022;20:10;5;35;2;2;1;6;48,0941682607; -1,6489671171
202200043395;28;10;2022;14:30;1;35;1;1;1;5;48,1144395202; -1,5758594871
202200043396;28;10;2022;13:50;1;33;2;1;1;3;44,8436600000; -0,5993100000
202200043397;28;10;2022;10:50;1;29;1;1;1;2;47,9956500000; -4,0730800000
202200043398;27;10;2022;12:10;1;25;2;1;1;6;47,2418900000;6,0083200000
202200043399;28;10;2022;10:10;1;13;2;9;1;2;43,6445065872;5,1026022122
202200043400;28;10;2022;05:30;5;13;2;2;1;1;43,2750000000;5,4170000000
202200043401;27;10;2022;23:26;5;13;2;1;1;3;43,2728591257;5,3992685178
202200043402;27;10;2022;17:00;1;11;2;1;1;2;43,2176000000;2,3445000000
202200043403;28;10;2022;20:31;5;10;1;6;1;3;48,2674478788;4,0613526106
202200043404;21;10;2022;05:10;5;10;2;1;1;2;48,2728700000;4,0898900000
202200043405;29;10;2022;23:15;3;09;2;8;1;1;43,1145490000;1,6202160000
202200043406;27;10;2022;18:05;2;06;1;1;1;1;43,7972900000;7,4826560000
202200043407;28;10;2022;21:00;3;06;1;1;1;6;43,6427560000;6,9064920000
202200043408;21;10;2022;18:55;5;05;2;6;3;4;44,9056770000;6,6282090000
202200043409;28;10;2022;18:35;5;75;2;1;1;3;48,8266350000;2,3889950000
202200043410;28;10;2022;09:45;1;75;2;1;1;2;48,8256230000;2,3009650000
202200043411;13;5;2022;19:09;1;93;2;1;1;6;48,9115900000;2,3677400000
202200043412;13;5;2022;09:20;1;92;2;4;1;7;48,8578000000;2,2104000000
202200043413;25;10;2022;20:00;5;75;2;4;1;3;48,8772090000;2,2791590000
202200043414;13;5;2022;10:25;1;92;2;2;1;6;48,8148529737;2,3192688525
202200043415;13;5;2022;20:00;1;92;2;1;1;7;48,9065930000;2,2468070000
202200043416;13;5;2022;18:35;1;92;2;1;1;6;48,8952968643;2,2498323619
202200043417;27;10;2022;22:40;5;75;2;1;1;4;48,8275810000;2,3921450000
202200043418;13;5;2022;13:30;1;92;2;1;1;6;48,8985100870;2,2401391267
202200043419;12;5;2022;23:20;5;92;2;1;1;7;48,7921600000;2,2525400000
202200043420;13;5;2022;19:55;1;92;2;1;1;3;48,8313250000;2,2561780000
202200043421;12;5;2022;14:06;1;92;2;1;1;6;48,8278943450;2,2362613901
202200043422;18;4;2022;01:10;3;974;1;1;1;7; -20,9858430000;55,2914640000
202200043423;13;5;2022;19:25;1;37;1;1;1;1;47,5416150000;0,9836380000
202200043424;14;5;2022;01:30;3;08;1;1;1;6;49,6984490000;5,0784840000
202200043425;13;5;2022;21:30;3;86;1;1;1;7;46,2905910000;0,5307770000
202200043426;14;5;2022;12:00;1;38;1;1;1;7;45,4995340000;5,0183700000
202200043427;14;5;2022;04:10;5;68;2;1;1;6;47,9062270000;7,2191670000
202200043428;2;5;2022;15:45;1;06;2;1;1;3;43,6416440000;7,1424640000
202200043429;14;5;2022;11:00;1;49;1;1;1;1;47,1566190000; -0,7342550000
202200043430;14;5;2022;03:19;3;974;2;1;1;7; -21,3738280000;55,6317830000
202200043431;13;5;2022;15:00;1;62;2;2;1;3;50,6010710000;2,5063960000
202200043432;13;5;2022;20:30;1;56;1;1;1;7;47,6882760000; -2,4079910000
202200043433;14;5;2022;11:30;1;79;1;1;1;7;46,5046770000; -0,3367890000
202200043434;13;5;2022;17:50;1;2A;2;3;1;5;41,6609300000;9,3600190000
202200043435;13;5;2022;19:45;1;33;1;2;1;3;44,8457531677; -0,0490843816
202200043436;14;5;2022;18:00;1;63;1;2;1;3;45,7597390000;3,3879970000
202200043437;13;5;2022;20:00;1;49;2;1;1;6;47,2363180000;0,0519330000