Accident_Id;jour;mois;an;hrmn;lum;dep;agg;int;atm;col;lat;long
202200043438;10;5;2022;18:25;1;42;1;1;1;1;45,6142660000;4,3731270000
202200043439;14;5;2022;16:00;1;42;2;1;1;7;45,2663740000;4,4952300000
202200043440;14;5;2022;04:15;3;47;1;1;1;6;44,3207970000;0,0502220000
202200043441;14;5;2022;14:57;1;34;1;1;1;6;43,8820420000;3,3099100000
202200043442;13;5;2022;22:45;3;34;1;1;1;6;43,4894200000;3,2927330000
202200043443;13;5;2022;17:50;1;29;1;1;1;5;48,3974470000; -4,4338700000
202200043444;13;5;2022;15:40;1;03;2;2;1;3;46,3439500000;3,2862640000
202200043445;14;5;2022;04:45;2;01;1;1;1;6;46,3371660000;5,1338550000
202200043446;14;5;2022;13:05;1;26;1;1;1;6;44,8249060000;5,3845190000
202200043447;13;5;2022;21:30;3;26;1;3;1;1;44,7620050000;4,8810520000
202200043448;13;5;2022;16:30;1;09;1;1;1;7;42,9784200000;1,6726470000
202200043449;14;5;2022;19:50;1;60;2;3;1;3;49,5753270703;2,1187139153
202200043450;14;5;2022;15:40;1;43;1;3;1;3;45,0514732343;4,3331408501
202200043451;13;5;2022;17:10;1;07;1;1;1;6;44,5003740000;4,2769650000
202200043452;13;5;2022;15:05;1;08;1;1;1;7;50,0054500000;4,7962620000
202200043453;7;5;2022;16:45;1;06;2;1;1;6;43,6056470000;6,9593570000
202200043454;13;5;2022;20:40;5;987;2;6;1;1; -17,5461170000; -149,5834270000
202200043455;13;5;2022;18:15;1;27;1;1;1;6;49,3255590000;0,3327550000
202200043456;13;5;2022;20:00;3;988;1;1;1;6; -21,6423600000;165,8238000000
202200043457;13;5;2022;20:45;2;37;1;1;1;1;47,3212400000;1,0539360000
202200043458;10;5;2022;12:55;1;91;2;-1;1;6;48,5938530000;2,1969870000
202200043459;14;5;2022;03:00;3;73;1;1;1;3;45,2662030000;6,3840010000
202200043460;14;5;2022;14:05;1;42;2;1;1;6;45,6083300000;4,0891940000
202200043461;14;5;2022;01:11;3;81;1;1;1;1;43,8758550000;1,9086330000
202200043462;14;5;2022;17:00;1;64;2;1;1;3;43,3049480000; -0,4435680000
202200043463;14;5;2022;12:20;1;33;2;1;1;6;44,7611830000;0,2488820000
202200043464;14;5;2022;07:00;1;56;1;1;1;1;47,6319810000; -2,9904480000
202200043465;13;5;2022;18:29;1;27;1;3;1;1;49,1511054100;1,3763916492
202200043466;14;5;2022;10:18;1;60;1;6;1;6;49,1494198082;2,8116846082
202200043467;13;5;2022;18:10;1;60;2;1;1;7;49,3729650000;2,4575120000
202200043468;6;5;2022;14:25;1;69;1;1;1;3;45,5883500000;4,7911600000
202200043469;10;5;2022;06:35;1;33;1;1;1;6;44,8106500000; -0,5218900000
202200043470;7;5;2022;04:55;5;33;1;1;1;2;44,8831400000; -0,5206800000
202200043471;30;4;2022;00:45;3;59;1;1;1;6;50,6531492479;3,1051254272
202200043472;11;5;2022;20:45;1;62;1;1;1;6;50,4467200000;2,8387300000
202200043473;13;5;2022;16:55;1;91;1;1;1;4;48,6248500000;2,3112100000
202200043474;13;5;2022;12:40;1;91;1;1;1;3;48,6970000000;2,2379000000
202200043475;13;5;2022;10:05;1;94;1;1;1;3;48,7629172813;2,3443083828
202200043476;13;5;2022;08:20;1;94;1;1;1;4;48,7732714467;2,3461107514
202200043477;13;5;2022;09:20;1;91;1;1;1;3;48,7409900000;2,1844300000
202200043478;13;5;2022;07:45;1;92;1;1;1;5;48,7605324566;2,2917869389
202200043479;13;5;2022;06:10;1;78;1;1;1;7;48,9322180000;1,9760140000
202200043480;12;5;2022;20:50;2;77;1;1;1;7;48,8323110000;2,6660870000
202200043481;5;5;2022;20:10;1;94;1;1;1;3;48,8267619877;2,5125233880
202200043482;12;4;2022;12:15;1;26;1;1;1;6;44,5980270000;4,9506770000
202200043483;11;4;2022;16:10;1;68;1;1;1;7;47,7543700000;7,3082000000
202200043484;28;3;2022;18:35;2;06;1;1;1;3;43,7980030000;7,4841690000
202200043485;12;5;2022;08:30;1;988;2;2;1;3; -22,2621100000;166,4470200000
202200043486;12;5;2022;21:30;5;976;2;1;1;3; -12,8170600000;45,1982300000
202200043487;12;5;2022;09:20;1;974;2;1;1;6; -20,9264200000;55,4869400000
202200043488;12;5;2022;07:30;1;974;2;6;1;3; -20,9005400000;55,4874200000
202200043489;11;5;2022;22:50;5;973;2;2;1;3;4,9393828518; -52,3293158412
202200043490;12;5;2022;20:50;2;69;2;3;1;3;45,7246586208;4,8540875316
202200043491;11;5;2022;10:25;1;69;2;1;1;1;45,7733000000;4,8354200000
202200043492;29;4;2022;13:00;1;971;1;1;2;3;16,2730400000; -61,5211400000
202200043493;11;5;2022;13:45;1;91;2;2;1;3;48,6255200000;2,3140600000
202200043494;12;5;2022;13:30;1;91;2;2;1;3;48,7018500000;2,3633400000
202200043495;11;5;2022;17:55;1;88;2;1;1;3;48,1843400000;6,4613000000
202200043496;11;5;2022;13:30;1;84;1;2;1;3;43,9298000000;4,8383400000
202200043497;10;5;2022;09:50;1;84;1;3;1;6;43,9402100000;4,8296400000
202200043498;10;5;2022;07:50;1;30;1;3;1;2;43,9573700000;4,7948100000
202200043499;8;5;2022;03:30;5;84;2;1;1;3;43,9528800000;4,8154600000
202200043500;12;5;2022;12:00;1;83;1;1;1;2;43,1433953084;6,0320949554
202200043501;11;5;2022;11:47;1;79;2;1;1;3;46,3164800000; -0,4781800000
202200043502;5;5;2022;17:30;1;78;2;4;1;3;48,9958610000;1,7332800000
202200043503;11;5;2022;17:25;1;77;1;1;1;6;48,8566200000;2,6386500000
202200043504;11;5;2022;13:32;1;77;1;1;1;5;48,5571200000;2,6004200000
202200043505;12;5;2022;17:50;1;77;2;1;1;2;48,4293488222;2,7569958980
202200043506;12;5;2022;06:15;1;77;2;6;1;6;48,2620900000;2,6926600000
202200043507;11;5;2022;08:40;1;76;2;2;1;3;49,5154100000;0,1053200000
202200043508;11;5;2022;14:00;1;71;2;1;1;3;46,6797600000;4,3673400000
202200043509;12;5;2022;19:15;1;69;2;1;1;2;45,7344906386;4,8895061016
202200043510;11;5;2022;18:30;1;69;2;1;1;6;45,7652300000;4,9011000000
202200043511;12;5;2022;17:30;1;69;2;2;1;7;45,9984200000;4,7086100000
202200043512;11;5;2022;15:50;1;68;2;2;1;3;47,7562300000;7,3547800000
202200043513;7;5;2022;19:50;1;67;2;1;1;6;48,6180200000;7,7635500000
202200043514;12;5;2022;18:35;1;64;2;1;1;3;43,3051225543; -0,3281521797
202200043515;12;5;2022;14:20;1;64;2;1;1;3;43,4753200000; -1,5576000000
202200043516;10;5;2022;17:55;1;64;2;1;1;7;43,4382890000; -1,5892390000
202200043517;11;5;2022;17:00;1;64;2;6;1;6;43,4644000000; -1,5332900000
202200043518;11;5;2022;19:54;1;63;2;1;1;2;45,7709000000;3,0945500000
202200043519;12;5;2022;16:20;1;59;2;1;1;6;50,7495368080;3,1231293082
202200043520;12;5;2022;10:30;1;59;2;2;1;3;50,6823543653;3,1835970282
202200043521;12;5;2022;09:35;1;59;2;1;1;3;50,6572700000;3,0737500000
202200043522;12;5;2022;08:05;1;59;2;2;7;1;50,6234200000;2,9598200000
202200043523;12;5;2022;16:25;1;59;2;1;1;6;50,7179267970;2,5357523561
202200043524;11;5;2022;18:44;1;57;2;2;1;3;49,2561500000;6,1389300000
202200043525;12;5;2022;08:00;1;56;2;6;1;3;47,7660100000; -3,4007400000
202200043526;11;5;2022;07:35;2;56;2;1;7;3;47,7578900000; -3,3500400000
202200043527;12;5;2022;22:15;5;54;2;1;1;2;48,9006510000;6,0513140000
202200043528;12;5;2022;10:05;1;54;2;1;1;6;48,6990700000;6,1732800000
202200043529;11;5;2022;08:55;1;50;2;3;1;3;48,8351400000; -1,6084300000
202200043530;12;5;2022;07:39;1;49;2;1;1;7;47,4670000000; -0,5563100000
202200043531;12;5;2022;02:05;5;49;2;1;1;6;47,5018500000; -0,5963000000
202200043532;11;5;2022;17:30;1;49;2;1;1;3;47,4737500000; -0,5766600000
202200043533;11;5;2022;14:33;1;49;2;2;1;3;47,4789100000; -0,5450600000
202200043534;11;5;2022;11:00;1;47;2;6;7;6;44,1939100000;0,5977300000
202200043535;13;5;2022;01:50;5;45;2;3;1;1;47,9142900000;1,9052000000
202200043536;12;5;2022;09:48;1;45;2;1;1;3;47,8561000000;1,9016200000
202200043537;5;5;2022;12:00;1;44;2;1;1;1;47,2732700000; -2,2156900000
202200043538;12;5;2022;17:15;1;44;2;1;1;3;47,2184800000; -1,6180100000
202200043539;10;5;2022;14:40;1;44;2;1;1;2;47,2052880000; -1,5383460000
202200043540;12;5;2022;07:00;1;44;1;1;1;3;47,1865500000; -1,5986200000
202200043541;11;5;2022;16:30;1;42;2;1;1;6;45,4613800000;4,4973300000
202200043542;8;5;2022;16:55;1;42;2;1;1;7;45,4602500000;4,4946700000
202200043543;12;5;2022;10:10;1;42;2;6;1;3;46,0337458797;4,0775629878
202200043544;12;5;2022;17:55;1;37;2;1;1;5;47,4248600000;0,6972300000
202200043545;12;5;2022;07:10;1;37;2;1;1;6;47,3442100000;0,6584000000
202200043546;12;5;2022;06:10;2;37;2;6;1;3;47,3735607088;0,6786954403
202200043547;12;5;2022;19:41;1;35;2;1;1;6;48,0970769187; -1,6904709488
202200043548;8;5;2022;13:30;1;34;2;9;1;1;43,3078427854;3,4938109893
202200043549;10;5;2022;18:45;1;33;2;3;1;3;44,8605100000; -0,5148000000
202200043550;4;5;2022;09:16;1;33;2;3;1;3;44,8422400000; -0,6037000000
202200043551;11;5;2022;10:00;1;29;2;1;1;6;47,9955000000; -4,0872800000
202200043552;11;5;2022;14:50;1;29;2;6;1;7;47,8761000000; -3,9247500000
202200043553;12;5;2022;13:50;1;27;2;1;1;6;49,0208200000;1,1450400000
202200043554;11;4;2022;07:30;2;22;2;6;1;3;48,4981900000; -2,7724300000
202200043555;11;5;2022;08:00;1;22;2;6;1;2;48,7313300000; -3,4650100000
202200043556;13;4;2022;12:15;1;16;2;2;1;3;45,6996800000; -0,3195000000
202200043557;12;5;2022;18:40;1;14;2;1;1;6;49,4075900000;0,2697600000
202200043558;12;5;2022;19:15;1;13;2;1;1;3;43,3923579906;5,2353146084
202200043559;12;5;2022;11:00;1;13;1;2;1;1;43,4135900000;5,3665700000
202200043560;11;5;2022;23:30;3;13;2;1;1;1;43,3950400000;5,0278000000
202200043561;12;5;2022;19:40;2;13;1;1;1;7;43,3807500000;5,5440300000
202200043562;12;5;2022;17:33;1;13;2;3;1;3;43,3020900000;5,3713600000
202200043563;12;5;2022;12:30;1;13;2;1;1;3;43,2932600000;5,4454400000
202200043564;11;5;2022;16:50;1;13;2;1;1;5;43,2488133784;5,4417564095
202200043565;11;5;2022;14:25;1;11;1;1;1;2;43,2315800000;2,3228400000
202200043566;12;5;2022;07:52;1;10;2;6;1;3;48,2880000000;4,0811000000
202200043567;11;5;2022;13:30;1;10;1;1;1;4;48,2930158985;4,1460514069
202200043568;11;5;2022;18:40;1;07;2;1;1;3;44,6843300000;4,3670700000
202200043569;12;5;2022;21:15;5;06;2;1;1;7;43,7660050000;7,4877950000
202200043570;12;5;2022;11:50;1;06;2;1;1;6;43,5521400000;7,0275400000
202200043571;11;5;2022;07:30;1;06;2;1;1;2;43,5506600000;6,9986900000
202200043572;11;5;2022;17:00;1;06;2;1;1;6;43,6661000000;7,1535100000
202200043573;8;5;2022;21:00;2;02;2;1;1;3;49,5655700000;3,6275000000
202200043574;11;5;2022;14:15;1;75;2;1;1;4;48,8174460000;2,3341620000
202200043575;11;5;2022;09:24;1;75;2;2;1;7;48,8489832855;2,3254202306
202200043576;12;5;2022;01:00;5;75;2;1;1;3;48,8559740292;2,4150878191
202200043577;12;5;2022;18:20;1;75;2;2;1;3;48,8883753287;2,3741277469
202200043578;12;5;2022;17:00;1;75;2;2;1;2;48,8877755118;2,3892779664
202200043579;12;5;2022;16:50;1;75;2;1;1;4;48,8784534736;2,2999011407
202200043580;10;5;2022;20:00;1;75;2;5;1;3;48,8852220000;2,3072160000
202200043581;12;5;2022;19:30;1;75;2;2;1;3;48,8668078280;2,2899656471
202200043582;12;5;2022;08:50;1;75;2;2;1;3;48,8452380000;2,2618930000
202200043583;11;5;2022;11:00;1;75;2;1;1;6;48,8425635078;2,2533465922
202200043584;4;5;2022;11:20;1;75;2;1;1;7;48,8549040000;2,2287640000
202200043585;12;5;2022;01:30;5;75;2;2;1;3;48,8461880000;2,2951750000
202200043586;12;5;2022;16:23;1;75;2;2;1;3;48,8223870084;2,3142100201
202200043587;12;5;2022;11:40;1;75;2;1;1;6;48,8278200959;2,3312321392
202200043588;12;5;2022;11:50;1;75;2;2;1;6;48,8261850000;2,3572650000
202200043589;12;5;2022;10:49;1;75;2;2;1;7;48,8306330000;2,3459450000
202200043590;12;5;2022;09:30;1;75;2;3;1;6;48,8296667469;2,3483102024
202200043591;12;5;2022;07:35;1;75;2;1;1;6;48,8387233685;2,3608830571
202200043592;12;5;2022;20:00;1;75;2;1;1;3;48,8463610704;2,3955402452
202200043593;12;5;2022;13:42;1;75;2;2;1;6;48,8466414492;2,3720017168
202200043594;11;5;2022;13:04;1;75;2;1;1;6;48,8488732660;2,3729690909
202200043595;12;5;2022;14:20;1;75;2;3;1;3;48,8631730000;2,3855970000
202200043596;12;5;2022;11:00;1;75;2;2;1;7;48,8838600000;2,3685890000
202200043597;12;5;2022;17:28;1;75;2;7;8;6;48,8622257801;2,3370228874
202200043598;12;5;2022;08:40;1;75;2;3;1;6;48,8539674449;2,3648701608
202200043599;11;5;2022;08:50;1;75;2;7;1;4;48,8670767329;2,3290358484
202200043600;12;5;2022;19:50;1;94;2;2;1;6;48,8200500000;2,4673600000
202200043601;11;5;2022;15:20;1;94;2;1;1;2;48,7894900000;2,3689500000
202200043602;11;5;2022;12:40;1;94;2;1;1;6;48,7906800000;2,3694100000
202200043603;12;5;2022;08:25;1;94;2;3;1;6;48,7676700000;2,3874100000
202200043604;9;1;2022;09:30;1;59;2;5;7;6;50,3121740000;3,5762830000
202200043605;12;1;2022;09:10;1;13;1;1;1;2;43,3050000000;5,3750000000
202200043606;12;1;2022;13:50;1;67;1;1;1;2;48,5705471083;7,7404019237
202200043607;13;1;2022;14:10;1;91;1;1;1;3;48,6212800000;2,4639400000
202200043608;13;1;2022;14:35;1;91;1;1;1;2;48,7111200000;2,3077800000
202200043609;13;1;2022;08:15;3;91;1;1;1;2;48,6239300000;2,2975200000
202200043610;13;1;2022;04:10;3;92;1;1;1;6;48,7362710685;2,3168528608
202200043611;12;1;2022;17:55;3;78;1;1;1;4;48,7880830000;2,0665220000
202200043612;13;1;2022;17:20;3;95;1;1;1;5;48,9875584291;2,2070932388
202200043613;13;1;2022;18:40;3;95;1;1;1;4;48,9712511186;2,2489222884
202200043614;13;1;2022;13:10;1;93;1;1;1;3;48,9034600000;2,4666300000
202200043615;13;1;2022;12:00;1;95;1;1;8;2;49,0385300000;2,4844800000
202200043616;13;1;2022;03:00;4;95;1;1;5;2;49,0040500000;2,5253100000
202200043617;13;1;2022;21:10;3;77;1;1;1;6;48,8487201840;2,6617549074
202200043618;13;1;2022;18:15;5;93;1;1;1;2;48,8349123599;2,5763368607
202200043619;13;1;2022;08:50;1;77;1;1;5;4;48,8308000000;2,7570000000
202200043620;12;1;2022;22:00;3;94;1;9;1;2;48,8352511054;2,5387158104
202200043621;12;1;2022;20:10;5;2B;2;1;1;7;42,6271700000;9,4372400000
202200043622;12;1;2022;08:10;5;61;2;6;2;3;48,4343200000;0,0936400000
202200043623;11;1;2022;17:25;2;56;2;2;1;6;47,7433900000; -3,3600400000
202200043624;11;1;2022;13:20;1;49;2;1;1;6;47,0684200000; -0,8548500000
202200043625;11;1;2022;17:35;1;29;2;2;2;6;48,4131600000; -4,4913870000
202200043626;10;1;2022;21:30;5;91;2;1;1;6;48,6026500000;2,4815200000
202200043627;12;1;2022;07:45;2;974;2;1;2;7; -20,8857900000;55,4958000000
202200043628;9;1;2022;13:00;1;974;1;1;1;3; -20,9031100000;55,4780400000
202200043629;11;1;2022;18:00;1;974;2;1;1;7; -20,9340000000;55,3010000000
202200043630;3;1;2022;08:45;1;69;2;1;5;3;45,6701568529;4,8665302992
202200043631;3;1;2022;13:20;1;972;1;2;1;3;14,6215000000; -60,9881900000
202200043632;12;1;2022;08:14;1;972;2;1;1;3;14,6350779375; -60,9918880463
202200043633;12;1;2022;06:35;2;971;2;1;1;6;16,2542200000; -61,5228700000
202200043634;3;1;2022;17:30;5;95;2;1;3;6;48,9897550192;2,4183225632
202200043635;2;1;2022;20:00;5;95;2;1;1;6;48,9960954871;2,4207150936
202200043636;12;1;2022;06:10;5;95;2;1;5;6;48,9790246029;2,2707366943
202200043637;3;1;2022;17:14;4;91;2;1;2;6;48,6803900000;2,4269200000
202200043638;3;1;2022;16:00;1;91;2;1;2;2;48,7100190000;2,4029100000
202200043639;3;1;2022;17:30;5;91;2;2;2;3;48,6386700000;2,4260000000
202200043640;2;1;2022;18:45;5;87;2;3;1;3;45,8320600000;1,2638500000
202200043641;7;1;2022;08:50;1;86;2;4;1;5;46,6149470000;0,3087270000
202200043642;11;1;2022;13:40;1;86;2;3;1;1;46,5977858869;0,3532361984
202200043643;2;1;2022;19:05;5;84;2;9;1;3;43,9480200000;4,8222400000
202200043644;6;1;2022;13:58;1;83;2;9;1;1;43,4147030000;6,8071690000
202200043645;12;1;2022;07:40;5;82;2;3;1;3;44,0332900000;1,1214000000
202200043646;11;1;2022;14:00;1;81;2;2;1;3;43,4895280223;2,3727989942
202200043647;3;1;2022;07:30;3;78;1;2;1;3;48,9394100000;2,0760400000
202200043648;3;1;2022;08:35;1;77;2;9;1;3;48,8373700000;2,7080700000
202200043649;11;1;2022;20:25;3;77;1;1;8;1;48,2595800000;2,7240200000
202200043650;3;1;2022;17:40;5;77;2;1;2;6;48,3362280000;2,7377510000
202200043651;3;1;2022;03:40;5;77;1;1;1;6;48,2116580000;2,7160090000
202200043652;12;1;2022;11:05;1;76;1;1;2;7;49,4454100000;1,0415600000
202200043653;11;1;2022;21:40;5;76;2;2;1;3;49,4960300000;0,1191400000
202200043654;12;1;2022;07:20;2;69;2;3;1;6;45,7666400000;4,9025200000
202200043655;12;1;2022;12:28;2;67;2;3;1;3;48,5571800000;7,7130300000
202200043656;12;1;2022;10:15;1;67;1;1;1;2;48,5950217377;7,7470725775
202200043657;11;1;2022;18:25;5;67;2;3;1;3;48,5442837422;7,7656522393
202200043658;11;1;2022;13:00;1;67;2;1;1;3;48,5996988000;7,7429983000
202200043659;10;1;2022;18:33;2;66;2;6;1;3;42,7095100000;2,9077900000
202200043660;6;1;2022;08:48;1;66;2;1;1;6;42,6981800000;2,8883900000
202200043661;1;1;2022;05:28;5;66;2;1;5;6;42,6908732670;2,9045359790
202200043662;1;1;2022;04:00;3;66;1;1;5;6;42,7111000000;2,8706900000
202200043663;12;1;2022;15:30;1;64;2;1;1;2;43,3861000000; -1,6614000000
202200043664;12;1;2022;09:05;1;64;2;1;8;7;43,3061326408; -0,3668349981
202200043665;11;1;2022;20:45;5;64;2;1;1;6;43,4894210000; -1,5347120000
202200043666;11;1;2022;17:16;2;63;2;3;1;6;45,7605300000;3,0820000000
202200043667;11;1;2022;18:15;5;59;2;5;2;3;50,6225728194;3,0910795927
202200043668;2;1;2022;18:15;5;59;2;1;2;3;50,6542550507;3,0855086446
202200043669;11;1;2022;15:35;1;59;1;1;1;3;50,3617400000;3,1517000000
202200043670;10;1;2022;07:45;5;57;2;3;1;3;49,3530702462;6,1343447864
202200043671;11;1;2022;16:25;1;56;1;6;8;3;47,6651552000; -2,7267860000
202200043672;12;1;2022;10:00;1;56;1;6;1;3;47,7981575000; -3,2512403280
202200043673;11;1;2022;08:35;5;56;2;4;2;6;47,7477400000; -3,3590200000
202200043674;1;1;2022;16:10;1;56;2;6;2;7;47,7642600000; -3,3809300000
202200043675;3;1;2022;14:50;1;54;1;1;1;2;49,4580278000;5,8638055500
202200043676;8;1;2022;09:00;2;54;1;1;4;1;49,4857650000;5,8810940000
202200043677;12;1;2022;16:10;1;51;2;1;1;7;49,2232200000;4,0490600000
202200043678;11;1;2022;12:13;1;51;2;1;1;7;49,2368200000;4,0047900000
202200043679;3;1;2022;08:30;5;50;2;2;2;6;49,6291800000; -1,6410600000
202200043680;11;1;2022;17:28;1;49;2;1;1;2;47,4381600000; -0,4897000000
202200043681;9;1;2022;18:50;5;49;2;3;2;1;47,4621800000; -0,5625800000
202200043682;2;1;2022;21:45;5;44;2;1;1;5;47,2575100000; -2,2407400000
202200043683;12;1;2022;19:30;5;37;2;1;1;4;47,4247216087;0,6993880123
202200043684;12;1;2022;19:30;5;37;2;2;1;1;47,3936843157;0,6861338764
202200043685;11;1;2022;12:35;1;37;2;1;1;6;47,3846800000;0,6964000000
202200043686;11;1;2022;08:05;1;37;1;3;1;2;47,3102300000;0,6529700000
202200043687;3;1;2022;22:00;5;37;2;6;3;3;47,4107894453;0,6957542896
202200043688;3;1;2022;20:32;5;37;2;6;3;3;47,4185700000;0,6921900000
202200043689;3;1;2022;18:00;5;37;1;1;2;6;47,4043693187;0,6428289413
202200043690;3;1;2022;14:50;1;37;2;1;2;3;47,3357998898;0,6458464265
202200043691;11;1;2022;03:45;3;35;2;1;1;7;48,6210780000; -1,9891880000
202200043692;3;1;2022;19:00;5;35;2;3;3;6;48,6448600000; -2,0086000000
202200043693;12;1;2022;08:50;2;35;2;6;1;2;48,1135800000; -1,6207800000
202200043694;3;1;2022;15:30;1;35;1;1;2;3;48,0750300000; -1,7168300000
202200043695;12;1;2022;08:10;1;33;2;2;1;6;44,8832600000; -0,6550900000
202200043696;3;1;2022;18:40;5;33;2;2;1;1;44,8541300000; -0,6549900000
202200043697;3;1;2022;11:30;1;33;2;3;1;1;44,8137200000; -0,6006800000
202200043698;12;1;2022;21:05;5;31;2;2;1;3;43,6050400000;1,4566000000
202200043699;12;1;2022;14:05;1;31;2;1;1;6;43,5803765866;1,3909520209
202200043700;12;1;2022;14:30;1;31;2;1;1;2;43,6068600000;1,4281700000
202200043701;12;1;2022;08:05;1;31;2;1;1;6;43,6183000000;1,4269100000
202200043702;12;1;2022;15:55;1;31;1;1;1;1;43,1026100000;0,7444200000
202200043703;12;1;2022;09:41;1;29;2;1;8;6;48,0125200000; -4,0765600000
202200043704;3;1;2022;16:00;1;27;1;1;2;6;49,1176900000;1,4952700000
202200043705;12;1;2022;07:40;4;27;2;1;1;6;49,2100000000;1,1670900000
202200043706;11;1;2022;13:05;1;25;1;1;9;7;46,9281100000;6,3598100000
202200043707;11;1;2022;14:55;1;17;2;1;1;6;45,6328700000; -1,0330000000
202200043708;3;1;2022;19:00;5;17;2;1;2;2;46,1814200000; -1,1244800000
202200043709;8;1;2022;15:00;1;16;2;3;2;3;45,6938200000; -0,3177500000
202200043710;12;1;2022;15:00;1;15;2;1;1;6;44,9125900000;2,4245600000
202200043711;10;1;2022;23:51;3;14;1;1;1;6;49,2015300000; -0,3508400000
202200043712;12;1;2022;13:50;1;13;1;1;1;3;43,3568900000;5,2865400000
202200043713;12;1;2022;08:45;1;13;2;9;1;6;43,2761038135;5,3969859754
202200043714;11;1;2022;19:00;5;13;2;3;1;3;43,2726936419;5,4008900705
202200043715;3;1;2022;17:45;2;13;2;1;1;1;43,3409200000;5,4426400000
202200043716;3;1;2022;20:00;5;13;2;1;1;3;43,2594362695;5,3941460162
202200043717;3;1;2022;08:20;1;13;2;7;1;5;43,3331928854;5,4381573905
202200043718;12;1;2022;12:55;1;13;1;4;1;3;43,4392311589;5,0171106179
202200043719;11;1;2022;14:45;1;10;2;1;1;2;48,2947600000;4,0823100000
202200043720;12;1;2022;16:55;1;09;2;8;1;6;43,1145700000;1,6200100000
202200043721;3;1;2022;18:15;5;06;2;1;1;6;43,6550250000;6,9215200000
202200043722;11;1;2022;13:10;1;05;2;3;1;6;44,5451785279;6,0580131412
202200043723;11;1;2022;11:55;1;05;2;3;1;3;44,5487200000;6,0669600000
202200043724;12;1;2022;08:35;1;75;2;2;1;3;48,8699980000;2,3710400000
202200043725;10;1;2022;21:40;5;75;2;2;1;2;48,8523510000;2,3482520000
202200043726;10;1;2022;19:35;5;75;2;7;1;6;48,8537770000;2,3443260000
202200043727;12;1;2022;20:15;5;75;2;3;1;2;48,8933150000;2,3596430000
202200043728;12;1;2022;18:45;5;75;2;7;1;3;48,8627470000;2,2671430000
202200043729;12;1;2022;14:05;1;75;2;2;1;3;48,8537150000;2,2774130000
202200043730;12;1;2022;09:40;1;75;2;2;1;6;48,8494280000;2,3037880000
202200043731;11;1;2022;16:30;1;75;2;1;1;2;48,8375820000;2,2685430000
202200043732;12;1;2022;11:50;1;75;2;2;1;6;48,8304890000;2,3765810000
202200043733;12;1;2022;17:00;5;75;2;2;1;6;48,8458380000;2,3676690000
202200043734;12;1;2022;12:13;1;94;2;1;1;7;48,8083700000;2,3625200000
202200043735;10;1;2022;09:40;1;94;2;1;2;1;48,8013700000;2,4493200000
202200043736;12;1;2022;16:50;1;94;2;2;1;3;48,7374100000;2,4192100000
202200043737;12;1;2022;09:30;1;94;2;5;1;3;48,8099500000;2,5497800000
202200043738;12;1;2022;07:30;5;93;2;1;1;3;48,9156770422;2,3310488462
202200043739;11;1;2022;13:45;1;93;2;1;1;6;48,9175051809;2,3610574264
202200043740;12;1;2022;08:13;2;93;2;1;5;6;48,9382610000;2,5954680000
202200043741;11;1;2022;14:30;1;93;2;3;1;6;48,8842945707;2,4056647397
202200043742;12;1;2022;16:50;1;93;2;1;1;6;48,9090934077;2,4183554646
202200043743;12;1;2022;20:51;5;93;2;3;1;3;48,9505870000;2,4400820000
202200043744;12;1;2022;21:40;5;92;2;1;1;3;48,8256318918;2,2068035603
202200043745;12;1;2022;18:45;5;92;2;1;1;2;48,8261240731;2,2181420624
202200043746;12;1;2022;11:40;1;92;2;1;1;3;48,8490501943;2,1937759370
202200043747;11;1;2022;15:40;1;92;2;1;1;3;48,8736786621;2,1828508973
202200043748;12;1;2022;08:00;1;92;2;1;1;6;48,9279270584;2,2498803735
202200043749;11;1;2022;20:20;5;92;2;2;1;3;48,9146290000;2,2290730000
202200043750;12;1;2022;13:35;1;92;2;1;8;3;48,8392070430;2,2316730022
202200043751;12;1;2022;13:35;1;66;1;1;1;4;42,7743300000;2,8934810000
202200043752;13;1;2022;00:14;3;77;1;1;5;6;48,9154490000;2,9802990000
202200043753;12;1;2022;12:30;1;79;1;1;1;1;46,4205010000; -0,3373310000
202200043754;12;1;2022;17:10;3;71;1;1;1;1;46,3143200000;4,2908530000
202200043755;8;1;2022;16:00;1;27;1;1;3;3;49,3205420000;0,3177160000
202200043756;12;1;2022;08:25;2;76;1;1;5;1;49,7658610000;1,4881970000
202200043757;12;1;2022;07:30;2;13;1;1;1;6;43,3913689291;5,2622759341
202200043758;9;1;2022;17:55;3;13;1;1;1;2;43,3815100000;5,3520900000
202200043759;1;1;2022;00:35;3;54;1;1;1;2;48,6183600000;6,2172200000
202200043760;7;1;2022;13:30;1;54;1;1;8;6;48,6403600000;6,1704200000
202200043761;11;1;2022;18:30;5;94;1;1;1;7;48,8161900000;2,3367100000
202200043762;12;1;2022;10:45;1;91;1;1;1;7;48,6218000000;2,4628400000
202200043763;12;1;2022;10:00;1;91;1;1;1;3;48,6825500000;2,3296800000
202200043764;12;1;2022;02:51;3;78;1;1;5;6;48,9639900000;1,7914100000
202200043765;12;1;2022;01:15;3;78;1;1;5;6;48,7909770000;2,0570350000
202200043766;12;1;2022;18:45;4;93;1;1;1;3;48,8822128144;2,4736136198
202200043767;11;1;2022;09:45;1;64;2;2;1;3;43,3725900000; -1,7710900000