Accident_Id;jour;mois;an;hrmn;lum;dep;agg;int;atm;col;lat;long
202200043768;11;1;2022;07:45;2;43;2;1;1;6;45,0482000000;3,8931870000
202200043769;10;1;2022;07:45;2;24;2;1;2;6;44,8532746420;0,4913538694
202200043770;10;1;2022;13:45;1;94;2;1;1;3;48,7962200000;2,4156000000
202200043771;9;1;2022;18:30;5;59;2;1;1;6;50,3810600000;3,0662600000
202200043772;11;1;2022;14:15;1;974;2;1;1;6; -20,9370000000;55,2950000000
202200043773;11;1;2022;14:15;1;973;2;9;1;3;4,9395663462; -52,3306368291
202200043774;11;1;2022;06:45;5;69;2;2;1;1;45,7247300000;4,8730500000
202200043775;10;1;2022;12:45;1;972;2;1;1;1;14,6391900000; -61,0409100000
202200043776;10;1;2022;11:40;1;91;2;1;1;6;48,5800000000;2,2400000000
202200043777;11;1;2022;20:10;5;91;2;3;1;3;48,6513100000;2,3813930000
202200043778;11;1;2022;15:47;1;91;2;3;1;6;48,6545200000;2,3735700000
202200043779;10;1;2022;18:27;5;91;2;1;1;2;48,4397300000;2,1520100000
202200043780;10;1;2022;08:45;1;87;2;1;2;2;45,8293500000;1,2697800000
202200043781;11;1;2022;09:00;2;82;2;3;7;3;44,0153170000;1,3741630000
202200043782;8;1;2022;21:50;5;80;2;2;1;3;49,8899800000;2,2905600000
202200043783;8;1;2022;18:40;5;80;2;1;1;6;49,8759700000;2,3284800000
202200043784;11;1;2022;07:58;2;79;2;2;1;3;46,3503600000; -0,4781200000
202200043785;4;1;2022;17:35;2;77;2;1;1;6;48,6605100000;2,5633600000
202200043786;11;1;2022;07:40;5;76;2;1;1;6;49,5072000000;0,1222500000
202200043787;10;1;2022;19:20;5;76;1;1;1;6;49,4617181021;0,1812580973
202200043788;7;1;2022;14:00;1;76;2;2;1;4;49,5241600000;0,1229400000
202200043789;11;1;2022;13:00;1;76;2;2;1;6;49,9136400000;1,0724900000
202200043790;10;1;2022;14:24;1;72;2;6;1;6;48,0094000000;0,1956000000
202200043791;11;1;2022;18:30;5;71;2;1;9;6;46,3069800000;4,8047000000
202200043792;10;1;2022;20:40;5;67;2;1;1;6;48,5909620000;7,7459990000
202200043793;3;1;2022;17:14;1;65;2;1;1;6;43,2548260000;0,0521810000
202200043794;10;1;2022;21:45;5;64;2;3;8;2;43,4854300000; -1,4827200000
202200043795;7;1;2022;07:39;5;63;2;2;1;6;45,7925400000;3,0917900000
202200043796;11;1;2022;16:30;1;62;1;1;8;1;50,4628150000;2,5363850000
202200043797;23;9;2022;17:30;1;60;1;2;1;3;49,3033420000;1,8840270000
202200043798;23;9;2022;13:45;1;80;2;1;1;6;49,6478930000;2,5813530000
202200043799;26;9;2022;07:30;1;13;1;1;1;3;43,4463202577;5,2422015501
202200043800;24;9;2022;22:20;5;13;1;1;1;2;43,3032880000;5,4253660000
202200043801;26;9;2022;16:25;1;91;1;1;2;4;48,7272400000;2,2441200000
202200043802;26;9;2022;17:45;1;94;1;1;2;2;48,7606114652;2,3193595264
202200043803;26;9;2022;01:40;3;91;1;1;1;2;48,6254600000;2,3196900000
202200043804;25;9;2022;18:40;1;91;1;9;1;3;48,7189900000;2,2988300000
202200043805;25;9;2022;13:20;1;94;1;1;1;4;48,7599957298;2,3212385676
202200043806;25;9;2022;17:50;1;78;1;1;2;5;48,7776340000;2,2190130000
202200043807;25;9;2022;18:30;1;78;1;1;1;3;48,8334000000;2,1357120000
202200043808;24;9;2022;22:24;5;92;1;1;2;6;48,8325154834;2,1556807078
202200043809;26;9;2022;22:20;3;95;1;1;1;6;49,0534421357;2,4262672663
202200043810;26;9;2022;17:45;1;93;1;1;2;5;48,9104500000;2,3582600000
202200043811;25;9;2022;15:10;1;93;1;1;1;4;48,8945800000;2,4712500000
202200043812;25;9;2022;05:55;5;95;1;1;1;6;49,0275817117;2,5373321772
202200043813;25;9;2022;04:45;3;95;1;1;1;2;49,0683100000;2,3844500000
202200043814;24;9;2022;20:30;4;69;2;1;3;6;45,5919700000;4,7729400000
202200043815;24;9;2022;21:10;3;974;1;1;1;6; -21,3278600000;55,4591000000
202200043816;24;9;2022;09:30;1;974;1;1;1;2; -20,8990000000;55,4790000000
202200043817;23;9;2022;10:15;1;974;2;1;1;7; -20,8940200000;55,4440430000
202200043818;24;9;2022;16:40;1;974;2;3;1;6; -20,9422000000;55,6475200000
202200043819;24;9;2022;13:40;1;974;1;1;1;6; -20,9688000000;55,6560800000
202200043820;24;9;2022;17:52;2;973;2;1;1;3;4,9348818798; -52,3250846565
202200043821;19;9;2022;15:30;1;973;2;6;1;3;4,9076500000; -52,3226000000
202200043822;24;9;2022;15:00;1;69;2;2;1;3;45,7683600000;4,8564300000
202200043823;24;9;2022;12:20;1;69;2;2;1;3;45,7341300000;4,8763000000
202200043824;24;9;2022;11:15;1;69;2;2;1;3;45,7520900000;4,8466300000
202200043825;24;9;2022;20:45;3;69;2;1;2;3;45,7981024884;4,8510135881
202200043826;24;9;2022;03:00;5;69;2;4;2;6;45,7558400000;4,8352100000
202200043827;24;9;2022;06:57;1;971;2;9;1;6;16,2078270291; -61,4842718840
202200043828;24;9;2022;12:30;1;971;2;1;1;2;16,2640000000; -61,5123700000
202200043829;24;9;2022;11:28;1;2A;2;1;2;4;41,9342000000;8,7469200000
202200043830;24;9;2022;14:20;1;91;2;1;1;1;48,6804200000;2,5357100000
202200043831;23;9;2022;15:30;1;83;1;3;1;3;43,1321265015;5,9761954844
202200043832;24;9;2022;05:40;3;83;2;1;2;6;43,1196500000;6,1520800000
202200043833;24;9;2022;15:00;1;76;2;1;8;6;49,4410452402;1,1235746741
202200043834;24;9;2022;18:30;1;69;2;3;3;1;45,7570300000;4,8806000000
202200043835;24;9;2022;06:25;5;69;2;2;2;6;45,7766500000;4,8762300000
202200043836;23;9;2022;12:10;1;69;2;1;1;6;45,9901600000;4,7238000000
202200043837;24;9;2022;15:42;1;68;2;4;1;3;47,7729500000;7,3272700000
202200043838;24;9;2022;21:51;4;65;2;6;8;3;43,2456120000;0,0898850000
202200043839;24;9;2022;02:30;5;64;2;1;1;1;43,3288400000; -0,3477200000
202200043840;23;9;2022;18:20;1;62;2;1;2;3;50,5296520000;2,6444610000
202200043841;24;9;2022;00:50;5;59;2;1;1;6;50,2553022899;3,9479997754
202200043842;19;9;2022;18:30;1;59;2;9;8;1;50,6344360000;3,1009610000
202200043843;23;9;2022;17:00;1;59;2;2;2;3;50,5648783096;3,0415338278
202200043844;24;9;2022;01:00;3;57;1;1;1;2;49,1440451218;6,7083106800
202200043845;24;9;2022;16:40;1;56;2;1;1;2;47,7773200000; -3,3447600000
202200043846;24;9;2022;15:05;1;54;2;1;2;2;48,6815246378;6,1747804284
202200043847;22;9;2022;16:29;1;54;2;1;1;4;48,6972300000;6,1544100000
202200043848;24;9;2022;11:57;1;49;2;1;8;7;47,4696200000; -0,5614600000
202200043849;24;9;2022;08:23;2;45;2;1;1;6;47,8850624961;1,9080355950
202200043850;24;9;2022;03:43;5;44;2;1;1;7;47,2360500000; -1,5683000000
202200043851;24;9;2022;13:20;1;43;2;1;1;7;45,0521920000;3,8971740000
202200043852;24;9;2022;22:21;5;38;2;1;2;2;45,1801400000;5,7132800000
202200043853;24;9;2022;14:00;1;37;2;9;1;2;47,3778218901;0,7166594267
202200043854;24;9;2022;01:20;5;37;2;1;1;6;47,3815900000;0,6823100000
202200043855;24;9;2022;23:40;5;33;2;1;1;6;44,8122500000; -0,6427400000
202200043856;23;9;2022;17:05;1;33;2;2;1;3;44,8509700000; -0,5829000000
202200043857;24;9;2022;02:00;5;30;2;1;3;6;44,1378000000;4,1045000000
202200043858;24;9;2022;17:10;1;13;2;9;1;3;43,2901100000;5,4379300000
202200043859;24;9;2022;12:10;1;13;2;1;1;3;43,3184988255;5,3705299144
202200043860;24;9;2022;01:40;5;13;2;1;2;2;43,3370800000;5,4210000000
202200043861;23;9;2022;21:00;5;13;2;1;1;3;43,2838600000;5,3962200000
202200043862;23;9;2022;17:40;1;11;1;2;1;3;43,1928100000;2,3395700000
202200043863;20;9;2022;15:18;1;03;2;1;1;5;46,3538410000;2,5901770000
202200043864;23;9;2022;10:27;1;03;2;2;1;7;46,3535000000;2,5895900000
202200043865;24;9;2022;12:10;1;75;2;4;2;2;48,9009660000;2,3476870000
202200043866;23;9;2022;13:55;1;75;2;1;1;2;48,8891280000;2,3962970000
202200043867;23;9;2022;08:15;1;75;2;1;1;7;48,8431580000;2,4137070000
202200043868;22;9;2022;19:15;2;75;2;1;1;4;48,8260870000;2,2983060000
202200043869;22;9;2022;01:24;5;75;2;1;1;6;48,8622740000;2,3000070000
202200043870;24;9;2022;02:50;3;75;2;4;2;2;48,9000230000;2,3586150000
202200043871;30;11;2022;18:45;5;72;2;1;1;2;47,9840700000;0,2100800000
202200043872;30;11;2022;17:28;3;71;2;2;1;7;46,8058000000;4,4341000000
202200043873;24;9;2022;03:30;5;75;2;2;2;7;48,8992200000;2,3294710000
202200043874;24;9;2022;03:00;5;75;2;1;2;6;48,8317484612;2,3591637611
202200043875;24;9;2022;13:40;1;75;2;3;2;6;48,8523470000;2,3741410000
202200043876;25;11;2022;06:20;5;71;2;2;3;1;46,8097291750;4,8431083560
202200043877;24;9;2022;01:45;5;75;2;1;1;6;48,8832740000;2,3339960000
202200043878;24;9;2022;07:20;2;75;2;2;2;6;48,8610530000;2,3132450000
202200043879;2;12;2022;22:00;5;69;2;1;3;2;45,7770250471;4,8923528194
202200043880;24;9;2022;19:30;5;94;2;1;1;5;48,8114210000;2,3620890000
202200043881;24;9;2022;07:37;1;93;2;2;1;3;48,9519900000;2,5283800000
202200043882;2;12;2022;18:10;5;69;2;2;2;6;45,7667100000;5,0034800000
202200043883;24;9;2022;07:30;5;93;2;1;2;6;48,9081069457;2,3442151648
202200043884;24;9;2022;01:00;5;93;2;2;2;6;48,9318419483;2,3575140116
202200043885;24;9;2022;20:45;5;93;2;1;1;3;48,9266931558;2,4714058541
202200043886;1;12;2022;09:55;1;69;2;1;8;3;45,7704000000;4,8748700000
202200043887;2;12;2022;21:25;5;69;2;1;2;6;45,9807900000;4,7401900000
202200043888;24;9;2022;12:21;1;93;2;6;1;3;48,9561400000;2,3443500000
202200043889;24;9;2022;03:10;5;93;2;2;2;3;48,9059945291;2,4803346891
202200043890;2;12;2022;19:55;5;69;2;9;2;3;45,7267200000;4,8598700000
202200043891;20;9;2022;05:25;5;93;2;5;1;5;48,9073500000;2,4567300000
202200043892;24;9;2022;12:30;1;93;2;5;1;1;48,9358309021;2,4939300716
202200043893;1;12;2022;14:40;1;69;1;1;1;3;45,6778900000;4,8470400000
202200043894;24;9;2022;15:00;1;92;2;1;1;4;48,8200286130;2,1509666741
202200043895;24;9;2022;09:10;1;92;2;1;2;2;48,7588900000;2,3071200000
202200043896;30;11;2022;19:20;5;67;2;3;1;3;48,5343100000;7,6987300000
202200043897;25;9;2022;19:15;2;63;1;1;2;3;45,7066290000;3,0348010000
202200043898;25;9;2022;14:00;1;25;1;1;2;2;47,3132970000;6,0727220000
202200043899;30;11;2022;16:30;2;67;2;2;1;6;48,6113200000;7,7809700000
202200043900;23;9;2022;16:20;1;17;2;1;1;3;46,1154852820; -1,0182832181
202200043901;10;9;2022;22:03;3;22;1;1;1;7;48,5305300000; -2,1830870000
202200043902;2;12;2022;04:20;5;66;2;1;1;6;42,6920462891;2,8908795118
202200043903;22;9;2022;22:00;5;41;1;1;1;6;47,6018480000;1,4570400000
202200043904;23;9;2022;13:00;1;49;1;1;1;6;47,0691130618; -0,7243795487
202200043905;30;11;2022;20:30;3;66;1;1;1;2;42,7194930000;2,8740080000
202200043906;25;9;2022;15:30;1;83;1;1;1;4;43,1497320000;6,0355870000
202200043907;1;12;2022;18:35;1;64;2;3;1;1;43,3618000000; -1,7045400000
202200043908;24;9;2022;19:20;1;28;1;1;8;1;48,1590330000;1,1514560000
202200043909;3;12;2022;01:30;5;64;1;1;1;6;43,3256340000; -0,4424870000
202200043910;24;9;2022;15:00;1;972;1;1;1;3;14,6104020000; -60,9263130000
202200043911;25;9;2022;09:38;1;26;1;1;1;6;44,5977560000;4,7966370000
202200043912;24;9;2022;06:50;3;57;2;1;1;7;49,1090144734;6,7348867995
202200043913;24;9;2022;22:55;5;60;2;1;1;6;49,2318280000;2,8826800000
202200043914;22;11;2022;12:50;1;63;2;2;1;3;45,7815000000;3,1153200000
202200043915;24;9;2022;23:40;3;65;1;1;1;3;43,1927440000;0,2291520000
202200043916;25;9;2022;15:19;1;48;1;1;1;6;44,7236000000;3,2794510000
202200043917;23;9;2022;23:25;3;34;2;1;2;6;43,5753200000;3,8487960000
202200043918;24;9;2022;21:45;3;59;1;1;2;6;50,0566543062;3,4481996298
202200043919;24;9;2022;21:00;5;76;2;1;1;7;49,4851630000;0,8060800000
202200043920;25;9;2022;01:30;3;2B;1;1;2;7;42,4728290000;9,4248370000
202200043921;1;12;2022;21:20;5;62;2;2;1;3;50,4288610000;2,8765330000
202200043922;25;9;2022;18:30;1;32;1;1;1;6;43,9578770000;0,3520020000
202200043923;1;12;2022;22:00;5;62;1;1;1;2;50,6998200000;1,6139500000
202200043924;25;9;2022;08:29;1;71;1;1;1;6;46,6482210000;5,1670070000
202200043925;25;9;2022;15:50;1;42;1;1;2;2;45,8564980000;3,8247330000
202200043926;2;12;2022;19:10;5;60;2;1;1;6;49,4131492027;2,8136694431
202200043927;20;9;2022;12:35;1;47;1;1;7;6;44,3171716605;0,7228704067
202200043928;25;9;2022;01:40;3;25;1;1;1;6;47,1664340000;6,7998930000
202200043929;25;9;2022;14:30;1;38;1;1;1;6;45,2960000000;5,3438510000
202200043930;1;12;2022;16:15;1;59;2;1;1;6;50,6998400000;3,2156700000
202200043931;25;9;2022;14:05;1;38;2;1;1;6;45,2562650000;5,2451030000
202200043932;25;9;2022;16:05;1;02;1;2;7;3;49,8724260000;3,7535500000
202200043933;24;9;2022;16:20;1;02;1;1;1;6;49,1574880000;3,2247660000
202200043934;25;9;2022;07:00;3;72;1;1;1;6;48,0181233361;0,5047309396
202200043935;2;12;2022;18:40;5;59;2;2;1;3;50,6195233401;3,0612319708
202200043936;23;9;2022;17:57;1;43;2;1;1;3;45,2848360000;4,1583790000
202200043937;24;9;2022;16:00;1;43;1;1;1;7;44,9335220000;3,8309780000
202200043938;25;11;2022;08:15;1;59;2;9;3;6;50,6643800000;3,0756500000
202200043939;25;9;2022;04:25;3;24;1;1;5;6;45,5025400000;0,6301290000
202200043940;16;11;2022;18:45;5;59;2;1;1;6;50,6140400000;3,0626300000
202200043941;24;9;2022;21:50;3;04;1;1;1;7;44,3462180000;6,0329800000
202200043942;25;9;2022;10:25;1;45;1;1;1;7;47,7546530000;2,7198350000
202200043943;24;9;2022;21:15;3;976;1;1;1;7; -12,7582400000;45,0847620000
202200043944;1;12;2022;20:00;5;59;2;2;1;3;50,1759400000;3,2080500000
202200043945;24;9;2022;18:45;3;976;1;1;1;1; -12,7582400000;45,0847620000
202200043946;25;9;2022;03:15;3;55;1;1;2;6;49,0889250000;5,1926710000
202200043947;30;11;2022;22:10;5;59;2;1;5;7;50,1694800000;3,2331000000
202200043948;25;9;2022;18:45;3;988;1;1;1;1; -21,2381100000;164,9057800000
202200043949;25;9;2022;16:13;1;974;2;1;1;3; -21,3568750000;55,7473030000
202200043950;30;11;2022;21:50;5;57;2;1;1;5;49,3270100000;6,0554400000
202200043951;23;9;2022;16:20;1;971;1;1;1;1;16,3808380000; -61,4558460000
202200043952;30;11;2022;18:30;5;57;2;1;1;3;49,2450000000;6,1701900000
202200043953;23;9;2022;17:20;1;78;1;1;1;1;48,6036590000;2,0081810000
202200043954;8;9;2022;10:45;1;2B;1;1;1;1;42,4257690000;9,1444230000
202200043955;1;12;2022;18:01;2;56;2;6;1;6;47,6682530000; -2,7954300000
202200043956;24;9;2022;18:30;1;83;2;1;1;7;43,1800520000;5,6788050000
202200043957;9;12;2022;00:50;3;56;2;1;1;7;47,7582200000; -3,3760900000
202200043958;25;9;2022;06:00;5;06;2;1;5;-1;43,9549480000;6,8990530000
202200043959;25;9;2022;08:40;1;68;1;1;5;6;48,0112110000;7,3055270000
202200043960;1;12;2022;18:12;4;56;1;1;1;2;47,7779700000; -3,3557900000
202200043961;25;9;2022;20:00;5;54;2;1;1;6;48,6176200000;6,1051800000
202200043962;30;11;2022;16:30;1;56;2;1;1;6;47,7537200000; -3,3712400000
202200043963;23;9;2022;14:30;1;03;2;1;1;1;46,3392640000;3,3826120000
202200043964;1;12;2022;17:00;5;55;2;3;1;3;49,1541100000;5,3913200000
202200043965;24;9;2022;18:10;1;26;1;9;1;3;44,3712630000;5,1518580000
202200043966;24;9;2022;16:45;1;81;1;1;1;2;43,8942010000;1,8932210000
202200043967;3;11;2022;18:10;3;55;2;6;3;7;49,1676200000;5,3942100000
202200043968;24;9;2022;18:30;1;33;1;6;1;1;44,7251757193; -0,5250518024
202200043969;2;12;2022;17:05;2;54;2;9;8;6;48,9056700000;6,0512800000
202200043970;24;9;2022;19:45;2;85;1;1;1;6;46,7158900000; -1,4297940000
202200043971;1;12;2022;17:35;3;52;1;1;1;1;48,0792500000;5,1547100000
202200043972;24;9;2022;16:15;1;91;1;1;8;2;48,6082400000;2,4338000000
202200043973;3;12;2022;01:00;5;51;2;1;1;7;49,2523300000;3,9945400000
202200043974;24;9;2022;13:50;1;91;1;1;1;6;48,7235100000;2,3122400000
202200043975;2;12;2022;17:28;5;51;2;3;2;3;49,2230700000;4,0309700000
202200043976;24;9;2022;06:55;3;91;1;1;2;4;48,6260700000;2,3548500000
202200043977;24;9;2022;08:45;1;91;1;1;2;6;48,6104700000;2,4446700000
202200043978;2;12;2022;10:50;1;51;2;2;1;3;49,2442469825;4,0072819591
202200043979;23;9;2022;16:40;1;91;1;1;1;4;48,7443600000;2,3228000000
202200043980;24;9;2022;12:30;1;92;1;1;1;6;48,8270146574;2,2242258975
202200043981;1;12;2022;11:55;1;51;2;2;1;1;49,2593130000;4,0205100000
202200043982;1;12;2022;07:30;4;50;1;2;1;3;49,6490500000; -1,7184600000
202200043983;24;9;2022;12:30;1;92;1;1;8;4;48,8323157105;2,1543841825
202200043984;23;9;2022;18:00;1;78;1;1;1;3;48,7967130000;2,0262530000
202200043985;29;11;2022;08:00;4;50;2;1;1;4;49,6336800000; -1,6064500000
202200043986;23;9;2022;19:50;2;93;1;1;1;2;48,8840189593;2,4716019630
202200043987;23;9;2022;17:55;1;92;1;1;1;3;48,9441185317;2,2863882231
202200043988;30;11;2022;07:55;5;50;2;5;2;3;49,6354900000; -1,6304500000
202200043989;23;9;2022;16:50;1;93;1;1;1;2;48,8899192541;2,4734257208
202200043990;2;12;2022;18:15;3;49;1;1;1;6;47,4570300000; -0,5722500000
202200043991;23;9;2022;16:40;1;95;1;1;1;3;49,0355304583;2,1172016859
202200043992;1;12;2022;16:05;1;49;2;1;1;3;47,4500000000; -0,5110000000
202200043993;23;9;2022;15:50;1;93;1;1;1;3;48,9189934371;2,3572939965
202200043994;1;12;2022;07:35;5;49;2;1;1;7;47,4144500000; -0,5231200000
202200043995;30;11;2022;20:14;5;49;2;1;1;7;47,4650645676; -0,5097457767
202200043996;23;9;2022;08:50;1;95;1;1;1;4;49,0603322284;2,2114652395
202200043997;30;11;2022;16:50;1;47;1;1;1;2;44,3801280000;0,7131159000
202200043998;24;9;2022;19:40;2;94;1;1;1;4;48,7715541339;2,3934748629
202200043999;1;12;2022;17:15;5;45;2;1;1;1;47,9202000000;1,8324000000
202200044000;23;9;2022;09:13;1;92;2;1;1;2;48,9210480000;2,2448010000
202200044001;1;12;2022;07:45;3;45;2;1;8;6;47,9169000000;1,9717000000
202200044002;22;9;2022;11:40;1;29;2;3;1;6;48,3955634723; -4,4817173481
202200044003;23;9;2022;19:35;1;27;2;2;1;6;49,0177954000;1,1671897287
202200044004;1;12;2022;18:00;5;44;2;1;1;3;47,2203870000; -1,5976240000
202200044005;21;9;2022;10:00;1;29;2;3;1;6;48,3896200000; -4,4754600000
202200044006;1;12;2022;08:55;1;43;2;3;2;6;45,0428890000;3,8918910000
202200044007;21;9;2022;18:36;5;987;2;3;1;3; -17,5355600000; -149,5577900000
202200044008;2;12;2022;23:50;5;38;2;2;1;1;45,5926800000;5,2382600000
202200044009;2;12;2022;08:20;1;37;2;1;1;2;47,3860817160;0,7095676661
202200044010;17;9;2022;09:13;1;24;1;9;1;6;45,1849600000;0,6996300000
202200044011;16;9;2022;07:45;1;976;2;1;2;6; -12,7845400000;45,2291800000
202200044012;1;12;2022;13:00;1;37;2;6;1;2;47,3510700000;0,6791000000
202200044013;2;12;2022;14:30;1;35;1;6;8;6;48,1362200000; -1,6921470000
202200044014;2;12;2022;14:40;1;35;1;1;1;2;48,1427329499; -1,5862825513
202200044015;22;9;2022;18:00;5;974;2;3;1;3; -20,9017400000;55,4921300000
202200044016;1;12;2022;14:10;1;34;2;1;8;3;43,5959300000;3,8368200000
202200044017;1;12;2022;18:54;3;34;1;1;1;7;43,3568800000;3,1376700000
202200044018;22;9;2022;08:15;1;974;2;1;1;7; -20,8872200000;55,4656000000
202200044019;30;11;2022;12:00;1;34;2;1;1;7;43,3458700000;3,2194000000
202200044020;29;11;2022;16:20;1;34;2;1;1;6;43,2895900000;3,5231900000
202200044021;22;9;2022;21:40;3;974;2;3;1;1; -20,9469500000;55,2955000000
202200044022;2;12;2022;15:00;1;33;2;2;1;3;44,8603700000; -0,5537800000
202200044023;23;9;2022;09:07;1;973;2;1;1;3;4,9380400000; -52,2952900000
202200044024;1;12;2022;18:10;5;33;2;1;1;4;44,8472800000; -0,7159000000
202200044025;2;12;2022;13:55;1;31;1;1;1;4;43,5733250000;1,4716000000
202200044026;23;9;2022;08:00;1;973;2;3;1;3;4,9297900000; -52,2903300000
202200044027;30;11;2022;18:07;5;31;2;9;1;6;43,6417400000;1,3800410000
202200044028;30;11;2022;18:09;4;31;2;3;8;3;43,5896640000;1,4490640000
202200044029;24;9;2022;01:50;5;69;2;2;2;1;45,7482000000;4,8436300000
202200044030;23;9;2022;13:10;1;972;2;1;1;3;14,6066800000; -61,0715000000
202200044031;1;12;2022;13:05;1;29;2;3;1;1;47,9843400000; -4,1052400000
202200044032;23;9;2022;21:37;5;69;2;9;3;6;45,7509900000;4,8233100000
202200044033;23;9;2022;09:57;1;2B;2;9;1;6;42,7022400000;9,4480900000
202200044034;1;12;2022;08:50;1;29;1;1;1;2;47,9798840000; -4,1071450000
202200044035;23;9;2022;13:11;1;2A;2;1;1;3;41,9169700000;8,7367100000
202200044036;30;11;2022;08:00;3;29;1;2;1;3;47,9161040000; -3,9270520000
202200044037;23;9;2022;10:45;1;2A;2;1;1;2;41,9236810010;8,7391286393
202200044038;23;9;2022;13:35;1;91;2;1;1;6;48,6314850000;2,2669170000
202200044039;1;12;2022;15:35;1;29;2;6;1;5;48,3954780000; -4,5383891000
202200044040;23;9;2022;20:05;5;91;2;9;1;3;48,6544600000;2,3736700000
202200044041;30;11;2022;17:25;1;29;2;3;1;3;48,3970410920; -4,4833185633
202200044042;23;9;2022;07:25;1;91;2;2;1;3;48,7065920000;2,3675320000
202200044043;1;12;2022;12:24;1;27;1;3;1;3;49,0767300000;1,4639700000
202200044044;1;12;2022;16:55;5;27;2;1;1;6;49,0169319513;1,1234078373
202200044045;28;11;2022;11:10;1;24;1;9;3;6;45,1981000000;0,7408200000
202200044046;22;9;2022;10:30;1;87;2;1;1;4;45,8614900000;1,3214300000
202200044047;22;9;2022;17:05;1;87;2;1;1;6;45,8251300000;1,2734200000
202200044048;30;11;2022;11:10;1;21;2;9;1;3;47,0154350000;4,8380060000
202200044049;1;12;2022;07:45;1;19;2;1;1;6;45,1506700000;1,5317900000
202200044050;23;9;2022;10:05;1;86;2;2;1;2;46,5855710000;0,3662770000
202200044051;22;9;2022;20:35;3;84;1;1;1;7;43,8690228666;5,0645685196
202200044052;2;12;2022;08:15;2;17;1;1;1;4;45,7241250000; -0,6401690000
202200044053;22;9;2022;18:15;2;83;2;6;7;3;43,1240700000;5,9981200000
202200044054;1;12;2022;18:15;5;14;2;2;1;3;49,1441400000;0,2248600000
202200044055;23;9;2022;07:50;1;82;2;1;1;3;44,0374400000;1,3632200000
202200044056;2;12;2022;04:05;3;14;2;1;1;2;49,1473700000; -0,3729800000
202200044057;22;9;2022;08:25;1;80;2;1;1;2;49,8751600000;2,2489100000
202200044058;1;12;2022;09:15;1;14;2;3;5;1;49,1881230000; -0,3517440000
202200044059;22;9;2022;07:50;1;80;2;1;1;3;49,8752000000;2,2778500000
202200044060;2;12;2022;17:30;1;13;2;9;1;3;43,3968426942;5,3423589597
202200044061;19;9;2022;17:55;1;80;2;1;1;6;49,9103700000;2,3092500000
202200044062;4;7;2022;08:45;1;57;2;2;1;5;49,3580000000;6,1560000000
202200044063;1;12;2022;09:50;1;13;2;1;8;3;43,6404870380;5,0788881801
202200044064;21;9;2022;10:20;1;78;2;1;1;4;48,9284460000;2,1893240000
202200044065;1;12;2022;18:50;5;13;2;1;1;3;43,3154581389;5,4149762749
202200044066;2;7;2022;21:00;1;78;2;1;1;6;48,9756610000;1,6912030000
202200044067;30;8;2022;05:50;3;78;2;1;8;6;48,7508300000;1,9299200000
202200044068;1;12;2022;09:45;1;13;2;3;1;1;43,2456779637;5,4260754157
202200044069;25;6;2022;10:20;1;30;2;3;1;7;43,8317000000;4,3609000000
202200044070;2;5;2022;19:00;1;95;2;1;1;6;48,9341428289;2,2318366170
202200044071;1;12;2022;17:25;5;13;2;1;2;1;43,2984153120;5,5691194773
202200044072;29;3;2022;15:45;1;62;2;9;8;6;50,4111950000;1,5736780000
202200044073;30;11;2022;16:55;2;12;2;4;1;3;44,1035500000;3,0798100000
202200044074;25;1;2022;16:55;1;62;2;1;1;2;50,4100300000;1,5777500000
202200044075;2;12;2022;08:30;1;11;2;1;1;6;43,2284100000;2,3313100000
202200044076;24;4;2022;16:25;1;71;2;2;1;3;46,7930000000;4,8570000000
202200044077;30;11;2022;15:30;1;11;2;6;7;7;43,2050500000;2,3332200000
202200044078;30;11;2022;13:30;1;11;2;2;1;6;43,2113420000;2,3421840000
202200044079;23;9;2022;19:45;2;71;2;1;1;3;46,6633700000;4,3762700000
202200044080;23;9;2022;09:50;1;71;2;1;1;6;46,3062324901;4,8364628839
202200044081;29;11;2022;18:45;4;11;2;3;1;6;43,2095500000;2,3496200000
202200044082;28;4;2022;15:05;1;52;2;1;1;7;48,6482900000;4,9587800000
202200044083;2;12;2022;13:50;1;10;2;2;8;3;48,2968100000;4,0678700000
202200044084;23;9;2022;22:30;5;69;2;3;3;3;45,7645700000;4,9190900000
202200044085;11;4;2022;16:40;1;33;1;1;1;6;44,6120300000; -1,1341700000
202200044086;30;11;2022;13:42;1;10;2;6;8;3;48,2649672692;4,0411502123
202200044087;23;9;2022;20:15;4;69;2;9;8;6;45,7875000000;4,8813600000
202200044088;11;7;2022;18:20;5;974;2;9;1;6; -20,8857270000;55,4738490000
202200044089;2;12;2022;19:30;3;09;1;1;9;7;43,0032230000;1,6132420000
202200044090;23;9;2022;18:20;1;69;2;1;1;6;45,7663400000;4,9727600000
202200044091;30;11;2022;09:42;1;06;2;2;1;6;43,7004100000;7,2613700000
202200044092;1;12;2022;13:20;1;06;2;1;1;3;43,5483000000;7,0099300000
202200044093;11;7;2022;17:15;1;973;2;1;1;5;4,9384000000; -52,2995900000
202200044094;29;11;2022;17:15;5;03;2;1;9;6;46,3854100000;2,5536800000
202200044095;11;7;2022;09:34;1;973;2;1;1;3;4,9283468202; -52,3136584461