Accident_Id;jour;mois;an;hrmn;lum;dep;agg;int;atm;col;lat;long
202200044096;3;12;2022;04:24;5;75;2;1;2;2;48,8873610000;2,3968070000
202200044097;10;7;2022;09:25;1;972;2;1;1;6;14,6077400000; -61,0690600000
202200044098;1;12;2022;22:30;5;75;2;1;1;4;48,8194170000;2,3282910000
202200044099;11;7;2022;13:20;1;69;2;2;1;3;45,7151900000;4,8003100000
202200044100;1;12;2022;18:00;5;75;2;1;1;4;48,9007300000;2,3725630000
202200044101;11;7;2022;10:30;1;69;2;1;1;3;45,8095400000;4,8572100000
202200044102;2;12;2022;13:30;1;75;2;2;2;3;48,8473990000;2,3281270000
202200044103;3;12;2022;15:05;1;75;2;3;8;6;48,8722960000;2,3776350000
202200044104;10;7;2022;17:35;1;971;1;1;1;6;16,2422598732; -61,5293276310
202200044105;2;12;2022;08:00;1;75;2;3;1;6;48,8509734495;2,4158871174
202200044106;11;7;2022;13:45;1;2A;2;1;1;2;41,9524700000;8,7827100000
202200044107;2;12;2022;18:50;5;75;2;3;2;7;48,8875740000;2,3803600000
202200044108;2;12;2022;15:53;1;75;2;1;2;7;48,8904040000;2,3718180000
202200044109;11;7;2022;10:00;1;2A;2;1;1;6;41,9307800000;8,7396100000
202200044110;2;12;2022;12:55;1;75;2;2;1;2;48,8847550000;2,3944820000
202200044111;10;7;2022;20:50;1;95;2;1;1;3;48,9912522122;2,4336111546
202200044112;2;12;2022;09:50;1;75;2;2;1;2;48,8755740000;2,3818740000
202200044113;11;7;2022;10:30;1;95;2;3;1;6;48,9887494340;2,2413691878
202200044114;2;12;2022;04:00;5;75;2;4;1;6;48,8775650000;2,3947910000
202200044115;2;12;2022;10:02;1;75;2;1;1;6;48,8899680000;2,3386180000
202200044116;11;7;2022;18:35;1;95;2;1;1;3;49,0318094776;2,1014839411
202200044117;3;12;2022;18:00;5;75;2;1;1;3;48,8682050000;2,2818800000
202200044118;10;7;2022;22:10;5;95;2;2;1;3;48,9417200000;2,2345000000
202200044119;3;12;2022;07:55;2;75;2;2;1;2;48,8842590000;2,3026620000
202200044120;3;12;2022;00:30;5;75;2;2;1;3;48,8786750000;2,2800710000
202200044121;11;7;2022;13:10;1;91;2;1;1;4;48,6835100000;2,4899100000
202200044122;2;12;2022;18:05;5;75;2;7;2;3;48,8740380000;2,2942480000
202200044123;11;7;2022;20:45;1;91;2;1;1;4;48,6862300000;2,3505400000
202200044124;2;12;2022;03:50;5;75;2;2;1;6;48,8838180000;2,3047620000
202200044125;11;7;2022;08:30;1;87;2;1;1;6;45,8308200000;1,2662500000
202200044126;2;12;2022;02:35;5;75;2;2;1;6;48,8805930000;2,2857860000
202200044127;10;7;2022;16:30;1;87;2;2;1;3;45,8526600000;1,2592300000
202200044128;2;12;2022;17:30;5;75;2;3;2;6;48,8363040000;2,2996720000
202200044129;3;12;2022;18:05;5;75;2;1;1;6;48,8397040000;2,3295770000
202200044130;3;12;2022;10:40;1;75;2;1;8;3;48,8338020000;2,3230210000
202200044131;11;7;2022;11:30;1;83;2;6;1;6;43,1242600000;5,8789300000
202200044132;2;12;2022;20:36;5;75;2;3;2;3;48,8416660000;2,3223370000
202200044133;11;7;2022;07:40;1;83;2;3;1;2;43,1531100000;5,9170500000
202200044134;1;12;2022;15:00;1;75;2;2;8;3;48,8221360000;2,3266910000
202200044135;10;7;2022;13:15;1;81;1;3;1;1;43,4555700000;2,3476700000
202200044136;10;7;2022;05:45;2;81;2;1;1;6;43,4825200000;2,3759700000
202200044137;2;12;2022;21:00;5;75;2;2;2;3;48,8189190000;2,3444510000
202200044138;8;7;2022;04:25;5;80;2;1;1;4;49,8676905934;2,2378563883
202200044139;2;12;2022;15:00;1;75;2;1;8;3;48,8290410000;2,4517980000
202200044140;3;12;2022;19:30;5;75;2;2;1;3;48,8558260000;2,3684970000
202200044141;11;7;2022;15:50;1;76;2;3;1;3;49,4279900000;1,1176000000
202200044142;2;12;2022;14:50;1;75;2;2;1;6;48,8641860000;2,3694140000
202200044143;10;7;2022;01:30;3;76;1;1;1;4;49,5292300000;0,1479100000
202200044144;3;12;2022;03:00;5;75;2;5;1;3;48,8796850000;2,3495300000
202200044145;8;7;2022;13:50;1;76;2;2;1;3;49,4938600000;0,1183700000
202200044146;2;12;2022;23:28;5;75;2;2;2;3;48,8714900000;2,3430660000
202200044147;10;7;2022;20:45;1;72;2;6;1;2;47,9726499282;0,0994527338
202200044148;10;7;2022;16:58;1;72;2;9;1;2;47,9782200000;0,2123200000
202200044149;2;12;2022;17:30;5;75;2;2;2;3;48,8710490000;2,3341810000
202200044150;3;12;2022;18:30;2;75;2;7;1;3;48,8667870000;2,3220940000
202200044151;11;7;2022;18:52;1;71;2;2;1;3;46,7710800000;4,8296300000
202200044152;9;7;2022;18:00;1;71;2;3;1;3;46,7764777019;4,8668287396
202200044153;2;12;2022;10:55;1;75;2;2;8;3;48,8719690000;2,3400230000
202200044154;29;4;2022;15:50;1;71;2;1;1;1;46,7959000000;4,8545000000
202200044155;1;12;2022;18:20;5;94;2;2;1;3;48,8451800000;2,4202200000
202200044156;11;7;2022;22:00;5;69;2;1;1;3;45,7222459410;4,8898975449
202200044157;3;12;2022;20:30;3;94;2;1;1;6;48,8094700000;2,3623600000
202200044158;11;7;2022;18:00;1;69;2;2;1;3;45,7037081875;4,8801560690
202200044159;3;12;2022;18:50;5;94;2;1;1;3;48,8191100000;2,3961900000
202200044160;10;7;2022;19:00;1;67;2;1;1;3;48,5952600000;7,7095200000
202200044161;3;12;2022;15:57;1;94;2;1;8;4;48,8058900000;2,4000900000
202200044162;10;7;2022;14:30;1;67;1;1;1;6;48,5682200000;7,7736700000
202200044163;29;11;2022;12:50;1;94;2;2;1;3;48,8558200000;2,4574800000
202200044164;9;7;2022;17:55;1;67;2;1;1;3;48,5751797250;7,7532000840
202200044165;3;12;2022;17:00;5;94;2;1;1;6;48,8006800000;2,5528700000
202200044166;3;12;2022;18:20;5;94;2;3;8;7;48,8217952372;2,4068936706
202200044167;8;7;2022;20:10;1;67;2;3;1;3;48,5971200000;7,7035300000
202200044168;8;7;2022;11:50;1;67;2;1;1;6;48,5537300000;7,7440700000
202200044169;3;12;2022;21:30;3;93;2;1;1;1;48,9359000000;2,3418000000
202200044170;3;12;2022;05:00;5;93;2;2;1;3;48,8825500000;2,5248100000
202200044171;7;7;2022;20:05;1;67;2;3;1;3;48,5407200000;7,7038100000
202200044172;2;12;2022;22:36;5;93;2;3;2;6;48,9603600000;2,3163100000
202200044173;3;12;2022;21:00;5;92;2;9;1;1;48,8893576996;2,2729237676
202200044174;9;7;2022;23:45;5;66;2;3;1;3;42,6942600000;2,9022600000
202200044175;3;12;2022;01:22;5;92;2;2;1;2;48,8955051195;2,2968772352
202200044176;4;12;2022;11:00;1;01;1;1;2;5;45,9120560000;4,9097570000
202200044177;8;7;2022;18:15;1;66;2;1;1;2;42,6598600000;2,8830500000
202200044178;3;12;2022;13:00;1;49;1;2;8;5;47,3116240000; -0,7444740000
202200044179;11;7;2022;20:50;1;64;2;5;1;3;43,4875300000; -1,5353000000
202200044180;4;12;2022;11:40;5;74;1;1;1;1;46,2470810000;6,6366250000
202200044181;3;12;2022;13:15;1;10;1;1;1;6;48,3363240000;4,1592690000
202200044182;11;7;2022;08:10;1;64;2;6;1;3;43,4867600000; -1,4829500000
202200044183;4;12;2022;15:30;1;86;2;1;1;6;46,4809140000;0,6476650000
202200044184;8;7;2022;19:43;1;63;2;2;1;3;45,8091200000;3,1092100000
202200044185;4;12;2022;01:55;3;67;1;1;1;3;48,7326080000;7,3889390000
202200044186;29;6;2022;00:00;5;62;2;6;1;3;50,4018980000;2,9065600000
202200044187;3;12;2022;16:10;1;35;1;1;1;6;48,3662029080; -1,3046452403
202200044188;11;7;2022;15:45;1;59;2;9;1;1;50,6450951759;3,0220842359
202200044189;4;12;2022;18:50;3;22;1;1;1;2;48,4745837490; -2,5682709965
202200044190;27;6;2022;09:20;1;59;2;2;1;3;50,6393500000;3,0679500000
202200044191;2;12;2022;08:45;1;62;2;1;1;1;50,4013240000;1,6468360000
202200044192;10;7;2022;15:54;1;56;1;2;7;3;47,8106603000; -3,2523661000
202200044193;4;12;2022;15:15;1;30;1;1;1;3;43,9748450000;4,4185470000
202200044194;8;7;2022;07:55;1;56;2;6;7;3;47,7570800000; -3,3880800000
202200044195;3;12;2022;16:40;2;79;2;3;1;3;46,1459790000; -0,6023650000
202200044196;11;7;2022;16:19;1;51;2;1;1;3;49,2555072339;4,0290695429
202200044197;3;12;2022;19:20;3;80;1;1;1;3;49,9946620000;1,7112980000
202200044198;11;7;2022;09:00;1;51;2;1;1;2;49,2619200000;4,0202700000
202200044199;3;12;2022;16:15;1;46;2;1;1;6;44,4659210000;1,2993370000
202200044200;10;7;2022;22:16;2;49;2;1;1;3;47,4527700000; -0,5167300000
202200044201;3;12;2022;17:35;3;47;2;2;1;6;44,2894290000;0,3405760000
202200044202;8;7;2022;23:54;5;49;2;3;1;3;47,4689000000; -0,5497000000
202200044203;4;12;2022;17:00;1;22;2;1;1;6;48,6681400000; -3,3971570000
202200044204;10;7;2022;07:20;1;44;1;9;1;6;47,2185100000; -1,6237100000
202200044205;3;12;2022;20:10;3;39;1;1;5;6;46,6580160000;5,5719570000
202200044206;3;12;2022;16:45;1;29;1;1;1;5;48,5246770000; -4,5042870000
202200044207;11;7;2022;09:20;1;35;2;1;1;2;48,1068843313; -1,7292349041
202200044208;4;12;2022;10:45;1;15;1;1;4;1;45,0059530000;3,2125190000
202200044209;11;7;2022;21:40;1;33;2;1;1;6;44,8383709810; -0,5860573053
202200044210;4;12;2022;18:50;3;18;1;1;3;1;46,7334400000;2,1782610000
202200044211;4;12;2022;05:10;3;18;1;1;1;7;46,6092380000;2,2962710000
202200044212;11;7;2022;08:51;1;33;2;6;1;3;44,7999286142; -0,6379660964
202200044213;27;10;2022;00:30;3;18;1;1;5;-1;47,1980410000;2,3882270000
202200044214;3;12;2022;04:30;3;10;1;1;1;7;48,4131160000;3,7758430000
202200044215;10;7;2022;23:45;5;33;2;3;1;3;44,8641600000; -0,5586000000
202200044216;3;12;2022;18:15;3;07;1;1;4;6;45,0706110000;4,3832550000
202200044217;4;12;2022;05:55;3;24;1;1;2;6;45,4273670000;0,5171030000
202200044218;11;7;2022;15:12;1;33;2;2;1;3;44,6626200000; -1,1741900000
202200044219;3;12;2022;16:10;1;37;1;1;1;6;47,4628610000;0,4276030000
202200044220;11;7;2022;18:05;1;31;2;1;1;6;43,6156800000;1,4415200000
202200044221;3;12;2022;19:50;3;30;1;6;2;6;43,8101740000;4,2456580000
202200044222;4;12;2022;11:46;1;60;1;1;1;7;49,5762816773;2,2030808926
202200044223;11;7;2022;19:45;1;30;2;1;1;3;44,1373000000;4,1048300000
202200044224;3;12;2022;14:00;1;63;1;1;2;6;45,8067190000;3,1533870000
202200044225;29;11;2022;11:10;1;01;1;1;2;6;46,1369910000;5,5390300000
202200044226;10;7;2022;22:30;5;29;2;1;1;6;47,8749900000; -3,9162800000
202200044227;4;12;2022;00:15;3;45;1;1;8;3;48,0050480000;1,8483750000
202200044228;11;7;2022;11:14;1;17;2;1;1;1;46,1532900000; -1,1290000000
202200044229;3;12;2022;18:55;3;77;1;1;8;2;48,4818540000;2,5142600000
202200044230;11;7;2022;20:50;1;14;2;9;1;3;49,1855540374; -0,3522228599
202200044231;3;12;2022;19:00;3;971;1;1;1;5;16,2861580000; -61,3011470000
202200044232;11;7;2022;20:35;1;13;2;3;1;3;43,2586500000;5,4173800000
202200044233;11;7;2022;14:25;1;13;2;1;1;1;43,3643000000;5,3580300000
202200044234;4;12;2022;06:30;3;63;1;1;9;2;45,7863248352;3,2383114100
202200044235;11;7;2022;09:00;1;13;2;6;1;6;43,2502900000;5,3890200000
202200044236;11;7;2022;04:20;3;13;2;1;1;1;43,2771224512;5,3986424940
202200044237;4;12;2022;06:40;2;38;2;2;1;1;45,3444290000;4,8176400000
202200044238;10;7;2022;15:30;1;13;2;1;1;1;43,2757000000;5,3594200000
202200044239;3;12;2022;13:45;1;38;2;1;2;6;45,5818560000;4,7963580000
202200044240;13;11;2022;18:22;3;16;1;1;2;6;45,6708190000;0,0252660000
202200044241;11;7;2022;16:50;1;06;2;9;1;-1;43,7048200000;7,2726900000
202200044242;4;12;2022;06:15;5;49;2;6;1;6;47,1986580000; -0,8714710000
202200044243;8;7;2022;07:10;1;06;2;6;1;2;43,6416000000;6,9118510000
202200044244;3;12;2022;07:00;3;13;1;1;2;3;43,3724400000;5,3613200000
202200044245;12;7;2022;01:11;5;06;2;9;1;3;43,6619000000;7,1931600000
202200044246;11;7;2022;19:15;1;75;2;1;1;2;48,8386920000;2,4129990000
202200044247;2;12;2022;12:46;1;13;1;1;1;2;43,4218679351;5,3705358330
202200044248;2;12;2022;13:30;1;13;1;1;1;2;43,2922200000;5,4796900000
202200044249;2;12;2022;07:35;2;13;1;1;1;5;43,2882000000;5,5002400000
202200044250;10;7;2022;17:00;1;75;2;1;1;3;48,8177870000;2,3533780000
202200044251;3;12;2022;01:40;3;57;1;1;1;1;49,4630100000;6,1215400000
202200044252;10;7;2022;02:25;5;75;2;1;1;3;48,8374550000;2,3543250000
202200044253;3;12;2022;15:10;1;33;1;1;1;2;44,6993410000; -0,5010430000
202200044254;3;12;2022;15:30;1;91;1;1;1;2;48,7464000000;2,3245100000
202200044255;2;12;2022;22:20;5;75;1;1;2;7;48,8164604948;2,3574391007
202200044256;3;12;2022;15:10;1;92;1;1;1;2;48,9032730000;2,2057130000
202200044257;11;7;2022;15:34;1;75;2;2;1;7;48,8520940000;2,3403150000
202200044258;11;7;2022;15:10;1;75;2;1;7;6;48,8902200000;2,3683690000
202200044259;2;12;2022;20:50;4;92;1;1;2;4;48,9335238690;2,2754620724
202200044260;11;7;2022;20:30;1;75;2;5;1;6;48,9012580000;2,3441200000
202200044261;2;12;2022;15:25;1;92;1;1;1;2;48,8946080000;2,2299690000
202200044262;3;12;2022;16:30;2;93;1;1;1;2;48,9503754481;2,4488456404
202200044263;11;7;2022;19:20;1;75;2;3;1;6;48,8343490000;2,3535580000
202200044264;11;7;2022;17:10;1;75;2;1;1;6;48,8720390000;2,3573600000
202200044265;3;12;2022;12:40;1;93;1;1;1;5;48,9242250872;2,4266113208
202200044266;2;12;2022;11:41;1;93;1;1;1;2;48,9713639038;2,4985811012
202200044267;10;7;2022;21:10;1;75;2;1;7;1;48,8622170000;2,2995820000
202200044268;2;12;2022;19:05;3;95;1;1;2;3;48,9700998715;2,2495644717
202200044269;11;7;2022;19:40;1;75;2;2;1;7;48,8569600000;2,3538590000
202200044270;3;12;2022;03:50;3;94;1;1;2;6;48,7682355418;2,4512505701
202200044271;11;7;2022;07:55;1;75;2;1;1;2;48,8672780000;2,3531200000
202200044272;23;2;2022;16:00;1;35;1;1;1;2;48,5906670000; -2,0271710000
202200044273;2;12;2022;22:50;3;77;1;1;1;6;48,6145540000;2,6316610000
202200044274;11;7;2022;09:15;1;94;2;1;1;6;48,7723000000;2,4142100000
202200044275;22;2;2022;23:15;3;60;1;1;1;6;49,4238710000;2,1462610000
202200044276;2;12;2022;22:50;3;77;1;1;2;6;48,7045312415;2,5973659943
202200044277;10;7;2022;01:10;5;94;2;4;1;3;48,8411400000;2,4329300000
202200044278;22;2;2022;16:34;1;13;1;1;1;2;43,2850900000;5,5175200000
202200044279;11;7;2022;21:15;2;94;1;1;1;2;48,7534650000;2,4853600000
202200044280;2;12;2022;21:00;3;94;1;1;2;3;48,7764649784;2,4202913045
202200044281;22;2;2022;08:20;1;13;1;1;1;3;43,2865400000;5,5094000000
202200044282;11;7;2022;17:15;1;94;2;1;1;1;48,7271350000;2,4460420000
202200044283;2;12;2022;15:40;1;94;2;1;2;7;48,7529400000;2,5064400000
202200044284;21;2;2022;09:15;1;33;1;1;1;6;44,9090520000; -0,4898120000
202200044285;11;7;2022;19:50;1;94;2;2;1;3;48,8016390000;2,3791440000
202200044286;16;2;2022;17:00;1;59;1;1;1;2;50,3391016966;3,5309135914
202200044287;11;7;2022;08:30;1;94;2;9;7;3;48,8190270000;2,3725210000
202200044288;2;12;2022;16:15;1;93;2;3;2;3;48,9385300000;2,3559800000
202200044289;11;7;2022;05:35;2;94;2;1;1;7;48,8024810000;2,3939070000
202200044290;22;2;2022;14:20;1;91;1;1;2;4;48,6236600000;2,3818500000
202200044291;22;2;2022;09:35;1;94;1;1;1;3;48,7548000000;2,3455000000
202200044292;11;7;2022;10:55;1;94;2;1;1;3;48,7529000000;2,3722000000
202200044293;11;7;2022;06:25;1;94;1;1;1;3;48,7533700000;2,3567800000
202200044294;21;2;2022;11:42;1;92;1;1;1;4;48,7634000000;2,3062000000
202200044295;11;7;2022;15:30;1;94;1;6;1;3;48,8299300000;2,4898000000
202200044296;5;8;2022;10:23;1;38;2;1;1;7;45,4332890000;5,7509510000
202200044297;21;2;2022;09:25;1;94;1;1;1;4;48,7658700000;2,3434700000
202200044298;11;7;2022;11:15;1;94;2;1;1;6;48,7845200000;2,5168800000
202200044299;21;2;2022;16:35;1;92;1;1;1;2;48,8316944107;2,1492061257
202200044300;20;8;2022;11:35;1;38;2;3;7;3;45,3885760000;5,7242690000
202200044301;11;7;2022;08:55;1;94;2;2;1;1;48,8054500000;2,4214200000
202200044302;19;8;2022;22:45;5;49;2;6;1;7;47,1192270000; -1,1284050000
202200044303;22;2;2022;11:45;1;95;1;1;8;2;48,9787570171;2,2300904989
202200044304;20;8;2022;11:50;1;60;2;1;1;3;49,2897830000;2,2004310000
202200044305;11;7;2022;13:00;1;93;2;2;1;2;48,9581800000;2,5582800000
202200044306;22;2;2022;09:40;1;93;1;1;8;3;48,9189934371;2,3572939965
202200044307;10;7;2022;18:20;1;93;2;9;1;3;48,9164971886;2,3624199629
202200044308;19;8;2022;08:45;1;13;1;1;1;3;43,3755164892;5,3601513865
202200044309;22;2;2022;09:30;1;95;1;1;1;3;49,0700515816;2,5524652004
202200044310;22;2;2022;16:30;1;94;1;1;1;2;48,7993064362;2,4458060166
202200044311;10;7;2022;21:39;5;93;2;1;1;2;48,8786500000;2,4726800000
202200044312;19;8;2022;12:35;1;33;1;1;1;2;44,8779711972; -0,6307911873
202200044313;11;7;2022;20:25;2;93;2;1;1;6;48,8999057181;2,3944965005
202200044314;20;2;2022;23:00;5;94;1;1;2;2;48,8296200000;2,4983600000
202200044315;17;8;2022;05:20;3;33;1;1;1;2;44,8893000000; -0,6010900000
202200044316;11;7;2022;17:45;1;93;2;3;1;3;48,9528280000;2,3373280000
202200044317;19;8;2022;14:30;1;95;1;1;1;3;48,9800573770;2,4968469143
202200044318;20;2;2022;01:35;3;77;1;1;2;3;48,6677550000;2,6125480000
202200044319;11;7;2022;19:45;1;93;2;2;1;3;48,9321000000;2,3918500000
202200044320;18;8;2022;18:15;1;38;2;1;1;6;45,1793200000;5,7053900000
202200044321;11;7;2022;17:20;1;93;2;1;1;3;48,9096483284;2,4537679553
202200044322;18;2;2022;19:25;5;58;2;3;1;6;46,9980100000;3,1655200000
202200044323;18;8;2022;09:30;1;24;2;9;1;6;44,8532100000;0,4911100000
202200044324;10;7;2022;06:30;1;92;2;2;1;3;48,8468938738;2,2142059207
202200044325;17;2;2022;10:45;1;58;2;3;1;6;46,9797400000;3,1287300000
202200044326;11;7;2022;20:20;1;92;2;1;1;6;48,8720771446;2,1986437440
202200044327;25;3;2022;11:45;1;91;2;2;1;3;48,6007300000;2,4707900000
202200044328;11;7;2022;08:10;1;92;2;6;1;3;48,8871780000;2,1794930000
202200044329;11;7;2022;07:45;1;92;2;1;1;6;48,8841838432;2,2359336913
202200044330;11;6;2022;14:10;1;54;2;1;1;6;48,6730447969;6,1802360415
202200044331;13;4;2022;12:20;1;57;2;1;1;7;49,1914342272;6,8845165121
202200044332;22;2;2022;07:40;1;988;2;3;1;4; -22,2680800000;166,4293200000
202200044333;11;6;2022;10:30;1;06;2;1;1;2;43,6454700000;6,9396600000
202200044334;11;7;2022;15:45;1;92;2;1;1;6;48,9002696235;2,2608903050
202200044335;21;2;2022;14:35;1;973;1;1;2;2;4,9034700000; -52,3243100000
202200044336;18;8;2022;19:35;5;988;2;2;1;3; -22,2771100000;166,4478000000
202200044337;11;7;2022;18:40;1;92;2;1;1;7;48,8385997550;2,2329175472
202200044338;10;6;2022;10:55;1;976;2;1;1;3; -12,7758200000;45,2266200000
202200044339;21;2;2022;12:15;1;973;1;6;3;7;4,8971300000; -52,3287000000
202200044340;17;8;2022;14:50;1;974;2;1;1;3; -21,3047600000;55,4622700000
202200044341;9;7;2022;19:45;2;92;2;1;1;3;48,9069408940;2,2912934124
202200044342;11;6;2022;21:49;5;974;2;2;1;3; -20,9040000000;55,4918200000
202200044343;18;8;2022;17:55;1;973;1;1;1;3;4,9033800000; -52,3242400000
202200044344;12;7;2022;05:45;3;988;2;1;1;6; -20,5559740000;164,2784040000
202200044345;11;6;2022;05:00;5;973;2;1;1;7;4,9383900000; -52,3170900000
202200044346;21;2;2022;00:10;5;973;2;1;2;7;4,9291400000; -52,2965800000
202200044347;15;8;2022;18:32;1;2B;2;1;1;3;42,6289000000;9,4670000000
202200044348;10;7;2022;18:40;1;42;1;1;1;6;45,9695420000;3,9493330000
202200044349;10;6;2022;23:30;5;69;2;2;1;3;45,7637000000;4,8618500000
202200044350;18;8;2022;11:23;1;95;2;3;1;6;48,9845180103;2,3205855489
202200044351;21;2;2022;16:50;1;69;2;2;2;3;45,7414461571;4,8686426602
202200044352;11;6;2022;10:00;1;69;2;1;1;7;45,7757300000;4,8392900000
202200044353;11;7;2022;18:00;1;52;1;1;1;4;47,8831140000;5,2216710000
202200044354;10;6;2022;22:55;5;971;1;1;2;6;16,2512915953; -61,5304327011
202200044355;17;2;2022;20:53;5;972;1;2;1;3;14,6434700000; -61,0105500000
202200044356;17;8;2022;18:30;1;78;2;2;1;6;48,9838910000;1,9152780000
202200044357;12;7;2022;14:00;1;74;1;1;1;7;45,9004510000;6,0378560000
202200044358;10;6;2022;19:23;1;90;2;9;1;3;47,6347900000;6,8398700000
202200044359;20;2;2022;17:51;1;972;1;1;1;6;14,6183500000; -61,0363000000
202200044360;20;2;2022;04:30;2;972;2;1;2;6;14,6197800000; -61,0562400000
202200044361;12;7;2022;12:20;1;42;2;1;1;2;46,0395220000;4,0118930000
202200044362;11;6;2022;16:55;1;86;1;1;1;7;46,5610860000;0,3407730000
202200044363;18;8;2022;15:15;1;77;2;1;1;2;48,8608200000;2,8094500000
202200044364;11;7;2022;04:50;3;34;1;1;1;6;43,7771068017;3,3310331548
202200044365;6;6;2022;13:15;1;83;2;1;1;2;43,1274400000;5,9627900000
202200044366;21;2;2022;07:50;5;69;2;2;3;6;45,7792817838;4,8411619663
202200044367;18;8;2022;11:45;1;76;2;1;1;6;49,4461200000;1,1081700000
202200044368;2;7;2022;20:16;1;62;1;1;7;7;50,2139590000;2,1475160000
202200044369;10;6;2022;20:00;1;83;2;1;1;6;43,1281800000;5,9064200000
202200044370;21;2;2022;11:15;1;2A;2;1;1;6;41,9221999186;8,7373894829
202200044371;17;8;2022;19:50;1;76;1;1;2;3;49,4046900000;1,0348800000
202200044372;11;6;2022;16:00;1;83;1;1;1;7;43,1481230000;6,1493730000
202200044373;17;8;2022;02:25;5;76;2;4;1;6;49,5469700000;0,1957500000
202200044374;2;7;2022;09:42;1;62;1;1;1;5;50,3489930000;2,5411680000
202200044375;21;2;2022;21:41;5;95;2;1;2;2;48,9823669577;2,4423658848
202200044376;11;7;2022;17:00;1;27;1;1;1;7;49,0999220000;0,5046460000
202200044377;11;6;2022;10:15;1;74;1;3;1;3;46,2133000000;6,2682500000
202200044378;19;2;2022;11:23;1;91;2;2;1;1;48,7374300000;2,2697400000
202200044379;11;7;2022;15:45;1;57;2;1;1;1;48,7489117675;7,2508693586
202200044380;18;8;2022;10:30;1;76;2;4;1;3;49,9177000000;1,0742800000
202200044381;10;6;2022;17:40;1;72;2;9;1;1;47,9622000000;0,2093500000
202200044382;16;2;2022;15:52;1;91;2;1;1;6;48,6362490000;2,4408300000
202200044383;12;7;2022;01:55;3;51;1;1;1;7;49,1986720000;4,8883470000
202200044384;18;8;2022;13:45;1;69;2;4;1;3;45,7669200000;4,8699100000
202200044385;10;6;2022;19:00;1;71;2;2;1;3;46,8127900000;4,4311800000
202200044386;18;8;2022;17:30;1;69;2;1;2;7;46,0071800000;4,7117000000
202200044387;10;6;2022;18:10;1;71;2;1;1;7;46,7985800000;4,4566900000
202200044388;12;7;2022;17:11;1;56;1;3;1;1;48,0251620000; -2,3179860000
202200044389;20;2;2022;05:45;5;83;2;3;9;3;43,1282200000;5,9059900000
202200044390;11;6;2022;22:00;5;69;2;1;1;2;45,7719900000;4,9771100000
202200044391;17;8;2022;17:00;1;69;2;1;3;2;45,7317011585;4,9178490044
202200044392;21;2;2022;09:30;1;83;1;1;1;3;43,0740800000;6,1486500000
202200044393;12;7;2022;12:20;1;74;2;9;1;1;46,1457120000;6,3875570000
202200044394;11;6;2022;02:30;5;69;2;1;1;6;45,6955065778;4,9216336012
202200044395;21;2;2022;07:45;1;83;2;1;1;3;43,1241800000;6,1481200000
202200044396;18;8;2022;00:30;5;67;2;4;3;3;48,5800100000;7,6971500000
202200044397;11;7;2022;19:24;1;80;1;1;1;6;49,9735820000;2,6510100000
202200044398;11;6;2022;19:10;1;69;2;1;1;6;45,7564958843;4,8763354111
202200044399;16;8;2022;06:05;2;67;2;1;1;3;48,5872200000;7,7009300000
202200044400;21;2;2022;11:22;1;81;2;2;1;3;43,9220200000;2,1381400000
202200044401;11;7;2022;23:30;5;65;2;1;1;7;43,3738490000;0,0550120000
202200044402;11;6;2022;18:25;1;69;2;2;1;3;45,7696600000;4,8710600000
202200044403;11;7;2022;19:00;1;65;1;1;1;7;43,1823990000;0,0125740000
202200044404;14;8;2022;02:30;5;67;2;3;1;3;48,5655700000;7,7073600000
202200044405;18;2;2022;07:25;2;76;2;2;1;3;49,5209483681;0,1245074719
202200044406;10;7;2022;15:30;1;11;1;1;1;7;42,8764850000;2,1575770000
202200044407;11;6;2022;12:10;1;64;2;3;1;3;43,3063000000; -0,3748700000
202200044408;21;2;2022;13:20;1;74;2;1;2;2;46,1848900000;6,2168800000
202200044409;13;8;2022;18:00;1;67;2;1;1;3;48,5495800000;7,7580000000
202200044410;12;7;2022;11:58;1;71;2;1;1;7;46,7056420000;5,1885560000
202200044411;12;6;2022;23:00;5;64;2;1;1;7;43,4718059491; -1,5408955514
202200044412;21;2;2022;04:30;5;74;2;1;2;6;46,1857900000;6,2306000000
202200044413;12;7;2022;10:13;1;46;1;1;7;6;44,4450870000;1,5885040000
202200044414;13;8;2022;04:55;5;67;2;1;1;6;48,5706000000;7,7758200000
202200044415;11;6;2022;14:30;1;59;2;2;1;3;50,7415927397;3,0799108744
202200044416;9;7;2022;15:15;1;41;2;4;1;7;47,2662530000;1,3823090000
202200044417;21;2;2022;15:10;1;69;2;3;2;6;45,7801300000;4,8916200000
202200044418;16;8;2022;17:36;1;66;2;9;1;6;42,6797800000;2,8901800000
202200044419;11;6;2022;02:00;5;56;2;1;1;2;47,6705400000; -2,7571600000
202200044420;20;2;2022;17:34;1;67;2;1;1;1;48,5740100000;7,7712600000
202200044421;11;7;2022;20:00;1;34;1;2;1;2;43,8036643094;3,4577778901
202200044422;11;6;2022;14:00;1;56;2;1;1;3;47,8010900000; -3,2599770000
202200044423;16;8;2022;15:00;1;66;2;3;1;1;42,6945500000;2,9016910000
202200044424;11;7;2022;16:09;1;22;1;1;1;7;48,4004420000; -2,7235790000