Accident_Id;jour;mois;an;hrmn;lum;dep;agg;int;atm;col;lat;long
202200044425;19;2;2022;19:09;5;67;2;1;1;6;48,6110400000;7,7377900000
202200044426;10;6;2022;22:05;3;56;2;2;1;3;47,7505200000; -3,3629900000
202200044427;11;7;2022;14:30;1;39;1;2;1;3;47,1463340000;5,6293990000
202200044428;18;8;2022;16:45;1;64;2;1;2;4;43,3619046758; -1,7084887512
202200044429;18;2;2022;21:20;5;67;2;3;1;3;48,6066100000;7,7363200000
202200044430;11;7;2022;17:45;1;34;2;1;7;6;43,5321530000;3,9197630000
202200044431;11;6;2022;22:20;2;54;2;6;1;1;48,6860650517;6,1919894814
202200044432;18;2;2022;18:20;5;67;2;1;2;3;48,5729200000;7,7590700000
202200044433;17;8;2022;17:57;1;64;2;1;1;4;43,5095600000; -1,4437000000
202200044434;12;7;2022;13:00;1;15;1;1;1;1;45,3421090000;2,4526120000
202200044435;11;6;2022;16:00;1;54;2;1;1;6;48,6944069842;6,2149532139
202200044436;18;2;2022;22:44;5;66;2;1;1;6;42,7007200000;2,9358100000
202200044437;11;7;2022;16:05;1;06;1;1;1;7;44,0648900000;7,1446460000
202200044438;11;6;2022;13:29;1;54;1;1;1;6;49,4921600000;5,8112500000
202200044439;18;8;2022;11:15;1;60;2;2;1;3;49,4340600000;2,0519700000
202200044440;21;2;2022;16:30;1;64;2;3;1;3;43,3305800000; -0,4352000000
202200044441;12;7;2022;08:25;1;06;2;1;1;6;43,7229930000;7,3977140000
202200044442;9;6;2022;18:43;1;50;2;6;1;1;49,1154800000; -1,0830200000
202200044443;18;8;2022;15:30;1;59;2;3;1;6;50,6776300000;3,1539100000
202200044444;20;2;2022;23:20;5;64;2;1;1;6;43,3297100000; -0,3996300000
202200044445;10;7;2022;07:45;1;14;2;1;1;6;49,0175990000; -0,0324370000
202200044446;11;6;2022;09:45;1;41;2;1;1;3;47,5869800000;1,3345500000
202200044447;16;8;2022;18:40;1;56;2;6;1;2;47,7999000000; -3,2606700000
202200044448;21;2;2022;09:10;1;59;2;1;1;2;50,7293700000;3,1438700000
202200044449;11;6;2022;17:43;1;35;2;1;1;6;48,1148200000; -1,6815900000
202200044450;12;7;2022;10:30;1;05;1;3;1;3;44,5415909741;6,4976057410
202200044451;14;2;2022;16:30;1;58;2;1;1;7;46,9934800000;3,1635900000
202200044452;12;8;2022;13:55;1;50;2;1;1;3;49,6336300000; -1,6200500000
202200044453;11;7;2022;19:20;1;05;2;1;1;3;44,6738410000;6,0734250000
202200044454;11;6;2022;10:00;1;33;2;6;1;3;44,8370300000; -0,6470000000
202200044455;18;8;2022;15:05;1;45;2;2;1;6;47,9043420000;1,8654520000
202200044456;11;6;2022;07:00;2;33;2;1;1;6;44,8034000000; -0,5716900000
202200044457;19;2;2022;12:30;1;56;2;6;8;3;47,7411880000; -3,4060120000
202200044458;17;8;2022;17:10;1;44;2;3;1;1;47,2804100000; -2,2588500000
202200044459;11;7;2022;14:15;1;83;1;2;1;3;43,5729680000;6,5615200000
202200044460;21;2;2022;16:50;1;51;2;1;2;2;49,2321726133;4,0212063011
202200044461;12;6;2022;00:10;5;33;2;1;1;3;44,6259717537; -1,2007740140
202200044462;19;8;2022;00:45;5;44;2;1;1;6;47,2112600000; -1,6117800000
202200044463;11;7;2022;14:25;1;60;1;1;1;6;49,3560760000;2,0988180000
202200044464;21;2;2022;09:10;1;51;2;3;1;3;49,2257062546;4,0205258225
202200044465;26;4;2022;18:20;1;31;2;6;7;3;43,1128700000;0,7209700000
202200044466;18;8;2022;13:10;1;43;2;2;1;3;45,0317000000;3,8826100000
202200044467;8;7;2022;13:00;1;60;2;3;1;1;49,4493610000;1,9022600000
202200044468;11;6;2022;12:34;1;17;2;1;1;7;46,1310800000; -1,0965800000
202200044469;21;2;2022;07:50;1;51;2;2;1;7;49,0367046108;3,9641639718
202200044470;10;7;2022;09:59;1;45;2;1;1;6;48,0816590000;1,8782380000
202200044471;12;8;2022;09:45;1;35;2;6;1;3;48,3525600000; -1,1996200000
202200044472;11;6;2022;12:42;1;13;2;1;1;3;43,3295000000;5,4189900000
202200044473;19;2;2022;17:30;1;50;2;1;2;6;49,6234600000; -1,6131900000
202200044474;18;8;2022;02:50;3;33;2;1;2;3;44,6334500000; -1,1803100000
202200044475;11;6;2022;13:25;1;11;2;1;1;3;43,2252600000;2,3294400000
202200044476;19;2;2022;12:40;1;50;2;1;1;3;49,6288700000; -1,6402600000
202200044477;17;8;2022;15:50;1;29;2;1;1;7;48,0153900000; -4,0847700000
202200044478;11;6;2022;19:20;1;10;2;6;1;3;48,2594574803;4,0616342425
202200044479;12;7;2022;10:20;1;27;2;1;1;6;48,8446950000;1,0020570000
202200044480;20;2;2022;20:25;5;49;2;1;1;3;47,4656900000; -0,5560000000
202200044481;11;6;2022;19:20;1;06;2;1;1;3;43,6603700000;6,9186200000
202200044482;11;7;2022;13:40;1;87;1;1;1;7;46,2135160000;1,1459260000
202200044483;11;6;2022;06:45;1;06;2;1;1;6;43,6886830000;7,1864620000
202200044484;18;8;2022;05:30;5;29;2;3;1;6;48,3769435000; -4,5126317739
202200044485;20;2;2022;13:09;1;49;2;3;1;3;47,4753400000; -0,5485800000
202200044486;11;7;2022;14:40;1;08;1;1;1;7;49,6801740000;5,1549810000
202200044487;11;6;2022;20:20;1;06;2;1;1;3;43,5809100000;7,1129820000
202200044488;15;2;2022;08:15;1;47;2;1;1;6;44,4077817394;0,7199571415
202200044489;11;7;2022;22:00;2;06;1;1;1;7;43,6170900000;7,0595660000
202200044490;10;6;2022;17:18;1;01;2;1;1;6;46,2069600000;5,2263800000
202200044491;14;8;2022;21:25;2;18;2;4;1;1;47,2253000000;2,0488000000
202200044492;21;2;2022;15:12;1;45;1;1;1;2;47,9445450000;1,9046150000
202200044493;12;7;2022;13:30;1;78;1;1;1;1;48,9049570000;1,9224570000
202200044494;10;6;2022;16:50;1;01;2;1;1;1;46,2076600000;5,2302300000
202200044495;21;2;2022;20:40;5;37;2;1;1;3;47,3750919402;0,6682375073
202200044496;10;7;2022;19:40;3;987;1;1;2;1; -17,7426370000; -149,2188840000
202200044497;10;6;2022;19:05;1;75;2;1;1;7;48,8426860000;2,2730940000
202200044498;12;7;2022;03:45;3;988;1;1;1;7; -20,2854650000;164,0939430000
202200044499;18;8;2022;14:53;1;17;2;1;1;3;45,6320500000; -1,0333200000
202200044500;21;2;2022;09:46;1;37;2;6;1;6;47,4197196848;0,6625431776
202200044501;11;7;2022;15:00;1;988;2;1;3;7; -22,2251010000;166,6347670000
202200044502;11;6;2022;16:55;1;75;2;2;1;3;48,8397040000;2,3566040000
202200044503;20;2;2022;07:00;2;34;2;9;6;7;43,4514000000;3,8029300000
202200044504;11;7;2022;18:50;1;77;1;1;1;6;49,0546610000;2,6994180000
202200044505;11;6;2022;02:10;5;75;2;2;1;3;48,8699660000;2,3944920000
202200044506;21;2;2022;13:10;1;30;2;1;1;2;44,1346700000;4,0945000000
202200044507;18;8;2022;02:54;5;15;2;1;1;3;44,9086000000;2,4454600000
202200044508;10;7;2022;07:00;1;77;1;1;1;7;48,6848980000;3,0590490000
202200044509;11;6;2022;20:00;1;75;2;2;1;3;48,8778330000;2,3740980000
202200044510;10;7;2022;15:45;1;11;1;1;1;6;43,1076100000;2,9471680000
202200044511;17;8;2022;14:40;1;15;2;1;1;3;44,9136790000;2,4411070000
202200044512;21;2;2022;08:40;1;17;2;1;1;1;46,1745800000; -1,1300400000
202200044513;11;6;2022;09:45;1;75;2;1;1;3;48,8797370000;2,3704440000
202200044514;9;7;2022;15:15;1;83;1;1;1;3;43,2530560000;6,5741050000
202200044515;17;2;2022;16:20;1;13;2;1;1;6;43,4250700000;5,2702700000
202200044516;10;6;2022;03:35;5;75;2;7;1;3;48,8784920000;2,3704170000
202200044517;19;8;2022;00:25;3;14;2;2;1;3;49,2054180000; -0,2946310000
202200044518;18;2;2022;18:20;1;13;1;1;1;2;43,4134700000;4,9984300000
202200044519;12;7;2022;08:30;1;13;1;4;1;3;43,8210900000;4,8807510000
202200044520;11;6;2022;19:05;2;75;2;3;1;6;48,8994940000;2,3455700000
202200044521;18;8;2022;16:20;1;13;2;1;1;1;43,4503800000;5,2308800000
202200044522;19;2;2022;20:00;5;11;1;1;1;6;43,1860300000;2,9717800000
202200044523;11;7;2022;17:58;1;13;1;9;7;5;43,4534290000;5,4927620000
202200044524;11;6;2022;11:35;1;75;2;1;1;3;48,8982870000;2,3484410000
202200044525;21;2;2022;05:55;5;06;2;1;1;6;43,6368500000;6,9276600000
202200044526;18;8;2022;19:30;2;13;2;9;1;3;43,3164600000;5,3833700000
202200044527;11;7;2022;21:00;1;88;2;1;1;6;48,1400390000;6,6020800000
202200044528;31;3;2022;15:56;1;05;2;1;1;6;44,5624800000;6,0839500000
202200044529;17;8;2022;16:40;1;13;2;1;1;2;43,3339255021;5,3702499965
202200044530;11;6;2022;17:40;1;75;2;2;1;2;48,8383890000;2,2541420000
202200044531;2;4;2022;09:35;1;988;2;3;1;6; -22,2936000000;166,4462500000
202200044532;21;2;2022;21:14;5;03;2;2;8;3;46,3421500000;2,5893100000
202200044533;11;7;2022;22:45;3;74;1;3;1;2;46,2729100000;6,5451590000
202200044534;1;4;2022;08:25;1;974;1;1;1;3; -21,2984000000;55,4380800000
202200044535;18;8;2022;09:35;1;11;2;1;1;1;43,1945800000;3,0282200000
202200044536;11;6;2022;10:58;1;75;2;7;1;6;48,8871220000;2,3176830000
202200044537;21;2;2022;11:30;1;01;1;1;2;7;46,1799000000;5,1948000000
202200044538;3;7;2022;13:10;1;73;1;1;1;3;45,4500260000;6,0980720000
202200044539;1;4;2022;11:15;1;974;2;1;1;3; -20,8827200000;55,4621700000
202200044540;10;6;2022;13:10;1;75;2;3;1;3;48,8906320000;2,3031290000
202200044541;21;2;2022;08:40;1;75;2;1;1;3;48,8309540000;2,2840240000
202200044542;11;7;2022;18:25;1;31;2;1;1;3;43,5388660000;1,3711880000
202200044543;1;4;2022;19:15;3;974;2;1;3;3; -20,9459000000;55,6512800000
202200044544;20;2;2022;04:15;5;75;2;1;1;2;48,8333170000;2,2782160000
202200044545;10;7;2022;15:02;1;17;1;2;1;4;45,2842930000; -0,3357700000
202200044546;1;4;2022;13:30;1;973;2;2;2;3;4,9306124751; -52,3242203146
202200044547;9;6;2022;11:10;1;75;2;2;1;5;48,9009370000;2,3272620000
202200044548;16;8;2022;13:30;1;75;2;4;1;4;48,8443480000;2,4138880000
202200044549;10;7;2022;22:45;3;33;2;1;1;6;45,1524110000; -0,4128720000
202200044550;21;2;2022;19:50;5;75;2;2;2;3;48,8526470000;2,3331640000
202200044551;1;4;2022;09:20;1;973;2;1;2;7;4,9414900000; -52,3043400000
202200044552;18;8;2022;16:45;1;75;2;3;1;6;48,8562920000;2,4057770000
202200044553;12;7;2022;08:50;1;76;2;1;1;1;49,3664540000;1,1583710000
202200044554;11;6;2022;01:10;5;75;2;2;1;3;48,8649520000;2,2990610000
202200044555;1;4;2022;07:15;2;69;2;1;3;3;45,7424803599;4,8503780365
202200044556;18;8;2022;10:00;1;75;2;1;1;6;48,8603510000;2,2750150000
202200044557;21;2;2022;16:35;1;75;2;2;2;3;48,8480910000;2,3279240000
202200044558;11;7;2022;10:45;1;59;1;1;1;2;50,1604700000;3,9954080000
202200044559;10;6;2022;13:00;1;75;2;1;1;2;48,8649980000;2,2967420000
202200044560;1;4;2022;07:30;1;972;1;1;1;3;14,6314000000; -61,0698300000
202200044561;18;8;2022;15:30;1;75;2;3;1;6;48,8394510000;2,3222500000
202200044562;20;2;2022;23:10;5;75;2;2;2;3;48,8399750000;2,3617587984
202200044563;9;6;2022;12:19;1;75;2;5;1;3;48,8650350000;2,2887180000
202200044564;1;4;2022;21:00;5;2B;2;3;2;1;42,6801500000;9,4393600000
202200044565;21;2;2022;14:50;1;75;2;1;8;7;48,8724790000;2,4047050000
202200044566;4;6;2022;18:37;1;69;1;1;1;4;45,6845278074;4,8471030593
202200044567;18;8;2022;12:15;1;75;2;2;1;6;48,8249540000;2,3624400000
202200044568;1;4;2022;14:55;1;2B;2;1;1;7;42,7031300000;9,4452300000
202200044569;11;6;2022;11:20;1;75;2;7;1;7;48,8476380000;2,3016430000
202200044570;10;7;2022;21:56;2;54;1;1;1;6;48,7063500000;6,1393700000
202200044571;28;10;2022;17:20;1;75;2;3;1;2;48,8768740000;2,2916560000
202200044572;18;8;2022;06:00;2;75;2;2;8;1;48,8237790000;2,4576570000
202200044573;21;2;2022;15:08;1;75;2;3;8;3;48,8988550000;2,3781220000
202200044574;11;6;2022;00:15;5;75;2;3;1;2;48,8283310000;2,3566200000
202200044575;1;4;2022;15:50;1;971;2;2;1;2;16,0476600000; -61,5639600000
202200044576;27;10;2022;10:20;1;75;2;1;1;3;48,8639610000;2,2788600000
202200044577;11;7;2022;13:25;1;91;1;1;1;5;48,7263700000;2,3134200000
202200044578;10;6;2022;08:17;1;75;2;1;1;6;48,8335570000;2,3447330000
202200044579;18;8;2022;01:48;5;75;2;2;1;3;48,8693240000;2,3542690000
202200044580;11;7;2022;14:35;1;91;1;1;1;7;48,6612300000;2,3704000000
202200044581;20;2;2022;16:38;1;75;2;2;1;6;48,8846220000;2,3296500000
202200044582;28;10;2022;08:10;2;75;2;2;1;3;48,8493350000;2,2816380000
202200044583;11;7;2022;11:00;1;94;1;1;1;7;48,7540350000;2,3322480000
202200044584;11;6;2022;14:30;1;75;2;2;1;3;48,8442280000;2,4104160000
202200044585;1;4;2022;21:10;5;95;2;3;2;1;48,9697357172;2,3466056585
202200044586;17;8;2022;23:15;5;75;2;5;1;3;48,8804870000;2,3522820000
202200044587;21;2;2022;20:15;5;75;2;4;1;7;48,8793210000;2,2806990000
202200044588;11;7;2022;09:35;1;92;1;1;1;3;48,8053083488;2,2133096833
202200044589;28;10;2022;14:00;1;75;2;3;1;3;48,8331860000;2,3354500000
202200044590;1;4;2022;09:20;1;95;2;1;2;6;48,9623500000;2,3384800000
202200044591;17;8;2022;15:30;1;75;2;3;1;6;48,8624720000;2,3504440000
202200044592;10;6;2022;21:25;1;75;2;2;1;4;48,8603110000;2,3786640000
202200044593;27;10;2022;13:50;1;75;2;2;1;6;48,8320190000;2,3274250000
202200044594;10;7;2022;15:20;1;78;1;1;1;2;48,9703100000;1,8747100000
202200044595;31;3;2022;16:35;1;95;2;1;1;6;48,9905364749;2,3211675882
202200044596;21;2;2022;18:00;2;75;2;3;1;3;48,8832250000;2,3253290000
202200044597;18;8;2022;18:40;1;94;2;3;1;3;48,8478300000;2,4428700000
202200044598;9;7;2022;12:15;1;78;1;1;1;2;48,7844720000;2,0340580000
202200044599;28;10;2022;20:30;5;75;2;3;1;3;48,8294390000;2,3908510000
202200044600;31;3;2022;12:35;1;91;2;1;2;6;48,6908860000;2,2956730000
202200044601;11;6;2022;18:30;1;75;2;7;1;2;48,8732340000;2,2956160000
202200044602;18;8;2022;14:35;1;94;2;1;1;6;48,8410700000;2,4331900000
202200044603;28;10;2022;15:35;1;75;2;1;1;1;48,8333030000;2,4203540000
202200044604;1;4;2022;21:10;5;91;2;1;1;6;48,6645380000;2,3759730000
202200044605;21;2;2022;09:30;1;75;2;5;1;5;48,8479250000;2,2572890000
202200044606;11;6;2022;14:30;1;75;2;2;1;7;48,8751270000;2,3229430000
202200044607;8;7;2022;13:40;1;95;1;1;1;4;49,0502358077;2,1439433098
202200044608;17;8;2022;23:10;5;94;2;1;1;7;48,8100000000;2,3500000000
202200044609;31;3;2022;17:31;1;87;2;1;2;1;45,8471600000;1,2848700000
202200044610;28;10;2022;15:15;1;75;2;3;1;3;48,8528460000;2,3884570000
202200044611;21;2;2022;18:20;5;75;2;7;1;6;48,8395800000;2,3013080000
202200044612;17;8;2022;20:00;1;94;2;1;2;7;48,7461900000;2,3714300000
202200044613;11;6;2022;23:10;5;75;2;4;1;3;48,8629450000;2,3179070000
202200044614;4;2;2022;16:40;1;60;2;1;2;6;49,3818740000;2,4003210000
202200044615;1;4;2022;06:06;3;87;1;1;4;6;45,7994400000;1,2957000000
202200044616;27;10;2022;22:55;5;75;2;3;1;6;48,8606570000;2,3673260000
202200044617;18;8;2022;16:20;1;94;2;9;1;6;48,7327600000;2,5140500000
202200044618;12;4;2022;09:10;1;974;2;9;1;3; -20,8900000000;55,4635000000
202200044619;20;2;2022;22:00;5;75;2;3;1;3;48,8311230000;2,3811640000
202200044620;11;6;2022;09:39;1;75;2;2;1;3;48,8375390000;2,3229430000
202200044621;31;3;2022;06:11;5;87;2;1;2;1;45,8383100000;1,2571900000
202200044622;28;10;2022;12:00;1;75;2;3;1;3;48,8808930000;2,3210690000
202200044623;2;7;2022;10:50;1;94;2;1;1;3;48,7932820000;2,4256380000
202200044624;26;4;2022;20:30;1;91;2;1;1;6;48,6394620000;2,4202340000
202200044625;28;10;2022;01:57;5;75;2;2;1;7;48,8701230000;2,3065810000
202200044626;30;3;2022;13:15;1;83;2;1;2;6;43,1042900000;5,8749600000
202200044627;10;6;2022;19:45;1;75;2;2;1;3;48,8494820000;2,3152580000
202200044628;21;2;2022;10:55;1;75;2;2;1;3;48,8442710000;2,4104340000
202200044629;18;8;2022;10:00;1;93;2;2;1;3;49,0078400000;2,5575500000
202200044630;28;10;2022;19:20;5;75;2;7;1;3;48,8532880000;2,3130070000
202200044631;14;4;2022;08:40;1;78;2;3;1;3;48,8992500000;2,0729400000
202200044632;11;6;2022;19:58;1;75;2;2;1;6;48,8600600000;2,3491250000
202200044633;18;8;2022;09:00;1;93;2;1;1;3;48,8830792388;2,4963623645
202200044634;28;10;2022;18:20;2;75;2;1;1;6;48,8615980000;2,2976800000
202200044635;21;2;2022;21:15;5;75;2;2;1;3;48,8503960000;2,3814060000
202200044636;1;4;2022;13:20;1;81;2;1;2;6;43,5881200000;2,1862320000
202200044637;27;10;2022;12:05;1;75;2;5;1;7;48,8499630000;2,2884310000
202200044638;18;8;2022;15:00;1;93;2;1;1;6;48,8592259126;2,4655038188
202200044639;11;6;2022;13:30;1;75;2;2;1;6;48,8584590000;2,3426920000
202200044640;21;2;2022;20:10;5;75;2;7;2;6;48,8779120000;2,3698810000
202200044641;1;4;2022;07:45;1;78;2;1;2;5;48,9464500000;1,9789700000
202200044642;28;10;2022;13:15;1;94;2;3;1;1;48,7939650000;2,4991420000
202200044643;18;8;2022;12:25;1;93;2;2;1;3;48,8580062467;2,4356941184
202200044644;10;6;2022;18:00;1;75;2;1;1;6;48,8499920000;2,3668920000
202200044645;21;2;2022;20:00;5;75;2;7;2;3;48,8666650000;2,3220150000
202200044646;5;4;2022;22:13;5;65;2;1;1;3;43,2372000000;0,0697400000
202200044647;26;10;2022;10:00;1;94;2;1;1;3;48,8201500000;2,4683200000
202200044648;18;8;2022;19:40;1;93;2;4;1;6;48,8994800000;2,5465300000
202200044649;1;4;2022;19:45;2;77;1;1;1;1;48,2265100000;2,7080600000
202200044650;11;6;2022;04:18;5;94;2;1;1;2;48,8182800000;2,5115900000
202200044651;27;10;2022;18:40;2;94;2;1;1;6;48,8140000000;2,4220000000
202200044652;21;2;2022;07:40;1;75;2;4;1;3;48,8673460000;2,3633830000
202200044653;18;8;2022;21:55;4;92;1;1;1;3;48,9254500000;2,2743500000
202200044654;1;4;2022;14:50;1;76;2;1;9;6;49,4899000000;0,1567700000
202200044655;11;6;2022;21:30;2;94;2;1;1;3;48,8000000000;2,3526000000
202200044656;28;10;2022;18:40;5;93;2;2;1;3;48,9452000000;2,3813200000
202200044657;13;8;2022;18:35;1;92;2;1;1;3;48,9198328214;2,2798610329
202200044658;1;4;2022;10:00;1;76;2;9;2;3;49,5139300000;0,1619800000
202200044659;11;6;2022;20:15;1;94;2;1;1;1;48,8155900000;2,3929700000
202200044660;21;2;2022;15:33;1;94;2;1;2;4;48,7725900000;2,3411900000
202200044661;28;10;2022;10:30;1;93;2;3;1;2;48,9611000000;2,3716800000
202200044662;17;8;2022;11:10;1;39;1;1;1;1;46,6798300000;5,9320160000
202200044663;31;3;2022;13:00;1;72;2;6;1;3;47,9697900000;0,2033300000
202200044664;11;6;2022;16:40;1;93;2;1;1;1;48,9411551115;2,3834779859
202200044665;20;2;2022;19:15;5;94;2;3;1;3;48,8051200000;2,4663100000
202200044666;30;3;2022;11:55;1;72;2;9;1;6;48,0041160000;0,2073000000
202200044667;27;10;2022;23:35;5;93;2;2;1;2;48,8780000000;2,4860000000
202200044668;11;6;2022;17:30;1;93;2;1;1;3;48,8887070000;2,5105400000
202200044669;21;2;2022;09:45;1;94;2;1;1;6;48,7689700000;2,4212900000
202200044670;19;8;2022;11:51;1;91;2;6;1;6;48,3486340000;1,9869110000
202200044671;28;10;2022;19:30;5;93;2;2;1;3;48,8919400000;2,4447500000
202200044672;1;4;2022;12:10;1;69;2;3;8;3;45,7667300000;4,8978600000
202200044673;11;6;2022;00:45;5;93;2;2;1;3;48,8618400000;2,5002700000
202200044674;21;2;2022;15:20;1;94;2;3;2;6;48,7117300000;2,5290600000
202200044675;28;10;2022;07:50;2;93;2;1;1;6;48,8353325861;2,5494688021
202200044676;18;8;2022;18:35;1;11;1;9;6;2;43,2160520000;2,8449970000
202200044677;31;3;2022;18:35;1;67;2;8;2;1;48,5699500000;7,7619000000
202200044678;11;6;2022;16:00;1;93;2;1;1;6;48,8958700000;2,4268200000
202200044679;21;2;2022;03:00;5;93;2;1;6;7;48,9474000000;2,3748000000
202200044680;1;4;2022;20:15;1;64;2;1;1;7;43,4954700000; -1,5355400000
202200044681;9;8;2022;08:00;1;41;1;1;1;3;47,4052880000;2,0290080000
202200044682;28;10;2022;19:45;3;93;2;3;1;6;48,8732700000;2,4219100000
202200044683;19;8;2022;15:45;1;12;1;1;8;6;44,0623920000;2,5154880000
202200044684;21;2;2022;09:20;1;93;2;3;1;3;48,8840200000;2,5218900000
202200044685;10;6;2022;22:42;5;92;2;2;1;3;48,8155200000;2,2984700000
202200044686;28;10;2022;11:22;1;93;2;9;1;6;48,9037828400;2,5818694834
202200044687;31;3;2022;10:39;1;63;2;6;1;3;45,7883035446;3,1395111681
202200044688;18;8;2022;22:20;5;62;2;1;1;6;50,8111920000;1,8117840000
202200044689;21;2;2022;09:00;1;93;2;1;1;6;48,9303455463;2,4209041893
202200044690;28;10;2022;09:15;1;92;2;1;1;6;48,8274236132;2,2772035003
202200044691;11;6;2022;08:00;1;92;2;1;1;3;48,8806240000;2,2753940000
202200044692;16;3;2022;17:00;1;62;2;1;8;2;50,9455800000;1,8618500000
202200044693;11;2;2022;15:50;1;93;2;1;1;6;48,9378673483;2,5057609463
202200044694;28;10;2022;20:00;5;92;2;3;1;3;48,9005862948;2,2752637267
202200044695;28;10;2022;22:55;3;47;1;1;1;6;44,1473500000;0,5325200000
202200044696;28;10;2022;19:00;2;43;2;3;1;1;45,3157700000;3,4207770000
202200044697;1;4;2022;16:50;1;59;2;1;1;6;50,7728127099;3,0695822238
202200044698;18;8;2022;21:45;3;35;1;2;1;3;48,2473019423; -1,6192214191
202200044699;11;6;2022;12:40;1;92;2;2;1;2;48,8905558705;2,2917421460
202200044700;20;2;2022;23:15;5;93;2;2;2;3;48,9399100000;2,5173200000
202200044701;28;10;2022;20:20;3;21;1;1;1;2;47,2870020000;4,5073560000
202200044702;16;8;2022;06:26;2;51;1;1;1;6;49,1497510390;4,2132031918
202200044703;2;4;2022;01:35;5;59;2;2;1;3;50,6019600000;3,0378900000
202200044704;11;6;2022;06:15;1;92;2;2;1;2;48,8983000811;2,2943814397
202200044705;28;10;2022;19:15;3;54;1;1;1;3;49,4965072890;5,6208801271
202200044706;20;2;2022;23:15;5;92;2;2;3;3;48,9348580000;2,3265130000
202200044707;1;4;2022;16:30;1;54;2;1;2;4;48,6819070000;6,1834320000
202200044708;19;8;2022;06:30;2;56;2;1;2;6;47,5836400000; -3,0816970000
202200044709;11;6;2022;12:10;1;92;2;1;1;1;48,8944400000;2,2408600000
202200044710;29;10;2022;08:18;3;29;1;1;1;2;48,5270583384; -3,9784496732
202200044711;21;2;2022;10:20;1;92;2;3;1;3;48,8241700000;2,2633600000
202200044712;31;3;2022;17:00;1;54;2;1;2;2;48,6754300000;6,1990500000
202200044713;31;7;2022;11:45;1;56;2;1;1;7;47,8297990000; -3,1546430000
202200044714;28;10;2022;21:00;3;22;1;1;1;-1;48,4668790000; -2,0632120000
202200044715;11;6;2022;12:50;1;92;2;1;1;6;48,9181218276;2,2386513054
202200044716;18;8;2022;15:35;1;56;1;1;1;6;47,6564520000; -2,1711840000
202200044717;21;2;2022;11:10;1;92;2;2;6;3;48,8982180886;2,2581936121
202200044718;31;3;2022;15:50;1;54;2;6;2;1;48,7214800000;6,2703000000
202200044719;24;10;2022;15:30;1;01;2;1;3;6;46,1098860000;5,8262460000
202200044720;19;8;2022;17:20;1;89;1;2;1;7;47,8157350000;4,0675030000
202200044721;19;2;2022;12:05;1;92;2;1;1;6;48,9127500000;2,2963640000
202200044722;11;6;2022;12:35;1;92;2;6;1;3;48,8337752832;2,2434425354
202200044723;28;10;2022;22:00;3;34;1;1;1;7;43,6317580000;3,7622380000
202200044724;31;3;2022;14:15;1;54;2;2;3;6;48,7003671586;6,1780473590
202200044725;29;10;2022;00:45;3;57;1;1;1;6;48,9872580000;6,4002660000
202200044726;11;6;2022;15:55;1;92;2;1;1;3;48,9182459130;2,2835359275
202200044727;19;8;2022;14:20;1;89;1;3;8;3;47,8277750000;3,9390810000
202200044728;28;1;2022;18:30;2;09;2;2;1;5;42,9849200000;1,1406720000
202200044729;31;3;2022;12:11;1;54;2;2;8;6;48,6895114267;6,1850090325
202200044730;18;8;2022;23:59;4;34;2;1;2;6;43,3928420000;3,5017210000
202200044731;12;6;2022;09:15;1;37;1;1;1;1;47,3815850000;0,3562400000
202200044732;21;2;2022;08:45;1;35;2;1;2;6;47,8942430000; -1,9902790000
202200044733;18;8;2022;15:15;1;68;1;9;1;6;47,8270580000;7,2852980000
202200044734;28;10;2022;13:30;1;19;2;8;1;3;45,1580630000;1,5587070000
202200044735;12;6;2022;04:15;2;54;1;1;5;6;48,5770700000;6,3504200000
202200044736;1;4;2022;15:50;1;50;2;1;1;6;48,8184400000; -1,5463700000
202200044737;18;8;2022;07:50;1;39;1;1;1;6;46,7541670000;5,5580150000
202200044738;28;10;2022;23:15;3;56;1;1;8;6;47,8920370000; -2,8889470000
202200044739;29;3;2022;13:00;1;50;2;1;2;1;49,6213000000; -1,6292600000
202200044740;18;8;2022;11:20;1;44;2;1;1;2;47,1731630000; -1,2674460000
202200044741;12;6;2022;06:00;1;42;2;1;1;1;46,0169370000;3,9909500000
202200044742;25;10;2022;05:15;3;56;1;1;1;6;47,7424640000; -3,0998240000
202200044743;11;6;2022;23:30;5;972;2;1;1;6;14,7759930000; -61,1347100000
202200044744;21;2;2022;08:00;1;22;1;1;8;4;48,4585290304; -2,5258835412
202200044745;10;3;2022;17:30;1;49;2;1;1;3;47,0702900000; -0,9024000000
202200044746;18;8;2022;15:00;1;44;1;1;8;1;47,2013880000; -1,9079790000
202200044747;31;3;2022;17:58;1;49;2;1;2;6;47,4319605888; -0,5287599564
202200044748;25;10;2022;12:15;1;56;1;2;1;5;47,7081590000; -2,5579640000
202200044749;22;2;2022;17:55;2;54;1;1;2;1;49,1625418077;5,8231750113
202200044750;19;8;2022;17:00;1;35;1;2;2;1;48,1182118634; -1,9337337613
202200044751;1;4;2022;06:15;5;45;2;3;8;3;47,9948148746;2,7336122096
202200044752;11;6;2022;01:10;5;62;1;2;1;3;50,6121260000;2,7823950000
202200044753;29;9;2022;17:32;1;33;1;1;1;1;45,2390960000; -0,8875970000
202200044754;11;6;2022;14:05;1;41;1;1;1;6;47,7559010000;1,5495660000