Accident_Id;jour;mois;an;hrmn;lum;dep;agg;int;atm;col;lat;long
202200045411;29;4;2022;16:57;1;61;2;3;1;3;48,4768940000; -0,1502730000
202200045412;13;5;2022;08:45;1;60;1;6;1;2;49,2058920000;2,4616030000
202200045413;12;5;2022;17:30;1;13;1;1;1;2;43,3698600000;5,3609500000
202200045414;12;5;2022;07:50;1;13;1;1;1;3;43,3501120123;5,3687160532
202200045415;11;5;2022;23:45;3;13;1;1;1;3;43,2843100000;5,4047200000
202200045416;12;5;2022;00:45;4;83;1;1;1;6;43,1271417286;5,8226251602
202200045417;11;5;2022;09:53;1;69;1;1;1;2;45,6291400000;4,8934000000
202200045418;9;5;2022;07:35;1;54;1;1;1;4;48,6414300000;6,1689000000
202200045419;12;5;2022;09:05;1;94;1;1;1;5;48,7704400000;2,3455100000
202200045420;12;5;2022;07:55;1;91;1;1;1;4;48,6413700000;2,3933000000
202200045421;11;5;2022;15:10;1;91;1;1;1;2;48,6258300000;2,3396500000
202200045422;11;5;2022;09:05;1;78;1;1;1;3;48,8316010000;2,1433150000
202200045423;12;5;2022;17:05;1;93;1;1;8;6;48,9342794840;2,3940796890
202200045424;12;5;2022;17:30;1;93;1;1;1;2;48,8816854527;2,4736058678
202200045425;12;5;2022;08:25;1;93;1;9;1;3;48,9266789645;2,3358397729
202200045426;11;5;2022;09:15;1;95;1;1;1;2;48,9601120000;2,2711210000
202200045427;11;5;2022;05:45;2;93;1;1;1;3;48,8952000000;2,4708000000
202200045428;12;5;2022;19:30;1;94;1;1;1;3;48,7580900000;2,4799800000
202200045429;12;5;2022;13:40;1;94;1;1;1;3;48,8331000000;2,5339900000
202200045430;12;5;2022;12:20;1;94;1;1;1;3;48,7538424491;2,3542632476
202200045431;11;5;2022;22:25;3;94;1;1;1;7;48,8302741187;2,4916889276
202200045432;7;5;2022;16:10;1;94;1;1;1;6;48,8302008945;2,4957669959
202200045433;9;2;2022;12:00;1;07;2;2;1;7;44,3758610000;4,6461710000
202200045434;12;5;2022;07:55;1;988;2;1;1;6; -22,2363100000;166,4473200000
202200045435;11;5;2022;13:25;1;976;2;9;1;7; -12,7796700000;45,2309200000
202200045436;11;5;2022;07:20;1;976;2;1;1;6; -12,8059100000;45,2101900000
202200045437;11;5;2022;14:15;1;974;1;9;2;7; -20,9502000000;55,3017500000
202200045438;11;5;2022;13:50;1;973;2;9;1;1;4,9367097074; -52,3233009875
202200045439;11;5;2022;08:35;1;973;2;1;1;6;4,9373038394; -52,2908905149
202200045440;11;5;2022;23:30;5;69;2;3;1;3;45,7241300000;4,8646500000
202200045441;11;5;2022;16:30;1;69;2;1;1;6;45,7050100000;4,8875000000
202200045442;22;4;2022;16:00;1;69;2;1;1;2;45,7316400000;4,8249000000
202200045443;11;5;2022;12:24;1;972;1;1;1;6;14,6049900000; -61,0868400000
202200045444;11;5;2022;08:45;1;972;1;1;1;2;14,6181080232; -61,0354578495
202200045445;11;5;2022;19:00;1;69;2;1;1;2;45,7442486660;4,7837707400
202200045446;11;5;2022;08:30;1;69;2;1;1;6;45,8111300000;4,8948700000
202200045447;11;5;2022;09:15;1;2B;2;1;1;4;42,6971200000;9,4527200000
202200045448;11;5;2022;19:45;1;95;2;3;1;3;49,0378300000;2,4549300000
202200045449;11;5;2022;14:55;1;91;2;9;1;6;48,6469300000;2,2745100000
202200045450;11;5;2022;18:36;1;88;1;1;1;4;48,0217300000;6,6768300000
202200045451;10;5;2022;08:59;1;87;1;1;1;4;45,8204940000;1,1929350000
202200045452;29;4;2022;13:00;1;84;2;3;1;3;44,0329888186;5,0427675247
202200045453;10;3;2022;16:45;1;84;1;1;1;3;44,0410400000;5,0779600000
202200045454;11;5;2022;11:20;1;83;2;9;1;6;43,1421322745;5,7477644384
202200045455;26;4;2022;18:49;1;83;2;1;1;6;43,1242300000;6,1461000000
202200045456;11;5;2022;13:55;1;78;2;3;1;6;48,9013100000;2,0703500000
202200045457;11;5;2022;08:50;1;77;2;6;1;3;48,8333600000;2,6339000000
202200045458;10;5;2022;19:50;1;77;1;2;1;6;48,3765800000;2,7397200000
202200045459;8;5;2022;04:00;5;76;2;1;1;6;49,2849700000;1,0276900000
202200045460;10;5;2022;17:40;1;76;2;4;1;4;49,5196400000;0,1106300000
202200045461;11;5;2022;18:25;1;69;2;1;1;5;45,7636708416;4,9206948280
202200045462;10;5;2022;18:25;1;67;2;3;1;3;48,5989000000;7,6948000000
202200045463;10;5;2022;13:50;1;67;2;3;1;3;48,5529200000;7,7124300000
202200045464;8;5;2022;22:04;5;67;2;3;1;3;48,5700300000;7,7278400000
202200045465;7;5;2022;17:45;1;67;2;1;1;3;48,5764500000;7,7712800000
202200045466;10;5;2022;21:58;5;66;2;6;1;3;42,7054400000;2,9018700000
202200045467;10;5;2022;08:55;1;66;2;2;1;3;42,7043900000;2,8926900000
202200045468;11;5;2022;08:10;1;64;2;2;1;3;43,4840400000; -1,5114000000
202200045469;9;5;2022;16:40;1;63;1;3;1;3;45,8834580940;3,0818943679
202200045470;11;5;2022;10:24;1;63;2;1;1;6;45,7765400000;3,0624400000
202200045471;11;5;2022;07:10;1;63;2;9;1;6;45,7667900000;3,0781700000
202200045472;8;5;2022;02:35;3;62;1;6;1;1;50,4821000000;2,5932000000
202200045473;17;4;2022;13:15;1;62;2;3;1;3;50,5220700000;2,8722700000
202200045474;30;4;2022;14:25;1;62;2;3;1;6;50,4079000000;1,5674700000
202200045475;11;5;2022;11:10;1;61;2;1;1;3;48,4370900000;0,0778700000
202200045476;11;5;2022;17:40;1;59;2;1;1;6;50,7247460000;3,1797400000
202200045477;9;5;2022;16:40;1;58;2;1;1;2;46,9901200000;3,1343000000
202200045478;11;5;2022;18:48;1;54;2;1;1;2;48,9091600000;6,0435500000
202200045479;11;5;2022;14:30;1;54;2;1;1;3;48,7011708455;6,1701563001
202200045480;11;5;2022;13:45;1;54;2;2;7;3;48,6925922309;6,1771260202
202200045481;11;5;2022;12:30;1;54;2;1;1;3;48,6997000000;6,1708000000
202200045482;11;5;2022;09:37;1;54;2;1;1;3;48,6848900000;6,2270800000
202200045483;11;5;2022;17:26;1;51;2;1;1;7;49,2795400000;4,0139300000
202200045484;11;5;2022;17:05;1;51;1;1;1;4;49,2299200000;4,0333400000
202200045485;8;5;2022;09:30;1;50;2;2;1;3;49,6343600000; -1,6023700000
202200045486;11;5;2022;08:48;1;45;2;2;1;2;47,8796300000;1,9085100000
202200045487;3;5;2022;14:05;1;42;2;4;8;6;45,4506900000;4,3897200000
202200045488;11;5;2022;17:45;1;37;2;2;1;3;47,4233011560;0,6893666089
202200045489;11;5;2022;10:00;1;37;2;1;1;6;47,3836700000;0,7109500000
202200045490;9;5;2022;14:25;1;37;2;3;1;3;47,3804608890;0,7307678461
202200045491;11;5;2022;08:45;1;35;2;1;1;4;48,1296100000; -1,6792200000
202200045492;28;4;2022;21:52;5;33;2;1;1;2;44,8634000000; -0,5754500000
202200045493;11;5;2022;10:25;1;33;2;3;1;3;44,8666200000; -0,5958900000
202200045494;11;5;2022;08:20;1;33;2;1;1;3;44,8357200000; -0,5640100000
202200045495;10;5;2022;13:15;1;33;2;1;1;3;44,8351500000; -0,5700100000
202200045496;11;5;2022;14:15;1;30;2;3;1;3;44,1261400000;4,0931900000
202200045497;11;5;2022;19:40;1;29;2;2;1;2;48,4154790000; -4,4807500000
202200045498;11;5;2022;14:20;1;29;2;6;1;2;48,4091430000; -4,4664620000
202200045499;4;5;2022;17:45;1;29;2;3;1;2;48,3928850000; -4,4841890000
202200045500;11;5;2022;19:00;1;27;2;6;1;3;49,0230967920;1,1361998320
202200045501;10;5;2022;12:35;1;22;2;1;1;4;48,5387747362; -2,7622943915
202200045502;11;5;2022;21:10;2;16;2;1;1;7;45,6912493993; -0,3291714191
202200045503;11;5;2022;17:40;1;16;2;2;1;6;45,6901783207; -0,3201270103
202200045504;11;5;2022;09:20;1;14;2;2;1;3;49,2027710000; -0,3911790000
202200045505;11;5;2022;00:50;3;13;2;6;1;3;43,4111500000;5,2152200000
202200045506;11;5;2022;10:15;1;13;2;1;1;3;43,3266761273;5,3877260946
202200045507;11;5;2022;08:30;1;13;2;9;1;1;43,3009191868;5,3908179022
202200045508;10;5;2022;11:06;1;11;2;1;1;6;43,1794200000;3,0275900000
202200045509;11;5;2022;13:20;1;06;2;1;1;6;43,7562030000;7,4801160000
202200045510;6;5;2022;16:40;1;06;2;1;1;6;43,5700020000;6,9549720000
202200045511;10;5;2022;14:49;1;06;2;1;1;3;43,6852670000;7,1775230000
202200045512;11;5;2022;18:50;1;75;2;1;1;2;48,8168800000;2,3483260000
202200045513;10;5;2022;09:00;1;75;2;1;1;2;48,9007330000;2,3288790000
202200045514;10;5;2022;08:30;1;75;2;4;1;3;48,8369120574;2,2554776073
202200045515;9;5;2022;09:20;1;75;2;1;1;3;48,8225610000;2,3141690000
202200045516;9;5;2022;08:20;1;75;2;1;1;2;48,9009660000;2,3548600000
202200045517;9;5;2022;07:35;1;75;2;1;1;3;48,9003550000;2,3821030000
202200045518;11;5;2022;08:42;1;75;2;3;1;3;48,8578110000;2,3353030000
202200045519;10;5;2022;16:20;1;75;2;2;1;3;48,8471200000;2,3512140000
202200045520;11;5;2022;15:40;1;75;2;1;1;3;48,8532660000;2,4059430000
202200045521;11;5;2022;13:30;1;75;2;2;1;3;48,8534838761;2,4107976258
202200045522;11;5;2022;10:35;1;75;2;3;1;6;48,8915160000;2,3365030000
202200045523;11;5;2022;20:05;1;75;2;2;1;3;48,8795511012;2,3049764335
202200045524;6;1;2022;18:55;3;59;1;9;8;3;50,3133979853;3,4122204781
202200045525;10;1;2022;08:00;3;59;2;2;1;6;50,3618500000;3,0784200000
202200045526;6;1;2022;17:25;1;58;2;2;1;3;46,9899700000;3,1688200000
202200045527;4;1;2022;16:00;1;58;2;1;1;6;46,9881300000;3,1648400000
202200045528;4;1;2022;15:30;1;58;2;1;1;6;46,9962500000;3,1572800000
202200045529;4;1;2022;13:20;1;58;2;1;1;6;46,9881200000;3,1538400000
202200045530;11;1;2022;18:37;5;54;2;2;1;6;48,6809000000;6,1572000000
202200045531;11;1;2022;17:40;5;54;2;1;1;2;48,7092828281;6,1765898466
202200045532;11;1;2022;16:17;1;54;2;1;1;3;48,6435200000;6,1849800000
202200045533;10;1;2022;17:30;5;54;2;5;1;3;48,6793700000;6,1426300000
202200045534;10;1;2022;16:20;1;50;2;1;1;4;49,6294800000; -1,6332900000
202200045535;10;1;2022;20:45;5;49;2;1;2;6;47,4550200000; -0,5683300000
202200045536;10;1;2022;18:01;5;49;2;1;2;3;47,4667800000; -0,5202700000
202200045537;8;1;2022;17:50;5;49;2;5;2;6;47,4793600000; -0,5214300000
202200045538;11;1;2022;12:40;1;46;2;1;1;2;44,4454500000;1,4350800000
202200045539;10;1;2022;13:45;1;35;2;2;2;3;48,1277900000; -1,6835700000
202200045540;11;1;2022;11:15;1;34;2;3;1;6;43,6040100000;3,8586500000
202200045541;3;1;2022;11:45;1;33;2;2;1;3;44,8350600000; -0,5749800000
202200045542;10;1;2022;19:40;3;33;2;1;2;6;44,6311500000; -1,1478100000
202200045543;11;1;2022;19:05;5;31;2;1;1;5;43,5824100000;1,4486600000
202200045544;11;1;2022;20:30;5;31;2;1;1;1;43,6125948071;1,4156109095
202200045545;11;1;2022;16:00;1;31;2;7;1;6;43,6062700000;1,3350500000
202200045546;10;1;2022;18:36;5;31;2;1;1;2;43,5925100000;1,4376700000
202200045547;11;1;2022;09:20;1;30;2;2;7;6;44,1330000000;4,0934000000
202200045548;11;1;2022;14:30;1;25;2;2;1;3;47,2425070000;6,0295310000
202200045549;10;1;2022;21:10;5;14;2;1;8;6;49,1749300000; -0,3535400000
202200045550;11;1;2022;13:15;1;13;2;1;1;1;43,2740700000;5,3851300000
202200045551;11;1;2022;12:40;1;13;2;1;1;2;43,3501496653;5,3656231119
202200045552;10;1;2022;14:45;1;13;2;2;1;3;43,3061977021;5,3722921014
202200045553;10;1;2022;12:10;1;13;2;1;1;3;43,2952400000;5,4009600000
202200045554;9;1;2022;04:45;5;13;2;1;1;1;43,3015100000;5,4009700000
202200045555;11;1;2022;20:30;5;11;2;1;1;7;43,2210600000;2,3628900000
202200045556;10;1;2022;08:20;1;10;2;1;5;7;48,2868000000;4,0951000000
202200045557;11;1;2022;19:00;2;06;2;1;1;6;43,5549380000;7,0288470000
202200045558;11;1;2022;09:50;1;06;2;3;1;6;43,5720900000;7,1054230000
202200045559;10;1;2022;09:04;1;05;2;1;1;6;44,5608600000;6,0896000000
202200045560;11;1;2022;19:20;5;75;2;1;1;3;48,8744750000;2,2757780000
202200045561;11;1;2022;12:50;1;75;2;1;1;2;48,8993540000;2,3925530000
202200045562;11;1;2022;19:10;5;75;2;1;1;6;48,8528340000;2,3387310000
202200045563;10;1;2022;03:06;5;75;2;2;1;3;48,8473450000;2,3279260000
202200045564;8;1;2022;23:30;5;75;2;1;2;3;48,8450650000;2,3522060000
202200045565;11;1;2022;08:17;2;75;2;2;1;3;48,8944260000;2,3814870000
202200045566;11;1;2022;23:20;5;75;2;7;1;3;48,8896130000;2,3385060000
202200045567;10;1;2022;16:10;1;75;2;2;8;3;48,8546220000;2,2888830000
202200045568;10;1;2022;19:40;5;75;2;2;1;2;48,8296770000;2,3179850000
202200045569;11;1;2022;12:00;1;75;2;2;1;3;48,8389890000;2,3892530000
202200045570;11;1;2022;12:10;1;75;2;2;1;6;48,8593420000;2,3868570000
202200045571;11;1;2022;17:10;1;75;2;2;1;2;48,8961940000;2,3102330000
202200045572;8;1;2022;19:15;4;75;2;2;2;6;48,8705140000;2,3052900000
202200045573;11;1;2022;15:05;1;93;2;1;1;2;48,9480455248;2,3770755529
202200045574;10;1;2022;17:00;1;93;2;4;1;2;48,9358566382;2,3427588243
202200045575;11;1;2022;15:20;1;93;2;1;1;2;48,8831400000;2,5236300000
202200045576;11;1;2022;18:30;5;93;2;6;1;6;48,9177540055;2,4180811644
202200045577;11;1;2022;18:40;5;93;2;9;1;3;48,9124399406;2,4791973676
202200045578;11;1;2022;13:50;1;93;2;1;1;6;48,9101493713;2,3966063378
202200045579;11;1;2022;07:20;2;92;2;1;1;3;48,8827423326;2,2604572624
202200045580;11;1;2022;07:45;2;92;2;1;1;6;48,8185800000;2,2577100000
202200045581;11;1;2022;14:00;1;92;2;5;1;2;48,8441768405;2,2498476505
202200045582;11;1;2022;13:50;1;92;2;1;1;6;48,7560311641;2,3056444377
202200045583;12;1;2022;11:45;1;2A;1;3;1;3;41,6548300000;8,9227870000
202200045584;12;1;2022;17:45;3;25;1;1;1;1;47,4951390000;6,4218950000
202200045585;12;1;2022;10:45;1;11;1;1;6;6;43,1740370000;2,6497150000
202200045586;8;1;2022;21:00;3;62;2;1;3;6;50,6042934051;2,7715855837
202200045587;11;1;2022;18:00;3;51;1;2;1;3;49,2018690000;4,2553140000
202200045588;12;1;2022;19:00;5;67;2;1;1;1;48,5168390000;7,2848470000
202200045589;12;1;2022;08:35;1;2B;1;1;1;7;42,4449710000;9,4889200000
202200045590;8;1;2022;20:00;3;65;1;1;2;6;43,2142310000;0,0070330000
202200045591;12;1;2022;08:00;1;81;1;1;5;6;44,0239900000;1,9585810000
202200045592;12;1;2022;19:55;3;76;1;1;5;6;49,9350430000;1,2779440000
202200045593;11;1;2022;16:30;1;55;2;1;1;6;48,6906360000;5,3219070000
202200045594;12;1;2022;18:20;5;12;2;3;1;6;43,9575170000;2,8728850000
202200045595;11;1;2022;21:10;5;68;2;3;5;6;47,9726250000;7,3947750000
202200045596;12;1;2022;04:45;4;39;2;1;9;6;46,9545940000;5,3686240000
202200045597;12;1;2022;12:08;1;25;1;3;1;5;46,8455930000;6,3701760000
202200045598;10;1;2022;15:20;1;29;1;3;2;3;47,8514170000; -4,2464090000
202200045599;10;1;2022;17:45;3;72;1;1;8;2;47,9088500000;0,3062400000
202200045600;7;1;2022;10:45;1;18;2;2;1;6;46,7694930000;2,4330770000
202200045601;12;1;2022;07:30;2;43;1;2;9;6;45,2781092586;4,1829902295
202200045602;12;1;2022;12:30;1;28;1;2;1;5;48,4579610000;1,2428770000
202200045603;11;1;2022;17:00;1;37;1;2;1;3;47,4698186205;0,6676883250
202200045604;12;1;2022;09:15;1;37;2;9;1;6;47,3373004078;0,6994222105
202200045605;11;1;2022;13:45;1;88;1;1;7;6;48,2612930000;7,0602250000
202200045606;12;1;2022;08:55;1;01;1;1;1;6;46,1586700000;5,5502950000
202200045607;12;1;2022;16:30;1;07;1;1;1;3;45,1681130000;4,6807980000
202200045608;11;1;2022;09:00;1;30;1;1;6;2;43,7250000000;4,5025000000
202200045609;11;1;2022;21:20;5;60;1;1;5;2;49,3533801948;2,7008900641
202200045610;11;1;2022;22:10;3;13;1;1;1;5;43,8027570000;5,0398920000
202200045611;11;1;2022;21:00;5;973;2;1;1;7;5,4900006110; -54,0360255539
202200045612;7;1;2022;13:40;1;13;1;3;1;5;43,8327350000;4,9885060000
202200045613;11;1;2022;18:20;3;42;1;2;1;1;45,7406930000;4,2862770000
202200045614;12;1;2022;18:45;3;64;2;6;1;2;43,2526171143; -0,2957201082
202200045615;12;1;2022;08:00;2;49;1;2;5;1;47,1275680000; -1,0510990000
202200045616;11;1;2022;14:25;1;13;1;1;1;3;43,4047900000;5,3592400000
202200045617;10;1;2022;02:30;3;13;1;1;1;2;43,3174590000;5,3640460000
202200045618;10;1;2022;20:10;5;13;1;1;1;2;43,2869500000;5,4357500000
202200045619;4;1;2022;22:50;3;13;1;1;1;3;43,3741200000;5,3610200000
202200045620;11;1;2022;19:50;3;69;1;1;1;4;45,6929871876;4,9856472010
202200045621;10;1;2022;15:40;1;67;1;1;1;2;48,5883300000;7,7293000000
202200045622;10;1;2022;10:15;1;59;1;1;1;6;50,3567000000;3,4850600000
202200045623;11;1;2022;07:30;3;94;1;1;1;2;48,7732600000;2,3457700000
202200045624;11;1;2022;12:40;1;78;1;1;1;5;48,9704960000;1,7340530000
202200045625;11;1;2022;08:28;3;78;1;1;1;2;48,7777880000;2,2173230000
202200045626;11;1;2022;20:15;3;95;1;1;1;4;49,0104700124;2,2291839123
202200045627;11;1;2022;19:00;3;95;1;1;1;2;49,0141409863;2,2181010246
202200045628;11;1;2022;13:50;1;95;1;1;1;2;48,9586041465;2,2740197182
202200045629;11;1;2022;08:00;2;93;1;1;1;3;48,9282000000;2,3581300000
202200045630;11;1;2022;04:45;3;93;1;1;1;6;48,9473900000;2,4762600000
202200045631;11;1;2022;23:20;3;95;1;1;1;6;48,9801100000;2,4967100000
202200045632;11;1;2022;07:35;3;94;1;9;1;2;48,7673336189;2,4530373242
202200045633;11;1;2022;00:18;3;94;1;1;1;2;48,8263300000;2,5188900000
202200045634;10;1;2022;12:20;1;973;2;9;2;3;4,9302294478; -52,3089310527
202200045635;9;1;2022;18:45;5;973;2;1;1;2;4,9410000000; -52,3226000000
202200045636;8;1;2022;23:00;5;973;2;1;1;6;4,9338949220; -52,3297718167
202200045637;10;1;2022;20:15;4;69;2;1;1;1;45,7351921016;4,8532614112
202200045638;10;1;2022;16:55;1;69;2;6;1;6;45,7241800000;4,8585000000
202200045639;10;1;2022;07:25;5;69;2;2;1;6;45,7455600000;4,8712200000
202200045640;10;1;2022;13:00;1;972;2;1;1;4;14,6152600000; -61,0137000000
202200045641;10;1;2022;17:30;1;972;2;3;1;4;14,6155500000; -61,0584000000
202200045642;9;1;2022;19:45;3;972;1;1;1;4;14,6133100000; -61,0645400000
202200045643;10;1;2022;08:50;1;69;2;1;1;2;45,7806160778;4,8325413465
202200045644;10;1;2022;08:10;1;69;2;1;1;3;45,7949293035;4,8740109801
202200045645;10;1;2022;18:15;3;2A;2;1;1;1;41,9285000000;8,7698500000
202200045646;10;1;2022;06:23;5;91;2;1;2;1;48,6100000000;2,3100000000
202200045647;9;1;2022;13:34;1;87;1;1;2;4;45,8797500000;1,2885700000
202200045648;10;1;2022;06:30;5;83;2;1;8;1;43,1483300000;5,9761200000
202200045649;6;1;2022;17:34;1;83;2;1;1;3;43,1236609226;5,8091297149
202200045650;7;1;2022;18:30;5;80;2;1;3;2;49,8963103970;2,2943043709
202200045651;7;1;2022;01:15;5;80;2;1;2;7;49,8708100000;2,3070700000
202200045652;10;1;2022;21:10;3;76;2;1;1;6;49,4372917489;1,1035922170
202200045653;9;1;2022;04:30;3;76;1;1;1;1;49,5635430046;0,1596826315
202200045654;10;1;2022;09:40;1;67;2;1;1;3;48,5718699166;7,7536386251
202200045655;10;1;2022;08:40;1;67;2;3;8;6;48,5688042049;7,7769810000
202200045656;10;1;2022;07:57;2;67;2;8;1;6;48,5835350000;7,7608500000
202200045657;9;1;2022;22:50;5;67;2;1;1;3;48,6033200000;7,7463600000
202200045658;9;1;2022;03:40;5;67;2;1;3;6;48,5460000000;7,6983700000
202200045659;8;1;2022;02:15;5;67;2;1;2;6;48,5289100000;7,7107500000
202200045660;10;1;2022;09:05;1;63;2;1;1;4;45,7730812786;3,0900268257
202200045661;10;1;2022;08:09;1;63;2;2;1;6;45,7897533907;3,1180545688
202200045662;7;1;2022;15:17;1;63;2;2;1;6;45,7808100000;3,0758900000
202200045663;6;1;2022;10:38;1;62;2;1;9;6;50,9470900000;1,8381710000
202200045664;9;1;2022;16:20;1;60;2;1;1;3;49,4270559394;2,8304493427
202200045665;7;1;2022;16:50;2;60;2;1;1;6;49,4123500000;2,8057400000
202200045666;10;1;2022;18:15;5;59;2;1;1;6;50,7215596943;3,1613427401
202200045667;8;1;2022;17:30;5;59;2;7;2;6;50,6180600000;3,0725600000
202200045668;8;1;2022;20:15;5;56;2;1;3;6;47,7536300000; -3,3709900000
202200045669;8;1;2022;11:00;1;56;2;4;3;7;47,7521700000; -3,3703500000
202200045670;8;1;2022;09:55;1;56;1;1;2;6;47,7709900000; -3,3781600000
202200045671;10;1;2022;01:15;5;54;2;1;1;6;48,6862320113;6,1952934255
202200045672;7;1;2022;07:50;5;52;2;1;2;6;48,6259500000;4,9842200000
202200045673;3;1;2022;18:20;4;51;2;2;2;7;49,2515500000;4,0279400000
202200045674;9;1;2022;18:31;5;49;2;1;2;2;47,4823700000; -0,5494600000
202200045675;9;1;2022;06:30;3;44;2;1;2;6;47,2016500000; -1,5775500000
202200045676;7;1;2022;18:00;5;42;2;6;8;6;45,4717710189;4,5020720958
202200045677;10;1;2022;06:30;3;38;1;1;8;6;45,1570600000;5,7126000000
202200045678;10;1;2022;13:30;1;35;2;6;2;3;48,1126478302; -1,6079393774
202200045679;10;1;2022;13:55;1;27;2;4;8;3;49,0177500000;1,1580200000
202200045680;10;1;2022;13:30;1;25;2;2;4;3;46,9135230000;6,3591390000
202200045681;10;1;2022;19:00;5;14;2;3;2;3;49,1637000000; -0,3459000000
202200045682;10;1;2022;12:10;1;13;2;1;1;5;43,3638000000;5,3418900000
202200045683;5;1;2022;09:30;1;11;2;1;1;6;43,1867400000;2,9720200000
202200045684;10;1;2022;14:47;1;10;2;1;1;2;48,2993000000;4,0714500000
202200045685;10;1;2022;13:20;1;09;2;1;3;6;43,1036000000;1,6262500000
202200045686;10;1;2022;18:30;4;06;2;9;1;3;43,6598860000;7,1863210000
202200045687;9;1;2022;11:00;1;06;2;1;1;2;43,6504560000;7,1514490000
202200045688;3;1;2022;08:45;2;04;2;1;1;6;44,0799400000;6,2196500000
202200045689;10;1;2022;18:00;5;75;2;1;1;2;48,8509350000;2,4154350000
202200045690;7;1;2022;23:40;5;75;2;1;1;2;48,8979210000;2,3134410000
202200045691;10;1;2022;09:45;1;75;2;5;8;3;48,8465941000;2,3516450000
202200045692;10;1;2022;16:30;1;75;2;1;1;6;48,8418170000;2,3191760000
202200045693;10;1;2022;19:10;5;75;2;1;1;4;48,8168330000;2,3649820000
202200045694;10;1;2022;13:26;1;75;2;1;1;3;48,8366060000;2,3487730000
202200045695;10;1;2022;08:55;1;75;2;1;8;1;48,8736620000;2,3566990000
202200045696;8;1;2022;23:40;5;75;2;2;1;7;48,8611220000;2,3055060000
202200045697;10;1;2022;17:17;5;94;2;9;1;2;48,8438150000;2,4180340000
202200045698;8;1;2022;16:30;1;93;2;9;2;2;48,9470618517;2,3723166436
202200045699;10;1;2022;11:30;1;93;2;2;1;6;48,9034700000;2,3922000000
202200045700;10;1;2022;13:20;1;93;2;1;1;2;48,8570490000;2,4275160000
202200045701;10;1;2022;19:40;5;93;2;9;8;6;48,9534400000;2,3164300000
202200045702;10;1;2022;08:30;1;93;2;1;8;6;48,9316200000;2,4554300000
202200045703;7;1;2022;16:25;1;92;2;1;1;6;48,8586423496;2,1907709241
202200045704;10;1;2022;09:20;1;92;2;2;5;3;48,8172000000;2,3287630000
202200045705;9;1;2022;21:25;5;92;2;2;2;2;48,9183120000;2,2239660000
202200045706;9;1;2022;19:15;1;92;2;1;1;3;48,9120040000;2,2965890000
202200045707;9;1;2022;11:10;1;24;1;3;3;3;45,0336230000;0,3255990000
202200045708;2;1;2022;12:30;1;33;2;1;1;1;45,0165360000; -0,0189230000
202200045709;10;1;2022;17:50;2;87;1;3;1;3;45,8693940000;0,8914800000
202200045710;11;1;2022;14:30;1;28;1;2;1;3;48,3237150000;1,3442590000
202200045711;11;1;2022;07:25;5;59;2;1;1;6;50,5430160000;2,9676010000
202200045712;10;1;2022;17:20;3;50;1;1;2;2;48,9130520000; -1,0961440000
202200045713;11;1;2022;15:49;1;44;1;1;8;2;47,3575100000; -2,0141210000
202200045714;10;1;2022;17:05;2;57;1;1;5;1;49,1781620000;6,5196780000
202200045715;10;1;2022;07:20;5;59;2;1;8;6;50,0671852586;3,3370113373
202200045716;23;9;2022;16:45;1;69;2;1;1;3;45,7590000000;4,8889300000
202200045717;23;9;2022;03:30;5;69;2;2;1;3;45,7785300000;4,8746500000
202200045718;22;9;2022;17:50;1;67;2;1;1;3;48,5864000000;7,7432700000
202200045719;20;9;2022;16:40;1;67;2;1;1;2;48,5802000000;7,7152900000
202200045720;23;9;2022;21:44;5;65;2;2;3;2;43,2443500000;0,0733700000
202200045721;22;9;2022;17:30;1;64;2;1;1;6;43,2937900000; -0,3482000000
202200045722;23;9;2022;18:00;1;64;2;4;2;3;43,4857000000; -1,4913200000
202200045723;23;9;2022;07:45;1;64;2;1;1;3;43,4839300000; -1,4994400000
202200045724;22;9;2022;10:44;1;63;2;1;1;2;45,7510400000;3,0910500000
202200045725;21;9;2022;16:05;1;61;2;1;1;2;48,4417100000;0,0987100000
202200045726;22;9;2022;11:45;1;56;2;1;1;7;47,8103670000; -3,2652730000
202200045727;22;9;2022;13:45;1;56;2;9;1;3;47,7649000000; -3,3967000000
202200045728;23;9;2022;07:45;1;54;2;2;1;2;48,6793074070;6,1425670981
202200045729;23;9;2022;03:55;5;54;2;4;1;6;48,6953854300;6,1902192235
202200045730;22;9;2022;15:15;1;54;2;1;1;2;48,7132635441;6,1581292748
202200045731;22;9;2022;10:50;1;54;2;1;1;4;48,6715100000;6,1940400000
202200045732;23;9;2022;08:35;1;51;2;3;1;7;49,2643200000;4,0270400000
202200045733;22;9;2022;20:15;2;51;2;1;1;7;49,2509775296;4,0349569917
202200045734;10;9;2022;19:30;1;50;1;9;1;3;49,6038000000; -1,6017000000
202200045735;23;9;2022;19:50;2;49;2;2;1;3;47,4725500000; -0,5574900000
202200045736;23;9;2022;12:32;1;49;2;1;1;3;47,4651000000; -0,5541600000
202200045737;22;9;2022;16:27;1;49;2;2;1;3;47,4720500000; -0,5409300000
202200045738;23;9;2022;17:45;1;44;2;6;8;3;47,2081520000; -1,5302920000
202200045739;23;9;2022;15:35;1;44;2;1;1;3;47,2009150000; -1,5443990000
202200045740;23;9;2022;20:30;3;42;2;1;2;6;45,4452200000;4,4176400000
202200045741;15;9;2022;10:00;1;40;2;3;1;3;43,8925351184; -0,5079638958