Accident_Id;jour;mois;an;hrmn;lum;dep;agg;int;atm;col;lat;long
202200045742;23;9;2022;10:50;1;38;2;2;1;3;45,1861381180;5,7246583170
202200045743;24;9;2022;01:55;3;35;1;1;2;6;48,0823569390; -1,6751226783
202200045744;23;9;2022;21:50;3;35;1;1;2;5;48,1487190000; -1,6122190000
202200045745;23;9;2022;10:05;1;33;2;9;1;3;44,8399200000; -0,5604300000
202200045746;23;9;2022;07:54;1;33;2;1;1;3;44,8470400000; -0,5118700000
202200045747;23;9;2022;00:05;5;33;2;2;1;2;44,8616321753; -0,5621990561
202200045748;22;9;2022;20:50;5;33;2;1;1;6;44,8415600000; -0,5695500000
202200045749;21;9;2022;15:30;1;33;2;1;1;6;44,8415674378; -0,6570526958
202200045750;31;8;2022;13:00;1;30;1;1;1;1;43,7906000000;4,3498900000
202200045751;19;9;2022;10:15;1;30;2;6;1;3;43,8230000000;4,3282000000
202200045752;22;9;2022;11:50;1;29;2;1;1;6;47,8883430000; -3,9120830000
202200045753;22;9;2022;07:56;2;26;2;3;7;3;44,9559100000;4,9186300000
202200045754;22;9;2022;16:10;1;26;1;1;1;3;44,5343830000;4,7310660000
202200045755;23;9;2022;20:30;5;25;2;1;1;3;47,2496900000;6,0368000000
202200045756;23;9;2022;19:01;1;17;2;2;1;3;46,1409800000; -1,1411600000
202200045757;22;9;2022;22:42;3;14;1;1;1;6;49,4125353502;0,2787190676
202200045758;24;9;2022;00:44;5;13;2;1;2;1;43,3378700000;5,3487100000
202200045759;23;9;2022;22:46;5;13;2;1;1;5;43,2862600000;5,4732300000
202200045760;20;9;2022;18:15;1;13;2;1;1;2;43,2959021774;5,5836461484
202200045761;23;9;2022;19:30;2;11;2;1;2;6;43,2282200000;2,3447100000
202200045762;23;9;2022;18:15;1;10;2;2;1;3;48,3066200000;4,0648800000
202200045763;23;9;2022;11:55;1;10;2;1;1;6;48,3134900000;4,0683200000
202200045764;22;9;2022;12:18;1;10;2;1;1;6;48,3034614741;4,0623289347
202200045765;22;9;2022;09:41;1;10;2;3;1;2;48,2982050509;4,0739911795
202200045766;23;9;2022;19:45;5;06;2;1;1;1;43,6740000000;7,2130000000
202200045767;23;9;2022;08:30;1;06;1;1;1;2;43,8018600000;7,4858400000
202200045768;23;9;2022;15:20;1;06;2;1;1;3;43,6437800000;6,9418700000
202200045769;23;9;2022;07:50;1;06;2;1;1;6;43,6371400000;6,9292400000
202200045770;23;9;2022;18:55;5;75;2;1;1;2;48,8546400000;2,2547110000
202200045771;22;9;2022;22:30;3;75;2;1;1;6;48,8643960000;2,4131490000
202200045772;22;9;2022;23:42;5;75;2;2;1;3;48,8951280000;2,3119020000
202200045773;22;9;2022;16:27;1;75;2;1;1;1;48,8641510000;2,3604550000
202200045774;21;9;2022;10:17;1;75;2;1;1;3;48,8308880000;2,3814550000
202200045775;22;9;2022;13:00;1;75;2;2;1;2;48,8447970000;2,3466320000
202200045776;23;9;2022;12:00;1;75;2;2;1;3;48,8763620000;2,3797040000
202200045777;19;9;2022;13:30;1;75;2;3;1;6;48,8525870000;2,2682590000
202200045778;23;9;2022;17:00;1;75;2;2;1;6;48,8261590000;2,3127440000
202200045779;23;9;2022;17:10;1;75;2;3;1;1;48,8488110000;2,3929970000
202200045780;23;9;2022;14:35;1;75;2;2;1;7;48,8558080000;2,3684910000
202200045781;22;9;2022;13:50;1;94;2;2;1;1;48,7950000000;2,5140000000
202200045782;23;9;2022;16:50;1;94;2;2;1;1;48,8124000000;2,3863200000
202200045783;23;9;2022;19:00;1;94;2;3;1;3;48,8524000000;2,4621500000
202200045784;23;9;2022;19:00;1;94;2;1;1;6;48,7486500000;2,4133800000
202200045785;22;9;2022;22:45;5;94;2;1;1;4;48,7686200000;2,4200260000
202200045786;22;9;2022;10:29;1;94;2;1;1;3;48,7305000000;2,4266800000
202200045787;23;9;2022;17:55;1;94;2;1;1;6;48,8118400000;2,3710100000
202200045788;22;9;2022;17:05;1;77;1;6;1;3;49,0124000000;2,5840200000
202200045789;23;9;2022;14:00;1;93;2;1;1;1;48,9470713751;2,3726995289
202200045790;23;9;2022;14:00;1;93;2;2;1;3;48,9035600000;2,5235000000
202200045791;23;9;2022;14:15;1;93;2;9;1;3;48,9063700000;2,4825500000
202200045792;23;9;2022;23:30;5;93;2;1;1;3;48,9355811807;2,4683734706
202200045793;22;9;2022;19:30;2;93;2;2;1;5;48,9538000000;2,5065700000
202200045794;23;9;2022;19:00;1;93;2;1;1;6;48,9033700000;2,3871600000
202200045795;23;9;2022;18:00;1;92;2;1;1;6;48,8892300000;2,1945600000
202200045796;23;9;2022;19:30;1;92;2;1;1;6;48,7944799967;2,2729967236
202200045797;23;9;2022;08:05;1;92;2;1;1;2;48,8084536400;2,2413085699
202200045798;22;9;2022;17:40;1;92;2;1;1;6;48,7835300000;2,2466800000
202200045799;23;9;2022;17:30;1;92;2;1;1;3;48,9141349805;2,2948663831
202200045800;23;9;2022;14:50;1;92;2;1;1;6;48,9206941565;2,2882300615
202200045801;23;9;2022;08:20;1;92;2;1;1;7;48,9097319548;2,2740527093
202200045802;23;9;2022;08:00;1;92;2;2;1;3;48,9112260567;2,2984347939
202200045803;23;9;2022;17:35;1;39;1;1;1;6;46,5951930000;5,9044340000
202200045804;5;9;2022;07:35;1;974;1;1;1;5; -21,0154060000;55,2674530000
202200045805;24;9;2022;10:28;1;21;1;1;1;4;47,3391570000;5,1652320000
202200045806;23;9;2022;20:40;3;42;1;2;1;3;46,0367180000;3,9549170000
202200045807;24;9;2022;04:05;3;25;1;1;3;6;47,3747700000;6,3888720000
202200045808;23;9;2022;13:30;1;83;2;9;1;1;43,1270190000;6,3586570000
202200045809;24;9;2022;09:30;2;56;1;9;7;5;47,8707190000; -3,0656680000
202200045810;23;9;2022;10:45;1;76;1;2;1;3;49,7534690000;0,5389680000
202200045811;23;9;2022;16:00;1;32;1;1;1;7;43,9472237363; -0,0619536638
202200045812;5;9;2022;16:25;1;61;1;1;1;1;48,6431820000; -0,4784100000
202200045813;23;9;2022;10:48;1;61;1;6;1;3;48,7258230000; -0,0486560000
202200045814;23;9;2022;21:00;3;22;1;1;3;1;48,5867670000; -2,8571370000
202200045815;15;9;2022;12:50;1;44;1;1;1;1;47,2995760000; -2,4322700000
202200045816;1;12;2022;16:05;1;93;2;6;1;3;48,9180800000;2,3442200000
202200045817;24;9;2022;02:50;3;44;1;1;1;1;47,0759820000; -2,0039160000
202200045818;23;9;2022;18:05;1;29;1;2;1;3;48,5843625947; -3,7465171516
202200045819;2;12;2022;19:45;5;93;2;6;2;6;48,8995700000;2,5169800000
202200045820;24;9;2022;17:00;1;31;1;1;2;6;43,2344320000;1,2072730000
202200045821;24;9;2022;15:15;1;31;1;1;1;1;43,4028990000;1,4287710000
202200045822;2;12;2022;07:27;5;93;2;5;2;3;48,9151000000;2,5344500000
202200045823;15;9;2022;19:30;1;31;2;6;1;3;43,8220190000;1,3973240000
202200045824;24;9;2022;08:55;1;02;1;1;8;6;49,9339790000;3,3635120000
202200045825;2;12;2022;17:40;5;93;2;1;2;5;48,8876000000;2,5364400000
202200045826;24;9;2022;10:10;1;85;1;1;1;2;46,8911920000; -1,2963550000
202200045827;2;12;2022;17:40;5;93;2;9;2;1;48,9131240000;2,5060650000
202200045828;23;9;2022;07:45;1;06;2;3;1;1;43,7278090000;7,4077410000
202200045829;1;12;2022;16:45;2;93;2;1;1;3;48,9460866001;2,4701052904
202200045830;23;9;2022;22:30;3;36;1;1;1;6;46,7367601648;1,0048976541
202200045831;24;9;2022;08:25;1;53;1;1;2;6;48,4192220000; -0,8746310000
202200045832;24;9;2022;02:50;3;24;1;9;8;6;44,9024560000;1,2070690000
202200045833;30;11;2022;23:30;5;93;2;2;1;4;48,9071500000;2,3763720000
202200045834;22;9;2022;13:55;1;37;1;2;1;3;47,5291043964;0,6744682789
202200045835;24;9;2022;05:00;5;48;1;3;5;6;44,8192980000;3,2694410000
202200045836;2;12;2022;08:50;1;92;2;6;1;2;48,9256500000;2,3270500000
202200045837;23;9;2022;21:00;3;68;1;1;1;4;47,9477120000;7,3643800000
202200045838;2;12;2022;16:30;2;92;2;2;2;6;48,8073344522;2,1878886223
202200045839;23;9;2022;16:15;1;31;1;1;1;5;43,7993500000;1,3711450000
202200045840;2;12;2022;13:50;1;92;2;4;1;2;48,8922868099;2,1872019768
202200045841;23;9;2022;00:00;3;51;1;1;1;2;49,2558810000;3,9902150000
202200045842;23;9;2022;21:45;3;63;1;1;2;2;45,6619120000;3,1508340000
202200045843;23;9;2022;13:45;1;73;1;1;1;7;45,5651890000;5,6762840000
202200045844;2;12;2022;10:35;1;92;2;1;1;3;48,8038124443;2,2881726622
202200045845;12;9;2022;07:45;1;30;1;1;1;4;43,7234000000;4,1520810000
202200045846;2;12;2022;18:00;3;92;2;1;2;7;48,8075733245;2,1900641620
202200045847;23;9;2022;16:12;1;68;1;1;1;6;47,7281580000;7,4524760000
202200045848;14;9;2022;08:35;1;33;1;1;1;2;44,7818248899; -0,9428983927
202200045849;2;12;2022;06:05;5;92;2;2;1;3;48,8929597091;2,2895797491
202200045850;23;9;2022;16:45;1;33;1;6;1;2;44,7782500000; -1,0174700000
202200045851;23;9;2022;16:55;1;987;1;1;1;1; -17,5842420000; -149,3094780000
202200045852;7;5;2022;18:08;2;63;2;1;1;2;45,8172700000;3,1129100000
202200045853;2;12;2022;16:45;2;92;2;3;2;6;48,8239670000;2,2621820000
202200045854;23;9;2022;18:35;3;971;1;1;1;6;15,9942340000; -61,6121890000
202200045855;6;5;2022;16:05;1;63;2;2;1;3;45,8031400000;3,1172200000
202200045856;23;9;2022;17:10;1;77;1;1;1;7;48,9947630000;3,0738760000
202200045857;10;4;2022;16:24;1;63;2;1;1;6;45,7796700000;3,1070100000
202200045858;1;3;2022;16:00;1;84;1;3;1;2;44,2908720000;4,6925280000
202200045859;1;12;2022;19:35;5;92;2;1;1;6;48,9335030000;2,2992660000
202200045860;13;4;2022;17:00;1;54;2;1;1;6;48,6685100000;6,2092600000
202200045861;11;4;2022;15:20;1;54;2;1;1;6;48,6793000000;6,2177000000
202200045862;2;12;2022;17:25;5;92;2;1;2;6;48,8969500000;2,2560600000
202200045863;23;9;2022;17:20;1;13;1;2;1;3;43,8733260000;4,9145360000
202200045864;14;4;2022;18:00;1;49;2;1;1;2;47,4946700000; -0,5555300000
202200045865;24;9;2022;14:00;1;89;1;1;2;6;48,2710360000;3,2916970000
202200045866;13;4;2022;18:20;1;49;2;1;1;7;47,4506600000; -0,5373100000
202200045867;2;12;2022;20:20;5;92;2;1;2;6;48,7929892979;2,2649256885
202200045868;24;9;2022;09:40;1;38;1;6;8;3;45,6496280000;5,1367310000
202200045869;13;4;2022;08:42;1;49;2;1;1;7;47,4709600000; -0,5872400000
202200045870;24;9;2022;09:50;1;38;1;1;8;1;45,8293080000;5,3196470000
202200045871;2;12;2022;19:45;5;92;2;1;3;2;48,7814273473;2,2333901524
202200045872;12;4;2022;17:30;1;30;1;1;1;5;44,1826100000;4,6205000000
202200045873;23;9;2022;23:45;3;09;1;1;2;6;42,9098570000;1,6430140000
202200045874;12;4;2022;16:30;1;30;2;1;1;6;44,1561800000;4,6223800000
202200045875;2;12;2022;18:38;5;92;2;6;2;6;48,8335830000;2,2438040000
202200045876;23;9;2022;14:30;1;85;1;1;1;1;46,7585480000; -1,5727780000
202200045877;12;4;2022;11:45;1;25;2;3;1;3;47,2328700000;6,0198210000
202200045878;23;9;2022;22:50;3;76;1;1;2;6;49,5328820000;0,7547090000
202200045879;2;12;2022;21:20;5;92;2;1;2;2;48,7696400000;2,3114600000
202200045880;23;3;2022;09:45;1;24;1;1;1;6;44,8329500000;0,5424100000
202200045881;22;9;2022;17:38;1;80;1;3;7;5;49,6570630000;2,7028130000
202200045882;17;4;2022;19:30;1;21;2;3;1;3;47,2973139895;5,0051327795
202200045883;2;12;2022;07:35;5;92;2;2;1;3;48,7624800000;2,3032900000
202200045884;23;9;2022;21:00;3;62;1;1;3;2;50,7001670000;2,3467220000
202200045885;10;4;2022;02:20;3;21;1;1;1;6;47,3096326632;5,0785011220
202200045886;27;3;2022;12:10;1;19;1;1;1;7;45,5423400000;2,2979000000
202200045887;25;10;2022;15:00;1;22;2;7;1;3;48,5266280000; -2,0803590000
202200045888;24;9;2022;08:20;1;62;2;1;2;1;50,3262040000;2,9804760000
202200045889;10;4;2022;00:45;3;17;2;3;1;3;45,9420410000; -0,9758720000
202200045890;3;12;2022;08:55;1;07;1;1;2;1;44,8245330000;4,6988010000
202200045891;22;9;2022;12:39;1;13;1;1;1;5;43,2977500000;5,3633700000
202200045892;17;9;2022;05:45;5;42;1;1;8;6;45,3952300000;4,3351500000
202200045893;3;12;2022;17:40;3;81;1;1;1;6;43,8718490000;2,2165780000
202200045894;23;9;2022;07:40;1;33;1;1;1;3;44,7689900000; -0,5536700000
202200045895;20;9;2022;21:30;3;33;1;1;1;2;44,7577120000; -0,6840050000
202200045896;3;12;2022;03:40;3;44;1;1;1;1;47,1686190000; -1,5949220000
202200045897;7;4;2022;16:45;1;02;2;3;1;6;49,5628800000;3,6128100000
202200045898;18;9;2022;23:45;3;33;1;1;1;6;44,8897360000; -0,6066700000
202200045899;9;7;2022;17:25;1;988;2;2;1;3; -22,2774500000;166,4498400000
202200045900;21;9;2022;09:00;1;78;1;1;1;5;48,7777840000;2,2190530000
202200045901;8;7;2022;20:30;5;988;2;3;1;3; -22,2773200000;166,4489200000
202200045902;23;9;2022;08:20;1;93;1;1;1;2;48,9391243791;2,4173569679
202200045903;8;7;2022;09:53;1;976;2;1;1;6; -12,8169800000;45,1984000000
202200045904;22;9;2022;18:20;1;93;1;1;1;2;48,8680900000;2,4278800000
202200045905;7;7;2022;12:40;1;976;1;1;1;6; -12,8114600000;45,2030000000
202200045906;22;9;2022;19:05;1;93;1;1;1;3;48,8819800000;2,4738200000
202200045907;3;12;2022;04:00;3;71;1;1;1;2;46,4997070000;4,9018340000
202200045908;13;6;2022;14:00;1;976;2;1;1;3; -12,7827400000;45,2324700000
202200045909;22;9;2022;09:10;1;93;1;1;1;2;48,9110716414;2,3579036645
202200045910;13;6;2022;07:00;1;976;2;1;1;6; -12,7877600000;45,2246200000
202200045911;9;7;2022;10:30;1;974;1;1;1;7; -21,2943200000;55,4892700000
202200045912;23;9;2022;11:20;1;94;1;1;1;3;48,7419400000;2,5135000000
202200045913;7;7;2022;13:50;1;974;2;9;1;7; -21,3285500000;55,4786100000
202200045914;22;9;2022;17:10;1;31;2;1;1;6;43,5967230000;1,4556880000
202200045915;2;12;2022;17:35;5;68;2;6;1;3;47,7800670000;7,3650750000
202200045916;21;9;2022;12:20;1;46;2;1;1;6;44,4475860000;1,4405960000
202200045917;7;7;2022;08:30;1;974;1;1;1;3; -21,2801000000;55,4708000000
202200045918;21;9;2022;18:22;1;83;2;9;1;6;43,1135900000;6,1290400000
202200045919;7;7;2022;07:45;1;974;1;1;1;6; -21,3208100000;55,4495300000
202200045920;21;9;2022;18:24;1;36;2;1;1;6;46,8086900000;1,6791400000
202200045921;26;11;2022;19:00;3;41;1;1;1;3;47,8151570000;1,3746960000
202200045922;13;6;2022;22:20;5;974;2;1;1;1; -21,3384000000;55,4583200000
202200045923;7;11;2022;20:01;3;57;1;1;1;6;49,4387860000;6,0949660000
202200045924;19;9;2022;07:20;1;75;2;3;1;6;48,8371550000;2,2773080000
202200045925;10;7;2022;02:05;5;974;2;1;1;1; -20,9134600000;55,4608000000
202200045926;21;9;2022;09:28;1;988;2;3;1;3; -22,2790900000;166,4625300000
202200045927;8;7;2022;21:05;5;974;2;1;1;6; -20,8900500000;55,4610600000
202200045928;3;12;2022;08:45;1;65;1;2;5;4;43,4291570000;0,0475660000
202200045929;6;7;2022;06:00;5;974;2;1;1;7; -20,8876240000;55,4422210000
202200045930;22;9;2022;16:05;1;974;2;9;1;3; -20,9400100000;55,3077400000
202200045931;5;7;2022;18:45;3;974;2;9;1;6; -20,8927700000;55,4882800000
202200045932;3;12;2022;16:40;1;12;1;1;4;3;44,2419400000;2,9074880000
202200045933;22;9;2022;12:25;1;973;2;2;1;3;4,9378900000; -52,2986600000
202200045934;5;7;2022;17:15;1;974;2;3;1;3; -20,8866200000;55,4521700000
202200045935;1;12;2022;18:08;3;44;1;1;1;3;47,0697200000; -1,7739540000
202200045936;22;9;2022;20:00;2;69;2;1;1;6;45,7461300000;4,8645200000
202200045937;3;12;2022;02:07;3;31;2;1;1;6;43,6979530000;1,5606760000
202200045938;4;7;2022;14:35;1;974;2;1;1;2; -20,9013500000;55,4800200000
202200045939;10;7;2022;06:15;2;974;2;4;1;6; -20,9442000000;55,2975700000
202200045940;22;9;2022;16:10;1;69;2;3;1;3;45,7599500000;4,8410600000
202200045941;2;12;2022;22:40;5;38;1;1;1;1;45,1949400000;5,8249860000
202200045942;10;7;2022;12:30;1;973;2;1;8;1;4,9260700000; -52,3000100000
202200045943;2;12;2022;12:30;1;03;1;1;1;7;46,3391060000;3,0986600000
202200045944;22;9;2022;09:30;1;69;2;3;1;1;45,7692900000;4,8504100000
202200045945;10;7;2022;09:56;1;973;2;3;1;3;4,9356900000; -52,2954500000
202200045946;2;12;2022;18:25;5;06;2;1;1;3;43,7225170000;7,4066820000
202200045947;9;7;2022;20:15;5;973;2;1;1;6;4,9315397569; -52,3125520349
202200045948;29;11;2022;17:40;5;14;2;3;1;6;49,0192150000; -0,0325140000
202200045949;8;7;2022;20:25;5;973;2;1;1;3;4,9283500000; -52,3251900000
202200045950;3;12;2022;06:20;2;60;2;1;1;7;49,7097350982;1,7956019112
202200045951;21;9;2022;10:55;1;972;1;1;2;5;14,6184700000; -61,0253200000
202200045952;8;7;2022;16:00;1;973;2;1;1;7;4,9159300000; -52,3117100000
202200045953;2;12;2022;19:40;3;45;1;1;3;6;48,0475550000;2,0187910000
202200045954;22;9;2022;20:55;5;69;2;1;1;3;45,7804900000;4,8419900000
202200045955;7;7;2022;13:31;1;973;2;3;1;3;4,9288166982; -52,2980949283
202200045956;21;9;2022;11:50;1;69;2;8;1;3;45,7380000000;4,8170000000
202200045957;1;7;2022;12:13;1;973;2;1;1;3;4,9446100000; -52,3160900000
202200045958;22;9;2022;18:50;1;2B;2;1;1;3;42,6388000000;9,4333000000
202200045959;3;12;2022;18:50;3;73;1;1;1;1;45,6043140000;6,3083620000
202200045960;6;7;2022;08:30;1;973;2;2;8;3;4,9192700000; -52,3175900000
202200045961;12;9;2022;12:50;1;2B;2;1;1;3;42,6770000000;9,4440000000
202200045962;13;6;2022;07:40;1;973;2;1;1;3;4,9396251360; -52,3011928797
202200045963;3;12;2022;10:40;1;18;2;1;2;-1;47,0472670000;2,7631340000
202200045964;22;9;2022;20:25;5;2A;2;1;1;7;41,9266000000;8,7358000000
202200045965;2;12;2022;17:32;2;85;2;1;1;6;46,8767400000; -2,0144680000
202200045966;21;9;2022;14:15;1;88;2;1;1;3;48,1673686856;6,4506778121
202200045967;10;7;2022;18:30;1;69;2;9;1;3;45,7299000000;4,8239000000
202200045968;2;12;2022;20:00;3;85;1;1;1;6;46,9711000000; -1,3303170000
202200045969;21;9;2022;17:40;1;87;2;6;1;7;45,8106200000;1,2573500000
202200045970;2;12;2022;17:50;5;28;2;1;1;6;48,7663020000;1,1987330000
202200045971;9;7;2022;14:30;1;69;2;2;1;4;45,7730600000;4,8587800000
202200045972;20;9;2022;17:20;1;85;2;1;1;3;46,5116813000; -1,7623588400
202200045973;2;12;2022;19:45;3;17;1;1;1;7;46,2256290000; -0,9459560000
202200045974;3;12;2022;04:00;3;37;1;1;2;6;47,1792852708;0,9327676892
202200045975;9;7;2022;12:25;1;69;2;2;1;3;45,7264900000;4,8307100000
202200045976;21;9;2022;18:15;1;78;2;1;1;6;48,9872350000;1,6998040000
202200045977;9;7;2022;10:00;1;69;2;3;1;3;45,7329600000;4,8723400000
202200045978;3;12;2022;10:35;1;10;1;1;1;3;48,1699780000;4,5806120000
202200045979;22;9;2022;08:45;1;77;2;6;1;3;48,3968400000;2,6926800000
202200045980;8;7;2022;11:55;1;69;2;4;1;3;45,7343200000;4,8237300000
202200045981;22;9;2022;21:15;5;76;2;6;1;1;49,3200600000;1,0444600000
202200045982;3;12;2022;06:35;3;78;1;3;1;1;48,8552680000;1,9676140000
202200045983;6;7;2022;18:15;1;69;2;1;7;6;45,7346100000;4,8763600000
202200045984;22;9;2022;10:15;1;76;2;6;1;6;49,4952100000;0,1053500000
202200045985;3;12;2022;08:00;1;973;2;1;1;3;4,9022140000; -52,2734640000
202200045986;13;6;2022;10:50;1;69;2;3;1;7;45,7465600000;4,8501000000
202200045987;2;12;2022;18:20;3;69;1;1;2;1;45,8416161462;4,6762490273
202200045988;13;6;2022;09:10;1;69;2;2;1;3;45,7333300000;4,8738900000
202200045989;22;9;2022;08:50;1;73;2;1;7;6;45,6881221826;5,9104288817
202200045990;10;7;2022;00:00;3;972;1;1;1;6;14,6552200000; -60,9911100000
202200045991;2;12;2022;06:15;1;987;1;1;1;3; -17,5619500000; -149,5970810000
202200045992;22;9;2022;17:20;1;72;2;1;1;2;48,0125600000;0,2044900000
202200045993;9;7;2022;11:10;1;972;2;1;1;1;14,6332781702; -61,0347819328
202200045994;19;9;2022;16:53;1;72;2;1;1;6;47,9904000000;0,1691300000
202200045995;2;12;2022;16:48;1;86;1;1;1;3;46,5477790000;0,2918990000
202200045996;8;7;2022;19:30;4;972;2;1;2;6;14,6185300000; -61,0261800000
202200045997;20;9;2022;08:10;1;72;2;9;1;3;47,9994600000;0,2128600000
202200045998;8;7;2022;08:40;1;972;1;1;1;3;14,6594500000; -60,9713700000
202200045999;21;9;2022;16:35;1;71;2;1;1;3;46,8099000000;4,8530000000
202200046000;3;12;2022;20:30;5;95;2;6;8;6;49,0995242992;2,5307554007
202200046001;9;7;2022;17:30;1;972;1;1;1;2;14,6119400000; -61,0701700000
202200046002;22;9;2022;15:20;1;69;2;2;1;3;45,7789025883;4,8666054010
202200046003;8;7;2022;15:55;1;972;2;1;1;1;14,6197600000; -61,0557100000
202200046004;18;9;2022;13:10;1;69;2;1;1;6;45,7800038060;4,8596504331
202200046005;8;7;2022;13:20;1;972;1;1;1;3;14,6171800000; -61,0594000000
202200046006;2;12;2022;21:15;3;11;1;1;1;5;42,8740770000;3,0373980000
202200046007;22;9;2022;11:30;1;64;2;1;1;2;43,3791000000; -1,7330800000
202200046008;6;7;2022;21:00;5;972;1;1;1;1;14,6307700000; -61,0608700000
202200046009;22;9;2022;20:35;5;64;2;1;1;6;43,3018200000; -0,3132100000
202200046010;2;12;2022;19:50;5;988;2;1;3;1; -20,9528680000;164,6947840000
202200046011;6;7;2022;14:35;1;972;2;1;1;6;14,6087400000; -61,0560400000
202200046012;22;9;2022;18:30;1;64;2;2;1;3;43,2982400000; -0,3583600000
202200046013;3;12;2022;16:15;1;976;2;1;1;6; -12,8679010000;45,1956830000
202200046014;27;4;2022;06:35;1;972;2;1;1;2;14,6086500000; -61,0560000000
202200046015;22;9;2022;08:55;1;64;2;1;1;6;43,3190400000; -0,3655300000
202200046016;3;12;2022;17:10;5;91;2;1;1;3;48,6225240000;2,1594790000
202200046017;10;7;2022;20:15;1;69;2;2;1;3;45,7793100000;4,8412200000
202200046018;21;9;2022;10:55;1;64;2;1;1;6;43,4479300000; -1,5743500000
202200046019;2;12;2022;18:30;3;78;1;1;2;6;48,9852020000;1,6736770000
202200046020;10;7;2022;17:40;1;69;2;1;1;3;45,7714700000;4,8116700000
202200046021;29;8;2022;11:15;1;59;2;1;1;6;50,4779660997;3,5702320933
202200046022;3;12;2022;00:30;3;04;1;1;1;6;43,7694200000;5,7598400000
202200046023;9;7;2022;06:00;1;69;2;1;1;6;45,6952300000;4,8263600000
202200046024;3;12;2022;05:37;3;71;1;1;5;1;46,6722920000;4,8709560000
202200046025;22;9;2022;17:00;1;59;2;1;1;6;50,7256630000;3,1613750000
202200046026;2;12;2022;12:40;1;68;2;1;1;7;47,6825670000;7,3857760000
202200046027;8;7;2022;07:30;1;69;2;1;1;3;45,7640900000;4,7921500000
202200046028;22;9;2022;08:50;1;59;2;2;1;3;50,6368725568;3,0674090981
202200046029;7;7;2022;17:10;1;69;1;1;1;2;45,7723100000;4,7899400000
202200046030;2;12;2022;12:30;1;03;1;3;8;5;46,5550260000;3,2800470000
202200046031;21;9;2022;11:30;1;59;2;4;7;6;50,3584353831;3,2805535197
202200046032;7;7;2022;15:10;1;69;2;1;1;6;45,7883800000;4,8131100000
202200046033;2;12;2022;20:43;5;74;1;6;1;3;46,1373150000;6,0744630000
202200046034;7;7;2022;14:00;1;69;2;1;1;6;45,7544700000;4,8328600000
202200046035;19;9;2022;23:20;5;57;2;2;1;3;49,3508176751;6,1867350455
202200046036;7;7;2022;08:50;1;69;2;1;1;6;45,7420800000;4,8332200000
202200046037;3;12;2022;07:40;2;26;1;9;2;3;44,3762790000;5,1052090000
202200046038;21;9;2022;18:20;1;56;1;1;1;7;47,7820500000; -3,3418900000
202200046039;3;12;2022;17:40;5;64;2;1;2;7;43,1886840000; -0,6243650000
202200046040;6;7;2022;08:10;1;69;2;1;1;3;45,7517600000;4,8326700000
202200046041;3;12;2022;11:30;1;64;1;1;2;6;43,1223500000; -0,5433910000
202200046042;21;9;2022;17:40;1;56;2;1;1;3;47,7337900000; -3,3850800000
202200046043;6;7;2022;06:45;1;69;2;7;1;3;45,6949200000;4,8262500000
202200046044;21;9;2022;11:15;1;55;2;1;1;3;49,1487100000;5,4064000000
202200046045;29;11;2022;19:15;3;33;1;1;5;5;45,1225810000; -0,4208550000
202200046046;13;6;2022;20:00;1;69;2;3;1;6;45,7628500000;4,8332900000
202200046047;2;12;2022;07:00;3;49;1;1;1;7;47,1650920000; -0,8926180000
202200046048;21;9;2022;07:50;1;54;2;2;1;3;48,6855730000;6,1813820000
202200046049;8;7;2022;14:10;1;971;2;9;1;3;16,2160722304; -61,5179550648
202200046050;2;12;2022;19:50;5;22;2;3;2;7;48,4560500000; -2,1300440000
202200046051;21;9;2022;08:30;1;54;2;3;1;3;48,6982200000;6,1658800000
202200046052;1;7;2022;19:35;5;971;1;9;3;3;16,2088641370; -61,4705979824
202200046053;3;12;2022;01:30;3;35;2;1;1;6;47,8751065532; -1,6810195148
202200046054;7;7;2022;15:44;1;971;1;1;1;6;16,2411216514; -61,5360975266
202200046055;22;9;2022;17:30;1;51;2;6;1;3;49,2178797583;3,9978083968
202200046056;5;7;2022;22:15;5;971;1;9;2;6;16,2176300000; -61,4934500000
202200046057;3;12;2022;15:40;1;60;1;1;1;4;49,3431586227;2,2026181672
202200046058;3;12;2022;12:50;1;60;1;1;8;6;49,2031350000;1,9772040000
202200046059;5;7;2022;19:00;5;971;1;9;1;3;16,2471500000; -61,5264300000
202200046060;22;9;2022;12:40;1;51;2;9;1;3;49,2140600000;4,0513900000
202200046061;30;11;2022;17:32;3;13;1;1;1;2;43,2840000000;5,4189000000
202200046062;7;7;2022;13:00;1;2A;2;1;1;2;41,9329796933;8,7557073732
202200046063;6;7;2022;23:50;5;2A;2;9;1;7;41,9258804449;8,7383282682
202200046064;30;11;2022;16:30;1;33;1;1;1;2;44,8688397820; -0,6463748217
202200046065;6;7;2022;14:10;1;2A;1;1;1;6;41,9248300000;8,8098500000
202200046066;2;12;2022;18:30;3;94;1;1;1;2;48,7602653239;2,3384393114
202200046067;13;6;2022;06:45;1;2A;2;1;1;3;41,9511200000;8,7800400000
202200046068;2;12;2022;14:56;2;78;1;1;8;3;48,7899820000;2,1226660000