Accident_Id;jour;mois;an;hrmn;lum;dep;agg;int;atm;col;lat;long
202200046069;8;7;2022;11:39;1;95;2;1;1;6;48,9729824465;2,4186390638
202200046070;2;12;2022;14:45;1;93;1;1;1;3;48,9199700000;2,4282000000
202200046071;13;6;2022;13:45;1;95;2;9;1;3;48,9766491418;2,4233543873
202200046072;2;12;2022;06:50;2;95;1;1;1;2;48,9777820271;2,2320185499
202200046073;10;7;2022;18:10;1;95;2;1;1;2;48,9810525751;2,3203092813
202200046074;2;12;2022;09:50;1;94;1;1;1;2;48,7437800000;2,5134700000
202200046075;2;12;2022;05:55;3;77;1;1;1;3;48,8342600000;2,5889000000
202200046076;5;7;2022;22:00;2;95;2;3;1;3;48,9554656793;2,3332723975
202200046077;1;12;2022;01:33;3;77;1;1;1;6;48,8310550000;2,6049930000
202200046078;25;11;2022;14:03;1;63;2;1;2;6;45,7592922691;3,1445923448
202200046079;6;7;2022;20:00;1;95;2;1;1;6;48,9704118432;2,3127669096
202200046080;13;5;2022;19:35;1;73;2;1;1;3;45,5605600000;5,9170200000
202200046081;6;7;2022;15:50;1;95;2;1;1;6;48,9675000000;2,2845000000
202200046082;29;11;2022;19:00;2;972;2;2;2;3;14,6075800000; -61,0671600000
202200046083;30;11;2022;11:55;1;2A;2;1;7;7;41,9289852411;8,7374611994
202200046084;30;11;2022;18:00;5;95;2;1;1;2;48,9659468799;2,4086890799
202200046085;6;5;2022;13:30;1;95;2;1;1;3;48,9365520300;2,2048777342
202200046086;30;11;2022;13:30;1;95;2;1;1;2;48,9630420458;2,2917759418
202200046087;10;7;2022;16:15;1;91;1;1;1;6;48,6037500000;2,2486200000
202200046088;8;7;2022;18:52;1;91;2;3;1;3;48,7374870000;2,2602890000
202200046089;6;7;2022;16:50;1;91;2;1;1;6;48,7038040000;2,3180290000
202200046090;26;11;2022;06:00;5;89;2;1;1;2;47,7941700000;3,5701200000
202200046091;13;6;2022;14:20;1;91;1;1;1;7;48,7143300000;2,1841000000
202200046092;16;8;2022;09:50;1;06;2;1;1;1;43,6594300000;7,1508300000
202200046093;29;11;2022;22:30;5;87;2;3;1;1;45,8317800000;1,3099000000
202200046094;16;8;2022;09:10;1;75;2;4;1;3;48,8167180000;2,3560380000
202200046095;8;7;2022;21:38;2;91;2;1;1;7;48,6846050000;2,5154170000
202200046096;17;8;2022;11:30;1;75;2;2;2;3;48,8986890000;2,3590110000
202200046097;8;7;2022;14:55;1;91;2;2;1;3;48,6860900000;2,3991100000
202200046098;30;11;2022;08:52;1;79;2;2;8;3;46,3175900000; -0,4384300000
202200046099;12;8;2022;23:35;5;94;2;1;1;6;48,7924700000;2,5172900000
202200046100;6;7;2022;11:00;1;91;2;1;1;3;48,6849000000;2,4005000000
202200046101;16;8;2022;12:10;1;94;2;1;1;3;48,8035800000;2,4884000000
202200046102;13;6;2022;07:35;1;91;2;1;1;3;48,6889500000;2,3885900000
202200046103;30;11;2022;19:40;5;77;2;1;1;6;48,8758591120;2,7013699732
202200046104;7;7;2022;08:53;1;91;2;1;1;7;48,6820800000;2,3402200000
202200046105;15;8;2022;13:00;1;94;1;9;2;2;48,7900960000;2,4507490000
202200046106;8;7;2022;14:36;1;91;1;1;1;7;48,4130800000;2,1289200000
202200046107;30;11;2022;10:00;1;69;2;3;1;3;45,7628137439;4,9128995741
202200046108;17;8;2022;19:30;1;94;2;2;2;2;48,7252500000;2,4458100000
202200046109;6;7;2022;14:00;1;91;2;3;1;6;48,4243500000;2,1374200000
202200046110;30;11;2022;17:00;2;69;2;2;8;2;45,7449400000;4,9370500000
202200046111;17;8;2022;18:30;2;93;2;1;2;6;48,8534270319;2,4235657385
202200046112;17;5;2022;18:25;1;89;2;1;1;6;48,2053000000;3,2782300000
202200046113;30;11;2022;16:30;1;69;2;1;8;3;45,7249400000;4,9723400000
202200046114;17;8;2022;15:50;1;92;2;2;1;3;48,8131367971;2,3196499944
202200046115;6;6;2022;18:45;1;89;2;2;1;3;47,7981800000;3,5655200000
202200046116;29;11;2022;12:30;1;67;2;1;1;6;48,6015400000;7,7109100000
202200046117;17;8;2022;17:15;1;92;2;1;2;6;48,8091587999;2,2454327345
202200046118;7;7;2022;16:52;1;87;1;2;1;5;45,7983700000;1,2519500000
202200046119;17;8;2022;12:35;1;92;2;2;8;3;48,8255529146;2,2418970465
202200046120;30;11;2022;13:12;1;66;2;1;1;4;42,6772737943;2,8906783462
202200046121;30;11;2022;09:07;1;66;1;1;1;2;42,6726440000;2,8908530000
202200046122;7;7;2022;15:52;1;87;1;1;1;1;45,8060500000;1,3359300000
202200046123;18;8;2022;14:20;1;80;1;1;1;3;49,9732090000;2,6507310000
202200046124;5;7;2022;22:29;2;87;1;1;1;2;45,8200300000;1,1908500000
202200046125;30;11;2022;08:34;1;65;2;4;1;3;43,2288200000;0,0733360000
202200046126;5;7;2022;14:12;1;87;2;1;1;7;45,8456100000;1,2755200000
202200046127;18;8;2022;00:00;3;66;1;1;1;2;42,5573080000;2,8472821000
202200046128;7;7;2022;08:10;1;86;2;2;1;1;46,5560080000;0,3087110000
202200046129;17;8;2022;11:10;1;95;2;1;1;3;49,1458260000;2,2582220000
202200046130;28;11;2022;08:12;1;63;2;1;1;4;45,7979800000;3,1522600000
202200046131;6;7;2022;14:50;1;86;2;4;1;3;46,5806810000;0,3500080000
202200046132;17;8;2022;17:00;1;31;2;1;1;2;43,5258370000;1,5155120000
202200046133;18;11;2022;22:10;5;62;2;1;1;6;50,3983730000;2,9378350000
202200046134;5;7;2022;09:00;1;85;2;1;1;3;46,4906500000; -1,7406060000
202200046135;12;8;2022;18:28;1;63;2;2;1;3;45,7044560000;2,9131150000
202200046136;30;11;2022;00:25;5;59;2;1;5;6;50,7045600000;3,1805300000
202200046137;29;11;2022;18:25;5;56;2;6;1;6;47,7641100000; -3,3810100000
202200046138;18;8;2022;08:40;1;41;1;6;1;7;47,6109300000;1,3393340000
202200046139;6;7;2022;07:45;1;85;2;3;1;6;46,6805194000; -1,4283661500
202200046140;14;8;2022;13:00;1;26;1;1;8;6;45,1740050000;4,8256700000
202200046141;17;8;2022;15:55;1;34;1;1;3;6;43,4844580000;3,4387360000
202200046142;28;6;2022;09:45;1;84;2;1;1;6;43,9287800000;4,8049000000
202200046143;29;11;2022;13:50;1;56;2;6;1;3;47,7328900000; -3,3724470000
202200046144;18;8;2022;11:45;1;62;1;1;1;7;50,4616190000;1,7561180000
202200046145;7;7;2022;22:35;3;83;2;1;1;6;43,1114790882;6,0323953629
202200046146;18;8;2022;15:25;1;59;2;1;1;1;50,2046716065;3,4126818180
202200046147;8;7;2022;00:15;5;83;2;1;1;1;43,1133780000;5,9400140000
202200046148;30;11;2022;15:40;1;54;2;1;1;3;48,6594000000;6,1403600000
202200046149;17;8;2022;15:11;1;56;1;1;1;7;47,7240030000; -2,7574180000
202200046150;3;7;2022;03:00;5;83;2;6;1;2;43,1381000000;6,0266800000
202200046151;18;8;2022;15:30;1;76;2;3;1;3;49,4943540000;1,2876430000
202200046152;29;11;2022;20:00;5;50;2;1;1;6;49,6403700000; -1,6489900000
202200046153;10;7;2022;21:10;1;83;2;1;1;1;43,0379400000;6,1296100000
202200046154;10;6;2022;16:30;1;69;2;1;1;2;45,7554100000;4,8588900000
202200046155;18;8;2022;14:35;1;80;1;1;1;2;49,9595550000;2,7172870000
202200046156;7;7;2022;16:15;1;83;2;1;1;2;43,0897100000;6,1438100000
202200046157;10;6;2022;08:55;1;69;2;3;1;1;45,7433600000;4,8742600000
202200046158;30;11;2022;14:30;1;49;2;1;1;6;47,0563600000; -0,8662800000
202200046159;17;8;2022;19:15;1;80;1;1;1;7;49,9607660000;3,0233750000
202200046160;10;6;2022;17:50;1;972;2;1;7;6;14,6036200000; -61,0716400000
202200046161;6;7;2022;12:10;1;83;2;6;1;3;43,4280900000;6,7804700000
202200046162;29;11;2022;18:00;4;49;2;1;1;6;47,4541100000; -0,5468100000
202200046163;18;8;2022;08:00;1;33;1;1;1;6;45,5389250000; -1,0985360000
202200046164;10;6;2022;15:00;1;69;2;1;1;1;45,7803400000;4,7699900000
202200046165;17;8;2022;10:00;1;32;1;1;1;6;43,8633508101;0,7990407944
202200046166;12;6;2022;18:45;1;83;1;1;1;5;43,4957400000;6,4895300000
202200046167;30;11;2022;19:30;5;44;2;1;1;2;47,2015200000; -1,5351500000
202200046168;10;6;2022;17:40;1;2A;2;1;1;3;41,9281529822;8,7386848231
202200046169;18;8;2022;17:20;1;01;1;1;2;6;46,1479940000;5,3944850000
202200046170;1;7;2022;12:25;1;82;1;3;1;3;43,9950800000;1,3590800000
202200046171;17;8;2022;22:21;3;72;1;1;9;2;48,0898910000;0,5623630000
202200046172;12;6;2022;12:10;1;81;1;1;1;7;43,4425700000;2,3384500000
202200046173;30;11;2022;19:08;5;42;2;3;1;6;45,5207036733;4,6015915912
202200046174;31;7;2022;18:20;1;06;1;1;1;7;43,6981460000;6,9676490000
202200046175;10;6;2022;01:40;5;2A;2;3;1;3;41,9186315189;8,7368848821
202200046176;30;11;2022;07:52;5;37;2;1;1;1;47,4232800000;0,7054600000
202200046177;13;6;2022;08:15;1;81;2;1;1;6;43,9406300000;2,2027800000
202200046178;30;11;2022;06:20;3;37;1;9;5;6;47,3560582829;0,6456130743
202200046179;10;6;2022;15:45;1;95;2;1;1;6;48,9402319746;2,2451457381
202200046180;27;7;2022;12:00;1;17;2;9;1;3;45,8944400000; -0,7979040000
202200046181;30;11;2022;20:45;5;35;2;1;1;6;48,1263200000; -1,6657000000
202200046182;4;7;2022;19:15;1;80;2;2;1;3;49,8957100000;2,2814200000
202200046183;10;6;2022;17:17;1;91;2;3;1;6;48,6318100000;2,2661300000
202200046184;30;11;2022;12:15;1;35;2;1;1;3;48,1246100000; -1,7090700000
202200046185;17;8;2022;08:05;1;37;1;2;1;3;47,4507520000;0,6298550000
202200046186;10;6;2022;18:20;1;91;1;1;1;2;48,7350600000;2,2305500000
202200046187;5;7;2022;13:51;1;80;1;1;1;3;49,8719100000;2,3999300000
202200046188;30;11;2022;11:55;1;33;2;2;1;3;44,8650808575; -0,5219498277
202200046189;15;8;2022;17:45;1;48;1;1;1;7;44,8238860000;3,1290010000
202200046190;9;7;2022;19:00;1;78;2;1;1;6;48,8996600000;2,0935800000
202200046191;10;6;2022;16:00;1;91;2;1;1;3;48,6827000000;2,4069600000
202200046192;29;11;2022;03:15;5;33;2;1;2;3;44,8841188157; -0,5501237512
202200046193;7;7;2022;15:42;1;78;2;9;1;6;48,9647960000;1,8639600000
202200046194;18;8;2022;11:00;1;52;2;1;8;6;48,4582670000;5,2377100000
202200046195;8;6;2022;11:10;1;88;2;1;1;7;48,2675300000;6,9789500000
202200046196;18;8;2022;13:30;1;34;1;1;2;7;43,5395890000;3,8913060000
202200046197;7;7;2022;12:25;1;78;2;2;1;2;48,9972670000;1,9111390000
202200046198;29;11;2022;18:10;5;19;2;1;1;1;45,1534200000;1,5323100000
202200046199;10;6;2022;09:10;1;87;2;1;1;6;45,8322600000;1,2622300000
202200046200;30;11;2022;21:00;5;17;2;1;1;7;46,1565220000; -1,1278260000
202200046201;18;2;2022;06:25;3;33;1;1;1;6;44,5852710000; -0,2717610000
202200046202;17;8;2022;19:50;1;82;1;1;1;6;43,9281900000;1,3118790000
202200046203;30;11;2022;14:03;1;13;2;1;1;6;43,3386900000;5,3847800000
202200046204;10;6;2022;14:00;1;83;2;1;1;3;43,1150400000;6,1950700000
202200046205;21;2;2022;11:15;1;21;1;1;8;2;47,1571550000;5,3726580000
202200046206;30;11;2022;08:10;1;13;2;1;1;3;43,2682900000;5,3850300000
202200046207;18;8;2022;07:20;2;02;1;1;1;2;49,0807530000;3,4025000000
202200046208;16;4;2022;15:45;1;80;2;1;1;3;50,1089006308;1,8509387961
202200046209;30;11;2022;07:50;1;13;2;2;1;3;43,5192405194;5,4362621860
202200046210;17;8;2022;23:30;3;83;1;1;3;6;43,4635100000;5,8563350000
202200046211;21;2;2022;15:45;1;68;2;3;2;3;48,1353990000;7,3056190000
202200046212;10;6;2022;11:00;1;78;2;1;1;6;48,6468980000;1,8276510000
202200046213;30;11;2022;08:20;1;75;2;1;1;7;48,8266350000;2,3889950000
202200046214;16;8;2022;16:50;1;976;1;1;1;7; -12,8688110000;45,1160650000
202200046215;20;2;2022;19:45;3;35;1;2;1;3;48,0346970000; -1,2010660000
202200046216;10;6;2022;13:00;1;76;2;2;1;1;49,3428330000;1,0903600000
202200046217;18;8;2022;13:15;1;77;1;1;1;3;48,4840160000;2,5132080000
202200046218;21;2;2022;07:10;2;67;1;1;1;2;48,6127110000;7,5427150000
202200046219;29;11;2022;10:05;1;75;2;1;1;5;48,8936100000;2,3952870000
202200046220;6;7;2022;13:45;1;77;1;2;1;3;48,7114800000;2,5813100000
202200046221;10;6;2022;08:00;1;76;2;6;1;2;49,3996223985;1,0561949225
202200046222;17;8;2022;13:35;1;986;1;1;1;1; -13,2394340000; -176,1814500000
202200046223;29;11;2022;09:15;1;75;2;1;1;7;48,8300820000;2,2864170000
202200046224;18;2;2022;15:15;1;59;1;1;6;6;51,0040140000;2,5516280000
202200046225;16;8;2022;08:21;1;11;1;1;1;7;43,0054595617;2,9270919177
202200046226;7;7;2022;02:08;5;77;2;1;1;7;48,8489000000;2,7827700000
202200046227;1;12;2022;06:13;5;75;2;2;1;3;48,8514650000;2,3370610000
202200046228;10;8;2022;22:40;3;83;1;1;1;6;43,3704920000;6,5963460000
202200046229;19;2;2022;11:40;1;66;2;3;1;1;42,6696610000;2,9869860000
202200046230;1;12;2022;17:00;5;75;2;2;1;6;48,8832080000;2,3879250000
202200046231;10;6;2022;14:35;1;74;2;1;1;6;46,1772500000;6,2438300000
202200046232;10;7;2022;08:08;1;76;2;2;1;2;49,4080100000;1,0458500000
202200046233;17;8;2022;10:05;1;08;1;1;1;1;49,8449850000;4,7646760000
202200046234;9;7;2022;18:15;1;76;2;1;1;6;49,3578070000;1,0133770000
202200046235;21;2;2022;04:15;3;67;1;1;3;6;48,5250890000;7,3542520000
202200046236;1;12;2022;19:45;5;75;2;4;1;3;48,8834290000;2,3342800000
202200046237;18;8;2022;10:15;1;68;1;1;2;7;47,9194410000;6,9445720000
202200046238;21;2;2022;12:00;1;33;2;1;1;6;44,7418440000; -1,1844440000
202200046239;30;11;2022;19:30;5;75;2;2;1;6;48,8690040000;2,2915670000
202200046240;9;7;2022;06:15;1;76;2;2;1;1;49,4418400000;1,0862200000
202200046241;9;6;2022;19:10;1;72;2;3;1;2;47,9972858338;0,2173411844
202200046242;17;8;2022;18:50;1;67;2;3;1;3;48,5375510000;7,4987380000
202200046243;21;2;2022;11:23;1;71;1;1;2;1;46,9582680000;4,2612230000
202200046244;1;12;2022;20:36;5;75;2;2;1;3;48,8720180000;2,3768030000
202200046245;9;7;2022;09:00;1;76;2;1;7;2;49,4845400000;1,1354500000
202200046246;9;6;2022;15:40;1;72;1;1;1;6;48,0285900000;0,1782600000
202200046247;20;2;2022;17:43;2;89;1;1;3;7;47,5656750000;3,7805660000
202200046248;16;8;2022;21:00;2;42;1;1;2;6;45,4441520000;4,6971920000
202200046249;9;6;2022;11:35;1;72;2;1;1;7;48,0087700000;0,2182200000
202200046250;13;8;2022;10:25;1;07;1;1;1;6;44,7782430000;4,1183030000
202200046251;1;12;2022;19:20;5;75;2;1;1;6;48,8825810000;2,3504240000
202200046252;10;6;2022;08:10;1;71;2;1;1;7;46,8096552548;4,4304674864
202200046253;20;2;2022;08:20;2;12;1;1;5;6;44,6735360000;2,9100890000
202200046254;18;8;2022;11:30;1;65;1;1;2;7;42,9051580000;0,3011370000
202200046255;7;7;2022;18:15;1;76;2;2;1;3;49,4389400000;1,0800200000
202200046256;1;12;2022;02:13;5;75;2;5;1;3;48,8804960000;2,3523040000
202200046257;10;6;2022;06:30;1;69;2;1;1;6;45,6846600000;4,9476300000
202200046258;20;2;2022;14:30;1;68;2;2;1;3;47,4849610000;7,2410520000
202200046259;5;7;2022;18:00;1;76;2;1;1;3;49,5024020000;0,1766700000
202200046260;30;11;2022;20:48;5;75;2;1;1;6;48,8647010000;2,3079630000
202200046261;3;2;2022;19:00;2;29;1;1;2;6;48,6313200000; -4,1203880000
202200046262;18;8;2022;01:15;3;60;1;1;1;7;49,1684460000;2,3441690000
202200046263;10;6;2022;12:39;1;66;2;2;1;6;42,7006747133;2,8910739720
202200046264;12;6;2022;17:20;1;76;2;6;1;3;49,4889400000;0,1198700000
202200046265;16;8;2022;20:20;2;80;2;1;3;6;49,7040520000;2,6631390000
202200046266;1;12;2022;08:25;1;94;2;2;1;3;48,7910000000;2,4960000000
202200046267;21;2;2022;13:15;1;29;1;1;6;1;48,5175570000; -4,3592260000
202200046268;10;6;2022;13:10;1;76;1;1;1;2;49,5329507937;0,1153805852
202200046269;10;6;2022;07:38;1;66;2;6;1;3;42,7107600000;2,8847100000
202200046270;17;8;2022;20:55;5;59;2;1;1;7;50,0050690000;4,0822400000
202200046271;18;2;2022;12:00;1;31;2;9;1;7;43,5687470000;1,3041840000
202200046272;9;6;2022;20:34;1;66;2;1;1;1;42,6861700000;2,8662700000
202200046273;29;11;2022;12:00;1;94;2;2;8;3;48,8170600000;2,4671300000
202200046274;17;8;2022;02:27;3;13;1;1;1;2;43,4038035787;5,3036896884
202200046275;20;2;2022;11:15;1;03;1;1;8;6;46,5246190000;3,1212970000
202200046276;8;6;2022;11:10;1;66;1;1;1;3;42,7099200000;2,8695100000
202200046277;1;12;2022;12:00;1;94;2;2;1;3;48,8061500000;2,3458400000
202200046278;17;8;2022;13:55;1;57;1;1;1;6;49,3294200000;6,0189400000
202200046279;8;7;2022;18:15;1;74;2;1;7;6;46,3990000000;6,5930000000
202200046280;1;12;2022;19:00;5;93;2;1;1;3;48,9541846394;2,5214803219
202200046281;8;7;2022;19:25;1;74;2;1;7;6;46,3928000000;6,5365900000
202200046282;29;11;2022;09:15;1;93;2;1;1;6;48,9171105821;2,4456757307
202200046283;17;8;2022;14:40;1;33;1;1;2;2;44,8751500000; -0,5078400000
202200046284;10;6;2022;11:20;1;64;2;1;1;4;43,3394010000; -0,3797270000
202200046285;21;2;2022;16:15;1;50;2;1;1;7;48,8427670000; -1,5332690000
202200046286;7;7;2022;17:20;1;74;2;3;1;3;46,1928800000;6,2288700000
202200046287;17;8;2022;10:35;1;33;1;1;1;2;44,9736838814; -0,4341959953
202200046288;20;2;2022;22:45;3;50;1;1;2;7;48,6302280000; -0,9727620000
202200046289;1;12;2022;08:05;1;93;2;3;1;3;48,9115000000;2,5033200000
202200046290;9;6;2022;07:45;1;64;1;1;1;3;43,4331600000; -1,5859200000
202200046291;16;2;2022;01:20;5;18;2;1;1;6;46,7250840000;2,5065620000
202200046292;4;8;2022;19:10;1;33;1;1;1;2;44,8836360000; -0,5561430000
202200046293;13;6;2022;07:10;1;74;2;4;1;3;46,1972200000;6,2486400000
202200046294;1;12;2022;15:00;1;92;2;1;1;3;48,8422209318;2,2224901914
202200046295;10;6;2022;16:00;1;64;2;1;1;1;43,4875100000; -1,5353900000
202200046296;17;8;2022;20:00;1;91;1;1;2;7;48,6979200000;2,1915200000
202200046297;21;2;2022;15:15;1;36;2;1;1;1;47,0172120000;1,1106540000
202200046298;13;6;2022;11:35;1;74;2;1;1;3;45,9061000000;6,1261300000
202200046299;30;11;2022;13:50;1;92;2;7;1;3;48,8402446014;2,2198763788
202200046300;21;2;2022;14:00;1;40;1;1;1;3;43,7353830000; -0,7414700000
202200046301;9;6;2022;13:11;1;63;2;6;1;3;45,8133767810;3,1361567974
202200046302;16;8;2022;21:30;5;75;1;1;1;3;48,8484800000;2,2455400000
202200046303;8;7;2022;13:30;1;72;2;1;1;6;48,0013000000;0,2105600000
202200046304;1;12;2022;08:05;1;92;2;3;1;3;48,8686600000;2,1887000000
202200046305;6;7;2022;10:52;1;72;2;1;1;6;47,9968710297;0,2210203468
202200046306;7;6;2022;09:30;1;62;2;3;8;6;50,9418230000;1,8693920000
202200046307;1;12;2022;11:15;1;92;2;4;1;6;48,8891786947;2,1954470873
202200046308;20;2;2022;19:35;3;40;1;1;1;6;43,8547070000; -0,6261780000
202200046309;17;8;2022;08:00;1;93;1;1;1;2;48,9668839738;2,4759693423
202200046310;1;12;2022;09:32;1;92;1;1;1;6;48,8023990000;2,2038540000
202200046311;5;7;2022;20:30;1;72;2;1;1;3;47,9751000000;0,2130200000
202200046312;9;6;2022;19:30;1;61;2;1;1;1;48,7457500000; -0,5525000000
202200046313;17;8;2022;01:50;3;77;1;1;1;2;48,8477170259;2,6620253413
202200046314;1;12;2022;18:15;5;92;2;1;1;6;48,8929411927;2,2842716575
202200046315;21;2;2022;17:00;1;27;1;2;6;3;49,3087600000;1,4588260000
202200046316;1;12;2022;18:10;5;92;2;1;1;6;48,8347500000;2,2468400000
202200046317;8;7;2022;15:10;1;71;2;2;1;3;46,6453860000;4,2942020000
202200046318;10;6;2022;16:15;1;61;2;1;1;2;48,4245300000;0,0906600000
202200046319;6;4;2022;14:30;1;27;2;3;1;1;49,0128900000;1,0904520000
202200046320;1;12;2022;13:45;1;92;2;3;8;6;48,9169270000;2,2730460000
202200046321;21;2;2022;15:34;1;27;1;9;1;1;49,1878960000;0,7099590000
202200046322;9;6;2022;17:00;1;59;2;3;1;3;50,3660782844;3,2729639858
202200046323;5;7;2022;13:40;1;71;2;2;1;3;46,6465260000;4,2939830000
202200046324;16;8;2022;21:20;5;69;2;1;1;6;45,7279565468;4,8778398335
202200046325;21;2;2022;10:45;1;30;1;1;1;7;44,2319550000;4,1627450000
202200046326;30;11;2022;09:20;1;92;1;1;1;6;48,9046620000;2,2838270000
202200046327;11;6;2022;17:15;1;71;2;1;1;6;46,6773500000;4,3742600000
202200046328;21;2;2022;05:30;3;52;1;1;1;7;48,5253880000;4,7991370000
202200046329;16;8;2022;08:15;1;63;2;1;1;6;45,7881100000;3,1009700000
202200046330;9;6;2022;15:06;1;57;2;3;1;3;49,2443400000;6,1469400000
202200046331;16;8;2022;08:55;1;974;1;1;1;7; -20,9006900000;55,4061800000
202200046332;2;12;2022;20:30;5;974;2;1;1;3; -20,9942830000;55,2864060000
202200046333;7;7;2022;08:10;1;71;2;4;1;3;46,8116700000;4,4349100000
202200046334;10;6;2022;08:55;1;54;2;3;1;2;48,6688562642;6,1609429121
202200046335;21;2;2022;01:00;5;31;2;1;1;2;43,4580120000;1,3810590000
202200046336;10;7;2022;22:00;5;69;2;1;1;6;45,7827900000;4,9144100000
202200046337;15;8;2022;09:45;1;974;1;6;1;7; -20,8993700000;55,4796500000
202200046338;10;6;2022;07:00;1;54;2;2;1;3;48,6761200000;6,1627700000
202200046339;20;2;2022;22:00;3;974;1;1;6;2; -20,8976260000;55,5751560000
202200046340;9;7;2022;19:54;1;69;2;9;7;6;45,7610200000;4,9227300000
202200046341;1;12;2022;16:50;1;24;1;2;1;3;45,0220930000;0,2458410000
202200046342;16;8;2022;18:45;1;69;2;2;1;3;45,7651900000;4,8671100000
202200046343;10;6;2022;19:15;1;51;2;2;1;7;49,2462500000;4,0184400000
202200046344;8;7;2022;19:45;1;69;2;2;1;1;45,7715200000;4,9169500000
202200046345;13;2;2022;11:50;1;973;1;9;1;6;4,9614960000; -52,4333450000
202200046346;1;12;2022;18:20;3;01;1;1;1;6;45,9952620000;5,0371670000
202200046347;10;6;2022;17:50;1;51;2;1;1;2;49,2281800000;4,0308300000
202200046348;16;8;2022;16:40;1;69;2;1;1;5;45,7823600000;4,7800100000
202200046349;22;11;2022;17:30;3;22;2;3;1;1;48,4786820000; -2,1674560000
202200046350;8;7;2022;18:30;1;69;2;3;1;3;45,7466306441;4,9251635374
202200046351;19;2;2022;09:30;1;45;1;1;1;5;47,8043640000;2,1186230000
202200046352;10;6;2022;07:26;1;51;2;1;1;7;49,2654000000;4,0215000000
202200046353;27;11;2022;05:54;2;49;1;1;1;7;47,1129630000; -0,7332730000
202200046354;15;8;2022;16:40;1;69;2;1;1;3;45,7917100000;4,8435600000
202200046355;19;2;2022;16:00;1;78;1;9;1;3;48,7111550000;1,9903650000
202200046356;6;7;2022;19:40;1;69;2;3;1;3;45,7866200000;4,8875500000
202200046357;11;6;2022;02:26;5;49;2;2;1;3;47,4731700000; -0,5552400000
202200046358;15;8;2022;17:05;1;83;2;1;1;6;43,1186000000;5,9353300000
202200046359;26;11;2022;11:30;1;972;2;1;1;1;14,5881420000; -60,9551420000
202200046360;6;7;2022;07:00;1;69;2;2;1;3;45,7473146088;4,9232165423
202200046361;10;6;2022;08:45;1;49;2;1;1;1;47,4608000000; -0,5135900000
202200046362;20;2;2022;00:30;3;89;1;1;2;2;48,0445830000;3,1161380000
202200046363;2;12;2022;02:55;3;11;1;1;1;6;43,2233160000;2,7575040000
202200046364;15;8;2022;19:00;1;83;2;1;1;6;43,1172530000;5,8036070000
202200046365;6;7;2022;04:40;2;69;2;2;1;3;45,7401900000;4,9520400000
202200046366;20;2;2022;19:40;5;57;2;1;2;1;49,1390560000;6,7983910000
202200046367;1;12;2022;18:25;3;86;1;1;1;4;46,5588440000;0,4867480000
202200046368;21;2;2022;11:15;1;42;1;1;2;1;45,6219320000;4,3395570000
202200046369;10;6;2022;13:00;1;47;2;1;1;5;44,1947800000;0,6076900000
202200046370;10;7;2022;17:15;1;69;2;3;1;3;45,7506900000;4,9092700000
202200046371;1;12;2022;17:40;2;56;2;6;1;3;47,5182912000; -2,5686782000
202200046372;10;6;2022;09:25;1;44;2;1;2;6;47,2646100000; -2,2271500000
202200046373;16;8;2022;00:35;5;79;2;1;1;2;46,3339600000; -0,4312900000
202200046374;8;7;2022;17:40;1;69;2;1;1;3;45,7198300000;4,8801000000
202200046375;1;12;2022;21:30;5;31;2;3;1;3;43,6457730000;1,3156500000
202200046376;21;2;2022;12:20;1;79;1;1;2;7;46,8211210000; -0,4474600000
202200046377;16;8;2022;11:00;1;76;2;1;1;6;49,4083400000;1,0507300000
202200046378;10;6;2022;16:10;1;44;1;1;7;3;47,2487600000; -1,6343800000
202200046379;8;7;2022;19:15;1;69;2;1;1;7;45,5728900000;4,7956700000
202200046380;2;12;2022;09:25;1;80;2;1;8;6;49,7513830000;3,0665640000
202200046381;18;2;2022;22:00;3;35;1;4;1;6;47,9377640000; -1,5887980000
202200046382;13;8;2022;13:50;1;76;2;1;1;6;49,4904100000;0,0973800000
202200046383;12;2;2022;11:50;1;60;1;1;1;7;49,2260620000;1,8299530000
202200046384;9;6;2022;08:13;1;41;2;1;1;5;47,6046860000;1,3121810000
202200046385;7;7;2022;14:15;1;69;2;3;7;3;45,5975500000;4,7820700000
202200046386;20;2;2022;17:00;1;59;1;1;6;7;50,1812430000;3,4800400000
202200046387;30;11;2022;13:40;1;89;2;2;1;3;48,2249050000;3,0306390000
202200046388;16;8;2022;18:35;1;73;1;1;1;3;45,5836771494;5,9107736275
202200046389;8;7;2022;11:30;1;68;2;2;1;2;47,8031800000;7,3373000000
202200046390;1;12;2022;18:15;3;89;1;1;1;1;48,3606400000;3,2325550000
202200046391;20;2;2022;12:20;1;13;1;1;1;2;43,3402600000;5,3777600000
202200046392;2;12;2022;13:15;1;89;2;1;8;6;47,4695280000;4,0304080000
202200046393;10;6;2022;18:00;1;37;2;1;1;5;47,3373988656;0,6692808867
202200046394;16;8;2022;22:53;5;69;2;1;1;6;45,7665700000;4,8780500000
202200046395;6;7;2022;19:15;1;67;2;3;1;3;48,5743100000;7,7711800000
202200046396;19;2;2022;23:33;3;13;1;1;1;3;43,4029480928;5,1094794273
202200046397;2;12;2022;18:10;3;61;1;1;1;3;48,3628430000;0,6583110000
202200046398;10;6;2022;08:45;1;37;2;3;1;3;47,3733699829;0,6912079453