Accident_Id;jour;mois;an;hrmn;lum;dep;agg;int;atm;col;lat;long
202200046728;19;2;2022;09:55;1;51;2;1;1;2;49,1966180000;4,1344590000
202200046729;9;6;2022;13:00;1;51;1;1;1;3;49,1322695462;4,8341506720
202200046730;31;3;2022;11:30;1;75;2;4;2;6;48,8882350000;2,3958380000
202200046731;20;6;2022;16:10;1;33;2;2;1;3;44,7475980000; -1,1037240000
202200046732;18;2;2022;16:15;1;56;1;1;1;6;47,9380890000; -2,6226100000
202200046733;11;6;2022;05:30;2;51;1;1;1;7;48,7960650000;4,0715500000
202200046734;16;8;2022;12:00;1;974;1;3;1;3; -20,9900210000;55,6610670000
202200046735;20;2;2022;02:43;3;56;1;1;2;6;47,5022570000; -3,1262110000
202200046736;31;3;2022;08:25;1;75;2;3;1;6;48,8843503823;2,3912543574
202200046737;14;8;2022;14:19;1;971;2;1;1;3;16,3923250000; -61,4610520000
202200046738;10;6;2022;13:50;1;51;1;1;1;2;49,2772961746;4,0980492532
202200046739;20;2;2022;18:40;3;32;1;1;2;6;43,7290260000;0,4941490000
202200046740;28;5;2022;15:00;1;973;1;1;1;5;5,5275070000; -53,3898960000
202200046741;16;8;2022;17:35;1;971;1;1;1;5;16,1068490000; -61,5663470000
202200046742;31;3;2022;07:40;2;75;2;7;1;3;48,8894780481;2,3958169362
202200046743;10;6;2022;08:05;1;74;2;2;1;6;45,9390790000;6,6283980000
202200046744;27;10;2022;19:55;3;973;1;1;1;5;5,1266740000; -52,7295900000
202200046745;19;2;2022;17:30;1;63;1;3;1;7;45,5340630000;3,7836640000
202200046746;17;8;2022;09:20;1;2A;1;1;1;1;41,6520720000;9,2082060000
202200046747;30;3;2022;13:30;1;75;2;2;1;7;48,8784250000;2,3742590000
202200046748;11;6;2022;16:00;1;67;1;3;1;2;48,1762051785;7,5513222814
202200046749;17;8;2022;00:40;3;84;1;1;8;1;43,8983410000;5,0851140000
202200046750;27;10;2022;15:15;1;971;1;1;1;2;15,9296590000; -61,2215280000
202200046751;19;2;2022;20:00;5;34;2;3;1;3;43,4252170000;3,3067350000
202200046752;30;3;2022;15:05;1;75;2;2;1;2;48,8975527771;2,3446912083
202200046753;11;6;2022;16:03;1;76;1;3;1;3;49,4946540000;1,0118690000
202200046754;12;8;2022;19:45;2;84;1;1;1;1;43,9430820000;4,9113930000
202200046755;20;2;2022;02:15;3;68;1;1;1;6;47,5499570000;7,2518780000
202200046756;28;10;2022;17:30;2;77;1;2;1;3;48,5918460000;2,7259500000
202200046757;17;8;2022;16:05;1;83;1;1;8;6;43,2668940000;5,9746740000
202200046758;30;3;2022;09:20;1;75;2;3;2;3;48,8986978038;2,3683680293
202200046759;11;6;2022;10:40;1;80;1;2;1;1;49,8732210000;2,6858030000
202200046760;19;2;2022;18:30;2;22;2;1;2;6;48,6075820583; -3,4550353289
202200046761;17;8;2022;18:48;1;06;1;1;2;4;43,9163280000;7,1887280000
202200046762;26;10;2022;10:10;1;91;1;1;1;4;48,6684690000;2,0654190000
202200046763;10;6;2022;22:50;3;80;2;1;1;6;49,9480050000;2,3147530000
202200046764;31;3;2022;20:00;5;75;2;1;1;3;48,8800129972;2,3071317851
202200046765;14;2;2022;16:40;1;25;2;1;1;6;47,3955100000;6,4910090000
202200046766;17;8;2022;05:45;2;25;1;1;1;1;47,4485800000;6,3739160000
202200046767;27;10;2022;16:40;1;83;2;1;1;6;43,2691590000;6,6350660000
202200046768;11;6;2022;14:15;1;12;1;1;1;6;44,5002630000;2,5787620000
202200046769;20;2;2022;00:30;3;44;1;1;2;7;47,3437450000; -2,3551190000
202200046770;31;3;2022;08:15;1;75;2;3;1;2;48,8526721519;2,2616641067
202200046771;6;8;2022;20:00;1;83;2;1;1;2;43,3628950000;6,7146850000
202200046772;10;6;2022;20:00;2;25;1;1;1;7;47,0088500000;6,0360750000
202200046773;20;2;2022;16:45;1;44;1;1;8;7;47,3745630000; -1,2393470000
202200046774;16;8;2022;16:45;1;68;1;1;1;1;48,0679850000;7,0727490000
202200046775;25;10;2022;15:00;1;13;1;6;1;3;43,8943280000;4,8225690000
202200046776;11;6;2022;11:45;1;29;2;6;1;3;48,1015170000; -4,0055730000
202200046777;20;2;2022;14:45;1;31;1;1;1;7;43,5889446876;1,2808567286
202200046778;12;8;2022;07:43;1;57;2;6;7;6;49,1388062087;6,7980126426
202200046779;29;3;2022;07:15;2;75;2;2;1;1;48,8676480000;2,2508770000
202200046780;28;10;2022;07:15;2;13;2;1;1;3;43,6464110000;5,5836560000
202200046781;16;8;2022;23:17;3;03;1;2;2;3;46,5581740000;3,6212070000
202200046782;30;3;2022;18:15;1;75;2;1;1;3;48,8358250000;2,3181350000
202200046783;11;6;2022;00:30;3;38;1;1;1;1;44,9306130000;5,7958670000
202200046784;19;2;2022;14:50;1;31;2;4;1;2;43,6851100000;1,4025570000
202200046785;27;10;2022;15:30;1;21;1;1;1;6;47,1442900000;4,9134880000
202200046786;30;3;2022;09:00;1;75;2;2;2;7;48,8330550000;2,3359920000
202200046787;10;6;2022;16:50;1;15;2;1;1;3;45,0341400000;3,0886840000
202200046788;20;2;2022;08:20;1;01;1;2;1;6;46,4429620000;4,9255120000
202200046789;27;10;2022;16:20;1;55;2;1;1;6;49,5188250000;5,3675450000
202200046790;17;8;2022;11:49;1;38;2;2;1;1;45,2056150000;5,6824150000
202200046791;31;3;2022;17:42;1;75;2;1;2;6;48,8703643373;2,3707566071
202200046792;6;6;2022;18:15;1;58;1;1;2;7;47,2166240000;3,5849760000
202200046793;23;10;2022;14:55;1;55;1;1;1;6;48,8832590000;4,9996380000
202200046794;16;8;2022;01:30;3;33;1;1;1;6;45,0671480000; -0,4867030000
202200046795;20;2;2022;12:11;1;83;1;1;1;3;43,5949001772;6,2211552858
202200046796;31;3;2022;15:30;1;75;2;4;8;7;48,8725590000;2,3762400000
202200046797;20;2;2022;14:15;1;45;1;1;1;7;47,5608100000;2,7844440000
202200046798;11;6;2022;15:00;1;50;1;3;1;3;49,5174840000; -1,7916140000
202200046799;16;8;2022;11:07;1;33;2;2;1;3;44,9409950000; -0,6325990000
202200046800;27;10;2022;18:45;1;07;1;1;1;1;44,2817260000;4,6174980000
202200046801;20;2;2022;07:45;1;16;1;1;2;7;45,7687381944;0,1897235005
202200046802;31;3;2022;05:15;5;75;2;2;1;3;48,8816100000;2,3657820000
202200046803;19;2;2022;23:05;3;40;1;1;1;6;43,8288070000; -0,5109390000
202200046804;11;6;2022;14:45;1;64;1;2;1;3;43,4449420000; -0,1427120000
202200046805;28;10;2022;16:10;1;09;1;2;1;3;42,9156050000;1,8075840000
202200046806;16;8;2022;07:30;1;13;1;1;1;5;43,3849900000;5,3110700000
202200046807;31;3;2022;04:00;5;75;2;7;1;1;48,8665273823;2,3648077497
202200046808;19;2;2022;16:40;1;24;1;1;1;1;45,0829760000;0,7258700000
202200046809;18;5;2022;19:15;1;43;1;1;1;3;45,1290200000;3,9759100000
202200046810;28;10;2022;09:00;2;14;2;1;7;6;49,2907970000; -0,2812990000
202200046811;27;3;2022;18:20;1;94;2;1;1;6;48,7904700000;2,5207000000
202200046812;14;8;2022;22:15;4;13;1;1;1;6;43,2905217583;5,4878868162
202200046813;19;2;2022;20:10;5;17;2;6;1;7;45,9113240000; -1,2659950000
202200046814;11;6;2022;07:55;1;16;2;1;7;6;45,4709770000; -0,1586960000
202200046815;24;10;2022;18:40;2;29;1;3;1;1;48,6414060000; -4,3747100000
202200046816;31;3;2022;19:20;1;94;2;3;1;3;48,7927500000;2,3692900000
202200046817;19;2;2022;17:50;2;87;1;1;1;5;46,2090320000;1,0766170000
202200046818;10;6;2022;07:45;1;40;1;2;1;3;43,8334900000; -0,3004290000
202200046819;31;3;2022;15:40;1;94;2;1;1;6;48,7920400000;2,3536800000
202200046820;14;8;2022;21:50;5;13;1;1;1;4;43,2859753134;5,5113551652
202200046821;31;3;2022;08:30;1;94;2;1;1;6;48,7563025223;2,3457983136
202200046822;11;6;2022;15:20;1;24;1;1;1;7;45,0529390000;1,2086030000
202200046823;19;2;2022;18:10;2;73;1;1;1;6;45,4539246994;6,2885085152
202200046824;28;10;2022;17:00;1;27;1;1;1;7;49,0945110000;1,5607020000
202200046825;30;3;2022;11:40;1;94;2;1;2;6;48,7951500000;2,5620300000
202200046826;12;8;2022;04:10;3;59;1;1;1;2;50,6558000000;3,1093900000
202200046827;11;6;2022;10:30;1;24;1;1;1;7;45,0348660000;0,5711170000
202200046828;26;10;2022;18:30;2;60;1;1;7;2;49,6675580000;2,9955340000
202200046829;31;3;2022;11:45;1;93;2;1;2;2;48,8510240000;2,5705310000
202200046830;11;8;2022;11:18;1;62;1;1;1;6;50,4303600000;2,8508400000
202200046831;19;2;2022;15:10;1;38;2;3;1;3;45,6027190000;5,1556130000
202200046832;10;6;2022;15:25;1;24;1;1;1;5;45,1258550000;0,9021990000
202200046833;31;3;2022;07:15;1;93;2;1;1;3;48,9272200000;2,5428200000
202200046834;27;10;2022;17:40;1;60;1;1;8;3;49,2984030000;2,4520970000
202200046835;16;8;2022;16:05;1;91;1;1;1;4;48,6914700000;2,3220600000
202200046836;31;3;2022;11:45;1;93;2;6;2;6;48,9432400000;2,4195000000
202200046837;11;6;2022;10:35;1;04;1;1;1;5;43,8588770000;5,6842340000
202200046838;19;2;2022;07:20;2;28;1;1;1;2;48,2023310000;1,8497800000
202200046839;16;8;2022;09:15;1;91;1;1;1;7;48,6242100000;2,3904300000
202200046840;2;6;2022;16:20;1;27;1;2;1;3;48,9927190000;1,1560240000
202200046841;27;10;2022;16:00;1;62;1;1;1;4;50,5984588959;1,6225192523
202200046842;31;3;2022;16:20;1;93;2;2;1;3;48,9259232778;2,5021891042
202200046843;10;6;2022;18:15;1;87;1;1;7;6;45,7129930000;0,7886180000
202200046844;27;10;2022;22:45;3;59;1;1;1;6;50,4646110000;3,2172720000
202200046845;31;3;2022;18:30;1;92;2;1;1;6;48,8032800000;2,2896700000
202200046846;16;8;2022;02:20;3;91;1;1;1;2;48,6766890000;2,3394020000
202200046847;10;6;2022;17:10;1;37;1;1;1;6;47,2337793553;1,1087554693
202200046848;27;10;2022;15:50;1;59;1;1;1;7;50,2677860000;3,1713100000
202200046849;31;3;2022;11:03;1;92;2;1;1;6;48,9177319878;2,3085538298
202200046850;10;6;2022;18:20;1;52;1;1;1;7;48,5082740000;4,7957410000
202200046851;16;8;2022;02:20;3;91;1;1;1;5;48,6766890000;2,3394020000
202200046852;28;10;2022;12:00;1;59;1;1;1;2;50,6304962558;2,6576092892
202200046853;31;3;2022;14:45;1;92;2;1;8;6;48,9133470000;2,2489280000
202200046854;10;6;2022;19:00;1;88;2;1;1;5;48,3067050000;6,1338470000
202200046855;27;10;2022;15:45;1;59;1;3;1;3;50,5389855563;3,1272304058
202200046856;19;2;2022;20:35;3;27;1;1;1;5;49,0906400000;1,3689570000
202200046857;31;3;2022;12:50;1;92;2;1;2;2;48,9312974785;2,2669775784
202200046858;16;8;2022;00:05;3;95;1;1;1;1;49,0711240000;2,2226140000
202200046859;11;6;2022;10:15;1;68;1;1;1;3;47,9760190000;7,3735000000
202200046860;26;10;2022;23:46;3;13;2;1;1;2;43,4131640000;5,3646230000
202200046861;19;2;2022;18:00;1;986;1;1;1;7; -13,3326981716; -176,1922311907
202200046862;31;3;2022;13:30;1;92;2;1;2;3;48,8298100000;2,2515000000
202200046863;26;10;2022;19:09;3;83;1;1;1;2;43,1466820000;6,0320190000
202200046864;18;2;2022;21:05;5;976;2;1;1;3; -12,7932020000;45,2715090000
202200046865;30;3;2022;15:50;1;92;2;1;1;3;48,7803429492;2,3224676549
202200046866;19;2;2022;20:00;5;973;2;1;1;6;5,1696400000; -52,6471010000
202200046867;10;6;2022;15:20;1;91;1;1;1;3;48,5218170000;2,4365190000
202200046868;16;8;2022;18:50;1;94;1;1;3;2;48,8520234289;2,4897042795
202200046869;26;10;2022;13:35;1;67;1;1;1;4;48,5265680000;7,6948450000
202200046870;23;3;2022;14:45;1;39;1;3;1;3;46,6703780000;5,9390330000
202200046871;18;2;2022;08:15;2;2B;1;1;1;3;42,5451290000;9,5256830000
202200046872;27;10;2022;07:59;1;94;1;1;1;2;48,8080100000;2,3405800000
202200046873;30;3;2022;18:47;3;976;1;1;1;1; -12,7410910000;45,2125380000
202200046874;18;2;2022;11:52;1;34;1;1;1;1;43,5128920000;3,6606570000
202200046875;27;10;2022;14:10;1;92;1;1;1;3;48,9365075204;2,2908439699
202200046876;18;2;2022;15:50;1;83;2;1;1;3;43,4523970000;6,6931740000
202200046877;27;10;2022;07:30;3;95;1;1;1;6;48,9924457297;2,1879224256
202200046878;1;4;2022;19:05;1;11;1;1;1;5;43,2350260000;2,1017790000
202200046879;10;6;2022;16:40;1;62;1;1;1;2;50,6134230000;2,3206420000
202200046880;20;2;2022;15:50;1;13;1;1;1;1;43,2656750000;5,6619500000
202200046881;7;6;2022;19:00;1;13;2;1;1;6;43,5396980000;5,3090840000
202200046882;27;10;2022;07:15;3;93;1;1;1;2;48,9245100000;2,3410400000
202200046883;16;8;2022;08:05;1;77;1;1;1;2;48,9603954661;2,6201199832
202200046884;19;2;2022;13:00;1;13;2;1;1;6;43,4552900000;5,4655960000
202200046885;30;3;2022;12:00;1;40;2;5;1;1;43,6440870000; -1,4329990000
202200046886;27;10;2022;06:30;5;93;1;1;1;6;48,9370800000;2,4091100000
202200046887;11;6;2022;06:00;1;976;2;1;1;6; -12,7923210000;45,1234680000
202200046888;19;2;2022;19:00;3;71;1;1;1;1;46,3114670000;4,1854850000
202200046889;26;10;2022;12:00;1;972;1;1;1;6;14,6216200000; -61,0059500000
202200046890;31;3;2022;16:30;1;50;1;1;1;6;48,8825960000; -1,0990410000
202200046891;10;6;2022;16:20;1;971;1;9;1;3;16,2637060000; -61,6431610000
202200046892;30;3;2022;12:29;1;76;2;1;8;6;49,9267000000;1,0954000000
202200046893;12;2;2022;15:00;1;17;2;1;1;7;45,6411980000; -0,9682130000
202200046894;26;10;2022;17:40;2;18;2;9;1;-1;47,2257450000;2,0578060000
202200046895;10;6;2022;08:15;1;45;2;1;1;3;47,7612850000;2,5147750000
202200046896;21;3;2022;01:15;5;76;2;1;2;2;49,4217400000;1,1065100000
202200046897;10;6;2022;09:30;1;34;1;1;1;6;43,6582050000;3,9613440000
202200046898;26;10;2022;09:44;1;75;2;4;1;6;48,8300980000;2,3543440000
202200046899;9;6;2022;22:35;3;84;1;1;1;2;43,7331580000;5,3544620000
202200046900;14;8;2022;22:40;5;973;2;1;1;1;4,9349388881; -52,3120263219
202200046901;26;10;2022;01:00;5;75;2;5;2;3;48,8785370000;2,3540460000
202200046902;10;6;2022;19:15;1;83;2;1;7;6;43,2510870000;6,5356660000
202200046903;15;8;2022;22:30;5;69;2;2;1;3;45,7648700000;4,8343300000
202200046904;10;6;2022;17:03;1;71;1;1;1;7;46,9834690000;3,9963040000
202200046905;20;2;2022;17:45;1;22;1;3;1;7;48,3887300000; -2,0681170000
202200046906;26;10;2022;11:30;1;93;2;2;1;6;48,9291000000;2,3966900000
202200046907;14;8;2022;22:05;5;971;2;1;1;6;15,9879400000; -61,7253400000
202200046908;11;6;2022;15:45;1;68;1;1;1;4;48,0663900000;7,0985310000
202200046909;15;8;2022;17:25;1;95;2;1;1;2;49,0157020000;2,4698180000
202200046910;6;6;2022;17:20;1;67;1;1;1;6;48,4450290000;7,6871980000
202200046911;25;10;2022;17:00;1;972;2;3;1;1;14,5991620000; -61,0534660000
202200046912;11;6;2022;17:10;1;57;1;1;7;7;49,2643670000;6,1835750000
202200046913;15;8;2022;22:30;5;95;2;1;8;1;49,0398771119;2,0757347345
202200046914;25;10;2022;11:00;1;83;2;1;1;6;43,1198000000;5,8016200000
202200046915;18;2;2022;17:45;1;22;1;1;1;1;48,1687980000; -2,7399470000
202200046916;3;8;2022;08:00;1;85;2;6;7;3;46,5053400000; -1,7899700000
202200046917;25;10;2022;17:00;1;69;2;1;1;6;45,9832800000;4,7125400000
202200046918;10;6;2022;20:25;1;57;2;3;1;3;49,3089000000;6,1137090000
202200046919;11;6;2022;17:32;1;63;1;1;1;6;45,5566720000;2,8496430000
202200046920;20;2;2022;12:00;1;27;1;1;1;6;49,0797730000;1,1433350000
202200046921;17;10;2022;09:55;1;63;2;5;1;6;45,7586900000;3,1016500000
202200046922;11;6;2022;12:10;1;73;1;1;1;1;45,6960490000;6,7232040000
202200046923;14;8;2022;05:15;5;83;2;1;1;4;43,1176600000;6,1452700000
202200046924;2;8;2022;19:30;1;85;2;1;1;2;46,4929076000; -1,7610700000
202200046925;1;4;2022;02:16;3;41;1;1;8;1;47,6734210000;0,9742320000
202200046926;11;6;2022;06:50;1;38;2;1;1;1;45,5337020000;5,5861130000
202200046927;15;8;2022;18:55;1;74;2;1;1;2;46,1964300000;6,2592000000
202200046928;19;2;2022;18:55;5;60;2;1;2;6;49,2921730000;2,4443110000
202200046929;26;10;2022;20:06;5;974;1;3;1;3; -21,3159700000;55,4415700000
202200046930;7;6;2022;16:10;1;81;1;1;1;6;43,8558075000;1,9746577000
202200046931;11;6;2022;10:00;1;81;2;1;1;3;43,7715390000;1,9841690000
202200046932;18;2;2022;16:50;1;13;1;1;1;7;43,3551950000;5,3477390000
202200046933;31;3;2022;15:45;1;30;2;1;1;1;43,7981000000;4,4294000000
202200046934;26;10;2022;10:34;1;974;2;1;1;3; -20,8847400000;55,4660300000
202200046935;15;8;2022;23:25;5;69;2;5;1;3;45,7509680692;4,9078872800
202200046936;11;6;2022;14:45;1;65;2;1;1;2;42,8847030000; -0,0150900000
202200046937;18;2;2022;14:10;1;13;1;1;1;2;43,4889361839;5,2405790405
202200046938;16;8;2022;01:15;5;61;2;1;1;7;48,4254800000;0,0892900000
202200046939;31;3;2022;21:47;2;56;1;1;1;6;47,7706430000; -3,0782320000
202200046940;26;10;2022;18:25;3;973;2;1;1;1;4,9166100000; -52,3213400000
202200046941;11;6;2022;13:50;1;60;1;2;1;3;49,1824610000;2,2345380000
202200046942;31;3;2022;19:10;1;56;1;1;8;7;47,7640400000; -2,5867900000
202200046943;26;10;2022;08:40;1;973;2;1;1;3;4,9325000000; -52,3084300000
202200046944;19;2;2022;12:00;1;33;1;1;1;2;44,6855510000; -0,4911320000
202200046945;14;8;2022;21:40;5;59;2;1;1;1;50,6547209901;3,0736505985
202200046946;11;6;2022;19:00;1;59;2;1;1;1;50,2737946645;3,1032299995
202200046947;1;4;2022;08:15;1;77;2;3;4;3;48,3967560000;3,1473580000
202200046948;26;10;2022;12:18;1;972;1;1;1;5;14,6175400000; -60,9952000000
202200046949;19;2;2022;07:30;2;91;1;1;1;1;48,7126500000;2,2642400000
202200046950;10;6;2022;19:00;1;59;1;1;1;3;50,6780240000;2,3804160000
202200046951;26;10;2022;09:50;1;69;1;1;1;6;45,7678100000;4,8133700000
202200046952;1;4;2022;06:00;3;79;1;1;1;7;46,1878080000; -0,6747900000
202200046953;14;8;2022;15:15;1;59;2;1;1;3;50,5711545074;3,0658936501
202200046954;26;10;2022;12:00;1;971;2;3;1;6;16,2540400000; -61,5235800000
202200046955;19;2;2022;01:42;5;94;1;1;1;4;48,7551600000;2,3434200000
202200046956;15;8;2022;21:34;5;45;2;1;1;7;47,8899170000;1,8379050000
202200046957;30;3;2022;19:00;1;33;2;2;1;3;45,1785390000; -0,5030970000
202200046958;10;6;2022;07:57;1;33;1;1;1;3;44,7821400000; -0,5839630000
202200046959;22;10;2022;23:30;5;95;2;3;1;3;48,9563005097;2,3322156072
202200046960;18;2;2022;19:45;3;91;1;1;1;2;48,6698700000;2,3491700000
202200046961;15;8;2022;02:25;5;35;2;1;1;2;48,1177140000; -1,7133700000
202200046962;20;3;2022;20:00;3;32;1;1;6;1;43,5800490000;1,0439160000
202200046963;9;6;2022;13:55;1;59;1;1;1;6;50,6170046483;3,0491566658
202200046964;26;10;2022;17:20;1;95;2;1;1;2;48,9932532354;2,3234499948
202200046965;31;3;2022;15:40;1;71;1;1;8;7;46,4725290000;5,2839990000
202200046966;10;6;2022;16:55;1;91;1;1;1;3;48,6082000000;2,4364500000
202200046967;15;8;2022;09:46;1;30;2;1;1;6;44,1545000000;4,6130300000
202200046968;19;2;2022;01:05;5;92;1;1;1;5;48,8848344650;2,2604468583
202200046969;24;10;2022;20:50;5;95;2;1;1;1;48,9396700000;2,2304200000
202200046970;10;6;2022;17:35;1;78;1;1;1;3;48,8733110000;2,0251340000
202200046971;15;8;2022;02:30;3;16;2;1;1;6;45,6864790000; -0,3278100000
202200046972;31;3;2022;11:00;1;71;1;2;2;3;46,7401660000;4,7507500000
202200046973;18;2;2022;20:05;3;78;1;1;1;2;48,7778420000;2,2165350000
202200046974;10;6;2022;08:45;1;78;1;1;1;2;48,7987140000;1,9992140000
202200046975;1;4;2022;07:00;2;89;1;1;4;2;48,2851760000;3,3763730000
202200046976;10;6;2022;09:00;1;78;1;9;1;6;48,8398400000;2,0945900000
202200046977;31;3;2022;21:15;3;89;1;1;8;6;47,5040550000;3,8660720000
202200046978;26;10;2022;19:25;5;91;2;3;1;3;48,7382200000;2,3001400000
202200046979;18;2;2022;15:05;1;78;1;1;1;4;48,9638550000;1,9264640000
202200046980;10;6;2022;08:20;1;78;1;1;1;4;48,9294080000;1,9856250000
202200046981;30;3;2022;07:00;2;61;1;3;5;3;48,2652590000;0,7568660000
202200046982;24;10;2022;10:10;1;87;1;1;1;2;45,8930230000;1,2803460000
202200046983;10;6;2022;06:13;1;78;1;1;1;7;48,9091500000;2,0499970000
202200046984;19;2;2022;14:30;1;93;1;1;7;2;48,9058900000;2,3584000000
202200046985;9;6;2022;09:50;1;92;1;1;1;2;48,8339754444;2,1664687519
202200046986;7;10;2022;18:30;1;84;2;3;1;1;43,9291000000;4,8181000000
202200046987;1;4;2022;07:30;2;12;1;1;4;5;44,2374510000;2,8834820000
202200046988;19;2;2022;11:30;1;93;1;1;1;3;48,8994800000;2,4693900000
202200046989;9;6;2022;10:25;1;92;1;1;1;2;48,9379223213;2,2963421344
202200046990;26;10;2022;11:55;1;83;2;1;1;2;43,1137800000;5,9576400000
202200046991;31;3;2022;15:30;1;47;1;1;1;6;44,3380460000;0,3776870000
202200046992;18;2;2022;19:30;2;93;1;1;1;2;48,9137300000;2,4330900000
202200046993;9;6;2022;09:45;1;78;1;1;1;2;48,8883620000;2,0109660000
202200046994;24;10;2022;17:00;1;83;2;1;1;6;43,1150000000;6,1370000000
202200046995;19;2;2022;00:13;3;93;1;1;1;6;48,9616003594;2,5447726250
202200046996;1;4;2022;11:45;1;34;1;1;1;1;43,5854190000;3,0710010000
202200046997;9;6;2022;08:15;1;92;1;1;1;2;48,9171651259;2,2221217125
202200046998;25;10;2022;17:15;1;82;2;3;1;3;44,0411300000;1,4214300000
202200046999;18;2;2022;12:25;1;93;1;1;1;7;48,9257200000;2,4004200000
202200047000;30;3;2022;10:40;1;68;1;1;8;2;47,5904280000;7,5492380000
202200047001;10;6;2022;16:40;1;93;1;1;1;4;48,9258800000;2,3994500000
202200047002;26;10;2022;07:50;1;78;2;6;1;6;48,8942990000;2,0986570000
202200047003;1;4;2022;07:40;1;15;1;1;4;3;45,1017220000;2,9023000000
202200047004;18;2;2022;07:45;2;95;1;1;1;2;48,9825000000;2,2208900000
202200047005;26;10;2022;15:00;1;77;2;1;1;6;48,8837600000;2,6599000000
202200047006;10;6;2022;13:58;1;93;1;1;1;2;48,9121800000;2,4384900000
202200047007;18;2;2022;05:10;3;93;1;1;2;6;48,9281200000;2,4180100000
202200047008;30;3;2022;06:13;2;26;1;1;2;6;44,4341550000;5,2975770000
202200047009;26;10;2022;10:20;1;76;2;7;6;6;49,4437300000;1,0953300000
202200047010;18;2;2022;17:10;2;94;1;1;1;2;48,7543063896;2,3502602337
202200047011;30;3;2022;15:15;1;66;2;1;1;1;42,5546210000;2,2688860000
202200047012;25;10;2022;20:05;3;76;2;1;2;2;49,5326600000;0,1863500000
202200047013;10;6;2022;00:30;4;95;1;1;1;4;49,0261536164;2,5367474556
202200047014;25;10;2022;17:00;1;76;2;1;1;7;49,4875700000;0,2081100000
202200047015;26;10;2022;07:15;3;71;1;1;1;7;46,7775409494;4,4438049648
202200047016;25;10;2022;10:20;1;71;2;1;7;7;46,8115000000;4,4271600000
202200047017;1;4;2022;08:05;1;06;2;2;1;1;43,7384140000;7,4080570000
202200047018;26;10;2022;09:00;1;69;2;1;1;6;45,7671592791;4,8923975229
202200047019;26;10;2022;16:00;1;69;2;9;1;6;45,7495634544;4,9131638557
202200047020;18;2;2022;07:00;1;988;2;2;1;2; -22,2696800000;166,4415700000
202200047021;10;6;2022;19:15;1;94;1;1;1;2;48,7761089655;2,4141714752
202200047022;25;3;2022;16:05;1;06;2;3;1;1;43,6771580000;7,0172780000
202200047023;18;2;2022;06:00;1;974;1;1;1;7; -21,3108700000;55,4352500000
202200047024;22;10;2022;10:45;1;69;2;3;1;3;45,7217900000;4,9144600000
202200047025;1;4;2022;11:53;1;06;2;1;1;6;43,5400170000;6,9420640000
202200047026;25;10;2022;16:10;1;67;2;1;1;1;48,6093000000;7,7327200000
202200047027;18;2;2022;14:15;1;974;2;2;1;3; -20,8805600000;55,4574000000
202200047028;1;4;2022;15:40;1;06;1;1;1;1;43,6078200000;6,9341860000
202200047029;9;6;2022;12:00;1;82;2;1;1;6;44,0098100000;1,3748100000
202200047030;17;2;2022;07:35;1;973;2;3;3;3;4,9224500000; -52,3125700000
202200047031;25;10;2022;15:55;2;67;2;8;1;3;48,5726100000;7,7929500000
202200047032;1;4;2022;03:15;3;60;1;6;2;6;49,3241917214;2,6043959856
202200047033;19;2;2022;00:25;5;69;2;2;1;3;45,6970200000;4,8878000000
202200047034;21;10;2022;17:55;2;66;2;3;1;6;42,7117700000;2,8896500000
202200047035;18;2;2022;23:45;5;69;2;1;1;2;45,7304500000;4,8573500000
202200047036;26;10;2022;15:05;1;64;2;3;1;3;43,3755100000; -1,6776400000
202200047037;30;3;2022;17:50;1;73;1;3;1;5;45,4901660000;5,9971800000
202200047038;26;10;2022;13:55;1;64;2;1;1;2;43,3294690000; -0,4468560000
202200047039;25;10;2022;17:40;1;64;2;1;1;3;43,3213000000; -0,3791300000
202200047040;18;2;2022;07:20;1;972;2;1;2;3;14,6157862233; -61,0536485910
202200047041;1;4;2022;11:30;1;10;1;1;4;5;48,2744534037;3,8499784470
202200047042;26;10;2022;05:55;5;61;2;6;1;3;48,4344000000;0,0936700000
202200047043;15;3;2022;20:30;5;67;2;3;1;3;48,6337200000;7,7540790000
202200047044;19;2;2022;01:20;5;69;2;3;1;3;45,7588300000;4,8309300000
202200047045;31;3;2022;11:45;1;13;1;1;1;7;43,7245600000;4,9053960000
202200047046;25;10;2022;16:08;1;59;2;7;1;2;50,6317900000;3,0615400000
202200047047;18;2;2022;08:30;1;69;1;1;1;1;45,8267300000;4,8827900000
202200047048;26;10;2022;20:50;5;59;2;3;1;1;51,0410200000;2,3856500000
202200047049;18;2;2022;02:10;5;69;2;1;1;3;45,7521200000;4,8208900000
202200047050;25;10;2022;16:00;1;59;2;1;1;6;50,3814454864;3,0681172013
202200047051;18;2;2022;17:33;1;2A;2;1;1;6;41,9233600000;8,7376700000
202200047052;21;10;2022;17:45;1;59;2;1;1;6;50,6898100000;2,8790500000
202200047053;1;4;2022;14:50;1;38;1;1;4;2;45,6273340000;5,1710840000
202200047054;26;10;2022;13:00;1;51;2;2;1;3;49,2510055424;4,0407881141
202200047055;31;3;2022;00:20;5;973;1;1;2;7;5,0647973124; -52,5566196442