Accident_Id;jour;mois;an;hrmn;lum;dep;agg;int;atm;col;lat;long
202200047056;18;2;2022;16:50;1;91;1;1;8;4;48,6789020000;2,1911580000
202200047057;25;10;2022;22:04;5;50;2;1;1;6;49,1153570000; -1,0981020000
202200047058;26;3;2022;12:44;1;45;1;2;1;3;47,8113660000;2,3806880000
202200047059;18;2;2022;13:30;1;91;2;1;8;6;48,6851970000;2,1698490000
202200047060;31;3;2022;17:00;1;77;2;1;8;6;48,7899300000;2,9158940000
202200047061;17;2;2022;19:48;5;91;2;9;1;6;48,7003920000;2,2962700000
202200047062;24;10;2022;11:30;1;49;2;3;1;7;47,2428131648; -0,0774192810
202200047063;18;2;2022;12:10;1;91;2;1;8;6;48,6744100000;2,5341100000
202200047064;27;2;2022;10:45;1;77;2;3;1;3;48,8156560000;2,7927750000
202200047065;18;2;2022;11:55;1;91;2;1;2;6;48,7011240000;2,4657730000
202200047066;26;10;2022;11:20;1;49;2;2;1;3;47,0525500000; -0,8693500000
202200047067;23;10;2022;17:57;1;48;1;1;8;7;44,5284200000;3,4360800000
202200047068;18;2;2022;13:08;1;90;2;6;7;3;47,6240000000;6,8410000000
202200047069;26;3;2022;18:42;1;78;2;1;7;6;48,7941150000;1,6074910000
202200047070;16;2;2022;04:44;3;88;1;1;2;3;48,0220200000;6,6775200000
202200047071;26;10;2022;20:30;5;44;2;1;1;3;47,2086200000; -1,5871700000
202200047072;28;3;2022;14:15;1;21;2;3;7;1;47,2454627050;5,2284651252
202200047073;17;2;2022;14:45;1;85;2;6;2;3;46,4992760000; -1,7841670000
202200047074;1;4;2022;11:45;1;64;2;9;1;6;43,1925710000; -0,6100120000
202200047075;11;2;2022;16:15;1;30;2;1;1;3;43,9597800000;4,7457200000
202200047076;26;10;2022;15:17;1;42;2;1;1;6;46,0349168741;4,0736487847
202200047077;31;3;2022;17:05;1;22;1;1;4;1;48,4236300000; -2,5676140000
202200047078;17;2;2022;16:30;1;30;2;1;1;6;43,9563600000;4,7700300000
202200047079;25;10;2022;09:30;1;42;2;6;1;3;46,0533934364;4,0731779337
202200047080;31;3;2022;15:45;1;60;1;2;1;3;49,1878167408;2,2848032713
202200047081;1;4;2022;16:45;1;60;2;1;2;7;49,2219910000;2,1686950000
202200047082;26;10;2022;13:55;1;35;2;2;2;3;48,1004000000; -1,6499800000
202200047083;17;2;2022;15:10;1;83;2;1;1;6;43,0933829656;6,0246337652
202200047084;31;3;2022;14:30;1;13;1;1;1;2;43,3300074720;5,3949428873
202200047085;30;3;2022;18:32;1;13;1;1;8;2;43,3104800000;5,3670500000
202200047086;25;10;2022;23:15;3;35;1;1;1;1;48,3363817957; -1,1936017871
202200047087;31;3;2022;07:15;1;13;1;1;1;6;43,4036400000;5,3076000000
202200047088;26;10;2022;18:40;2;33;2;3;1;6;44,8596232633; -0,5548685789
202200047089;26;10;2022;22:30;5;33;2;1;1;6;44,6365000000; -1,1582700000
202200047090;31;3;2022;07:45;1;13;1;1;1;2;43,3828000000;5,3513000000
202200047091;11;5;2022;10:15;1;75;2;1;1;3;48,8812444540;2,2907365859
202200047092;30;3;2022;07:15;2;13;1;1;1;2;43,3517560873;5,3667940991
202200047093;26;10;2022;06:45;5;31;2;3;5;3;43,5750000000;1,4529600000
202200047094;30;3;2022;22:08;3;33;1;1;1;6;44,7702060000; -0,6626460000
202200047095;26;10;2022;08:35;2;29;1;6;2;2;47,9816900000; -4,0348800000
202200047096;11;5;2022;08:10;1;75;2;3;1;3;48,8906330000;2,3031290000
202200047097;31;3;2022;19:45;1;91;1;1;1;3;48,7130000000;2,3080000000
202200047098;26;10;2022;17:10;1;29;2;1;1;6;48,3972134790; -4,4753066610
202200047099;10;5;2022;16:40;1;75;2;1;1;6;48,8827184475;2,2868111730
202200047100;31;3;2022;09:14;1;91;1;1;1;2;48,6250200000;2,3210000000
202200047101;26;10;2022;15:50;1;26;2;2;1;3;44,9517300000;4,9029200000
202200047102;11;5;2022;14:25;1;75;2;2;1;3;48,8363170000;2,2563310000
202200047103;30;3;2022;14:10;1;78;1;1;8;2;48,7770460771;2,2243153906
202200047104;26;10;2022;21:00;5;25;2;2;1;6;47,2446700000;6,0218400000
202200047105;30;3;2022;07:55;2;78;1;1;2;2;48,9702290000;1,9080340000
202200047106;26;10;2022;17:50;1;18;2;3;1;3;47,1988400000;2,0862900000
202200047107;11;5;2022;20:30;2;75;2;2;1;3;48,8404070000;2,3042720000
202200047108;31;3;2022;17:20;1;95;1;1;1;2;49,0574200000;2,2076900000
202200047109;26;10;2022;21:08;5;17;2;2;1;3;46,1695300000; -1,1869800000
202200047110;11;5;2022;07:45;1;75;2;3;1;3;48,8234020000;2,3750210000
202200047111;31;3;2022;10:15;1;92;1;1;2;4;48,9294615368;2,3279731880
202200047112;25;10;2022;09:30;1;13;2;1;1;3;43,3949000000;5,1960200000
202200047113;31;3;2022;01:30;4;95;1;1;9;6;48,9954200000;2,5151100000
202200047114;10;5;2022;19:20;1;75;2;1;1;3;48,8395240000;2,3848170000
202200047115;26;10;2022;08:15;1;13;2;1;1;2;43,3333959942;5,3585129208
202200047116;26;10;2022;09:20;1;13;2;1;1;1;43,5310800000;5,4564900000
202200047117;11;5;2022;04:45;5;75;2;1;1;6;48,8571770000;2,3904560000
202200047118;30;3;2022;13:05;1;93;1;1;8;2;48,9684638479;2,4797080457
202200047119;26;10;2022;08:05;1;07;1;1;1;6;44,9096900000;4,8645000000
202200047120;30;3;2022;13:20;1;94;1;1;1;2;48,7757800000;2,4138700000
202200047121;11;5;2022;13:07;1;75;2;3;1;6;48,8801061509;2,3134716600
202200047122;20;10;2022;21:10;5;05;2;4;2;7;44,5594200000;6,0857100000
202200047123;29;3;2022;23:50;3;94;1;1;2;4;48,8173704442;2,4286139539
202200047124;25;10;2022;15:10;1;75;2;1;1;2;48,8413530000;2,4137880000
202200047125;11;5;2022;09:10;1;75;2;4;1;3;48,8728035792;2,3264984787
202200047126;25;10;2022;12:45;1;75;2;1;1;2;48,8318970000;2,2816900000
202200047127;30;3;2022;17:45;1;06;2;1;2;6;43,5481500000;6,9734500000
202200047128;10;5;2022;20:50;2;75;2;2;1;6;48,8599370000;2,3101750000
202200047129;25;10;2022;08:05;1;75;2;1;1;3;48,8777530000;2,2801840000
202200047130;29;3;2022;08:20;1;974;1;9;1;7; -20,9573000000;55,3095200000
202200047131;26;10;2022;17:25;2;75;2;1;1;2;48,8207980000;2,3766640000
202200047132;10;5;2022;12:15;1;75;2;2;1;3;48,8687042253;2,3331435926
202200047133;30;3;2022;12:30;1;973;2;2;1;3;4,9321040532; -52,2971789539
202200047134;26;10;2022;16:00;1;75;2;3;1;3;48,8881620000;2,3907120000
202200047135;11;5;2022;13:40;1;94;2;1;1;3;48,7910000000;2,3880000000
202200047136;30;3;2022;09:30;1;69;2;1;1;2;45,7753700000;4,8432000000
202200047137;26;10;2022;00:30;5;75;2;7;2;3;48,9001030000;2,3883440000
202200047138;30;3;2022;18:00;1;972;1;1;1;7;14,6252900000; -61,0184600000
202200047139;11;5;2022;18:30;1;94;2;1;1;6;48,8455400000;2,4224100000
202200047140;26;10;2022;17:30;1;75;2;5;1;3;48,8917210000;2,3487340000
202200047141;30;3;2022;18:55;3;972;2;1;1;6;14,6048900000; -61,0422200000
202200047142;11;5;2022;12:20;1;94;2;2;1;7;48,7392600000;2,4527300000
202200047143;26;10;2022;00:40;5;75;2;5;1;3;48,8930110000;2,3274390000
202200047144;26;3;2022;12:38;1;69;2;1;1;2;45,7334047870;4,8204660416
202200047145;25;10;2022;17:00;1;75;2;2;1;3;48,8497130000;2,2656060000
202200047146;11;5;2022;08:10;1;94;2;6;1;6;48,7939000000;2,4957100000
202200047147;30;3;2022;06:40;5;69;2;1;2;1;45,7928700000;4,8254100000
202200047148;25;10;2022;13:30;1;75;2;1;1;2;48,8276470000;2,3337300000
202200047149;11;5;2022;16:20;1;94;2;3;1;3;48,7689600000;2,3371900000
202200047150;29;3;2022;21:15;5;69;2;1;2;3;45,7757000000;4,7951000000
202200047151;26;10;2022;10:40;1;75;2;2;1;6;48,8497620000;2,3770130000
202200047152;11;5;2022;13:40;1;94;2;1;1;1;48,7614600000;2,3936200000
202200047153;31;3;2022;01:30;5;2A;2;1;2;6;41,9341200000;8,7451800000
202200047154;26;10;2022;08:05;1;75;2;2;1;3;48,8389040000;2,3761560000
202200047155;11;3;2022;19:30;5;95;2;1;1;6;48,9729850000;2,3486910000
202200047156;11;5;2022;12:03;1;94;2;9;7;7;48,7607100000;2,3190000000
202200047157;26;10;2022;09:40;1;75;2;2;1;3;48,8551130000;2,3871360000
202200047158;30;3;2022;01:05;5;91;2;1;1;7;48,6857330000;2,3572900000
202200047159;25;10;2022;17:00;1;75;2;7;1;7;48,8615120000;2,3345550000
202200047160;30;3;2022;18:05;1;90;2;1;1;1;47,6408230000;6,8370400000
202200047161;11;5;2022;18:00;1;94;2;2;1;3;48,7665474898;2,4050402640
202200047162;25;10;2022;16:00;1;94;2;1;1;3;48,7951700000;2,4545200000
202200047163;11;5;2022;16:20;1;94;2;1;1;6;48,7526300000;2,5035400000
202200047164;26;10;2022;02:50;3;93;1;1;8;6;48,9861600000;2,5206200000
202200047165;23;2;2022;11:05;1;89;2;2;1;3;48,2043300000;3,2718000000
202200047166;25;10;2022;10:15;1;93;2;7;1;6;48,8962240104;2,4605736903
202200047167;11;5;2022;19:27;1;93;2;3;1;3;48,9622900000;2,3797100000
202200047168;29;3;2022;18:20;1;87;2;3;1;6;45,8533123218;1,2594487667
202200047169;26;10;2022;00:15;5;93;2;1;2;6;48,9067461519;2,4598608494
202200047170;11;5;2022;18:40;1;93;2;3;1;3;48,9483500000;2,3794700000
202200047171;25;3;2022;15:24;1;87;2;1;1;2;45,8197600000;1,2493000000
202200047172;25;10;2022;12:35;1;93;2;2;1;4;48,9144600000;2,4325100000
202200047173;10;5;2022;09:45;1;93;2;1;1;3;48,9218250000;2,3458900000
202200047174;26;10;2022;11:50;1;92;2;1;1;6;48,8601976229;2,2134025991
202200047175;29;3;2022;22:10;5;86;2;9;1;6;46,6054250000;0,3358180000
202200047176;10;5;2022;08:00;1;93;2;1;1;3;48,9283983267;2,3412459344
202200047177;26;10;2022;15:15;1;92;2;1;1;2;48,8874200000;2,2348400000
202200047178;11;5;2022;20:12;1;93;2;2;1;6;48,9168532948;2,5204570591
202200047179;26;10;2022;09:10;1;92;2;1;1;6;48,8276680000;2,2823600000
202200047180;11;5;2022;20:40;2;93;2;1;7;6;48,8898191417;2,4628960491
202200047181;26;10;2022;20:30;5;92;2;1;1;2;48,8911000000;2,2576400000
202200047182;24;3;2022;13:50;1;83;2;7;1;6;43,5363890000;6,4609900000
202200047183;25;10;2022;18:10;1;92;2;1;1;2;48,9124681255;2,3032552600
202200047184;11;5;2022;14:50;1;93;2;1;1;5;48,8484100000;2,5526100000
202200047185;28;2;2022;16:30;1;83;1;9;1;3;43,5033000000;6,4303400000
202200047186;25;10;2022;23:30;5;92;2;3;2;3;48,7617800000;2,3083900000
202200047187;11;5;2022;17:10;1;93;2;1;1;6;48,8704095153;2,4467794597
202200047188;30;3;2022;21:50;5;81;2;2;1;3;43,9432000000;2,1500000000
202200047189;25;10;2022;19:50;5;92;2;2;1;3;48,7586360987;2,3069553673
202200047190;11;5;2022;16:15;1;93;2;1;1;6;48,8710863806;2,4703654647
202200047191;24;10;2022;12:33;1;22;1;1;8;6;48,4673720000; -2,0428820000
202200047192;30;3;2022;13:25;1;79;2;6;1;7;46,3177000000; -0,4934900000
202200047193;11;5;2022;16:25;1;93;2;1;1;3;48,9066430000;2,4562320000
202200047194;30;3;2022;16:50;1;77;2;1;1;6;48,2639365711;2,7119890000
202200047195;26;10;2022;16:15;1;12;1;3;1;7;44,3781760000;2,0421750000
202200047196;29;3;2022;22:05;5;76;2;1;1;7;49,4953400000;0,0961400000
202200047197;11;5;2022;16:40;1;92;2;2;1;3;48,8938826106;2,2019892633
202200047198;27;10;2022;17:20;1;01;2;3;1;1;45,9662790000;5,3479390000
202200047199;26;10;2022;21:40;3;973;2;1;1;7;3,6494810000; -54,0277630000
202200047200;29;3;2022;17:07;1;76;2;9;1;3;49,5067600000;0,1200500000
202200047201;11;5;2022;22:00;5;92;2;2;1;2;48,8119953698;2,3007453829
202200047202;26;10;2022;17:30;1;49;1;1;1;2;47,5502170000; -0,3887490000
202200047203;30;3;2022;21:00;5;76;2;1;1;6;49,8805500000;1,1299900000
202200047204;11;5;2022;18:30;1;92;2;9;1;3;48,8024847984;2,2804289237
202200047205;27;10;2022;11:00;1;68;1;2;1;1;47,7869000000;7,4331630000
202200047206;29;3;2022;20:10;1;72;2;6;1;3;48,0077600000;0,1984900000
202200047207;11;5;2022;16:45;1;92;2;3;1;3;48,8194900000;2,3140300000
202200047208;21;10;2022;07:15;3;54;1;9;2;1;49,4295308090;5,6861650938
202200047209;30;3;2022;06:20;5;67;2;3;2;3;48,5461900000;7,7655000000
202200047210;27;10;2022;20:30;5;83;2;1;1;6;43,1371640000;6,3680360000
202200047211;11;5;2022;18:45;1;92;2;1;1;3;48,7872239860;2,2325825393
202200047212;25;3;2022;16:30;1;67;2;3;1;6;48,5898000000;7,7672000000
202200047213;26;10;2022;15:53;1;51;1;1;1;1;49,1061290000;3,9873000000
202200047214;11;5;2022;11:20;1;92;2;1;1;7;48,8229741000;2,2764398754
202200047215;26;10;2022;08:50;2;19;1;1;7;6;45,5196690000;1,4446220000
202200047216;25;3;2022;10:30;1;67;2;1;1;6;48,5580100000;7,7478900000
202200047217;10;5;2022;20:40;1;92;2;1;1;6;48,9252851378;2,2973358929
202200047218;26;10;2022;01:20;3;56;1;1;1;6;47,8393020000; -3,1457380000
202200047219;30;3;2022;12:20;1;64;2;1;2;4;43,3188500000; -0,3641400000
202200047220;27;10;2022;14:37;1;2B;1;1;1;7;42,5879440000;8,8281480000
202200047221;11;5;2022;08:05;1;92;2;3;1;3;48,8041900000;2,2580100000
202200047222;28;2;2022;17:45;1;64;2;2;1;3;43,2989400000; -0,3630700000
202200047223;11;5;2022;19:00;1;92;2;1;1;7;48,8280480837;2,2507731871
202200047224;26;10;2022;15:15;1;80;2;2;1;3;50,0388400000;2,2313140000
202200047225;30;3;2022;06:40;5;64;2;1;2;7;43,5056500000; -1,4633700000
202200047226;11;5;2022;16:40;1;54;1;2;1;3;48,5479570039;6,3008522982
202200047227;25;3;2022;12:35;1;59;2;1;1;3;50,6067600000;3,1556300000
202200047228;27;10;2022;15:30;1;89;2;1;1;5;48,0426220000;3,3255830000
202200047229;8;5;2022;14:05;1;22;1;2;1;5;48,6099020000; -3,0112440000
202200047230;26;10;2022;22:15;4;89;2;1;1;6;48,0460250000;3,3205930000
202200047231;12;5;2022;13:00;1;49;1;1;1;1;47,1378040000; -0,8160780000
202200047232;14;3;2022;17:10;1;58;2;1;1;6;46,9822300000;3,1282200000
202200047233;27;10;2022;12:30;1;63;1;1;1;6;45,6113810000;3,1261040000
202200047234;17;3;2022;17:07;1;56;2;1;1;3;47,6541100000; -2,7577800000
202200047235;23;8;2022;07:45;1;68;2;3;1;3;47,5506990000;7,3162450000
202200047236;12;5;2022;07:50;1;59;2;1;1;5;50,5430850000;2,9680840000
202200047237;27;10;2022;10:30;1;22;1;1;1;7;48,6902950000; -3,4008590000
202200047238;28;3;2022;19:10;1;56;2;1;1;3;47,6658800000; -2,7672100000
202200047239;10;5;2022;11:50;1;59;2;1;1;2;50,9655265058;2,4321681261
202200047240;27;10;2022;02:35;5;25;1;6;1;6;47,2771140000;5,9934120000
202200047241;25;3;2022;20:35;3;54;1;1;1;1;49,5490700000;5,7728390000
202200047242;12;5;2022;17:20;1;62;2;2;1;6;50,3808280000;2,3383670000
202200047243;26;10;2022;20:10;5;29;2;1;1;1;48,5321160000; -4,3676340000
202200047244;30;3;2022;09:55;1;51;2;1;8;3;49,0427400000;3,9623000000
202200047245;24;10;2022;12:10;1;38;1;1;3;3;45,4995190000;5,4603660000
202200047246;11;5;2022;17:40;1;74;2;3;1;1;46,3339510000;6,3905240000
202200047247;26;10;2022;18:30;1;02;1;1;1;1;49,4292730000;3,2535410000
202200047248;25;3;2022;15:00;1;50;2;1;1;2;49,6335300000; -1,6173800000
202200047249;24;1;2022;17:00;1;35;2;7;1;3;48,2611240000; -1,6061280000
202200047250;27;10;2022;15:00;1;84;1;1;1;1;44,0744720927;5,0881885936
202200047251;29;3;2022;23:20;4;49;2;1;1;3;47,4698800000; -0,5483100000
202200047252;11;5;2022;19:00;2;89;1;1;1;7;48,2020880000;3,3690930000
202200047253;26;10;2022;18:00;2;03;2;4;1;3;46,3003680000;3,2728210000
202200047254;11;5;2022;21:40;2;95;1;1;1;6;49,1161510000;2,4296090000
202200047255;29;3;2022;19:07;1;49;2;2;1;3;47,4594000000; -0,5602600000
202200047256;27;10;2022;18:05;1;01;1;2;1;1;46,1185684235;5,2973628044
202200047257;11;5;2022;12:20;1;51;2;1;1;7;48,7247820000;3,7187480000
202200047258;30;3;2022;20:25;5;41;2;2;1;3;47,6022300000;1,3485500000
202200047259;11;5;2022;06:45;2;19;1;1;1;6;45,5172435182;1,4165604115
202200047260;27;10;2022;03:25;3;85;1;1;1;6;46,8773750000; -1,2869100000
202200047261;29;3;2022;16:08;1;38;2;1;1;6;45,1635400000;5,7210700000
202200047262;25;10;2022;19:50;5;66;2;2;1;7;42,6158810000;2,4202160000
202200047263;8;1;2022;15:10;1;36;1;1;3;6;46,8521100000;1,7007700000
202200047264;11;5;2022;17:17;1;56;2;1;1;1;47,8763250000; -3,0127220000
202200047265;22;10;2022;21:20;5;66;2;3;1;3;42,5626580000;2,8282610000
202200047266;30;3;2022;11:49;1;35;2;3;8;3;48,1000100000; -1,6273500000
202200047267;26;10;2022;18:30;2;54;1;1;1;7;48,4680700170;6,4433097841
202200047268;30;3;2022;11:40;1;35;2;1;8;6;48,0892086362; -1,6823378205
202200047269;7;5;2022;18:30;1;56;2;1;1;5;47,6815300000; -2,4309920000
202200047270;11;5;2022;18:30;1;65;1;1;1;7;43,0916130000;0,3905510000
202200047271;28;3;2022;13:50;1;34;2;2;1;3;43,3380100000;3,2161100000
202200047272;27;10;2022;11:10;1;64;2;1;1;6;43,2237070000; -0,8863040000
202200047273;11;5;2022;16:50;1;11;2;1;1;6;42,8042330000;2,2348690000
202200047274;30;3;2022;16:40;1;33;2;3;1;3;44,7894300000; -0,6626900000
202200047275;27;10;2022;07:40;3;16;1;1;2;1;45,7759490000; -0,0513480000
202200047276;12;5;2022;18:15;1;71;2;2;2;3;46,9549790000;4,3107390000
202200047277;23;10;2022;19:10;2;85;1;1;1;6;46,7847955672; -1,7387144633
202200047278;30;3;2022;19:35;1;31;2;9;1;3;43,6079400000;1,3950600000
202200047279;12;5;2022;17:15;1;61;1;1;1;1;48,7588760000; -0,2351010000
202200047280;30;3;2022;12:45;1;31;2;1;2;2;43,1157000000;0,7077100000
202200047281;26;10;2022;14:25;1;27;2;6;1;6;49,3634920000;0,8154590000
202200047282;12;5;2022;10:30;1;46;1;2;1;3;44,9742750000;1,5457730000
202200047283;30;3;2022;00:25;5;25;2;1;1;2;47,2448500000;6,0180800000
202200047284;30;3;2022;05:25;4;22;2;1;1;6;48,5007700000; -2,8131300000
202200047285;11;5;2022;15:55;1;44;1;2;1;3;47,5840960000; -1,3066860000
202200047286;29;3;2022;20:25;5;13;2;1;1;2;43,2877000000;5,3661700000
202200047287;12;5;2022;07:55;1;29;1;2;1;3;48,0631967287; -4,5299963949
202200047288;29;3;2022;07:45;1;11;2;1;1;6;43,2141900000;2,3530600000
202200047289;29;3;2022;17:00;1;10;2;1;1;6;48,2990686688;4,0731704235
202200047290;11;5;2022;09:30;1;31;2;2;1;1;43,1103320000;0,8667500000
202200047291;26;3;2022;11:38;1;07;2;1;1;1;44,6199700000;4,3792090000
202200047292;11;5;2022;18:50;1;31;2;2;1;3;43,2554150000;1,1196630000
202200047293;30;3;2022;14:30;1;75;2;1;1;3;48,9008870000;2,3629740000
202200047294;11;5;2022;14:20;1;38;2;6;1;2;45,6255860000;5,5391910000
202200047295;12;5;2022;00:13;3;02;1;1;1;7;49,7013220000;4,1260850000
202200047296;30;3;2022;21:20;5;75;2;2;2;6;48,8591460000;2,4021230000
202200047297;11;5;2022;15:15;1;02;1;1;1;1;49,5853980000;3,1666370000
202200047298;30;3;2022;22:30;5;75;2;3;2;3;48,8858070000;2,3706320000
202200047299;11;5;2022;18:55;1;01;1;1;7;6;46,2464690000;5,4244570000
202200047300;30;3;2022;09:40;1;75;2;7;2;6;48,8806151237;2,2856826625
202200047301;28;4;2022;08:58;1;45;1;3;1;3;47,9919018627;1,7225577235
202200047302;30;3;2022;08:35;1;75;2;1;2;7;48,8887520000;2,3199790000
202200047303;30;3;2022;03:55;5;75;2;1;1;6;48,8753150000;2,2598400000
202200047304;8;5;2022;19:00;1;18;1;1;1;2;46,7414010000;2,3271170000
202200047305;29;3;2022;13:30;1;75;2;7;2;3;48,8603757545;2,2912305205
202200047306;11;5;2022;16:10;1;30;1;1;1;3;43,7079810000;4,1939850000
202200047307;24;2;2022;21:40;5;75;2;3;1;3;48,8749280000;2,2710990000
202200047308;11;5;2022;20:00;1;30;1;1;1;6;44,0624000000;3,6841000000
202200047309;30;3;2022;21:20;5;75;2;1;1;6;48,8340650000;2,2845020000
202200047310;11;5;2022;18:00;1;01;1;1;1;4;45,8327680000;5,0287610000
202200047311;26;2;2022;16:20;1;75;2;1;1;3;48,8588240000;2,3314980000
202200047312;12;5;2022;13:05;1;07;1;1;1;1;44,8296560000;4,6608550000
202200047313;30;3;2022;17:55;1;75;2;2;2;3;48,8309872164;2,3481582900
202200047314;10;5;2022;08:00;1;37;1;1;1;6;47,4354180000;1,1188670000
202200047315;30;3;2022;15:55;1;75;2;5;1;3;48,8261384866;2,3600617309
202200047316;11;5;2022;13:00;1;84;2;1;1;3;43,7659760000;5,3624520000
202200047317;30;3;2022;20:35;5;75;2;2;1;6;48,8582580000;2,3898840000
202200047318;11;5;2022;18:30;1;84;2;2;1;3;43,9572170000;4,8586230000
202200047319;30;3;2022;10:50;1;75;2;5;3;2;48,8804976094;2,3523030089
202200047320;12;5;2022;18:45;1;06;1;1;1;6;43,9096330000;7,1871030000
202200047321;30;3;2022;02:40;5;75;2;2;1;3;48,8731368492;2,3267415433
202200047322;30;3;2022;19:20;1;75;2;3;2;2;48,8582414533;2,3433726644
202200047323;11;5;2022;14:45;1;69;1;1;1;6;45,7173466953;4,5915287733
202200047324;10;5;2022;18:00;1;69;2;1;7;6;45,7472610000;4,7304400000
202200047325;30;3;2022;14:45;1;75;2;7;8;6;48,8673818953;2,3633198561
202200047326;10;5;2022;22:30;5;33;2;1;1;6;44,8971290000; -0,3179650000
202200047327;30;3;2022;08:00;1;75;2;2;2;3;48,8674326368;2,3261888238
202200047328;11;5;2022;19:15;1;33;1;1;1;6;44,8150730803;0,0033272803
202200047329;30;3;2022;06:30;5;94;2;1;2;6;48,7863000000;2,4074900000
202200047330;7;5;2022;18:10;1;14;1;2;1;3;48,9412288486; -0,0442671776
202200047331;30;3;2022;08:50;1;94;2;9;2;6;48,8467300000;2,4968300000
202200047332;11;5;2022;15:25;1;27;2;1;1;3;49,0104720000;1,3974310000
202200047333;12;5;2022;08:30;1;60;2;3;1;6;49,2894150000;2,1977540000
202200047334;12;5;2022;08:35;1;02;1;1;1;1;49,0145330000;3,2121280000
202200047335;12;5;2022;13:28;1;59;2;1;1;3;50,5419320000;3,2222840000
202200047336;8;5;2022;16:29;1;13;1;1;1;4;43,3299700000;5,3923500000
202200047337;11;5;2022;05:10;2;59;1;1;1;6;50,6670092330;3,0292482374
202200047338;10;5;2022;22:45;3;59;1;1;1;5;50,5736300000;3,0808900000
202200047339;11;5;2022;13:45;1;92;1;1;1;2;48,7631900662;2,3106335018
202200047340;11;5;2022;14:38;1;91;1;9;1;5;48,6950000000;2,3180000000
202200047341;11;5;2022;09:17;1;94;1;1;1;2;48,7862265368;2,3463836127
202200047342;8;5;2022;19:40;1;94;1;1;1;4;48,7577800000;2,3276800000
202200047343;11;5;2022;14:50;1;92;1;1;1;2;48,9185377249;2,2233682794
202200047344;10;5;2022;19:05;1;92;1;1;1;3;48,8865314176;2,1657412201
202200047345;10;5;2022;18:40;1;78;1;1;1;5;48,7879480000;2,1436540000
202200047346;11;5;2022;18:00;1;93;1;1;1;3;48,8669887319;2,4131193599
202200047347;11;5;2022;17:50;1;77;1;9;1;2;48,8617215031;2,6676135287
202200047348;11;5;2022;17:10;1;93;1;1;1;2;48,8358000000;2,5613000000
202200047349;10;5;2022;19:15;5;974;2;3;1;6; -20,9644200000;55,6524300000
202200047350;9;5;2022;16:30;1;974;1;1;1;7; -20,9382980000;55,2934250000
202200047351;9;5;2022;11:15;1;973;2;1;1;3;4,9321200000; -52,3180400000
202200047352;10;5;2022;09:10;1;69;1;1;1;3;45,6634700000;4,8436200000
202200047353;10;5;2022;07:20;1;69;2;1;1;3;45,6890800000;4,8495400000
202200047354;10;5;2022;08:10;1;69;2;2;1;6;45,7716800000;4,8467600000
202200047355;10;5;2022;17:05;1;972;2;3;1;3;14,6046300000; -61,0786400000
202200047356;11;5;2022;00:05;5;69;2;3;1;7;45,7795200000;4,8345800000
202200047357;10;5;2022;21:00;5;69;2;1;1;6;45,7479060682;4,8249694705
202200047358;10;5;2022;21:25;5;69;2;3;1;6;45,7891802806;4,8126474023
202200047359;10;5;2022;14:40;1;69;2;1;1;3;45,7795500000;4,8248500000
202200047360;10;5;2022;14:30;1;2A;2;1;1;4;41,9525771865;8,7853375375
202200047361;10;5;2022;07:25;1;95;2;2;1;1;49,0309210000;2,4595390000
202200047362;10;5;2022;10:00;1;95;2;1;1;6;48,9671085995;2,2844320536
202200047363;8;4;2022;18:40;1;91;2;1;3;3;48,6407800000;2,2684000000
202200047364;10;5;2022;18:10;1;91;1;1;7;3;48,6846000000;2,1902000000
202200047365;10;5;2022;15:20;1;91;2;1;1;6;48,7127000000;2,3791800000
202200047366;9;5;2022;20:30;1;91;2;1;1;3;48,7053420000;2,3426700000
202200047367;9;5;2022;22:28;5;87;2;3;1;6;45,8390700000;1,2611500000
202200047368;9;5;2022;16:42;1;87;2;1;1;3;45,8203600000;1,2375700000
202200047369;25;4;2022;13:35;1;84;2;1;1;3;43,9098400000;4,9076300000
202200047370;9;5;2022;10:16;1;83;2;1;1;1;43,0953641665;6,1278389767
202200047371;9;5;2022;16:58;1;82;2;2;1;3;44,0447800000;1,1040700000
202200047372;10;5;2022;17:35;1;78;2;1;1;3;48,8993840000;2,0920860000
202200047373;10;5;2022;17:55;1;78;2;1;1;6;48,9238520000;2,0288220000
202200047374;6;5;2022;12:30;1;76;2;1;1;6;49,4439000000;1,0962500000
202200047375;20;4;2022;16:06;1;76;2;2;1;2;49,4255400000;1,1057700000
202200047376;9;5;2022;17:26;1;76;2;1;1;6;49,9262100000;1,0986600000
202200047377;4;5;2022;14:50;1;76;2;3;1;3;49,9304900000;1,0821300000
202200047378;10;5;2022;07:10;1;74;2;6;1;3;46,1904200000;6,2510500000
202200047379;10;5;2022;06:25;2;73;1;1;1;4;45,5757500000;5,9263000000
202200047380;9;5;2022;17:00;1;71;2;9;1;2;46,3022000000;4,8098500000
202200047381;10;5;2022;18:50;1;69;2;2;1;1;45,7551400000;4,8994600000
202200047382;10;5;2022;11:35;1;69;2;3;1;6;45,7719529796;4,9108482895
202200047383;9;5;2022;14:55;1;69;2;2;1;3;45,7350000000;4,9116500000
202200047384;10;5;2022;08:20;1;67;2;1;1;3;48,5885300000;7,6980900000