Accident_Id;jour;mois;an;hrmn;lum;dep;agg;int;atm;col;lat;long
202200047385;9;5;2022;18:15;1;67;2;1;1;3;48,5463635999;7,7703756094
202200047386;8;5;2022;22:00;5;67;2;3;1;3;48,6066291427;7,7361130714
202200047387;7;5;2022;11:40;1;67;2;1;1;7;48,5766500000;7,7264700000
202200047388;9;5;2022;18:06;1;66;1;1;1;5;42,7238700000;2,8765700000
202200047389;10;5;2022;18:24;1;64;2;1;1;7;43,2988490000; -0,3708860000
202200047390;10;5;2022;15:45;1;64;2;1;1;3;43,4476200000; -1,5752200000
202200047391;10;5;2022;17:25;1;64;2;1;1;2;43,4814800000; -1,5104100000
202200047392;7;5;2022;19:45;1;63;1;1;1;6;45,9389000000;3,0771000000
202200047393;7;5;2022;19:15;1;63;1;1;1;3;45,9250000000;3,0395000000
202200047394;9;5;2022;19:50;1;63;2;1;1;2;45,8059800000;3,1202300000
202200047395;9;5;2022;17:26;1;63;2;2;1;3;45,7629100000;3,0813400000
202200047396;16;4;2022;02:45;3;62;1;1;1;6;50,4975600000;2,5568200000
202200047397;9;5;2022;14:45;1;59;2;9;1;6;50,2025244892;3,8486695290
202200047398;9;5;2022;11:23;1;59;2;2;1;2;50,6355400000;3,0766400000
202200047399;6;5;2022;16:30;1;56;2;1;1;6;47,6609780000; -2,7810780000
202200047400;10;5;2022;08:00;1;54;2;1;1;4;48,6943479504;6,2147828937
202200047401;9;5;2022;18:10;1;54;2;1;1;2;48,6826267418;6,2156774104
202200047402;9;5;2022;17:22;1;54;2;1;1;3;48,6878145247;6,1654302478
202200047403;10;5;2022;06:50;1;51;2;1;1;3;49,2568797188;4,0196496248
202200047404;7;5;2022;17:30;1;50;2;1;1;3;49,6399500000; -1,6184000000
202200047405;10;5;2022;08:04;1;49;2;2;1;3;47,4737800000; -0,5384500000
202200047406;9;5;2022;22:09;5;49;2;1;1;6;47,4608000000; -0,5326100000
202200047407;9;5;2022;16:25;1;49;2;2;1;6;47,4757400000; -0,5939100000
202200047408;9;5;2022;09:06;1;49;2;1;1;3;47,4617207737; -0,5481469631
202200047409;27;4;2022;02:00;5;44;2;6;1;6;47,2944000000; -2,1974400000
202200047410;9;5;2022;11:40;1;43;2;1;1;3;45,0451666471;3,8799923658
202200047411;10;5;2022;22:08;5;42;2;2;1;3;46,0457500000;4,0702500000
202200047412;10;5;2022;17:15;1;38;2;1;1;3;45,1869800000;5,7741300000
202200047413;10;5;2022;19:05;1;37;2;9;7;6;47,4270600000;0,7010700000
202200047414;9;5;2022;17:15;1;37;2;1;1;6;47,4160500000;0,6915500000
202200047415;9;5;2022;09:20;1;37;2;1;1;2;47,4234100000;0,6986000000
202200047416;10;5;2022;20:00;1;35;2;2;1;3;48,1004536911; -1,7068595812
202200047417;10;5;2022;17:55;1;35;2;1;1;2;48,0905511375; -1,6822372377
202200047418;10;5;2022;14:00;1;35;2;1;1;2;48,1331328815; -1,7033314705
202200047419;9;5;2022;20:15;1;34;2;2;1;1;43,5788700000;3,8744700000
202200047420;2;5;2022;22:15;5;33;2;6;1;2;44,7784400000; -0,5707700000
202200047421;6;5;2022;09:55;1;33;2;1;1;6;44,8644943747; -0,5195405334
202200047422;15;4;2022;12:04;1;33;2;1;1;2;44,8806500000; -0,5730000000
202200047423;11;4;2022;06:40;2;33;2;6;1;3;44,8606000000; -0,6125000000
202200047424;10;5;2022;00:00;3;33;2;1;1;7;44,6519200000; -1,1558600000
202200047425;10;5;2022;10:12;1;32;2;1;1;7;43,6329200000;0,5880100000
202200047426;9;5;2022;21:50;5;31;2;1;1;3;43,1143800000;0,7088600000
202200047427;10;5;2022;14:30;1;29;1;1;1;6;48,0172770000; -4,0005370000
202200047428;20;4;2022;14:45;1;29;2;1;1;6;48,3899531800; -4,5023733970
202200047429;10;5;2022;16:20;1;28;2;6;1;3;48,7196100000;1,3483300000
202200047430;10;5;2022;14:30;1;27;1;1;1;2;49,2540600000;1,1773200000
202200047431;10;5;2022;08:20;1;26;2;6;1;3;44,9658700000;4,8839800000
202200047432;10;5;2022;07:50;1;25;2;1;1;3;46,9139220000;6,3461620000
202200047433;28;4;2022;13:00;1;25;2;1;1;3;46,9204100000;6,3438210000
202200047434;9;5;2022;19:50;2;25;2;3;7;3;47,5128500000;6,8035800000
202200047435;10;5;2022;17:15;1;25;2;1;1;1;47,5049300000;6,7990600000
202200047436;9;5;2022;17:10;1;25;2;8;1;3;47,2494990000;6,0413950000
202200047437;7;5;2022;21:48;1;22;1;9;1;2;48,4757200000; -2,7696300000
202200047438;29;4;2022;08:25;1;22;1;2;1;3;48,4560800000; -2,8011200000
202200047439;10;1;2022;14:00;1;56;2;2;8;6;47,9000200000; -2,1155230000
202200047440;11;1;2022;07:47;5;79;2;1;9;6;46,4898610000; -0,0585040000
202200047441;10;1;2022;19:00;5;79;2;3;2;3;46,9846040000; -0,4592690000
202200047442;10;1;2022;07:50;2;2B;2;9;9;3;42,3061250000;9,1555230000
202200047443;10;1;2022;13:47;1;19;1;1;8;6;45,1540760000;1,3734360000
202200047444;11;1;2022;18:30;2;80;2;1;9;1;49,8173090000;2,7991190000
202200047445;10;1;2022;18:15;3;61;1;1;1;6;48,7535360000;0,3594960000
202200047446;8;1;2022;16:52;1;47;2;2;3;6;44,3910620000;0,3075150000
202200047447;11;1;2022;15:15;1;03;1;1;1;3;46,4446290000;2,5137450000
202200047448;10;1;2022;20:45;3;15;1;1;1;1;45,0009770000;3,0250600000
202200047449;11;1;2022;17:45;3;01;1;1;1;5;46,2225852676;5,3345221281
202200047450;10;1;2022;17:55;5;70;2;1;1;3;47,5117710000;6,3398030000
202200047451;11;1;2022;17:30;5;50;2;3;2;1;49,0988240000; -1,2441690000
202200047452;10;1;2022;07:00;3;60;1;1;5;7;49,2107990000;2,3316660000
202200047453;11;1;2022;09:40;1;85;1;1;9;6;46,5796900000; -1,1949620000
202200047454;10;1;2022;06:40;3;88;1;1;8;6;48,2414240000;6,4462280000
202200047455;10;1;2022;15:50;1;53;1;1;2;1;48,3136122174; -1,0509969957
202200047456;9;1;2022;12:57;1;78;1;1;4;4;48,5343100000;1,8670400000
202200047457;10;1;2022;23:20;3;77;1;1;1;6;48,9205220000;2,7951570000
202200047458;10;1;2022;15:08;1;13;1;6;1;3;43,4327280000;5,3961270000
202200047459;11;1;2022;09:45;1;10;1;1;1;6;48,5671982255;4,1216111183
202200047460;10;1;2022;17:05;2;73;1;6;1;3;45,6011288578;5,8764997803
202200047461;10;1;2022;19:05;5;69;1;3;1;5;45,7334490000;4,6766220000
202200047462;11;1;2022;06:35;2;33;2;6;8;6;44,9021980000; -0,5066370000
202200047463;10;1;2022;18:00;3;29;1;1;2;1;48,2174390000; -4,2952900000
202200047464;9;1;2022;11:59;1;59;2;6;9;3;50,4794930000;3,1045820000
202200047465;10;1;2022;08:55;1;83;1;1;1;4;43,1208968619;5,8388711214
202200047466;10;1;2022;22:00;3;69;1;1;1;2;45,7386300000;4,9044800000
202200047467;10;1;2022;16:36;1;33;1;1;2;6;44,8849200000; -0,5123200000
202200047468;9;1;2022;01:45;5;59;1;1;9;6;50,6438000000;2,9706900000
202200047469;7;1;2022;13:45;1;59;1;1;2;7;50,6568941782;2,9042395949
202200047470;9;1;2022;22:50;5;91;2;1;2;3;48,7193500000;2,2988300000
202200047471;9;1;2022;08:45;1;78;1;1;2;6;48,9390480000;1,9558150000
202200047472;10;1;2022;09:10;1;95;1;1;5;7;49,0728300000;2,2273300000
202200047473;10;1;2022;10:30;1;95;1;1;5;6;49,0430255022;2,0781111717
202200047474;10;1;2022;00:30;3;92;1;1;9;2;48,9384432213;2,2966712184
202200047475;10;1;2022;10:15;1;94;1;1;1;2;48,7733691177;2,4005139364
202200047476;9;1;2022;02:40;3;94;1;1;2;6;48,8354458972;2,5387118132
202200047477;3;1;2022;14:01;1;988;2;1;2;6; -22,2492900000;166,4515500000
202200047478;9;1;2022;10:15;1;69;2;9;1;3;45,7501100000;4,8404400000
202200047479;7;1;2022;14:30;1;69;2;1;2;5;45,7845200000;4,8464900000
202200047480;9;1;2022;14:55;1;91;2;2;8;3;48,6760140000;2,3161410000
202200047481;9;1;2022;13:05;1;91;1;1;3;5;48,6200000000;2,2500000000
202200047482;9;1;2022;19:15;3;91;1;1;8;2;48,7148800000;2,4424600000
202200047483;9;1;2022;04:20;5;91;2;1;2;6;48,7007100000;2,4216500000
202200047484;9;1;2022;07:10;5;91;2;1;3;7;48,6491900000;2,3807800000
202200047485;9;1;2022;15:50;1;77;2;4;2;3;48,8774020000;2,7206810000
202200047486;8;1;2022;15:55;1;76;2;1;3;2;49,7527000000;0,3917500000
202200047487;9;1;2022;06:45;5;71;2;2;2;3;46,7963344903;4,4292846322
202200047488;9;1;2022;19:25;5;69;2;1;3;3;45,7619116670;4,9200154842
202200047489;5;1;2022;10:40;1;59;2;2;1;6;50,6468198042;2,9587313533
202200047490;10;1;2022;00:45;3;53;1;1;2;7;48,0835500000; -0,8017100000
202200047491;9;1;2022;03:10;5;45;2;2;2;2;47,9113200000;1,8671900000
202200047492;9;1;2022;14:55;1;35;2;1;2;3;48,0951400000; -1,6965500000
202200047493;9;1;2022;14:55;1;35;2;3;8;3;48,1102346359; -1,6623339057
202200047494;9;1;2022;23:00;5;28;2;9;9;6;48,4227607161;1,4689064040
202200047495;9;1;2022;21:40;5;27;2;1;2;2;49,0309100000;1,1562200000
202200047496;9;1;2022;18:50;5;27;2;1;2;2;49,0192700000;1,1522300000
202200047497;9;1;2022;18:45;5;13;2;1;1;2;43,2500000000;5,3900000000
202200047498;9;1;2022;08:15;2;13;2;3;1;3;43,2922000000;5,3630600000
202200047499;3;1;2022;06:00;5;13;2;2;1;3;43,2897600000;5,3661000000
202200047500;8;1;2022;04:50;5;75;2;1;1;7;48,8650280000;2,4129040000
202200047501;9;1;2022;14:55;1;75;2;1;1;6;48,8908400000;2,3385150000
202200047502;9;1;2022;02:35;5;75;2;1;2;1;48,8913260000;2,3508740000
202200047503;9;1;2022;16:00;1;75;2;1;8;6;48,8486740000;2,2827130000
202200047504;8;1;2022;20:35;5;75;2;2;2;3;48,8367600000;2,3207400000
202200047505;9;1;2022;20:10;5;75;2;3;1;3;48,8323930000;2,3649070000
202200047506;9;1;2022;18:45;5;75;2;5;1;6;48,8628330000;2,3871060000
202200047507;9;1;2022;22:10;5;75;2;4;1;6;48,8751630000;2,3163870000
202200047508;9;1;2022;20:25;5;94;2;4;2;7;48,8173390000;2,4193260000
202200047509;8;1;2022;19:15;5;94;2;3;3;3;48,7274940000;2,5360110000
202200047510;9;1;2022;14:10;1;93;2;1;2;2;48,9366500000;2,5146300000
202200047511;9;1;2022;22:15;5;92;2;6;3;6;48,9349410000;2,3256860000
202200047512;9;1;2022;20:30;5;37;1;2;2;3;47,5938169497;0,9019598365
202200047513;10;1;2022;13:15;1;76;2;9;1;6;49,8759400000;1,2382870000
202200047514;10;1;2022;06:45;4;21;1;1;9;2;47,6384730000;5,1801820000
202200047515;10;1;2022;05:10;3;57;2;1;5;6;48,9456130000;6,9612120000
202200047516;10;1;2022;10:38;1;71;1;1;1;2;46,4477671209;4,8717237127
202200047517;2;1;2022;02:50;3;972;2;1;1;6;14,6126650000; -60,9055530000
202200047518;9;1;2022;18:55;5;972;2;1;1;6;14,4665080000; -60,9280840000
202200047519;4;1;2022;17:30;3;68;1;4;2;3;47,7950030000;7,3811740000
202200047520;10;1;2022;10:14;1;30;2;1;1;3;44,0462880000;4,7729640000
202200047521;9;1;2022;14:43;1;62;2;1;1;1;50,6539960000;1,7015620000
202200047522;7;1;2022;08:40;1;56;1;3;1;3;47,7812200000; -2,7734260000
202200047523;10;1;2022;08:00;1;77;1;1;1;1;48,6987220000;3,2715170000
202200047524;8;1;2022;18:15;3;76;1;1;3;5;49,8494330000;1,0712740000
202200047525;9;1;2022;18:10;3;33;1;1;2;2;45,0872690000; -0,4082140000
202200047526;10;1;2022;10:45;1;63;1;1;1;5;45,8015500000;3,3112840000
202200047527;9;1;2022;19:25;3;68;1;1;1;6;47,8529680000;7,5074060000
202200047528;7;1;2022;15:35;1;22;1;3;2;1;48,4971140000; -3,3716230000
202200047529;9;1;2022;14:10;1;39;1;1;2;6;46,7018770000;5,5682740000
202200047530;9;1;2022;14:30;1;66;2;1;4;6;42,5051160000;2,0444820000
202200047531;10;1;2022;15:30;1;72;2;9;1;6;48,1867600000;0,6615000000
202200047532;9;1;2022;23:00;3;14;1;1;2;7;49,2221670000;0,2145950000
202200047533;9;1;2022;15:00;1;45;2;1;4;1;48,0489560000;2,7430060000
202200047534;9;1;2022;16:50;2;43;1;1;1;6;45,0862300000;3,7528000000
202200047535;9;1;2022;18:31;3;21;1;1;2;1;47,0068252343;5,1294915675
202200047536;7;1;2022;11:05;1;40;2;2;2;3;43,8508350000; -1,3799560000
202200047537;9;1;2022;13:15;1;85;1;1;8;7;46,7968790000; -0,8230580000
202200047538;9;1;2022;08:55;1;68;1;1;2;6;47,8185150000;7,3930260000
202200047539;9;1;2022;18:45;5;978;1;1;1;1;18,0994370000; -63,0552580000
202200047540;9;1;2022;17:45;1;978;1;9;1;3;18,0992630000; -63,0621890000
202200047541;9;1;2022;16:10;1;976;1;1;1;5; -12,9152260000;45,0821830000
202200047542;10;1;2022;13:30;1;45;1;1;1;7;47,8838680000;1,7453460000
202200047543;10;1;2022;15:20;1;2B;2;1;1;1;42,5267680000;9,4410700000
202200047544;9;1;2022;19:45;3;34;2;1;2;1;43,3174820000;3,1376800000
202200047545;6;1;2022;21:00;3;83;1;1;1;1;43,1701070000;5,7188240000
202200047546;5;1;2022;22:27;5;21;1;1;1;6;47,2389409922;5,2128803729
202200047547;6;1;2022;08:27;1;73;1;1;1;3;45,6392398992;5,8923764080
202200047548;10;1;2022;06:10;3;60;1;1;5;1;49,6559347029;2,8747272486
202200047549;9;1;2022;16:30;1;13;1;1;1;6;43,3325362971;5,3856288663
202200047550;8;1;2022;07:15;3;91;1;1;1;2;48,7425910000;2,3220920000
202200047551;9;1;2022;16:00;1;92;1;1;8;6;48,9354217595;2,2605830961
202200047552;9;1;2022;01:45;5;92;1;1;3;4;48,8892486093;2,2466463337
202200047553;9;1;2022;02:04;3;92;1;1;2;6;48,9335373784;2,2742431993
202200047554;9;1;2022;18:10;3;95;1;1;2;6;48,9908391977;2,1935212612
202200047555;9;1;2022;14:50;1;95;1;1;1;6;49,0350920209;2,0984745026
202200047556;9;1;2022;14:20;1;93;1;1;8;6;48,9508885757;2,4745512892
202200047557;9;1;2022;09:00;1;92;1;1;2;6;48,9384432213;2,2966712184
202200047558;9;1;2022;06:20;3;92;1;1;3;6;48,9378886633;2,2976672190
202200047559;9;1;2022;04:40;3;93;1;1;2;2;48,9421443682;2,4781664745
202200047560;8;1;2022;22:45;3;93;1;1;2;6;48,9685100000;2,5654100000
202200047561;9;1;2022;00:15;3;93;1;1;8;6;48,9282600000;2,4032100000
202200047562;8;1;2022;21:05;3;95;1;1;3;2;48,9633942434;2,2643744946
202200047563;8;1;2022;13:00;1;93;1;1;2;6;48,8887500000;2,4727500000
202200047564;9;1;2022;02:55;5;94;1;1;2;7;48,7676700000;2,3786300000
202200047565;8;1;2022;23:50;3;94;1;9;2;6;48,8343891811;2,4932068928
202200047566;8;1;2022;18:42;5;94;2;2;2;6;48,8097800000;2,4526400000
202200047567;8;1;2022;14:10;1;974;1;1;2;7; -21,2943500000;55,4886900000
202200047568;8;1;2022;11:30;1;974;1;1;1;2; -21,3297200000;55,4539000000
202200047569;8;1;2022;20:00;3;974;2;1;3;6; -20,9001700000;55,4638200000
202200047570;7;1;2022;11:45;1;974;2;1;1;4; -20,8726370000;55,4487760000
202200047571;8;1;2022;13:25;1;972;1;2;1;3;14,6256000000; -60,9793100000
202200047572;6;1;2022;07:00;2;971;2;2;1;3;15,9962627992; -61,7307977378
202200047573;9;1;2022;01:45;5;2A;2;1;2;6;41,9164000000;8,7315000000
202200047574;8;1;2022;12:20;1;95;2;2;3;3;48,9755400000;2,3080300000
202200047575;9;1;2022;01:42;5;91;2;2;2;3;48,6715600000;2,5336900000
202200047576;8;1;2022;09:20;1;91;2;9;1;3;48,4291500000;2,1468800000
202200047577;8;1;2022;15:40;1;83;2;1;1;3;43,1075770000;5,9896770000
202200047578;7;1;2022;16:30;1;81;2;1;2;5;44,0351100000;2,1572600000
202200047579;7;1;2022;18:30;5;78;2;6;2;6;48,9786870000;1,9137550000
202200047580;8;1;2022;18:20;5;77;2;3;2;1;48,4239000000;2,7394000000
202200047581;8;1;2022;11:20;1;76;2;1;2;6;49,4182900000;1,1178900000
202200047582;7;1;2022;11:30;1;74;2;1;1;6;46,1917400000;6,2506100000
202200047583;8;1;2022;09:00;1;71;2;1;9;6;46,6779408547;4,3641905246
202200047584;8;1;2022;11:30;1;71;2;1;2;2;46,8129700000;4,4865700000
202200047585;8;1;2022;18:20;2;69;2;6;2;6;45,7726700000;4,8657900000
202200047586;8;1;2022;10:25;1;69;2;1;2;2;45,9854300000;4,7303700000
202200047587;8;1;2022;21:29;5;65;2;6;2;3;43,2409400000;0,0737000000
202200047588;8;1;2022;12:44;1;45;2;2;2;3;47,9986100000;2,7098800000
202200047589;4;1;2022;17:25;2;42;2;2;1;3;45,5270837314;4,6129353481
202200047590;8;1;2022;18:35;5;42;2;1;1;6;46,0279600000;4,0890700000
202200047591;8;1;2022;18:20;5;37;2;2;3;6;47,3942397024;0,6847394630
202200047592;8;1;2022;16:25;1;35;2;1;2;2;48,1226126300; -1,7088907957
202200047593;8;1;2022;17:10;2;35;2;6;2;3;48,3526100000; -1,1859700000
202200047594;8;1;2022;13:25;1;33;2;1;8;2;44,8583000000; -0,5379000000
202200047595;7;1;2022;23:50;3;33;1;9;2;6;44,6171540000; -1,1144400000
202200047596;8;1;2022;18:00;5;25;2;1;2;6;47,2186200000;6,0179900000
202200047597;7;1;2022;18:40;5;16;2;1;2;6;45,6857810627; -0,3517998755
202200047598;8;1;2022;16:00;1;13;2;1;1;2;43,3044879556;5,3765196744
202200047599;8;1;2022;08:00;1;13;2;1;1;6;43,2919800000;5,3936900000
202200047600;8;1;2022;01:50;5;13;2;3;1;3;43,2933385026;5,4552878260
202200047601;8;1;2022;01:50;3;13;1;1;1;5;43,6282023652;5,0178462266
202200047602;4;1;2022;14:00;1;13;2;1;1;3;43,1780812262;5,5947521114
202200047603;8;1;2022;08:50;1;06;2;6;7;3;43,6452660000;6,9402660000
202200047604;8;1;2022;20:00;5;01;2;2;2;6;46,2018600000;5,2210100000
202200047605;7;1;2022;23:36;3;75;2;2;1;2;48,8501690000;2,3481250000
202200047606;8;1;2022;20:15;5;75;2;2;1;3;48,8530310000;2,3971830000
202200047607;8;1;2022;19:40;5;75;2;3;2;6;48,8877770000;2,3730190000
202200047608;7;1;2022;21:50;5;75;2;3;2;6;48,8755200000;2,2790770000
202200047609;8;1;2022;18:40;5;75;2;2;3;6;48,8493080000;2,2816470000
202200047610;7;1;2022;19:10;5;75;2;4;2;7;48,8457610000;2,3096070000
202200047611;7;1;2022;08:20;2;75;2;1;2;6;48,8436550000;2,3122920000
202200047612;8;1;2022;12:14;1;75;2;1;2;2;48,8387550000;2,3201570000
202200047613;7;1;2022;06:30;5;75;2;2;1;6;48,8302670000;2,3340570000
202200047614;7;1;2022;23:00;5;75;2;4;2;6;48,8732890000;2,3587440000
202200047615;8;1;2022;23:35;5;75;2;2;1;3;48,8684380000;2,3012000000
202200047616;8;1;2022;19:15;5;75;2;1;2;3;48,8573140000;2,3277170000
202200047617;8;1;2022;11:32;1;75;2;1;2;3;48,8600970000;2,3404410000
202200047618;7;1;2022;23:00;5;94;2;1;2;3;48,8003600000;2,4966200000
202200047619;8;1;2022;11:35;1;94;2;1;2;1;48,8219500000;2,3989400000
202200047620;8;1;2022;06:50;3;95;1;1;1;2;48,9989720000;2,5221980000
202200047621;8;1;2022;17:40;5;93;2;1;3;6;48,9606118907;2,3587830300
202200047622;7;1;2022;22:39;5;93;2;1;8;6;48,9504700000;2,3425600000
202200047623;8;1;2022;16:15;1;93;2;1;2;4;48,9050441048;2,5441315770
202200047624;8;1;2022;21:00;5;93;2;1;2;6;48,9118636653;2,4911659956
202200047625;8;1;2022;19:30;5;93;2;3;3;6;48,9097097592;2,4673975776
202200047626;7;1;2022;08:45;1;93;2;1;2;6;48,9066100000;2,4507680000
202200047627;8;1;2022;21:00;5;93;2;3;2;3;48,9308171373;2,4905458176
202200047628;8;1;2022;15:45;1;93;2;1;2;2;48,9153166664;2,3701933219
202200047629;8;1;2022;16:10;1;92;2;1;2;1;48,9111630000;2,2364460000
202200047630;8;1;2022;07:25;3;54;1;1;2;7;48,7648349396;6,4315938958
202200047631;8;1;2022;19:45;3;84;1;1;1;6;43,9656930000;5,0092830000
202200047632;7;1;2022;15:50;1;31;1;3;1;3;43,6438240000;1,6128230000
202200047633;22;9;2022;07:35;2;51;2;2;1;1;49,2628600000;4,0570600000
202200047634;21;9;2022;11:49;1;49;2;2;1;3;47,4541800000; -0,5679700000
202200047635;22;9;2022;17:05;1;47;2;2;1;6;44,1954000000;0,6171000000
202200047636;22;9;2022;16:05;1;44;2;6;1;2;47,2210000000; -1,6024500000
202200047637;21;9;2022;08:07;1;43;2;6;1;7;45,0501000000;3,9037400000
202200047638;21;9;2022;08:44;1;42;2;4;7;6;46,0398200000;4,0525290000
202200047639;22;9;2022;11:30;1;38;2;1;1;6;45,1808600000;5,7414000000
202200047640;22;9;2022;19:05;2;33;2;2;7;3;44,8559300000; -0,6267400000
202200047641;22;9;2022;11:15;1;33;2;2;1;3;44,8401700000; -0,5809600000
202200047642;22;9;2022;09:00;1;33;2;6;1;3;44,8048100000; -0,6104800000
202200047643;22;9;2022;09:12;1;33;2;2;7;3;44,8316100000; -0,5588000000
202200047644;22;9;2022;08:25;1;33;2;1;1;3;44,7739400000; -0,5989900000
202200047645;21;9;2022;16:15;1;33;2;1;1;4;44,7979568453; -0,5689314008
202200047646;22;9;2022;22:08;5;31;2;9;1;3;43,5669600000;1,4584100000
202200047647;22;9;2022;07:50;1;31;1;1;1;2;43,6136370000;1,4837010000
202200047648;22;9;2022;07:15;2;31;2;1;1;6;43,6479100000;1,4253320000
202200047649;21;9;2022;07:15;1;31;2;1;1;1;43,6479100000;1,4221700000
202200047650;22;9;2022;18:05;1;28;2;2;1;3;48,4416200000;1,4861240000
202200047651;22;9;2022;15:10;1;27;2;1;1;6;49,0906040345;1,4719340801
202200047652;22;9;2022;16:10;1;27;2;1;1;1;49,0103200000;1,1666600000
202200047653;22;9;2022;08:10;1;27;2;1;1;1;49,0542600000;1,1770600000
202200047654;21;9;2022;17:25;1;26;2;6;1;3;44,8960000000;4,9160000000
202200047655;21;9;2022;06:06;5;17;1;1;1;7;46,1742000000; -1,1120000000
202200047656;21;9;2022;18:33;1;17;2;1;1;3;46,1749500000; -1,1148500000
202200047657;12;9;2022;17:30;1;16;1;1;1;1;45,6731750000;0,2022650000
202200047658;22;9;2022;15:20;1;14;2;1;1;7;49,3484513591;0,0497657061
202200047659;22;9;2022;19:00;1;13;2;1;1;2;43,2724580904;5,4210500592
202200047660;22;9;2022;17:30;1;13;2;1;1;1;43,3325304661;5,3989101887
202200047661;22;9;2022;08:30;1;13;2;1;1;3;43,3022594127;5,3663353622
202200047662;21;9;2022;19:30;2;13;2;3;1;3;43,3018900000;5,3671700000
202200047663;21;9;2022;20:55;5;13;2;6;1;1;43,2869900000;5,5138100000
202200047664;22;9;2022;13:18;1;13;2;6;1;3;43,5389400000;5,4534100000
202200047665;22;9;2022;07:15;2;13;2;2;1;2;43,5237500000;5,4371300000
202200047666;18;9;2022;19:00;1;12;2;1;1;7;44,5241600000;2,2880700000
202200047667;22;9;2022;18:45;2;75;2;1;1;5;48,9005010000;2,3248890000
202200047668;21;9;2022;08:55;1;75;2;4;1;6;48,8685280000;2,4132110000
202200047669;21;9;2022;02:05;5;75;2;4;1;6;48,8752800000;2,4103760000
202200047670;22;9;2022;00:26;5;75;2;4;1;6;48,8647580000;2,4120800000
202200047671;22;9;2022;19:50;2;75;2;1;1;3;48,8799040000;2,3704230000
202200047672;22;9;2022;13:20;1;75;2;3;1;3;48,8832450000;2,3810850000
202200047673;22;9;2022;09:00;1;75;2;1;1;3;48,8902110000;2,3196780000
202200047674;22;9;2022;08:50;1;75;2;4;1;7;48,8804990000;2,3094580000
202200047675;22;9;2022;17:45;1;75;2;2;1;7;48,8465270000;2,2854160000
202200047676;22;9;2022;20:00;5;75;2;2;1;3;48,8230490000;2,3254900000
202200047677;22;9;2022;17:02;1;75;2;1;1;6;48,8243180000;2,3721010000
202200047678;22;9;2022;10:30;1;75;2;2;1;5;48,8765180000;2,3558590000
202200047679;22;9;2022;17:30;1;75;2;2;1;3;48,8628270000;2,3134600000
202200047680;21;9;2022;22:40;5;75;2;3;1;6;48,8625551000;2,3092520000
202200047681;22;9;2022;18:05;1;75;2;2;1;3;48,8616940000;2,3412260000
202200047682;21;9;2022;14:55;1;94;2;1;1;3;48,8075900000;2,3629500000
202200047683;22;9;2022;18:35;1;94;2;1;1;2;48,7525700000;2,3763100000
202200047684;2;12;2022;05:15;3;62;1;1;1;5;50,3465360000;2,7850030000
202200047685;22;9;2022;13:15;1;94;2;3;1;6;48,7671472868;2,3929749218
202200047686;1;12;2022;09:00;1;13;1;1;1;3;43,3130915342;5,3679352998
202200047687;1;12;2022;10:45;1;13;1;1;1;7;43,4018800000;5,2969500000
202200047688;22;9;2022;12:05;1;94;2;1;1;3;48,7525360000;2,3723640000
202200047689;1;12;2022;09:00;1;13;1;1;1;4;43,2103891427;5,5833935738
202200047690;22;9;2022;13:10;1;93;2;2;1;3;48,9589400000;2,3821200000
202200047691;30;11;2022;18:15;5;69;1;1;1;6;45,6947500000;4,8261300000
202200047692;30;11;2022;18:30;3;67;1;1;1;2;48,5869870000;7,7145310000
202200047693;1;12;2022;19:20;5;33;2;1;1;7;44,8840370000; -0,5587220000
202200047694;22;9;2022;11:30;1;93;2;1;1;2;48,9164774091;2,3253995235
202200047695;1;12;2022;17:40;3;91;1;1;1;3;48,6332900000;2,2228300000
202200047696;1;12;2022;07:45;2;94;1;1;1;3;48,7734212580;2,3459057506
202200047697;21;9;2022;17:08;1;93;2;3;1;3;48,8728500207;2,4865263871
202200047698;1;12;2022;07:45;4;94;1;1;1;2;48,7545800000;2,3329500000
202200047699;1;12;2022;17:50;3;78;1;1;1;3;48,7955000000;2,0462800000
202200047700;22;9;2022;09:27;1;93;2;1;1;6;48,8627814176;2,5404509982
202200047701;1;12;2022;17:45;4;92;1;1;1;4;48,9407403854;2,2929114253
202200047702;22;9;2022;17:00;1;93;2;1;1;7;48,8682500000;2,4340500000
202200047703;22;9;2022;09:15;1;93;2;1;1;6;48,9360000000;2,5851200000
202200047704;1;12;2022;13:55;1;93;1;1;1;3;48,8833346075;2,4918794632
202200047705;1;12;2022;09:30;1;93;1;1;1;2;48,9215357961;2,3685407639
202200047706;30;11;2022;18:40;3;93;1;1;1;4;48,9027800000;2,4673300000
202200047707;21;9;2022;19:30;1;93;2;1;1;3;48,9540060000;2,3137120000
202200047708;27;11;2022;20:00;3;95;1;1;1;2;48,9781700000;2,4556500000
202200047709;22;9;2022;07:55;2;93;2;2;1;6;48,9243765467;2,3835966788
202200047710;30;11;2022;10:00;1;95;1;1;1;2;49,0071131215;2,1624451876
202200047711;22;9;2022;18:12;1;93;2;7;1;6;48,9126674395;2,4360452506
202200047712;1;12;2022;18:25;5;94;1;1;2;4;48,7733811508;2,4011395508
202200047713;1;12;2022;00:35;3;94;1;1;1;6;48,7518280000;2,5138070000
202200047714;22;9;2022;18:10;1;92;2;1;1;2;48,8536100000;2,1966600000
202200047715;29;11;2022;12:03;1;75;2;3;8;6;48,8473450000;2,3867850000