Accident_Id;jour;mois;an;hrmn;lum;dep;agg;int;atm;col;lat;long
202200048046;7;6;2022;14:11;1;66;2;3;1;3;42,6953400000;2,9022500000
202200048047;20;9;2022;20:27;5;63;2;1;1;6;45,7650500000;3,1232400000
202200048048;17;2;2022;17:40;1;06;2;2;1;3;43,6838160000;7,1875600000
202200048049;13;6;2022;18:15;1;35;2;3;1;6;48,0931512930; -1,7040463686
202200048050;15;8;2022;20:00;1;62;2;1;1;3;50,2758630000;2,2962900000
202200048051;25;11;2022;04:10;3;13;1;1;1;2;43,3745800000;5,3195700000
202200048052;7;6;2022;11:11;1;66;2;1;1;1;42,6696300000;2,8980700000
202200048053;6;7;2022;21:15;1;34;2;8;1;6;43,5910400000;3,8908300000
202200048054;17;9;2022;16:20;1;75;2;3;1;3;48,8670310000;2,3529480000
202200048055;18;2;2022;08:40;1;75;2;1;2;3;48,8421970000;2,3599210000
202200048056;8;6;2022;16:30;1;64;2;1;3;1;43,4839000000; -1,4767200000
202200048057;15;8;2022;17:45;1;56;1;1;1;6;47,8792830000; -2,5048400000
202200048058;30;11;2022;12:50;1;33;1;1;1;2;44,8382290000; -0,5009750000
202200048059;6;7;2022;20:30;1;34;2;2;1;1;43,6152190000;3,8789190000
202200048060;18;2;2022;09:30;1;75;2;2;2;3;48,8962460000;2,3222250000
202200048061;27;5;2022;11:10;1;94;2;3;1;3;48,7274169888;2,5310249627
202200048062;29;11;2022;08:02;1;33;1;1;1;2;44,8799600000; -0,5371900000
202200048063;8;6;2022;11:00;1;63;2;1;1;2;45,7741900000;3,0636700000
202200048064;16;8;2022;16:45;1;74;1;1;1;5;45,8094180000;6,2316510000
202200048065;29;11;2022;10:23;1;59;1;1;5;6;50,3990761600;3,1108152866
202200048066;15;8;2022;23:32;3;82;1;1;1;6;43,9410460000;1,1322140000
202200048067;8;6;2022;13:30;1;59;2;4;2;6;50,7360430000;3,1733500000
202200048068;17;2;2022;10:45;1;75;2;1;1;5;48,9007010000;2,3344520000
202200048069;30;11;2022;16:50;1;91;1;1;1;7;48,7325800000;2,3154300000
202200048070;21;9;2022;17:10;1;974;2;3;1;1; -21,3413200000;55,4816100000
202200048071;10;7;2022;06:30;2;33;2;3;1;3;44,8315133664; -0,5586585402
202200048072;14;2;2022;17:35;2;75;2;1;2;6;48,8432036986;2,2694519162
202200048073;30;11;2022;10:50;1;91;1;1;1;7;48,6227400000;2,4218400000
202200048074;16;8;2022;16:15;1;61;1;1;1;1;48,6262930000;0,7304350000
202200048075;9;6;2022;09:00;1;59;2;1;1;3;50,6487960756;3,1784364581
202200048076;8;7;2022;21:20;1;33;2;1;1;6;44,8007700000; -0,6704600000
202200048077;21;9;2022;09:00;1;974;2;1;1;2; -21,3125900000;55,4744200000
202200048078;9;6;2022;07:00;1;59;2;1;1;6;50,6300799582;3,0647295713
202200048079;18;2;2022;10:30;1;75;2;2;2;3;48,8501800000;2,2849090000
202200048080;30;11;2022;07:45;3;92;1;1;1;2;48,7615359103;2,2503557508
202200048081;21;9;2022;09:50;1;974;2;1;1;6; -21,3300000000;55,4731000000
202200048082;7;7;2022;18:10;1;33;2;2;1;6;44,8265600000; -0,5911700000
202200048083;8;6;2022;19:45;1;59;2;1;1;6;50,6566889937;2,9569745064
202200048084;16;8;2022;11:34;1;61;2;2;1;3;48,7190840000; -0,2665040000
202200048085;18;2;2022;09:20;1;75;2;1;1;3;48,8462020000;2,2918450000
202200048086;30;11;2022;08:10;1;91;1;1;1;2;48,6748600000;2,1935900000
202200048087;6;7;2022;18:20;1;33;2;2;1;3;44,8482136869; -0,5709242821
202200048088;10;9;2022;01:15;3;973;2;2;1;3;4,9395783713; -52,3340405524
202200048089;15;8;2022;14:30;1;42;2;3;1;6;46,0036650000;4,2807250000
202200048090;29;11;2022;09:25;1;78;1;1;1;3;48,8399260000;2,1167560000
202200048091;8;6;2022;13:25;1;59;2;1;2;3;50,5895000000;3,0510000000
202200048092;18;2;2022;13:45;1;75;2;2;8;3;48,8278270000;2,3303420000
202200048093;6;7;2022;13:35;1;33;2;1;1;6;44,8741500000; -0,5736900000
202200048094;21;9;2022;18:00;1;69;2;3;1;2;45,7342300000;4,8763400000
202200048095;30;11;2022;19:00;3;93;1;1;1;2;48,8656415092;2,4185431419
202200048096;14;8;2022;23:35;3;34;1;1;1;7;43,5637410000;3,1765080000
202200048097;18;2;2022;14:20;1;75;2;2;2;6;48,8375520000;2,3229510000
202200048098;6;7;2022;09:40;1;33;2;2;1;3;44,8544205766; -0,6579566002
202200048099;21;9;2022;09:15;1;69;2;1;1;2;45,7295900000;4,8436300000
202200048100;30;11;2022;16:45;2;94;1;9;1;2;48,8172046066;2,4285178250
202200048101;9;6;2022;14:55;1;57;1;1;1;6;49,1156000000;6,1973900000
202200048102;18;2;2022;10:35;1;75;2;2;2;3;48,8226523164;2,3226562142
202200048103;15;8;2022;19:45;1;68;1;1;1;6;48,0184920000;7,3420860000
202200048104;8;6;2022;17:00;1;56;2;1;1;1;47,7278400000; -3,3808700000
202200048105;21;9;2022;05:00;5;69;2;3;1;6;45,7499400000;4,8605100000
202200048106;10;9;2022;11:00;1;81;1;1;1;3;43,9615832095;2,1776694059
202200048107;18;2;2022;10:50;1;75;2;1;2;3;48,8470490000;2,3841500000
202200048108;6;7;2022;07:30;1;33;2;1;1;3;44,8561000000; -0,6543500000
202200048109;15;8;2022;06:30;1;25;1;2;2;3;47,1444670000;5,8899810000
202200048110;21;9;2022;01:20;5;69;2;1;1;6;45,7487700000;4,8344000000
202200048111;9;6;2022;15:05;1;54;2;1;1;2;48,6676729835;6,1899751425
202200048112;17;9;2022;17:00;1;95;2;1;1;1;49,0838158133;1,8957504630
202200048113;16;8;2022;08:40;1;31;2;1;1;6;43,3137790000;1,5389700000
202200048114;9;6;2022;12:13;1;54;2;9;1;3;49,1652100000;5,8368200000
202200048115;17;2;2022;11:15;1;75;2;3;1;3;48,8292780000;2,3903650000
202200048116;15;8;2022;17:00;1;31;1;1;1;7;43,4006820000;1,4855580000
202200048117;5;7;2022;06:30;1;33;2;4;1;3;44,8438711604; -0,6735523045
202200048118;25;2;2022;20:30;4;974;2;4;1;6; -21,2829610000;55,4375640000
202200048119;10;8;2022;18:10;1;38;2;9;1;6;45,0028240000;5,7959640000
202200048120;21;9;2022;14:40;1;972;1;1;1;4;14,6114800000; -61,0005700000
202200048121;6;6;2022;09:55;1;49;2;6;1;3;47,2600800000; -0,0899700000
202200048122;18;2;2022;09:10;1;75;2;1;1;2;48,8701100000;2,3546980000
202200048123;13;9;2022;03:10;5;59;1;6;1;6;50,7120132554;3,2011520863
202200048124;4;6;2022;08:20;1;49;2;1;1;2;47,2479000000; -0,0921000000
202200048125;21;9;2022;13:25;1;972;2;1;1;3;14,6104770000; -61,0477430000
202200048126;16;8;2022;10:00;1;58;1;1;1;1;47,3894520000;3,6483190000
202200048127;18;2;2022;22:15;5;75;2;3;1;3;48,8752970000;2,3158010000
202200048128;7;7;2022;15:50;1;33;1;1;1;6;44,5688000000; -1,2269000000
202200048129;5;6;2022;10:35;1;49;2;1;1;6;47,2507000000; -0,0888100000
202200048130;15;8;2022;13:15;1;58;1;1;2;6;47,4626610000;3,2936610000
202200048131;20;9;2022;19:05;5;972;2;1;1;6;14,6227700000; -61,0607200000
202200048132;1;9;2022;16:50;1;64;2;3;1;3;43,4988800000; -1,5277400000
202200048133;17;2;2022;12:00;1;75;2;7;1;3;48,8668270000;2,3221070000
202200048134;8;7;2022;19:45;1;32;1;1;1;1;43,6357800000;0,6068000000
202200048135;21;9;2022;20:35;5;69;2;1;1;6;45,7856700000;4,7651700000
202200048136;3;6;2022;16:50;1;49;2;1;1;1;47,2494118133; -0,0643944740
202200048137;11;8;2022;09:20;1;66;1;1;7;2;42,6301672597;2,4552981555
202200048138;18;2;2022;09:50;1;974;2;1;1;3; -20,9482300000;55,2994200000
202200048139;17;2;2022;12:30;1;75;2;5;1;3;48,8778450000;2,3269430000
202200048140;7;7;2022;19:10;1;32;2;1;1;7;43,6339800000;0,5822600000
202200048141;9;6;2022;22:58;5;45;2;6;1;7;47,8928500000;1,8761400000
202200048142;21;9;2022;18:23;2;69;2;6;1;2;45,7753400000;4,8053400000
202200048143;18;2;2022;16:50;1;75;2;3;6;6;48,8482720000;2,3157700000
202200048144;16;8;2022;18:23;1;54;1;1;7;1;48,5010238200;6,8696951860
202200048145;12;9;2022;10:35;1;59;2;2;1;3;50,6902955658;3,1867539883
202200048146;9;6;2022;12:05;1;45;2;3;1;6;47,8387900000;1,9370500000
202200048147;10;7;2022;20:50;1;31;2;3;1;3;43,5619100000;1,3909100000
202200048148;16;8;2022;00:30;3;14;1;1;1;6;48,9701040000; -0,0979110000
202200048149;18;2;2022;09:30;1;75;2;2;2;3;48,8654500000;2,3560940000
202200048150;21;9;2022;15:40;1;69;2;2;1;3;45,7633700000;4,8342300000
202200048151;9;6;2022;19:35;1;45;2;3;1;6;48,0052700000;2,7132200000
202200048152;10;7;2022;05:41;3;31;2;6;1;6;43,5966600000;1,4520800000
202200048153;1;9;2022;02:33;5;06;2;3;1;3;43,7100900000;7,2589900000
202200048154;15;8;2022;13:00;1;09;1;1;1;3;42,5765330000;1,7891620000
202200048155;14;9;2022;18:17;1;06;2;1;1;7;43,6683200000;7,2108400000
202200048156;20;9;2022;18:00;1;95;2;3;1;1;48,9958725751;2,3572701216
202200048157;8;6;2022;08:10;1;45;1;1;3;3;47,9801170000;2,6745470000
202200048158;18;2;2022;03:10;5;75;2;2;2;5;48,8663440000;2,3520510000
202200048159;8;7;2022;20:30;1;31;2;4;1;3;43,5675500000;1,3973000000
202200048160;10;8;2022;07:40;1;45;1;1;7;3;48,0244330000;1,8644570000
202200048161;17;9;2022;17:05;1;85;1;1;1;7;47,0008280000; -1,2120260000
202200048162;9;6;2022;01:50;5;44;2;1;1;7;47,2388050000; -2,2859190000
202200048163;18;2;2022;17:20;1;94;2;1;1;6;48,7513900000;2,4457300000
202200048164;15;8;2022;19:33;1;10;1;1;1;7;48,1116690000;4,7834940000
202200048165;21;9;2022;17:15;1;91;2;1;1;2;48,7019200000;2,3139700000
202200048166;6;7;2022;19:45;1;31;2;1;1;1;43,5817069089;1,4090099931
202200048167;28;11;2022;06:52;1;971;2;1;1;6;16,2542300000; -61,5288700000
202200048168;24;4;2022;09:00;1;44;2;6;1;2;47,2181700000; -1,6038000000
202200048169;18;2;2022;08:45;1;94;2;1;1;3;48,7948600000;2,5105800000
202200048170;21;9;2022;08:41;1;91;2;6;7;6;48,7064000000;2,3953400000
202200048171;18;2;2022;09:50;1;94;2;1;2;6;48,8131500000;2,3493700000
202200048172;13;8;2022;12:20;1;16;2;1;1;6;45,7456430000;0,3842370000
202200048173;29;11;2022;19:10;5;77;2;1;2;3;48,9619100000;2,8971700000
202200048174;6;7;2022;16:15;1;31;2;2;1;3;43,5678200000;1,3768000000
202200048175;7;6;2022;09:25;1;43;2;2;1;3;45,0498183273;3,9047464728
202200048176;1;9;2022;16:00;1;89;2;9;1;6;48,1996600000;3,2815500000
202200048177;13;8;2022;10:30;1;04;1;1;1;1;44,1624270000;6,6083620000
202200048178;18;2;2022;09:04;1;94;2;2;8;5;48,8057100000;2,5667800000
202200048179;9;6;2022;09:40;1;38;2;1;1;3;45,1923458274;5,7219350338
202200048180;8;7;2022;13:10;1;31;1;1;1;3;43,1557100000;0,7516500000
202200048181;27;11;2022;22:55;5;54;2;2;1;3;48,6717400000;6,1511300000
202200048182;12;8;2022;14:15;1;85;1;1;1;7;46,7273700000; -1,1735670000
202200048183;17;2;2022;11:30;1;94;2;1;1;3;48,7914000000;2,5535100000
202200048184;24;11;2022;18:15;5;24;2;1;1;6;45,1845000000;0,7088400000
202200048185;18;6;2022;19:15;2;30;2;1;1;6;43,8275000000;4,3746000000
202200048186;9;6;2022;08:15;1;38;2;5;2;3;45,1576500000;5,7194000000
202200048187;21;9;2022;11:00;1;77;2;1;1;6;48,8523000000;2,7636300000
202200048188;15;2;2022;18:20;5;94;2;6;2;6;48,7918800000;2,5324700000
202200048189;9;6;2022;15:10;1;33;2;1;1;3;44,8565300000; -0,5616300000
202200048190;15;8;2022;18:30;1;37;2;1;1;2;47,4068309060;0,7443237305
202200048191;25;5;2022;08:00;1;30;2;4;1;6;43,8251000000;4,3538000000
202200048192;18;2;2022;09:30;1;94;2;3;1;3;48,8269200000;2,5090400000
202200048193;21;9;2022;08:25;1;77;2;1;1;3;48,1830000000;2,7359200000
202200048194;28;5;2022;20:30;1;30;2;1;1;7;43,8289100000;4,3777400000
202200048195;18;2;2022;14:40;1;94;2;1;1;2;48,8048330000;2,4173880000
202200048196;28;11;2022;07:34;2;05;2;6;1;3;44,5578650000;6,0687660000
202200048197;9;6;2022;08:30;1;33;2;3;1;2;44,8122000000; -0,6472900000
202200048198;9;6;2022;20:04;1;30;2;3;1;3;43,8337400000;4,3674300000
202200048199;21;9;2022;18:00;1;72;1;2;1;6;47,9833057062;0,2215898035
202200048200;18;2;2022;16:40;1;93;2;1;1;5;48,9479400000;2,3319900000
202200048201;28;4;2022;08:10;1;91;2;3;1;6;48,6050600000;2,4695600000
202200048202;16;8;2022;09:50;1;82;1;1;1;2;44,0412181575;1,0164541408
202200048203;7;6;2022;09:15;1;33;2;1;1;6;44,8097433161; -0,5421870947
202200048204;8;7;2022;19:20;1;30;2;1;1;6;44,0716000000;4,0503000000
202200048205;19;9;2022;13:34;1;72;2;9;1;6;48,0120580000;0,1879010000
202200048206;18;2;2022;11:30;1;92;2;2;2;6;48,9104410000;2,2347270000
202200048207;7;4;2022;17:30;1;91;2;1;1;2;48,6266700000;2,4415700000
202200048208;7;6;2022;15:05;1;33;2;1;1;6;44,8994900559; -0,5097216368
202200048209;13;8;2022;18:00;1;06;1;9;1;2;43,5574550000;6,9573900000
202200048210;20;9;2022;08:10;1;71;2;1;1;6;46,3069200000;4,8293400000
202200048211;8;7;2022;16:30;1;30;2;3;1;3;44,1096000000;4,1124600000
202200048212;5;4;2022;16:50;1;91;2;3;1;6;48,6257900000;2,4270500000
202200048213;16;2;2022;03:50;5;92;2;1;2;2;48,9027998516;2,3064296544
202200048214;15;8;2022;17:25;3;988;1;1;3;6; -21,2769580000;165,6159350000
202200048215;8;6;2022;15:10;1;32;1;1;1;1;43,6665100000;0,5430700000
202200048216;5;4;2022;08:20;1;91;2;1;2;6;48,6203400000;2,4450600000
202200048217;21;9;2022;09:50;1;69;2;1;1;4;45,9993900000;4,7414800000
202200048218;9;7;2022;17:25;1;29;1;6;1;3;47,9937946271; -4,0670188665
202200048219;9;6;2022;15:30;1;31;2;1;1;1;43,5755400000;1,4208400000
202200048220;4;4;2022;18:35;1;91;1;1;1;7;48,6426800000;2,4248300000
202200048221;21;9;2022;18:50;1;69;2;1;1;3;45,7229664875;4,8611833155
202200048222;7;7;2022;16:00;1;29;1;1;1;3;47,9801470000; -4,0824580000
202200048223;16;8;2022;05:30;5;988;2;2;3;3; -22,2289450000;166,5230150000
202200048224;17;2;2022;19:00;5;92;2;3;1;3;48,7513500000;2,3045600000
202200048225;8;6;2022;11:47;1;31;1;1;1;2;43,6363200000;1,4212800000
202200048226;20;9;2022;01:55;5;69;1;1;1;6;45,7111813791;4,8430341482
202200048227;25;3;2022;19:20;5;91;1;1;1;1;48,6273200000;2,4428700000
202200048228;5;7;2022;19:30;1;29;1;1;1;6;47,9785600000; -4,0173900000
202200048229;15;8;2022;19:50;4;973;1;1;1;6;5,5672330000; -53,8824560000
202200048230;18;2;2022;10:15;1;76;2;2;6;6;49,6521200000;0,5920710000
202200048231;9;6;2022;14:15;1;31;2;1;1;1;43,1081200000;0,7164400000
202200048232;12;6;2022;14:15;1;29;1;1;1;7;48,0046400000; -4,1318400000
202200048233;27;10;2022;14:30;1;30;1;1;1;2;44,1040430000;4,1009900000
202200048234;24;3;2022;17:20;1;91;2;1;1;6;48,6562200000;2,4108100000
202200048235;13;8;2022;05:08;3;973;1;1;1;6;5,1071450000; -52,6358410000
202200048236;17;9;2022;20:10;2;66;1;6;1;4;42,6781300000;2,8811000000
202200048237;25;10;2022;23:30;3;17;1;1;1;7;46,0794080000; -0,4309130000
202200048238;9;6;2022;22:00;2;29;1;1;2;6;48,0045300000; -4,0598700000
202200048239;17;2;2022;15:40;1;67;1;1;1;7;48,8149750000;7,3049210000
202200048240;7;7;2022;10:15;1;29;2;6;1;6;47,8898272448; -3,9168881177
202200048241;26;9;2022;07:20;2;50;2;2;2;6;49,6539200000; -1,6492800000
202200048242;10;7;2022;21:55;1;28;2;1;1;3;48,7263100000;1,3313100000
202200048243;17;9;2022;13:23;1;66;2;1;1;5;42,6797077481;2,8981174529
202200048244;19;2;2022;15:55;1;71;1;1;1;2;46,2325040000;4,7943200000
202200048245;26;10;2022;16:15;1;63;1;1;1;2;45,6385870000;2,5694700000
202200048246;9;6;2022;16:25;1;29;2;2;1;3;48,4011040000; -4,4839780000
202200048247;8;8;2022;16:10;1;22;2;1;1;6;48,5347300000; -2,7602200000
202200048248;15;8;2022;19:30;3;971;1;1;2;5;16,3464140000; -61,7202260000
202200048249;21;9;2022;20:45;5;64;2;1;1;6;43,3140800000; -0,3587100000
202200048250;17;2;2022;18:45;3;71;1;1;1;2;46,3834120000;4,8492410000
202200048251;8;6;2022;07:40;1;29;2;3;7;6;48,3928840000; -4,4912040000
202200048252;26;10;2022;16:58;1;67;2;9;1;7;48,6032110000;7,7010690000
202200048253;7;7;2022;01:55;5;28;1;9;1;6;48,4155000000;1,5006300000
202200048254;29;11;2022;17:30;1;974;1;1;1;5; -20,8910400000;55,3808700000
202200048255;13;8;2022;07:45;2;71;1;2;1;3;46,3514380000;4,0141300000
202200048256;18;2;2022;17:45;1;68;2;1;8;6;48,1281060000;7,1668790000
202200048257;21;9;2022;18:00;1;64;2;2;1;3;43,2982900000; -0,3583700000
202200048258;9;6;2022;16:20;1;27;2;1;1;6;49,0815200000;1,4783900000
202200048259;27;10;2022;12:33;1;49;1;2;1;3;47,5887420000; -0,4232310000
202200048260;14;8;2022;18:30;1;52;2;1;1;7;47,8575760000;5,3350420000
202200048261;2;4;2022;15:15;1;24;2;2;1;3;45,1861800000;0,7040300000
202200048262;29;11;2022;14:45;1;973;2;1;3;7;4,9325200000; -52,2903600000
202200048263;19;2;2022;15:35;1;28;2;1;1;3;48,2135140000;1,1729300000
202200048264;8;7;2022;19:35;1;27;1;3;1;3;49,2563300000;1,1893800000
202200048265;21;9;2022;15:25;1;64;2;3;1;2;43,3313680000; -0,3582960000
202200048266;10;6;2022;00:10;3;22;1;1;1;2;48,4897700000; -2,7633300000
202200048267;26;10;2022;10:45;1;13;1;2;1;2;43,7338480000;4,7341470000
202200048268;29;11;2022;21:50;5;69;2;1;1;3;45,7420000000;4,8830000000
202200048269;19;2;2022;15:25;1;41;1;1;1;7;47,5905360000;1,9884400000
202200048270;8;8;2022;23:30;5;88;2;2;1;3;48,0757670000;6,8822430000
202200048271;8;7;2022;17:00;1;27;2;1;1;2;49,0210318348;1,1557102203
202200048272;26;10;2022;04:20;3;13;1;1;1;2;43,6194760000;5,1368490000
202200048273;15;8;2022;01:50;3;17;2;1;1;6;46,1799010000; -1,3943090000
202200048274;21;9;2022;12:30;1;64;2;1;1;1;43,2966800000; -0,3736000000
202200048275;18;2;2022;23:30;3;35;1;1;1;6;47,9044929282; -1,6854706407
202200048276;29;11;2022;19:05;5;69;2;1;1;3;45,7293582824;4,8536905646
202200048277;9;6;2022;16:50;1;22;2;1;7;5;48,5047900000; -2,7429100000
202200048278;27;10;2022;05:00;3;988;1;1;1;7; -21,2694700000;165,2903400000
202200048279;7;7;2022;08:55;1;27;2;1;1;2;49,0251000000;1,1385700000
202200048280;17;2;2022;13:10;1;58;1;1;1;6;47,3876290000;3,1090660000
202200048281;16;8;2022;09:44;1;33;1;1;1;6;44,8833100000; -0,3371860000
202200048282;20;9;2022;20:28;5;63;2;1;1;1;45,7774200000;3,0968400000
202200048283;8;7;2022;17:25;1;26;1;1;1;3;44,9584716719;4,9638247490
202200048284;19;2;2022;17:05;1;80;2;1;1;6;49,7719190000;2,4827960000
202200048285;22;10;2022;07:40;1;988;1;3;1;3; -21,0681120000;164,8669020000
202200048286;9;6;2022;19:30;1;17;2;1;1;3;46,1724400000; -1,2003900000
202200048287;28;11;2022;16:28;1;91;1;1;8;2;48,4431100000;2,1755470000
202200048288;16;8;2022;10:00;1;50;1;1;1;4;49,1022420000; -0,9521040000
202200048289;17;9;2022;17:45;1;62;2;1;1;3;50,2978173926;2,7578652799
202200048290;21;10;2022;10:20;1;33;2;1;1;3;44,6239650000; -1,1086530000
202200048291;9;6;2022;20:45;1;14;2;6;1;6;49,4182300000;0,2402600000
202200048292;14;2;2022;13:50;1;80;1;1;1;1;50,3050797732;1,7189311983
202200048293;7;7;2022;15:45;1;26;2;1;1;6;44,5711800000;4,7464300000
202200048294;15;8;2022;14:40;1;56;1;1;1;1;47,6423300000; -2,9888770000
202200048295;28;11;2022;15:03;1;87;1;1;2;4;45,9127200000;1,2928900000
202200048296;9;6;2022;23:00;3;13;2;1;1;1;43,3020400000;5,3823000000
202200048297;14;2;2022;09:35;1;82;1;1;1;6;44,0943340000;1,2244600000
202200048298;19;9;2022;19:15;1;60;2;3;1;3;49,4200620000;2,8248840000
202200048299;7;7;2022;11:20;1;25;2;6;7;3;46,9242300000;6,3369900000
202200048300;26;10;2022;19:35;3;77;1;1;1;1;48,7344370000;2,9889680000
202200048301;16;8;2022;12:10;1;29;2;9;1;6;47,9014120000; -4,0293970000
202200048302;28;11;2022;19:34;5;87;2;3;2;7;45,8250400000;1,2314800000
202200048303;21;9;2022;17:07;1;60;2;1;1;3;49,4187367516;2,1141600608
202200048304;9;6;2022;14:30;1;13;2;1;1;3;43,3024300000;5,3901800000
202200048305;18;2;2022;15:30;1;11;1;1;1;5;43,1904050718;2,2028874682
202200048306;9;7;2022;19:50;1;70;2;3;1;6;47,5785300000;6,7590000000
202200048307;26;10;2022;17:15;1;66;1;1;1;7;42,7878570000;2,7868040000
202200048308;27;11;2022;10:30;1;83;2;1;1;6;43,1362916188;5,7532498240
202200048309;16;8;2022;14:10;1;76;1;3;1;2;49,5378540000;0,3719260000
202200048310;9;6;2022;12:00;1;13;2;7;1;2;43,3114045820;5,4466235862
202200048311;10;7;2022;21:40;2;25;2;1;1;6;47,2537160000;6,0200690000
202200048312;18;2;2022;20:00;3;89;1;1;1;1;47,6836640000;3,8698270000
202200048313;21;9;2022;20:55;5;59;2;3;1;3;50,6449100000;3,0509800000
202200048314;27;10;2022;07:30;3;34;1;6;1;3;43,6680890000;3,9744330000
202200048315;8;7;2022;22:00;5;25;2;1;1;6;47,2550920000;6,0165580000
202200048316;29;11;2022;09:02;1;78;2;2;8;2;48,8799020000;2,1098350000
202200048317;9;6;2022;11:35;1;13;2;1;1;6;43,3776700000;5,3564700000
202200048318;16;8;2022;07:00;1;60;1;1;1;2;49,2012660000;2,2633210000
202200048319;20;9;2022;16:00;1;57;2;1;1;6;49,3297100000;6,0627900000
202200048320;11;2;2022;16:55;1;76;2;1;7;3;49,9360130000;1,3175120000
202200048321;7;7;2022;11:00;1;25;2;1;1;6;47,2442030000;5,9868960000
202200048322;27;10;2022;14:55;1;68;2;3;1;3;47,6523000000;7,4572760000
202200048323;16;8;2022;10:15;1;60;1;4;1;3;49,5034470000;2,0601400000
202200048324;8;6;2022;18:45;1;13;2;5;1;3;43,2830700000;5,3890800000
202200048325;29;11;2022;16:58;2;78;2;2;1;1;49,0071860000;2,1155600000
202200048326;18;2;2022;19:25;3;61;1;1;1;6;48,4745290000;0,6017590000
202200048327;27;10;2022;18:35;4;67;2;3;1;3;48,4841720000;7,7167950000
202200048328;21;9;2022;13:20;1;54;2;2;1;3;48,7019100000;6,2126000000
202200048329;5;7;2022;17:34;1;24;2;1;1;5;45,1765000000;0,7694500000
202200048330;28;11;2022;23:55;5;72;2;1;1;6;47,9981300000;0,2148300000
202200048331;18;2;2022;15:40;1;01;1;1;1;6;45,7764430000;5,7429310000
202200048332;26;10;2022;22:55;4;03;1;1;1;7;46,5936660000;3,1462630000
202200048333;8;6;2022;11:00;1;13;2;9;1;3;43,3771000000;5,3563700000
202200048334;15;8;2022;20:50;2;59;2;3;1;3;50,0157710000;4,0719530000
202200048335;3;7;2022;20:24;1;21;2;1;1;6;47,0149000000;4,8308300000
202200048336;19;2;2022;02:00;3;68;1;1;2;7;47,5526650000;7,2596240000
202200048337;28;11;2022;17:50;5;72;2;1;1;3;47,9909000000;0,1655500000
202200048338;21;9;2022;18:42;1;51;2;2;1;1;49,2460600000;4,0468100000
202200048339;21;9;2022;17:55;1;51;2;1;1;7;49,2277600000;4,0360400000
202200048340;15;8;2022;22:00;5;13;1;1;1;2;43,3151400000;5,3653400000
202200048341;7;7;2022;19:07;1;19;2;3;1;3;45,5427763894;2,3014318943
202200048342;27;10;2022;04:50;3;76;1;1;1;1;49,5392390000;0,3759380000
202200048343;29;11;2022;21:10;3;69;2;1;1;3;45,7820300000;4,8599400000
202200048344;17;2;2022;18:50;5;05;2;2;1;3;44,5551770000;6,4811480000
202200048345;8;6;2022;17:05;1;10;2;1;2;5;48,3216000000;4,0988300000
202200048346;15;8;2022;10:55;1;91;1;1;2;7;48,5803800000;2,4605400000
202200048347;10;7;2022;18:25;1;17;2;1;1;1;45,6242400000; -1,0284000000
202200048348;21;9;2022;16:50;1;51;2;6;1;3;49,2136100000;4,0156200000
202200048349;27;10;2022;17:00;1;80;2;1;1;1;49,7221210000;1,8360420000
202200048350;8;6;2022;07:55;1;10;2;1;2;7;48,2787578483;4,0721002221
202200048351;26;1;2022;10:35;1;09;1;1;1;2;43,0351530000;1,0506530000
202200048352;14;8;2022;22:15;3;93;1;1;9;6;48,8866469305;2,4790584414
202200048353;29;11;2022;17:00;2;69;2;1;1;3;45,7653800000;5,0092000000
202200048354;8;7;2022;00:20;3;17;2;9;1;1;46,1717100000; -1,1221900000
202200048355;9;6;2022;05:30;3;09;2;1;2;6;42,9780150000;1,6096360000
202200048356;26;10;2022;18:11;2;62;1;1;8;2;50,6341380000;2,2393390000
202200048357;21;9;2022;16:20;1;51;2;1;1;3;49,2417919605;3,9931306243
202200048358;7;7;2022;18:30;1;17;1;1;1;6;46,1773000000; -1,1629900000
202200048359;18;2;2022;22:45;3;73;1;1;2;5;45,5930200000;6,2742660000
202200048360;14;8;2022;23:20;4;76;2;3;1;3;49,2837200000;1,0168500000
202200048361;29;11;2022;17:18;1;69;2;3;1;3;45,7449600000;4,9298000000
202200048362;21;9;2022;12:00;1;51;2;3;1;3;49,2235278092;4,0107098222
202200048363;9;6;2022;19:00;1;06;2;1;1;3;43,6477850000;6,9279580000
202200048364;19;2;2022;10:00;1;85;1;1;1;3;46,8824700000; -1,9627100000
202200048365;14;8;2022;08:22;1;973;2;1;1;2;4,9450100000; -52,3133900000
202200048366;25;10;2022;08:00;3;33;1;1;1;2;44,8801680000; -0,6269470000
202200048367;29;11;2022;07:45;1;69;2;1;2;3;45,7646000000;4,8910800000
202200048368;18;9;2022;17:45;1;51;2;9;1;7;49,2654500000;4,0606700000
202200048369;7;7;2022;22:55;5;15;2;1;1;2;44,9180820000;2,4288540000
202200048370;9;6;2022;08:30;1;06;2;2;1;1;43,5463250000;7,0408180000
202200048371;18;2;2022;10:58;1;27;1;2;6;3;49,1706780000;0,6960230000
202200048372;26;10;2022;10:25;1;94;1;1;1;4;48,7605303730;2,3196085577
202200048373;14;8;2022;21:30;5;69;2;3;1;3;45,7292759006;4,8607662320
202200048374;20;9;2022;17:21;1;49;2;1;1;3;47,4699700000; -0,5532000000