Accident_Id;jour;mois;an;hrmn;lum;dep;agg;int;atm;col;lat;long
202200048375;29;11;2022;06:00;5;69;2;2;2;3;45,7549625092;4,8784987525
202200048376;7;7;2022;19:30;1;14;2;1;1;2;49,1556300000;0,2407900000
202200048377;6;5;2022;15:59;1;05;2;9;1;7;44,5606833924;6,0804444551
202200048378;18;2;2022;07:55;2;27;1;2;6;3;49,0709490000;0,8725120000
202200048379;14;8;2022;06:45;1;972;2;1;1;6;14,6183700000; -61,0362800000
202200048380;26;10;2022;19:30;2;95;1;1;1;4;48,9656566710;2,2585975521
202200048381;8;7;2022;13:25;1;14;2;1;1;6;49,2048200000; -0,3474900000
202200048382;29;11;2022;20:25;5;69;2;1;1;1;45,6912485405;4,8823249340
202200048383;18;2;2022;16:20;1;08;1;1;6;7;49,3693800000;4,5746040000
202200048384;20;9;2022;11:47;1;49;2;1;1;2;47,4640400000; -0,5483900000
202200048385;9;6;2022;12:10;1;04;1;4;1;1;43,8323465800;5,7623497180
202200048386;12;8;2022;19:10;5;971;2;3;1;3;16,2109005618; -61,4734143019
202200048387;19;2;2022;01:30;3;42;1;1;1;7;45,7786280000;4,1469530000
202200048388;25;10;2022;22:03;3;93;1;1;8;2;48,9174000000;2,4784100000
202200048389;20;9;2022;10:40;1;49;2;1;1;6;47,4677000000; -0,5985000000
202200048390;7;7;2022;08:30;1;14;1;1;8;4;49,2159700000; -0,3198900000
202200048391;29;11;2022;11:00;1;69;2;5;1;5;45,7272100000;4,9271700000
202200048392;9;6;2022;00:45;5;75;2;1;1;3;48,9005580000;2,3276200000
202200048393;18;2;2022;21:05;5;78;2;3;1;3;48,9251290000;1,9918410000
202200048394;14;8;2022;00:47;5;971;1;3;1;3;16,2113744653; -61,4740365744
202200048395;26;10;2022;03:35;3;77;1;9;1;3;48,5709730000;2,6410010000
202200048396;20;9;2022;17:30;1;48;2;1;1;1;44,5232738007;3,5081201792
202200048397;6;7;2022;21:45;1;14;2;3;1;3;49,1879943237; -0,3331995607
202200048398;29;11;2022;07:15;5;67;2;2;1;3;48,5780600000;7,7839500000
202200048399;26;10;2022;19:00;3;94;1;1;1;6;48,8187818956;2,4078014994
202200048400;13;8;2022;13:00;1;971;1;9;1;3;16,2580277779; -61,4567577839
202200048401;9;6;2022;16:45;1;75;2;2;1;3;48,8439490000;2,3389600000
202200048402;26;10;2022;19:00;3;94;1;1;1;3;48,8286965958;2,5272705307
202200048403;21;9;2022;14:30;1;45;2;3;1;3;47,9369370000;1,8890570000
202200048404;25;11;2022;13:21;1;67;2;8;1;3;48,5280400000;7,7218500000
202200048405;19;2;2022;06:10;3;38;1;1;1;5;45,6303050000;5,1649050000
202200048406;10;7;2022;14:40;1;13;2;1;1;1;43,4166180000;5,3642990000
202200048407;13;8;2022;11:30;1;2A;2;1;1;2;41,9484400000;8,7658100000
202200048408;26;10;2022;12:00;1;94;1;1;1;2;48,8303228960;2,4893496496
202200048409;9;6;2022;07:45;1;75;2;2;7;3;48,8537810000;2,4107480000
202200048410;19;2;2022;13:30;1;988;1;1;1;6; -20,9227420000;165,3156190000
202200048411;9;7;2022;17:10;1;13;2;1;1;2;43,4209100000;5,2702100000
202200048412;29;11;2022;18:40;5;65;2;1;2;2;43,2366321141;0,0542704761
202200048413;21;9;2022;05:01;5;45;2;1;1;1;47,8923000000;1,8849400000
202200048414;26;10;2022;01:15;3;77;1;1;1;2;48,8317530000;2,6766380000
202200048415;18;2;2022;20:15;5;972;2;1;1;6;14,7390910000; -60,9631140000
202200048416;14;8;2022;19:15;2;95;2;3;2;3;48,9873542539;2,2136110067
202200048417;28;11;2022;13:55;1;64;2;6;3;6;43,4883900000; -1,4816100000
202200048418;6;7;2022;21:15;2;13;2;3;1;3;43,4300000000;5,2400000000
202200048419;9;6;2022;08:50;1;75;2;2;1;3;48,8986850000;2,3590390000
202200048420;23;10;2022;05:55;5;48;2;1;1;6;44,5330930000;3,5007520000
202200048421;14;8;2022;18:37;1;91;2;2;8;6;48,6714000000;2,3653000000
202200048422;24;11;2022;13:40;1;59;2;1;1;6;50,6102400000;2,9831700000
202200048423;19;2;2022;10:15;1;45;1;1;1;7;47,6869831430;2,3646326487
202200048424;6;7;2022;19:35;1;13;1;1;1;3;43,4140100000;5,3451300000
202200048425;12;8;2022;18:45;1;83;2;1;1;3;43,1175900000;6,1286100000
202200048426;9;6;2022;09:50;1;75;2;3;1;3;48,8977590000;2,3334070000
202200048427;28;11;2022;08:00;2;59;1;1;8;3;50,6723294229;2,9815020560
202200048428;20;8;2022;21:30;5;37;2;2;1;3;47,4188455281;0,6995549798
202200048429;20;1;2022;08:50;1;78;1;2;1;3;48,8046020000;1,8677990000
202200048430;6;7;2022;19:10;1;13;1;1;1;3;43,4171401009;5,2273002583
202200048431;28;11;2022;07:30;5;59;2;1;8;6;50,3642500000;3,1932800000
202200048432;9;8;2022;10:10;1;83;2;6;1;6;43,4412100000;6,7378400000
202200048433;27;7;2022;16:45;1;62;2;9;1;3;50,7289670000;1,6346780000
202200048434;18;2;2022;17:00;1;83;2;9;1;6;43,3052410000;6,6301200000
202200048435;14;8;2022;11:15;1;71;1;1;2;7;46,7779300000;4,4433700000
202200048436;6;7;2022;15:00;1;13;2;2;1;3;43,4212600000;5,2666800000
202200048437;28;11;2022;17:25;3;59;1;1;1;2;50,6607350000;2,9018650000
202200048438;19;2;2022;17:15;2;67;2;1;1;6;48,5826940000;7,6299580000
202200048439;25;7;2022;18:20;1;62;2;3;1;6;50,7244300000;1,6094500000
202200048440;10;7;2022;13:30;1;13;2;1;1;3;43,3247400000;5,4569000000
202200048441;9;6;2022;02:20;5;75;2;2;1;6;48,8978000000;2,3374230000
202200048442;14;8;2022;15:35;1;71;1;1;1;1;46,7570400000;4,8546200000
202200048443;25;10;2022;17:00;1;75;2;2;1;6;48,8681400000;2,2755010000
202200048444;14;2;2022;06:50;2;57;1;1;1;5;49,1750270000;6,0834650000
202200048445;14;8;2022;03:40;3;67;2;1;1;7;48,8340000000;7,7650000000
202200048446;10;7;2022;06:50;1;13;1;1;1;6;43,3598200000;5,2937000000
202200048447;9;6;2022;08:50;1;75;2;7;1;3;48,8766360000;2,2752700000
202200048448;19;2;2022;06:30;3;01;1;1;1;6;45,9291952777;5,3374738991
202200048449;22;8;2022;18:40;1;59;2;2;1;3;51,0189300000;2,3718900000
202200048450;13;8;2022;16:55;1;65;2;2;1;3;43,0961300000; -0,0228000000
202200048451;10;7;2022;04:30;2;13;2;1;1;1;43,3488146711;5,4453915925
202200048452;4;11;2022;19:00;2;58;2;3;1;2;46,9928600000;3,1679000000
202200048453;30;7;2022;21:35;1;19;2;3;1;3;45,1608200000;1,5182500000
202200048454;4;6;2022;04:50;2;75;2;1;1;6;48,8636460000;2,2976370000
202200048455;18;2;2022;08:10;3;81;1;3;2;1;43,8124110000;1,9629850000
202200048456;14;8;2022;03:05;5;62;2;1;1;6;50,5514290000;2,4920310000
202200048457;9;7;2022;21:40;2;13;2;1;1;3;43,3000000000;5,4000000000
202200048458;4;11;2022;02:40;5;58;2;1;1;1;46,9876900000;3,1663500000
202200048459;9;6;2022;20:40;1;75;2;1;1;6;48,8393020000;2,2834520000
202200048460;19;2;2022;15:30;1;85;1;1;1;1;46,4453000000; -0,8079500000
202200048461;25;10;2022;08:20;1;974;1;1;1;2; -21,3372500000;55,5386900000
202200048462;2;11;2022;15:30;1;58;2;1;1;3;46,9866500000;3,1594900000
202200048463;14;8;2022;05:35;5;60;1;1;1;3;49,2740000000;2,4860000000
202200048464;9;7;2022;16:23;1;13;2;1;1;2;43,2728862918;5,3992590308
202200048465;28;11;2022;12:03;1;56;2;1;1;7;47,7434530000; -3,3820180000
202200048466;19;2;2022;20:00;3;85;1;1;2;2;46,9748410000; -1,1309990000
202200048467;25;10;2022;07:15;1;974;2;1;1;6; -21,3432800000;55,4821900000
202200048468;9;6;2022;09:22;1;75;2;7;1;7;48,8219340000;2,3254700000
202200048469;14;8;2022;09:00;1;59;2;3;7;3;50,7384627167;2,7294319868
202200048470;25;10;2022;20:00;4;974;2;9;1;1; -20,9428400000;55,6475800000
202200048471;28;11;2022;12:00;1;54;2;6;1;2;48,9011900000;6,0648500000
202200048472;14;8;2022;21:58;5;56;2;1;1;6;47,6671359000; -2,7765584000
202200048473;18;2;2022;17:10;1;35;1;3;1;5;48,3941160000; -1,2190590000
202200048474;8;6;2022;19:45;1;75;2;4;3;3;48,8297014722;2,3261323571
202200048475;14;8;2022;19:20;1;51;2;1;1;7;48,9556300000;4,3838800000
202200048476;25;10;2022;18:00;1;974;2;1;1;6; -20,9409500000;55,2947400000
202200048477;28;11;2022;16:00;2;54;2;1;2;2;48,6596600000;6,1598000000
202200048478;18;2;2022;19:30;3;27;1;2;6;3;49,0549770000;1,1089110000
202200048479;8;7;2022;19:50;1;13;2;1;1;2;43,2828865823;5,3926604421
202200048480;8;6;2022;14:30;1;75;2;3;1;3;48,8224690000;2,3292250000
202200048481;25;10;2022;07:10;5;69;2;2;1;3;45,7520700000;4,8466900000
202200048482;13;8;2022;15:10;1;48;1;1;1;3;44,5111100000;3,4700400000
202200048483;19;2;2022;10:30;1;76;1;1;1;6;49,5774880000;1,5427500000
202200048484;29;11;2022;18:45;3;54;1;1;1;4;49,5498300000;5,7922600000
202200048485;8;7;2022;10:30;1;13;2;3;1;3;43,3160400000;5,4008700000
202200048486;24;10;2022;16:25;1;972;2;1;1;6;14,6059740000; -61,0601570000
202200048487;9;6;2022;13:05;1;75;2;2;1;3;48,8436100000;2,2957660000
202200048488;18;2;2022;16:00;1;59;1;1;6;6;50,3194798415;3,8760991395
202200048489;14;8;2022;10:55;1;45;2;3;1;3;47,9195813160;1,9643238187
202200048490;8;7;2022;08:45;1;13;2;2;1;3;43,2628000000;5,4047100000
202200048491;28;11;2022;16:45;4;54;1;3;2;3;49,2720300000;5,8912700000
202200048492;25;10;2022;21:45;5;69;2;5;1;3;45,7648000000;4,8015900000
202200048493;9;6;2022;17:45;1;75;2;4;1;3;48,8262170000;2,4627340000
202200048494;14;8;2022;05:25;5;35;2;1;2;3;48,1157400000; -1,7087300000
202200048495;8;7;2022;02:00;5;13;2;1;1;3;43,2842800000;5,3496900000
202200048496;29;11;2022;09:00;1;51;2;1;5;7;49,2499690566;4,0196308494
202200048497;18;2;2022;17:30;1;13;1;1;1;3;43,3019482066;5,3646027613
202200048498;25;10;2022;19:05;5;69;2;1;1;6;45,7197450059;4,8106250167
202200048499;12;8;2022;20:15;1;35;2;1;1;2;48,0999900000; -1,6486400000
202200048500;29;11;2022;07:15;5;51;2;1;2;7;49,2865700000;4,0272600000
202200048501;7;7;2022;19:00;1;13;2;1;1;2;43,2674000000;5,4200500000
202200048502;9;6;2022;19:10;1;75;2;7;1;3;48,8397370000;2,3962120000
202200048503;25;10;2022;19:25;5;69;2;1;1;7;45,7668400000;4,8208600000
202200048504;7;7;2022;15:30;1;13;2;1;1;2;43,3040448445;5,4102127798
202200048505;13;8;2022;10:50;1;34;1;1;1;3;43,4707800000;3,7678100000
202200048506;18;2;2022;15:00;1;13;1;1;1;2;43,4100800000;5,2851200000
202200048507;9;6;2022;17:05;1;75;2;4;1;6;48,8533040000;2,3703070000
202200048508;25;10;2022;12:15;1;69;2;9;1;2;45,7914200000;4,8408300000
202200048509;7;7;2022;10:20;1;13;2;1;1;6;43,2921500000;5,3691100000
202200048510;17;2;2022;06:05;3;13;1;1;1;6;43,3983050000;5,2896950000
202200048511;25;10;2022;13:00;1;69;2;1;1;6;45,7865800000;4,8345400000
202200048512;6;7;2022;22:05;5;13;2;1;1;3;43,2626400000;5,3742500000
202200048513;28;11;2022;18:00;5;50;2;2;2;3;49,6334700000; -1,6174000000
202200048514;9;6;2022;10:20;1;75;2;5;1;3;48,8648230000;2,3532730000
202200048515;18;2;2022;05:45;4;69;1;1;1;6;45,7152700000;4,8434000000
202200048516;6;7;2022;14:30;1;13;2;1;1;3;43,3037341669;5,4729434871
202200048517;25;10;2022;18:55;5;971;1;1;2;2;16,2174475417; -61,5157395601
202200048518;13;8;2022;11:20;1;28;1;1;1;5;48,7470900000;1,4005600000
202200048519;28;11;2022;17:30;3;49;2;1;2;3;47,4850300000; -0,4980900000
202200048520;6;7;2022;02:00;5;13;2;1;1;1;43,2654000000;5,3805800000
202200048521;17;2;2022;03:25;3;42;1;1;1;2;45,5128492265;4,3013119092
202200048522;9;6;2022;14:00;1;75;2;7;1;2;48,8666040000;2,3219600000
202200048523;25;10;2022;12:05;1;95;2;3;1;3;49,0191210000;2,1587360000
202200048524;28;11;2022;10:30;1;49;2;1;1;2;47,4357000000; -0,5205500000
202200048525;13;6;2022;22:50;5;13;2;1;1;3;43,2554317379;5,3763782019
202200048526;14;8;2022;19:10;1;22;2;9;1;7;48,7334483592; -3,4487554953
202200048527;17;2;2022;02:00;3;57;1;1;3;1;49,2822000000;6,1724400000
202200048528;25;10;2022;10:54;1;91;2;1;1;6;48,7060800000;2,3900000000
202200048529;9;6;2022;18:20;1;75;2;1;1;1;48,8617490000;2,2975620000
202200048530;28;11;2022;16:57;1;47;2;2;3;6;44,4061200000;0,7071400000
202200048531;14;8;2022;05:35;5;14;1;1;1;1;49,2108976369; -0,3382372856
202200048532;13;2;2022;12:40;1;67;1;1;1;6;48,5473100000;7,7274200000
202200048533;13;6;2022;17:10;1;13;2;6;1;3;43,2501400000;5,3890900000
202200048534;9;6;2022;00:40;5;75;2;7;2;7;48,8542657023;2,3054605722
202200048535;24;10;2022;20:50;5;87;2;2;1;3;45,8285900000;1,2561600000
202200048536;15;8;2022;00:30;5;13;2;1;1;7;43,2732100000;5,4126000000
202200048537;28;11;2022;18:10;5;45;2;1;2;6;47,9980000000;2,7400000000
202200048538;8;2;2022;17:15;1;33;1;1;1;3;44,7810650000; -0,6372290000
202200048539;13;6;2022;11:00;1;13;2;1;1;3;43,2735065650;5,4133008709
202200048540;24;10;2022;19:45;5;87;2;1;1;6;45,8202500000;1,2466800000
202200048541;9;6;2022;21:15;2;75;2;3;1;3;48,8666360000;2,3612990000
202200048542;29;11;2022;07:40;5;44;2;2;1;6;47,2566900000; -2,2593500000
202200048543;25;10;2022;16:25;1;83;2;9;1;3;43,1194150000;5,9384570000
202200048544;5;6;2022;17:00;1;13;2;3;1;3;43,2652000000;5,3939000000
202200048545;14;8;2022;22:58;5;13;2;2;1;6;43,3030900000;5,4008400000
202200048546;8;6;2022;15:15;1;75;2;2;1;6;48,8578760000;2,3502150000
202200048547;18;2;2022;13:10;1;78;1;1;1;4;48,9334780000;1,9708860000
202200048548;24;11;2022;17:00;5;42;2;1;2;2;45,5479421995;4,6007665409
202200048549;18;2;2022;14:45;1;95;1;1;6;6;49,0338915730;2,1031093597
202200048550;19;10;2022;13:00;1;83;2;6;1;7;43,0945484875;5,8470118046
202200048551;8;6;2022;14:00;1;75;2;3;1;6;48,8608250000;2,3613410000
202200048552;29;11;2022;19:15;5;42;2;1;1;3;46,0488399668;4,0766277909
202200048553;14;8;2022;05:45;2;06;2;4;1;2;43,7073500000;7,2829200000
202200048554;12;6;2022;02:20;5;13;2;9;1;3;43,2909400000;5,3805200000
202200048555;20;10;2022;11:40;1;83;2;9;1;3;43,1153742394;5,8488035202
202200048556;18;2;2022;09:20;1;95;1;1;1;2;49,0312373549;2,4937006831
202200048557;8;8;2022;17:05;1;05;2;1;1;2;44,5317200000;6,0611300000
202200048558;9;7;2022;16:40;1;13;2;6;1;1;43,3036000249;5,5718336223
202200048559;9;6;2022;05:20;2;94;2;1;1;1;48,8108600000;2,3832400000
202200048560;28;11;2022;18:22;5;39;2;3;2;3;47,0978320000;5,5034040000
202200048561;25;10;2022;07:55;5;81;2;1;1;6;43,9308034000;2,1639717000
202200048562;29;11;2022;10:10;1;37;1;1;1;7;47,3307100000;0,6770300000
202200048563;18;2;2022;04:40;3;93;1;1;2;2;48,9285000000;2,4164400000
202200048564;8;7;2022;13:45;1;13;2;9;1;3;43,2893117765;5,5983735378
202200048565;9;6;2022;10:50;1;94;2;1;1;2;48,8108600000;2,4917000000
202200048566;25;10;2022;12:00;1;77;2;1;1;2;48,8499500000;2,7668500000
202200048567;14;8;2022;13:48;1;75;2;7;8;6;48,8538800000;2,3440270000
202200048568;6;7;2022;10:45;1;13;2;1;1;1;43,2880100000;5,5766500000
202200048569;18;2;2022;08:30;1;94;1;1;1;3;48,8175600000;2,4216900000
202200048570;29;11;2022;19:05;3;35;1;1;1;4;48,0926600000; -1,7078000000
202200048571;7;6;2022;07:30;1;94;2;1;2;3;48,8200920000;2,4748060000
202200048572;25;10;2022;11:25;1;77;2;1;1;3;48,2693400000;2,7065000000
202200048573;14;8;2022;19:45;1;75;2;3;3;3;48,8826010000;2,3904250000
202200048574;17;2;2022;14:10;1;95;2;1;1;6;48,9745881260;2,3764318228
202200048575;9;6;2022;10:10;1;94;2;9;1;2;48,7878900000;2,3340300000
202200048576;29;11;2022;17:55;3;35;1;1;1;4;48,1152668462; -1,5667104721
202200048577;24;10;2022;08:05;1;76;2;6;2;3;49,9154250000;1,0947790000
202200048578;15;2;2022;16:44;1;03;2;3;1;2;46,3492100000;2,5833500000
202200048579;14;8;2022;08:30;1;75;2;2;1;3;48,8711630000;2,2888550000
202200048580;29;11;2022;12:30;1;35;2;1;8;6;48,1279657624; -1,6590468585
202200048581;9;7;2022;15:05;1;13;1;1;1;1;43,5684400000;5,4038100000
202200048582;8;6;2022;11:55;1;94;2;2;8;3;48,7933180000;2,3539950000
202200048583;14;8;2022;14:55;1;75;2;1;2;6;48,8422360000;2,3286240000
202200048584;25;10;2022;06:40;5;69;2;3;1;3;45,7865900000;4,9224000000
202200048585;16;2;2022;13:20;1;976;1;1;1;3; -12,7931800000;45,1884500000
202200048586;8;7;2022;15:55;1;13;2;1;1;3;43,5250183141;5,4269397682
202200048587;29;11;2022;12:40;1;35;2;1;1;6;48,1200323665; -1,6370983422
202200048588;8;6;2022;23:45;5;94;2;1;2;1;48,7883800000;2,4208100000
202200048589;14;8;2022;07:25;1;75;2;1;1;1;48,8810860000;2,3700640000
202200048590;25;10;2022;13:50;1;69;2;1;1;6;45,7207872341;4,8589771986
202200048591;8;7;2022;07:30;1;13;1;1;1;3;43,4727525508;5,4094504291
202200048592;17;2;2022;14:30;1;974;2;3;1;6; -20,8856000000;55,4641400000
202200048593;29;11;2022;08:34;1;35;1;1;1;3;48,1183500000; -1,5725800000
202200048594;9;6;2022;08:55;1;94;2;1;1;6;48,7787800000;2,3675000000
202200048595;14;8;2022;21:15;5;75;2;3;2;7;48,8569975855;2,3673444986
202200048596;25;10;2022;08:10;1;69;2;3;1;3;45,7246847964;4,8540392518
202200048597;7;7;2022;00:05;3;13;1;9;1;2;43,5053600000;5,3989900000
202200048598;14;8;2022;16:15;1;94;2;1;2;6;48,7281618767;2,4437499046
202200048599;16;2;2022;15:25;1;973;2;1;1;6;4,9170500000; -52,2986900000
202200048600;9;6;2022;17:20;1;94;2;3;1;6;48,7808301845;2,5240284204
202200048601;29;11;2022;07:25;5;35;2;1;2;4;48,0837400000; -1,6738000000
202200048602;25;10;2022;02:00;5;67;2;1;2;6;48,5560000000;7,7715600000
202200048603;29;6;2022;18:02;1;11;2;1;1;2;43,1691600000;2,9830600000
202200048604;29;11;2022;15:40;1;34;2;1;1;5;43,5969600000;3,8759000000
202200048605;17;2;2022;19:00;5;69;2;2;1;3;45,7569700000;4,8646100000
202200048606;23;10;2022;19:46;5;66;2;1;1;6;42,6940800000;2,8881100000
202200048607;8;7;2022;07:55;1;11;2;1;1;7;43,1988000000;2,3502000000
202200048608;9;6;2022;14:40;1;94;2;3;1;3;48,8253700000;2,4077400000
202200048609;14;8;2022;06:10;5;94;2;2;1;3;48,8149210000;2,4631390000
202200048610;8;7;2022;06:20;2;11;1;1;1;6;43,2252400000;2,3283200000
202200048611;9;6;2022;17:35;1;94;2;9;1;6;48,7715569012;2,5184091926
202200048612;29;11;2022;11:27;1;34;1;1;1;3;43,3417100000;3,4855500000
202200048613;17;2;2022;18:25;5;69;2;1;1;6;45,7674168979;4,8545756936
202200048614;22;10;2022;15:27;1;66;2;1;1;3;42,6712600000;2,8952900000
202200048615;13;8;2022;22:20;5;94;2;2;1;2;48,7624096153;2,4795008727
202200048616;22;10;2022;00:16;5;66;2;1;1;6;42,6982700000;2,8891100000
202200048617;8;6;2022;23:20;5;93;2;1;1;6;48,9409400000;2,5106000000
202200048618;5;7;2022;10:45;1;11;2;1;1;3;43,2356100000;2,3663000000
202200048619;14;8;2022;00:40;5;94;2;1;1;7;48,7951930000;2,5245400000
202200048620;29;11;2022;18:35;5;33;2;1;1;6;44,7820500000; -0,6076700000
202200048621;17;2;2022;15:20;1;69;2;2;1;3;45,7596800000;4,8490800000
202200048622;30;3;2022;17:15;1;94;2;1;2;2;48,8151000000;2,3329600000
202200048623;25;10;2022;18:35;1;64;1;1;1;3;43,3446000000; -0,4304600000
202200048624;10;7;2022;17:45;1;10;2;1;1;6;48,2748247197;4,0764856339
202200048625;9;6;2022;15:25;1;93;2;2;1;6;48,9196570000;2,3617780000
202200048626;29;11;2022;08:15;2;33;2;1;2;3;44,8727174996; -0,5597394705
202200048627;14;8;2022;18:10;1;94;2;2;1;3;48,8178339988;2,4195443094
202200048628;17;2;2022;12:00;1;69;2;1;1;3;45,7233500000;4,8652400000
202200048629;25;10;2022;10:10;1;64;2;6;1;3;43,3220700000; -0,4013500000
202200048630;6;7;2022;08:32;1;10;2;1;1;2;48,2915025939;4,0344285965
202200048631;30;3;2022;12:26;1;94;2;1;8;4;48,8114693424;2,3620133399
202200048632;9;6;2022;17:45;1;93;2;2;1;3;48,8713000000;2,4864300000
202200048633;29;11;2022;19:50;5;31;2;1;1;1;43,6194300000;1,4667400000
202200048634;14;8;2022;10:50;1;93;2;2;1;3;48,9296434395;2,3565376539
202200048635;17;2;2022;13:15;1;69;2;3;1;3;45,7378900000;4,8648500000
202200048636;21;10;2022;14:05;1;63;1;1;1;5;45,7858200000;3,2040300000
202200048637;30;3;2022;16:30;1;93;2;1;2;6;48,8539007672;2,5388471705
202200048638;29;11;2022;13:25;1;31;2;1;1;6;43,5682300000;1,4038500000
202200048639;9;6;2022;11:19;1;93;2;1;1;6;48,8649664176;2,4877864122
202200048640;5;7;2022;15:18;1;10;2;1;1;3;48,2996539222;4,0765982866
202200048641;21;10;2022;03:33;5;63;2;1;1;6;45,7736800000;3,0801100000
202200048642;13;8;2022;13:30;1;93;2;3;1;3;48,9172434488;2,4459859037
202200048643;29;11;2022;10:40;1;31;2;1;1;6;43,5954900000;1,4193300000
202200048644;17;2;2022;07:50;1;69;2;2;8;3;45,7717700000;4,8551300000
202200048645;29;3;2022;22:15;5;93;2;1;1;1;48,8659100000;2,5235200000
202200048646;13;6;2022;07:58;1;10;2;1;1;6;48,3030368409;4,0771293640
202200048647;9;6;2022;18:40;1;93;2;1;1;2;48,8945900000;2,4490600000
202200048648;14;8;2022;07:09;1;93;2;3;1;6;48,8989600000;2,5860900000
202200048649;18;10;2022;10:33;1;63;2;1;1;2;45,7711100000;3,0900300000
202200048650;17;2;2022;21:25;5;69;2;1;1;3;45,7727700000;4,8131200000
202200048651;30;3;2022;01:20;5;93;2;1;1;6;48,8551780966;2,4199780449
202200048652;7;7;2022;15:40;1;07;2;1;1;1;44,7257190000;4,6003980000
202200048653;29;11;2022;15:15;1;29;2;6;1;2;47,8885224200; -3,9184910000
202200048654;14;8;2022;13:17;1;92;2;1;8;2;48,8851069067;2,2392588258
202200048655;25;10;2022;19:30;5;59;2;3;1;6;50,6199726067;3,0428910255
202200048656;8;6;2022;23:24;5;93;2;9;8;3;48,9024661801;2,4629405737
202200048657;28;11;2022;04:45;5;29;2;1;3;6;48,4179854235; -4,4871293915
202200048658;16;2;2022;20:20;5;69;2;2;8;3;45,7700700000;4,8045600000
202200048659;30;3;2022;20:40;2;93;2;1;2;2;48,9176514318;2,5341464707
202200048660;10;7;2022;17:25;1;06;2;1;1;-1;43,6974300000;7,2731300000
202200048661;14;8;2022;17:10;1;92;2;2;1;3;48,8255387877;2,2418863177
202200048662;9;6;2022;08:08;1;93;2;1;1;1;48,8756900000;2,5305600000
202200048663;17;2;2022;09:00;1;2B;2;1;1;7;42,6959300000;9,4468600000
202200048664;26;3;2022;01:15;5;93;2;1;1;6;48,8880000000;2,5440000000
202200048665;12;8;2022;20:55;2;28;1;1;1;7;48,2432350000;1,1585160000
202200048666;25;10;2022;17:15;1;56;2;3;1;7;47,7571500000; -3,3553700000
202200048667;9;7;2022;17:24;1;06;2;2;1;3;43,6942800000;7,2566200000
202200048668;17;2;2022;08:02;1;91;2;1;1;1;48,6534200000;2,3158500000
202200048669;30;3;2022;12:50;1;93;2;3;2;6;48,9579200000;2,4158800000
202200048670;9;6;2022;10:15;1;93;2;2;1;6;48,8633240000;2,4666580000
202200048671;15;8;2022;10:20;1;63;1;1;8;7;45,6384000000;2,8453000000
202200048672;18;2;2022;01:15;3;91;2;1;1;7;48,7329200000;2,3007700000
202200048673;14;8;2022;19:00;2;88;1;1;8;7;48,0960360000;7,0244590000
202200048674;7;7;2022;16:35;1;06;2;6;1;3;43,7309100000;7,2882700000
202200048675;25;10;2022;07:40;1;54;2;3;1;6;48,6945483441;6,1279892921
202200048676;30;3;2022;20:30;5;93;2;1;2;3;48,8946100000;2,4210700000
202200048677;5;11;2022;10:25;1;22;2;1;1;2;48,5067600000; -2,7493300000
202200048678;8;6;2022;21:35;5;93;2;2;1;3;48,8742400000;2,4280500000
202200048679;10;7;2022;20:10;1;06;2;1;1;-1;43,7743000000;7,4924100000
202200048680;25;10;2022;18:45;5;54;2;9;9;7;48,7000154309;6,1660712957
202200048681;29;11;2022;07:00;5;17;2;1;1;7;45,7416630000; -0,6500860000
202200048682;15;8;2022;10:25;1;41;1;1;2;2;47,3524460000;2,0502380000
202200048683;30;3;2022;10:55;1;93;2;6;3;3;48,9319661713;2,4908250433
202200048684;13;6;2022;05:30;2;06;2;1;1;6;43,7545350000;7,4424620000
202200048685;9;6;2022;19:20;1;93;2;2;1;3;48,9102110000;2,5100930000
202200048686;11;2;2022;20:00;5;83;2;3;1;3;43,1203362166;5,9488959610
202200048687;25;10;2022;11:10;1;51;2;2;1;3;49,2560700000;4,0554200000
202200048688;30;3;2022;20:45;5;92;2;1;1;7;48,8593730000;2,2102950000
202200048689;14;8;2022;12:17;1;25;1;1;1;6;47,4313970000;6,6992570000
202200048690;7;7;2022;14:00;1;06;1;1;1;2;43,6463140000;6,9629790000
202200048691;30;3;2022;11:35;1;92;2;1;2;7;48,7980292946;2,2789415717
202200048692;15;8;2022;09:20;1;26;1;1;1;6;45,2678800000;4,8238080000
202200048693;9;6;2022;15:30;1;93;2;3;1;3;48,9070900000;2,4892000000
202200048694;16;2;2022;15:25;1;81;2;1;2;6;43,9367987000;2,1468883000
202200048695;25;10;2022;07:50;1;51;2;1;1;4;49,2811000000;4,0397000000
202200048696;7;7;2022;11:15;1;06;2;1;1;3;43,6455780000;6,9143150000
202200048697;30;3;2022;10:23;1;92;1;9;3;6;48,8901065158;2,2511989474
202200048698;14;8;2022;05:00;2;41;2;1;1;6;47,8872550000;1,5462340000
202200048699;24;10;2022;11:20;1;51;2;1;1;7;49,2414720865;4,0137487650
202200048700;5;7;2022;12:30;1;06;2;1;1;1;43,5467000000;7,0322000000
202200048701;9;6;2022;12:30;1;93;2;3;1;3;48,9505700000;2,4400700000
202200048702;30;3;2022;16:00;1;92;2;1;8;6;48,9010987654;2,3011853993
202200048703;15;8;2022;10:45;1;47;1;1;1;7;44,5655280000;0,1148750000