Accident_Id;jour;mois;an;hrmn;lum;dep;agg;int;atm;col;lat;long
202200048704;16;2;2022;13:25;1;80;2;2;1;5;49,8768100000;2,2589000000
202200048705;7;6;2022;09:45;1;06;2;1;1;6;43,5530680000;7,0249380000
202200048706;24;10;2022;18:10;1;50;2;2;2;4;49,6297040000; -1,6424150000
202200048707;9;6;2022;17:30;1;92;2;1;1;6;48,8853186436;2,1957370341
202200048708;14;8;2022;15:16;1;19;1;1;1;1;45,2997080000;2,0764900000
202200048709;30;3;2022;16:22;1;92;2;2;1;3;48,9011215544;2,3136688024
202200048710;9;6;2022;09:10;1;92;2;1;1;6;48,9187000000;2,2226700000
202200048711;5;7;2022;08:40;1;06;2;3;1;6;43,5686940000;7,0742080000
202200048712;17;2;2022;09:22;1;78;2;2;1;6;48,9217700000;2,1877200000
202200048713;25;10;2022;14:00;1;47;2;1;1;2;44,2017100000;0,6319400000
202200048714;15;8;2022;19:35;1;76;1;1;1;1;49,7745483535;1,6181015968
202200048715;30;6;2022;08:25;1;05;1;1;1;7;44,5513070000;6,0303810000
202200048716;29;3;2022;08:50;1;92;2;1;1;2;48,9078000000;2,2999100000
202200048717;11;2;2022;19:40;5;78;2;1;1;3;48,9461400000;2,2039800000
202200048718;9;6;2022;07:45;1;92;2;1;1;6;48,8874294379;2,1990490258
202200048719;14;8;2022;14:30;1;76;1;1;1;7;49,5504050000;1,0474990000
202200048720;29;3;2022;21:10;4;92;2;1;1;7;48,9095173244;2,2931331396
202200048721;25;10;2022;17:35;1;45;2;3;1;3;47,9163700000;1,8301500000
202200048722;7;7;2022;10:47;1;05;2;6;1;3;44,8957600000;6,6327700000
202200048723;9;6;2022;19:30;2;92;2;1;8;2;48,8067799055;2,2932323813
202200048724;17;2;2022;17:00;1;78;2;2;1;3;48,8980400000;2,1239300000
202200048725;6;7;2022;15:45;1;04;2;1;1;6;43,8312200000;5,7844200000
202200048726;30;3;2022;16:28;1;49;2;3;8;3;47,3493130000; -0,8666590000
202200048727;9;6;2022;13:05;1;92;2;1;1;6;48,8151833439;2,3206611871
202200048728;21;10;2022;17:50;1;44;2;2;1;3;47,2823600000; -2,2064200000
202200048729;15;8;2022;07:30;2;65;1;1;1;6;43,3177550000;0,0703600000
202200048730;7;7;2022;16:10;1;02;2;1;1;2;49,6529100000;3,3481800000
202200048731;17;2;2022;02:05;5;77;1;1;6;3;48,6257500000;2,5761600000
202200048732;6;7;2022;17:10;1;01;2;1;1;6;46,2071300000;5,2298000000
202200048733;8;6;2022;18:54;1;92;2;1;1;4;48,7777900000;2,2327300000
202200048734;13;8;2022;13:15;1;38;1;1;1;1;45,1029290000;5,2507220000
202200048735;30;3;2022;21:10;3;77;1;1;1;2;48,9146030000;2,9772950000
202200048736;25;10;2022;09:20;1;37;2;1;1;6;47,4312082033;0,6905400753
202200048737;15;2;2022;19:45;5;76;2;2;2;6;49,4940800000;0,1384600000
202200048738;10;7;2022;18:40;1;75;2;1;1;2;48,8289990000;2,4001340000
202200048739;15;8;2022;01:30;3;70;1;1;2;6;47,6052480000;6,7722880000
202200048740;9;6;2022;19:50;1;92;2;2;1;3;48,8400800000;2,2374500000
202200048741;30;3;2022;14:54;1;972;1;1;1;3;14,5246820000; -60,9842970000
202200048742;25;10;2022;22:40;5;33;2;3;1;3;44,7933094720; -0,5674843490
202200048743;17;2;2022;13:15;1;74;2;4;1;2;46,1808000000;6,2297800000
202200048744;9;7;2022;13:30;1;75;2;1;1;4;48,8250360000;2,3035490000
202200048745;15;8;2022;06:00;2;26;1;1;5;7;44,4510530000;5,3706410000
202200048746;5;6;2022;19:15;1;33;2;1;1;2;45,0795360000;0,0151010000
202200048747;30;3;2022;16:20;1;88;1;1;3;3;48,1886790000;6,7921900000
202200048748;25;10;2022;10:00;1;33;2;6;1;3;44,8662024773; -0,5752345920
202200048749;14;8;2022;22:20;3;26;1;1;1;7;44,7093780000;4,9544930000
202200048750;16;2;2022;13:20;1;71;2;1;2;3;46,2978900000;4,8195300000
202200048751;9;7;2022;15:20;1;75;2;1;1;2;48,8219220000;2,3167330000
202200048752;30;3;2022;17:40;1;64;2;1;8;6;43,4016530000; -0,5860570000
202200048753;25;10;2022;08:55;1;32;2;3;1;6;43,6360300000;0,5836100000
202200048754;14;8;2022;15:40;1;26;1;1;2;3;44,7243490000;4,9962040000
202200048755;17;2;2022;16:15;1;71;2;6;1;3;46,7725749136;4,8590678219
202200048756;10;6;2022;10:30;1;33;1;9;1;3;44,5699720000;0,0170640000
202200048757;9;7;2022;01:40;5;75;2;1;1;2;48,8572460000;2,2584890000
202200048758;25;10;2022;13:50;1;31;2;1;1;6;43,6015900000;1,4503590000
202200048759;31;3;2022;14:55;1;35;2;1;1;6;48,0568480000; -1,1534040000
202200048760;17;2;2022;18:03;2;69;2;1;1;3;45,7802900000;4,9140900000
202200048761;8;7;2022;18:30;1;75;2;4;1;3;48,8448280000;2,2548020000
202200048762;25;10;2022;10:23;1;31;2;1;1;1;43,6653500000;1,4301800000
202200048763;15;8;2022;16:50;1;05;1;1;1;5;44,6361240000;6,5654900000
202200048764;8;7;2022;17:45;1;75;2;1;1;6;48,8881980000;2,2923650000
202200048765;17;2;2022;17:55;1;69;2;6;1;2;45,9953700000;4,7208000000
202200048766;31;3;2022;21:30;5;62;2;1;8;6;50,2789310000;2,8191450000
202200048767;14;8;2022;20:25;1;73;1;1;1;6;45,4655100000;5,7365880000
202200048768;25;10;2022;15:15;1;29;1;1;1;3;48,0024800000; -4,0433800000
202200048769;9;6;2022;19:00;3;974;2;1;1;3; -21,2764680000;55,4972840000
202200048770;8;7;2022;16:20;1;75;2;1;1;3;48,8950310000;2,3065890000
202200048771;9;2;2022;16:20;1;62;2;6;1;6;50,4222550000;2,9113990000
202200048772;25;3;2022;14:00;1;34;2;1;7;2;43,5743050000;3,8219170000
202200048773;14;8;2022;06:50;1;36;1;1;1;6;46,6574976961;1,9398808479
202200048774;24;10;2022;18:30;1;29;2;1;1;6;48,0110000000; -4,0912500000
202200048775;9;6;2022;16:10;1;83;2;6;1;6;43,1884630000;6,5810810000
202200048776;12;2;2022;10:45;1;59;2;1;7;6;50,6667963858;3,0776336789
202200048777;30;3;2022;18:00;1;35;1;9;1;2;48,2349500000; -1,6217000000
202200048778;28;9;2022;07:05;5;19;2;1;1;2;45,1565700000;1,5205900000
202200048779;8;7;2022;10:23;1;75;2;1;1;3;48,8983510000;2,3146430000
202200048780;15;8;2022;17:00;1;07;1;1;1;7;44,9795000000;4,6158560000
202200048781;17;2;2022;14:25;1;51;2;1;1;3;49,2405100000;3,9909300000
202200048782;31;3;2022;04:00;3;74;2;1;1;6;45,8954260000;6,6415140000
202200048783;24;10;2022;22:50;5;17;2;1;1;7;46,1427600000; -1,1392000000
202200048784;13;8;2022;13:50;1;07;1;1;1;7;44,6189740000;4,7359230000
202200048785;10;6;2022;08:00;1;974;1;1;1;5; -21,1362510000;55,2791850000
202200048786;17;2;2022;09:45;1;49;2;1;1;7;47,5203300000; -0,5898400000
202200048787;8;7;2022;07:55;1;75;2;1;1;4;48,8235200000;2,3103580000
202200048788;22;10;2022;14:23;1;14;1;1;1;7;49,1153200000;0,1957000000
202200048789;30;3;2022;17:00;1;80;2;4;2;6;50,2630370000;2,0151490000
202200048790;15;8;2022;16:08;1;24;1;1;1;7;45,0479440000;1,3774060000
202200048791;25;10;2022;08:38;1;13;2;1;8;1;43,4218900000;5,2868200000
202200048792;16;2;2022;19:10;5;49;2;6;1;3;47,4678600000; -0,5207800000
202200048793;8;7;2022;08:30;5;75;2;1;1;3;48,8705970000;2,2723520000
202200048794;31;3;2022;05:10;3;71;1;1;1;1;46,5789820000;5,2760020000
202200048795;17;2;2022;06:45;5;42;1;1;8;2;45,5046200000;4,5664600000
202200048796;25;10;2022;16:15;1;13;2;1;1;1;43,3328700000;5,4363400000
202200048797;8;7;2022;05:50;5;75;2;4;1;7;48,9001930000;2,3810270000
202200048798;13;8;2022;20:00;1;17;1;1;1;2;45,2846550000; -0,2422360000
202200048799;30;3;2022;17:10;1;49;1;1;1;1;47,3679840000; -0,2531150000
202200048800;10;6;2022;05:15;2;62;1;2;1;3;50,1909150000;2,5653260000
202200048801;25;10;2022;12:35;1;13;2;1;1;3;43,3334974806;5,4400308430
202200048802;17;2;2022;15:05;1;37;2;1;1;1;47,3977101124;0,6679451466
202200048803;13;8;2022;16:45;1;08;2;3;1;6;49,8846640000;4,8213080000
202200048804;27;3;2022;16:35;1;42;1;1;1;6;45,3631820000;4,5533180000
202200048805;17;2;2022;18:30;2;35;1;1;1;6;48,1416948687; -1,6669794917
202200048806;25;10;2022;07:50;1;13;2;1;1;3;43,3072744575;5,4238262773
202200048807;8;7;2022;00:15;5;75;2;4;1;3;48,8922990000;2,3953520000
202200048808;4;6;2022;16:20;1;57;1;1;1;5;49,0501990000;7,5053410000
202200048809;31;3;2022;09:20;1;47;1;3;1;3;44,2619360000;0,3478770000
202200048810;17;2;2022;08:15;1;35;2;6;1;3;48,1041600000; -1,6501800000
202200048811;24;10;2022;16:15;1;13;2;1;1;2;43,3003000000;5,3806700000
202200048812;9;6;2022;19:40;1;57;2;1;1;6;48,7414250000;7,2339120000
202200048813;14;2;2022;17:50;1;34;2;1;1;7;43,3433600000;3,2250200000
202200048814;24;10;2022;15:57;1;10;1;1;1;1;48,2609842339;4,0948212147
202200048815;31;3;2022;10:50;1;68;1;5;1;3;47,9045620000;7,4017810000
202200048816;6;6;2022;22:00;3;57;1;1;1;7;48,8915500000;6,4132050000
202200048817;14;8;2022;18:40;2;976;1;1;1;1; -12,7516080000;45,0916240000
202200048818;17;2;2022;14:44;1;33;2;2;2;3;44,8507300000; -0,6785000000
202200048819;25;10;2022;18:45;1;06;2;9;1;3;43,6361424514;6,9513577223
202200048820;31;3;2022;12:19;1;68;2;1;2;6;47,6315580000;7,1105040000
202200048821;8;6;2022;12:30;1;56;1;1;7;6;47,7143400000; -2,5154010000
202200048822;25;10;2022;06:50;5;06;2;1;1;3;43,6387669142;6,9501024485
202200048823;9;6;2022;17:30;1;56;1;1;1;7;47,6065170000; -2,2248330000
202200048824;15;2;2022;16:50;1;31;2;1;1;5;43,6006220000;1,4645440000
202200048825;14;8;2022;04:25;3;28;1;1;1;3;48,2037580000;1,8495550000
202200048826;9;6;2022;05:00;2;59;1;1;1;6;50,8837410000;2,5756820000
202200048827;30;3;2022;18:00;1;22;1;2;1;3;48,3925950000; -2,5750280000
202200048828;6;10;2022;20:45;5;02;2;3;1;3;49,3888200000;3,3371200000
202200048829;17;2;2022;11:50;1;29;2;1;1;1;48,0062700000; -4,0308800000
202200048830;11;8;2022;08:08;1;30;1;1;1;4;43,8087340000;4,3394280000
202200048831;30;3;2022;18:00;1;44;1;1;1;6;47,5741660000; -1,9188740000
202200048832;14;8;2022;21:15;3;988;1;1;2;7; -21,0857010000;165,4174410000
202200048833;9;6;2022;17:25;1;74;1;2;1;3;45,8731830000;6,2121220000
202200048834;17;2;2022;17:50;1;29;1;9;8;1;47,9157900000; -3,9425700000
202200048835;4;6;2022;19:35;1;78;2;1;1;6;48,8842550000;1,5911520000
202200048836;30;3;2022;20:32;5;31;2;1;1;2;43,2141570000;1,2238120000
202200048837;24;10;2022;18:27;2;75;2;2;1;6;48,8670500000;2,3206610000
202200048838;17;2;2022;15:55;1;27;2;6;1;3;49,2530600000;1,1941500000
202200048839;10;6;2022;14:00;1;76;1;1;1;1;49,6656672821;0,9993106127
202200048840;29;3;2022;07:40;2;31;1;1;1;1;43,7873050000;1,3066200000
202200048841;24;10;2022;08:10;2;75;2;2;1;7;48,8631130000;2,3497430000
202200048842;14;8;2022;16:40;1;83;2;1;1;6;43,3079730000;6,6399320000
202200048843;17;2;2022;20:20;5;26;1;1;1;7;44,9368000000;4,9350000000
202200048844;24;10;2022;18:15;1;92;2;1;8;6;48,9237661662;2,2524083555
202200048845;13;8;2022;09:30;1;83;1;1;1;7;43,7128280000;5,8567540000
202200048846;25;3;2022;17:50;1;31;2;1;1;5;43,8314500000;1,3923450000
202200048847;10;6;2022;20:10;1;79;1;3;1;7;46,2696580000; -0,4264010000
202200048848;17;2;2022;05:10;3;17;1;6;3;6;46,1315700000; -1,1023800000
202200048849;29;3;2022;18:25;1;02;1;1;8;6;49,4697870000;3,4474590000
202200048850;25;10;2022;16:30;1;75;2;1;1;3;48,8785510000;2,2808110000
202200048851;15;8;2022;13:05;1;04;1;1;1;1;43,7958300000;6,3824720000
202200048852;10;6;2022;08:45;1;79;1;2;1;7;46,4237480000; -0,4083180000
202200048853;14;8;2022;18:35;1;13;1;1;1;7;43,3060880000;5,6662630000
202200048854;17;2;2022;19:50;5;13;2;1;1;1;43,2807690910;5,4072644368
202200048855;31;3;2022;06:50;2;03;1;1;3;3;46,3912350000;3,3067670000
202200048856;25;10;2022;16:45;2;75;2;1;1;6;48,8440460000;2,3692400000
202200048857;10;6;2022;01:45;3;71;1;1;5;6;46,8601360000;5,3759120000
202200048858;17;3;2022;18:30;3;64;1;1;2;7;43,3602900000; -1,0810270000
202200048859;24;10;2022;10:20;1;75;2;2;1;6;48,8431220000;2,3264260000
202200048860;14;8;2022;12:15;1;68;2;1;1;2;48,2325400000;7,3660250000
202200048861;16;2;2022;14:56;1;13;2;3;1;1;43,3418000000;5,4715900000
202200048862;25;10;2022;17:10;1;75;2;3;1;7;48,8446250000;2,2969000000
202200048863;14;8;2022;09:45;1;67;1;1;1;7;48,9508870000;7,8246050000
202200048864;9;6;2022;14:45;1;89;1;1;7;2;47,5262140000;3,7805840000
202200048865;16;2;2022;15:20;1;13;2;1;1;1;43,2992500000;5,3858600000
202200048866;31;3;2022;12:08;1;68;1;1;8;4;47,9079710000;7,3662900000
202200048867;14;8;2022;03:00;3;67;1;1;1;1;48,4608880000;7,4458550000
202200048868;17;2;2022;08:30;1;13;1;1;1;1;43,5432160000;4,9557060000
202200048869;24;10;2022;08:21;1;75;2;1;1;4;48,8395430000;2,3752550000
202200048870;14;8;2022;05:30;2;74;2;1;1;6;46,0156720000;6,3959820000
202200048871;22;5;2022;20:00;1;34;1;1;1;7;43,7117040000;3,6085800000
202200048872;31;3;2022;08:40;1;31;2;3;2;3;43,5020480000;1,6168950000
202200048873;15;8;2022;16:00;1;42;1;1;1;1;45,8031170000;4,2738710000
202200048874;16;2;2022;12:55;1;12;1;6;2;3;44,5425100000;2,3077600000
202200048875;10;6;2022;18:49;1;25;2;1;1;7;47,4404180000;6,7853770000
202200048876;24;10;2022;23:10;5;75;2;3;1;1;48,8656160000;2,3035770000
202200048877;31;3;2022;04:20;5;987;1;1;1;2; -17,7278810000; -149,3257960000
202200048878;16;2;2022;09:29;1;10;2;1;2;6;48,2979200000;4,0534560000
202200048879;15;8;2022;07:55;1;26;2;1;1;1;44,4786870000;4,7392970000
202200048880;9;6;2022;11:50;1;25;2;1;1;1;47,0338170000;5,7966880000
202200048881;24;10;2022;20:26;5;75;2;3;1;3;48,8624260000;2,3116410000
202200048882;14;8;2022;15:45;1;19;1;1;1;6;45,2194780000;1,7018660000
202200048883;17;2;2022;17:10;1;06;2;1;1;3;43,6949590000;7,2674420000
202200048884;24;10;2022;09:10;1;75;2;3;1;3;48,8546480000;2,3477230000
202200048885;14;8;2022;16:15;1;33;2;6;1;3;45,3108350000; -0,9390470000
202200048886;17;2;2022;19:30;5;75;2;3;1;6;48,8773880000;2,2840220000
202200048887;27;3;2022;15:15;1;68;1;1;7;3;48,2455860000;7,2181360000
202200048888;9;6;2022;10:30;1;29;1;1;2;1;47,9789780000; -4,2035150000
202200048889;24;10;2022;18:27;5;94;2;6;2;3;48,7345300000;2,4638800000
202200048890;14;8;2022;10:55;1;76;1;1;1;6;49,7343836638;1,3802486658
202200048891;17;2;2022;01:00;5;75;2;7;2;6;48,8854010000;2,2972680000
202200048892;14;8;2022;13:55;1;13;1;1;1;7;43,4938500000;5,2401100000
202200048893;9;6;2022;22:45;3;38;1;1;1;3;45,4449580000;4,9960700000
202200048894;16;2;2022;10:45;1;75;2;2;2;6;48,8622844502;2,2383154929
202200048895;25;10;2022;18:00;1;94;2;4;1;6;48,8381820000;2,5213250000
202200048896;24;3;2022;15:00;1;74;2;1;1;7;45,8513980000;6,3286610000
202200048897;13;8;2022;20:00;1;13;1;1;1;2;43,3721500000;5,3613300000
202200048898;9;6;2022;23:25;3;01;2;6;1;3;46,0494930000;5,3289140000
202200048899;16;2;2022;09:55;1;75;2;7;2;3;48,8335740000;2,3092430000
202200048900;25;10;2022;07:55;2;94;2;2;8;3;48,7868800000;2,3618600000
202200048901;30;3;2022;10:35;1;40;1;3;1;7;44,3011240000; -1,1754300000
202200048902;10;6;2022;16:20;1;01;1;1;1;1;45,6538510000;5,6064500000
202200048903;14;8;2022;19:40;1;67;1;1;1;6;48,5885400000;7,7056200000
202200048904;17;2;2022;10:15;1;75;2;4;1;6;48,8261580000;2,3585770000
202200048905;30;3;2022;15:25;1;29;2;1;1;6;48,5759970000; -4,3185820000
202200048906;10;6;2022;14:30;1;14;1;1;1;1;49,1472731800; -0,4187382400
202200048907;17;2;2022;10:00;1;75;2;1;1;6;48,8406730000;2,3696340000
202200048908;14;8;2022;20:10;2;91;1;1;2;1;48,6254100000;2,3554700000
202200048909;24;10;2022;13:40;1;94;2;9;3;3;48,7809500000;2,4573300000
202200048910;10;6;2022;11:35;1;50;2;1;1;6;49,0349560000; -1,5197830000
202200048911;26;3;2022;11:57;1;13;1;1;1;2;43,3664780000;5,3608340000
202200048912;16;2;2022;23:37;5;75;2;2;1;3;48,8322340000;2,3797920000
202200048913;14;8;2022;09:30;1;94;1;1;1;2;48,8156746590;2,3565021889
202200048914;6;6;2022;14:30;1;43;1;1;1;7;45,1420940000;4,4427250000
202200048915;25;10;2022;09:00;1;93;2;1;1;3;48,9154409091;2,3594467694
202200048916;26;3;2022;10:57;1;13;1;1;1;2;43,3769100000;5,3585100000
202200048917;17;2;2022;08:56;1;75;2;2;1;6;48,8660110000;2,3662950000
202200048918;12;8;2022;11:22;1;91;1;1;1;5;48,7103800000;2,3021000000
202200048919;30;3;2022;07:50;1;13;1;1;1;3;43,3290000000;5,3780000000
202200048920;17;2;2022;21:10;5;75;2;5;1;7;48,8689450000;2,3098510000
202200048921;25;10;2022;19:00;2;93;2;2;1;3;48,8294000000;2,5741000000
202200048922;6;6;2022;18:10;1;36;1;3;1;3;46,4978670000;1,7619740000
202200048923;14;8;2022;06:00;2;92;1;1;1;6;48,8377471332;2,1898883645
202200048924;17;2;2022;18:20;5;75;2;3;1;7;48,8670910000;2,3160750000
202200048925;29;3;2022;08:16;1;33;1;1;1;2;44,8832200000; -0,5541000000
202200048926;10;6;2022;18:30;1;07;2;6;1;7;44,7479980000;4,7460080000
202200048927;14;8;2022;03:40;3;92;1;1;1;6;48,8923673365;2,1822202572
202200048928;25;10;2022;17:53;1;93;2;2;1;2;48,8568300000;2,4431500000
202200048929;28;3;2022;20:22;5;59;1;1;1;6;50,6866885682;3,1364893913
202200048930;17;2;2022;02:07;5;75;2;7;2;3;48,8640870000;2,3201160000
202200048931;24;10;2022;12:55;1;93;2;1;1;3;48,8835217331;2,5293941204
202200048932;13;8;2022;23:40;3;95;1;1;1;4;49,0346875762;2,1135941148
202200048933;9;6;2022;12:25;1;21;1;1;1;1;47,3453284520;4,4847770029
202200048934;28;3;2022;13:34;1;59;1;1;1;4;50,4209010642;3,6344602704
202200048935;12;8;2022;22:54;4;77;1;1;1;1;48,8298618816;2,7470483846
202200048936;17;2;2022;14:35;1;75;2;3;1;2;48,8556630000;2,3234150000
202200048937;10;6;2022;18:25;1;04;2;1;7;6;44,0304930000;5,9787080000
202200048938;25;10;2022;16:20;1;93;2;1;1;6;48,9200000000;2,4100000000
202200048939;13;8;2022;18:00;1;78;2;6;1;6;48,9745300000;1,9165800000
202200048940;17;2;2022;20:45;5;75;2;3;1;6;48,8548090000;2,3687390000
202200048941;30;3;2022;07:30;1;94;1;1;2;2;48,7560300000;2,3413200000
202200048942;25;10;2022;13:20;1;93;2;2;1;3;48,9280400000;2,3853300000
202200048943;12;8;2022;23:55;5;988;2;1;1;1; -22,2657000000;166,4113700000
202200048944;9;6;2022;20:15;2;85;2;2;1;1;46,5392300000; -1,2336400000
202200048945;17;2;2022;10:25;1;75;2;2;1;3;48,8535480000;2,3469290000
202200048946;30;3;2022;12:50;1;78;1;1;1;2;48,7996750000;1,9651080000
202200048947;9;6;2022;19:00;1;30;1;1;1;6;43,9656032396;4,5039732455
202200048948;12;8;2022;17:20;1;974;2;1;1;3; -20,9518000000;55,3050000000
202200048949;25;10;2022;10:15;1;93;2;1;1;3;48,9053572127;2,4803306854
202200048950;17;2;2022;10:50;1;75;2;2;1;3;48,8578750000;2,3502090000
202200048951;10;6;2022;10:45;1;08;2;1;1;6;49,9926345445;4,7010074258
202200048952;13;8;2022;17:47;1;973;2;1;1;6;4,9148939176; -52,3266604543
202200048953;30;3;2022;07:50;1;92;1;1;1;2;48,7768085494;2,2306989883
202200048954;17;2;2022;09:10;1;94;2;2;1;3;48,7947300000;2,4179500000
202200048955;24;10;2022;12:00;1;93;2;1;1;1;48,9467000000;2,4690400000
202200048956;13;8;2022;15:16;1;973;2;1;1;2;4,9185900000; -52,3217100000
202200048957;4;6;2022;12:45;1;38;1;1;1;5;45,7548280000;5,0916480000
202200048958;17;2;2022;14:20;1;94;2;1;1;6;48,8462200000;2,4187300000
202200048959;25;10;2022;11:15;1;92;2;1;1;6;48,8627191151;2,2123900652
202200048960;13;8;2022;15:55;1;69;2;2;1;3;45,7268742544;4,8627644777
202200048961;4;6;2022;21:45;3;976;2;1;1;7; -12,7898830000;45,1303660000
202200048962;29;3;2022;09:00;1;78;1;1;1;5;48,7944380000;2,0494870000
202200048963;17;2;2022;17:15;1;94;2;1;1;3;48,7280000000;2,4459000000
202200048964;13;8;2022;06:10;2;69;2;2;1;3;45,7516600000;4,8535000000
202200048965;25;10;2022;08:42;1;92;2;2;1;3;48,8422751472;2,1670639515
202200048966;30;3;2022;07:45;1;95;1;1;2;3;48,9664899506;2,2561159730
202200048967;9;6;2022;06:00;2;84;1;1;1;2;44,1729710000;4,7590110000
202200048968;25;10;2022;15:20;1;92;2;1;8;6;48,8826294035;2,2769682705
202200048969;30;3;2022;08:30;1;95;1;1;1;2;48,9615100000;2,2681600000
202200048970;25;10;2022;21:39;5;92;2;3;2;6;48,8328760349;2,2544562220
202200048971;25;10;2022;15:00;1;92;2;1;1;7;48,7385559517;2,2760697305
202200048972;29;3;2022;23:30;3;95;1;1;8;6;48,9749965805;2,2427773476
202200048973;31;5;2022;20:25;1;83;2;1;1;1;43,1747930000;5,7095380000
202200048974;28;3;2022;15:30;1;93;1;1;1;7;48,8918257196;2,4732476664
202200048975;22;10;2022;08:40;1;37;1;1;7;6;46,9770830000;0,5831020000
202200048976;28;3;2022;07:50;2;95;1;1;1;3;49,0363744984;2,0938557386
202200048977;25;10;2022;19:15;3;12;1;1;1;6;44,3784820000;2,0244620000
202200048978;28;3;2022;09:00;1;974;2;1;1;6; -20,9365100000;55,2897200000
202200048979;24;10;2022;15:45;1;16;1;1;1;2;45,6647310000; -0,2186320000
202200048980;28;3;2022;20:30;5;973;2;1;1;6;4,9270342779; -52,3221489787
202200048981;24;10;2022;11:48;1;06;2;1;1;6;43,6499840000;7,1307850000
202200048982;29;3;2022;13:30;1;69;2;9;1;3;45,7321000000;4,8605500000
202200048983;21;10;2022;10:35;1;81;1;1;1;1;43,9061330000;2,5376920000
202200048984;26;10;2022;14:00;1;91;1;1;1;7;48,6456130000;2,2094320000
202200048985;29;3;2022;12:33;1;69;2;9;1;6;45,7586800000;4,8525700000
202200048986;25;10;2022;22:30;3;17;1;1;1;6;46,2028510000; -1,0235100000
202200048987;29;3;2022;10:05;1;69;2;1;1;6;45,7053900000;4,8875500000
202200048988;26;10;2022;13:30;1;89;2;1;1;3;48,1725130000;3,3397410000
202200048989;29;3;2022;16:25;1;972;2;9;1;3;14,6175800000; -60,9886500000
202200048990;26;10;2022;11:25;1;59;2;3;1;3;50,0366830000;3,3011880000
202200048991;26;10;2022;07:30;2;59;1;1;1;6;50,0968410000;3,3771220000
202200048992;25;10;2022;18:55;5;76;2;1;1;7;49,6045100000;1,0373070000
202200048993;28;3;2022;16:35;1;971;1;1;1;3;16,2563300000; -61,5328400000
202200048994;24;10;2022;13:45;1;2B;2;6;1;3;42,3016980000;9,1653500000
202200048995;28;3;2022;16:00;1;971;2;9;1;6;16,2494600000; -61,5348400000
202200048996;26;10;2022;08:45;1;80;2;3;1;3;50,0087530000;2,8684400000
202200048997;25;10;2022;16:24;1;82;1;1;1;1;44,1644137970;0,9994212760
202200048998;28;3;2022;07:15;1;971;1;1;1;3;16,2524900000; -61,5147500000
202200048999;25;10;2022;08:00;2;61;1;1;1;1;48,4476360000;0,7766600000
202200049000;29;3;2022;15:40;1;95;2;1;2;1;49,0074556241;2,4014461040
202200049001;24;10;2022;20:00;3;49;1;4;2;7;47,5500510000; -0,7032430000
202200049002;29;3;2022;12:50;1;95;2;1;1;3;49,0011670454;2,4077948928
202200049003;22;10;2022;17:50;1;42;2;2;1;3;45,7446060000;4,0050560000
202200049004;27;3;2022;20:27;5;87;2;3;1;3;45,8285900000;1,2561500000
202200049005;20;10;2022;23:30;3;42;1;4;2;6;45,5305610000;4,4755610000
202200049006;25;10;2022;11:30;1;22;1;1;1;7;48,2992110000; -3,5348080000
202200049007;25;10;2022;08:45;1;39;2;1;1;6;46,7460670000;5,4537720000
202200049008;25;3;2022;18:45;1;80;2;1;1;1;49,9020800000;2,2969900000
202200049009;25;10;2022;10:15;1;44;2;1;1;6;47,2439900000; -1,9343290000
202200049010;26;10;2022;09:19;1;35;2;1;7;6;48,1357565216; -1,9600899518
202200049011;28;3;2022;18:40;1;78;2;1;1;2;48,7775640000;2,0181430000
202200049012;26;10;2022;12:55;1;29;2;4;1;3;47,8189000000; -3,6185150000
202200049013;26;10;2022;10:00;1;01;2;1;1;6;46,0990177138;5,3163769841
202200049014;29;3;2022;20:20;5;76;2;1;6;3;49,2879900000;1,0071000000
202200049015;25;10;2022;20:30;3;01;1;1;1;1;46,2316390000;4,9130670000
202200049016;29;3;2022;09:50;2;76;1;6;2;1;49,3678760000;1,1067500000
202200049017;26;10;2022;11:15;1;54;2;1;1;6;49,3702800000;5,8961600000
202200049018;26;10;2022;16:33;1;05;1;1;1;7;44,5385880000;6,4751740000
202200049019;28;3;2022;19:20;1;76;2;3;1;1;49,5050833758;0,0862517953
202200049020;28;3;2022;17:15;1;76;2;1;1;6;49,4994000000;0,0947100000
202200049021;26;10;2022;11:53;1;18;1;1;1;-1;46,7426320000;2,5070710000
202200049022;25;10;2022;15:30;1;43;2;1;1;3;45,0997680000;3,7993170000
202200049023;29;3;2022;14:35;1;74;2;1;1;3;46,1988000000;6,2259000000
202200049024;25;10;2022;07:40;2;36;1;1;1;6;46,6561941794;1,5006551074
202200049025;26;10;2022;01:25;3;16;1;1;1;6;45,5642730000;0,2739090000
202200049026;29;3;2022;15:25;1;71;2;1;1;6;46,6604680000;4,3606770000
202200049027;25;10;2022;18:00;1;85;2;1;1;6;46,4602030000; -1,3378380000
202200049028;28;3;2022;17:30;1;71;2;1;1;6;46,6918880782;4,3813320994
202200049029;26;10;2022;08:15;1;30;1;1;1;6;43,5961600000;4,1957720000
202200049030;28;3;2022;19:49;2;69;2;1;1;3;45,9822592254;4,7190517187
202200049031;25;10;2022;17:45;1;08;2;1;1;3;49,8417220000;4,5395050000
202200049032;20;10;2022;20:17;3;49;1;1;1;2;47,5016050000; -0,4708670000