Accident_Id;jour;mois;an;hrmn;lum;dep;agg;int;atm;col;lat;long
202200049033;29;3;2022;13:20;1;64;2;1;8;2;43,4936700000; -1,5109400000
202200049034;20;10;2022;23:10;3;01;1;1;1;6;45,8616460000;5,1659510000
202200049035;28;3;2022;15:35;1;62;2;1;1;6;50,4744000000;2,4890100000
202200049036;25;2;2022;14:30;1;59;2;1;1;3;50,5695580000;3,0212290000
202200049037;29;3;2022;08:45;1;56;2;1;1;6;47,6695000000; -2,7215060000
202200049038;26;10;2022;00:30;3;27;1;1;2;4;49,1338230000;1,3152270000
202200049039;28;3;2022;14:50;1;56;1;1;1;6;47,7859960000; -3,3333500000
202200049040;26;10;2022;15:10;1;77;1;2;7;3;48,5810930000;2,9642970000
202200049041;27;3;2022;20:30;1;56;2;2;1;3;47,7570000000; -3,3379700000
202200049042;25;10;2022;12:08;1;91;2;1;1;3;48,4840200000;2,3331680000
202200049043;26;3;2022;12:10;1;56;2;1;1;6;47,7375600000; -3,3822700000
202200049044;25;10;2022;08:30;1;30;1;1;1;1;44,1931070000;4,0434760000
202200049045;25;10;2022;23:50;3;83;1;1;1;6;43,3304730000;6,6682130000
202200049046;24;3;2022;18:45;1;56;2;1;1;3;47,7644800000; -3,3738200000
202200049047;26;10;2022;13:50;1;67;1;1;7;1;48,5415790000;7,4116030000
202200049048;23;3;2022;17:25;1;55;2;1;1;7;49,1676600000;5,3939200000
202200049049;25;10;2022;17:25;1;57;2;3;1;3;49,0622640000;7,2112990000
202200049050;28;3;2022;15:35;1;54;2;1;1;6;48,6824419619;6,1862924695
202200049051;26;10;2022;15:45;1;01;2;1;1;6;45,8459390000;5,0389910000
202200049052;29;3;2022;10:50;1;51;2;1;1;3;49,2659100000;4,0268400000
202200049053;25;10;2022;17:30;1;01;1;6;1;2;45,8210010000;4,9897080000
202200049054;23;10;2022;21:15;3;01;1;1;1;1;45,9131380000;5,2530130000
202200049055;29;3;2022;09:45;1;51;2;2;1;3;49,2440600000;4,0276400000
202200049056;23;10;2022;21:30;3;17;1;1;1;7;45,2740110000; -0,3674840000
202200049057;26;10;2022;17:50;1;50;2;3;1;3;49,6030860000; -1,6649120000
202200049058;25;10;2022;13:15;1;22;1;1;1;2;48,5408510000; -2,3971440000
202200049059;28;3;2022;16:05;1;50;2;3;1;3;49,6375500000; -1,5755800000
202200049060;26;10;2022;12:08;1;80;2;2;1;3;49,9115330000;2,5024150000
202200049061;28;3;2022;18:16;1;49;2;3;1;3;47,4704000000; -0,5476000000
202200049062;25;10;2022;09:00;1;13;1;1;1;2;43,3794464693;5,3541746529
202200049063;28;3;2022;16:39;1;49;2;2;1;3;47,4529500000; -0,5387100000
202200049064;25;10;2022;07:00;3;13;1;1;1;4;43,4053000000;5,3388800000
202200049065;23;10;2022;21:50;3;57;1;1;3;6;49,0912300000;6,2286300000
202200049066;24;10;2022;18:30;1;33;1;1;1;2;44,8584596871; -0,6619316339
202200049067;20;2;2022;18:18;1;42;2;2;1;3;45,4420900000;4,4083300000
202200049068;25;10;2022;12:15;1;94;1;1;1;3;48,7802000000;2,3468000000
202200049069;25;10;2022;11:55;1;92;1;1;1;3;48,9348887042;2,2678495223
202200049070;24;3;2022;07:55;1;41;2;1;1;3;47,5825000000;1,2980000000
202200049071;25;10;2022;09:40;1;93;1;1;1;5;48,8775091635;2,4774153900
202200049072;23;3;2022;15:45;1;41;2;1;1;6;47,5825000000;1,3415000000
202200049073;25;10;2022;14:40;1;75;1;1;1;2;48,8230000000;2,4629100000
202200049074;29;3;2022;21:20;3;38;1;1;1;2;45,1552700000;5,7140000000
202200049075;24;10;2022;17:00;1;54;2;1;1;6;48,6859930042;6,1619299650
202200049076;24;10;2022;19:55;5;75;2;3;1;6;48,8892580000;2,3748290000
202200049077;29;3;2022;11:39;1;37;1;9;2;6;47,3308226996;0,6820482016
202200049078;28;3;2022;16:15;1;37;2;1;1;7;47,3458400000;0,6424200000
202200049079;29;3;2022;09:25;1;33;2;1;1;2;44,7778800000; -0,5956700000
202200049080;29;3;2022;08:20;1;33;2;1;1;1;44,8044900000; -0,6311000000
202200049081;29;3;2022;16:10;1;31;2;6;1;3;43,6292300000;1,4493200000
202200049082;26;3;2022;21:00;5;30;2;3;1;3;43,8333000000;4,3516200000
202200049083;11;3;2022;13:55;1;30;2;2;1;3;43,8139400000;4,3509600000
202200049084;9;5;2022;19:25;1;21;2;3;1;6;47,3121140000;5,0181080000
202200049085;26;3;2022;12:00;1;29;2;1;1;6;48,0016925822; -4,0851811320
202200049086;9;5;2022;12:20;1;19;1;6;1;3;45,5710200000;2,2960900000
202200049087;29;3;2022;07:25;1;26;2;1;1;3;44,5705700000;4,7588700000
202200049088;4;5;2022;14:50;1;14;1;9;1;3;49,2100700000; -0,3236200000
202200049089;28;3;2022;19:30;1;25;2;1;1;4;47,2428640000;6,0248280000
202200049090;10;5;2022;20:30;2;13;2;3;1;3;43,2792972649;5,4116067765
202200049091;10;5;2022;11:40;1;13;2;2;1;3;43,3313900000;5,3769100000
202200049092;10;5;2022;07:50;1;13;2;1;1;2;43,3314000000;5,4331000000
202200049093;18;3;2022;15:36;1;15;2;9;1;3;44,9147200000;2,4584600000
202200049094;10;5;2022;08:15;1;13;2;6;1;2;43,3231500000;5,4486700000
202200049095;29;3;2022;20:35;3;13;1;1;1;2;43,4698733692;5,2318020238
202200049096;9;5;2022;09:00;1;13;2;1;1;3;43,2670695509;5,3965239896
202200049097;30;4;2022;21:17;5;13;2;2;1;3;43,2904100000;5,3757500000
202200049098;29;3;2022;17:30;1;13;2;2;1;3;43,3297700000;5,4097600000
202200049099;10;5;2022;14:50;1;10;2;2;1;3;48,3054300000;4,0924300000
202200049100;29;3;2022;11:50;1;13;2;1;1;6;43,2943673771;5,4422559960
202200049101;10;5;2022;14:45;1;08;2;1;1;3;49,7638540000;4,7211570000
202200049102;3;5;2022;13:45;1;06;2;1;1;3;43,5525600000;7,0061500000
202200049103;29;3;2022;12:15;1;13;2;3;1;3;43,3143300000;5,3928000000
202200049104;2;5;2022;00:07;3;06;2;9;9;1;43,5703870000;7,1238180000
202200049105;23;3;2022;14:50;1;13;2;6;1;3;43,2835400000;5,3990600000
202200049106;28;3;2022;06:55;3;11;1;1;1;3;43,2067200000;2,3879700000
202200049107;26;4;2022;11:15;1;04;2;1;1;2;43,8195900000;5,7949800000
202200049108;29;3;2022;20:55;3;07;1;1;1;7;44,9713200000;4,8257700000
202200049109;9;5;2022;13:19;1;01;2;6;1;6;46,2003700000;5,1982500000
202200049110;10;5;2022;14:40;1;75;2;1;1;4;48,8335690000;2,4053410000
202200049111;29;3;2022;16:05;1;06;2;1;1;4;43,6488770000;6,9247010000
202200049112;10;5;2022;16:30;1;75;2;3;1;6;48,8208662257;2,3549174568
202200049113;29;3;2022;08:00;1;06;2;2;1;3;43,6525290000;6,9146530000
202200049114;10;5;2022;18:30;1;75;2;2;1;3;48,8902353148;2,3599764705
202200049115;14;2;2022;13:00;1;02;2;6;1;3;49,8418500000;3,2948500000
202200049116;10;5;2022;00:30;5;75;2;2;1;3;48,8902354574;2,3599826233
202200049117;1;2;2022;07:40;5;02;2;1;3;6;49,8496199000;3,2734679000
202200049118;10;5;2022;20:55;1;75;2;5;1;3;48,8215332836;2,3694513738
202200049119;29;3;2022;11:40;1;75;2;1;1;4;48,8161885418;2,3589411378
202200049120;10;5;2022;16:25;1;75;2;2;1;2;48,8180341581;2,3603714257
202200049121;10;5;2022;13:00;1;75;2;3;1;6;48,8256881244;2,3480255912
202200049122;29;3;2022;02:00;5;75;2;1;1;3;48,8241170000;2,3833990000
202200049123;9;5;2022;19:30;1;75;2;3;1;3;48,8390240000;2,4603600000
202200049124;28;3;2022;15:30;1;75;2;1;1;3;48,8544421849;2,4055860937
202200049125;10;5;2022;13:40;1;75;2;3;1;2;48,8595550000;2,3891540000
202200049126;29;3;2022;12:40;1;75;2;3;1;3;48,8842123870;2,3494803160
202200049127;10;5;2022;22:26;5;75;2;1;1;6;48,8774308015;2,3562978208
202200049128;10;5;2022;14:55;1;75;2;3;1;3;48,8642604535;2,3022275643
202200049129;29;3;2022;12:02;1;75;2;2;1;3;48,8955574624;2,3283049464
202200049130;10;5;2022;13:30;1;75;2;3;1;2;48,8710000000;2,3035700000
202200049131;29;3;2022;13:30;1;75;2;4;1;2;48,8805479213;2,2951691592
202200049132;29;3;2022;15:15;1;75;2;1;2;7;48,8387115993;2,2664827108
202200049133;10;5;2022;18:40;1;75;2;2;1;3;48,8691200000;2,3515540000
202200049134;10;5;2022;09:25;1;75;2;3;1;6;48,8569320300;2,3411506925
202200049135;29;3;2022;07:40;1;75;2;3;1;2;48,8214856020;2,3338933289
202200049136;9;5;2022;18:05;1;75;2;2;1;2;48,8593720000;2,3561380000
202200049137;29;3;2022;08:20;1;75;2;7;1;3;48,8336782512;2,3319755495
202200049138;9;5;2022;12:18;1;75;2;2;1;7;48,8619910000;2,3501560000
202200049139;29;3;2022;16:00;1;75;2;3;2;3;48,8190870000;2,3579950000
202200049140;9;5;2022;08:20;1;75;2;2;1;6;48,8617100000;2,3412070000
202200049141;10;5;2022;18:45;1;94;2;2;1;6;48,7926200000;2,3996000000
202200049142;28;3;2022;16:00;1;75;2;3;1;5;48,8708730000;2,3933380000
202200049143;29;3;2022;13:10;1;75;2;1;1;3;48,8510019838;2,3900318083
202200049144;10;5;2022;21:48;5;94;2;7;1;3;48,7643800000;2,4056400000
202200049145;10;5;2022;18:05;1;94;2;1;1;3;48,8274500000;2,4062200000
202200049146;29;3;2022;11:35;1;75;2;1;1;3;48,8538191980;2,3867838085
202200049147;9;5;2022;09:55;1;94;2;3;1;2;48,7997500000;2,4260700000
202200049148;29;3;2022;19:40;2;75;2;2;1;1;48,8751487996;2,3371455202
202200049149;28;3;2022;18:35;1;75;2;2;1;6;48,8585417041;2,3482351005
202200049150;9;5;2022;20:05;1;93;2;3;1;5;48,9466800000;2,3865200000
202200049151;29;3;2022;15:20;1;75;2;4;1;3;48,8657623647;2,3433246934
202200049152;10;5;2022;08:15;1;93;2;3;1;3;48,9312250000;2,5729430000
202200049153;29;3;2022;02:30;5;75;2;1;1;7;48,8515763222;2,3572614044
202200049154;10;5;2022;12:37;1;93;2;2;9;6;48,9052200000;2,3444500000
202200049155;10;5;2022;10:10;1;93;2;2;1;6;48,8572958062;2,4400176108
202200049156;9;5;2022;17:10;1;93;2;1;1;6;48,8758884048;2,4318543077
202200049157;28;3;2022;14:05;1;94;2;6;1;4;48,8053300000;2,4840200000
202200049158;10;5;2022;17:00;1;93;2;1;1;6;48,9145229975;2,4038547277
202200049159;29;3;2022;14:25;1;94;2;2;1;3;48,8451500000;2,5276800000
202200049160;10;5;2022;09:15;1;92;2;1;1;6;48,8666438994;2,2208264172
202200049161;10;5;2022;10:40;1;92;2;1;1;6;48,8181660000;2,2171540000
202200049162;27;3;2022;17:15;1;94;2;1;1;3;48,8357456751;2,4913601874
202200049163;10;5;2022;18:10;1;92;2;1;1;1;48,9027500000;2,2126700000
202200049164;29;3;2022;11:30;1;94;2;1;1;3;48,7764300000;2,3264300000
202200049165;10;5;2022;12:15;1;92;2;1;1;3;48,9023500000;2,2271700000
202200049166;29;3;2022;14:35;1;94;2;1;1;6;48,8247914002;2,4147592485
202200049167;29;3;2022;17:15;1;94;2;1;2;6;48,7316800000;2,5672900000
202200049168;10;5;2022;19:20;1;92;2;1;1;3;48,8957338289;2,2817104161
202200049169;10;5;2022;15:40;1;92;2;1;1;6;48,8971400000;2,2892600000
202200049170;29;3;2022;12:15;1;93;2;1;1;6;48,9553600000;2,3844200000
202200049171;9;5;2022;21:40;5;92;2;2;1;3;48,8310600000;2,2788900000
202200049172;29;3;2022;16:20;1;93;2;3;2;1;48,9125100000;2,3600700000
202200049173;10;5;2022;12:39;1;92;2;1;1;3;48,9148740000;2,2286900000
202200049174;28;3;2022;09:25;1;93;2;2;1;3;48,9248300000;2,4474900000
202200049175;10;5;2022;22:27;5;92;2;1;1;7;48,7875284724;2,2568157613
202200049176;29;3;2022;07:45;1;93;2;1;1;1;48,9480700000;2,4369700000
202200049177;10;5;2022;01:30;5;92;2;1;1;4;48,8355773947;2,2495759427
202200049178;9;5;2022;12:31;1;92;2;3;1;3;48,8394598201;2,2425842285
202200049179;29;3;2022;18:00;1;93;2;1;2;2;48,9321024651;2,4865823364
202200049180;7;5;2022;18:10;1;35;1;1;1;3;47,9702778952; -1,4522277564
202200049181;11;5;2022;14:25;1;51;1;1;1;1;48,8940530000;4,8152950000
202200049182;11;5;2022;06:17;2;67;1;1;1;1;48,8391270000;7,5361920000
202200049183;10;5;2022;19:15;1;16;1;1;7;6;45,6161500000; -0,1541890000
202200049184;11;5;2022;07:00;1;06;1;4;1;3;43,6470250000;7,1364230000
202200049185;10;5;2022;07:45;1;974;1;3;1;3; -21,2711390000;55,3829120000
202200049186;10;5;2022;19:40;1;11;2;1;1;6;43,2428640000;2,9228140000
202200049187;9;5;2022;17:10;1;64;1;1;1;7;43,3930110000; -0,5787780000
202200049188;29;3;2022;18:05;1;93;2;3;2;3;48,9182445911;2,4026477337
202200049189;11;5;2022;09:30;1;01;2;6;1;7;46,2640660000;6,0312040000
202200049190;10;5;2022;20:20;1;51;2;1;1;1;49,0912630000;4,3524500000
202200049191;11;5;2022;02:35;3;58;1;9;1;1;47,1453060000;3,0457880000
202200049192;9;5;2022;18:30;1;74;1;1;1;3;46,2624060000;6,3586810000
202200049193;10;5;2022;18:10;1;19;1;3;1;3;45,6910838987;2,2711336613
202200049194;11;5;2022;07:45;1;76;2;1;7;6;49,7887570000;0,6424160000
202200049195;10;5;2022;17:00;1;65;1;1;7;1;43,1991700000;0,1398180000
202200049196;29;3;2022;10:51;1;92;2;1;1;7;48,8194800000;2,2908600000
202200049197;10;5;2022;17:30;1;33;2;1;7;6;44,4373540000; -0,1275070000
202200049198;8;5;2022;14:30;1;81;1;1;1;3;43,4783200000;2,1093110000
202200049199;11;5;2022;00:50;3;89;1;1;1;6;47,7628970000;3,2458270000
202200049200;11;5;2022;17:00;1;89;1;1;1;3;47,9281280000;3,7184550000
202200049201;11;5;2022;06:40;2;89;1;1;1;7;47,9992530000;3,7100330000
202200049202;10;5;2022;16:45;1;63;1;1;1;6;45,5863230000;3,1483730000
202200049203;10;5;2022;14:05;1;47;1;1;1;3;44,4745530000;0,6101810000
202200049204;10;5;2022;17:45;1;29;2;3;1;3;47,8187880000; -3,8538030000
202200049205;29;3;2022;16:00;1;92;2;9;2;3;48,8653046180;2,2039094567
202200049206;9;5;2022;11:05;1;29;1;4;1;3;48,2099031293; -4,0638045967
202200049207;12;4;2022;18:13;1;70;1;1;1;5;47,5561840000;6,5976330000
202200049208;14;4;2022;15:55;1;26;2;1;1;2;44,3546440000;4,7768930000
202200049209;11;5;2022;09:15;1;05;1;1;1;6;44,5651360724;5,8626437187
202200049210;7;5;2022;20:00;1;60;2;1;1;6;49,3070830000;2,6059430000
202200049211;11;5;2022;14:50;1;60;1;3;1;2;49,4098027904;2,9352872371
202200049212;10;5;2022;16:24;1;73;1;1;7;5;45,7547080000;5,8793110000
202200049213;10;5;2022;18:00;1;18;1;1;1;1;47,1742170000;2,5375520000
202200049214;9;5;2022;12:50;1;07;1;1;1;3;44,8251190000;4,6978980000
202200049215;11;5;2022;11:10;1;53;1;1;1;7;48,3679790000; -0,2790730000
202200049216;29;3;2022;17:45;1;92;2;3;2;3;48,8881900000;2,1687000000
202200049217;7;5;2022;14:50;1;40;1;1;1;6;43,6724847838; -0,3953662850
202200049218;10;5;2022;02:30;3;85;1;1;1;6;46,8879760000; -2,0740890000
202200049219;11;5;2022;04:00;3;85;1;2;1;1;46,8743400000; -1,9467300000
202200049220;28;3;2022;08:55;1;92;2;3;1;3;48,8676300000;2,1756300000
202200049221;29;3;2022;16:45;1;92;2;9;2;7;48,8880543873;2,2341819405
202200049222;27;4;2022;12:22;1;17;1;3;1;5;45,9704510000; -0,5188040000
202200049223;23;3;2022;19:30;5;92;2;1;1;7;48,8953640000;2,2875610000
202200049224;9;5;2022;17:30;1;48;1;1;1;3;44,2846900000;3,5974430000
202200049225;29;3;2022;15:50;1;92;2;1;2;7;48,8983900000;2,2948700000
202200049226;9;5;2022;17:55;5;987;2;1;1;3; -17,7503370000; -149,5560100000
202200049227;29;3;2022;14:20;1;92;2;1;2;3;48,8234764172;2,2731463908
202200049228;10;5;2022;11:25;1;60;1;1;1;6;49,2107283718;2,1507346629
202200049229;10;5;2022;22:10;5;13;2;6;1;7;43,5326830000;5,2535680000
202200049230;28;3;2022;18:40;1;92;2;3;1;3;48,9275369647;2,2846013680
202200049231;11;5;2022;14:30;1;37;2;3;7;3;47,2944150895;0,7933974266
202200049232;29;3;2022;09:20;1;92;2;3;8;6;48,8971102071;2,2381408810
202200049233;28;3;2022;15:45;1;92;2;1;1;6;48,9125368738;2,2653213143
202200049234;10;5;2022;07:30;1;987;2;3;1;3; -17,5625910000; -149,4760510000
202200049235;28;3;2022;02:15;4;08;2;1;1;6;49,6704050000;4,9530740000
202200049236;9;5;2022;06:50;2;987;2;1;1;3; -17,6899310000; -149,5483490000
202200049237;30;3;2022;12:25;1;83;1;1;8;2;43,4788880000;6,3069360000
202200049238;11;5;2022;12:00;1;77;1;1;1;3;48,7429180000;2,8081390000
202200049239;10;5;2022;11:40;1;77;1;2;1;3;48,5918610000;2,7259210000
202200049240;29;3;2022;22:30;3;62;2;1;1;7;50,9813640000;2,0257440000
202200049241;27;3;2022;17:45;1;974;1;1;1;6; -21,1067020000;55,7463880000
202200049242;11;5;2022;17:00;1;95;1;1;1;1;49,1193320000;1,8871060000
202200049243;29;3;2022;23:15;3;62;1;1;2;7;50,1588380000;2,6628970000
202200049244;9;5;2022;12:15;1;66;1;1;1;3;42,8417980000;2,8057580000
202200049245;29;3;2022;18:30;1;74;2;1;1;6;46,3058610000;6,3025900000
202200049246;11;5;2022;15:00;1;34;2;2;1;3;43,5109700000;3,3672240000
202200049247;25;3;2022;19:24;2;91;1;1;1;2;48,7309960000;2,1640690000
202200049248;11;5;2022;08:53;1;34;2;6;1;6;43,6639950000;4,1772290000
202200049249;11;5;2022;08:50;1;13;2;1;1;3;43,4610880000;5,4062660000
202200049250;29;3;2022;20:55;3;56;1;2;1;2;47,6879020000; -3,2250673000
202200049251;11;5;2022;14:14;1;57;1;1;1;6;49,1110460000;6,8960450000
202200049252;30;3;2022;17:25;1;77;1;1;1;1;48,6144130000;3,1029080000
202200049253;11;5;2022;07:45;1;03;1;1;1;6;46,3053640000;3,3994530000
202200049254;29;3;2022;18:25;1;67;1;1;1;7;48,1614660000;7,4914900000
202200049255;10;5;2022;19:05;1;74;1;9;1;1;46,1229570000;6,3137300000
202200049256;11;5;2022;09:00;1;42;1;1;1;6;45,6382860000;4,0978730000
202200049257;11;5;2022;03:21;3;38;1;1;1;6;45,3467574841;4,7888519056
202200049258;30;3;2022;15:30;1;80;1;1;2;1;49,9533180000;2,4554230000
202200049259;21;4;2022;10:52;1;38;2;1;1;6;45,8152810000;5,4041790000
202200049260;10;5;2022;14:30;1;07;1;1;1;6;44,5240030000;4,5290170000
202200049261;29;3;2022;19:00;1;11;1;1;3;6;43,1169300000;2,7946900000
202200049262;30;3;2022;13:00;1;63;1;1;2;6;45,6807370000;3,1744800000
202200049263;11;5;2022;18:30;1;01;2;1;1;3;45,8542680000;5,4336850000
202200049264;29;3;2022;15:35;1;61;1;1;1;3;48,6299590000; -0,2389530000
202200049265;7;5;2022;01:50;5;69;2;2;1;3;45,8977960000;4,7006680000
202200049266;9;5;2022;14:00;1;69;2;4;1;2;45,8577552993;4,7120828778
202200049267;27;3;2022;15:30;1;25;1;3;1;3;47,2492540000;5,9389690000
202200049268;9;5;2022;18:00;1;33;2;1;1;2;45,0389040000; -0,6732610000
202200049269;29;3;2022;13:40;1;38;1;1;1;3;45,3852580000;5,4758680000
202200049270;7;5;2022;14:00;1;33;1;3;1;3;44,9679330000; -0,6258880000
202200049271;27;3;2022;10:15;1;38;2;2;1;3;45,4565860000;5,5052500000
202200049272;11;5;2022;17:30;1;33;1;1;1;1;45,1030130000; -0,7278550000
202200049273;29;3;2022;19:50;2;01;1;1;1;6;46,4012350000;5,2174600000
202200049274;29;3;2022;16:45;1;70;2;1;1;6;47,7967430000;5,7040930000
202200049275;30;3;2022;00:30;3;72;1;1;3;6;48,0915680000;0,7904550000
202200049276;11;5;2022;08:50;1;85;2;4;1;1;46,6116400000; -1,5796870000
202200049277;11;5;2022;07:55;1;22;2;1;7;3;48,7936090000; -3,0472040000
202200049278;29;3;2022;10:05;1;18;1;2;1;3;47,1943090000;1,8506330000
202200049279;30;3;2022;01:45;3;16;1;1;1;6;45,3924680000; -0,1150990000
202200049280;30;3;2022;13:55;1;04;2;3;2;3;43,8663570000;6,1281180000
202200049281;9;5;2022;19:15;1;13;1;1;1;2;43,3731950388;5,1842702409
202200049282;9;5;2022;19:00;1;13;1;1;1;2;43,2872000000;5,4385000000
202200049283;29;3;2022;16:30;1;69;2;6;1;2;45,8910310000;4,8251760000
202200049284;9;5;2022;09:15;1;13;1;1;1;4;43,3114700000;5,3686700000
202200049285;8;5;2022;12:15;1;83;1;1;2;1;43,1938561554;5,6893887520
202200049286;25;3;2022;12:00;1;69;1;1;1;6;46,1356570000;4,7668860000
202200049287;9;5;2022;13:23;1;67;1;1;1;3;48,5706500000;7,7303200000
202200049288;6;5;2022;12:20;1;33;1;1;1;3;44,8450000000; -0,5018700000
202200049289;6;5;2022;09:05;1;33;1;1;1;2;44,8546400000; -0,6645200000
202200049290;10;5;2022;11:40;1;92;1;1;1;6;48,8000383686;2,2159557149
202200049291;9;5;2022;17:25;1;78;1;1;1;7;48,8678550000;2,0325840000
202200049292;9;5;2022;10:10;1;92;1;1;1;4;48,7766755698;2,2325620105
202200049293;9;5;2022;08:30;1;92;1;1;1;2;48,9351292754;2,2839515454
202200049294;10;5;2022;18:00;1;93;1;1;1;4;48,8808529595;2,4522945249
202200049295;10;5;2022;08:35;1;95;1;1;1;3;48,9594635803;2,2722280025
202200049296;29;4;2022;17:30;1;93;1;1;1;7;48,9272400000;2,4192900000
202200049297;10;5;2022;08:45;1;94;1;1;1;6;48,8274342642;2,4691540168
202200049298;1;5;2022;18:10;1;94;1;1;1;4;48,8269502982;2,4680133412
202200049299;12;4;2022;17:25;1;82;1;1;1;7;44,1546960000;1,5720110000
202200049300;9;5;2022;19:05;5;974;2;1;1;2; -20,9012400000;55,4764500000
202200049301;8;5;2022;16:50;1;974;2;1;1;5; -20,8776700000;55,4429300000
202200049302;9;5;2022;15:35;1;973;2;1;1;1;4,9287400000; -52,2987000000
202200049303;9;5;2022;11:20;1;973;2;9;1;3;4,9334642409; -52,3303712904
202200049304;9;5;2022;19:50;1;69;2;1;1;1;45,6962400000;4,8697800000
202200049305;9;5;2022;19:30;1;69;2;2;1;3;45,6980300000;4,8950200000
202200049306;9;5;2022;08:15;1;69;2;1;1;3;45,7532238713;4,8769962788
202200049307;8;5;2022;00:55;3;972;1;1;1;6;14,6385490000; -61,0410260000
202200049308;9;5;2022;19:00;1;2B;2;1;1;6;42,7034896636;9,4468401259
202200049309;9;5;2022;13:35;1;2B;1;6;1;2;42,5944000000;9,4383000000
202200049310;6;5;2022;12:42;1;2B;2;4;1;-1;42,6965000000;9,4480000000
202200049311;9;5;2022;07:15;1;971;2;3;1;3;16,2409800000; -61,5350000000
202200049312;7;5;2022;21:47;5;971;1;1;2;4;16,2179574869; -61,4980101585
202200049313;8;5;2022;12:35;1;95;2;1;1;6;48,9734261262;2,3097749054
202200049314;9;5;2022;08:15;1;91;1;1;1;3;48,6025240000;2,2478070000
202200049315;9;5;2022;22:22;1;91;2;1;1;3;48,7205200000;2,2633400000
202200049316;9;5;2022;18:45;1;91;2;1;1;7;48,6685920000;2,5432430000
202200049317;9;5;2022;05:48;2;91;2;6;1;3;48,6500000000;2,3710000000
202200049318;5;5;2022;21:45;5;91;2;7;1;6;48,6232600000;2,4298100000
202200049319;6;5;2022;11:50;1;87;1;1;1;4;45,8906500000;1,2753500000
202200049320;8;5;2022;19:09;1;87;2;1;1;6;45,8251700000;1,2585800000
202200049321;4;5;2022;23:20;5;80;2;1;1;6;49,8903000000;2,3024200000
202200049322;9;5;2022;10:18;1;78;2;1;1;6;48,8999780000;2,0935250000
202200049323;8;5;2022;21:50;5;76;2;4;1;3;49,7506247535;0,3637236357
202200049324;8;5;2022;02:25;5;72;1;9;1;2;48,0169400000;0,1704700000
202200049325;7;5;2022;09:10;1;72;2;1;1;6;47,9902200000;0,1686000000
202200049326;8;5;2022;06:10;1;71;2;1;1;2;46,7959100000;4,4281900000
202200049327;8;5;2022;03:20;5;71;1;1;1;7;46,8138700000;4,4492200000
202200049328;9;5;2022;20:45;1;69;2;1;1;6;45,7641994471;4,9009029562
202200049329;9;5;2022;07:25;1;69;2;3;1;3;45,6939700000;4,9337000000
202200049330;7;5;2022;17:47;1;66;2;4;1;3;42,6964700000;2,9089700000
202200049331;5;5;2022;12:00;1;66;2;3;1;6;42,6965000000;2,8915100000
202200049332;6;5;2022;12:20;1;64;2;1;1;3;43,3868645972; -1,6580531780
202200049333;23;4;2022;15:10;1;64;2;1;1;2;43,3808000000; -1,6646300000
202200049334;9;5;2022;11:00;1;64;2;1;1;2;43,3121000000; -0,3669700000
202200049335;9;1;2022;09:40;1;41;1;1;8;2;47,5241850000;2,0042320000
202200049336;8;5;2022;12:15;1;64;2;1;1;7;43,4865765633; -1,4707088470
202200049337;5;5;2022;05:40;2;62;1;1;1;6;50,2682020000;2,7988690000
202200049338;8;1;2022;20:50;5;01;2;1;4;1;46,2767090000;6,0314460000
202200049339;4;5;2022;17:00;1;57;2;1;1;7;49,1111445000;6,2168013000
202200049340;6;1;2022;14:10;1;84;2;1;1;1;44,1219840000;4,9002780000
202200049341;9;5;2022;14:00;1;57;2;3;1;3;49,1953252022;6,9222905283
202200049342;8;1;2022;22:30;3;72;2;1;2;1;47,9360530000;0,2730850000
202200049343;8;5;2022;19:30;1;56;2;2;1;3;47,7703300000; -3,3387500000
202200049344;8;1;2022;13:00;1;62;1;1;2;2;50,7331320000;1,7286510000
202200049345;8;1;2022;20:50;3;19;1;1;3;6;45,2627520000;1,5494050000
202200049346;6;5;2022;21:03;5;54;2;3;1;6;48,6892227577;6,1615544558
202200049347;8;1;2022;21:00;3;74;1;1;2;1;46,1297090000;6,5110190000
202200049348;6;5;2022;17:35;1;54;2;1;1;4;48,7078100000;6,2423200000
202200049349;8;1;2022;19:25;5;80;2;1;3;6;49,9211810000;2,0862060000
202200049350;7;1;2022;19:20;3;63;1;1;8;6;45,5921640000;3,1727530000
202200049351;6;5;2022;09:20;1;54;2;2;1;3;48,6873470602;6,1630269885
202200049352;8;1;2022;04:20;3;55;1;1;2;6;48,6409630000;5,0587750000
202200049353;3;5;2022;11:50;1;54;2;1;1;3;48,6155600000;6,1844200000
202200049354;7;1;2022;18:50;3;49;1;1;1;2;47,3010720000; -0,0087330000
202200049355;9;5;2022;08:45;1;51;2;6;1;7;49,2724900000;4,0516200000
202200049356;8;1;2022;19:45;3;49;1;2;6;3;47,2078350000; -0,2960300000
202200049357;9;5;2022;09:20;1;51;2;3;1;3;49,2714300000;4,0430600000
202200049358;9;5;2022;08:39;1;49;2;1;1;4;47,4343400000; -0,5080000000
202200049359;7;1;2022;23:35;3;46;1;1;2;6;44,8933580000;1,5732670000
202200049360;8;1;2022;17:05;2;46;2;1;2;6;44,5036100000;1,1407490000
202200049361;8;5;2022;06:55;1;49;2;1;1;6;47,4791300000; -0,5278600000
202200049362;8;1;2022;16:00;1;34;1;1;1;6;43,5536340000;4,0038940000