Accident_Id;jour;mois;an;hrmn;lum;dep;agg;int;atm;col;lat;long
202200049363;8;5;2022;02:33;5;49;2;1;1;6;47,4743300000; -0,5322800000
202200049364;8;1;2022;17:00;2;31;2;1;1;6;43,0086170000;0,7993200000
202200049365;7;5;2022;07:27;1;49;1;1;1;7;47,4988800000; -0,6220900000
202200049366;9;5;2022;19:10;1;45;1;1;1;2;47,9324057723;1,8808640689
202200049367;9;1;2022;11:45;1;66;1;1;4;3;42,5253010000;1,8231621000
202200049368;9;5;2022;19:55;1;35;2;1;1;2;48,1314381771; -1,6327062249
202200049369;9;1;2022;16:10;1;05;1;1;2;1;44,5449580000;6,4810110000
202200049370;9;5;2022;19:00;1;35;2;1;1;2;48,1098800000; -1,6765700000
202200049371;9;1;2022;09:30;1;60;1;1;2;3;49,4181710000;1,9968500000
202200049372;9;5;2022;15:00;1;35;2;1;1;1;48,1298916281; -1,7069789395
202200049373;8;1;2022;23:30;5;73;2;1;3;6;45,7163680000;5,8877490000
202200049374;9;5;2022;08:15;1;35;2;1;1;6;48,0875235595; -1,6505690664
202200049375;7;1;2022;17:00;2;10;1;1;2;6;48,4111150000;4,5752690000
202200049376;9;5;2022;14:05;1;33;2;1;1;3;44,8832927517; -0,5707539618
202200049377;9;1;2022;11:15;1;53;1;1;8;6;48,1556080000; -0,9588790000
202200049378;9;1;2022;14:30;1;28;1;1;4;1;48,5886740000;1,3513450000
202200049379;3;5;2022;10:00;1;29;2;6;1;3;48,3977500000; -4,4898500000
202200049380;8;1;2022;06:15;5;24;2;1;8;1;44,8082520000;1,2976580000
202200049381;9;5;2022;15:25;1;27;2;9;1;3;49,0908600000;1,4894400000
202200049382;9;1;2022;13:30;1;77;1;1;3;6;48,4876290000;2,5127200000
202200049383;9;1;2022;14:10;1;78;1;1;4;7;48,5068810000;1,9073300000
202200049384;8;1;2022;13:30;1;988;1;1;1;1; -21,2505620000;164,9236040000
202200049385;9;1;2022;03:30;5;988;2;3;3;1; -22,2322760000;166,5260040000
202200049386;8;1;2022;12:45;1;84;1;1;8;7;43,9025380000;5,0978870000
202200049387;9;1;2022;17:30;2;54;1;1;1;6;48,7066523699;6,5104293825
202200049388;9;1;2022;18:00;5;38;2;1;3;6;45,7242010000;5,2513680000
202200049389;9;1;2022;17:00;1;81;1;1;3;5;43,8150727000;1,9575723000
202200049390;8;1;2022;16:25;1;64;2;6;1;3;43,4889260000; -0,7716720000
202200049391;7;1;2022;22:45;5;01;2;1;2;6;45,8079440000;4,9292000000
202200049392;7;1;2022;14:35;1;67;1;1;8;2;48,5862300000;7,7195100000
202200049393;7;1;2022;13:55;1;91;1;1;1;7;48,6199100000;2,4262100000
202200049394;7;1;2022;20:30;3;78;1;1;3;2;48,7968330000;2,0431830000
202200049395;7;1;2022;20:25;1;78;1;1;1;6;48,8330530000;2,1372080000
202200049396;7;1;2022;18:30;5;38;2;1;2;6;45,1853800000;5,7316700000
202200049397;7;1;2022;13:40;1;27;2;1;1;6;49,0112900000;1,1754700000
202200049398;7;1;2022;20:44;5;92;2;1;2;2;48,9015255410;2,2562506198
202200049399;6;1;2022;11:30;1;77;2;6;1;3;48,2807300000;2,6979400000
202200049400;6;1;2022;16:27;1;49;1;1;1;6;47,0430300000; -0,8236200000
202200049401;2;1;2022;18:30;5;62;2;1;3;6;50,4242660000;2,9486110000
202200049402;4;1;2022;15:45;1;25;2;1;3;3;47,2289640000;5,9858930000
202200049403;7;1;2022;11:45;1;974;2;9;1;5; -20,8918800000;55,4754700000
202200049404;7;1;2022;20:55;5;973;2;4;1;1;4,9349219642; -52,3142015934
202200049405;7;1;2022;16:00;1;973;1;6;1;2;4,9206875400; -52,3302170634
202200049406;6;1;2022;00:35;5;973;2;1;2;7;4,9420007591; -52,3295612633
202200049407;7;1;2022;13:20;1;69;2;3;2;6;45,7700900000;4,8596500000
202200049408;7;1;2022;08:50;1;69;2;2;1;3;45,7723044723;4,8413564265
202200049409;6;1;2022;20:40;5;972;2;7;2;3;14,6208200000; -61,0556100000
202200049410;8;1;2022;23:10;5;69;2;3;2;3;45,7857800000;4,8092600000
202200049411;7;1;2022;17:50;3;69;2;4;2;6;45,7649158518;4,7909349203
202200049412;7;1;2022;15:50;1;69;2;1;8;2;45,7850828748;4,8333138227
202200049413;7;1;2022;14:10;1;971;2;1;1;3;16,3005064096; -61,5113675594
202200049414;7;1;2022;10:42;1;2A;2;6;1;6;41,9418900000;8,7498600000
202200049415;6;1;2022;12:00;1;91;1;9;1;3;48,7132820000;2,3022440000
202200049416;7;1;2022;20:50;5;91;2;3;2;3;48,6579500000;2,4065500000
202200049417;7;1;2022;14:45;1;83;1;1;1;6;43,1505611173;5,9026771188
202200049418;6;1;2022;09:40;1;83;2;3;1;3;43,1211700000;5,9305000000
202200049419;5;1;2022;10:27;1;83;2;7;1;3;43,1216400000;5,9366600000
202200049420;7;1;2022;19:05;3;81;2;1;2;6;43,9345000000;2,1889200000
202200049421;7;1;2022;12:30;1;79;2;1;1;7;46,3135100000; -0,4559800000
202200049422;7;1;2022;01:40;5;76;2;1;1;6;49,5018961151;0,0975872576
202200049423;8;1;2022;00:35;5;74;2;1;4;6;46,1991300000;6,2668800000
202200049424;7;1;2022;09:15;1;73;2;8;7;3;45,5780000000;5,8957900000
202200049425;7;1;2022;18:00;2;71;2;1;2;6;46,6895900000;4,3568400000
202200049426;7;1;2022;12:00;1;69;2;2;2;3;45,9910400000;4,7195500000
202200049427;6;1;2022;18:20;5;67;2;1;1;1;48,5543400000;7,7970500000
202200049428;6;1;2022;13:45;1;67;2;3;1;3;48,5750217256;7,7338650000
202200049429;6;1;2022;12:15;1;67;2;1;1;6;48,5898959035;7,7670040727
202200049430;6;1;2022;06:30;4;67;2;2;1;3;48,5429400000;7,7361500000
202200049431;7;1;2022;14:53;1;65;2;1;2;3;43,2483970000;0,0894990000
202200049432;2;1;2022;10:10;1;64;2;2;1;6;43,4819000000; -1,5580300000
202200049433;6;1;2022;16:36;1;64;2;3;1;3;43,4849300000; -1,4858800000
202200049434;6;1;2022;07:45;2;64;2;1;1;4;43,5132700000; -1,4367200000
202200049435;6;1;2022;11:33;1;63;2;1;1;6;45,7628816363;3,0986756086
202200049436;6;1;2022;06:45;5;62;2;1;1;6;50,4460110000;2,8286620000
202200049437;7;1;2022;19:05;5;59;2;1;1;6;50,6513017276;3,0827164650
202200049438;6;1;2022;19:30;5;59;2;5;1;1;50,6464800000;3,1249900000
202200049439;7;1;2022;20:20;3;57;2;1;2;3;49,1279500000;6,1967700000
202200049440;7;1;2022;20:50;5;51;2;2;3;3;49,2629725771;4,0571817756
202200049441;6;1;2022;19:15;5;50;2;6;3;3;49,6195650000; -1,6123890000
202200049442;6;1;2022;17:40;1;49;2;1;1;7;47,4658500000; -0,5516600000
202200049443;6;1;2022;08:47;2;45;2;6;8;1;48,0015550000;2,7711520000
202200049444;6;1;2022;18:20;2;40;2;3;1;3;43,6981100000; -1,0622000000
202200049445;7;1;2022;15:10;1;38;2;2;4;3;45,1858000000;5,7170100000
202200049446;7;1;2022;19:50;5;35;2;1;2;7;48,0965100000; -1,6405000000
202200049447;7;1;2022;13:10;1;35;2;1;1;3;48,1052079032; -1,6775232553
202200049448;6;1;2022;02:30;5;31;2;1;1;6;43,6007709093;1,4706511796
202200049449;3;1;2022;08:03;3;29;2;6;1;2;48,4138440000; -4,4800140000
202200049450;2;1;2022;21:30;5;29;2;6;1;3;48,4047830000; -4,4771060000
202200049451;7;1;2022;19:00;5;28;2;1;2;6;48,7284300000;1,3666300000
202200049452;7;1;2022;21:10;5;27;2;2;2;3;49,0240108000;1,1743128000
202200049453;7;1;2022;12:25;1;22;2;1;1;6;48,5359000000; -2,7615800000
202200049454;7;1;2022;16:37;1;17;2;2;1;3;45,6356000000; -1,0263900000
202200049455;7;1;2022;00:10;3;17;1;1;1;7;46,1736200000; -1,1792200000
202200049456;7;1;2022;10:34;1;14;2;2;1;3;49,1948400000; -0,3955400000
202200049457;7;1;2022;22:10;5;13;2;2;1;3;43,2908175459;5,3808930438
202200049458;6;1;2022;10:45;1;13;2;1;1;1;43,2934477414;5,3742954788
202200049459;7;1;2022;10:35;1;11;2;3;1;1;43,2245200000;2,3367900000
202200049460;7;1;2022;09:04;1;10;2;9;2;1;48,2966000000;4,0860000000
202200049461;7;1;2022;08:00;5;10;2;1;2;6;48,2929400000;4,0849600000
202200049462;6;1;2022;14:28;1;10;2;1;1;6;48,3068800000;4,0317300000
202200049463;7;1;2022;11:47;1;06;2;1;1;6;43,7222560000;7,2532590000
202200049464;3;1;2022;19:17;5;06;2;9;1;6;43,6841480000;7,2342580000
202200049465;7;1;2022;18:10;5;06;2;1;1;1;43,6512960000;6,9302710000
202200049466;7;1;2022;16:40;1;06;2;1;1;6;43,6404770000;6,9116050000
202200049467;6;1;2022;12:00;1;05;2;1;1;2;44,5667410000;6,1008240000
202200049468;6;1;2022;10:35;1;05;2;3;1;6;44,5698700000;6,0833300000
202200049469;6;1;2022;00:20;5;75;2;5;1;1;48,8562410000;2,4048930000
202200049470;7;1;2022;12:55;1;75;2;3;1;6;48,8865660000;2,3846460000
202200049471;7;1;2022;00:01;5;75;2;2;1;2;48,8784180000;2,3742460000
202200049472;7;1;2022;19:20;5;75;2;5;1;6;48,8833261000;2,3126970000
202200049473;6;1;2022;11:10;1;75;2;3;1;5;48,8906240000;2,3031180000
202200049474;5;1;2022;21:00;5;75;2;7;1;3;48,8384240000;2,2569920000
202200049475;7;1;2022;02:55;5;75;2;2;2;3;48,8164346279;2,3601990938
202200049476;7;1;2022;21:50;5;75;2;7;2;3;48,8826570000;2,3698990000
202200049477;7;1;2022;13:45;1;75;2;2;1;3;48,8773310000;2,3497730000
202200049478;7;1;2022;19:52;3;75;2;2;2;6;48,8774330000;2,3081910000
202200049479;6;1;2022;22:40;5;94;2;1;2;6;48,7834300000;2,3937300000
202200049480;7;1;2022;13:30;1;94;2;1;1;2;48,7977832946;2,3444094657
202200049481;6;1;2022;06:30;2;94;2;3;1;3;48,7752000000;2,4400800000
202200049482;5;1;2022;22:30;5;94;2;1;1;4;48,7729300000;2,3999300000
202200049483;6;1;2022;13:40;1;94;2;2;1;1;48,8106836685;2,5633978843
202200049484;7;1;2022;20:10;5;93;2;1;2;6;48,8632255335;2,5129857659
202200049485;7;1;2022;12:40;1;93;2;2;1;3;48,8763176356;2,4561792782
202200049486;7;1;2022;18:10;3;93;2;1;1;3;48,9359752521;2,6017615199
202200049487;7;1;2022;16:44;1;93;2;1;8;6;48,9434090000;2,4664270000
202200049488;7;1;2022;17:50;1;93;2;2;1;6;48,9144800000;2,4036230000
202200049489;6;1;2022;14:45;1;92;2;1;1;3;48,8871274100;2,1800056100
202200049490;5;1;2022;17:25;2;92;2;3;1;3;48,8673315673;2,1982285380
202200049491;7;1;2022;14:30;1;92;2;3;1;3;48,8231265881;2,2492838502
202200049492;5;1;2022;21:00;5;92;2;2;1;1;48,8269631849;2,2791934311
202200049493;7;1;2022;18:10;3;34;1;1;1;1;43,7494510000;3,7593310000
202200049494;7;1;2022;18:20;3;39;2;1;4;1;46,7195860000;6,0761210000
202200049495;7;1;2022;16:30;1;974;1;3;1;1; -21,0036430000;55,3230020000
202200049496;8;1;2022;12:15;1;974;2;1;2;1; -21,0746990000;55,2675820000
202200049497;7;1;2022;19:20;3;54;1;1;1;7;48,7883329765;6,2788152696
202200049498;8;1;2022;16:25;1;41;1;1;3;1;47,4360270000;1,7618470000
202200049499;8;1;2022;09:00;1;95;1;1;2;6;49,1272450000;2,2178650000
202200049500;8;1;2022;09:30;1;81;2;1;2;6;43,4978730000;2,3997350000
202200049501;7;1;2022;12:30;1;27;1;1;1;7;48,9699630000;0,4343030000
202200049502;7;1;2022;15:30;1;19;1;1;5;3;45,5708810000;2,0523390000
202200049503;7;1;2022;09:00;1;2B;2;3;1;3;42,5510095661;8,7659525883
202200049504;8;1;2022;04:00;3;44;1;1;2;6;47,1943020000; -2,0514390000
202200049505;7;1;2022;18:30;3;29;1;1;2;6;47,9570225850; -3,6382091046
202200049506;8;1;2022;16:36;1;29;1;1;3;1;48,5219480000; -3,9900380000
202200049507;7;1;2022;17:55;2;31;1;4;2;1;43,6668160000;1,1793240000
202200049508;8;1;2022;14:15;1;03;1;1;2;5;46,4581980000;3,9355190000
202200049509;7;1;2022;18:15;3;18;1;1;2;1;47,5733450000;2,4004590000
202200049510;7;1;2022;07:30;3;36;1;1;2;1;46,9315587262;1,9512909651
202200049511;7;1;2022;17:40;2;21;2;1;2;6;47,5213000000;5,0608100000
202200049512;8;1;2022;11:00;1;88;1;1;8;6;48,1175310000;6,1915680000
202200049513;7;1;2022;18:50;3;38;1;1;8;1;45,5084820000;5,1692500000
202200049514;8;1;2022;14:25;1;11;2;1;1;6;42,9054410000;3,0354130000
202200049515;8;1;2022;15:30;1;988;1;1;1;6; -21,4978700000;165,4814900000
202200049516;7;1;2022;16:30;1;973;1;1;1;3;4,9127440000; -52,3719660000
202200049517;7;1;2022;17:55;3;37;1;1;2;2;47,1655550000;0,2682100000
202200049518;8;1;2022;20:15;5;91;2;1;3;6;48,5885460000;2,4525780000
202200049519;8;1;2022;14:15;1;84;2;1;1;3;43,8995350000;5,3570850000
202200049520;7;1;2022;19:30;3;84;1;1;1;6;43,9231670000;5,4670290000
202200049521;7;1;2022;20:35;5;05;2;1;1;6;44,5773230000;6,6824700000
202200049522;7;1;2022;21:45;3;13;1;1;1;3;43,7157750000;5,2499840000
202200049523;7;1;2022;12:20;1;14;1;2;1;3;49,3036789022; -0,4367280006
202200049524;8;1;2022;09:10;1;60;1;1;8;2;49,2402798954;2,5187745093
202200049525;8;1;2022;15:41;1;60;1;1;3;7;49,2220788101;2,5925858168
202200049526;7;1;2022;19:42;1;13;1;1;1;7;43,4005000000;5,3479500000
202200049527;1;1;2022;06:00;5;69;1;1;5;2;45,6737679179;4,9489411712
202200049528;7;1;2022;07:15;3;91;1;1;1;2;48,6326520000;2,4058490000
202200049529;7;1;2022;06:10;3;94;1;1;1;6;48,7577200000;2,3350200000
202200049530;6;1;2022;10:35;1;92;1;9;1;6;48,7712223777;2,2434182043
202200049531;7;1;2022;16:15;1;92;1;1;1;5;48,8892486093;2,2466463337
202200049532;7;1;2022;13:30;1;93;1;1;1;7;48,8840659937;2,4915683270
202200049533;7;1;2022;10:30;1;92;1;1;2;4;48,9406783537;2,2926308104
202200049534;7;1;2022;15:30;1;77;1;1;1;2;48,8537209917;2,6629423098
202200049535;7;1;2022;08:40;1;94;1;1;1;4;48,7690354532;2,4499019295
202200049536;4;1;2022;12:15;1;91;2;9;2;6;48,6411400000;2,3373910000
202200049537;5;1;2022;10:12;1;86;2;1;1;6;46,5662270000;0,3869240000
202200049538;6;1;2022;13:20;1;976;2;1;1;2; -12,7994700000;45,2156000000
202200049539;6;1;2022;12:00;1;974;2;9;1;3; -20,8976200000;55,4834800000
202200049540;6;1;2022;21:05;5;974;2;9;2;3; -20,9515810000;55,6558420000
202200049541;6;1;2022;19:45;3;974;2;2;2;3; -20,9688120000;55,6555570000
202200049542;5;1;2022;19:40;3;974;2;3;1;3; -20,9688730000;55,6659600000
202200049543;6;1;2022;17:40;5;69;2;2;1;6;45,7490800000;4,8534800000
202200049544;6;1;2022;01:05;5;69;2;2;1;3;45,7405600000;4,8638400000
202200049545;6;1;2022;20:05;3;972;1;1;1;2;14,6183193307; -61,0358387232
202200049546;6;1;2022;12:40;1;972;2;9;1;3;14,6031271698; -61,0663488507
202200049547;6;1;2022;19:50;5;69;2;2;1;3;45,7432200000;4,8228200000
202200049548;6;1;2022;09:15;1;69;2;1;1;3;45,7634500000;4,8357600000
202200049549;6;1;2022;14:43;1;971;2;1;1;6;16,2471400000; -61,5383500000
202200049550;28;11;2022;15:30;1;17;2;3;3;3;45,7460010000; -0,6694630000
202200049551;29;11;2022;18:10;5;15;2;2;2;3;44,9165530000;2,4367500000
202200049552;7;7;2022;13:00;1;75;2;1;1;3;48,8848550000;2,3980600000
202200049553;29;11;2022;15:20;1;13;2;1;1;2;43,2923900000;5,3967900000
202200049554;6;7;2022;19:00;1;75;2;1;1;2;48,8252370000;2,3855290000
202200049555;6;7;2022;00:45;5;75;2;4;1;3;48,8208300000;2,3217210000
202200049556;29;11;2022;08:00;1;13;2;1;1;3;43,2769500000;5,4191500000
202200049557;29;11;2022;07:30;2;13;2;1;2;6;43,3191293387;5,4472484540
202200049558;5;7;2022;14:55;1;75;2;1;1;2;48,9008680000;2,3426450000
202200049559;5;7;2022;11:30;1;75;2;4;1;2;48,8353030000;2,2721510000
202200049560;28;11;2022;08:30;2;13;2;4;2;3;43,3130855623;5,4474476956
202200049561;6;7;2022;11:00;1;75;2;1;1;7;48,8546460000;2,2288660000
202200049562;5;7;2022;18:15;1;75;2;1;1;6;48,8295480000;2,3219860000
202200049563;29;11;2022;08:00;1;13;2;1;1;3;43,2926300000;5,5664400000
202200049564;8;7;2022;15:20;1;75;2;2;1;6;48,8499290000;2,3436560000
202200049565;29;11;2022;16:00;1;13;2;1;1;6;43,5184800000;5,4634300000
202200049566;8;7;2022;12:34;1;75;2;2;1;3;48,8396080000;2,3563080000
202200049567;29;11;2022;01:37;5;11;2;1;1;6;43,2082960457;2,3284471035
202200049568;28;11;2022;13:20;1;10;1;1;8;7;48,2692000000;4,0511300000
202200049569;6;7;2022;07:50;1;75;2;2;1;3;48,8383500000;2,3571110000
202200049570;28;11;2022;06:39;5;10;2;6;1;3;48,2896600000;4,0671100000
202200049571;10;7;2022;18:10;1;75;2;4;1;3;48,8755400000;2,3992130000
202200049572;26;11;2022;10:55;1;06;2;1;1;1;43,6359000000;6,9167700000
202200049573;10;7;2022;07:07;1;75;2;1;1;3;48,8987620000;2,3737200000
202200049574;29;11;2022;08:00;2;06;2;6;2;7;43,6503700000;6,9222100000
202200049575;7;7;2022;06:30;2;75;2;3;1;6;48,8830970000;2,3714820000
202200049576;29;11;2022;10:05;1;94;2;2;8;6;48,8014700000;2,4024000000
202200049577;21;9;2022;20:19;2;44;2;1;1;1;47,2131060000; -1,5824400000
202200049578;21;9;2022;18:00;1;44;2;1;7;3;47,2411350000; -1,5354440000
202200049579;9;7;2022;19:10;1;75;2;3;1;3;48,8845370000;2,3269600000
202200049580;21;9;2022;17:42;1;44;2;1;1;1;47,2080850000; -1,5451300000
202200049581;29;11;2022;18:20;4;75;2;1;1;2;48,8896768504;2,2973603010
202200049582;6;7;2022;15:25;1;75;2;1;1;2;48,8978070000;2,3343580000
202200049583;21;9;2022;19:30;1;37;2;6;1;6;47,4270300000;0,7081700000
202200049584;10;7;2022;19:40;1;75;2;1;1;7;48,8824990000;2,2930070000
202200049585;28;11;2022;09:00;1;75;2;1;1;4;48,8342560000;2,2758694000
202200049586;21;9;2022;13:45;1;37;2;3;1;2;47,3567778244;0,6983157992
202200049587;27;11;2022;04:44;5;75;2;2;2;6;48,8783910000;2,3155550000
202200049588;9;7;2022;02:15;5;75;2;3;1;3;48,8862870000;2,3261560000
202200049589;21;9;2022;09:30;1;35;2;4;1;3;48,1018400000; -1,6599300000
202200049590;29;11;2022;17:10;5;75;2;2;1;6;48,8515950000;2,3311230000
202200049591;21;9;2022;18:20;1;33;2;1;1;2;44,8771399760; -0,5779650807
202200049592;9;7;2022;02:40;5;75;2;2;1;3;48,8859710000;2,3095580000
202200049593;21;9;2022;12:50;1;33;2;1;1;6;44,8749000000; -0,6792000000
202200049594;29;11;2022;10:15;1;75;2;2;1;6;48,8534870000;2,4105330000
202200049595;21;9;2022;11:45;1;29;2;1;1;6;48,4056640000; -4,4608670000
202200049596;8;7;2022;07:15;1;75;2;5;1;6;48,8922670000;2,3010120000
202200049597;20;9;2022;07:35;2;29;2;3;1;3;48,4104600762; -4,5135800242
202200049598;29;11;2022;20:10;5;75;2;2;1;3;48,8828120000;2,3756590000
202200049599;29;11;2022;14:30;1;75;2;3;1;6;48,8849380000;2,3267940000
202200049600;7;7;2022;10:45;1;75;2;2;1;6;48,8859710000;2,3095580000
202200049601;21;9;2022;08:15;1;27;2;1;7;3;49,0566200000;1,1671600000
202200049602;29;11;2022;06:30;2;75;2;2;1;6;48,8864670281;2,2957684100
202200049603;21;9;2022;13:55;1;26;1;3;1;2;44,5261980000;4,7398450000
202200049604;29;11;2022;17:55;5;75;2;3;1;6;48,8399630000;2,3823390000
202200049605;21;9;2022;19:20;2;22;2;1;1;3;48,4999000000; -2,7640200000
202200049606;6;7;2022;10:50;1;75;2;4;1;3;48,8758560000;2,2965470000
202200049607;29;11;2022;13:37;1;75;2;1;1;6;48,8720180000;2,2980320000
202200049608;20;9;2022;18:00;1;18;1;1;1;2;47,2132160000;2,1291400000
202200049609;6;7;2022;07:30;1;75;2;2;1;3;48,8910650000;2,3025350000
202200049610;21;9;2022;19:20;1;17;1;6;1;2;45,7198110000; -0,6443950000
202200049611;29;11;2022;09:15;1;75;2;3;1;2;48,8508841726;2,2604960203
202200049612;10;7;2022;19:50;2;75;2;7;1;3;48,8740290000;2,2942430000
202200049613;21;9;2022;19:00;2;13;2;1;1;4;43,2612912589;5,3976585588
202200049614;29;11;2022;08:50;1;94;2;1;1;6;48,7985523901;2,3271022389
202200049615;7;7;2022;23:40;5;75;2;1;1;2;48,8649070000;2,2433190000
202200049616;21;9;2022;17:00;1;13;2;3;1;3;43,3607000000;5,3370900000
202200049617;29;11;2022;21:05;5;94;2;2;1;1;48,8178269344;2,4195791781
202200049618;7;7;2022;17:40;1;75;2;5;1;6;48,8689870000;2,2915750000
202200049619;21;9;2022;12:20;1;13;2;1;1;6;43,2885719874;5,4543149471
202200049620;7;7;2022;16:30;1;75;2;1;1;3;48,8618220000;2,2373400000
202200049621;29;11;2022;08:00;1;94;2;1;1;6;48,8225551802;2,5105013698
202200049622;17;2;2022;13:10;1;94;2;1;1;6;48,8140378678;2,5158973038
202200049623;18;9;2022;17:20;1;13;2;3;1;2;43,2700000000;5,4100000000
202200049624;7;7;2022;09:46;1;75;2;1;1;3;48,8591000000;2,2692030000
202200049625;17;2;2022;17:20;1;93;2;1;1;6;48,9196101622;2,3433416312
202200049626;28;11;2022;19:10;5;93;2;1;1;2;48,9147400000;2,3581200000
202200049627;21;9;2022;11:15;1;13;2;1;1;3;43,5997600000;5,0066700000
202200049628;5;7;2022;20:00;1;75;2;7;1;3;48,8512820000;2,2784130000
202200049629;17;2;2022;15:21;1;93;2;2;1;2;48,9473800000;2,3425800000
202200049630;21;9;2022;09:15;1;13;2;9;1;3;43,5078400000;5,3844000000
202200049631;29;11;2022;17:40;2;93;2;2;1;1;48,8898000000;2,5055000000
202200049632;5;7;2022;20:15;1;75;2;1;1;3;48,8604440000;2,2297140000
202200049633;17;2;2022;17:00;1;93;2;9;1;3;48,9420226871;2,4976927015
202200049634;6;9;2022;09:10;1;11;2;9;1;3;43,1929570000;2,9809940000
202200049635;29;11;2022;15:45;1;93;2;1;1;6;48,8799490058;2,4600165346
202200049636;17;2;2022;19:20;5;92;2;1;1;7;48,8158466390;2,3156988323
202200049637;9;7;2022;13:45;1;75;2;2;1;3;48,8429910000;2,3127880000
202200049638;9;6;2022;07:30;1;13;2;1;7;1;43,5500680000;5,0330420000
202200049639;20;9;2022;10:10;1;11;2;1;1;6;43,2262900000;2,3317200000
202200049640;29;11;2022;09:55;1;93;2;1;1;2;48,8608630000;2,5094580000
202200049641;16;2;2022;18:35;5;92;2;4;2;6;48,9192040000;2,2496380000
202200049642;9;6;2022;11:20;1;13;1;1;1;1;43,2251140000;5,5326250000
202200049643;29;11;2022;19:15;5;93;2;1;1;1;48,8570820000;2,4417810000
202200049644;16;2;2022;06:20;5;92;2;9;2;3;48,9221826874;2,2354917973
202200049645;8;7;2022;20:30;1;75;2;2;1;3;48,8467010000;2,2888900000
202200049646;21;9;2022;08:47;1;06;2;9;1;2;43,7644600000;7,4818200000
202200049647;10;6;2022;18:30;1;13;1;2;1;3;43,4168770000;5,5173600000
202200049648;14;2;2022;19:00;3;22;1;1;2;1;48,4991040000; -2,2282290000
202200049649;29;11;2022;09:40;1;93;2;1;1;3;48,8556200000;2,4461400000
202200049650;27;5;2022;17:25;1;57;2;1;1;6;49,2128770000;6,1594900000
202200049651;6;7;2022;14:00;1;75;2;2;1;2;48,8378990000;2,2817810000
202200049652;20;9;2022;20:56;5;06;2;3;1;3;43,6646800000;7,1720200000
202200049653;10;6;2022;15:20;1;03;2;1;1;1;46,0728550000;3,6683370000
202200049654;17;2;2022;18:30;5;972;1;1;1;2;14,5715440000; -60,8643380000
202200049655;29;11;2022;08:55;1;93;2;7;5;6;48,9058457408;2,4699337107
202200049656;1;6;2022;14:30;1;03;1;1;7;7;46,5392780000;3,4225900000
202200049657;6;7;2022;08:55;1;75;2;2;1;3;48,8370610000;2,2744510000
202200049658;14;2;2022;12:05;1;29;1;1;3;6;48,5704927999; -3,6132516837
202200049659;20;9;2022;16:53;1;06;1;3;1;3;43,6081680000;7,0747510000
202200049660;29;11;2022;00:25;5;92;2;1;1;6;48,8192100000;2,3014600000
202200049661;20;9;2022;12:00;1;06;2;1;1;7;43,5844800000;7,1075400000
202200049662;9;6;2022;20:55;2;74;2;3;1;3;46,0828420000;6,3656090000
202200049663;6;7;2022;01:00;5;75;2;2;1;3;48,8367570000;2,3207400000
202200049664;29;11;2022;13:29;1;92;2;2;1;6;48,8842800000;2,1783700000
202200049665;17;2;2022;15:30;1;85;2;3;1;3;46,8480120000; -1,1750700000
202200049666;9;6;2022;16:25;1;38;1;1;1;6;45,5544790000;5,2735230000
202200049667;12;8;2022;23:16;5;972;1;1;1;4;14,6252296800; -61,0072599500
202200049668;21;9;2022;13:50;1;01;1;2;1;3;46,1697300000;5,1908400000
202200049669;28;11;2022;20:50;5;92;2;1;1;6;48,8687700000;2,2074500000
202200049670;9;7;2022;13:50;1;75;2;2;1;6;48,8229460000;2,3554280000
202200049671;18;2;2022;06:30;3;44;1;1;2;6;47,3300500000; -2,1248400000
202200049672;13;8;2022;09:45;1;972;1;1;1;6;14,6436200000; -61,0438000000
202200049673;10;6;2022;15:25;1;26;1;1;1;6;44,3205600000;5,0659000000
202200049674;17;2;2022;15:46;1;66;2;6;1;2;42,7265550000;2,9466320000
202200049675;9;7;2022;03:00;5;75;2;3;1;6;48,8357010000;2,3586490000
202200049676;29;11;2022;21:36;5;92;2;2;1;6;48,8161800000;2,3060500000
202200049677;21;9;2022;07:25;2;75;2;1;1;5;48,8727500000;2,3908310000
202200049678;13;8;2022;21:50;5;2B;1;1;1;2;42,6729700000;9,4442800000
202200049679;9;6;2022;07:30;1;26;2;3;1;3;44,9391720000;5,0278120000
202200049680;8;7;2022;03:30;5;75;2;4;1;6;48,8164230000;2,3601550000
202200049681;29;11;2022;18:30;5;92;2;7;1;3;48,8147800000;2,2342400000
202200049682;17;2;2022;16:45;1;04;2;1;1;6;44,3527160000;6,3571570000
202200049683;13;8;2022;19:10;1;91;2;1;1;3;48,4312000000;2,2624000000
202200049684;9;6;2022;11:30;1;32;1;1;1;6;43,7318887947;0,6226452042
202200049685;21;9;2022;19:35;2;75;2;1;1;1;48,8977910000;2,3823610000
202200049686;29;11;2022;08:25;1;92;2;1;1;6;48,7910190000;2,2859270000
202200049687;18;2;2022;20:30;3;95;1;6;1;6;49,1383344885;2,3562079668
202200049688;7;7;2022;14:40;1;75;2;3;1;6;48,8233170000;2,3656810000
202200049689;13;8;2022;08:55;1;91;2;1;1;6;48,7147700000;2,4604200000
202200049690;9;6;2022;19:30;1;60;1;1;1;3;49,5150120000;2,3651930000
202200049691;6;7;2022;14:50;1;75;2;1;1;7;48,8289810000;2,3563960000
202200049692;21;9;2022;12:00;1;75;2;3;1;3;48,8951310000;2,3827540000
202200049693;7;11;2022;16:45;2;92;2;3;1;3;48,8528113871;2,2264695168
202200049694;13;8;2022;19:09;1;83;1;3;1;6;43,1190900000;5,9948900000