Accident_Id;jour;mois;an;hrmn;lum;dep;agg;int;atm;col;lat;long
202200049695;5;7;2022;23:35;5;75;2;1;1;6;48,8328770000;2,3743790000
202200049696;18;2;2022;00:21;3;74;1;1;1;6;45,8938350000;6,6928090000
202200049697;28;11;2022;21:20;5;92;2;1;1;3;48,9159091258;2,2825008630
202200049698;9;6;2022;16:10;1;13;2;1;1;4;43,2863175679;5,5087664723
202200049699;21;9;2022;13:30;1;75;2;4;1;6;48,8908900000;2,3532050000
202200049700;13;8;2022;10:30;1;83;2;1;1;6;43,1416682445;5,8922671974
202200049701;17;2;2022;13:15;1;11;2;1;1;6;43,0549190000;2,2129990000
202200049702;27;11;2022;20:35;5;92;1;1;1;7;48,9101200000;2,2860400000
202200049703;9;7;2022;19:30;1;75;2;2;1;3;48,8333430000;2,4022640000
202200049704;27;11;2022;20:30;5;92;1;1;2;7;48,9130096479;2,2832706570
202200049705;9;6;2022;22:19;5;33;1;1;1;4;44,8558200000; -0,5051200000
202200049706;21;9;2022;20:00;2;75;2;3;1;3;48,8866830000;2,3086270000
202200049707;13;8;2022;22:25;5;83;2;1;1;6;43,1371900000;5,7522600000
202200049708;6;2;2022;18:50;3;61;1;1;3;1;48,7650470000; -0,6997400000
202200049709;8;7;2022;11:30;1;75;2;7;1;3;48,8485210000;2,3950020000
202200049710;9;6;2022;02:40;3;33;1;1;1;3;44,9238850000; -0,4736960000
202200049711;25;11;2022;19:50;5;92;2;1;1;3;48,9158100000;2,3083600000
202200049712;21;9;2022;17:55;1;75;2;3;1;6;48,8868680000;2,3083370000
202200049713;18;2;2022;16:00;1;34;1;1;1;1;43,5798230000;3,0239550000
202200049714;3;6;2022;18:00;1;59;1;1;1;7;50,6143017819;3,1352049708
202200049715;28;11;2022;07:25;5;92;2;2;1;1;48,9069439792;2,2824048400
202200049716;21;9;2022;00:05;5;75;2;4;1;7;48,8773370000;2,2944930000
202200049717;8;7;2022;04:45;5;75;2;6;1;3;48,8237960000;2,4576770000
202200049718;9;6;2022;14:00;1;95;1;1;1;6;48,9742500000;2,4912600000
202200049719;16;2;2022;17:00;1;39;2;3;2;1;46,5105620000;6,0294660000
202200049720;12;8;2022;21:00;2;77;2;3;1;5;48,8417500000;2,5839700000
202200049721;30;11;2022;05:57;3;51;1;1;5;3;48,6869440000;4,7307710000
202200049722;9;6;2022;06:50;1;93;1;1;1;3;48,9588647959;2,5347930193
202200049723;21;9;2022;16:50;1;75;2;4;1;2;48,8645220000;2,2698140000
202200049724;6;7;2022;13:45;1;75;2;4;1;3;48,8435510000;2,3705460000
202200049725;30;11;2022;09:00;1;06;1;1;1;7;43,7714918387;7,3291897774
202200049726;17;2;2022;17:30;1;25;1;1;1;1;47,3222140000;6,0036210000
202200049727;9;6;2022;07:30;1;95;1;1;1;2;49,0558500000;2,2036600000
202200049728;21;9;2022;12:20;1;75;2;5;1;3;48,8761910000;2,2871670000
202200049729;5;7;2022;15:20;1;75;2;1;1;3;48,8444370000;2,3839290000
202200049730;13;8;2022;08:20;1;69;2;3;1;6;45,7773100000;4,8797400000
202200049731;30;11;2022;02:05;3;84;1;1;1;5;44,0085430000;4,9419810000
202200049732;13;2;2022;23:00;3;44;1;1;3;6;47,1534700000; -1,2013160000
202200049733;9;6;2022;06:15;2;93;1;1;1;2;48,8849754641;2,4713546326
202200049734;10;7;2022;05:10;3;75;2;2;1;6;48,8554570000;2,3704840000
202200049735;20;9;2022;15:45;1;75;2;3;1;6;48,8633430000;2,2963250000
202200049736;9;6;2022;06:12;1;95;1;1;1;7;48,9859461268;2,2120660543
202200049737;18;2;2022;01:35;5;38;1;1;1;6;45,7143680000;5,4593250000
202200049738;29;11;2022;16:50;2;35;2;1;1;6;47,9420170000; -1,2330810000
202200049739;13;8;2022;12:00;1;69;2;1;1;3;45,6976300000;4,8699800000
202200049740;21;9;2022;09:15;1;75;2;1;1;6;48,8301220000;2,2950230000
202200049741;9;7;2022;08:05;1;75;2;2;1;3;48,8506720000;2,3944950000
202200049742;17;2;2022;17:50;2;03;2;4;3;1;46,6183010000;2,8241010000
202200049743;29;11;2022;15:15;1;971;1;1;1;1;15,9953460000; -61,6379140000
202200049744;8;7;2022;00:45;5;75;2;1;1;3;48,8600040000;2,3776630000
202200049745;17;2;2022;17:55;2;01;2;1;1;1;46,0295570000;5,3796160000
202200049746;29;11;2022;08:00;2;59;2;1;5;6;50,6072281212;2,9099822044
202200049747;8;6;2022;09:04;1;95;1;1;2;4;49,0471558506;2,1316212416
202200049748;20;9;2022;21:00;5;75;2;2;1;3;48,8287380000;2,3165820000
202200049749;13;8;2022;10:00;1;69;2;2;7;6;45,7076100000;4,8551700000
202200049750;16;2;2022;10:40;1;24;2;3;2;6;44,8945260000;1,2155130000
202200049751;21;9;2022;16:15;1;75;2;1;1;6;48,8234300000;2,3479350000
202200049752;17;2;2022;21:05;3;85;1;1;2;7;46,4170200000; -1,3895400000
202200049753;7;7;2022;00:51;5;75;2;2;1;3;48,8335140000;2,3821030000
202200049754;9;6;2022;18:50;1;94;1;1;1;6;48,7916209426;2,4409774263
202200049755;12;8;2022;09:15;1;68;2;3;1;3;48,0721000000;7,3585700000
202200049756;21;9;2022;12:30;1;75;2;1;1;3;48,8171990000;2,3490380000
202200049757;29;11;2022;15:15;1;85;2;1;1;1;46,8496810000; -1,0038110000
202200049758;18;2;2022;18:00;1;85;2;6;1;2;46,9432820000; -1,2876320000
202200049759;8;7;2022;17:15;1;75;2;5;1;6;48,8796880000;2,3495290000
202200049760;13;8;2022;08:00;1;64;2;1;1;3;43,4218900000; -1,6048800000
202200049761;9;6;2022;15:00;1;94;1;1;1;6;48,7861420858;2,4400137912
202200049762;7;2;2022;07:40;1;27;2;3;1;6;48,8418600000;0,9035340000
202200049763;21;11;2022;08:50;1;30;2;2;1;1;44,2546880000;4,6480190000
202200049764;21;9;2022;09:00;1;75;2;2;1;3;48,8661970000;2,3696700000
202200049765;7;7;2022;13:30;1;75;2;4;1;2;48,8755510000;2,3567150000
202200049766;13;8;2022;20:20;1;59;2;3;1;6;50,7220126546;3,1770004705
202200049767;9;6;2022;08:30;1;77;1;1;1;2;48,8300970000;2,6254260000
202200049768;17;2;2022;11:00;1;23;1;1;2;6;46,3472380000;2,1567580000
202200049769;29;11;2022;05:30;3;67;1;1;2;3;48,9475050000;7,1387100000
202200049770;10;7;2022;19:30;1;75;2;1;1;6;48,8734390000;2,3311910000
202200049771;21;9;2022;18:30;1;75;2;2;1;6;48,8693220000;2,3542660000
202200049772;8;6;2022;22:35;3;94;1;1;1;2;48,8171389327;2,4422619339
202200049773;13;8;2022;11:50;1;56;2;3;1;3;47,7271680000; -3,4330180000
202200049774;7;7;2022;13:15;1;75;2;1;1;7;48,8648860000;2,3083850000
202200049775;18;2;2022;07:10;1;13;1;1;1;7;43,8986460000;4,7015960000
202200049776;29;11;2022;14:35;1;76;1;1;1;1;49,7017970000;0,7034090000
202200049777;21;9;2022;13:45;1;75;2;7;1;3;48,8767040000;2,3323240000
202200049778;18;2;2022;06:44;3;52;1;1;8;7;47,9613070000;5,5962790000
202200049779;29;11;2022;14:00;1;76;2;1;1;6;49,8284830000;0,9124530000
202200049780;12;8;2022;21:23;3;45;2;1;1;6;47,9844700000;2,8219000000
202200049781;8;7;2022;01:45;5;75;2;2;1;3;48,8686520000;2,3037070000
202200049782;8;6;2022;17:30;1;77;1;1;1;5;48,7786000000;2,6149200000
202200049783;29;11;2022;19:00;3;80;1;1;5;7;49,8540530000;1,8206570000
202200049784;21;9;2022;11:50;1;75;2;2;1;1;48,8737770000;2,3270250000
202200049785;18;2;2022;08:10;1;13;2;1;1;2;43,5992430000;5,0839180000
202200049786;13;8;2022;13:25;1;37;2;9;1;6;47,3969584479;0,6634229422
202200049787;7;7;2022;08:50;1;75;2;7;1;7;48,8692930000;2,3239270000
202200049788;8;6;2022;11:45;1;94;1;1;8;7;48,7580093028;2,4707581809
202200049789;17;2;2022;12:30;1;987;1;1;1;7; -16,4954170000; -151,7388890000
202200049790;21;9;2022;09:45;1;75;2;2;1;6;48,8705180000;2,3052490000
202200049791;13;8;2022;18:00;1;35;2;6;1;6;48,1076100000; -1,6158600000
202200049792;7;7;2022;09:34;1;75;2;3;1;6;48,8752380000;2,3143520000
202200049793;17;2;2022;09:30;1;987;1;1;1;1; -17,5382330000; -149,9007650000
202200049794;30;11;2022;19:15;3;89;1;1;1;4;47,8893850000;3,5625100000
202200049795;7;6;2022;23:10;5;92;2;9;1;6;48,9348420000;2,3207460000
202200049796;21;9;2022;07:00;5;75;2;2;1;2;48,8755440000;2,3266640000
202200049797;29;11;2022;21:00;3;61;1;1;5;6;48,5584820000;0,0355180000
202200049798;17;2;2022;16:06;1;28;2;6;1;3;48,8827480000;1,4792490000
202200049799;8;7;2022;17:20;1;75;2;4;1;3;48,8340410000;2,3243330000
202200049800;13;8;2022;20:25;2;33;2;6;8;3;44,6266800000; -1,1415800000
202200049801;7;6;2022;09:35;1;42;2;1;1;6;46,0427480000;4,0468040000
202200049802;21;9;2022;21:30;5;75;2;7;1;6;48,8560290000;2,3532350000
202200049803;16;2;2022;15:00;1;78;1;1;1;3;48,7961500000;1,8681050000
202200049804;10;7;2022;12:10;1;75;2;3;1;6;48,8691440000;2,3431770000
202200049805;7;6;2022;12:45;1;75;2;1;1;6;48,8461797720;2,2708627582
202200049806;12;8;2022;13:18;1;29;2;1;1;5;48,0230800000; -4,0845800000
202200049807;14;2;2022;18:20;5;66;2;6;1;6;42,7259170000;2,8508290000
202200049808;29;11;2022;07:40;2;49;1;1;1;5;47,7289900000; -1,0908220000
202200049809;20;9;2022;00:30;5;75;2;2;1;3;48,8693310000;2,3542630000
202200049810;8;7;2022;20:05;1;75;2;3;1;2;48,8493270000;2,3665730000
202200049811;6;6;2022;14:15;1;13;2;1;1;6;43,8032571516;4,6596946594
202200049812;18;2;2022;07:55;2;11;1;1;5;1;43,3290960000;1,9516130000
202200049813;8;7;2022;20:30;1;75;2;1;1;6;48,8591740000;2,3485890000
202200049814;24;10;2022;08:30;1;75;2;1;1;3;48,8976200000;2,3890640000
202200049815;23;11;2022;16:15;1;03;1;2;2;3;46,3215040000;2,7218840000
202200049816;20;9;2022;13:40;1;75;2;3;1;6;48,8565220000;2,3494820000
202200049817;28;5;2022;18:15;1;42;2;1;1;6;45,4507000000;4,3796100000
202200049818;8;7;2022;10:00;1;75;2;1;1;7;48,8625860000;2,3312610000
202200049819;13;8;2022;02:29;5;17;2;1;1;7;46,1749000000; -1,1667700000
202200049820;17;2;2022;15:20;1;21;1;1;1;2;47,2021650506;5,0821766852
202200049821;30;11;2022;07:20;2;01;1;1;1;2;46,3320710000;5,1093400000
202200049822;20;9;2022;12:45;1;75;2;4;1;6;48,8645550000;2,3658100000
202200049823;13;2;2022;06:45;3;14;1;1;1;3;48,8392190000; -0,8576900000
202200049824;24;10;2022;07:52;1;974;2;1;1;3; -21,3187900000;55,5486100000
202200049825;7;7;2022;23:40;5;75;2;1;1;2;48,8612600000;2,3288370000
202200049826;13;8;2022;07:50;1;13;2;3;7;1;43,4156100000;5,2167000000
202200049827;18;2;2022;14:00;1;21;1;1;1;1;47,1978947972;5,3640489577
202200049828;30;11;2022;17:00;1;60;1;1;5;7;49,2681370000;2,3508470000
202200049829;24;10;2022;13:20;1;974;2;1;2;7; -20,9355100000;55,2882400000
202200049830;3;4;2022;13:45;1;69;2;1;1;7;45,7676414217;4,8412182927
202200049831;20;9;2022;07:40;2;75;2;2;8;6;48,8714890000;2,3430650000
202200049832;17;2;2022;17:50;1;68;1;1;1;3;48,0431080000;7,1980030000
202200049833;30;11;2022;02:43;3;24;1;1;5;6;45,2878520000;0,3499590000
202200049834;13;8;2022;05:00;5;13;2;2;1;3;43,3078400000;5,3816000000
202200049835;10;7;2022;17:37;1;94;1;1;1;2;48,7735500000;2,4040700000
202200049836;9;4;2022;04:55;3;31;2;1;8;6;43,6219300000;1,4020000000
202200049837;20;9;2022;20:30;5;94;2;1;1;6;48,8409800000;2,4175900000
202200049838;29;11;2022;20:42;3;24;1;1;5;6;45,4173610000;0,4019560000
202200049839;22;10;2022;22:10;5;973;2;2;1;2;4,9443800000; -52,3098400000
202200049840;18;2;2022;19:25;5;74;2;1;1;1;46,1092130000;6,2755320000
202200049841;13;8;2022;12:45;1;13;2;1;1;6;43,3034700000;5,3685700000
202200049842;10;7;2022;15:25;1;94;2;1;1;6;48,7828300000;2,3807700000
202200049843;8;6;2022;08:00;1;976;2;1;1;6; -12,7851000000;45,2250600000
202200049844;30;11;2022;08:00;2;24;2;1;5;1;45,4236590000;0,7033500000
202200049845;20;9;2022;16:15;1;94;2;1;8;3;48,8116200000;2,4687600000
202200049846;18;2;2022;15:25;1;42;2;1;1;6;45,6113240000;4,0646810000
202200049847;24;10;2022;19:45;5;69;2;2;1;3;45,7560292554;4,8464874923
202200049848;9;7;2022;18:29;1;94;2;1;1;2;48,7936550000;2,3854710000
202200049849;13;8;2022;13:00;1;13;2;3;1;3;43,2501100000;5,3959700000
202200049850;8;6;2022;08:30;1;974;1;1;1;2; -21,3170030000;55,4907780000
202200049851;21;9;2022;18:40;1;94;2;1;1;3;48,7655580000;2,3382210000
202200049852;30;11;2022;13:00;1;24;1;1;1;1;44,9359600000;0,4774550000
202200049853;18;2;2022;12:15;1;07;2;1;1;7;45,0677050000;4,8347510000
202200049854;24;10;2022;03:25;5;69;2;2;1;7;45,7315700000;4,8738700000
202200049855;13;8;2022;07:30;1;13;2;1;1;1;43,2335167908;5,4059297979
202200049856;10;7;2022;01:20;5;94;2;2;1;1;48,7277200000;2,4454700000
202200049857;16;2;2022;14:40;1;62;1;1;3;7;50,6715881071;2,4082266390
202200049858;7;6;2022;07:40;1;974;2;2;1;6; -20,8819300000;55,4539500000
202200049859;29;11;2022;14:00;1;85;1;3;1;3;46,8049070000; -2,0267840000
202200049860;21;9;2022;18:20;1;94;2;1;1;2;48,7609579349;2,4076259490
202200049861;24;10;2022;08:55;1;972;1;1;1;4;14,6211250000; -60,9907550000
202200049862;29;11;2022;04:35;5;60;1;1;5;6;49,4635815970;2,1567642688
202200049863;15;2;2022;00:08;5;59;2;1;1;6;50,4760790000;3,2369360000
202200049864;7;6;2022;09:10;1;973;1;3;1;3;4,9212500000; -52,3040000000
202200049865;21;9;2022;09:20;1;94;2;1;1;3;48,8219960000;2,5106740000
202200049866;6;7;2022;19:50;1;94;2;9;1;2;48,7486500000;2,5007300000
202200049867;13;8;2022;13:45;1;13;1;1;1;3;43,5430800000;4,9557100000
202200049868;24;10;2022;23:00;5;69;2;1;1;6;45,7610600000;4,8251100000
202200049869;17;2;2022;13:26;1;59;1;1;6;6;50,0317420000;3,2100680000
202200049870;22;11;2022;07:40;2;35;1;1;5;5;48,0488000000; -1,6415070000
202200049871;8;7;2022;09:30;1;94;2;1;1;3;48,8020000000;2,4909000000
202200049872;7;6;2022;10:22;1;973;2;1;1;3;4,9382300000; -52,3262000000
202200049873;21;9;2022;08:50;1;94;2;1;1;4;48,7731200000;2,4982700000
202200049874;22;10;2022;21:20;5;971;1;1;1;3;16,2366751395; -61,5127462149
202200049875;17;2;2022;19:20;3;91;1;1;1;2;48,6951100000;2,3186600000
202200049876;12;8;2022;16:40;1;75;2;4;1;4;48,8614515766;2,4139505625
202200049877;29;11;2022;16:20;1;82;1;1;1;2;44,0435810000;0,9993160000
202200049878;6;7;2022;12:00;1;94;2;1;1;1;48,7887300000;2,5016100000
202200049879;8;6;2022;18:00;1;69;2;3;2;6;45,7193100000;4,8545100000
202200049880;24;10;2022;20:20;5;95;2;1;1;4;48,9744801432;2,4087712169
202200049881;21;9;2022;10:00;1;93;2;2;1;6;48,9657400000;2,3636300000
202200049882;17;2;2022;15:01;1;91;1;1;1;7;48,6116200000;2,4480000000
202200049883;12;8;2022;23:09;5;75;2;2;1;3;48,8339570000;2,3181280000
202200049884;8;6;2022;18:15;1;69;2;1;3;6;45,7438983217;4,8855204778
202200049885;10;7;2022;20:00;1;94;2;5;1;3;48,8202000000;2,4671670000
202200049886;30;11;2022;05:53;3;68;1;1;1;2;47,5924640000;7,5445710000
202200049887;21;9;2022;10:23;1;93;2;1;1;3;48,9149000000;2,3304400000
202200049888;24;10;2022;23:00;3;95;1;1;1;5;49,0555700000;2,0503000000
202200049889;8;6;2022;07:50;1;972;1;1;1;2;14,6183400000; -61,0293400000
202200049890;11;8;2022;19:45;2;75;2;3;1;7;48,8793100000;2,3843520000
202200049891;17;2;2022;16:35;1;91;1;1;1;4;48,7433700000;2,1892000000
202200049892;8;7;2022;10:30;1;94;2;1;1;3;48,8490900000;2,4959500000
202200049893;21;9;2022;10:10;1;93;2;1;1;6;48,9475851690;2,3599530011
202200049894;7;6;2022;17:56;1;972;2;9;1;6;14,6404500000; -61,0745600000
202200049895;13;8;2022;13:05;1;75;2;1;1;6;48,8923780000;2,3309090000
202200049896;24;10;2022;19:22;5;91;2;2;1;1;48,6929500000;2,3647600000
202200049897;17;2;2022;10:10;1;91;1;1;1;2;48,7705400000;2,2291700000
202200049898;8;7;2022;15:05;1;94;2;1;1;3;48,8070000000;2,4259000000
202200049899;24;11;2022;18:20;3;34;1;1;1;3;43,5705600000;3,8573300000
202200049900;13;8;2022;19:10;1;75;2;1;1;3;48,8942870000;2,3046430000
202200049901;20;9;2022;10:00;1;93;2;3;1;3;48,9181852156;2,3578873509
202200049902;22;10;2022;10:47;1;87;2;1;1;6;45,8401500000;1,2018300000
202200049903;8;6;2022;17:30;1;69;2;2;3;3;45,7677700000;4,8378900000
202200049904;5;7;2022;09:10;1;94;2;7;1;3;48,8100700000;2,4328600000
202200049905;16;2;2022;21:20;5;91;1;1;1;3;48,7190000000;2,2980000000
202200049906;26;11;2022;22:38;5;971;1;1;1;2;16,2430550000; -61,5884540000
202200049907;7;8;2022;02:30;5;75;2;2;1;7;48,8829840000;2,3241250000
202200049908;9;7;2022;00:30;5;94;2;9;1;6;48,7860200000;2,3272500000
202200049909;17;2;2022;09:30;1;78;1;1;1;7;48,7731330000;2,2251090000
202200049910;21;9;2022;08:30;1;93;2;2;1;3;48,8469900000;2,5403500000
202200049911;22;10;2022;23:00;5;85;2;2;1;3;46,5018700000; -1,7592200000
202200049912;8;6;2022;07:25;1;69;2;1;1;3;45,7798200000;4,8406200000
202200049913;8;7;2022;00:00;5;94;2;1;1;2;48,8126500000;2,3615000000
202200049914;12;8;2022;04:15;5;75;2;1;1;3;48,8454540000;2,2537500000
202200049915;17;2;2022;16:55;1;95;1;1;1;2;49,0573800000;2,2078200000
202200049916;23;10;2022;09:50;1;83;2;1;1;3;43,4232800000;6,7412700000
202200049917;21;9;2022;12:49;1;93;2;2;1;3;48,8529222237;2,4207281562
202200049918;27;11;2022;16:00;1;987;2;1;1;1; -17,6960000000; -149,5480000000
202200049919;8;6;2022;09:40;1;2B;2;3;1;3;42,6641600000;9,4363700000
202200049920;19;6;2022;17:45;1;73;1;1;1;6;45,6899630000;5,8551550000
202200049921;20;9;2022;20:10;5;93;2;3;1;6;48,9197600000;2,4201900000
202200049922;6;7;2022;19:40;1;94;2;1;1;2;48,8063400000;2,3636800000
202200049923;18;10;2022;17:20;1;78;2;2;1;6;48,8191930000;2,1265580000
202200049924;12;8;2022;16:50;1;75;2;1;1;3;48,8252980000;2,3162600000
202200049925;27;11;2022;22:05;5;81;2;6;1;6;43,6898043996;1,8170077801
202200049926;17;2;2022;14:40;1;95;1;1;1;2;49,0302000000;2,1241600000
202200049927;29;11;2022;12:55;1;86;1;1;8;6;46,1883110000;0,4002340000
202200049928;24;10;2022;17:30;1;76;2;2;1;3;49,4441100000;1,0854700000
202200049929;20;9;2022;23:32;5;93;2;1;1;3;48,9030100000;2,5622000000
202200049930;13;8;2022;18:20;1;75;2;1;1;6;48,8752580000;2,3569870000
202200049931;9;7;2022;17:55;1;94;2;1;1;3;48,8160600000;2,3769500000
202200049932;6;6;2022;20:50;5;971;1;9;1;3;16,2106800000; -61,4779900000
202200049933;23;10;2022;21:55;5;76;1;1;1;7;49,5173300000;0,2463200000
202200049934;29;11;2022;08:48;1;24;2;1;1;6;44,8354560000;0,7247060000
202200049935;16;2;2022;23:20;3;93;1;1;2;6;48,9283300000;2,4131900000
202200049936;20;9;2022;21:25;5;93;2;1;1;3;48,9054319333;2,4393193389
202200049937;8;7;2022;15:50;1;94;2;1;1;6;48,8175100000;2,3983600000
202200049938;24;10;2022;07:40;2;76;2;1;1;3;49,9249581323;1,1216488481
202200049939;10;11;2022;07:15;5;72;2;6;5;3;47,7051270000; -0,0885990000
202200049940;8;6;2022;18:20;1;95;2;1;1;4;48,9777054377;2,3706972599
202200049941;21;9;2022;13:00;1;93;2;7;1;6;48,9064600000;2,4385000000
202200049942;8;7;2022;01:20;5;94;2;1;1;1;48,8180000000;2,3765000000
202200049943;30;11;2022;05:15;3;44;1;1;1;6;47,4268350000; -1,6067240000
202200049944;17;2;2022;16:00;1;94;1;1;8;4;48,7856800000;2,4402400000
202200049945;24;10;2022;08:05;1;67;2;1;1;6;48,5874300000;7,7665700000
202200049946;13;8;2022;22:00;5;94;2;6;1;3;48,7863840000;2,4026120000
202200049947;7;7;2022;08:40;1;94;2;1;1;1;48,7709700000;2,3543770000
202200049948;20;9;2022;17:50;1;93;2;3;1;3;48,9070555175;2,4294907539
202200049949;24;11;2022;09:23;1;13;1;1;1;2;43,2905620000;5,4884660000
202200049950;7;6;2022;09:00;1;95;2;3;3;2;49,0251100000;2,4638300000
202200049951;22;10;2022;11:30;1;67;2;1;1;2;48,5631200000;7,7099000000
202200049952;17;2;2022;12:30;1;94;1;1;1;3;48,7967800000;2,4438200000
202200049953;13;8;2022;14:57;1;94;2;1;1;6;48,7303771088;2,4468596072
202200049954;8;7;2022;16:15;1;94;2;1;1;6;48,8526462628;2,4604968699
202200049955;21;9;2022;15:50;1;93;2;2;1;6;48,9062667829;2,3753411320
202200049956;7;6;2022;06:50;2;95;2;1;2;2;48,9924200000;2,3152600000
202200049957;24;10;2022;08:48;1;64;2;1;1;6;43,3039100000; -0,3668060000
202200049958;29;11;2022;10:55;1;13;2;9;1;2;43,2933810000;5,3648120000
202200049959;17;2;2022;08:20;1;75;1;1;1;2;48,8195053043;2,4587488174
202200049960;13;8;2022;20:00;1;94;2;1;1;2;48,8396740000;2,4850820000
202200049961;5;7;2022;19:20;1;94;2;1;7;3;48,8552400000;2,4845600000
202200049962;24;10;2022;13:37;1;64;2;6;1;7;43,4624100000; -1,4958600000
202200049963;21;9;2022;13:50;1;93;2;1;1;6;48,9179700000;2,3792200000
202200049964;7;6;2022;18:30;1;91;2;1;1;2;48,5970000000;2,2460200000
202200049965;12;8;2022;22:30;5;94;2;1;1;2;48,8363600000;2,4780000000
202200049966;16;2;2022;18:55;3;94;1;1;1;2;48,7757700000;2,4134000000
202200049967;24;10;2022;07:30;5;62;2;9;2;1;50,7365020000;2,2548730000
202200049968;5;7;2022;09:10;1;94;2;1;1;3;48,7721780000;2,4841460000
202200049969;20;9;2022;10:00;1;92;2;9;1;3;48,8870078329;2,1781248450
202200049970;29;11;2022;17:50;3;69;1;1;1;4;45,7098800000;4,9681600000
202200049971;12;8;2022;23:30;5;94;2;1;1;3;48,7925900000;2,5173900000
202200049972;9;7;2022;21:59;5;94;2;1;1;7;48,7326380000;2,4073570000
202200049973;24;10;2022;18:15;1;61;2;1;1;3;48,4329400000;0,0753900000
202200049974;16;2;2022;17:05;1;93;1;1;1;5;48,8364860000;2,5417780000
202200049975;20;9;2022;12:30;1;92;2;9;1;3;48,8840333047;2,2708504199
202200049976;7;7;2022;23:38;5;94;2;1;1;6;48,8179510000;2,4413040000
202200049977;13;8;2022;06:20;2;94;2;6;1;6;48,8298000000;2,4900600000
202200049978;22;10;2022;13:10;1;50;1;1;1;6;49,6613900000; -1,7136500000
202200049979;10;11;2022;16:50;1;69;1;1;1;2;45,8519700000;4,9099100000
202200049980;7;6;2022;20:35;1;91;2;6;1;3;48,6824230000;2,1695340000
202200049981;21;9;2022;08:05;1;92;2;1;1;3;48,8171600450;2,3304094076
202200049982;6;7;2022;20:35;1;94;2;1;1;6;48,8251100000;2,4081950000
202200049983;16;2;2022;12:20;1;77;1;1;2;4;48,8313600000;2,7678700000
202200049984;13;8;2022;21:20;5;93;2;3;1;3;48,9244300000;2,4429300000
202200049985;22;10;2022;10:50;1;50;2;3;1;6;49,6239100000; -1,6459500000
202200049986;1;11;2022;01:15;3;42;1;1;2;5;45,4865500000;4,3261880000
202200049987;7;6;2022;15:50;1;91;2;1;1;3;48,6826200000;2,1685000000
202200049988;21;9;2022;16:45;1;92;2;1;1;3;48,8958261411;2,2973082661
202200049989;4;2;2022;12:00;1;95;2;1;1;6;49,0414880000;2,0734040000
202200049990;9;7;2022;14:40;1;94;2;2;1;3;48,8102900000;2,4169500000
202200049991;22;10;2022;18:22;1;49;2;1;1;3;47,4683900000; -0,5503100000
202200049992;13;8;2022;04:05;5;92;2;2;1;3;48,8390929784;2,2468505502
202200049993;29;11;2022;08:10;1;94;1;1;1;4;48,7550217788;2,3512798051
202200049994;28;9;2022;17:00;1;49;2;1;1;6;47,4682100000; -0,5571800000
202200049995;16;5;2022;12:00;1;92;2;2;1;3;48,8904154917;2,2836472392
202200049996;16;2;2022;12:20;1;988;2;3;1;1; -22,2570600000;166,4550400000
202200049997;8;6;2022;13:40;1;91;2;1;3;2;48,6631800000;2,4179000000
202200049998;14;8;2022;13:30;1;35;1;1;2;6;47,9494440000; -1,4220750000
202200049999;24;10;2022;16:05;1;41;2;1;1;6;47,7788500000;1,0788800000
202200050000;21;9;2022;17:59;1;92;2;1;1;6;48,9078000000;2,2354800000
202200050001;28;11;2022;19:30;3;91;1;1;1;2;48,7475200000;2,3258100000
202200050002;9;7;2022;04:18;5;93;2;6;1;6;48,9453990000;2,5667660000
202200050003;16;2;2022;06:50;1;976;2;1;1;6; -12,7702100000;45,2202000000
202200050004;12;8;2022;17:05;1;63;1;3;1;3;45,7121050000;3,0167020000
202200050005;21;9;2022;18:45;1;92;2;1;1;7;48,8386894143;2,2515787482
202200050006;15;10;2022;09:35;1;39;2;2;1;6;47,0970700000;5,4948400000
202200050007;7;6;2022;15:40;1;91;2;1;1;3;48,6792140000;2,4251070000
202200050008;9;7;2022;11:10;1;93;2;9;1;3;48,9558000000;2,3831300000
202200050009;28;11;2022;22:30;3;78;1;1;1;2;48,9624000000;1,9279300000
202200050010;13;8;2022;17:30;1;62;1;1;7;2;50,5060580000;2,1307020000
202200050011;24;10;2022;14:09;1;38;2;1;2;6;45,1805600000;5,7206300000
202200050012;7;6;2022;22:00;2;91;1;1;1;3;48,7174800000;2,3709800000
202200050013;21;9;2022;15:35;1;92;2;3;1;6;48,8303300000;2,2453400000
202200050014;28;11;2022;07:05;3;78;1;1;1;7;48,8283400000;2,0789100000
202200050015;17;2;2022;00:10;5;69;2;2;1;3;45,7477700000;4,8336000000
202200050016;9;7;2022;10:45;1;93;2;3;1;1;48,9020200000;2,3426900000
202200050017;28;5;2022;20:15;1;91;2;1;1;6;48,7086010000;2,3870210000
202200050018;21;9;2022;16:20;1;92;2;1;1;3;48,7739700000;2,3132800000
202200050019;29;11;2022;19:30;3;93;1;1;1;3;48,9300324706;2,3648178577
202200050020;24;10;2022;15:45;1;35;2;3;1;2;48,0973115967; -1,6750529408
202200050021;16;2;2022;08:40;2;69;2;2;2;6;45,7373300000;4,8843000000
202200050022;13;8;2022;03:44;3;24;1;1;1;3;45,1195380000;0,5161750000
202200050023;21;9;2022;07:55;1;92;2;1;1;6;48,7360859675;2,3025152385