Accident_Id;jour;mois;an;hrmn;lum;dep;agg;int;atm;col;lat;long
202200050024;7;7;2022;19:35;1;93;2;7;1;3;48,9122000000;2,3340000000
202200050025;29;11;2022;09:00;1;95;1;1;2;2;49,0517630000;2,5480150000
202200050026;7;6;2022;09:00;1;91;2;2;1;3;48,6919280000;2,3484980000
202200050027;16;2;2022;07:00;5;69;2;1;2;1;45,7507800000;4,8560300000
202200050028;12;8;2022;20:35;1;24;1;1;1;1;45,1357290000;0,5398540000
202200050029;6;6;2022;08:23;1;91;1;1;1;6;48,4399000000;2,2077000000
202200050030;24;10;2022;13:30;1;35;2;1;1;2;48,1142425358; -1,6185227036
202200050031;8;7;2022;12:20;1;93;2;1;1;3;48,9453029059;2,3515307307
202200050032;28;5;2022;13:50;1;50;1;3;1;1;48,7603040000; -1,5502240000
202200050033;29;11;2022;08:00;1;93;1;1;1;5;48,9126927783;2,4369263299
202200050034;16;2;2022;04:55;3;972;2;1;2;2;14,6226743384; -61,0064435006
202200050035;24;10;2022;07:05;5;35;1;6;2;6;48,0781458459; -1,6328188777
202200050036;29;11;2022;01:00;3;93;1;1;1;7;48,8724000000;2,4344400000
202200050037;6;7;2022;19:30;1;93;2;1;1;6;48,9150113527;2,3802338540
202200050038;12;5;2022;13:20;1;89;2;6;1;6;48,2038100000;3,3141100000
202200050039;22;9;2022;12:15;1;08;1;1;1;3;49,6755050000;5,0681630000
202200050040;16;2;2022;11:04;1;972;2;1;1;3;14,6118700000; -61,0776500000
202200050041;24;10;2022;07:15;5;35;2;1;1;6;48,0874200000; -1,6743700000
202200050042;3;6;2022;21:18;1;87;2;1;1;7;45,8187000000;1,2298500000
202200050043;14;9;2022;01:40;3;38;1;1;1;6;45,4920218200;4,9782846198
202200050044;28;11;2022;23:00;5;95;1;1;1;2;48,9656566710;2,2585975521
202200050045;10;7;2022;01:30;5;93;2;2;1;6;48,8856100000;2,4960300000
202200050046;16;2;2022;18:45;5;95;2;1;2;6;49,0009600000;2,3200800000
202200050047;29;4;2022;22:00;5;84;2;1;1;6;43,9365300000;4,8320500000
202200050048;24;10;2022;05:00;5;34;2;2;1;2;43,6269400000;3,8217870000
202200050049;29;11;2022;13:55;1;77;1;1;1;7;48,8405776335;2,6637614928
202200050050;13;8;2022;22:45;3;66;1;1;1;4;42,8443330000;2,9162690000
202200050051;22;9;2022;10:50;1;973;2;2;1;3;3,8084080000; -54,1517290000
202200050052;9;7;2022;21:40;2;93;2;2;1;3;48,8920700000;2,5200600000
202200050053;16;2;2022;18:35;3;88;2;1;2;3;48,1963700000;6,4606900000
202200050054;7;6;2022;16:35;1;83;2;1;1;6;43,1270290000;5,9252120000
202200050055;24;10;2022;12:57;1;33;2;1;1;3;44,8239000000; -0,5793200000
202200050056;15;2;2022;17:22;1;87;2;1;2;7;45,8141600000;1,2895300000
202200050057;21;9;2022;15:58;1;17;2;3;1;3;45,5802830000; -0,8367780000
202200050058;25;11;2022;08:00;2;76;2;9;1;6;49,7541738429;0,4059219358
202200050059;2;7;2022;20:20;1;93;2;2;1;3;48,8989300000;2,5103000000
202200050060;24;10;2022;12:30;1;33;2;1;1;6;44,6579900000; -1,1484600000
202200050061;6;6;2022;17:45;1;83;2;1;1;3;43,1130600000;5,9935600000
202200050062;8;7;2022;16:25;1;93;2;1;1;6;48,8992500000;2,5147900000
202200050063;15;2;2022;19:02;2;87;2;1;2;6;45,8336500000;1,2306400000
202200050064;28;11;2022;16:15;1;64;2;1;3;6;43,3078100000; -0,3609600000
202200050065;21;9;2022;08:10;1;18;2;2;1;3;47,3387020000;2,8581090000
202200050066;2;6;2022;14:05;1;80;2;1;1;6;49,9061100000;2,2706000000
202200050067;14;8;2022;15:30;1;71;1;1;1;5;46,4243210000;4,8675550000
202200050068;24;10;2022;18:25;1;29;1;1;1;4;47,8612100000; -3,8851000000
202200050069;15;2;2022;18:25;1;87;2;1;2;6;45,8351800000;1,2605000000
202200050070;24;11;2022;09:55;1;63;2;1;1;6;45,7433938260;3,2102018595
202200050071;22;9;2022;12:35;1;68;2;1;1;7;48,0782800000;7,5419100000
202200050072;8;7;2022;21:45;2;93;2;9;1;2;48,8904504321;2,3993995786
202200050073;14;8;2022;03:30;3;83;1;1;1;6;43,4945180000;6,5185460000
202200050074;24;10;2022;14:35;1;28;2;1;1;6;48,7182200000;1,3730200000
202200050075;26;11;2022;18:55;3;57;2;1;1;6;49,2536176706;6,1501362920
202200050076;15;2;2022;16:52;1;87;2;1;2;4;45,8735200000;1,2692600000
202200050077;7;7;2022;20:54;1;93;2;1;1;3;48,8946770000;2,4210200000
202200050078;22;9;2022;07:00;1;971;1;2;2;5;15,9828523356; -61,6319543123
202200050079;14;8;2022;02:00;3;26;1;1;1;6;44,6754430000;4,7976030000
202200050080;8;6;2022;01:00;5;78;2;2;1;6;48,8977600000;2,0983300000
202200050081;8;2;2022;21:20;5;86;2;1;1;6;46,5681280000;0,3104350000
202200050082;31;8;2022;16:15;1;73;1;1;1;3;45,7509390000;6,5914370000
202200050083;13;8;2022;13:50;1;21;1;1;1;6;47,3976960000;4,3561860000
202200050084;8;7;2022;19:00;1;93;2;2;7;3;48,8376490000;2,5432530000
202200050085;22;9;2022;16:45;1;65;1;2;1;3;43,1970500000;0,1564800000
202200050086;31;8;2022;11:55;1;73;1;1;1;7;45,7532710000;6,4545320000
202200050087;24;10;2022;16:45;1;22;2;1;1;2;48,4957300000; -2,7500300000
202200050088;16;2;2022;07:35;2;86;2;1;2;3;46,5851290000;0,3509560000
202200050089;13;8;2022;23:23;4;22;1;1;1;6;48,3081390000; -2,2373700000
202200050090;6;6;2022;16:46;1;78;2;4;1;4;48,9978000000;1,9088100000
202200050091;20;10;2022;19:09;1;22;2;1;1;2;48,5338700000; -2,7583900000
202200050092;22;9;2022;19:15;1;41;2;4;1;3;47,7760140000;0,8012400000
202200050093;31;7;2022;21:20;2;73;2;4;1;3;45,6719820000;5,9084360000
202200050094;7;7;2022;19:30;1;93;2;2;1;6;48,8418397345;2,5688146055
202200050095;13;8;2022;17:30;1;62;2;1;1;1;50,6075820000;1,9954820000
202200050096;16;2;2022;13:40;1;81;2;3;2;3;43,6088210000;2,2583100000
202200050097;30;8;2022;10:35;1;18;2;1;3;6;47,0937200000;2,4010000000
202200050098;8;9;2022;17:30;1;57;2;1;1;3;48,8201350000;6,5083940000
202200050099;22;9;2022;07:55;1;19;1;3;1;3;45,0751551281;1,9128313062
202200050100;7;7;2022;07:20;2;93;2;1;1;2;48,8530000000;2,5144000000
202200050101;25;10;2022;01:25;5;17;2;1;1;7;46,1617500000; -1,1394000000
202200050102;15;2;2022;12:15;1;80;2;1;1;3;49,8669600000;2,2489400000
202200050103;13;8;2022;19:00;1;34;1;1;1;3;43,5647320000;3,8501820000
202200050104;18;9;2022;20:50;3;76;2;1;1;6;49,6810970000;0,3615190000
202200050105;24;10;2022;19:00;5;13;2;9;1;6;43,2500000000;5,4200000000
202200050106;8;7;2022;08:15;1;93;2;2;1;6;48,8509600000;2,4245300000
202200050107;21;9;2022;18:25;1;22;2;3;1;3;48,5013247666; -2,7342197299
202200050108;22;9;2022;16:45;1;2B;2;3;1;7;41,9841980000;9,3350400000
202200050109;14;8;2022;15:40;1;89;1;1;2;3;48,2268230000;3,5111270000
202200050110;8;6;2022;23:45;3;77;1;1;1;6;48,9282280000;2,6592040000
202200050111;5;8;2022;23:50;4;22;2;6;1;-1;48,4928000000; -2,7087300000
202200050112;24;10;2022;07:45;1;11;2;1;1;3;43,2151600000;2,3668800000
202200050113;7;7;2022;19:20;1;93;2;3;1;3;48,9280500000;2,5428800000
202200050114;21;9;2022;23:20;3;2B;1;1;1;1;42,8397430000;9,4585040000
202200050115;16;2;2022;18:20;5;77;2;1;2;6;48,8712800000;2,7004800000
202200050116;25;7;2022;22:40;4;22;2;1;1;6;48,4882800000; -2,6926400000
202200050117;4;6;2022;17:00;1;77;1;1;2;3;48,6095100000;2,5551500000
202200050118;13;8;2022;13:30;1;51;1;3;1;3;49,1702263931;4,0754503012
202200050119;23;10;2022;18:00;1;11;2;1;1;2;43,2278000000;2,3350500000
202200050120;22;9;2022;13:00;1;65;2;1;1;3;42,9110050000;0,3604460000
202200050121;8;7;2022;21:05;2;93;2;1;1;3;48,8846396007;2,4383956789
202200050122;16;2;2022;17:10;1;76;2;1;2;3;49,4371100000;1,0786400000
202200050123;7;6;2022;10:00;1;77;2;1;1;6;48,8741300000;2,6748600000
202200050124;10;8;2022;14:05;1;56;1;1;1;7;47,5395090000; -2,4188700000
202200050125;26;10;2022;05:47;2;987;2;6;1;6; -17,5291800000; -149,5529350000
202200050126;7;6;2022;17:05;1;77;2;1;1;6;48,2760900000;2,7038000000
202200050127;21;9;2022;19:15;2;81;1;1;1;2;43,9416140000;2,0661490000
202200050128;25;10;2022;23:21;5;06;2;2;1;3;43,6824100000;7,2320500000
202200050129;16;2;2022;06:50;5;76;2;1;2;3;49,3892000000;1,0916410000
202200050130;8;7;2022;17:20;1;93;2;3;1;6;48,8839000000;2,4285000000
202200050131;28;11;2022;19:35;5;973;2;1;1;6;4,9310200000; -52,3240200000
202200050132;14;8;2022;12:18;1;74;2;1;3;1;45,8437790000;6,2112450000
202200050133;7;6;2022;08:35;1;77;1;1;1;7;48,4681700000;2,7388100000
202200050134;21;9;2022;19:20;1;22;2;1;7;6;48,7224490000; -3,4788480000
202200050135;22;10;2022;17:32;1;06;2;1;1;2;43,6402720000;6,9491800000
202200050136;29;1;2022;18:50;5;73;2;4;1;1;45,5704400000;5,9373900000
202200050137;6;7;2022;18:55;1;93;2;9;1;6;48,9495170000;2,3309670000
202200050138;22;7;2022;22:49;3;44;2;1;1;6;47,1038500000; -2,0784100000
202200050139;14;8;2022;01:10;3;74;1;1;1;2;45,7585110000;6,2654470000
202200050140;28;11;2022;01:00;5;69;2;3;1;6;45,7686100000;4,8382200000
202200050141;18;9;2022;22:50;3;38;1;6;1;6;45,3189760000;5,0711610000
202200050142;14;8;2022;20:12;1;76;1;1;2;6;49,6759459320;0,2506685257
202200050143;15;7;2022;19:00;1;93;2;1;1;3;48,9144918463;2,4402153722
202200050144;11;2;2022;10:00;1;69;2;1;2;1;45,6970600000;4,9085500000
202200050145;4;6;2022;23:15;5;76;2;2;1;5;49,5014100000;0,1500300000
202200050146;27;11;2022;18:00;5;69;2;2;1;6;45,7597600000;4,7959700000
202200050147;10;7;2022;10:30;1;93;2;5;1;3;48,9300200000;2,3852600000
202200050148;14;8;2022;03:40;3;65;2;1;1;6;43,2643417156;0,2948176861
202200050149;22;9;2022;20:10;5;38;2;4;1;1;45,3688470000;6,0466380000
202200050150;16;2;2022;10:00;1;69;2;1;2;6;45,7560198398;4,9428552389
202200050151;4;6;2022;15:20;1;76;2;3;1;6;49,4936700000;0,1525600000
202200050152;28;11;2022;20:10;5;95;2;1;1;2;49,0103503787;2,3839634657
202200050153;13;8;2022;19:30;2;11;2;3;1;3;43,2466700000;3,0007430000
202200050154;13;9;2022;21:30;5;38;2;1;1;3;45,2573410000;5,9071900000
202200050155;7;6;2022;15:00;1;76;1;1;1;7;49,5562300000;0,5013500000
202200050156;24;10;2022;21:50;5;75;2;1;1;4;48,8414270000;2,2541480000
202200050157;15;2;2022;18:30;5;59;2;1;2;6;50,7346262861;3,1855362654
202200050158;10;7;2022;17:00;1;93;2;2;1;3;48,9164800000;2,5315100000
202200050159;5;9;2022;11:35;1;95;2;1;1;3;49,0021911492;2,1793591976
202200050160;8;6;2022;07:30;1;74;2;1;1;1;46,1910710000;6,2440910000
202200050161;16;2;2022;18:40;5;57;2;1;2;6;49,1083900000;6,2055600000
202200050162;13;8;2022;16:20;1;11;1;1;1;5;43,2103450502;2,5838683314
202200050163;24;10;2022;17:55;1;75;2;1;1;4;48,8865140000;2,3970540000
202200050164;7;7;2022;21:30;1;93;2;2;1;3;48,9045200000;2,5485600000
202200050165;11;9;2022;04:20;3;38;1;4;1;6;45,3965360000;5,3983860000
202200050166;14;8;2022;15:40;1;71;1;1;1;7;46,9028930000;5,2840590000
202200050167;16;2;2022;15:20;1;57;2;1;2;6;49,1104700000;6,1828200000
202200050168;7;6;2022;17:10;1;72;2;1;1;4;47,9826689590;0,1882946489
202200050169;20;9;2022;15:40;1;01;2;1;1;3;46,0705470000;5,3745250000
202200050170;13;8;2022;23:00;3;71;1;1;1;6;46,7141650000;4,7443560000
202200050171;5;7;2022;22:21;2;93;2;2;1;3;48,9067130000;2,5561230000
202200050172;28;11;2022;17:20;5;91;2;9;1;1;48,7135100000;2,2510700000
202200050173;7;6;2022;08:00;1;72;2;1;1;2;47,9639460383;0,1767611501
202200050174;24;10;2022;11:30;1;75;2;2;1;3;48,8713790000;2,2776160000
202200050175;14;8;2022;12:45;1;89;1;1;1;1;47,7381110000;3,7678170000
202200050176;16;2;2022;20:11;5;53;2;2;2;3;48,0692400000; -0,7651100000
202200050177;22;9;2022;18:00;1;01;1;3;7;1;45,8613100000;5,6784510000
202200050178;24;10;2022;09:15;1;75;2;1;1;7;48,8483000000;2,2756100000
202200050179;14;8;2022;16:15;1;61;1;1;8;6;48,4148460000;0,8059070000
202200050180;8;7;2022;23:35;3;93;2;2;1;3;48,9532300000;2,5025800000
202200050181;22;9;2022;11:00;1;58;1;1;1;6;47,0525230000;3,7311030000
202200050182;28;11;2022;11:14;1;91;2;2;8;3;48,6896700000;2,3004800000
202200050183;6;6;2022;19:30;1;72;2;2;1;3;47,9910250000;0,2086210000
202200050184;15;2;2022;18:30;5;38;2;2;1;6;45,1858500000;5,7171200000
202200050185;23;10;2022;18:05;1;75;2;1;1;3;48,8345030000;2,3346180000
202200050186;13;8;2022;10:00;1;42;2;9;7;3;45,4819800000;4,3899120000
202200050187;21;9;2022;14:45;1;10;2;6;1;3;47,9920150000;4,3618300000
202200050188;6;6;2022;06:50;1;72;2;1;1;6;47,9945432412;0,1915991304
202200050189;15;2;2022;15:55;1;37;2;1;1;6;47,3915929951;0,6993725896
202200050190;14;8;2022;08:30;1;47;2;1;2;6;44,2755470000;0,6301980000
202200050191;8;7;2022;14:50;1;93;2;5;1;1;48,9358200000;2,4939100000
202200050192;27;11;2022;18:03;5;87;2;3;1;3;45,8345700000;1,2642200000
202200050193;23;10;2022;10:20;1;75;2;4;1;3;48,8247620000;2,3259890000
202200050194;21;9;2022;18:05;1;40;2;1;1;2;43,7043670000; -0,2532970000
202200050195;8;6;2022;20:20;2;69;2;1;2;6;45,7714300000;4,9988700000
202200050196;15;2;2022;12:20;1;37;2;1;1;6;47,4352900000;0,6906300000
202200050197;13;8;2022;04:00;3;26;1;1;1;6;44,7240410000;4,9553760000
202200050198;27;11;2022;15:12;1;87;2;1;1;6;45,8341900000;1,3088000000
202200050199;8;7;2022;10:00;1;93;2;1;1;2;48,9319210000;2,4921140000
202200050200;24;10;2022;07:55;1;75;2;1;6;6;48,8263260000;2,3839010000
202200050201;19;9;2022;20:00;3;40;2;1;1;3;43,8094740000; -1,3788160000
202200050202;13;8;2022;22:30;3;58;1;1;1;6;46,9540491529;3,2916095853
202200050203;3;6;2022;16:10;1;69;2;1;1;3;45,6969000000;4,9190400000
202200050204;3;2;2022;08:35;1;36;2;3;1;3;46,8169600000;1,6770500000
202200050205;7;6;2022;11:35;1;69;2;3;1;2;45,7376800000;4,8964500000
202200050206;25;11;2022;17:28;5;87;2;2;1;3;45,8272700000;1,2395100000
202200050207;9;8;2022;12:20;1;66;2;4;1;6;42,6183800000;2,4289600000
202200050208;24;10;2022;08:46;1;75;2;2;8;6;48,8221560000;2,3526860000
202200050209;16;9;2022;20:00;2;27;1;2;3;7;49,1407290000;0,8917160000
202200050210;31;1;2022;17:08;1;36;2;6;1;3;46,8317150000;1,7206616000
202200050211;13;8;2022;09:10;1;72;2;1;1;6;48,1745070000;0,4277480000
202200050212;9;7;2022;21:20;2;93;2;2;1;3;48,9135580000;2,4027830000
202200050213;13;2;2022;03:48;5;35;2;1;1;6;48,3468800000; -1,1871900000
202200050214;8;6;2022;23:55;5;69;2;2;1;3;45,9892835615;4,7227357328
202200050215;22;9;2022;10:50;1;48;1;1;1;1;44,5486630000;3,8157210000
202200050216;14;8;2022;18:35;5;06;1;1;1;7;43,7361590000;6,9996400000
202200050217;24;10;2022;10:00;1;75;2;2;1;3;48,8657730000;2,3699740000
202200050218;7;7;2022;16:00;1;93;2;1;1;1;48,9059302595;2,3766721486
202200050219;16;2;2022;19:45;5;33;2;4;2;6;44,8335777861; -0,6479519606
202200050220;8;6;2022;08:45;1;67;2;1;1;2;48,5745800000;7,7762900000
202200050221;24;10;2022;08:55;1;94;2;1;1;3;48,7990400000;2,4733200000
202200050222;19;9;2022;18:25;5;987;1;9;2;3; -17,6180000000; -149,5490000000
202200050223;10;7;2022;17:52;1;92;2;1;1;6;48,8209307409;2,2947248965
202200050224;27;11;2022;04:26;3;79;1;1;1;7;46,3400270000; -0,4740700000
202200050225;24;10;2022;09:45;1;94;2;1;1;3;48,8200000000;2,4770000000
202200050226;7;6;2022;07:15;1;67;2;3;1;3;48,5336740000;7,6944330000
202200050227;11;8;2022;22:30;3;14;1;1;1;6;49,3379170000; -0,6313280000
202200050228;14;2;2022;13:45;1;33;2;3;8;3;44,8702700000; -0,5259700000
202200050229;7;7;2022;12:25;1;92;2;1;1;3;48,8465000000;2,2221600000
202200050230;24;10;2022;17:40;1;94;2;1;1;6;48,8100000000;2,3600000000
202200050231;21;9;2022;16:00;1;18;1;1;1;2;47,0670530000;2,2893190000
202200050232;28;11;2022;09:55;1;77;2;9;8;1;49,0161885172;2,6013240442
202200050233;14;8;2022;18:00;1;50;1;1;1;6;49,6176750000; -1,2649750000
202200050234;5;6;2022;03:50;5;67;2;1;1;6;48,5510100000;7,7330400000
202200050235;16;2;2022;20:30;5;31;2;9;1;3;43,6043300000;1,4500400000
202200050236;22;9;2022;09:56;1;72;1;1;1;7;48,0155470000; -0,0269330000
202200050237;23;10;2022;23:40;5;94;2;7;1;3;48,7702100000;2,5082600000
202200050238;6;7;2022;13:00;1;92;2;3;1;2;48,8531334329;2,2227750420
202200050239;27;11;2022;23:08;5;77;1;1;2;6;48,5515780000;3,3202120000
202200050240;13;8;2022;05:10;3;50;1;1;1;3;48,5893830000; -1,1469130000
202200050241;4;6;2022;19:40;1;67;2;3;1;3;48,5965644512;7,7122461051
202200050242;14;8;2022;16:30;1;60;1;1;1;6;49,4192510000;3,0082580000
202200050243;22;9;2022;09:28;1;38;1;1;1;2;45,5607890000;5,4256150000
202200050244;16;2;2022;12:05;1;31;2;3;1;3;43,6426000000;1,4284700000
202200050245;24;10;2022;08:38;1;93;2;1;1;2;48,9244411010;2,5447846891
202200050246;6;7;2022;08:00;1;92;2;3;1;6;48,8512809905;2,1922686696
202200050247;3;6;2022;16:40;1;67;2;1;1;6;48,5797000000;7,7562300000
202200050248;25;11;2022;16:30;2;77;1;9;8;1;48,3175730000;2,6760720000
202200050249;21;9;2022;09:20;1;988;1;1;1;7; -21,4348040000;165,2780410000
202200050250;4;6;2022;10:32;1;66;2;1;1;6;42,6866900000;2,9073500000
202200050251;14;8;2022;12:45;1;45;2;3;8;1;47,5539500000;2,8522090000
202200050252;4;7;2022;17:00;1;92;2;9;1;6;48,8445140000;2,2099560000
202200050253;15;2;2022;14:07;1;29;1;1;3;4;47,9795300000; -4,0913000000
202200050254;23;10;2022;22:21;5;93;2;2;1;3;48,9195600000;2,3613600000
202200050255;9;8;2022;20:00;2;43;1;1;1;7;45,3809700000;4,1833880000
202200050256;22;9;2022;16:10;1;976;1;1;1;2; -12,8608410000;45,1973570000
202200050257;27;11;2022;04:15;5;76;2;2;2;3;49,3087500000;1,0383300000
202200050258;8;7;2022;14:25;1;92;2;1;1;3;48,8795353727;2,2437796891
202200050259;7;6;2022;14:00;1;64;2;6;1;3;43,3361400000; -1,6679600000
202200050260;13;8;2022;21:00;3;17;1;1;1;7;46,2263060000; -0,9185280000
202200050261;23;10;2022;17:00;1;93;2;4;1;3;48,9177488797;2,3633347577
202200050262;11;2;2022;13:22;1;29;1;1;1;4;48,4158460000; -4,4793761000
202200050263;21;9;2022;07:30;1;974;1;1;1;1; -20,9301880000;55,6321800000
202200050264;26;11;2022;11:20;1;76;2;1;1;6;49,5649200000;0,1994700000
202200050265;8;7;2022;15:00;1;92;2;1;1;6;48,8853305488;2,2824563384
202200050266;8;6;2022;13:50;1;64;2;1;2;4;43,5069900000; -1,4450600000
202200050267;20;9;2022;03:05;3;2B;1;1;1;6;42,6709590000;9,3376880000
202200050268;13;8;2022;10:35;1;17;1;1;1;6;46,2283620000; -0,8118720000
202200050269;25;11;2022;09:15;1;76;2;1;1;6;49,5438100000;0,1913400000
202200050270;7;7;2022;14:50;1;92;2;1;8;3;48,8841832259;2,2701562643
202200050271;24;10;2022;17:30;1;93;2;3;1;1;48,8401555059;2,5741335168
202200050272;8;6;2022;07:50;1;64;2;1;2;1;43,4567900000; -1,5061400000
202200050273;4;9;2022;19:27;1;34;2;3;1;3;43,4518400000;3,7025930000
202200050274;13;8;2022;19:03;3;976;1;1;1;1; -12,9382239846;45,1349955797
202200050275;5;7;2022;20:05;1;92;2;9;1;2;48,8901731785;2,2715536952
202200050276;27;11;2022;14:35;1;71;2;3;1;3;46,7964000000;4,4293200000
202200050277;16;2;2022;15:00;1;16;2;3;1;6;45,6589500000;0,1613100000
202200050278;22;10;2022;22:20;5;93;2;2;1;1;48,9280900000;2,3906000000
202200050279;6;6;2022;15:07;1;64;2;2;1;3;43,4818300000; -1,5096100000
202200050280;13;8;2022;19:35;1;66;2;1;1;7;42,5722562825;3,0395865440
202200050281;9;7;2022;21:10;1;92;2;1;1;6;48,8947571778;2,2233543992
202200050282;15;2;2022;12:45;1;14;2;1;1;6;49,1996300000; -0,3962700000
202200050283;28;11;2022;14:30;1;69;2;1;2;6;45,9882200000;4,7150300000
202200050284;24;10;2022;15:20;1;93;2;3;1;6;48,9342302874;2,4914403394
202200050285;7;6;2022;16:49;1;63;2;1;1;3;45,8037581930;3,1101012826
202200050286;16;2;2022;15:06;1;13;2;1;1;6;43,3303621033;5,4124255992
202200050287;8;7;2022;19:40;1;92;2;1;1;1;48,8890090000;2,2151640000
202200050288;10;8;2022;06:05;2;77;1;1;1;2;48,1936710000;2,8133150000
202200050289;29;4;2022;08:10;1;62;1;1;1;6;50,3962005214;2,9698809385
202200050290;28;11;2022;18:00;5;69;2;2;2;3;45,7048100000;4,9154800000
202200050291;20;10;2022;06:00;5;92;2;1;3;7;48,9440076587;2,3136246800
202200050292;7;9;2022;13:15;1;83;2;1;1;3;43,4529030000;6,6914300000
202200050293;15;2;2022;10:10;1;11;2;2;1;6;43,1819400000;3,0070800000
202200050294;8;7;2022;17:30;1;92;2;1;1;1;48,8975900000;2,1982700000
202200050295;29;3;2022;06:15;5;13;1;1;1;2;43,5226001344;5,4106954119
202200050296;3;6;2022;16:00;1;59;2;1;1;6;50,7042870000;3,0947560000
202200050297;14;8;2022;03:00;3;33;1;1;3;6;44,7811020000; -0,9490520000
202200050298;28;11;2022;18:30;5;69;2;2;2;3;45,7146300000;4,9596300000
202200050299;24;10;2022;20:06;5;92;2;1;1;2;48,8248400000;2,2136300000
202200050300;27;3;2022;20:50;5;77;2;1;1;6;49,0337040000;3,1127040000
202200050301;22;9;2022;12:40;1;71;1;3;1;2;46,3094330000;4,0390420000
202200050302;15;2;2022;08:42;1;10;2;1;8;3;48,2888661012;4,0735352039
202200050303;6;7;2022;16:30;1;92;2;1;1;5;48,8960000000;2,2170500000
202200050304;6;6;2022;16:45;1;59;2;3;1;3;50,5522300000;3,0539800000
202200050305;26;11;2022;15:35;1;67;2;1;1;6;48,5434400000;7,7720400000
202200050306;28;3;2022;17:00;1;95;1;6;1;2;49,0300880000;2,4996900000
202200050307;20;9;2022;17:15;1;21;2;1;1;6;47,1355750000;4,9537610000
202200050308;14;8;2022;09:20;1;988;2;3;1;3; -21,8611780000;166,0429110000
202200050309;16;2;2022;16:30;1;06;2;1;1;3;43,7100440000;7,2825230000
202200050310;6;7;2022;13:45;1;92;2;1;1;1;48,8904400000;2,2267300000
202200050311;24;10;2022;17:06;1;92;2;2;1;3;48,8198360000;2,3108650000
202200050312;3;6;2022;17:45;1;59;2;6;1;3;50,3791500000;3,0806200000
202200050313;26;11;2022;13:15;1;67;2;3;1;3;48,5663800000;7,7081400000
202200050314;9;7;2022;17:55;1;92;2;9;1;7;48,7837596384;2,2316984832
202200050315;16;12;2022;14:10;1;973;1;1;2;1;5,4576410000; -54,0409330000
202200050316;27;3;2022;09:10;1;91;2;1;1;1;48,5144560000;2,3177140000
202200050317;10;4;2022;05:50;5;59;2;1;1;6;50,1836500000;3,2565500000
202200050318;16;2;2022;08:40;1;01;2;2;3;6;46,2096960000;5,2299080000
202200050319;26;11;2022;21:02;5;66;2;1;1;6;42,7108000000;2,8990800000
202200050320;23;10;2022;22:40;4;92;2;2;1;3;48,8930200000;2,2868500000
202200050321;21;9;2022;18:10;1;31;2;1;1;3;43,5403440000;1,4139690000
202200050322;5;7;2022;13:45;1;92;2;1;1;3;48,8073860000;2,2427440000
202200050323;7;6;2022;20:10;1;58;2;1;1;2;46,9949200000;3,1284000000
202200050324;30;3;2022;13:45;1;73;1;1;2;6;45,2485910000;6,3153950000
202200050325;14;8;2022;02:45;5;973;2;1;1;6;5,4827820000; -54,0358690000
202200050326;16;2;2022;10:25;1;75;2;1;1;3;48,8170450000;2,3484020000
202200050327;21;9;2022;09:10;1;86;2;1;7;6;46,6188530000;0,0802130000
202200050328;24;11;2022;21:26;5;63;2;1;1;2;45,8068757052;3,1067973375
202200050329;22;10;2022;10:53;1;92;2;1;1;6;48,9246180000;2,3044000000
202200050330;9;7;2022;09:10;1;92;2;1;1;3;48,8292000000;2,2639200000
202200050331;29;3;2022;19:55;2;38;2;1;1;2;45,7543560000;5,1771820000
202200050332;6;6;2022;18:20;1;58;2;3;2;3;46,9857100000;3,1527400000
202200050333;13;2;2022;10:50;1;75;2;4;1;6;48,8247843551;2,3046344519
202200050334;14;8;2022;07:10;1;971;1;1;1;1;16,0111510000; -61,5896750000
202200050335;21;9;2022;23:20;5;22;2;1;1;6;48,4611840000; -2,7410030000
202200050336;23;11;2022;08:02;2;63;2;1;1;3;45,7688900000;3,0947200000
202200050337;21;10;2022;11:00;1;92;2;4;1;6;48,9265909159;2,2945466637
202200050338;6;7;2022;09:36;1;92;2;1;1;3;48,8192862537;2,2786325812
202200050339;30;3;2022;12:20;1;26;2;1;1;1;44,2985640000;5,0095750000
202200050340;16;2;2022;18:30;5;75;2;7;2;6;48,8537903722;2,3442801833
202200050341;7;6;2022;03:30;5;57;2;3;1;6;49,3457611642;6,1504204170
202200050342;14;8;2022;08:25;1;2B;1;1;1;1;42,5029130000;9,3029520000
202200050343;22;9;2022;08:45;1;60;1;1;1;2;49,2436740000;2,4744340000
202200050344;20;10;2022;10:40;1;92;2;6;1;6;48,9328200000;2,3025700000
202200050345;23;11;2022;08:51;1;63;2;1;1;3;45,7578900000;3,1261900000
202200050346;28;3;2022;16:15;1;64;2;9;1;6;43,4827880000; -0,7564370000
202200050347;7;6;2022;14:20;1;56;2;1;1;6;47,7690000000; -3,3750000000
202200050348;16;2;2022;08:09;1;75;2;1;1;3;48,8513430574;2,3506410420
202200050349;6;7;2022;12:15;1;92;2;3;1;3;48,9405627804;2,2915447354
202200050350;14;8;2022;09:20;1;2B;2;6;1;4;42,6337650000;8,9398830000
202200050351;29;3;2022;22:20;3;40;1;1;1;7;44,1919130000; -1,1895280000
202200050352;24;10;2022;18:25;2;92;2;1;1;3;48,9042400000;2,3049300000
202200050353;7;6;2022;09:45;1;54;2;1;1;2;48,9084420000;6,0393830000