Accident_Id;jour;mois;an;hrmn;lum;dep;agg;int;atm;col;lat;long
202200051344;6;1;2022;22:10;3;91;1;1;2;1;48,4551360000;2,0680210000
202200051345;8;5;2022;23:05;3;56;1;1;1;6;48,0949070000; -3,6342640000
202200051346;27;3;2022;09:13;1;91;2;9;1;2;48,7040500000;2,4334400000
202200051347;7;1;2022;11:40;1;2B;2;1;1;6;42,7002850816;9,3650937093
202200051348;6;5;2022;13:00;1;74;1;1;1;1;46,0193950000;5,9162450000
202200051349;9;5;2022;17:15;1;67;1;1;1;1;48,1301540000;7,5401030000
202200051350;6;1;2022;17:45;5;34;2;9;1;3;43,9327100000;3,7033370000
202200051351;8;5;2022;18:00;1;76;1;9;1;6;49,9174090000;1,5877390000
202200051352;26;3;2022;11:50;1;91;1;1;1;4;48,6722370000;2,5252600000
202200051353;7;5;2022;11:16;3;2A;2;1;1;6;41,9165789882;8,9203057772
202200051354;6;1;2022;19:45;5;06;2;1;1;5;43,7866370000;7,3335460000
202200051355;7;1;2022;07:30;2;04;1;1;1;6;43,8756850000;5,8629870000
202200051356;7;1;2022;07:45;3;89;1;1;3;1;47,9514840000;3,4638720000
202200051357;8;5;2022;15:15;1;32;1;2;1;3;43,4310530000;0,5156010000
202200051358;1;1;2022;07:35;1;57;1;1;1;6;49,1561800000;6,9734220000
202200051359;6;5;2022;08:35;1;32;1;2;1;3;43,5402310000;0,4546530000
202200051360;6;1;2022;16:30;1;26;2;1;1;7;44,9672800000;4,9493680000
202200051361;8;5;2022;18:24;1;89;1;1;1;1;47,9764930000;3,2326200000
202200051362;5;1;2022;18:25;5;22;2;3;1;3;48,1796010391; -2,7504186631
202200051363;9;5;2022;01:00;5;89;2;1;1;6;47,6850350000;2,9968800000
202200051364;6;1;2022;22:10;5;27;1;1;2;2;49,3031320000;1,1121080000
202200051365;7;5;2022;19:15;1;61;1;1;1;1;48,3634990000;0,8391400000
202200051366;7;5;2022;19:40;1;61;1;2;1;2;48,7179580000; -0,2516560000
202200051367;7;1;2022;18:20;5;02;2;1;2;6;49,9187430000;4,1332210000
202200051368;1;1;2022;08:00;1;69;1;1;1;2;45,7697900000;4,7930300000
202200051369;8;5;2022;20:00;2;42;2;1;1;2;45,5044300000;4,2490160000
202200051370;5;1;2022;15:30;1;59;1;1;1;6;50,6104463387;2,9522082210
202200051371;6;5;2022;14:15;1;68;2;6;1;3;47,7569330000;7,0183270000
202200051372;30;4;2022;20:55;2;44;2;1;1;6;47,3494080000; -2,5101290000
202200051373;7;5;2022;10:05;1;44;1;1;1;1;47,1565060000; -2,1461750000
202200051374;6;1;2022;15:20;1;94;1;1;1;4;48,8052365839;2,3449436699
202200051375;8;5;2022;18:30;1;29;1;1;1;6;48,2703833296; -4,0822894872
202200051376;6;1;2022;20:03;3;78;1;9;1;7;48,8314720000;2,1474190000
202200051377;8;5;2022;01:00;3;29;1;4;1;6;48,4101805494; -4,6569943426
202200051378;6;1;2022;17:10;2;92;1;1;1;6;48,9287532702;2,3303447346
202200051379;6;1;2022;18:15;3;94;1;1;1;2;48,7920430655;2,4409096559
202200051380;8;5;2022;18:15;1;38;2;1;1;3;45,1422980000;5,2895740000
202200051381;6;1;2022;07:00;3;94;1;1;1;6;48,7620000000;2,3817000000
202200051382;7;5;2022;17:45;1;66;2;1;1;3;42,4417974202;3,1654371321
202200051383;1;1;2022;05:50;5;94;2;3;8;6;48,7847200000;2,4510900000
202200051384;8;5;2022;21:00;2;14;1;1;1;6;49,2506080000;0,2240500000
202200051385;5;1;2022;16:00;1;973;2;9;1;3;4,9390799970; -52,3264861107
202200051386;7;5;2022;10:38;1;83;1;1;1;6;43,5591750000;6,2691140000
202200051387;5;1;2022;14:30;1;973;2;9;1;6;4,9389365862; -52,3195418715
202200051388;4;1;2022;23:20;4;972;1;4;2;7;14,6146300000; -61,0128400000
202200051389;9;5;2022;16:50;1;73;1;3;1;1;45,5819680000;6,2740730000
202200051390;5;1;2022;10:44;1;69;2;1;7;6;45,8279900000;4,9093200000
202200051391;5;1;2022;17:50;5;95;2;1;1;6;48,9898254210;2,4182420969
202200051392;3;1;2022;17:28;5;95;2;1;3;6;49,0632895194;2,0655369759
202200051393;7;5;2022;18:30;1;07;1;1;1;4;44,4848400000;4,3804000000
202200051394;9;5;2022;11:40;1;04;1;1;1;7;43,8946140000;6,0727470000
202200051395;5;1;2022;20:25;5;91;2;6;1;7;48,5947500000;2,3030700000
202200051396;9;5;2022;02:20;3;17;2;1;1;7;45,9836970000; -1,3093530000
202200051397;5;1;2022;08:20;1;91;2;1;1;6;48,6909900000;2,2895200000
202200051398;5;5;2022;14:20;1;37;1;1;1;5;47,2645240000;0,4613400000
202200051399;5;1;2022;09:50;1;91;2;1;1;6;48,7027400000;2,4541500000
202200051400;9;5;2022;10:42;1;30;2;1;1;6;44,2609000000;4,1983000000
202200051401;5;1;2022;06:45;5;91;2;1;1;7;48,7143300000;2,4640200000
202200051402;7;5;2022;14:05;1;35;1;1;1;2;48,0654369698; -1,6195473075
202200051403;5;1;2022;16:15;1;91;2;1;7;6;48,7056900000;2,3551500000
202200051404;6;5;2022;20:45;3;987;2;1;1;1; -17,6008910000; -149,6071390000
202200051405;5;1;2022;20:25;5;86;2;1;1;1;46,5598240000;0,3736260000
202200051406;9;5;2022;09:56;1;42;1;1;1;2;45,7302880000;4,1826130000
202200051407;6;5;2022;14:00;1;42;1;1;1;6;45,8560650000;3,8135000000
202200051408;8;5;2022;16:10;1;11;1;1;1;3;43,2276940000;3,2064630000
202200051409;5;1;2022;16:00;1;83;2;1;1;6;43,1249400000;5,9309600000
202200051410;9;5;2022;18:00;1;74;1;1;1;2;46,1809450000;6,2302110000
202200051411;5;1;2022;15:00;1;83;2;1;1;1;43,1080656669;6,0165174007
202200051412;8;5;2022;17:00;1;988;1;3;1;1; -20,8263050000;164,6202160000
202200051413;5;1;2022;10:40;1;83;2;1;1;2;43,1235390000;5,9373680000
202200051414;9;5;2022;10:15;1;974;1;1;1;7; -21,1785690000;55,4552290000
202200051415;3;1;2022;22:00;5;80;2;9;2;6;49,8908200000;2,3064100000
202200051416;6;5;2022;14:15;1;971;1;1;1;3;16,1188370000; -61,5725970000
202200051417;8;5;2022;15:30;1;77;1;1;7;7;48,5722910000;3,0805490000
202200051418;3;1;2022;22:14;5;77;1;3;2;6;48,5980320000;2,6861940000
202200051419;1;5;2022;09:50;1;77;1;2;1;6;48,2516840000;2,7616830000
202200051420;5;1;2022;09:35;1;77;2;1;1;6;48,2633200000;2,6997800000
202200051421;9;5;2022;08:25;1;91;1;1;1;4;48,6488430000;2,0727860000
202200051422;5;1;2022;16:35;1;76;2;1;1;1;49,4080000000;1,0350000000
202200051423;9;5;2022;08:20;1;83;2;1;1;1;43,2687100000;6,5737720000
202200051424;3;1;2022;22:20;5;76;2;2;2;7;49,4381500000;1,0919300000
202200051425;3;1;2022;08:10;5;76;2;1;1;6;49,5454700000;0,1674000000
202200051426;7;5;2022;16:00;1;06;1;1;8;6;43,8070700000;6,8921940000
202200051427;1;1;2022;13:15;1;72;2;1;1;4;48,0149000000;0,1601200000
202200051428;4;1;2022;12:45;1;67;2;3;2;6;48,5879939988;7,7570900000
202200051429;4;1;2022;19:30;5;67;2;1;2;3;48,5385974910;7,7687850000
202200051430;4;1;2022;12:20;1;67;2;3;2;3;48,6098100000;7,7115300000
202200051431;3;1;2022;06:45;5;67;2;3;2;3;48,5806684319;7,7232344449
202200051432;4;1;2022;19:35;5;62;2;1;3;6;50,5128720000;2,4867300000
202200051433;3;1;2022;17:55;3;60;1;6;3;3;49,3930390000;2,8024990000
202200051434;5;1;2022;12:04;1;49;2;1;8;7;47,4547100000; -0,5536200000
202200051435;4;1;2022;09:37;1;49;1;1;2;6;47,4667200000; -0,5160600000
202200051436;4;1;2022;07:33;5;49;2;1;2;7;47,4456900000; -0,4688900000
202200051437;4;1;2022;20:00;3;45;2;1;8;6;48,0011200000;2,7686200000
202200051438;4;1;2022;08:30;5;45;2;1;3;6;47,9904780000;2,7671850000
202200051439;5;1;2022;07:55;5;37;2;1;1;6;47,3491276506;0,6657806039
202200051440;5;1;2022;07:45;2;31;2;1;5;6;43,5805300000;1,4107600000
202200051441;2;1;2022;20:25;5;29;1;1;1;6;48,3950930000; -4,4374711000
202200051442;5;1;2022;09:35;1;18;2;1;1;-1;47,2263400000;2,0492300000
202200051443;5;1;2022;05:50;3;14;1;1;2;1;49,1555000000; -0,3147300000
202200051444;5;1;2022;19:30;5;13;2;1;1;3;43,2807400000;5,4215700000
202200051445;5;1;2022;10:53;1;13;2;1;1;6;43,3472200000;5,3784300000
202200051446;5;1;2022;14:15;1;13;2;3;6;3;43,5149024408;5,4426914360
202200051447;4;1;2022;14:55;1;75;2;1;1;4;48,8473660000;2,4147480000
202200051448;4;1;2022;10:40;1;75;2;4;2;7;48,8619080000;2,4140520000
202200051449;4;1;2022;07:30;5;75;2;1;2;7;48,8168510000;2,3362100000
202200051450;5;1;2022;16:20;1;75;2;3;1;6;48,8849380000;2,3249930000
202200051451;5;1;2022;05:20;5;75;2;5;1;6;48,8873660000;2,3138520000
202200051452;4;1;2022;08:15;2;75;2;2;2;6;48,8840210000;2,3185010000
202200051453;5;1;2022;16:00;1;75;2;1;1;6;48,8644620000;2,2846390000
202200051454;5;1;2022;08:00;2;75;2;7;1;6;48,8781230000;2,3050880000
202200051455;5;1;2022;14:40;1;75;2;2;1;3;48,8371850000;2,3001440000
202200051456;5;1;2022;11:50;1;75;2;3;1;7;48,8473840000;2,3030250000
202200051457;5;1;2022;11:00;1;75;2;2;1;3;48,8731400000;2,3267530000
202200051458;5;1;2022;17:45;5;75;2;2;1;3;48,8683750000;2,3232480000
202200051459;5;1;2022;15:15;1;75;2;7;1;1;48,8791530000;2,3234930000
202200051460;4;1;2022;09:30;1;75;2;3;2;1;48,8636520000;2,3427680000
202200051461;4;1;2022;08:00;2;75;2;2;2;3;48,8584730000;2,3425440000
202200051462;5;1;2022;17:00;1;94;2;1;1;6;48,7404200000;2,4525200000
202200051463;5;1;2022;08:45;1;94;2;1;1;3;48,8073300000;2,4433900000
202200051464;5;1;2022;09:30;1;94;2;2;1;6;48,7906500000;2,4629000000
202200051465;5;1;2022;15:00;1;94;2;1;1;3;48,7930282012;2,5537590979
202200051466;5;1;2022;20:30;5;94;2;3;1;1;48,7544600000;2,5059800000
202200051467;4;1;2022;08:50;2;94;2;1;1;1;48,7711910135;2,5211763380
202200051468;5;1;2022;14:20;1;94;2;3;1;1;48,7820932096;2,4196422100
202200051469;5;1;2022;13:04;1;93;2;4;1;6;48,9515782795;2,3797964305
202200051470;5;1;2022;10:45;1;93;2;9;1;3;48,9499643728;2,5224030018
202200051471;5;1;2022;15:10;1;93;2;1;1;1;48,9033400000;2,3440500000
202200051472;5;1;2022;15:00;1;93;2;9;1;1;48,9115653106;2,3337346315
202200051473;5;1;2022;08:40;2;93;2;3;1;6;48,8810627214;2,4800077651
202200051474;5;1;2022;08:30;1;93;2;3;1;6;48,9519300000;2,3276900000
202200051475;5;1;2022;11:11;1;93;2;1;1;6;48,8891400000;2,5534000000
202200051476;5;1;2022;14:00;1;92;2;1;1;6;48,8682678656;2,2246167809
202200051477;5;1;2022;17:57;5;92;2;1;1;6;48,8981587541;2,2641344368
202200051478;5;1;2022;19:45;5;92;2;1;1;3;48,8328062501;2,2411016375
202200051479;4;1;2022;17:55;5;41;2;1;2;2;47,5953300000;1,4647400000
202200051480;3;1;2022;20:00;3;83;1;1;1;6;43,4594530000;6,5228860000
202200051481;6;1;2022;14:00;1;64;1;1;1;6;43,4846960000; -0,6094750000
202200051482;5;1;2022;18:00;3;19;1;1;1;5;45,2884021550;1,5724324694
202200051483;4;1;2022;23:05;3;22;2;1;1;6;48,2666300000; -2,1598060000
202200051484;5;1;2022;12:30;1;62;2;1;1;7;50,4696650000;1,7697800000
202200051485;6;1;2022;13:30;1;62;1;1;1;7;50,8307840000;2,1357460000
202200051486;3;1;2022;16:50;1;2B;2;1;1;6;42,5606990000;8,7556640000
202200051487;5;1;2022;22:35;5;80;2;1;1;6;49,7183230000;2,3426790000
202200051488;15;2;2022;13:25;1;972;1;9;1;6;14,6228100000; -61,0189300000
202200051489;14;2;2022;20:25;4;972;2;1;1;7;14,6398807054; -60,9920006990
202200051490;14;2;2022;21:25;5;972;2;4;1;3;14,6145000000; -61,0482300000
202200051491;14;2;2022;17:48;5;972;1;9;1;1;14,6012700000; -61,0467200000
202200051492;15;2;2022;19:00;5;69;2;2;1;2;45,7745100000;4,8016300000
202200051493;15;2;2022;08:55;1;2B;1;1;8;4;42,6498745872;9,4404600600
202200051494;15;2;2022;12:05;1;2A;2;1;8;5;41,9463192725;8,7641425054
202200051495;15;2;2022;11:11;1;95;2;1;1;6;49,0076103063;2,4015104771
202200051496;15;2;2022;18:25;5;95;2;1;2;3;48,9761700000;2,3945900000
202200051497;15;2;2022;18:45;5;91;2;1;2;6;48,5845300000;2,2545500000
202200051498;15;2;2022;18:15;5;91;2;1;2;6;48,6812250000;2,1735980000
202200051499;14;2;2022;19:05;5;91;2;3;2;6;48,6797300000;2,3839600000
202200051500;1;7;2022;17:30;1;06;1;1;1;7;43,7583960000;7,2474520000
202200051501;8;7;2022;18:45;1;84;1;1;1;1;44,0593930000;4,8065210000
202200051502;12;2;2022;15:40;1;91;2;1;1;6;48,6067800000;2,4731900000
202200051503;8;7;2022;17:50;1;01;2;1;1;1;46,1163760000;5,8094610000
202200051504;9;7;2022;18:30;1;79;1;1;1;7;46,1052490000;0,1827980000
202200051505;26;1;2022;21:00;3;91;1;1;1;2;48,6309400000;2,4388600000
202200051506;8;7;2022;10:50;1;26;2;3;1;3;45,2714020000;4,8786220000
202200051507;15;2;2022;10:20;1;91;2;1;9;6;48,4311800000;2,1597800000
202200051508;7;7;2022;14:00;1;42;2;1;1;1;45,4744461359;4,5847505629
202200051509;14;2;2022;19:45;3;78;1;1;2;2;48,9924000000;1,9399700000
202200051510;7;6;2022;06:50;1;75;2;7;2;6;48,8231630000;2,3255000000
202200051511;8;7;2022;14:00;1;83;1;1;1;5;43,1993570000;6,3962750000
202200051512;7;6;2022;16:48;1;75;2;2;1;6;48,8223920000;2,3716060000
202200051513;11;2;2022;10:10;1;76;2;6;1;3;49,5200600000;0,0883900000
202200051514;9;7;2022;09:15;1;72;1;9;1;3;47,9159680000;0,3014159000
202200051515;8;6;2022;08:45;2;75;2;1;3;4;48,8260110000;2,4082900000
202200051516;9;7;2022;07:45;1;44;2;1;1;1;47,5016910000; -1,5831130000
202200051517;7;6;2022;20:45;1;75;2;1;1;6;48,8301820000;2,3923680000
202200051518;14;2;2022;12:15;1;71;2;6;2;3;46,8073568230;4,4323343039
202200051519;7;7;2022;07:53;1;44;1;1;1;7;47,4012130000; -2,0072340000
202200051520;7;6;2022;19:21;1;75;2;2;1;3;48,8443030000;2,3815820000
202200051521;15;2;2022;13:30;1;69;2;2;1;3;45,7534000000;4,9325000000
202200051522;9;7;2022;02:40;3;34;1;1;1;2;43,8720810000;3,3124530000
202200051523;7;6;2022;14:35;1;75;2;1;1;2;48,8385760000;2,4274160000
202200051524;9;7;2022;09:20;1;15;1;1;1;2;44,9984770000;3,1729840000
202200051525;14;2;2022;18:55;5;69;2;1;1;4;45,7748100000;4,9158200000
202200051526;7;6;2022;09:35;1;75;2;2;8;5;48,8811000000;2,3651630000
202200051527;15;2;2022;17:04;1;64;2;3;1;3;43,4933052635; -1,4616671205
202200051528;6;7;2022;09:40;1;41;1;2;1;2;47,7027480000;1,1752470000
202200051529;7;6;2022;15:50;1;75;2;3;1;3;48,8757000000;2,3278050000
202200051530;9;7;2022;12:10;1;38;1;1;1;1;44,7649981765;5,6598754724
202200051531;15;2;2022;12:50;1;64;2;6;8;3;43,4836750000; -1,5022700000
202200051532;8;6;2022;09:06;1;75;2;1;2;7;48,8609360000;2,3255730000
202200051533;14;2;2022;15:00;1;45;2;4;1;6;47,8877500000;1,9050100000
202200051534;8;7;2022;23:30;3;47;1;4;1;7;44,5456252706;0,0865232625
202200051535;7;6;2022;20:05;1;75;2;2;1;3;48,8327240000;2,3115280000
202200051536;10;2;2022;09:50;1;43;2;1;9;7;45,0550000000;3,8840400000
202200051537;8;7;2022;19:30;1;87;1;1;1;1;45,8561320000;1,0885910000
202200051538;7;6;2022;15:19;1;75;2;7;1;2;48,8584100000;2,3126100000
202200051539;15;2;2022;08:30;1;37;2;1;1;6;47,4182342147;0,6648284197
202200051540;8;7;2022;07:35;2;37;1;9;1;6;47,1634870000;0,6287100000
202200051541;7;6;2022;19:00;1;75;2;3;1;6;48,8551090000;2,3616970000
202200051542;14;2;2022;17:10;1;35;2;3;1;7;48,6486900000; -2,0240800000
202200051543;7;7;2022;01:00;3;37;1;1;1;6;47,4485640000;0,7428970000
202200051544;15;2;2022;13:15;1;35;2;1;2;6;48,1110020000; -1,6369290000
202200051545;7;6;2022;19:05;1;75;2;2;1;6;48,8564620000;2,3643490000
202200051546;28;11;2022;13:30;1;93;2;9;1;6;48,8686205416;2,4611552821
202200051547;6;7;2022;10:00;1;44;1;1;1;4;47,0536450000; -1,9266680000
202200051548;28;11;2022;17:10;1;93;2;1;1;6;48,9616425504;2,3099988699
202200051549;7;6;2022;17:21;1;75;2;3;1;6;48,8550940000;2,3616900000
202200051550;19;9;2022;16:40;1;49;2;1;1;6;47,4703900000; -0,5505900000
202200051551;9;7;2022;15:00;1;62;2;1;1;7;50,3442070000;2,5415000000
202200051552;15;2;2022;23:00;5;33;2;2;3;3;44,8741300000; -0,5764500000
202200051553;27;11;2022;14:30;1;93;2;3;8;3;48,9307807580;2,4290433526
202200051554;19;9;2022;07:48;1;49;2;1;1;2;47,4775400000; -0,5108900000
202200051555;7;6;2022;19:45;1;94;2;2;1;3;48,7925500000;2,3821700000
202200051556;14;2;2022;17:50;2;33;2;1;2;6;44,8445100000; -0,5096400000
202200051557;28;11;2022;13:35;1;93;2;9;1;6;48,9443602106;2,4669939280
202200051558;20;9;2022;12:20;1;47;2;6;1;3;44,1949500000;0,6123000000
202200051559;9;7;2022;19:40;1;62;2;2;7;3;50,1868140000;2,8581740000
202200051560;28;11;2022;00:50;3;92;2;1;2;6;48,8787023453;2,2789866328
202200051561;3;6;2022;09:05;1;94;2;2;1;3;48,8018200000;2,4885300000
202200051562;14;2;2022;10:36;1;31;1;1;2;2;43,6374800000;1,3769300000
202200051563;20;9;2022;17:50;1;45;2;1;1;6;47,9031070000;1,8621580000
202200051564;28;11;2022;11:14;1;92;2;1;1;3;48,8870374626;2,2118005157
202200051565;7;7;2022;09:00;1;66;2;9;1;6;42,7766120000;2,9141830000
202200051566;20;9;2022;09:35;1;45;2;1;1;3;47,9142000000;1,8529500000
202200051567;15;2;2022;11:25;1;27;1;1;1;3;49,2640356282;1,1623960733
202200051568;28;11;2022;10:55;1;92;2;2;1;6;48,8888200000;2,1889200000
202200051569;11;7;2022;04:30;3;24;1;1;1;7;45,0091120000;0,3038400000
202200051570;8;6;2022;18:57;1;94;2;3;2;2;48,8071300000;2,3637500000
202200051571;20;9;2022;08:05;1;45;2;2;1;3;47,8980800000;1,9042000000
202200051572;28;11;2022;09:30;1;92;2;1;1;3;48,8995272192;2,2798908055
202200051573;8;6;2022;14:20;1;94;2;1;1;6;48,7837130000;2,3547580000
202200051574;9;7;2022;06:47;1;83;1;1;1;1;43,4077677600;5,9804141521
202200051575;20;9;2022;07:47;1;43;2;1;1;7;45,0458700000;3,8796800000
202200051576;15;2;2022;18:30;3;25;1;1;1;6;47,2831900000;6,0623200000
202200051577;7;7;2022;11:10;1;57;1;6;1;6;49,3329180000;6,1921420000
202200051578;28;11;2022;14:20;1;92;2;1;1;6;48,9182400000;2,2916600000
202200051579;14;2;2022;23:55;5;25;2;1;2;6;47,2437300000;5,9953200000
202200051580;7;6;2022;11:20;1;94;2;1;1;4;48,7857500000;2,3682200000
202200051581;11;9;2022;17:00;1;42;2;1;1;2;45,4811350000;4,5292090000
202200051582;9;7;2022;17:30;1;04;1;1;1;6;44,4627620000;6,2798560000
202200051583;7;6;2022;08:00;1;94;2;1;1;3;48,7759500000;2,3673800000
202200051584;28;11;2022;16:50;5;92;2;2;1;3;48,9066800000;2,2391400000
202200051585;14;2;2022;13:15;1;14;2;3;2;3;49,3888250000;0,2399010000
202200051586;26;8;2022;18:30;1;42;1;1;1;3;45,4413400000;4,4792100000
202200051587;7;7;2022;05:50;2;51;2;2;1;3;48,8265560000;3,8541360000
202200051588;28;11;2022;17:40;5;92;2;1;1;7;48,8398400000;2,2388900000
202200051589;7;6;2022;19:50;1;94;2;3;1;2;48,8072700000;2,4749400000
202200051590;20;9;2022;11:20;1;37;2;1;1;3;47,4292413059;0,6455111504
202200051591;15;2;2022;19:05;2;13;2;1;1;3;43,2894431347;5,4961416583
202200051592;8;7;2022;10:00;1;19;1;1;1;1;45,1606320000;1,5950080000
202200051593;7;6;2022;15:50;1;94;2;2;1;3;48,7991300000;2,4536000000
202200051594;28;11;2022;08:35;1;92;2;1;1;1;48,7438400000;2,2842500000
202200051595;20;9;2022;17:55;1;35;2;2;1;3;48,1246768909; -1,7030753195
202200051596;15;2;2022;16:15;1;13;2;1;1;2;43,2613075664;5,3976806221
202200051597;8;7;2022;16:30;1;19;1;1;1;3;45,0483910000;1,9883970000
202200051598;28;11;2022;06:20;5;92;2;1;1;6;48,7342475079;2,3122288585
202200051599;6;6;2022;21:25;2;94;2;1;1;3;48,8130900000;2,5126600000
202200051600;20;9;2022;07:20;2;35;1;1;1;3;48,1077090000; -1,7176420000
202200051601;15;2;2022;13:00;1;13;2;1;1;1;43,2937200000;5,4452400000
202200051602;11;7;2022;08:05;1;56;2;1;7;6;47,7652480000; -2,1326460000
202200051603;8;6;2022;20:00;1;94;2;1;1;2;48,7595100000;2,4997000000
202200051604;20;9;2022;20:20;5;34;2;4;1;7;43,6064600000;3,8827200000
202200051605;28;11;2022;07:15;2;49;2;2;3;3;47,2870263654; -0,8491230011
202200051606;15;2;2022;14:45;1;13;2;1;1;3;43,5806617796;5,0105100805
202200051607;7;6;2022;08:00;1;94;2;1;2;4;48,7200000000;2,5700000000
202200051608;20;9;2022;20:45;3;34;1;1;1;1;43,2976200000;3,4807300000
202200051609;28;11;2022;18:16;3;28;1;1;3;5;48,4350950000;1,5218210000
202200051610;15;2;2022;15:30;1;13;2;3;1;4;43,2894620924;5,5675311677
202200051611;7;6;2022;08:20;1;93;1;9;2;2;49,0035964709;2,5655114651
202200051612;20;9;2022;19:20;1;33;2;2;1;3;44,8253000000; -0,5893400000
202200051613;5;7;2022;19:45;1;56;1;1;1;4;47,9264420000; -2,1441350000
202200051614;28;11;2022;21:45;5;83;1;6;2;3;43,1517640000;6,3116350000
202200051615;7;6;2022;18:58;1;93;2;1;1;2;48,9593200000;2,3985700000
202200051616;27;11;2022;11:30;1;72;1;1;1;7;47,8226720000;0,2744270000
202200051617;7;6;2022;22:07;5;93;2;1;1;6;48,9131800000;2,3340000000
202200051618;10;7;2022;16:20;1;56;1;3;1;3;47,8337280000; -3,3535120000
202200051619;12;2;2022;17:50;1;13;1;1;1;3;43,6636656206;4,6415150910
202200051620;20;9;2022;18:35;1;33;2;6;1;3;44,8240500000; -0,6371600000
202200051621;28;11;2022;05:20;3;22;1;6;2;6;48,4177870000; -2,4428920000
202200051622;8;7;2022;05:30;3;56;1;1;1;1;47,8023680000; -3,1864750000
202200051623;20;9;2022;16:00;1;33;2;3;1;2;44,8507400000; -0,5956700000
202200051624;7;6;2022;08:50;1;93;2;9;2;2;48,9144326147;2,3184944988
202200051625;15;2;2022;15:05;1;06;2;1;1;6;43,6570270000;6,9175190000
202200051626;29;11;2022;13:40;1;50;1;1;1;7;49,0874990000; -1,1859660000
202200051627;19;9;2022;22:10;5;33;2;1;1;3;44,6316800000; -1,1441500000
202200051628;23;5;2022;05:20;2;93;2;1;1;3;48,9264200000;2,3572700000
202200051629;15;2;2022;16:50;1;75;2;4;1;2;48,9009060789;2,3637503386
202200051630;7;7;2022;17:25;1;56;1;1;1;5;47,6148280000; -3,0863860000
202200051631;2;11;2022;14:00;1;66;2;6;1;3;42,6856640000;2,9400930000
202200051632;7;6;2022;22:30;5;93;2;1;1;6;48,8627788887;2,4946418703
202200051633;25;6;2022;13:12;1;56;1;1;1;7;47,5665910000; -2,7079150000
202200051634;28;11;2022;22:30;5;51;1;6;5;7;48,7807270000;4,2213890000
202200051635;20;9;2022;09:00;1;33;2;1;1;2;44,6289000000; -1,1433800000
202200051636;27;11;2022;18:15;3;56;1;2;2;3;47,6993070000; -3,0830600000
202200051637;15;2;2022;18:25;5;75;2;4;2;3;48,9018830000;2,3851990000
202200051638;8;6;2022;13:40;1;93;2;1;1;1;48,8529200000;2,5330500000
202200051639;28;11;2022;12:20;1;59;1;1;1;7;50,8083257731;2,4264281988
202200051640;11;7;2022;17:49;1;59;1;1;1;6;50,9679540000;2,2116640000
202200051641;8;6;2022;13:00;1;93;2;1;8;6;48,8646700000;2,5752300000
202200051642;29;11;2022;12:10;1;79;1;3;8;7;46,3355510000; -0,3750160000
202200051643;20;9;2022;19:05;1;31;2;1;1;6;43,6100400000;1,4497800000
202200051644;15;2;2022;07:40;1;75;2;3;1;6;48,8762474282;2,3813717812
202200051645;7;6;2022;19:45;1;93;2;1;1;6;48,8662590000;2,5342780000
202200051646;28;11;2022;15:55;1;49;1;1;7;1;47,2645170000; -1,0454230000
202200051647;10;7;2022;16:55;1;74;1;1;1;6;46,2165820000;6,5049950000
202200051648;20;9;2022;16:20;1;29;2;1;1;6;47,9906617210; -4,1351465280
202200051649;26;11;2022;16:55;2;34;1;1;1;6;43,6533570000;3,3181500000
202200051650;15;2;2022;09:45;1;75;2;3;1;6;48,8926125402;2,3296889663
202200051651;8;6;2022;11:00;1;93;2;3;2;6;48,8892110000;2,5330470000
202200051652;28;11;2022;13:54;1;25;1;1;2;6;47,1633030000;6,6520690000
202200051653;8;7;2022;11:30;1;74;2;1;1;3;45,7915080000;6,2151400000
202200051654;19;9;2022;17:45;1;29;2;7;1;1;48,4005605563; -4,4983999729
202200051655;25;11;2022;10:55;1;29;1;1;2;7;48,3597960000; -3,7657950000
202200051656;8;6;2022;19:35;1;93;2;1;1;2;48,9246300000;2,4425000000
202200051657;13;2;2022;13:30;1;75;2;5;8;6;48,8852280000;2,3072010000
202200051658;20;9;2022;11:55;1;28;2;1;1;3;48,7247700000;1,3729000000
202200051659;29;11;2022;10:25;1;29;1;1;1;1;48,1788140000; -4,1249160000
202200051660;7;6;2022;08:38;1;93;2;3;8;1;48,9254910000;2,4486600000
202200051661;10;7;2022;17:00;1;74;1;9;1;3;45,9199450000;6,1815480000
202200051662;28;11;2022;21:30;3;29;1;1;1;1;48,4680861406; -4,6934752463
202200051663;28;11;2022;14:25;1;38;1;1;1;7;44,9061720000;5,8462070000
202200051664;13;2;2022;12:30;1;75;2;2;1;3;48,8595470000;2,2751960000
202200051665;10;7;2022;08:00;1;74;1;1;1;1;45,8665470000;6,1871480000
202200051666;7;6;2022;18:00;1;93;2;4;1;4;48,9074600000;2,5561530000
202200051667;28;11;2022;08:30;1;03;1;1;2;6;46,5792210000;3,3954030000
202200051668;13;8;2022;00:15;3;80;1;1;1;6;49,9958640000;3,1470040000
202200051669;20;9;2022;08:05;1;25;1;1;1;3;47,2656600000;6,0047300000
202200051670;14;2;2022;17:00;1;75;2;4;2;3;48,8333728091;2,2771900892
202200051671;9;7;2022;15:35;1;78;1;1;1;3;48,9291330000;1,6128340000
202200051672;8;6;2022;03:30;5;93;2;6;1;2;48,9130490000;2,4365480000
202200051673;28;11;2022;22:10;3;58;1;1;2;7;46,7690170000;3,6259280000
202200051674;12;8;2022;17:30;1;80;2;1;1;1;50,1464260000;2,0900040000
202200051675;19;9;2022;16:35;1;15;2;1;1;6;44,9204100000;2,4393300000