Accident_Id;jour;mois;an;hrmn;lum;dep;agg;int;atm;col;lat;long
202200051676;28;11;2022;17:00;2;06;1;1;2;7;43,6919640000;6,9801970000
202200051677;15;2;2022;20:05;5;75;2;3;2;6;48,8339254285;2,2951246798
202200051678;13;8;2022;00:40;3;81;1;1;1;6;43,8726610000;1,6946200000
202200051679;20;9;2022;12:00;1;13;2;1;1;3;43,4076400000;4,9962900000
202200051680;8;7;2022;13:20;1;67;1;1;1;5;48,5202808078;7,3636293411
202200051681;8;6;2022;09:13;1;92;2;1;2;7;48,8192519921;2,2961356044
202200051682;13;8;2022;10:55;1;71;1;1;1;7;47,0524640000;4,3479900000
202200051683;29;11;2022;16:00;1;14;2;2;1;3;49,2456200000; -0,1009400000
202200051684;8;7;2022;22:00;2;76;1;1;1;6;49,8069000000;1,1843600000
202200051685;15;2;2022;09:15;1;75;2;3;1;6;48,8469061118;2,3871398717
202200051686;12;8;2022;14:00;1;71;1;1;1;6;46,2958990000;4,6132170000
202200051687;20;9;2022;14:30;1;13;2;1;1;3;43,2991272989;5,3972343131
202200051688;6;6;2022;18:00;1;92;2;2;1;3;48,8147600000;2,2969700000
202200051689;7;7;2022;18:15;1;79;2;1;1;7;46,9706540000; -0,1531000000
202200051690;13;8;2022;13:00;1;63;1;1;1;7;45,8743090000;2,6764580000
202200051691;15;2;2022;17:45;1;75;2;3;2;3;48,8598290000;2,3887520000
202200051692;19;9;2022;16:15;1;13;2;1;1;6;43,3190000000;5,3919000000
202200051693;28;11;2022;04:45;3;16;1;1;1;3;45,3167050000; -0,0284100000
202200051694;7;6;2022;18:33;1;92;2;1;1;3;48,8477509944;2,1987735629
202200051695;12;8;2022;13:15;1;61;1;1;1;7;48,7658140000;0,2861920000
202200051696;25;11;2022;16:45;1;04;2;1;1;6;44,1997010000;5,9448370000
202200051697;8;7;2022;21:20;3;2A;1;1;1;3;41,6850840000;9,3209870000
202200051698;20;9;2022;09:15;1;13;2;1;1;2;43,1982000000;5,5975800000
202200051699;15;2;2022;10:50;1;75;2;5;1;3;48,8737397604;2,3271804303
202200051700;7;6;2022;09:03;1;92;2;9;2;3;48,8635600000;2,2007900000
202200051701;13;8;2022;15:00;1;12;1;1;1;6;44,3699750000;2,4732010000
202200051702;29;11;2022;08:00;2;37;2;1;8;6;47,3351330000;0,6906310000
202200051703;11;7;2022;02:50;3;2B;1;9;1;1;42,4642780000;9,4955780000
202200051704;19;9;2022;18:00;1;13;2;1;1;3;43,2843813122;5,5141975162
202200051705;7;6;2022;11:40;1;92;2;2;1;6;48,8796118394;2,2364124656
202200051706;13;8;2022;10:15;1;47;1;1;1;2;44,2875320000;0,1304630000
202200051707;15;2;2022;12:40;1;75;2;3;1;2;48,8752398483;2,3143561184
202200051708;27;11;2022;19:40;3;01;1;1;1;7;46,2622890000;5,6357330000
202200051709;6;7;2022;15:00;1;2B;1;1;1;1;42,8606310000;9,4795760000
202200051710;16;9;2022;09:30;1;11;2;1;1;6;43,1771000000;2,9943000000
202200051711;8;6;2022;01:07;5;92;2;1;1;6;48,8885736000;2,2745781541
202200051712;8;7;2022;15:45;1;80;1;1;1;7;50,1000880000;1,5628530000
202200051713;27;11;2022;16:50;2;01;1;1;1;6;46,1701160000;5,7492530000
202200051714;16;9;2022;14:35;1;11;2;1;1;6;43,1888000000;3,0049000000
202200051715;13;8;2022;05:50;2;39;1;1;1;6;46,6225360000;5,6010410000
202200051716;6;6;2022;09:05;1;92;2;1;1;2;48,8887801196;2,2586206197
202200051717;15;2;2022;12:30;1;75;2;2;1;3;48,8756194205;2,3189299554
202200051718;10;7;2022;17:20;1;80;1;1;1;6;50,0612990000;1,8932320000
202200051719;20;9;2022;07:45;1;09;2;1;1;2;43,1111970000;1,6189040000
202200051720;12;8;2022;18:40;1;25;1;1;1;1;46,8150070000;6,2602600000
202200051721;13;4;2022;18:30;1;92;2;6;1;1;48,8885580801;2,1938715577
202200051722;14;2;2022;08:05;1;75;2;3;1;3;48,8549650000;2,3096680000
202200051723;29;11;2022;06:30;3;83;1;1;2;3;43,5463090000;6,8306640000
202200051724;11;7;2022;15:45;1;82;2;9;1;2;44,0886410000;1,4448630000
202200051725;20;9;2022;17:30;1;06;1;1;1;3;43,6441300000;6,9226500000
202200051726;13;6;2022;06:10;2;65;1;1;3;6;42,9892360000;0,3748440000
202200051727;12;8;2022;20:15;1;38;1;1;1;1;45,5346470000;5,6390330000
202200051728;7;6;2022;09:50;1;92;2;2;1;3;48,8136210000;2,3068460000
202200051729;15;2;2022;18:15;5;75;2;3;2;7;48,8708558898;2,3428626359
202200051730;28;11;2022;17:00;3;13;1;2;2;3;43,5921622599;5,2541990206
202200051731;4;7;2022;19:45;1;33;1;1;1;1;44,6719720000; -1,2499950000
202200051732;7;6;2022;09:20;1;92;2;1;2;2;48,8319100000;2,2671700000
202200051733;19;9;2022;16:16;1;03;2;3;7;3;46,3323700000;2,6043300000
202200051734;14;2;2022;19:10;5;75;2;2;2;3;48,8624680000;2,3668890000
202200051735;9;11;2022;18:00;3;45;1;1;1;3;47,9000608847;1,8475985182
202200051736;12;8;2022;18:15;1;02;2;3;1;3;49,5982950000;3,2559070000
202200051737;8;7;2022;12:05;1;33;1;3;7;3;44,7721440000; -0,3221120000
202200051738;7;6;2022;20:00;1;92;2;1;1;2;48,9260840000;2,2917410000
202200051739;12;8;2022;11:00;1;15;1;1;1;1;45,0971020000;2,7629860000
202200051740;14;2;2022;20:40;5;94;2;2;2;3;48,7955600000;2,3916000000
202200051741;29;11;2022;07:00;3;69;1;9;2;2;45,5127980000;4,8529310000
202200051742;20;9;2022;08:30;1;75;2;4;1;2;48,9007280000;2,3629690000
202200051743;26;11;2022;21:30;5;987;1;1;1;1; -16,3880000000; -151,7650000000
202200051744;12;8;2022;15:08;1;85;1;1;1;6;46,8388300000; -1,2349120000
202200051745;8;7;2022;12:33;1;81;1;1;1;1;43,5271290000;2,2927950000
202200051746;6;6;2022;02:00;5;92;2;2;1;3;48,9219281470;2,2998255193
202200051747;15;2;2022;10:15;1;94;2;1;1;3;48,7635500000;2,4419400000
202200051748;20;9;2022;09:25;1;75;2;4;1;2;48,8219220000;2,3167330000
202200051749;28;11;2022;07:30;1;988;1;1;1;2; -21,5912230000;165,5412570000
202200051750;8;7;2022;09:50;1;32;2;1;1;6;43,9607500000;0,3720220000
202200051751;13;8;2022;12:25;1;26;1;1;1;1;44,3901420000;5,2026700000
202200051752;15;2;2022;09:50;1;94;2;2;1;3;48,8094100000;2,4816600000
202200051753;3;6;2022;19:25;1;92;2;3;1;3;48,9219337868;2,2948392928
202200051754;6;7;2022;16:30;1;11;1;1;1;7;42,8213590000;2,0330610000
202200051755;19;9;2022;23:50;5;75;2;4;1;2;48,9008780000;2,3642060000
202200051756;29;11;2022;20:15;5;988;2;3;1;3; -22,2320300000;166,5259200000
202200051757;7;6;2022;12:35;1;92;2;1;1;3;48,9071418725;2,2424090803
202200051758;14;2;2022;08:45;1;94;2;9;1;1;48,8043950101;2,4862360954
202200051759;19;9;2022;11:20;1;75;2;1;1;2;48,8873610000;2,3968070000
202200051760;13;8;2022;00:56;3;54;1;1;1;2;48,6729734880;5,7744706881
202200051761;28;11;2022;17:45;2;971;1;1;1;1;16,0731970000; -61,5630910000
202200051762;10;6;2022;18:00;1;11;2;1;1;1;43,1828450000;2,0325460000
202200051763;14;2;2022;13:30;1;94;2;1;1;3;48,8492688645;2,5014109610
202200051764;7;6;2022;19:30;1;92;2;2;1;2;48,8999200000;2,2397400000
202200051765;10;7;2022;07:55;1;71;2;1;1;6;47,0790800000;4,2457970000
202200051766;28;11;2022;21:50;3;972;2;1;2;6;14,7398780000; -60,9516390000
202200051767;19;9;2022;10:30;1;75;2;1;1;4;48,8743640000;2,2759550000
202200051768;13;8;2022;13:25;1;60;1;2;1;3;49,5743790000;2,1828460000
202200051769;8;6;2022;14:03;1;92;2;1;1;6;48,8345660000;2,2282470000
202200051770;27;11;2022;12:15;1;29;1;1;2;2;47,8402655740; -3,4950366845
202200051771;15;2;2022;10:10;1;94;2;1;1;2;48,7902100000;2,3692800000
202200051772;18;9;2022;19:35;4;75;2;2;1;7;48,8222340000;2,3303930000
202200051773;10;7;2022;03:45;3;89;1;1;1;7;48,1541620000;2,9783200000
202200051774;12;8;2022;18:45;1;60;2;1;1;1;49,2892510000;2,3422220000
202200051775;22;10;2022;22:40;3;94;2;7;1;6;48,8104200000;2,3266300000
202200051776;20;4;2022;17:50;1;92;2;1;1;6;48,7410122388;2,3123397678
202200051777;15;2;2022;08:30;1;94;2;1;1;4;48,8116100000;2,3756200000
202200051778;23;11;2022;16:55;2;77;1;2;1;4;49,0330850000;2,8967430000
202200051779;23;10;2022;21:20;5;94;2;1;1;3;48,7718662256;2,4065807257
202200051780;10;7;2022;10:15;1;89;2;1;1;5;47,8887050000;3,0980290000
202200051781;20;9;2022;18:15;1;75;2;2;8;3;48,8506310000;2,3427740000
202200051782;7;6;2022;05:45;1;76;1;1;1;3;49,4907510000;0,4711460000
202200051783;14;2;2022;13:15;1;94;2;1;1;3;48,7730700000;2,4831000000
202200051784;28;11;2022;16:45;2;13;1;1;3;1;43,6680270000;5,3530030000
202200051785;13;8;2022;18:25;1;73;1;1;1;2;45,6795450000;5,8941570000
202200051786;9;7;2022;22:25;2;89;1;1;1;7;48,0644000000;3,6351010000
202200051787;23;10;2022;22:15;5;94;2;3;1;2;48,7738095095;2,5171941519
202200051788;7;6;2022;20:30;1;24;2;3;1;1;45,0584880000;0,3883410000
202200051789;28;11;2022;21:45;3;89;1;1;3;6;47,9759390000;3,5536150000
202200051790;20;9;2022;10:55;1;75;2;3;9;5;48,8571750000;2,3386250000
202200051791;7;7;2022;17:40;1;61;1;1;1;6;48,5727740000;0,5674910000
202200051792;8;8;2022;07:35;1;10;1;1;1;7;48,4591772139;3,5419750214
202200051793;15;2;2022;16:55;2;94;2;3;2;3;48,7773700000;2,3770700000
202200051794;22;10;2022;12:00;1;77;1;5;1;3;49,0076487588;2,6095318207
202200051795;8;6;2022;16:35;1;85;1;9;1;7;46,4803000000; -0,9456600000
202200051796;12;8;2022;19:00;2;10;1;1;7;1;48,0256390000;3,9767930000
202200051797;19;9;2022;20:30;5;75;2;1;1;1;48,8462380000;2,3619330000
202200051798;7;7;2022;02:25;3;61;2;1;1;1;48,5836840000; -0,3652900000
202200051799;29;11;2022;10:45;1;42;2;2;1;6;45,7436060000;4,2231810000
202200051800;13;2;2022;21:50;5;94;2;2;1;3;48,8253607316;2,5169034003
202200051801;23;10;2022;19:14;5;93;2;1;1;6;48,9369300000;2,3587400000
202200051802;8;8;2022;12:30;1;04;1;1;1;1;43,9404440000;5,8323240000
202200051803;8;6;2022;17:35;1;22;1;9;1;3;48,6335610000; -2,9709760000
202200051804;20;9;2022;08:55;1;75;2;4;1;2;48,8904620000;2,3964810000
202200051805;11;7;2022;16:30;1;61;1;3;1;3;48,8287000000; -0,5811430000
202200051806;15;8;2022;17:55;1;17;2;9;7;6;45,9704210000; -1,3495210000
202200051807;23;10;2022;11:20;1;93;2;1;1;3;48,9328100000;2,3736000000
202200051808;7;6;2022;17:10;1;28;2;1;1;1;48,0707450000;1,3331920000
202200051809;15;2;2022;09:00;1;93;1;1;1;4;48,9915267706;2,5755938887
202200051810;2;11;2022;11:20;1;65;1;3;1;7;42,9910820000;0,2247720000
202200051811;12;8;2022;10:10;1;88;1;1;1;6;48,0383880000;6,8179090000
202200051812;8;7;2022;18:50;1;49;2;1;1;2;47,7087870000; -0,9784910000
202200051813;20;9;2022;17:30;1;75;2;2;1;7;48,8842540000;2,3026560000
202200051814;23;10;2022;03:00;5;93;2;1;1;3;48,9429577645;2,3418365423
202200051815;15;2;2022;01:00;5;93;2;1;8;6;48,8660500000;2,5241300000
202200051816;22;11;2022;18:15;5;33;2;1;1;6;44,9914400000; -0,4407510000
202200051817;9;6;2022;05:45;1;11;1;2;1;3;43,2376960150;2,7609751754
202200051818;5;7;2022;19:28;1;49;1;1;1;6;47,2899350000; -0,1837420000
202200051819;13;8;2022;16:40;1;10;1;1;1;2;48,6874191058;4,1805231571
202200051820;20;9;2022;22:15;5;75;2;7;1;6;48,8477950000;2,3016580000
202200051821;15;2;2022;00:15;5;93;2;1;1;7;48,9164700000;2,4443300000
202200051822;23;10;2022;18:35;2;93;2;3;1;3;48,8663500000;2,4695900000
202200051823;28;11;2022;16:45;1;60;2;1;1;4;49,2032940000;2,4693110000
202200051824;8;8;2022;19:50;2;69;2;3;7;1;45,7579910000;4,7756950000
202200051825;7;6;2022;19:00;1;11;1;3;1;6;43,2125730000;2,8437640000
202200051826;7;7;2022;07:30;2;49;1;3;1;3;47,4926200000; -0,4586470000
202200051827;14;2;2022;19:40;5;93;2;1;2;6;48,9091400000;2,4801000000
202200051828;23;10;2022;19:40;5;93;2;6;1;6;48,9184567552;2,3933952894
202200051829;20;9;2022;13:00;1;75;2;3;1;2;48,8408250000;2,2884960000
202200051830;28;11;2022;06:50;3;13;1;1;2;2;43,4432707826;5,3961932659
202200051831;21;5;2022;23:00;3;12;2;1;1;6;44,2345920000;2,0336720000
202200051832;8;6;2022;15:00;1;34;1;1;1;2;43,6434470000;3,5651390000
202200051833;28;11;2022;20:20;3;33;1;1;1;6;44,7275114051; -0,5278721452
202200051834;12;8;2022;16:10;1;63;1;9;1;2;45,8512600000;3,4095280000
202200051835;9;7;2022;05:00;3;12;1;1;1;6;44,1281950000;2,6785080000
202200051836;15;2;2022;02:12;5;92;2;3;1;2;48,9005200000;2,2448400000
202200051837;20;9;2022;23:15;5;75;2;2;1;3;48,8551200000;2,3871360000
202200051838;22;10;2022;21:15;5;93;2;2;1;1;48,9218859365;2,4001693726
202200051839;8;6;2022;20:25;1;36;1;1;1;6;47,0305982885;1,7905569077
202200051840;28;11;2022;16:00;1;33;1;1;2;5;44,8096200000; -0,5247300000
202200051841;15;2;2022;17:25;2;92;2;1;2;2;48,9176307488;2,2235809788
202200051842;7;7;2022;09:45;1;12;1;4;1;1;44,7090560000;2,8583980000
202200051843;23;10;2022;17:00;1;92;2;1;1;1;48,8455322645;2,2267484665
202200051844;8;6;2022;14:05;1;71;1;9;2;6;46,5018150000;5,3846530000
202200051845;20;9;2022;10:40;1;75;2;2;1;6;48,8755820000;2,3265760000
202200051846;13;8;2022;11:35;1;62;1;1;1;5;50,7146810000;2,1820080000
202200051847;8;6;2022;12:19;1;40;2;1;3;7;44,1470850000; -0,5438790000
202200051848;23;10;2022;19:45;5;37;2;1;1;6;47,2466594415;0,1625418663
202200051849;28;11;2022;08:31;1;33;1;1;2;4;44,7785553097; -0,5576553941
202200051850;28;4;2022;00:50;3;76;1;1;1;6;49,4666600000;0,8538650000
202200051851;20;9;2022;07:25;2;75;2;3;1;3;48,8628870000;2,3151970000
202200051852;28;11;2022;18:05;3;91;1;1;1;3;48,6750000000;2,3416300000
202200051853;7;7;2022;16:30;1;42;2;2;7;3;45,6326720000;4,2408590000
202200051854;13;8;2022;09:00;1;27;1;1;1;4;49,1897540000;1,2337630000
202200051855;8;6;2022;19:15;1;79;1;1;1;1;46,9679680000; -0,1441960000
202200051856;15;2;2022;17:50;1;92;2;3;1;3;48,9036200000;2,3031300000
202200051857;9;7;2022;17:42;1;42;1;1;1;1;45,4031810000;3,9645730000
202200051858;28;11;2022;16:50;2;91;1;1;1;2;48,7250300000;2,2998500000
202200051859;13;8;2022;03:40;3;62;1;1;1;6;50,0708030000;2,8716370000
202200051860;7;7;2022;15:20;1;42;1;1;1;6;45,4170920000;3,9988950000
202200051861;9;6;2022;12:20;1;80;1;1;1;7;49,8901140000;2,8082940000
202200051862;17;10;2022;09:15;1;33;1;3;2;1;44,6699190000; -0,3211250000
202200051863;20;9;2022;08:55;1;94;2;1;1;6;48,7837200000;2,3622100000
202200051864;27;11;2022;05:00;3;78;1;1;1;3;48,7817550000;2,1656720000
202200051865;11;2;2022;21:00;5;92;2;2;1;5;48,8995614700;2,3052214533
202200051866;13;8;2022;01:50;3;971;1;1;1;6;16,2334340000; -61,5900960000
202200051867;7;7;2022;09:30;1;46;1;1;1;3;44,6809470000;1,5578570000
202200051868;20;9;2022;14:15;1;94;2;1;1;1;48,8180900000;2,3767800000
202200051869;13;8;2022;02:00;5;977;2;1;1;1;17,9023631005; -62,8366684914
202200051870;10;7;2022;20:15;2;46;1;1;1;6;44,7437650000;1,8347490000
202200051871;24;10;2022;06:30;3;83;1;1;1;5;43,4341890000;6,4670530000
202200051872;9;6;2022;12:30;1;65;1;2;1;3;43,2671600000;0,5074100000
202200051873;27;11;2022;02:50;3;78;1;1;1;2;48,9354100000;1,9647800000
202200051874;14;2;2022;11:35;1;92;2;4;1;6;48,8352171673;2,2445315123
202200051875;12;8;2022;15:30;1;28;2;3;1;2;48,4653670000;1,7570350000
202200051876;9;7;2022;11:00;1;47;1;1;1;2;44,4755940000;0,9465250000
202200051877;22;10;2022;18:13;2;10;1;1;8;3;48,3276100000;4,0634820000
202200051878;6;6;2022;02:30;3;81;1;1;1;6;43,9611910000;2,3739700000
202200051879;20;9;2022;16:10;1;94;2;2;1;5;48,7392350000;2,3536630000
202200051880;15;2;2022;09:00;1;92;2;9;1;6;48,8012080424;2,3109092116
202200051881;12;8;2022;13:45;1;34;1;4;1;3;43,6626410000;4,1604600000
202200051882;24;10;2022;04:36;3;35;1;1;2;6;48,3954240000; -1,9108430000
202200051883;9;7;2022;17:35;1;41;2;3;1;1;47,5387490000;1,8531110000
202200051884;7;6;2022;14:50;1;11;1;1;1;1;43,1856220000;2,9244480000
202200051885;20;9;2022;15:40;1;94;1;6;1;3;48,7574200000;2,3295200000
202200051886;15;2;2022;11:50;1;92;2;1;1;6;48,9147180000;2,2616760000
202200051887;26;11;2022;17:00;3;95;1;1;1;4;48,9684803445;2,2513608997
202200051888;11;7;2022;05:50;2;41;2;1;1;6;47,3326740000;1,2220500000
202200051889;4;8;2022;07:45;1;83;1;4;7;3;43,2696790000;6,5415000000
202200051890;28;11;2022;10:20;1;94;1;1;8;2;48,7763093698;2,4351718690
202200051891;18;9;2022;20:00;5;94;2;1;1;6;48,7726900000;2,4661300000
202200051892;23;10;2022;21:10;5;54;2;1;1;7;49,4933210000;5,6511920000
202200051893;31;5;2022;15:10;1;61;1;3;1;3;48,7041320000; -0,3784280000
202200051894;15;2;2022;08:40;1;92;2;6;1;1;48,7500200000;2,3091100000
202200051895;6;7;2022;02:45;3;86;2;4;1;6;46,7138680000;0,7014140000
202200051896;12;8;2022;11:30;1;83;2;9;1;3;43,3500960000;6,7135770000
202200051897;21;10;2022;19:00;2;22;1;1;1;7;48,4761900000; -2,0464890000
202200051898;27;11;2022;15:00;1;974;1;9;1;1; -21,3044340000;55,4280430000
202200051899;13;8;2022;13:17;1;06;1;1;1;1;43,9125750000;7,1801500000
202200051900;16;2;2022;15:45;1;12;2;3;2;3;44,3606820000;2,0075480000
202200051901;7;6;2022;13:35;1;12;1;3;1;2;44,2956490000;2,4047510000
202200051902;5;7;2022;09:00;1;86;2;2;7;6;46,7164000000;0,1554200000
202200051903;24;10;2022;15:18;1;62;1;6;7;3;50,3058800000;2,7105120000
202200051904;26;11;2022;12:45;1;972;1;1;1;2;14,6265700000; -61,0081500000
202200051905;18;9;2022;18:40;1;94;2;3;1;5;48,7764653425;2,4552736013
202200051906;10;8;2022;17:25;1;68;1;1;1;6;47,9541800000;6,9827130000
202200051907;10;7;2022;03:10;3;34;1;1;1;7;43,4267821994;3,2079233229
202200051908;15;2;2022;07:10;1;06;2;1;1;1;43,7354760000;7,3065040000
202200051909;7;6;2022;22:55;4;41;2;1;1;7;47,5417640000;1,8501600000
202200051910;26;11;2022;18:02;5;2B;2;1;1;2;42,6205000000;9,4368000000
202200051911;13;8;2022;10:05;1;03;1;1;1;7;46,3270000000;2,9019000000
202200051912;20;9;2022;19:17;1;93;2;1;1;3;48,9030419473;2,3915496204
202200051913;15;2;2022;08:40;1;06;2;9;1;1;43,7491260000;7,3204030000
202200051914;9;6;2022;16:35;1;68;2;1;1;6;47,6303550000;7,1215070000
202200051915;10;7;2022;13:20;1;68;2;1;1;1;47,7576470000;7,0235790000
202200051916;13;8;2022;13:00;1;74;1;1;1;1;46,3434020000;6,5496970000
202200051917;10;7;2022;11:30;1;22;1;1;1;7;48,5573668310; -2,8264045710
202200051918;24;10;2022;13:05;1;79;1;3;1;7;46,7998100000; -0,5804510000
202200051919;4;6;2022;15:37;1;25;1;1;1;1;47,1766600000;6,1116710000
202200051920;15;2;2022;16:30;1;28;1;2;2;3;48,3021230000;1,1891840000
202200051921;20;9;2022;19:38;1;93;2;3;1;1;48,8473395593;2,5483721052
202200051922;13;8;2022;11:55;1;74;2;1;1;2;45,9181090000;6,8619060000
202200051923;9;5;2022;14:36;1;13;1;1;1;3;43,6846380000;5,0579700000
202200051924;8;7;2022;08:00;1;39;1;1;7;1;47,0978680000;5,4498460000
202200051925;27;11;2022;01:00;4;91;2;1;1;4;48,6973300000;2,2856200000
202200051926;9;6;2022;08:43;1;44;1;2;1;3;47,0802560000; -1,1905360000
202200051927;10;2;2022;16:50;1;01;2;1;1;2;45,9110630000;4,8406040000
202200051928;23;10;2022;17:05;1;2B;1;1;1;2;42,4977360000;9,4689540000
202200051929;8;5;2022;23:15;3;13;1;1;8;3;43,3561870000;5,6271460000
202200051930;20;9;2022;13:45;1;93;2;2;1;3;48,8470600000;2,5262500000
202200051931;23;10;2022;23:45;3;11;1;1;1;6;42,9119950000;2,1740910000
202200051932;13;8;2022;12:55;1;26;2;1;7;1;44,9040370000;4,9938010000
202200051933;9;7;2022;01:24;3;39;2;1;1;6;46,9984750000;5,6687520000
202200051934;3;6;2022;18:11;1;44;1;1;1;3;47,3897790000; -0,9605740000
202200051935;16;2;2022;06:45;5;56;2;3;2;3;47,9585600000; -2,9747538000
202200051936;8;5;2022;06:30;2;13;1;1;1;7;43,6398330000;4,9269390000
202200051937;27;11;2022;07:30;5;91;2;6;1;7;48,6930400000;2,4463700000
202200051938;20;9;2022;18:45;2;93;2;1;1;3;48,8585622550;2,4308662985
202200051939;4;6;2022;05:10;2;29;2;1;1;6;48,0301950000; -3,7141510000
202200051940;8;7;2022;17:00;1;25;1;1;1;1;46,8731240000;6,3772930000
202200051941;15;2;2022;21:20;3;56;1;9;3;1;47,7826530000; -3,3404690000
202200051942;7;5;2022;16:20;1;71;1;3;1;7;46,8990506080;4,3227801695
202200051943;27;11;2022;15:42;1;91;1;1;1;2;48,3897000000;2,1067200000
202200051944;13;8;2022;12:45;1;40;2;1;1;6;44,2274810000; -1,1580170000
202200051945;8;6;2022;14:05;1;02;2;1;8;2;49,9899050000;3,7352610000
202200051946;24;10;2022;18:20;2;63;1;1;1;1;45,8816740000;3,4388600000
202200051947;19;9;2022;10:10;1;93;2;3;1;3;48,8713300000;2,4202000000
202200051948;15;2;2022;23:50;3;76;1;9;3;6;49,7893410000;0,5285080000
202200051949;7;7;2022;16:58;1;25;2;4;1;3;47,1816330000;5,8034210000
202200051950;27;11;2022;18:10;1;78;2;9;2;6;48,8942000000;2,1473100000
202200051951;10;8;2022;10:15;1;40;2;6;1;3;44,2145900000; -1,1881430000
202200051952;14;1;2022;12:15;1;57;2;1;1;6;49,1074900000;6,6914600000
202200051953;8;6;2022;14:55;1;84;2;3;1;2;44,0220340000;5,1564880000
202200051954;20;10;2022;15:35;1;59;2;9;1;7;50,2838750000;3,8562510000
202200051955;19;9;2022;19:30;1;93;2;1;1;3;48,9059796409;2,4818443369
202200051956;16;2;2022;12:30;1;79;2;3;2;3;46,9452090000; -0,5154080000
202200051957;27;11;2022;18:10;5;78;1;1;2;3;48,9676100000;1,8636900000
202200051958;8;8;2022;21:20;2;29;1;1;1;6;48,2071150000; -4,3275730000
202200051959;23;10;2022;20:55;3;42;1;1;1;6;45,8196570000;3,7772990000
202200051960;16;2;2022;01:15;3;32;1;1;2;7;43,6821810000;0,8330730000
202200051961;5;5;2022;14:00;1;57;1;9;1;1;49,1945460000;5,9873150000
202200051962;13;8;2022;16:50;1;60;1;6;1;7;49,2056540000;2,4615810000
202200051963;7;6;2022;10:00;1;84;2;9;1;1;43,7650270000;5,5853780000
202200051964;20;9;2022;07:42;2;92;2;1;1;1;48,8191974207;2,3006347418
202200051965;27;11;2022;16:00;1;77;2;3;1;1;48,8338540000;2,7124820000
202200051966;8;5;2022;20:35;1;69;1;1;1;7;46,0135730000;4,6541260000
202200051967;20;10;2022;19:45;2;41;1;3;2;3;47,4172390000;2,0644700000
202200051968;13;2;2022;10:15;1;63;2;1;1;3;45,4178600000;3,3272370000
202200051969;13;8;2022;19:43;2;60;1;1;1;6;49,5268170000;2,3977770000
202200051970;8;6;2022;20:30;2;03;1;1;1;6;46,4780660000;3,0435670000
202200051971;20;9;2022;10:40;1;92;2;2;8;3;48,8310700000;2,2788400000
202200051972;27;11;2022;20:25;5;76;2;2;2;6;49,4403500000;1,1285000000
202200051973;23;10;2022;17:00;1;68;1;1;1;7;47,7580540000;7,0650730000
202200051974;15;2;2022;18:20;3;55;1;1;2;6;48,6107960000;5,1329640000
202200051975;8;5;2022;16:30;1;69;2;1;1;2;45,8706235863;4,8397725821
202200051976;27;5;2022;02:00;3;01;1;1;1;6;46,2441690000;5,5674510000
202200051977;19;9;2022;21:05;5;92;2;1;1;6;48,9300110000;2,2458120000
202200051978;10;7;2022;10:55;1;25;1;2;1;3;47,3139890000;5,9421030000
202200051979;15;2;2022;07:55;2;34;1;1;7;6;43,6131720000;3,0893900000
202200051980;8;5;2022;18:40;1;33;1;1;1;6;44,8454030000;0,3119300000
202200051981;20;10;2022;13:00;1;39;1;1;1;2;46,4550740000;5,7141460000
202200051982;12;8;2022;15:40;1;80;1;1;1;3;49,7916270000;2,8037240000
202200051983;5;6;2022;17:00;1;58;1;1;1;7;47,1569730000;3,9409160000
202200051984;6;5;2022;17:05;1;85;1;1;1;7;46,7927900000; -1,4265400000
202200051985;9;8;2022;22:14;3;13;1;1;1;7;43,3083600000;5,3756400000
202200051986;20;9;2022;14:05;1;92;1;1;1;1;48,9043886610;2,2830947041
202200051987;22;10;2022;12:00;1;39;1;3;7;1;46,8184840000;5,3870800000
202200051988;9;6;2022;00:05;3;72;2;1;1;6;47,8247530000;0,2773400000
202200051989;27;11;2022;14:25;1;76;2;9;2;4;49,4508300000;1,0577100000
202200051990;13;9;2022;10:45;1;2B;1;1;1;7;42,3751670000;8,6736950000
202200051991;12;2;2022;03:50;3;31;2;1;5;6;43,3949920000;1,4124510000
202200051992;11;8;2022;18:50;1;13;1;1;1;1;43,3993500000;5,2911700000
202200051993;8;7;2022;23:40;3;44;1;1;1;3;47,0830900000; -1,4167700000
202200051994;7;5;2022;16:45;1;72;2;1;1;3;47,6993980000; -0,0588910000
202200051995;20;9;2022;17:35;1;83;2;9;1;7;43,1827310000;6,5396390000
202200051996;16;2;2022;17:10;1;38;1;1;9;6;45,1004870000;5,3120930000
202200051997;6;6;2022;00:10;3;72;1;9;1;6;47,8300540000;0,1012810000
202200051998;7;5;2022;12:15;1;59;2;1;1;6;50,5629030000;2,8992940000
202200051999;7;7;2022;13:08;1;44;2;1;1;1;47,2435790000; -1,9347860000
202200052000;22;10;2022;15:40;1;44;1;1;1;7;47,4072920000; -1,7321920000
202200052001;21;9;2022;03:10;5;83;1;1;1;7;43,1876710000;6,5476370000
202200052002;12;8;2022;08:10;1;33;1;1;1;6;44,7744600000; -0,5563900000
202200052003;6;1;2022;16:45;2;36;2;1;1;3;46,6286581883;1,0701692104
202200052004;7;6;2022;16:30;1;09;1;1;1;1;42,7049570000;1,8363480000
202200052005;29;4;2022;17:20;1;69;1;1;1;2;45,7200900000;4,8807200000