Accident_Id;jour;mois;an;hrmn;lum;dep;agg;int;atm;col;lat;long
202200052006;6;2;2022;11:30;1;07;1;1;1;6;44,5898230000;4,3708950000
202200052007;9;7;2022;23:15;3;44;1;1;1;6;46,9986550000; -1,7391390000
202200052008;23;10;2022;22:00;3;31;2;1;1;6;43,0548060000;0,9726980000
202200052009;26;11;2022;10:05;1;64;2;4;1;3;43,3014800000; -0,3825400000
202200052010;12;8;2022;19:35;1;91;1;1;1;7;48,6364600000;2,2073400000
202200052011;18;9;2022;23:27;5;01;1;6;1;3;46,2355140000;6,0078560000
202200052012;6;6;2022;17:45;1;60;2;1;1;7;49,3173980000;1,9540700000
202200052013;8;7;2022;19:30;1;44;1;1;1;2;47,1995760000; -1,8926530000
202200052014;12;8;2022;12:42;1;92;1;1;1;6;48,8976284728;2,2196585348
202200052015;8;5;2022;18:50;1;94;1;1;1;5;48,7556847194;2,3398936523
202200052016;16;9;2022;18:00;1;58;2;9;1;6;47,3634890000;3,1115610000
202200052017;15;2;2022;13:40;1;21;1;2;7;3;47,4987000000;4,1828000000
202200052018;27;11;2022;14:25;1;59;2;1;2;3;50,7387790000;3,1739840000
202200052019;8;6;2022;18:15;1;18;2;1;1;6;47,1555540000;2,9214780000
202200052020;19;10;2022;15:40;1;26;1;4;1;3;45,2903650000;4,9729580000
202200052021;7;7;2022;11:50;1;44;1;1;1;6;47,6264640000; -2,0648100000
202200052022;11;8;2022;12:42;1;78;1;1;1;2;48,8537680000;2,0615040000
202200052023;8;5;2022;19:15;1;91;1;1;1;3;48,7462600000;2,3260000000
202200052024;20;9;2022;15:35;1;72;2;6;1;3;47,9487870000;0,2608290000
202200052025;5;6;2022;10:46;1;36;2;4;1;6;46,9822628095;1,1761432886
202200052026;24;10;2022;07:30;3;58;1;1;1;6;46,8325832871;3,5381451087
202200052027;8;7;2022;23:40;3;29;1;1;1;6;47,8005380000; -3,6985060000
202200052028;26;11;2022;22:36;5;59;2;1;1;6;50,5847100000;3,0433000000
202200052029;11;8;2022;09:45;1;78;1;1;1;3;48,7858180000;2,2227420000
202200052030;8;5;2022;13:05;1;91;1;1;1;2;48,7253000000;2,3131000000
202200052031;2;7;2022;16:20;1;29;1;1;1;7;47,8150671570; -3,5628991125
202200052032;7;6;2022;19:08;1;53;1;1;1;1;48,1313820000; -0,7764670000
202200052033;21;9;2022;18:00;1;62;2;3;1;7;50,2790530000;2,5368120000
202200052034;23;10;2022;21:40;3;58;1;1;1;7;46,8500880000;3,3827380000
202200052035;12;8;2022;08:25;1;93;1;1;1;6;48,9089274558;2,4490592258
202200052036;27;11;2022;10:11;1;51;2;2;8;3;49,2527600000;4,0496400000
202200052037;8;5;2022;13:20;1;92;1;1;1;2;48,8327145937;2,1569510289
202200052038;23;10;2022;20:00;4;06;1;1;2;1;43,9937070000;7,5388240000
202200052039;20;9;2022;14:30;1;35;2;1;1;6;48,1832760000; -1,6447410000
202200052040;7;6;2022;16:30;1;21;1;4;1;3;47,6861350000;4,6124230000
202200052041;16;2;2022;18:18;2;87;1;3;2;3;46,1922510000;1,2375710000
202200052042;12;8;2022;03:00;3;95;1;1;1;6;49,0571900000;2,2875500000
202200052043;10;7;2022;10:00;1;29;1;3;1;1;48,6308810000; -3,8098310000
202200052044;21;9;2022;14:20;1;79;1;1;1;7;46,8382150000; -0,6841780000
202200052045;27;11;2022;03:00;5;44;2;3;2;1;47,2088800000; -1,5669960000
202200052046;1;10;2022;01:10;5;60;2;1;2;7;49,2957530000;2,6005270000
202200052047;14;2;2022;16:15;1;13;1;1;1;7;43,6179730000;5,0335610000
202200052048;11;8;2022;12:20;1;988;2;6;1;6; -22,2604300000;166,4444300000
202200052049;7;6;2022;17:45;1;40;1;2;1;3;43,6640300000; -0,4934620000
202200052050;8;7;2022;06:30;2;29;1;6;1;2;48,6352590000; -3,8022240000
202200052051;8;5;2022;07:40;2;93;1;1;1;2;48,8614700000;2,4838300000
202200052052;8;2;2022;12:30;1;44;1;1;1;7;47,4202250000; -1,0744010000
202200052053;21;9;2022;10:50;1;2B;2;3;1;6;42,5590770000;8,7570400000
202200052054;27;11;2022;20:04;5;42;2;1;1;6;45,4830200000;4,5330200000
202200052055;7;7;2022;17:10;1;29;1;1;1;7;48,1400429000; -4,0155122270
202200052056;14;10;2022;19:52;3;60;2;1;1;6;49,3149030000;1,9722350000
202200052057;11;8;2022;16:35;1;974;2;2;1;3; -20,9356500000;55,2966400000
202200052058;8;5;2022;05:00;3;95;1;1;1;3;49,0098929531;2,2315281630
202200052059;15;2;2022;16:30;1;69;1;1;8;7;45,8473861486;4,6729338169
202200052060;8;6;2022;17:15;1;04;1;3;1;3;43,9026890000;5,7439020000
202200052061;22;10;2022;14:50;1;18;1;1;1;7;47,0539460000;3,0063050000
202200052062;21;9;2022;07:50;1;33;2;1;1;6;44,6837890000; -0,0763620000
202200052063;27;11;2022;15:00;1;38;2;3;8;3;45,1803200000;5,7122000000
202200052064;6;7;2022;16:13;1;29;2;3;1;3;47,8842040000; -4,1686410000
202200052065;8;5;2022;06:00;2;95;1;1;1;6;48,9875067989;2,2069537640
202200052066;16;2;2022;06:38;5;74;1;6;2;3;46,0657280000;6,5141200000
202200052067;23;10;2022;15:45;4;07;2;1;1;1;44,3419290000;4,1591410000
202200052068;3;5;2022;11:55;1;30;1;3;1;1;43,7724973060;4,5366407633
202200052069;27;5;2022;08:25;2;04;1;3;1;2;44,1428290000;6,2939860000
202200052070;20;9;2022;17:30;1;81;1;1;1;3;43,4919070000;2,3289350000
202200052071;8;7;2022;08:40;1;31;2;1;7;6;43,4343910000;1,6642250000
202200052072;7;5;2022;06:40;2;95;1;1;1;6;49,0253422336;2,1317017078
202200052073;24;10;2022;07:30;3;40;1;9;1;7;43,7840460000; -0,6592660000
202200052074;27;11;2022;18:00;3;34;2;1;1;1;43,2946400000;3,5007600000
202200052075;16;2;2022;09:45;1;21;1;1;3;7;47,0582420000;4,8211960000
202200052076;7;6;2022;13:25;1;04;1;1;1;7;44,1512970000;6,2961960000
202200052077;13;7;2022;15:50;1;32;1;1;1;6;43,6760660000;0,3359410000
202200052078;8;4;2022;14:45;1;27;1;1;3;1;48,9778790000;1,0035000000
202200052079;6;7;2022;09:00;1;31;1;1;1;1;43,4554730000;1,7389940000
202200052080;27;11;2022;18:40;2;33;2;2;1;6;44,8642700000; -0,5997600000
202200052081;23;10;2022;11:00;1;24;1;3;1;1;44,8869670000;0,5852580000
202200052082;7;5;2022;18:30;1;69;2;3;1;1;45,7080200000;4,8598400000
202200052083;21;9;2022;07:30;2;32;1;1;1;1;43,6400620000;1,1076930000
202200052084;11;8;2022;12:05;1;988;2;2;1;3; -22,2773100000;166,4489100000
202200052085;9;7;2022;13:30;1;31;2;1;1;3;43,3514630000;1,4731120000
202200052086;8;6;2022;10:15;1;27;1;3;1;1;49,1489420000;0,4468770000
202200052087;15;2;2022;23:30;3;21;1;1;3;5;46,9515220000;4,8318390000
202200052088;24;10;2022;18:00;2;27;1;4;1;7;49,3047730000;1,6886330000
202200052089;26;11;2022;06:10;3;22;1;9;1;6;48,7374210000; -3,4385030000
202200052090;7;5;2022;14:00;1;69;2;2;1;1;45,7150500000;4,9254400000
202200052091;10;8;2022;16:30;1;974;1;9;1;2; -20,9554810000;55,3111830000
202200052092;18;5;2022;08:25;1;37;2;2;7;3;47,4479166085;0,6568890810
202200052093;9;7;2022;16:30;1;31;1;2;1;3;43,6901720000;1,1704620000
202200052094;21;9;2022;14:00;1;63;1;1;1;1;45,4269870000;3,8775090000
202200052095;23;10;2022;17:30;2;27;1;1;6;2;48,9767310000;1,1491920000
202200052096;15;2;2022;12:25;1;38;2;3;1;3;45,7899410000;5,1126180000
202200052097;27;11;2022;10:30;1;13;2;9;1;3;43,3349400000;5,4513100000
202200052098;10;8;2022;12:55;1;973;2;1;1;3;4,9322372217; -52,3078179359
202200052099;8;6;2022;16:45;1;08;2;1;2;6;49,5064400000;4,0903310000
202200052100;20;9;2022;16:00;1;61;1;1;1;7;48,7813630000; -0,2483730000
202200052101;8;7;2022;09:00;1;31;2;1;7;6;43,6536330000;1,4708160000
202200052102;16;2;2022;16:26;1;77;1;1;8;6;48,5517710000;3,1481410000
202200052103;7;5;2022;12:15;1;69;2;3;1;3;45,7523500000;4,8931800000
202200052104;24;10;2022;08:25;1;30;1;3;8;3;43,7602850000;4,2031610000
202200052105;20;9;2022;17:20;1;25;1;1;1;6;46,6825390000;6,2071900000
202200052106;11;8;2022;11:30;1;69;2;2;1;3;45,7515700000;4,8410700000
202200052107;2;11;2022;16:45;1;13;2;1;1;7;43,2433928277;5,3921154141
202200052108;8;6;2022;17:40;1;88;1;1;3;1;48,3204830000;7,0942600000
202200052109;10;7;2022;20:00;1;38;1;1;7;6;45,4413140000;5,0461150000
202200052110;15;2;2022;22:00;3;77;1;1;2;7;48,7684250000;2,9384970000
202200052111;7;5;2022;13:30;1;972;1;1;7;3;14,6174400000; -61,0201930000
202200052112;21;9;2022;11:25;1;44;2;7;1;3;47,0828100000; -1,3376500000
202200052113;11;8;2022;17:00;1;972;2;1;1;6;14,6096000000; -61,0708200000
202200052114;25;11;2022;15:05;1;13;1;1;1;7;43,4760900745;4,9978883564
202200052115;7;5;2022;20:35;2;2B;2;1;1;6;42,7029100000;9,4473500000
202200052116;23;10;2022;10:35;1;10;1;1;1;7;48,4581240000;4,1586690000
202200052117;8;6;2022;16:35;1;26;1;1;1;3;45,0231590000;5,0781730000
202200052118;20;9;2022;18:30;1;35;1;6;1;3;48,5437084017; -1,8603989482
202200052119;9;7;2022;17:20;1;38;2;1;1;5;45,3201530000;5,3393390000
202200052120;10;8;2022;07:02;1;971;2;1;1;2;16,2540300000; -61,5228200000
202200052121;7;5;2022;16:58;1;95;2;1;1;6;48,9759600000;2,3902000000
202200052122;16;5;2022;02:00;3;13;2;1;1;7;43,5199330000;5,2329090000
202200052123;24;10;2022;19:35;3;31;1;1;1;1;43,3847940000;1,2816880000
202200052124;20;8;2022;10:45;1;29;2;1;1;6;48,6063020000; -4,5068570000
202200052125;26;11;2022;18:00;2;09;2;1;1;3;43,1160400000;1,6315300000
202200052126;27;3;2022;19:20;1;91;2;3;1;4;48,7057800000;2,3676100000
202200052127;2;7;2022;17:30;1;38;1;1;1;6;45,0641820000;5,2676330000
202200052128;15;2;2022;13:30;1;2B;1;1;1;1;42,6762516771;9,3898344042
202200052129;7;5;2022;16:00;1;95;1;1;1;6;49,0612570000;2,0900770000
202200052130;8;6;2022;17:30;1;973;2;1;1;3;4,9252230000; -52,2901420000
202200052131;23;10;2022;15:51;1;69;1;3;1;3;45,7046660000;4,7679160000
202200052132;11;8;2022;16:00;1;95;2;3;1;3;48,9615134806;2,3378804326
202200052133;10;7;2022;19:00;1;38;1;1;1;2;45,2542150000;5,9470470000
202200052134;7;6;2022;18:45;1;69;1;1;1;6;45,8285051211;4,6858406067
202200052135;21;9;2022;09:45;1;60;1;1;1;6;49,2282650000;2,3465700000
202200052136;26;11;2022;16:20;1;07;2;4;1;3;44,9326100000;4,8798400000
202200052137;24;10;2022;01:35;3;21;1;1;1;6;47,1966820000;4,9962900000
202200052138;27;3;2022;09:00;1;76;2;1;1;6;49,4380600000;1,0912000000
202200052139;15;2;2022;20:00;5;68;2;2;2;3;47,8094830000;7,1032240000
202200052140;6;5;2022;20:47;2;91;2;1;7;6;48,6933200000;2,4885500000
202200052141;10;8;2022;18:15;1;83;2;1;1;6;43,1193500000;5,9353000000
202200052142;20;9;2022;20:15;2;45;1;1;1;6;47,9817930000;1,5794300000
202200052143;8;7;2022;17:25;1;38;1;1;7;1;44,9620200000;5,7093500000
202200052144;7;6;2022;10:13;1;06;1;1;1;3;43,6100110000;7,1013310000
202200052145;15;2;2022;18:30;5;67;2;1;1;6;48,5888470000;7,6874040000
202200052146;23;10;2022;19:50;3;76;1;1;1;5;49,3436350000;1,0565760000
202200052147;26;3;2022;22:45;5;74;2;6;1;6;46,1864000000;6,2223000000
202200052148;27;11;2022;16:15;1;07;2;4;8;1;44,6204000000;4,3807600000
202200052149;9;7;2022;13:00;1;02;1;1;1;7;49,0949390000;3,1982610000
202200052150;8;6;2022;14:10;1;06;1;1;1;7;43,6669170000;7,1948860000
202200052151;21;9;2022;16:30;1;64;1;3;1;3;43,3305787536; -0,2759332560
202200052152;7;5;2022;14:00;1;91;2;2;1;3;48,6629800000;2,3585600000
202200052153;25;3;2022;17:15;1;69;2;1;1;6;45,6962800000;4,9339900000
202200052154;24;10;2022;05:20;3;988;1;1;1;6; -21,6582400000;165,5345500000
202200052155;9;7;2022;06:00;2;02;1;1;1;7;49,1685450000;3,1480980000
202200052156;11;2;2022;10:45;1;44;2;1;8;6;47,4398660000; -1,4991670000
202200052157;10;8;2022;18:45;1;76;2;2;1;3;49,5167200000;0,1191900000
202200052158;26;11;2022;16:40;1;04;2;1;1;6;44,0910300000;6,2311200000
202200052159;8;6;2022;12:30;1;01;1;4;2;1;45,9073900000;5,2824930000
202200052160;26;3;2022;15:32;1;69;2;8;1;3;45,7723946677;4,9568563699
202200052161;11;9;2022;19:06;1;30;2;1;1;1;43,8217800000;4,2608180000
202200052162;7;5;2022;04:00;5;91;2;2;1;7;48,6652230000;2,3761310000
202200052163;21;10;2022;18:00;2;13;1;1;1;2;43,3554220000;5,2041590000
202200052164;6;7;2022;17:00;1;02;1;1;1;1;49,4615240000;3,7789430000
202200052165;11;8;2022;15:05;1;76;2;1;1;2;49,4856300000;0,5712600000
202200052166;22;4;2022;02:45;3;34;1;1;1;6;43,4810720000;3,6834750000
202200052167;21;9;2022;03:00;3;67;1;1;1;6;48,7739250000;7,9439740000
202200052168;15;2;2022;09:00;1;13;1;1;1;4;43,4100800000;5,2851200000
202200052169;24;10;2022;18:15;2;77;2;1;6;3;48,5572640000;3,0098760000
202200052170;26;3;2022;14:44;1;69;2;1;1;3;45,6945700000;4,9291900000
202200052171;8;7;2022;17:00;1;02;1;1;1;6;49,6019080000;3,5744400000
202200052172;27;11;2022;18:30;5;01;2;2;1;3;46,1967900000;5,2164000000
202200052173;6;5;2022;17:25;1;74;2;1;1;3;46,1919800000;6,2360700000
202200052174;10;8;2022;14:20;1;71;2;1;1;1;46,7926300000;4,8550700000
202200052175;6;6;2022;15:15;1;73;1;1;1;6;45,5570873145;5,7212063162
202200052176;19;9;2022;21:30;5;976;2;1;1;1; -12,9370490000;45,1391210000
202200052177;23;10;2022;03:10;3;2B;1;1;1;7;42,6657280000;9,3551700000
202200052178;15;2;2022;09:00;1;13;1;1;1;2;43,3804270630;5,3160572985
202200052179;26;3;2022;16:10;1;67;2;9;1;3;48,2552100000;7,4260800000
202200052180;18;11;2022;09:15;1;69;2;1;1;6;45,7537500000;4,8678400000
202200052181;7;5;2022;10:45;1;71;2;1;1;6;46,7986900000;4,8488000000
202200052182;10;7;2022;18:45;1;03;2;2;1;3;46,0822120000;3,1980940000
202200052183;7;6;2022;11:45;1;73;1;1;1;2;45,7078190000;5,9258430000
202200052184;24;10;2022;03:50;3;66;1;1;1;7;42,6864100000;2,7529340000
202200052185;14;2;2022;12:00;1;13;1;1;2;7;43,2785000000;5,5862600000
202200052186;8;7;2022;23:35;5;69;2;2;1;3;45,9938500000;4,7190200000
202200052187;26;3;2022;15:20;1;62;2;7;1;6;50,7507150000;2,2524210000
202200052188;20;9;2022;11:00;1;976;2;1;1;5; -12,9354280000;45,1490500000
202200052189;14;2;2022;05:18;3;13;1;1;3;7;43,2857223847;5,5119824409
202200052190;17;11;2022;07:40;2;68;2;1;1;6;47,7674646551;7,3099417091
202200052191;31;5;2022;13:00;1;976;2;1;1;6; -12,7897680000;45,1338800000
202200052192;23;10;2022;22:00;3;38;1;1;8;3;45,3749805448;4,8048019230
202200052193;27;3;2022;19:15;1;61;2;3;1;3;48,4555450000;0,0893420000
202200052194;17;11;2022;19:05;5;49;2;1;2;6;47,2625000000; -0,0902800000
202200052195;8;7;2022;11:45;1;03;2;3;1;1;46,2381590000;3,4307280000
202200052196;7;5;2022;23:05;5;64;2;1;1;5;43,4884006216; -1,4782190323
202200052197;20;9;2022;22:00;3;49;1;1;1;6;47,5019970000; -0,5065780000
202200052198;26;3;2022;12:55;1;59;2;1;1;3;50,6457300000;3,0631200000
202200052199;17;11;2022;18:00;5;44;2;1;2;6;47,2539800000; -1,5988600000
202200052200;13;7;2022;04:47;3;66;2;3;1;3;42,6992600000;2,8889900000
202200052201;6;6;2022;16:00;1;987;1;1;1;7; -16,4879420000; -151,7212340000
202200052202;13;2;2022;23:09;3;13;1;1;1;2;43,2873575790;5,5620887876
202200052203;24;10;2022;11:50;1;21;2;1;1;6;47,0648420000;4,8138200000
202200052204;6;5;2022;17:39;1;56;2;1;1;5;47,6561900000; -2,7549800000
202200052205;16;11;2022;16:20;1;11;2;1;1;6;43,1800700000;3,0179900000
202200052206;27;3;2022;10:56;1;54;2;3;1;3;48,6598000000;6,1864100000
202200052207;17;9;2022;15:20;1;33;1;1;1;6;44,4882970000; -0,2005970000
202200052208;6;5;2022;17:30;1;50;2;6;1;1;49,6345600000; -1,6139700000
202200052209;11;8;2022;07:05;2;64;2;1;1;6;43,4834000000; -1,5398300000
202200052210;27;3;2022;10:57;1;45;2;6;1;6;47,8234800000;1,9326800000
202200052211;8;7;2022;16:45;1;03;1;1;1;2;46,4991160000;2,7082800000
202200052212;19;11;2022;19:15;5;75;2;3;2;6;48,8554070000;2,4053110000
202200052213;7;5;2022;19:20;1;45;2;1;1;6;47,9045900000;1,8685800000
202200052214;27;3;2022;03:21;4;45;1;1;1;1;47,9404200000;1,7987500000
202200052215;7;5;2022;03:50;5;45;2;2;1;3;47,9054600000;1,8919600000
202200052216;22;10;2022;16:00;1;67;2;9;1;3;48,3815260000;7,6150830000
202200052217;26;11;2022;18:51;5;94;2;9;1;2;48,7628900000;2,3681800000
202200052218;12;2;2022;20:20;5;83;1;1;1;2;43,1206521390;5,9513561725
202200052219;1;6;2022;14:30;1;976;2;1;1;3; -12,7894170000;45,2691700000
202200052220;19;9;2022;20:03;3;69;1;1;1;2;46,0218650000;4,7251940000
202200052221;8;7;2022;16:15;1;03;2;1;1;6;46,4749270000;2,8306040000
202200052222;27;3;2022;20:20;5;44;2;1;1;1;47,2622000000; -2,2317100000
202200052223;17;11;2022;17:30;5;93;2;1;1;6;48,9089400000;2,5371500000
202200052224;8;8;2022;12:10;1;64;2;1;1;3;43,4532200000; -1,5738000000
202200052225;7;5;2022;22:15;5;37;2;2;1;3;47,3975300000;0,6994500000
202200052226;27;3;2022;19:00;1;44;2;1;1;6;47,2570400000; -2,2555600000
202200052227;7;6;2022;14:29;1;974;2;1;1;6; -21,2537020000;55,4655880000
202200052228;4;6;2022;15:00;1;14;2;2;1;1;49,2580580000; -0,4579440000
202200052229;24;10;2022;12:50;1;73;1;1;1;3;45,6752420000;5,8531490000
202200052230;7;5;2022;17:50;1;37;2;1;1;2;47,3899369481;0,6877250969
202200052231;26;3;2022;18:25;1;44;2;3;1;2;47,2619600000; -2,2576000000
202200052232;15;2;2022;17:20;1;69;1;1;1;3;45,7255200000;4,8963000000
202200052233;8;8;2022;11:10;1;74;1;1;1;7;45,8992750000;6,0892690000
202200052234;19;9;2022;17:15;1;987;2;1;1;3; -17,2790000000; -149,5420000000
202200052235;29;1;2022;11:00;1;42;2;1;8;6;45,4398081377;4,3786954879
202200052236;7;5;2022;11:20;1;33;2;2;1;3;44,7907400000; -0,6574800000
202200052237;8;7;2022;14:24;1;01;1;1;1;1;46,1665860000;5,6911690000
202200052238;11;8;2022;19:20;1;64;2;3;1;1;43,5055600000; -1,4632100000
202200052239;27;3;2022;04:34;5;37;2;1;1;6;47,3797400000;0,6927900000
202200052240;7;5;2022;13:20;1;31;1;9;1;3;43,6059100000;1,3942900000
202200052241;24;10;2022;20:40;5;42;2;3;1;1;45,6146340000;4,0560900000
202200052242;26;11;2022;22:40;5;75;2;1;1;2;48,8291100000;2,3999710000
202200052243;27;3;2022;22:30;5;35;2;1;1;6;48,0917156803; -1,6918998957
202200052244;6;5;2022;09:54;1;31;2;6;1;5;43,5564900000;1,4062000000
202200052245;27;11;2022;18:45;5;75;2;3;2;2;48,8790001612;2,3024216294
202200052246;12;2;2022;21:00;3;42;1;1;1;4;45,4626363046;4,4926020144
202200052247;27;3;2022;19:30;1;35;1;1;1;6;48,1429000000; -1,7020000000
202200052248;19;9;2022;16:00;1;988;2;1;1;6; -21,0503800000;164,8548300000
202200052249;7;5;2022;20:00;1;25;1;1;1;7;46,9269200000;6,4061800000
202200052250;27;3;2022;19:10;1;33;1;6;1;3;44,5979500000; -1,1964800000
202200052251;27;11;2022;00:35;4;75;2;2;1;2;48,8386774686;2,2539702058
202200052252;6;5;2022;18:20;1;25;2;3;1;3;47,2394280000;6,0124040000
202200052253;27;11;2022;14:00;1;75;2;1;8;6;48,8330260000;2,3086420000
202200052254;27;3;2022;17:45;1;31;2;1;1;3;43,5610690235;1,3949069381
202200052255;6;7;2022;22:00;2;01;2;1;1;3;46,2043510000;5,5496680000
202200052256;22;7;2022;13:42;1;62;2;1;1;6;50,4606900000;2,9593100000
202200052257;6;5;2022;12:10;1;18;2;3;1;3;47,0521400000;2,3767100000
202200052258;27;11;2022;18:00;5;75;2;1;8;6;48,8607970000;2,3844160000
202200052259;27;3;2022;08:35;1;31;2;1;1;2;43,6442328831;1,3858276606
202200052260;9;6;2022;02:30;3;974;1;1;1;5; -20,9027930000;55,5518910000
202200052261;24;10;2022;09:35;1;26;1;1;3;1;44,9985230000;4,8740940000
202200052262;25;3;2022;17:00;1;31;2;3;1;3;43,6050335809;1,3214197755
202200052263;7;5;2022;19:15;1;13;2;2;1;3;43,4211000000;5,2077000000
202200052264;27;3;2022;16:30;1;13;2;1;1;4;43,3474800798;5,3696791926
202200052265;27;11;2022;10:30;1;75;2;7;2;6;48,8711880000;2,3323570000
202200052266;7;5;2022;23:15;5;13;2;2;1;6;43,2858200000;5,4425300000
202200052267;29;8;2022;06:30;1;971;2;3;1;3;15,9568570000; -61,3157650000
202200052268;15;2;2022;07:00;3;91;1;1;1;4;48,6657100000;2,3627000000
202200052269;7;5;2022;20:00;2;13;2;1;8;2;43,2876600000;5,4648200000
202200052270;27;11;2022;06:05;5;75;2;3;2;6;48,8559560000;2,3080330000
202200052271;7;5;2022;11:35;1;13;2;1;1;3;43,2475187541;5,3742476071
202200052272;6;6;2022;18:15;1;2B;2;1;7;1;42,6200930000;8,9443300000
202200052273;9;7;2022;21:00;2;01;2;1;1;3;46,1166793826;4,9592381716
202200052274;22;10;2022;12:15;1;69;2;1;1;1;45,6989320000;4,7950670000
202200052275;27;3;2022;17:00;1;13;2;1;1;3;43,2849130000;5,4387080000
202200052276;10;8;2022;22:45;5;62;2;2;1;1;50,4919500000;2,5477310000
202200052277;14;2;2022;17:26;1;92;1;1;1;6;48,9134858007;2,2184673820
202200052278;27;11;2022;06:03;5;94;2;2;2;2;48,7247353703;2,4451019275
202200052279;10;7;2022;20:40;1;54;1;1;1;7;48,4127990000;6,0105130000
202200052280;19;9;2022;18:00;1;33;2;1;1;3;44,6414461747; -1,1131395400
202200052281;27;3;2022;06:13;3;13;2;1;1;1;43,2710100000;5,3921600000
202200052282;8;6;2022;12:15;1;2B;1;1;1;1;42,5642550000;9,4504310000
202200052283;7;5;2022;01:30;5;13;2;3;1;3;43,2793500000;5,3993100000
202200052284;6;7;2022;11:00;2;54;1;1;1;7;48,7390759158;5,8154368396
202200052285;23;10;2022;14:32;1;65;2;2;1;1;43,0646470000;0,1530090000
202200052286;11;8;2022;09:40;1;59;2;1;1;1;50,5875500000;3,0341300000
202200052287;15;2;2022;21:32;3;93;1;1;2;3;48,8849800000;2,4711800000
202200052288;17;9;2022;17:20;1;77;1;1;1;2;49,0549700000;2,6998900000
202200052289;6;5;2022;17:00;1;13;2;1;8;3;43,2885100000;5,5738600000
202200052290;8;6;2022;16:20;1;66;1;1;1;6;42,5398670000;3,0207450000
202200052291;27;11;2022;19:30;5;94;2;7;1;3;48,7643600000;2,4056600000
202200052292;27;3;2022;07:00;2;13;2;1;1;2;43,2669600000;5,4199700000
202200052293;14;2;2022;20:15;5;93;1;1;1;6;48,9289500000;2,3593500000
202200052294;29;7;2022;19:45;1;59;2;1;1;6;50,6463560543;3,1065720320
202200052295;24;10;2022;07:35;2;33;1;3;1;3;44,8257920070; -0,4528252780
202200052296;27;3;2022;14:40;1;13;2;1;1;2;43,5577500000;4,9652100000
202200052297;21;9;2022;08:25;1;77;1;2;1;3;48,3509500000;2,5761950000
202200052298;10;7;2022;06:10;1;72;1;2;1;1;47,8589220000;0,1051100000
202200052299;9;6;2022;14:50;1;30;1;1;1;1;44,2622590000;4,0344720000
202200052300;9;8;2022;15:50;1;59;2;1;1;1;50,6080088655;3,1069743633
202200052301;26;11;2022;19:20;3;95;1;6;1;1;49,0061137518;2,5058966875
202200052302;24;10;2022;12:50;1;50;2;1;1;1;48,6677430000; -1,3309870000
202200052303;14;2;2022;19:00;2;93;1;1;1;4;48,9091000000;2,4742500000
202200052304;8;5;2022;23:40;5;06;2;9;1;2;43,6479630000;7,1489310000
202200052305;5;7;2022;14:55;1;06;1;1;1;7;44,0058420000;7,1366500000
202200052306;25;3;2022;13:00;1;13;2;1;1;3;43,2037900000;5,5991100000
202200052307;19;9;2022;17:50;1;78;1;4;1;2;48,7887710000;1,9101300000
202200052308;11;8;2022;11:43;1;54;2;1;1;6;48,6880600000;6,1872700000
202200052309;8;6;2022;15:57;1;34;2;1;1;1;43,4257500000;3,6001790000
202200052310;24;10;2022;07:00;3;14;1;1;8;6;49,0867400000; -0,3049000000
202200052311;7;5;2022;19:45;2;05;2;1;8;2;44,5495100000;6,0680500000
202200052312;8;7;2022;05:45;2;14;2;1;5;1;49,1173400000; -0,1829600000
202200052313;26;3;2022;09:55;1;12;2;4;1;3;44,0996100000;3,0629500000
202200052314;27;11;2022;00:25;5;93;2;2;1;3;48,8824000000;2,4362600000
202200052315;2;5;2022;15:59;1;05;2;1;1;6;44,5791100000;6,0978800000
202200052316;8;6;2022;14:15;1;84;1;1;1;1;44,3856180000;5,0309500000
202200052317;4;7;2022;03:30;5;14;1;1;1;7;49,1425180000; -0,2420430000
202200052318;10;8;2022;07:35;1;51;1;3;7;3;49,0691000000;3,9320400000
202200052319;26;3;2022;15:35;1;03;2;1;1;6;46,3573013458;2,5855410793
202200052320;20;9;2022;15:10;1;66;2;1;7;6;42,7316260000;3,0253170000
202200052321;9;7;2022;15:45;1;14;1;1;1;6;49,2086000000;0,0057880000
202200052322;14;2;2022;16:30;1;95;1;1;1;2;49,0528936261;2,1645373106
202200052323;5;1;2022;21:00;3;80;2;1;1;6;49,7841770000;2,4770150000
202200052324;27;11;2022;12:30;1;93;2;2;2;3;48,9181940000;2,4547320000
202200052325;8;6;2022;01:20;5;84;1;1;1;6;43,7547520000;5,1727260000
202200052326;10;8;2022;17:40;1;51;2;2;1;3;48,9585231335;4,3619987369
202200052327;27;3;2022;09:20;1;02;2;1;1;6;49,0450500000;3,3780100000
202200052328;21;9;2022;16:55;1;83;2;1;1;2;43,2597360000;6,6315450000
202200052329;5;5;2022;09:00;1;75;2;1;1;4;48,9008440000;2,3670720000
202200052330;10;7;2022;19:00;1;14;1;1;1;1;49,3035830000; -0,4362400000
202200052331;4;1;2022;14:00;1;80;2;1;2;6;49,9358230000;1,6338410000
202200052332;23;10;2022;12:10;1;22;2;1;2;2;48,7793730000; -3,0439590000
202200052333;11;9;2022;12:34;1;05;1;1;1;7;44,6946810000;6,9582510000
202200052334;27;11;2022;18:10;2;92;2;3;2;1;48,9297276750;2,3260293603