Accident_Id;jour;mois;an;hrmn;lum;dep;agg;int;atm;col;lat;long
202200052335;14;2;2022;10:20;1;95;1;1;1;5;49,0381866451;2,4848520756
202200052336;27;3;2022;15:05;1;75;2;4;1;2;48,8821899119;2,2831570580
202200052337;10;8;2022;15:20;1;49;2;2;1;3;47,4635400000; -0,5639700000
202200052338;7;5;2022;02:15;5;75;2;2;1;3;48,8529040000;2,3370010000
202200052339;10;7;2022;20:15;1;05;1;1;1;1;44,7035890000;6,0453020000
202200052340;20;9;2022;13:10;1;71;2;6;1;6;46,4631080000;4,1155600000
202200052341;6;6;2022;02:00;3;84;1;1;1;1;43,9137130000;4,9708530000
202200052342;5;1;2022;11:45;1;49;1;1;1;1;47,5019180000; -0,5168240000
202200052343;14;2;2022;09:30;1;95;1;1;1;3;48,9864671385;2,5065296888
202200052344;27;11;2022;21:30;5;92;2;1;2;6;48,8223300000;2,2320900000
202200052345;19;7;2022;12:40;1;47;1;3;1;3;44,3961880000;0,7467460000
202200052346;9;7;2022;08:45;2;50;1;2;1;3;49,3221500000; -1,6791110000
202200052347;27;3;2022;15:27;1;75;2;1;1;2;48,8379042262;2,2548070550
202200052348;5;1;2022;22:15;3;46;2;1;1;6;44,6477620000;1,8343030000
202200052349;7;6;2022;17:20;1;84;2;1;1;3;43,9359380000;5,0633910000
202200052350;15;2;2022;08:20;1;94;1;1;1;2;48,8432096684;2,4926533177
202200052351;6;7;2022;21:30;2;50;1;1;1;7;49,6676350000; -1,4953210000
202200052352;24;10;2022;14:20;1;76;1;1;1;5;49,4941270000;0,7502870000
202200052353;5;1;2022;17:20;5;39;2;1;1;6;46,9027720000;5,7725550000
202200052354;27;3;2022;14:40;1;75;2;7;1;7;48,8853453301;2,2975040663
202200052355;6;5;2022;18:42;2;75;2;2;1;3;48,8561710000;2,3403130000
202200052356;17;9;2022;10:40;1;73;1;9;1;1;45,6054360000;5,8853780000
202200052357;7;6;2022;21:40;5;06;2;1;1;3;43,7227940000;7,1103400000
202200052358;7;7;2022;18:10;1;83;1;9;1;1;43,5039550000;6,1607520000
202200052359;14;2;2022;17:59;2;59;2;1;1;1;50,6104667639;3,0267521739
202200052360;26;11;2022;17:30;5;92;2;2;1;3;48,9311460686;2,2443544865
202200052361;27;3;2022;05:30;5;75;2;3;1;6;48,8794100000;2,2823720000
202200052362;7;5;2022;08:45;1;75;2;3;1;3;48,8621790000;2,2931270000
202200052363;10;8;2022;14:15;1;43;2;2;1;3;45,0426400000;3,8890700000
202200052364;23;10;2022;11:00;1;59;2;3;1;3;50,2663890000;3,2168610000
202200052365;8;6;2022;07:50;1;05;1;1;1;1;44,6668648395;6,6168594360
202200052366;6;1;2022;07:56;1;01;1;1;1;5;46,1453060000;4,9834590000
202200052367;14;2;2022;19:10;5;33;2;3;8;6;44,8776300000; -0,5318100000
202200052368;21;11;2022;08:05;1;974;2;1;1;3; -21,0075070000;55,2787480000
202200052369;6;7;2022;14:15;1;09;1;1;1;1;42,7903930000;1,6853500000
202200052370;20;9;2022;18:30;1;53;1;1;7;7;48,0196220000; -0,8757840000
202200052371;7;5;2022;15:30;1;75;2;2;8;6;48,8258540000;2,3003060000
202200052372;27;3;2022;10:30;1;75;2;1;1;3;48,8582350000;2,2608010000
202200052373;14;2;2022;15:55;1;976;2;1;1;6; -12,7682000000;45,2243700000
202200052374;8;6;2022;16:35;1;05;1;1;1;2;44,3051590000;5,8932100000
202200052375;5;1;2022;14:20;1;58;2;1;1;1;47,0447960000;3,5706640000
202200052376;8;7;2022;00:30;5;60;2;1;1;6;49,2743570000;2,6885710000
202200052377;10;8;2022;16:15;1;40;1;1;1;2;43,8771800000; -0,4646100000
202200052378;22;10;2022;11:35;1;13;1;1;1;2;43,3469600000;5,3725500000
202200052379;18;11;2022;23:00;3;43;1;1;1;6;45,3042710000;3,3657540000
202200052380;7;5;2022;14:15;1;75;2;3;1;6;48,8355760000;2,3480380000
202200052381;20;9;2022;18:00;1;61;2;2;1;3;48,5182140000; -0,0642760000
202200052382;9;6;2022;17:45;1;04;1;1;1;7;43,8380750000;6,4940600000
202200052383;14;2;2022;09:10;1;974;1;1;1;3; -21,2971200000;55,4481500000
202200052384;10;8;2022;18:35;2;38;2;1;1;6;45,1818755081;5,7484245300
202200052385;5;1;2022;17:45;2;72;1;1;1;1;47,6868040000;0,4463950000
202200052386;26;3;2022;23:30;5;75;2;2;1;3;48,8313170000;2,3663340000
202200052387;24;11;2022;18:15;3;49;1;1;1;3;47,6455280000; -0,2163360000
202200052388;7;7;2022;16:15;1;60;2;3;1;3;49,1909392782;2,5115159154
202200052389;22;10;2022;05:15;3;13;1;1;1;5;43,2608675544;5,5912542342
202200052390;14;2;2022;23:30;5;974;1;1;2;6; -20,9436800000;55,6492100000
202200052391;5;1;2022;13:00;1;72;1;1;1;1;48,0536760000;0,2073560000
202200052392;20;9;2022;10:30;1;22;1;2;1;6;48,5667470000; -3,1322300000
202200052393;10;8;2022;06:50;1;35;2;2;1;3;48,1161190000; -1,6582170000
202200052394;27;3;2022;21:00;5;75;2;2;1;3;48,8442810000;2,4101410000
202200052395;10;7;2022;15:40;1;60;1;1;1;3;49,5631630000;2,2359860000
202200052396;19;11;2022;15:50;1;31;2;4;2;3;43,5474710000;1,4787880000
202200052397;8;6;2022;11:15;1;04;2;4;1;6;44,3877150000;6,6572000000
202200052398;7;5;2022;21:30;5;75;2;2;1;3;48,8408980000;2,4527570000
202200052399;14;2;2022;07:10;3;69;1;1;2;6;45,7170819397;4,8774898052
202200052400;10;8;2022;16:30;1;35;2;3;1;6;48,1327500000; -1,6328900000
202200052401;5;1;2022;16:45;2;27;1;1;1;1;49,0164670000;0,5392790000
202200052402;27;3;2022;15:49;1;75;2;1;1;6;48,8681440000;2,3815340000
202200052403;7;6;2022;15:45;1;13;1;1;1;1;43,7409410000;5,1089110000
202200052404;10;2;2022;17:00;1;69;1;1;1;3;45,6927400000;4,8431700000
202200052405;7;5;2022;20:34;2;75;2;3;1;1;48,8742240000;2,3628620000
202200052406;5;1;2022;10:00;1;37;2;1;1;6;47,3425423434;0,7244418561
202200052407;9;7;2022;04:40;3;64;1;1;1;7;42,9580400000; -0,2913520000
202200052408;10;8;2022;22:00;5;34;2;4;1;3;43,6113637153;3,9202986253
202200052409;21;10;2022;12:46;1;13;1;1;1;5;43,3500494962;5,3685711748
202200052410;14;2;2022;06:25;1;972;1;1;2;7;14,6156858673; -61,0092473030
202200052411;27;3;2022;06:05;5;75;2;1;1;1;48,8806540000;2,3646170000
202200052412;4;6;2022;14:25;1;13;1;6;1;3;43,7194200000;5,1758270000
202200052413;21;9;2022;07:35;1;62;1;1;1;4;50,3878770000;2,8096410000
202200052414;26;11;2022;14:18;1;31;2;2;1;5;43,3789920000;1,1777260000
202200052415;10;8;2022;09:49;1;31;2;6;1;3;43,5948630000;1,4533170000
202200052416;9;7;2022;18:10;1;73;2;3;1;3;45,5087080000;6,0721560000
202200052417;7;5;2022;14:56;1;75;2;3;1;3;48,8707890000;2,3705150000
202200052418;14;2;2022;09:50;1;2B;2;1;1;-1;42,7062800000;9,4424900000
202200052419;6;1;2022;08:00;1;74;1;1;1;1;45,8643430000;6,0628760000
202200052420;27;3;2022;01:15;5;75;2;2;1;3;48,8736230000;2,3353240000
202200052421;8;6;2022;15:15;1;67;2;3;3;2;48,5359240000;7,4986300000
202200052422;11;7;2022;07:35;2;18;1;1;1;1;47,2479690000;1,8977970000
202200052423;22;10;2022;19:15;5;69;1;1;1;2;45,7465000000;4,8290000000
202200052424;11;8;2022;07:45;1;31;2;1;1;4;43,1038300000;0,7007300000
202200052425;14;2;2022;19:05;5;971;2;2;2;7;16,2346600000; -61,5327600000
202200052426;19;9;2022;20:20;3;13;1;1;1;2;43,4587600000;5,2356800000
202200052427;27;11;2022;17:10;1;81;1;1;1;1;43,8838090000;2,1684210000
202200052428;27;3;2022;11:10;1;75;2;1;1;3;48,8797994692;2,3138401311
202200052429;6;5;2022;09:30;1;75;2;2;1;2;48,8722430000;2,3383130000
202200052430;6;1;2022;00:15;3;49;1;1;1;3;47,4054370000; -0,5095770000
202200052431;3;7;2022;07:45;1;43;2;6;1;1;45,3697250000;4,1980430000
202200052432;23;10;2022;02:15;5;69;1;1;1;6;45,7655100000;4,8002400000
202200052433;20;9;2022;00:18;3;13;1;1;1;7;43,3661994898;5,3349834681
202200052434;14;2;2022;15:10;1;971;2;3;1;7;16,2514769979; -61,4992278814
202200052435;10;8;2022;11:34;1;29;2;1;1;2;47,9799900000; -4,0836800000
202200052436;7;5;2022;21:00;5;75;2;2;1;3;48,8715090000;2,3231140000
202200052437;27;3;2022;16:45;1;75;2;2;1;2;48,8628510000;2,3134440000
202200052438;5;1;2022;14:30;1;78;1;1;7;2;48,4834920000;1,9128830000
202200052439;18;10;2022;17:30;1;67;1;1;1;2;48,6413900000;7,7305000000
202200052440;11;7;2022;09:10;1;43;1;3;1;3;45,1690810000;4,2960350000
202200052441;27;11;2022;18:00;3;26;1;1;1;5;44,7039850000;4,7863910000
202200052442;13;2;2022;15:40;1;971;1;1;1;1;16,2352450239; -61,5311005712
202200052443;18;9;2022;21:50;3;13;1;1;1;2;43,2096200000;5,6264200000
202200052444;10;8;2022;17:25;1;25;2;6;1;3;46,9056690000;6,3359280000
202200052445;8;6;2022;19:45;2;54;2;3;2;6;48,8782604742;5,9610968836
202200052446;7;5;2022;10:13;1;75;2;7;1;3;48,8702260000;2,3321900000
202200052447;27;3;2022;15:50;1;75;2;3;1;6;48,8580530000;2,3496460000
202200052448;5;1;2022;23:45;5;973;1;1;2;3;5,4766157798; -54,0386098623
202200052449;10;8;2022;17:10;1;25;2;1;1;7;46,9004230000;6,3469890000
202200052450;11;2;2022;21:55;5;971;2;1;1;3;16,0030394554; -61,7389047146
202200052451;23;10;2022;22:41;3;33;1;1;1;6;44,7375200000; -0,7157300000
202200052452;7;5;2022;22:05;5;94;2;1;1;6;48,8140600000;2,3613000000
202200052453;10;7;2022;18:30;1;43;1;1;1;1;45,1477580000;4,1183390000
202200052454;26;3;2022;21:10;5;75;2;3;1;6;48,8624620000;2,3504210000
202200052455;27;11;2022;01:50;3;35;1;1;2;2;48,2467190660; -1,4359232783
202200052456;19;9;2022;22:10;3;38;1;1;1;2;45,5662289596;4,8172248347
202200052457;6;1;2022;10:15;1;977;1;1;2;1;17,9097750000; -62,8094820000
202200052458;7;6;2022;23:00;5;54;2;2;1;1;48,6081090000;6,1003330000
202200052459;14;2;2022;14:45;1;95;2;1;1;2;48,9945069259;2,3041838408
202200052460;23;10;2022;05:45;4;33;1;1;1;6;44,8830900000; -0,5613800000
202200052461;10;8;2022;09:00;1;24;1;2;1;3;45,1939900000;0,6619300000
202200052462;20;9;2022;08:30;1;67;1;1;1;6;48,5707800000;7,7327300000
202200052463;7;5;2022;06:30;1;93;2;2;1;3;48,9396730000;2,5126990000
202200052464;9;7;2022;12:35;1;10;2;2;1;3;48,5004200000;3,8399800000
202200052465;28;11;2022;17:56;5;59;2;1;1;6;50,6158700000;2,9674040000
202200052466;23;10;2022;04:16;3;91;1;1;1;6;48,7415700000;2,3205500000
202200052467;25;3;2022;05:00;5;75;2;2;1;3;48,8659310000;2,3278930000
202200052468;9;6;2022;07:45;1;38;1;2;2;3;45,5601770000;5,4775050000
202200052469;4;1;2022;09:50;1;971;2;1;1;6;16,0811834057; -61,5622115135
202200052470;9;7;2022;17:40;1;10;2;1;1;7;48,1131480000;4,3832870000
202200052471;10;8;2022;12:00;1;21;2;3;1;3;47,2945200000;5,0048000000
202200052472;28;11;2022;16:00;1;51;2;1;1;7;48,8748240000;3,5459500000
202200052473;13;2;2022;18:00;5;91;2;3;1;3;48,6368700000;2,3352700000
202200052474;5;6;2022;06:05;2;38;1;1;1;7;45,5953180000;5,5374470000
202200052475;7;5;2022;17:00;1;93;2;2;1;3;48,8470800000;2,5652300000
202200052476;23;10;2022;06:10;5;78;1;1;1;3;48,8045450000;2,0496670000
202200052477;7;7;2022;19:35;1;07;1;1;1;7;44,9072060000;4,6879860000
202200052478;6;1;2022;16:35;1;2B;1;9;2;3;42,5387340000;9,4484570000
202200052479;11;8;2022;01:30;5;16;2;1;1;6;45,6982006000; -0,3279188200
202200052480;28;5;2022;04:40;3;26;1;1;1;7;45,0531960000;5,3426170000
202200052481;27;11;2022;00:00;5;80;2;1;8;6;49,8633120000;2,7155110000
202200052482;27;3;2022;17:05;1;94;2;2;1;3;48,8474500000;2,4786900000
202200052483;23;10;2022;09:40;1;95;1;1;1;6;48,9806298222;2,2409411038
202200052484;8;7;2022;05:35;2;07;2;1;1;2;45,2716950000;4,8002458000
202200052485;19;9;2022;16:05;1;33;1;1;1;4;44,8655928770; -0,5041050911
202200052486;14;2;2022;09:30;1;91;2;3;1;1;48,6811500000;2,4278300000
202200052487;6;5;2022;18:40;1;93;2;2;1;3;48,8764700000;2,4546800000
202200052488;27;3;2022;04:00;5;94;2;1;1;6;48,8135100000;2,4658100000
202200052489;6;1;2022;05:55;3;13;1;1;1;1;43,8958510000;4,8188350000
202200052490;11;8;2022;10:25;1;13;2;1;1;6;43,4113200000;5,2027900000
202200052491;1;6;2022;10:25;1;69;2;2;1;3;45,6431370000;4,8750490000
202200052492;14;2;2022;08:10;1;91;2;1;1;6;48,6760200000;2,3389700000
202200052493;23;11;2022;00:35;3;80;1;1;2;7;50,1051670000;1,5661950000
202200052494;10;7;2022;09:50;1;07;2;1;1;1;44,3916870000;4,5092760000
202200052495;20;9;2022;16:50;1;92;1;1;8;2;48,9348846198;2,2827304295
202200052496;27;3;2022;15:40;1;94;2;1;1;6;48,7631100000;2,3614700000
202200052497;4;1;2022;07:50;5;55;2;1;2;6;48,7554960000;5,5873580000
202200052498;6;5;2022;11:35;1;93;2;1;1;1;48,9232790000;2,4057960000
202200052499;12;2;2022;11:40;1;88;2;9;7;6;48,1728200000;6,4494500000
202200052500;23;10;2022;04:20;3;93;1;1;1;3;48,9536200000;2,4548900000
202200052501;4;6;2022;00:45;5;69;2;1;2;2;45,8766360000;4,8383890000
202200052502;2;7;2022;10:00;1;07;1;3;1;3;44,3899510000;4,3766640000
202200052503;6;1;2022;01:00;3;38;1;1;1;1;45,1146470000;5,5726430000
202200052504;25;11;2022;19:50;5;71;2;3;1;6;46,6280440000;5,2232320000
202200052505;20;9;2022;10:50;1;92;1;1;1;2;48,9221909685;2,3058025650
202200052506;11;8;2022;14:45;1;13;2;6;1;3;43,6382163123;5,0830591169
202200052507;14;2;2022;14:30;1;83;2;7;3;6;43,1290700000;5,9097200000
202200052508;7;5;2022;16:00;1;93;2;3;9;3;48,8994200000;2,5048860000
202200052509;23;10;2022;00:40;3;93;1;1;1;2;48,9515600000;2,4512600000
202200052510;27;3;2022;15:00;1;94;2;2;1;6;48,7642700000;2,4055600000
202200052511;19;6;2022;03:00;3;07;1;1;1;7;44,4916880000;4,6652800000
202200052512;8;6;2022;10:40;1;40;2;4;1;1;43,6976320000; -1,0205850000
202200052513;19;9;2022;09:35;1;78;1;1;1;2;48,8317220000;2,1436500000
202200052514;5;1;2022;18:40;3;69;1;1;1;2;45,9411950000;4,7161230000
202200052515;7;5;2022;18:10;1;93;2;1;1;6;48,9360900000;2,4806400000
202200052516;11;8;2022;09:40;1;13;2;1;1;1;43,2869200000;5,3855200000
202200052517;27;11;2022;17:30;2;89;1;1;2;2;47,3982980000;4,0599520000
202200052518;14;2;2022;21:50;5;83;2;1;1;6;43,1105057839;5,8125849366
202200052519;22;10;2022;11:00;1;93;1;4;1;2;48,8982400000;2,4697100000
202200052520;4;6;2022;00:10;3;33;1;1;1;6;44,9205830342; -0,2589565516
202200052521;27;3;2022;14:50;1;93;2;3;1;1;48,8867900000;2,4701900000
202200052522;8;7;2022;14:06;1;53;1;1;1;1;47,8719440000; -0,6870290000
202200052523;12;8;2022;00:12;5;10;2;9;1;6;48,2960000000;4,0670700000
202200052524;28;11;2022;06:50;2;55;1;1;2;6;49,0138710000;5,6023890000
202200052525;19;9;2022;05:18;3;92;1;9;1;3;48,8323311443;2,1536945403
202200052526;7;5;2022;10:09;1;93;2;1;1;4;48,9350000000;2,4760000000
202200052527;5;1;2022;17:40;3;69;1;1;1;4;45,9137826438;4,7327835559
202200052528;7;6;2022;17:47;1;85;1;1;1;3;46,7008450000; -1,7308460000
202200052529;12;2;2022;21:35;5;82;2;9;1;5;43,9992810000;1,3394300000
202200052530;8;7;2022;18:45;1;53;2;3;1;1;47,8090380000; -0,5971770000
202200052531;28;11;2022;07:40;3;12;1;1;5;6;44,2851820000;2,0514930000
202200052532;20;9;2022;16:50;1;93;1;1;1;2;48,8752873790;2,4400415833
202200052533;26;3;2022;09:20;1;93;2;2;1;3;48,9513565095;2,5138368983
202200052534;11;8;2022;17:34;1;06;2;2;1;3;43,7053700000;7,2692100000
202200052535;22;4;2022;17:15;1;92;2;1;1;6;48,9245918781;2,3296426982
202200052536;20;10;2022;23:00;4;93;1;1;1;5;48,8937300000;2,4722800000
202200052537;8;7;2022;08:00;1;40;1;1;1;6;43,7184660000; -0,8413230000
202200052538;5;1;2022;18:00;5;33;2;1;1;6;44,6637310000; -0,9119190000
202200052539;28;11;2022;09:40;1;12;1;1;2;6;44,5539062564;2,4494558573
202200052540;7;6;2022;13:15;1;56;1;3;1;6;48,1312001000; -3,0011183000
202200052541;27;3;2022;10:15;1;92;2;1;1;6;48,8787631140;2,2174210846
202200052542;10;8;2022;16:20;1;06;2;1;1;1;43,6799000000;6,9580000000
202200052543;9;7;2022;03:00;3;24;2;1;1;6;45,2010340000;0,1911610000
202200052544;20;9;2022;18:15;1;93;1;1;1;4;48,8712300000;2,4325800000
202200052545;9;6;2022;08:10;1;60;1;1;1;7;49,1304583432;2,7947115897
202200052546;25;11;2022;08:30;1;42;1;1;1;6;45,6807950000;4,3339460000
202200052547;6;5;2022;10:05;1;92;2;2;1;3;48,9297450000;2,3259860000
202200052548;11;8;2022;16:40;1;05;2;1;1;2;44,5690852314;6,1019638181
202200052549;23;10;2022;17:20;1;77;1;1;1;6;48,8367110000;2,6649010000
202200052550;27;3;2022;17:42;1;92;2;2;1;3;48,8444481047;2,2107598185
202200052551;7;7;2022;15:44;1;24;1;1;1;7;45,6604830000;0,7329890000
202200052552;14;2;2022;07:50;2;81;2;2;2;6;43,9228700000;2,1472200000
202200052553;19;9;2022;15:05;1;93;1;1;1;2;48,9255741862;2,4245448560
202200052554;24;11;2022;17:45;3;47;1;1;9;3;44,3701720000;0,2848810000
202200052555;6;5;2022;18:10;1;92;2;2;1;3;48,8129306276;2,2987216562
202200052556;23;10;2022;13:00;1;94;1;1;1;4;48,8268960991;2,5128994984
202200052557;8;6;2022;11:25;1;80;1;3;1;3;49,6474030000;2,6277280000
202200052558;7;5;2022;15:45;1;92;2;1;1;3;48,8424280840;2,2079598606
202200052559;19;9;2022;09:15;1;93;1;1;1;4;48,9364742070;2,4801918824
202200052560;27;11;2022;17:45;4;34;1;3;1;1;43,6240690000;3,1188990000
202200052561;10;8;2022;19:20;1;03;2;3;7;3;46,5674383744;3,3279804277
202200052562;27;3;2022;19:28;1;92;2;1;1;6;48,8818524301;2,2380166948
202200052563;9;7;2022;23:15;3;04;2;1;1;6;43,9975059456;6,1965546012
202200052564;5;1;2022;08:50;2;22;2;3;1;6;48,4678670000; -2,5144900000
202200052565;13;2;2022;20:30;5;78;2;1;1;5;48,8008920000;2,1200480000
202200052566;22;10;2022;12:00;1;974;2;3;1;3; -21,3385200000;55,4617500000
202200052567;7;5;2022;12:15;1;92;2;1;1;3;48,8863423494;2,2121820599
202200052568;18;9;2022;19:40;1;93;1;1;1;2;48,8696867693;2,4301216006
202200052569;28;11;2022;18:00;3;39;1;1;2;1;46,3496900000;5,6926350000
202200052570;25;3;2022;10:35;1;11;1;1;1;6;43,3562330000;2,2587200000
202200052571;5;1;2022;17:46;5;59;2;1;1;6;50,3375400000;3,9412790000
202200052572;9;7;2022;16:20;1;04;1;1;1;1;44,0154570000;6,2309220000
202200052573;7;6;2022;19:00;1;13;1;1;1;7;43,3300288947;5,3931641578
202200052574;14;2;2022;20:00;5;78;2;1;2;2;48,8975550000;2,0774120000
202200052575;28;11;2022;15:40;1;05;2;1;8;6;44,6822620000;6,0770150000
202200052576;11;8;2022;12:10;1;75;2;1;1;4;48,8849220000;2,3982760000
202200052577;20;9;2022;14:30;1;94;1;1;1;7;48,7850362713;2,4401708400
202200052578;5;1;2022;11:35;1;33;1;1;1;2;44,8409100000; -0,5018300000
202200052579;22;10;2022;00:20;3;974;1;1;1;3; -20,9568140000;55,3136670000
202200052580;7;5;2022;12:25;1;92;2;3;1;6;48,8043353135;2,2974146157
202200052581;27;3;2022;17:10;1;06;2;3;1;6;43,6577500000;7,1233680000
202200052582;7;6;2022;12:45;1;13;1;1;1;2;43,3665080000;5,3605890000
202200052583;6;7;2022;20:00;1;04;1;1;1;1;43,7381820000;5,8683510000
202200052584;19;9;2022;15:20;1;77;1;1;1;3;48,8962000000;2,6628000000
202200052585;6;5;2022;22:30;5;92;2;7;1;7;48,8155390000;2,3177510000
202200052586;5;1;2022;03:46;3;33;1;1;1;7;44,8838980000; -0,5580580000
202200052587;11;8;2022;08:45;1;75;2;4;1;2;48,8856810000;2,3977270000
202200052588;22;10;2022;20:00;5;973;2;9;1;3;4,9164300000; -52,3215000000
202200052589;24;3;2022;18:15;1;42;2;3;1;6;46,0311410000;4,2672950000
202200052590;28;11;2022;15:05;1;60;1;2;1;3;49,5950200000;3,1213300000
202200052591;7;5;2022;18:18;1;92;2;1;1;6;48,7873579390;2,2328743637
202200052592;9;7;2022;16:15;1;04;1;1;1;3;44,0396060000;6,1510510000
202200052593;7;6;2022;10:45;1;13;1;1;1;6;43,4321921217;5,2577385306
202200052594;26;3;2022;23:23;5;83;1;6;1;7;43,4147055898;6,4192289114
202200052595;14;2;2022;06:30;5;77;2;6;1;6;48,7939265693;2,6460273257
202200052596;11;8;2022;07:10;1;75;2;1;1;3;48,8584050000;2,4146180000
202200052597;22;10;2022;10:33;1;973;2;2;1;6;4,9355500000; -52,3309400000
202200052598;31;5;2022;18:30;1;62;1;3;7;3;50,4281700000;1,6272300000
202200052599;25;11;2022;17:05;3;60;2;3;8;3;49,4773160000;2,8804510000
202200052600;5;1;2022;12:55;1;95;1;1;1;4;48,9666859939;2,2556734085
202200052601;6;7;2022;22:40;3;85;1;1;1;7;46,5928800000; -0,7328730000
202200052602;7;5;2022;18:50;1;92;2;1;1;1;48,9064521074;2,2376516461
202200052603;7;6;2022;08:30;1;13;1;1;1;6;43,2948046412;5,4642511904
202200052604;23;10;2022;02:00;5;69;2;1;1;6;45,7422306985;4,8585641384
202200052605;11;8;2022;21:30;5;75;2;2;1;6;48,8843720000;2,3691950000
202200052606;14;2;2022;20:00;3;76;2;2;9;3;49,4379900000;1,0919200000
202200052607;26;3;2022;19:00;3;23;1;3;1;3;46,1522190000;2,0978520000
202200052608;27;11;2022;16:50;1;64;1;1;1;1;43,3455610000; -0,5176660000
202200052609;4;1;2022;23:50;3;93;1;1;1;1;48,9255649061;2,3388911783
202200052610;29;6;2022;13:40;1;85;2;1;1;6;46,7973771000; -1,1503189800
202200052611;8;6;2022;17:10;1;69;1;1;8;2;45,6983500000;4,9754800000
202200052612;6;5;2022;04:45;3;13;1;1;5;2;43,2914300000;5,4514000000
202200052613;11;8;2022;14:30;1;75;2;7;1;6;48,8376220000;2,2566000000
202200052614;23;10;2022;01:50;5;69;2;1;1;3;45,7476852084;4,8340407014
202200052615;17;9;2022;20:10;3;988;2;1;1;7; -22,2591000000;166,3929400000
202200052616;26;3;2022;00:30;3;29;1;1;1;2;48,3235423780; -4,2237504478
202200052617;11;7;2022;17:30;1;85;1;1;1;6;46,5529400000; -1,2053800000
202200052618;5;1;2022;18:10;3;77;1;1;1;2;48,8487201840;2,6617549074
202200052619;6;5;2022;17:25;1;67;1;1;1;6;48,5559400000;7,7326100000
202200052620;13;2;2022;03:20;5;76;2;2;1;2;49,5093600000;0,1589000000
202200052621;27;11;2022;17:45;3;43;1;3;8;3;44,9214480000;3,8763560000
202200052622;4;6;2022;01:10;3;69;1;1;1;2;45,6814539652;4,7988957167
202200052623;10;7;2022;07:00;1;85;1;1;1;6;46,6198700000; -1,5072500000
202200052624;25;3;2022;07:15;2;22;1;1;1;2;48,6780410000; -3,3547350000
202200052625;19;9;2022;17:45;1;973;2;2;1;3;4,9295400000; -52,3151300000
202200052626;22;10;2022;20:00;5;69;2;2;1;3;45,7366300000;4,8779200000
202200052627;10;8;2022;05:20;5;75;2;3;1;3;48,8415160000;2,2665810000
202200052628;7;5;2022;13:00;1;92;1;1;1;4;48,7319320000;2,3105850000
202200052629;8;7;2022;23:15;3;27;2;1;1;6;49,3334480000;0,3389590000
202200052630;22;10;2022;17:55;1;972;1;1;1;7;14,6176900000; -61,0385200000
202200052631;27;3;2022;18:40;2;57;2;1;1;7;49,0279570000;6,3411500000
202200052632;5;1;2022;08:30;1;75;1;1;1;4;48,8231200000;2,4630000000
202200052633;12;2;2022;20:30;5;76;2;2;1;3;49,5125400000;0,1170100000
202200052634;18;9;2022;10:25;1;973;2;1;1;5;4,9230445252; -52,3237931728
202200052635;7;6;2022;16:50;1;69;1;1;1;2;45,7442200000;4,9062000000
202200052636;28;11;2022;10:40;1;07;2;1;3;7;44,4817350000;4,2524170000
202200052637;7;5;2022;07:35;1;94;1;1;1;6;48,7780600000;2,3460400000
202200052638;28;3;2022;13:57;1;51;1;1;7;7;49,1255920000;4,7654970000
202200052639;5;1;2022;08:10;1;94;1;1;1;6;48,7537000000;2,3554000000
202200052640;9;7;2022;17:15;1;27;2;1;1;3;49,3766590000;1,3802970000
202200052641;11;8;2022;08:50;1;75;2;3;1;7;48,8332300000;2,3315350000
202200052642;7;10;2022;21:30;5;69;1;1;1;1;45,7938600000;4,8717600000
202200052643;6;5;2022;21:45;3;91;1;1;1;7;48,6240160000;2,3749930000
202200052644;19;9;2022;12:35;1;69;2;2;1;1;45,7548200000;4,8499600000
202200052645;12;2;2022;14:20;1;76;2;2;1;4;49,4970400000;0,1362100000
202200052646;22;10;2022;11:05;1;2A;2;1;1;3;41,9294443357;8,7721812326
202200052647;5;6;2022;23:35;5;69;1;1;1;2;45,7796000000;4,7808100000
202200052648;27;11;2022;17:35;5;07;2;3;1;3;44,8149670000;4,7922280000
202200052649;26;3;2022;17:45;1;67;2;2;1;1;48,9773690000;8,0741200000
202200052650;7;7;2022;19:15;1;27;1;1;1;5;49,0749340000;0,5261850000
202200052651;9;8;2022;21:15;5;75;2;2;1;3;48,8458300000;2,3676560000
202200052652;6;5;2022;20:35;1;91;1;1;1;3;48,6122400000;2,4493000000
202200052653;4;1;2022;16:40;1;27;2;9;2;6;49,0144352388;1,1745087057
202200052654;18;9;2022;05:20;2;972;1;1;2;6;14,6559800000; -61,0671600000
202200052655;22;10;2022;20:04;5;91;2;9;1;3;48,6405700000;2,3210400000
202200052656;8;7;2022;19:23;1;27;1;1;1;7;48,8673400000;0,7404400000
202200052657;6;5;2022;22:40;3;95;1;1;1;6;49,0721900000;2,5519200000
202200052658;4;1;2022;15:50;1;974;2;3;1;6; -21,2995100000;55,4907100000
202200052659;9;2;2022;13:18;1;69;2;1;1;3;45,7483702454;4,9032685161
202200052660;27;3;2022;15:30;1;2B;2;9;1;3;42,7299440000;9,4593500000
202200052661;11;8;2022;12:55;1;75;2;3;1;6;48,8691170000;2,3914490000
202200052662;19;9;2022;18:50;1;69;2;4;1;1;45,7726300000;4,8078400000
202200052663;5;5;2022;16:45;1;988;2;2;1;3; -22,2752500000;166,4456300000
202200052664;14;2;2022;00:45;5;69;2;6;1;6;45,7345000000;4,9659600000