Accident_Id;jour;mois;an;hrmn;lum;dep;agg;int;atm;col;lat;long
202200052665;27;11;2022;18:00;3;24;1;1;8;4;45,3556550000;0,6358820000
202200052666;4;1;2022;17:40;2;974;2;1;1;3; -20,8779500000;55,4483300000
202200052667;26;3;2022;18:55;2;82;2;1;1;1;43,9634000000;1,4302600000
202200052668;7;7;2022;06:30;2;17;2;1;1;1;45,9977960000; -1,3227800000
202200052669;21;10;2022;16:30;1;82;1;1;1;4;44,0526094367;1,4110374095
202200052670;19;9;2022;10:34;1;69;2;1;1;1;45,7772520948;4,7992350161
202200052671;28;11;2022;03:20;3;30;1;1;2;6;44,0648200000;4,1184620000
202200052672;4;1;2022;16:00;1;974;2;1;1;7; -20,9690240000;55,6465430000
202200052673;6;5;2022;11:00;1;976;2;9;1;6; -12,7758000000;45,2271900000
202200052674;28;3;2022;13:20;1;65;1;1;1;6;42,7988020000;0,2824900000
202200052675;25;5;2022;15:30;1;54;1;1;1;4;48,6300300000;6,1791800000
202200052676;11;8;2022;17:40;1;94;2;1;1;7;48,7709320000;2,4011600000
202200052677;12;2;2022;00:25;3;67;1;1;1;1;48,5565700000;7,7745100000
202200052678;21;10;2022;18:29;1;78;2;1;1;6;48,9830790000;1,9133580000
202200052679;15;6;2022;07:50;1;17;1;3;1;3;45,9603540000; -0,8132030000
202200052680;19;9;2022;16:40;1;971;2;2;1;2;16,2387250110; -61,5276002884
202200052681;7;6;2022;07:25;1;67;1;1;1;6;48,5044400000;7,6944100000
202200052682;6;5;2022;09:30;1;974;2;1;1;6; -20,8928000000;55,4833500000
202200052683;3;1;2022;14:23;1;973;2;2;2;3;4,9304980123; -52,3222991824
202200052684;24;11;2022;18:06;4;68;2;3;2;7;47,7803800000;7,2244070000
202200052685;27;3;2022;13:45;1;81;1;1;1;3;44,1180420000;1,9699850000
202200052686;5;7;2022;14:40;1;17;1;1;1;7;45,1957040000; -0,2143350000
202200052687;22;10;2022;10:50;1;77;2;1;1;6;48,8426900000;2,7892100000
202200052688;13;2;2022;17:20;1;66;2;1;1;6;42,6742900000;2,9060900000
202200052689;11;8;2022;11:45;1;94;2;1;1;2;48,7388129480;2,3910662090
202200052690;19;9;2022;17:00;1;91;2;1;1;6;48,6700000000;2,5334000000
202200052691;5;5;2022;19:34;5;974;2;1;2;6; -20,8908500000;55,4909600000
202200052692;28;3;2022;11:10;1;42;1;1;1;7;45,5585580000;4,4948140000
202200052693;8;6;2022;17:16;1;33;1;1;1;3;44,8545600000; -0,6644300000
202200052694;10;7;2022;11:15;1;87;1;1;1;3;46,1167250000;0,9115220000
202200052695;3;1;2022;14:40;1;973;2;3;2;3;4,9417798541; -52,3041104525
202200052696;13;2;2022;08:50;1;65;2;1;1;6;43,0935200000; -0,0462000000
202200052697;26;11;2022;20:20;3;76;1;1;1;2;49,4798080000;0,4516410000
202200052698;26;3;2022;20:15;3;29;1;1;1;6;48,2707150000; -4,1364710000
202200052699;4;5;2022;20:20;3;974;2;2;1;3; -20,8945800000;55,4601300000
202200052700;22;10;2022;12:10;1;77;1;6;1;2;48,3904790000;2,7544180000
202200052701;19;9;2022;09:50;1;91;2;6;1;3;48,6765900000;2,5368100000
202200052702;11;4;2022;10:20;1;37;2;2;1;3;47,2782390871;0,5882687867
202200052703;9;8;2022;23:45;5;94;2;2;1;3;48,7306662149;2,4260619940
202200052704;3;1;2022;15:00;1;973;1;1;1;3;4,9046801304; -52,3207086325
202200052705;27;3;2022;10:30;1;29;2;1;1;2;48,4026250000; -4,3868190000
202200052706;8;6;2022;15:50;1;33;1;1;2;2;44,8901170000; -0,6120150000
202200052707;14;2;2022;09:50;1;64;2;1;1;6;43,3065400000; -0,3609500000
202200052708;6;5;2022;18:50;1;69;2;1;1;6;45,7119900000;4,8531900000
202200052709;27;11;2022;18:55;3;13;1;1;1;1;43,6340720000;5,1330720000
202200052710;9;7;2022;11:05;1;52;2;1;1;6;48,4427960000;5,1419990000
202200052711;2;8;2022;20:00;1;94;2;3;1;6;48,7961172361;2,4220481515
202200052712;22;10;2022;13:50;1;76;2;3;1;1;49,4443000000;1,1557300000
202200052713;3;1;2022;13:50;1;973;2;1;2;3;4,9104700000; -52,3082900000
202200052714;19;9;2022;18:42;1;91;2;2;1;3;48,7087430000;2,3713320000
202200052715;26;3;2022;09:30;1;29;1;1;1;3;47,8182340000; -4,3075200000
202200052716;8;6;2022;09:40;1;33;1;1;1;3;44,7738340000; -0,5563210000
202200052717;25;11;2022;17:20;1;37;1;1;1;1;47,3811960000;0,7730660000
202200052718;10;7;2022;18:00;1;52;2;1;1;6;48,2481190000;5,3293050000
202200052719;13;2;2022;19:38;5;63;2;2;1;3;45,7956800000;3,1233200000
202200052720;11;8;2022;17:55;1;93;2;3;1;3;48,9153600000;2,3651300000
202200052721;4;1;2022;20:00;5;69;2;3;1;7;45,7570900000;4,8563400000
202200052722;27;3;2022;18:45;1;38;1;1;1;6;45,2470130000;5,4452760000
202200052723;18;10;2022;16:30;1;69;1;1;1;6;45,8233894724;4,9153894186
202200052724;19;9;2022;18:47;1;90;1;1;1;2;47,6260000000;6,8240000000
202200052725;15;4;2022;18:00;1;33;1;1;1;3;44,8875900000; -0,5748000000
202200052726;10;7;2022;02:30;2;08;1;1;1;6;49,4918170000;4,5386040000
202200052727;6;5;2022;16:55;1;69;2;2;1;5;45,7725900000;4,8457600000
202200052728;11;2;2022;17:23;1;63;2;1;1;6;45,7919800000;3,1165900000
202200052729;24;11;2022;15:06;1;06;1;1;1;3;43,6609180000;7,1672060000
202200052730;18;9;2022;19:25;2;90;2;1;1;2;47,6240000000;6,8510000000
202200052731;11;8;2022;12:31;1;93;2;1;7;3;48,8550469508;2,5162466010
202200052732;6;6;2022;07:00;1;59;1;1;1;6;50,6158337504;3,0827969313
202200052733;22;10;2022;09:40;1;69;2;6;1;6;45,9960100000;4,7148600000
202200052734;28;3;2022;15:30;1;58;1;1;1;3;47,0481580000;3,2983120000
202200052735;4;1;2022;21:10;5;69;1;3;1;3;45,7477700000;4,8336700000
202200052736;14;9;2022;11:58;1;87;1;1;2;6;45,7708400000;1,2240200000
202200052737;10;2;2022;17:35;2;62;2;9;2;3;50,4926720000;2,5691530000
202200052738;6;5;2022;15:30;1;69;2;2;1;3;45,7671100000;4,8476100000
202200052739;4;1;2022;17:30;5;69;2;1;1;6;45,7324400000;4,8815500000
202200052740;22;10;2022;19:10;2;69;2;6;1;2;45,7129500000;4,9703900000
202200052741;27;11;2022;19:30;3;60;1;1;3;1;49,1431080000;2,4616930000
202200052742;10;8;2022;22:40;5;93;2;2;1;3;48,9176138357;2,5230359812
202200052743;4;6;2022;19:00;1;59;1;1;1;5;50,6483600000;3,1452000000
202200052744;27;3;2022;17:55;1;50;1;3;7;3;48,6625520000; -0,9407690000
202200052745;3;1;2022;21:45;3;972;2;1;1;7;14,5964900000; -61,0553000000
202200052746;14;2;2022;10:20;1;61;2;1;1;3;48,4172000000;0,0717700000
202200052747;18;9;2022;17:35;1;87;2;3;1;2;45,8249200000;1,2747100000
202200052748;6;5;2022;13:30;1;69;2;3;1;3;45,7109600000;4,8551000000
202200052749;11;7;2022;16:25;1;68;1;1;1;7;48,0588070000;7,3786930000
202200052750;11;8;2022;13:30;1;93;2;1;1;6;48,9212963075;2,4113441302
202200052751;27;3;2022;03:15;4;45;2;1;1;6;47,9668820000;2,9095100000
202200052752;7;11;2022;11:30;1;987;1;1;1;1; -16,3880000000; -151,7650000000
202200052753;4;1;2022;07:40;5;69;2;1;1;6;45,7169421875;4,7949206829
202200052754;3;6;2022;12:45;1;59;1;1;1;2;50,3360258830;3,5503824055
202200052755;22;10;2022;11:00;1;69;1;9;1;3;45,6944600000;4,8442000000
202200052756;18;9;2022;06:54;5;87;2;3;1;3;45,8295800000;1,2625300000
202200052757;6;5;2022;11:45;1;69;2;2;1;1;45,7434200000;4,8344200000
202200052758;11;8;2022;12:15;1;93;2;3;1;6;48,9363100000;2,4270400000
202200052759;28;3;2022;13:50;1;64;2;6;1;3;43,2734729921; -0,2132130040
202200052760;27;11;2022;22:45;3;973;2;6;1;7;5,4804110000; -53,2118620000
202200052761;14;2;2022;14:00;1;59;2;2;1;3;50,6652719718;3,1987649202
202200052762;8;6;2022;12:50;1;92;1;1;1;2;48,7628656965;2,3041263744
202200052763;11;7;2022;08:30;1;63;1;1;1;2;45,6617470000;2,6564600000
202200052764;22;10;2022;15:10;1;64;2;3;1;3;43,4211309139; -1,6056561470
202200052765;3;1;2022;16:30;1;69;2;3;1;3;45,7692491965;4,8170489073
202200052766;26;11;2022;02:10;3;971;2;1;1;7;16,3267910000; -61,3487090000
202200052767;17;9;2022;18:06;1;87;1;3;1;7;45,8709900000;1,1963100000
202200052768;27;3;2022;20:00;2;73;1;1;1;6;45,4846880000;6,2941680000
202200052769;6;5;2022;00:15;5;69;2;2;1;3;45,7312800000;4,8299900000
202200052770;3;1;2022;19:07;5;95;2;1;3;6;49,0319478176;2,4590036273
202200052771;7;6;2022;19:50;1;91;1;1;1;1;48,6250000000;2,3543000000
202200052772;14;2;2022;23:35;5;59;2;9;1;3;50,6167091464;3,0619897842
202200052773;11;8;2022;19:30;1;93;2;1;1;2;48,9178000000;2,3931400000
202200052774;27;3;2022;18:30;1;73;2;1;1;6;45,5986270000;6,4390150000
202200052775;17;9;2022;09:33;1;87;2;1;1;7;45,8727900000;1,2683900000
202200052776;27;11;2022;17:58;5;971;2;1;1;6;15,8703080000; -61,2821670000
202200052777;6;5;2022;09:47;1;972;1;1;1;3;14,6164100000; -61,0421900000
202200052778;23;10;2022;00:20;5;64;2;2;1;3;43,3118500000; -0,3773100000
202200052779;9;7;2022;11:40;1;60;1;1;1;7;49,6648575983;2,2086448018
202200052780;4;1;2022;06:45;5;91;2;1;2;2;48,6197230000;2,2585160000
202200052781;27;3;2022;16:50;1;36;1;1;1;6;46,6313300000;1,1486350000
202200052782;7;6;2022;07:35;1;91;1;1;1;2;48,7378200000;2,1673100000
202200052783;11;8;2022;19:25;1;93;2;2;1;6;48,9087672907;2,3905607232
202200052784;12;2;2022;09:55;1;56;2;6;1;3;47,7659000000; -3,4009000000
202200052785;11;7;2022;08:45;1;77;1;1;1;6;48,4162070000;2,9460950000
202200052786;16;9;2022;17:23;1;87;2;2;1;3;45,8282100000;1,2323500000
202200052787;28;11;2022;15:45;1;34;1;3;1;2;43,5072110000;3,6341520000
202200052788;26;3;2022;13:00;1;07;1;1;1;7;44,9989820000;4,5072980000
202200052789;6;5;2022;16:34;1;2B;1;1;2;1;42,6496600000;9,4527300000
202200052790;4;1;2022;07:50;5;91;2;3;2;6;48,6619000000;2,4260400000
202200052791;7;6;2022;07:59;1;91;1;1;8;2;48,6677600000;2,3583100000
202200052792;11;2;2022;15:50;1;56;2;1;1;6;47,7480500000; -3,3583800000
202200052793;22;10;2022;20:10;5;64;2;1;1;5;43,4771600000; -1,5524800000
202200052794;11;8;2022;17:55;1;93;2;1;1;3;48,9164700000;2,3780000000
202200052795;28;3;2022;15:52;1;07;1;1;1;3;44,9881800000;4,5771120000
202200052796;27;11;2022;16:55;2;34;2;1;1;3;43,5619900000;4,0845700000
202200052797;3;1;2022;07:50;5;87;2;3;2;3;45,8332000000;1,2689200000
202200052798;6;5;2022;15:20;1;2B;2;1;2;4;42,6623900000;9,4421600000
202200052799;11;8;2022;21:00;5;92;2;5;1;6;48,8875150000;2,2784740000
202200052800;21;10;2022;17:50;1;61;2;2;1;3;48,4282000000;0,0829800000
202200052801;14;2;2022;15:49;1;51;2;2;1;3;49,2546400000;4,0482400000
202200052802;6;6;2022;18:45;1;91;1;1;1;2;48,6320650000;2,2275350000
202200052803;8;7;2022;23:30;5;987;2;1;1;3; -17,6180000000; -149,5490000000
202200052804;27;3;2022;21:20;3;23;1;1;1;6;45,8603090000;2,3687980000
202200052805;7;5;2022;02:25;5;2A;1;9;1;7;41,9290500000;8,7642600000
202200052806;19;9;2022;12:15;1;83;1;6;1;3;43,1416000000;6,0011000000
202200052807;27;11;2022;15:00;1;13;1;1;1;1;43,2338930000;5,5906840000
202200052808;27;3;2022;18:20;1;23;1;1;1;7;46,0756940000;2,1242880000
202200052809;10;8;2022;21:54;5;92;2;9;1;7;48,9063604318;2,2479062676
202200052810;8;6;2022;17:40;1;78;1;1;1;6;48,9690980000;1,9161510000
202200052811;21;10;2022;16:50;1;61;2;2;1;3;48,4280000000;0,0750700000
202200052812;14;2;2022;08:20;1;42;2;9;2;3;46,0480100000;4,0685900000
202200052813;6;5;2022;18:10;1;2A;2;2;1;3;41,9351193564;8,7508255739
202200052814;11;8;2022;05:10;5;92;2;1;1;7;48,7636900000;2,3095300000
202200052815;16;9;2022;14:15;1;80;2;1;1;3;49,9020100000;2,2762300000
202200052816;27;3;2022;07:30;2;48;1;1;1;1;44,8167630000;3,1576680000
202200052817;28;11;2022;07:40;3;71;1;2;2;3;46,1979530000;4,7636030000
202200052818;4;1;2022;12:05;1;83;2;1;8;6;43,1226700000;5,9529800000
202200052819;10;7;2022;00:15;3;13;1;1;1;1;43,6421470000;5,1811050000
202200052820;7;6;2022;18:00;1;92;1;1;1;4;48,9017975965;2,2030876279
202200052821;22;10;2022;06:20;5;59;2;1;1;6;50,6222600000;3,0532900000
202200052822;9;8;2022;04:45;5;33;2;1;1;6;44,6360740000; -0,3238820000
202200052823;14;2;2022;21:09;5;35;1;1;2;2;48,0996600163; -1,7148569226
202200052824;6;5;2022;16:10;1;2A;2;3;1;1;41,9129280187;8,7256603739
202200052825;4;1;2022;08:15;1;83;2;1;2;6;43,1305500000;5,9284100000
202200052826;19;9;2022;08:30;1;78;2;1;1;6;48,8713700000;2,0993100000
202200052827;26;11;2022;19:45;3;21;1;1;5;7;47,1693810000;5,3942660000
202200052828;22;10;2022;19:00;5;51;2;1;1;7;49,2280000000;4,0377100000
202200052829;7;6;2022;19:00;1;92;1;1;1;3;48,8919171813;2,1781326813
202200052830;9;7;2022;23:20;5;973;2;1;3;3;4,9057530000; -52,2731370000
202200052831;3;1;2022;15:00;1;83;2;1;1;1;43,1360700000;5,9819900000
202200052832;11;2;2022;14:00;1;34;2;2;1;3;43,3440000000;3,2205200000
202200052833;11;8;2022;15:20;1;972;1;1;1;5;14,6694770000; -60,9603020000
202200052834;7;6;2022;06:10;2;78;1;1;1;6;48,9703620000;1,8973520000
202200052835;11;9;2022;01:40;5;78;2;2;1;1;48,9869580000;1,7063450000
202200052836;5;5;2022;16:15;1;95;1;3;1;3;48,9250800000;2,2250000000
202200052837;22;10;2022;01:20;5;45;2;2;1;3;47,8855380000;1,8971540000
202200052838;7;7;2022;17:35;1;69;1;6;1;3;45,7640950000;4,7815040000
202200052839;4;1;2022;09:04;1;82;1;1;1;2;44,0421700000;1,3647600000
202200052840;24;3;2022;13:30;1;13;1;6;1;3;43,6018810000;5,0749860000
202200052841;27;11;2022;20:30;5;88;2;1;1;2;48,4018860000;5,6864200000
202200052842;11;8;2022;14:00;1;35;1;1;1;6;47,8886817989; -1,6900763251
202200052843;6;6;2022;16:00;1;92;1;1;1;3;48,9348050525;2,2815014855
202200052844;22;10;2022;20:45;5;44;2;1;1;3;47,1961810000; -1,5308400000
202200052845;5;5;2022;14:52;1;91;1;9;1;2;48,4253100000;2,1447300000
202200052846;8;7;2022;06:45;2;68;2;1;1;7;47,5765260000;7,5639580000
202200052847;4;1;2022;20:38;5;78;2;1;2;6;48,9553600000;2,1386200000
202200052848;14;2;2022;22:14;5;33;2;2;2;3;44,8353200000; -0,5888200000
202200052849;15;3;2022;15:35;1;01;1;1;1;6;45,8400420000;5,0504550000
202200052850;18;9;2022;11:10;1;77;2;6;1;6;48,5657100000;2,6288500000
202200052851;12;8;2022;07:50;1;67;1;1;1;1;48,8231520000;7,9954940000
202200052852;6;5;2022;09:14;1;87;2;2;1;6;45,8322600000;1,2646900000
202200052853;7;6;2022;17:30;1;95;1;1;1;2;49,0394200000;2,4837200000
202200052854;18;9;2022;02:49;5;77;2;1;1;6;48,5328900000;2,6722000000
202200052855;26;3;2022;21:15;5;74;2;1;1;1;46,0667250000;6,5548150000
202200052856;28;11;2022;10:00;1;01;2;1;2;6;45,8247490000;4,9548820000
202200052857;21;10;2022;22:40;3;42;1;1;8;5;45,4392466734;4,3414573073
202200052858;8;7;2022;20:45;2;31;1;1;1;6;43,3262911724;1,6340661049
202200052859;11;8;2022;20:00;2;62;1;1;1;1;50,2002540000;3,0264540000
202200052860;5;5;2022;15:54;1;87;2;1;1;6;45,8122900000;1,3226800000
202200052861;28;3;2022;17:40;1;06;1;1;1;6;43,7434600000;7,3369900000
202200052862;27;11;2022;19:00;5;01;2;1;8;6;45,8220710000;4,9483270000
202200052863;19;9;2022;07:46;2;77;1;1;1;6;48,4514680000;2,7088800000
202200052864;7;6;2022;07:20;1;93;1;1;2;3;48,9212115236;2,3692000928
202200052865;4;1;2022;08:25;1;77;2;1;2;6;48,7235200000;2,6549900000
202200052866;27;3;2022;16:08;1;30;1;1;1;7;43,7056064823;4,5297338962
202200052867;9;7;2022;17:00;1;987;1;1;1;3; -17,6180000000; -149,5490000000
202200052868;14;2;2022;14:00;1;33;2;3;1;3;44,8743400000; -0,5491100000
202200052869;6;8;2022;18:30;1;57;2;1;1;1;49,0033010000;7,3792240000
202200052870;22;10;2022;11:12;1;35;2;2;1;3;48,1085800000; -1,6929900000
202200052871;7;6;2022;09:10;1;93;1;1;1;7;48,8972100000;2,4696700000
202200052872;24;11;2022;17:40;3;22;1;1;2;6;48,4540220000; -2,8388610000
202200052873;26;3;2022;20:00;3;987;1;1;1;1; -17,5312350000; -149,7728780000
202200052874;6;5;2022;22:55;5;83;2;3;1;3;43,1285540000;5,9128200000
202200052875;12;9;2022;18:00;1;76;2;3;1;6;49,4837800000;1,0456500000
202200052876;11;8;2022;23:38;3;59;1;1;1;6;50,8613718801;2,2125434875
202200052877;22;10;2022;08:30;2;35;1;1;2;6;48,1381652357; -1,5783244371
202200052878;6;7;2022;17:30;1;38;1;1;1;2;45,2107020000;5,8067840000
202200052879;4;1;2022;17:25;1;77;2;2;1;6;48,4037800000;2,6921100000
202200052880;14;2;2022;14:11;1;33;2;1;2;3;44,8024300000; -0,6506600000
202200052881;28;11;2022;11:45;1;59;1;1;1;6;50,4332480000;3,2302940000
202200052882;6;5;2022;07:50;1;83;2;9;1;6;43,1070340000;6,0270730000
202200052883;21;3;2022;05:00;2;986;2;9;1;3; -13,3367020000; -176,1880590000
202200052884;19;9;2022;10:00;1;74;2;1;1;3;46,1993400000;6,2247500000
202200052885;22;10;2022;07:30;5;35;2;6;1;3;48,0862100000; -1,6441500000
202200052886;4;1;2022;15:40;1;76;2;1;1;6;49,4111000000;1,1478000000
202200052887;6;2;2022;23:20;5;30;2;1;1;6;43,8404200000;4,3602200000
202200052888;27;11;2022;06:59;3;13;1;1;1;6;43,2800500000;5,5833200000
202200052889;10;7;2022;18:20;1;21;1;2;1;3;47,0492000000;4,8542300000
202200052890;12;8;2022;13:00;1;74;2;1;1;4;45,8513020000;6,1451010000
202200052891;6;5;2022;03:05;5;83;2;1;1;6;43,1444600000;6,0327000000
202200052892;6;6;2022;02:30;5;93;1;1;1;2;48,9281462699;2,3577354704
202200052893;28;3;2022;17:00;1;45;2;3;1;3;48,1878100000;2,2452450000
202200052894;4;1;2022;15:45;1;76;2;1;3;1;49,5789687391;0,4709064960
202200052895;22;10;2022;20:40;5;33;2;1;1;3;44,8771600000; -0,5780200000
202200052896;19;9;2022;19:35;2;73;2;6;1;6;45,6900300000;5,9094500000
202200052897;9;2;2022;13:20;1;30;2;1;1;3;43,8401000000;4,3637000000
202200052898;25;11;2022;15:30;1;13;1;1;1;4;43,2849500000;5,5242500000
202200052899;7;7;2022;00:10;3;53;1;3;1;6;48,2285260071; -0,6562760865
202200052900;5;5;2022;15:15;1;81;2;3;1;3;44,0290400000;2,1300100000
202200052901;27;3;2022;19:30;1;11;2;3;1;3;43,0149210000;3,0621120000
202200052902;3;1;2022;18:15;2;74;2;1;1;4;46,1911200000;6,2505700000
202200052903;8;6;2022;10:25;1;94;1;1;1;2;48,8205076244;2,4018322324
202200052904;18;9;2022;19:25;1;72;2;1;1;6;48,0147000000;0,1620100000
202200052905;14;2;2022;18:40;2;30;2;9;8;6;44,1263300000;4,0800400000
202200052906;22;10;2022;00:30;5;33;2;1;1;3;44,8629100000; -0,6659300000
202200052907;11;8;2022;15:10;1;76;2;2;1;3;49,6390870000;0,2232670000
202200052908;27;3;2022;11:48;1;67;2;1;1;1;48,9515500000;7,7730100000
202200052909;3;5;2022;12:05;1;80;2;2;1;3;49,8980400000;2,2952000000
202200052910;3;1;2022;19:50;5;72;2;2;2;1;48,0069200000;0,1916100000
202200052911;22;10;2022;08:25;5;33;2;1;1;6;44,6310722407; -1,1543342471
202200052912;14;9;2022;16:20;1;71;2;6;3;3;46,6811400000;4,3702900000
202200052913;7;6;2022;17:00;1;77;1;1;1;3;48,7597650000;2,6155970000
202200052914;26;11;2022;05:30;5;83;1;1;1;2;43,1424000000;6,0078600000
202200052915;14;2;2022;12:15;1;27;2;1;1;2;49,0035000000;1,1478700000
202200052916;12;8;2022;15:00;1;80;2;6;1;3;49,7469430000;2,6721670000
202200052917;3;1;2022;11:55;1;71;2;3;1;6;46,3208770774;4,8158962997
202200052918;3;5;2022;18:30;1;80;1;3;1;3;49,8573100000;2,3816000000
202200052919;17;9;2022;18:00;1;71;2;1;1;7;46,6777200000;4,3660500000
202200052920;12;8;2022;07:50;1;80;2;1;1;6;49,7423700000;2,1564480000
202200052921;22;10;2022;17:00;1;31;2;2;7;3;43,5930320677;1,4444285631
202200052922;3;1;2022;20:35;5;67;2;1;2;6;48,5708400000;7,7754200000
202200052923;12;2;2022;18:45;2;24;1;9;1;3;45,1959100000;0,6482700000
202200052924;26;3;2022;17:00;1;03;2;3;7;1;46,3131750000;3,4207660000
202200052925;27;11;2022;18:42;3;91;1;1;2;2;48,7287400000;2,1646300000
202200052926;6;5;2022;01:10;5;77;2;1;1;6;48,3922200000;2,9539500000
202200052927;7;6;2022;07:45;1;77;1;1;2;4;48,9732900000;2,5775050000
202200052928;8;8;2022;11:30;1;82;1;1;1;2;44,1638130000;1,5534930000
202200052929;4;1;2022;22:30;5;65;2;1;3;2;43,2053650000;0,0970090000
202200052930;19;9;2022;20:50;5;69;2;1;1;2;45,7080100000;4,8589400000
202200052931;28;3;2022;19:06;1;03;1;1;1;3;46,5174620000;3,6920390000
202200052932;21;10;2022;07:30;5;29;2;6;8;3;47,8898920000; -3,9161753600
202200052933;6;5;2022;15:00;1;77;2;1;1;6;48,8149600000;3,0837500000
202200052934;11;8;2022;20:35;1;65;2;1;1;6;43,0661680000;0,5027260000
202200052935;7;6;2022;07:25;2;77;1;1;1;6;48,8326400000;2,6604000000
202200052936;4;1;2022;19:25;5;65;2;1;3;3;43,2242320000;0,0678980000
202200052937;27;11;2022;01:00;5;94;1;1;1;6;48,8082384632;2,3401175825
202200052938;28;3;2022;19:30;1;74;2;1;1;7;46,3669090000;6,5668680000
202200052939;16;9;2022;17:20;1;67;2;3;1;3;48,5210700000;7,7257300000
202200052940;10;2;2022;18:15;5;14;2;1;2;6;49,1451500000;0,2667500000
202200052941;12;8;2022;07:30;1;61;1;1;1;1;48,8412700000; -0,6752400000
202200052942;21;10;2022;20:00;5;27;2;2;1;1;49,0895500000;1,4880300000
202200052943;6;5;2022;19:00;1;69;2;3;1;3;45,6972700000;4,9445900000
202200052944;27;11;2022;04:50;3;93;1;1;1;6;48,9228077205;2,3498623726
202200052945;15;9;2022;23:30;5;67;2;1;1;6;48,5807100000;7,7273000000
202200052946;4;1;2022;06:15;5;62;2;2;3;3;50,4598510000;2,5494040000
202200052947;27;3;2022;15:50;1;38;2;1;1;2;45,6420000000;5,3378840000
202200052948;6;6;2022;18:00;1;77;1;1;1;2;48,8310240000;2,7623090000
202200052949;16;1;2022;16:30;1;13;1;1;7;3;43,3761900000;5,0644800000
202200052950;11;8;2022;19:10;1;12;1;2;1;1;44,3130550000;2,5599220000
202200052951;6;5;2022;09:00;1;69;2;1;1;1;45,7842400000;4,8969000000
202200052952;22;10;2022;19:04;5;26;2;1;1;2;44,9314500000;4,8845600000
202200052953;3;1;2022;16:27;1;61;2;1;3;6;48,4262400000;0,0890760000
202200052954;15;9;2022;17:12;1;67;2;3;1;3;48,5695070215;7,7631631494
202200052955;6;6;2022;14:45;1;93;1;1;1;2;48,8612242569;2,4841007475
202200052956;27;3;2022;10:35;1;26;2;4;1;1;44,9370460000;5,0957040000
202200052957;21;10;2022;11:45;1;19;1;1;1;7;45,2733449683;1,7895587683
202200052958;11;8;2022;23:55;5;47;2;1;1;1;44,3006410000;0,3366490000
202200052959;14;2;2022;10:50;1;06;1;1;2;3;43,6321710000;6,9576900000
202200052960;26;11;2022;03:10;4;93;1;1;1;5;48,9202730000;2,3570130000
202200052961;6;5;2022;11:30;1;69;1;3;1;3;45,9853100000;4,7027400000
202200052962;4;1;2022;17:20;5;59;2;2;2;6;50,7109896604;3,1519389153
202200052963;19;9;2022;09:45;1;64;2;1;1;2;43,3734500000; -1,7553700000
202200052964;6;6;2022;05:20;2;94;1;1;1;7;48,8344649607;2,4932511256
202200052965;28;3;2022;18:40;1;01;2;1;1;1;45,8113890000;5,0224420000
202200052966;22;10;2022;14:30;1;18;2;9;1;3;47,2366000000;2,0924000000
202200052967;4;5;2022;18:20;1;66;1;1;1;2;42,7132764582;2,8721389174
202200052968;12;8;2022;03:13;5;44;2;1;1;7;47,1198330000; -2,1047270000
202200052969;12;2;2022;23:15;5;75;2;1;1;2;48,8594960000;2,2627270000
202200052970;1;1;2022;00:30;5;59;2;1;1;1;50,3917168776;3,0638739467
202200052971;27;11;2022;19:10;3;75;1;1;1;2;48,8171410884;2,4549669027
202200052972;17;10;2022;18:50;2;14;1;1;1;7;49,3246610000;0,0639450000
202200052973;27;3;2022;16:35;1;69;1;1;1;6;45,7476570000;4,5727370000
202200052974;29;3;2022;15:58;1;36;2;1;1;6;46,8089356286;1,6903227568
202200052975;11;8;2022;23:50;3;70;2;1;1;7;47,6076530000;6,1900450000
202200052976;3;1;2022;13:45;1;56;2;1;2;6;47,7621643000; -3,3901070000
202200052977;6;5;2022;23:45;5;64;2;6;1;3;43,2962000000; -0,3763800000
202200052978;19;9;2022;13:45;1;64;2;6;1;7;43,3110000000; -0,3630000000
202200052979;3;1;2022;15:55;1;49;2;1;2;7;47,4666600000; -0,5155500000
202200052980;21;10;2022;22:20;5;13;2;1;1;3;43,4222834165;5,2867503767
202200052981;28;3;2022;04:30;3;79;1;1;1;6;46,4186450000; -0,0510910000
202200052982;12;2;2022;21:10;5;75;2;4;1;3;48,8521100000;2,4150570000
202200052983;12;8;2022;05:50;2;58;1;3;9;7;46,8420460000;3,9422790000
202200052984;5;5;2022;12:00;1;62;2;1;1;3;50,4773500000;2,9388600000
202200052985;3;1;2022;23:14;5;47;2;1;1;6;44,2080000000;0,6200300000
202200052986;31;3;2022;15:44;1;31;1;3;2;3;43,4746020000;1,7171980000
202200052987;18;9;2022;09:25;1;64;2;4;1;3;43,4669365482; -1,5717208385
202200052988;21;10;2022;05:15;5;13;1;6;8;3;43,4171600000;5,2895900000
202200052989;24;7;2022;17:50;1;66;1;1;1;7;42,6243980000;2,4445440000
202200052990;14;2;2022;08:40;1;75;2;5;1;7;48,8723110000;2,3977750000
202200052991;25;11;2022;19:00;5;94;1;1;1;5;48,8270194777;2,5116058458
202200052992;24;3;2022;17:57;1;85;1;2;1;5;46,4287890000; -0,8350940000
202200052993;4;1;2022;15:09;1;45;2;2;1;3;47,8586065223;1,9066640139