Accident_Id;jour;mois;an;hrmn;lum;dep;agg;int;atm;col;lat;long
202200052994;22;10;2022;01:45;5;13;2;1;1;6;43,2844300000;5,3496800000
202200052995;19;9;2022;18:30;1;64;1;1;1;2;43,4787900000; -1,5092600000
202200052996;6;5;2022;13:55;1;59;2;2;1;3;50,6166000000;3,0630500000
202200052997;4;1;2022;07:40;5;45;2;1;3;6;47,9151740000;1,9128570000
202200052998;26;3;2022;15:40;1;49;1;1;1;7;47,1427520000; -1,1295530000
202200052999;28;11;2022;07:45;5;59;2;2;1;1;50,6438500000;3,1356400000
202200053000;21;10;2022;12:15;1;13;2;1;1;2;43,2864636782;5,5872865766
202200053001;8;8;2022;12:00;1;14;2;2;1;3;49,1091210000;0,0069520000
202200053002;6;5;2022;11:50;1;59;2;9;1;1;50,6825709944;3,1069157123
202200053003;2;6;2022;17:30;1;37;1;2;1;3;47,5899300000;0,9310080000
202200053004;4;1;2022;18:20;5;44;2;1;8;1;47,2769100000; -1,5095700000
202200053005;19;9;2022;11:35;1;64;2;3;7;3;43,4801900000; -1,5210900000
202200053006;27;3;2022;18:45;1;29;2;1;1;6;48,4496710000; -4,2462320000
202200053007;22;10;2022;18:05;2;10;1;1;1;3;48,2888500000;4,1574900000
202200053008;26;11;2022;22:20;5;44;2;8;1;6;47,2205000000; -1,5550890000
202200053009;5;5;2022;21:00;1;56;2;1;1;6;47,7518300000; -3,3555400000
202200053010;11;8;2022;17:10;1;14;1;1;1;3;49,1003370000; -0,6096940000
202200053011;4;1;2022;19:56;5;44;2;1;1;6;47,2468400000; -1,5773000000
202200053012;23;3;2022;02:45;3;27;1;1;1;6;49,0692900000;1,1809340000
202200053013;18;10;2022;18:35;2;05;1;1;1;7;44,5105336463;6,0714800886
202200053014;17;9;2022;06:55;4;64;2;1;1;2;43,4758800000; -1,5280100000
202200053015;8;8;2022;22:00;3;09;1;1;1;1;42,9767170000;1,6651260000
202200053016;29;4;2022;13:35;1;54;2;6;1;3;48,6184937910;6,1766874790
202200053017;26;11;2022;08:30;1;33;2;6;1;6;44,6572800000; -1,1584200000
202200053018;4;1;2022;13:20;1;42;2;1;8;3;46,0565349981;4,0624359308
202200053019;13;2;2022;20:25;5;75;2;1;1;4;48,8501052353;2,4151280522
202200053020;7;6;2022;17:15;1;95;2;1;1;4;49,1420110000;2,2517520000
202200053021;26;6;2022;19:00;1;74;2;1;1;3;46,0767190000;6,4064190000
202200053022;28;3;2022;08:20;1;60;2;3;1;6;49,3550511589;2,7763170004
202200053023;11;8;2022;22:30;3;45;1;1;1;7;48,1557131582;2,0522546768
202200053024;4;1;2022;13:00;1;37;2;1;1;7;47,3941514129;0,6668829918
202200053025;18;9;2022;21:41;5;63;2;5;1;3;45,8003267717;3,1115582585
202200053026;6;5;2022;18:30;1;51;2;2;1;7;49,2505491645;4,0524691343
202200053027;7;8;2022;02:30;5;73;2;1;1;6;45,6610000000;6,3810000000
202200053028;6;6;2022;16:30;1;95;1;1;1;6;49,1385216664;2,2535276413
202200053029;3;6;2022;16:15;1;74;1;4;1;3;46,1126500000;6,0402700000
202200053030;4;1;2022;15:10;1;33;2;1;2;3;44,7911400000; -0,5874800000
202200053031;21;3;2022;08:45;1;13;1;1;1;4;43,3837700000;5,2312300000
202200053032;2;9;2022;15:00;1;60;2;1;1;6;49,4274860000;2,8161310000
202200053033;4;6;2022;16:05;1;59;1;1;1;7;50,9192255072;2,5235348940
202200053034;24;7;2022;18:00;1;62;2;9;1;6;50,7381600000;1,6092080000
202200053035;17;5;2022;17:40;1;74;1;3;1;3;46,1384260000;6,3148100000
202200053036;19;9;2022;19:10;1;59;2;1;1;2;50,7768233092;3,1240922213
202200053037;4;1;2022;06:30;5;33;2;3;1;3;44,8678800000; -0,6700900000
202200053038;12;8;2022;10:20;1;73;1;3;1;3;45,5139200000;6,0916900000
202200053039;27;3;2022;00:45;3;69;1;1;1;2;45,6072600000;4,8022400000
202200053040;7;6;2022;06:45;1;42;1;1;1;7;45,4663310000;4,5498630000
202200053041;6;5;2022;17:10;1;51;2;1;1;4;49,2381140000;4,0652560000
202200053042;21;10;2022;19:55;5;75;2;1;1;3;48,8945610000;2,3054090000
202200053043;19;9;2022;08:30;1;59;1;3;1;3;50,5861771853;3,0343347788
202200053044;31;7;2022;11:00;1;73;1;1;1;3;45,4997300000;6,0429100000
202200053045;26;3;2022;05:25;3;42;1;1;1;6;45,4583700000;4,4073800000
202200053046;3;1;2022;11:05;1;33;2;4;1;6;44,8369609445; -0,6068095565
202200053047;25;8;2022;08:00;1;976;2;3;1;2; -12,7726400000;45,2231200000
202200053048;6;5;2022;07:41;1;49;2;1;1;3;47,4732800000; -0,4938300000
202200053049;6;6;2022;14:15;1;74;2;1;1;6;46,3306910000;6,3719470000
202200053050;22;10;2022;09:30;1;75;2;4;1;3;48,8882580000;2,3958480000
202200053051;3;1;2022;12:10;1;31;2;1;1;3;43,6336300000;1,4313300000
202200053052;11;8;2022;19:13;1;10;2;1;1;2;48,5115460000;3,7248100000
202200053053;6;5;2022;20:40;1;45;2;1;1;7;47,9235100000;1,9566000000
202200053054;19;9;2022;06:30;5;59;2;3;1;2;50,6354571822;3,0708852410
202200053055;25;3;2022;17:00;1;67;1;1;1;4;48,5872500000;7,7127700000
202200053056;16;8;2022;11:40;1;976;2;1;1;6; -12,7900100000;45,2204600000
202200053057;7;6;2022;14:00;1;31;2;1;1;6;43,5363460000;1,3621970000
202200053058;4;1;2022;18:10;4;27;1;1;1;1;49,1130400000;1,5185000000
202200053059;12;8;2022;12:00;1;40;1;1;1;1;43,7719930000; -0,4181670000
202200053060;18;9;2022;15:37;1;51;2;1;1;3;48,9698695345;4,3708151579
202200053061;26;3;2022;19:00;2;91;1;1;1;7;48,6177200000;2,4284100000
202200053062;21;10;2022;22:00;5;75;2;2;1;3;48,8842550000;2,3026760000
202200053063;6;5;2022;14:20;1;45;2;3;1;3;47,9249615949;1,9275568575
202200053064;7;6;2022;11:30;1;89;1;1;1;7;48,1699780000;3,3765310000
202200053065;26;11;2022;16:24;1;976;2;9;1;3; -12,7757900000;45,2252800000
202200053066;8;8;2022;18:00;1;24;1;6;1;6;44,8888290000;0,5512050000
202200053067;3;1;2022;17:45;3;27;2;1;2;6;49,0026300000;1,1581300000
202200053068;17;9;2022;07:20;2;50;2;1;1;6;49,6557500000; -1,6749500000
202200053069;6;5;2022;10:45;1;45;2;1;1;6;47,9052833529;1,9119231552
202200053070;3;1;2022;16:20;1;27;2;1;2;7;49,0245400000;1,1720300000
202200053071;26;3;2022;21:00;4;93;1;9;1;4;48,9228102258;2,3450229211
202200053072;12;8;2022;01:40;3;27;1;1;1;6;48,9748678233;1,1460371017
202200053073;22;10;2022;18:15;1;75;2;7;1;6;48,8439460000;2,3229090000
202200053074;19;9;2022;19:25;1;47;2;2;1;3;44,2053700000;0,6277500000
202200053075;3;1;2022;18:20;5;26;2;3;1;1;44,9244600000;4,9278900000
202200053076;22;10;2022;16:35;1;75;2;1;1;2;48,8329130000;2,4005960000
202200053077;6;6;2022;12:00;1;56;1;3;2;1;47,5368900000; -2,7408860000
202200053078;6;5;2022;16:00;1;37;2;1;1;6;47,3606000000;0,7019200000
202200053079;12;8;2022;09:50;1;30;1;1;1;1;43,9981200000;4,1238750000
202200053080;26;11;2022;10:00;1;974;1;1;1;5; -21,3266900000;55,4496400000
202200053081;26;3;2022;13:10;1;93;1;9;1;4;48,9200600000;2,3575600000
202200053082;3;1;2022;13:00;1;25;2;2;2;3;46,9023300000;6,3545400000
202200053083;19;9;2022;19:45;1;45;2;2;1;3;47,9147400000;1,9020900000
202200053084;22;10;2022;10:20;1;75;2;2;1;3;48,8702120000;2,3110700000
202200053085;6;5;2022;11:05;1;37;2;3;1;6;47,3799795949;0,6951749325
202200053086;27;3;2022;14:40;1;94;1;1;1;2;48,8434004838;2,4931471702
202200053087;17;9;2022;19:15;1;45;2;1;1;6;48,0011700000;2,7272200000
202200053088;4;1;2022;18:00;5;25;2;3;3;3;47,2195300000;5,9756000000
202200053089;26;11;2022;07:15;1;974;1;1;1;1; -20,8890900000;55,4369900000
202200053090;11;8;2022;23:52;3;06;2;6;1;3;43,6004820000;6,9861080000
202200053091;5;5;2022;09:00;1;37;2;1;1;3;47,3902184071;0,6941235065
202200053092;21;10;2022;21:15;5;75;2;2;1;3;48,8414900000;2,3079400000
202200053093;27;3;2022;07:00;1;94;1;1;1;2;48,8107024269;2,4491754571
202200053094;19;9;2022;22:44;5;44;2;1;1;1;47,2279860000; -1,5806120000
202200053095;1;1;2022;03:58;5;24;2;6;1;6;45,1893800000;0,7497900000
202200053096;6;5;2022;22:00;2;35;2;1;1;6;48,1113800000; -1,6792600000
202200053097;26;11;2022;08:30;1;974;2;1;1;6; -20,9043300000;55,4876600000
202200053098;21;10;2022;18:12;1;75;2;3;1;6;48,8592300000;2,3051390000
202200053099;27;3;2022;03:10;3;77;1;1;1;6;48,8357847289;2,8087362763
202200053100;14;9;2022;11:00;1;42;2;9;1;6;45,4872900000;4,5525800000
202200053101;6;5;2022;21:35;2;35;2;1;1;3;48,1138200000; -1,7052600000
202200053102;4;1;2022;09:00;1;21;2;1;8;4;47,0410800000;4,8483800000
202200053103;22;10;2022;15:00;1;75;2;7;1;3;48,8665650000;2,3648290000
202200053104;26;11;2022;07:00;1;974;2;1;1;2; -20,8934000000;55,4700400000
202200053105;26;3;2022;19:30;2;77;1;1;1;6;48,9661856923;2,6068511155
202200053106;12;8;2022;11:50;1;11;1;1;1;1;43,1692540000;3,1160830000
202200053107;18;9;2022;12:40;1;41;2;6;1;2;47,5698500000;1,3732700000
202200053108;3;1;2022;16:36;1;21;2;1;1;6;47,0345251472;4,8346012831
202200053109;6;5;2022;13:45;1;35;2;1;1;6;48,1310100000; -1,6337000000
202200053110;22;10;2022;11:10;1;75;2;2;1;6;48,8560700000;2,3506930000
202200053111;26;3;2022;19:30;1;93;1;1;1;3;48,8360617958;2,5586780697
202200053112;19;9;2022;19:30;1;37;2;1;1;6;47,3968604040;0,7093477249
202200053113;11;8;2022;15:30;1;17;1;1;1;7;45,9185720000; -0,5820820000
202200053114;3;1;2022;19:30;5;14;2;2;3;3;49,1520530000;0,2242850000
202200053115;26;3;2022;18:40;1;77;1;1;1;6;48,8319679504;2,6729113959
202200053116;6;5;2022;20:30;1;33;2;3;1;1;44,8310800000; -0,6481900000
202200053117;22;10;2022;04:45;5;75;2;2;1;6;48,8591070000;2,3464290000
202200053118;19;1;2022;17:15;1;33;1;6;1;7;44,7769610000; -1,0510830000
202200053119;26;3;2022;12:45;1;75;2;1;1;6;48,8742020000;2,2617560000
202200053120;4;1;2022;08:30;1;13;2;7;1;3;43,3264250296;5,4385691885
202200053121;22;10;2022;02:40;5;75;2;2;1;7;48,8644440000;2,3515380000
202200053122;19;9;2022;18:55;1;37;2;3;7;3;47,3480800000;0,6583700000
202200053123;6;5;2022;19:00;1;33;2;3;1;3;44,8188092270; -0,6991365552
202200053124;11;8;2022;10:27;1;11;2;1;1;6;42,8570320000;3,0375480000
202200053125;26;3;2022;10:00;1;33;2;1;1;6;44,8442300000; -0,6396500000
202200053126;3;1;2022;09:50;1;13;2;1;1;2;43,2745089681;5,4150978180
202200053127;19;9;2022;08:10;2;35;2;1;1;6;48,1099800000; -1,6621800000
202200053128;19;3;2022;12:45;1;33;2;1;1;3;44,8274200000; -0,5612600000
202200053129;22;10;2022;10:20;1;94;2;2;1;2;48,8075900000;2,5058900000
202200053130;12;8;2022;09:40;1;2A;1;1;1;3;41,5435450000;9,2808510000
202200053131;17;9;2022;10:00;1;34;2;1;1;6;43,5945430000;3,8716270000
202200053132;2;1;2022;19:20;5;13;2;2;1;3;43,2902200000;5,3574000000
202200053133;12;8;2022;12:45;1;13;1;1;1;1;43,2417520000;5,5939830000
202200053134;6;5;2022;09:15;1;30;2;6;1;3;44,1550000000;4,6162900000
202200053135;21;10;2022;22:30;5;94;2;2;1;3;48,7962100000;2,5002900000
202200053136;26;3;2022;12:58;1;69;2;2;1;6;45,7703500000;4,8616600000
202200053137;3;1;2022;12:10;2;13;2;1;8;6;43,2917988062;5,5614422283
202200053138;8;8;2022;13:54;1;13;2;1;1;6;43,4301170000;5,3928750000
202200053139;19;9;2022;19:20;1;33;2;3;1;3;44,8625600000; -0,5844500000
202200053140;22;10;2022;11:50;1;94;2;1;1;3;48,8117740000;2,3598800000
202200053141;25;3;2022;21:05;5;93;2;1;1;6;48,8923127112;2,4264684319
202200053142;26;4;2022;16:45;1;30;2;3;1;3;44,0742000000;4,0907700000
202200053143;3;1;2022;12:02;1;10;2;1;1;7;48,2949000000;4,0671300000
202200053144;11;8;2022;23:20;4;13;2;1;1;1;43,6333340000;5,6425200000
202200053145;4;1;2022;15:40;1;06;2;1;1;6;43,6288610000;6,9378800000
202200053146;22;10;2022;08:40;1;94;2;1;1;6;48,7607600726;2,3536232808
202200053147;14;4;2022;09:00;1;22;2;1;1;6;48,5177300000; -2,7991300000
202200053148;24;3;2022;23:40;5;93;2;9;1;1;48,9363380000;2,4315210000
202200053149;19;9;2022;19:20;1;33;1;6;1;3;44,8171260784; -0,6749390066
202200053150;11;8;2022;17:12;1;26;1;1;7;6;44,9051050000;4,8800160000
202200053151;22;10;2022;14:10;1;93;2;1;1;7;48,8420135780;2,5596572320
202200053152;5;5;2022;18:15;1;14;1;1;1;2;49,1966300000; -0,3395700000
202200053153;11;8;2022;11:35;1;89;2;1;1;6;48,0196580000;3,5122510000
202200053154;26;3;2022;11:34;1;973;2;1;1;3;4,9343403002; -52,3206549883
202200053155;4;1;2022;18:50;5;04;2;3;1;2;43,8341600000;5,7991600000
202200053156;19;9;2022;13:10;1;33;2;6;1;3;44,8131700000; -0,6351600000
202200053157;12;8;2022;16:30;1;89;1;1;1;6;48,3319740000;3,2142150000
202200053158;6;5;2022;20:30;2;13;2;1;8;2;43,3067504491;5,3746903713
202200053159;22;10;2022;14:10;1;93;2;1;1;2;48,9310200000;2,3862900000
202200053160;18;9;2022;13:20;1;33;2;1;1;6;44,8487901937; -0,5628266931
202200053161;4;1;2022;12:20;1;75;2;4;2;6;48,8648260000;2,4129960000
202200053162;22;10;2022;17:05;1;93;2;1;1;6;48,8945083200;2,4815263036
202200053163;11;8;2022;15:50;1;52;1;1;1;3;47,8744085026;5,3624010086
202200053164;3;5;2022;16:55;1;13;2;1;1;2;43,2876617210;5,4488022947
202200053165;26;3;2022;23:00;5;69;2;3;1;3;45,7159400000;4,8782700000
202200053166;4;1;2022;10:30;1;75;2;1;2;6;48,8491920000;2,3276150000
202200053167;22;10;2022;15:05;1;92;2;3;1;3;48,8849600000;2,2551600000
202200053168;12;7;2022;19:20;1;88;2;2;1;3;48,3126310000;6,7159300000
202200053169;25;3;2022;17:40;2;972;2;1;1;6;14,6078000000; -61,0696400000
202200053170;27;4;2022;20:10;1;13;1;1;1;1;43,7188300000;4,6463500000
202200053171;4;1;2022;07:00;5;75;2;3;2;7;48,9005210000;2,3354350000
202200053172;22;10;2022;19:40;5;92;2;1;1;2;48,8211300000;2,2570500000
202200053173;5;5;2022;18:21;1;10;1;1;1;2;48,2721500000;4,0478400000
202200053174;11;8;2022;20:30;2;74;1;1;1;6;46,2561060000;6,5190770000
202200053175;4;1;2022;19:55;5;75;2;3;2;3;48,8622240000;2,2293270000
202200053176;23;10;2022;07:15;3;41;1;1;1;7;47,3709030000;1,7719320000
202200053177;26;3;2022;09:05;1;91;1;1;1;2;48,6913400000;2,4522300000
202200053178;6;5;2022;16:10;1;03;2;3;1;6;46,5600200000;3,3334000000
202200053179;4;1;2022;07:05;3;75;2;1;2;3;48,8690670000;2,2708500000
202200053180;26;3;2022;13:52;1;91;2;1;1;2;48,4349100000;2,1638200000
202200053181;10;8;2022;18:35;1;42;1;2;1;2;45,6896940000;4,0368480000
202200053182;6;5;2022;23:25;3;01;2;1;1;6;46,2092700000;5,2342800000
202200053183;23;10;2022;02:15;3;988;1;9;2;3; -20,6057900000;164,3229500000
202200053184;26;3;2022;06:01;2;84;2;1;1;1;44,1236400000;4,8190600000
202200053185;3;1;2022;19:15;5;75;2;3;2;6;48,8574690000;2,2910530000
202200053186;23;10;2022;00:10;3;28;1;6;1;7;48,4370310000;1,4309260000
202200053187;11;8;2022;07:45;1;38;2;1;1;1;45,5835190000;4,7987910000
202200053188;5;5;2022;09:00;1;75;2;4;1;2;48,8688270000;2,4134740000
202200053189;25;3;2022;13:38;1;83;2;1;1;6;43,1474200000;5,9020900000
202200053190;4;1;2022;06:08;5;75;2;3;3;3;48,8344090000;2,4098910000
202200053191;23;10;2022;07:20;3;35;1;1;1;6;47,7672320000; -1,7102510000
202200053192;6;5;2022;17:15;1;75;2;2;7;6;48,8375340000;2,4253510000
202200053193;25;3;2022;19:45;1;81;2;1;1;6;43,9067000000;2,1412000000
202200053194;11;8;2022;18:30;1;26;2;3;1;1;44,9652000000;4,9671200000
202200053195;14;10;2022;16:10;1;84;1;1;1;1;44,0760240000;4,8326970000
202200053196;3;1;2022;08:00;2;75;2;3;8;2;48,8432410000;2,3853510000
202200053197;12;8;2022;12:15;1;01;2;1;1;6;45,8238340000;4,9549230000
202200053198;6;5;2022;09:15;1;75;2;2;1;6;48,8721910000;2,3328140000
202200053199;4;1;2022;02:05;3;75;2;2;3;7;48,8625667771;2,3104065657
202200053200;6;5;2022;18:50;1;75;2;1;1;6;48,8745770000;2,3957380000
202200053201;22;10;2022;20:50;3;37;1;1;1;1;46,9624770000;0,5485010000
202200053202;26;3;2022;10:30;1;78;2;9;1;2;48,9281650000;2,0046320000
202200053203;10;8;2022;17:13;1;01;1;3;7;3;46,1509660000;5,1942320000
202200053204;6;5;2022;14:45;1;75;2;2;1;6;48,8696770000;2,4026340000
202200053205;4;1;2022;05:00;5;75;2;2;3;3;48,8719070000;2,3009320000
202200053206;26;3;2022;18:00;1;77;2;3;1;3;48,4239060000;2,7393730000
202200053207;6;5;2022;18:00;1;75;2;1;1;6;48,8987830000;2,3751390000
202200053208;12;8;2022;08:55;1;09;1;1;1;2;42,9294050000;1,7362150000
202200053209;22;10;2022;16:00;1;83;1;1;1;1;43,4114700000;5,9089280000
202200053210;26;3;2022;05:05;3;77;1;1;1;6;48,3036400000;2,6804800000
202200053211;3;1;2022;18:40;4;75;2;3;3;6;48,8721350000;2,3129300000
202200053212;22;10;2022;17:40;1;51;2;1;1;7;48,9617960000;3,6772820000
202200053213;10;8;2022;18:45;1;33;2;1;1;6;45,1845720000; -1,0570270000
202200053214;6;5;2022;13:25;1;75;2;3;1;3;48,8768600000;2,3744030000
202200053215;4;1;2022;10:00;1;75;2;1;2;7;48,8595870000;2,3355990000
202200053216;26;3;2022;17:00;1;76;2;1;1;2;49,4023600000;1,0655100000
202200053217;23;10;2022;15:10;1;56;2;1;1;6;47,6584940000; -3,2060440000
202200053218;5;5;2022;21:30;5;75;2;4;1;3;48,8954580000;2,3831410000
202200053219;4;1;2022;21:30;5;94;2;1;2;3;48,7844620000;2,3671970000
202200053220;11;8;2022;16:00;1;44;2;2;7;3;47,3502310000; -2,1814610000
202200053221;26;3;2022;21:30;5;69;2;1;1;3;45,7167700000;4,9280700000
202200053222;23;10;2022;17:25;1;80;2;2;2;6;50,0361490000;1,5979640000
202200053223;4;1;2022;07:30;3;94;2;1;2;3;48,7728809244;2,4344560504
202200053224;4;8;2022;16:45;1;44;2;1;1;3;47,2720730000; -1,4658390000
202200053225;6;5;2022;18:30;1;75;2;3;1;3;48,8908800000;2,3532450000
202200053226;25;3;2022;16:40;1;69;2;1;1;6;45,9941400000;4,7047500000
202200053227;22;10;2022;21:30;3;71;1;9;1;7;46,8984140000;5,1576300000
202200053228;4;1;2022;15:00;1;94;2;1;8;3;48,8272600000;2,5206000000
202200053229;6;5;2022;06:20;1;75;2;2;1;3;48,8912660000;2,3632940000
202200053230;12;8;2022;10:10;1;22;2;1;1;3;48,7771210000; -3,5814300000
202200053231;22;10;2022;15:45;1;63;1;1;1;6;45,9436380000;3,4918770000
202200053232;26;3;2022;16:10;1;64;2;1;1;5;43,3401600000; -0,3759600000
202200053233;4;1;2022;14:03;1;93;2;4;8;3;48,9361497479;2,3645432515
202200053234;21;10;2022;07:45;2;55;2;1;2;6;48,8885010000;5,7207230000
202200053235;5;5;2022;21:13;5;75;2;2;1;3;48,8894830000;2,3496010000
202200053236;26;3;2022;00:40;5;62;2;1;1;6;50,5362000000;2,7709000000
202200053237;10;8;2022;20:50;1;22;2;6;1;3;48,5995440000; -2,2875600000
202200053238;22;10;2022;19:30;3;49;1;1;1;7;47,1067800000; -0,5181660000
202200053239;4;1;2022;07:50;2;93;2;2;2;6;48,8900300000;2,4527600000
202200053240;5;5;2022;11:40;1;75;2;1;1;2;48,8846350000;2,3564550000
202200053241;25;3;2022;16:10;1;60;1;1;1;6;49,4174400000;2,8233100000
202200053242;22;10;2022;19:20;3;49;1;9;1;6;47,4841102227;0,1700305939
202200053243;1;1;2022;06:54;5;93;2;1;1;2;48,9169200000;2,4454800000
202200053244;26;3;2022;17:20;1;59;2;1;1;6;50,6333700000;3,0913400000
202200053245;6;5;2022;18:25;1;75;2;2;1;3;48,8942280000;2,3206170000
202200053246;22;10;2022;17:50;1;12;1;3;1;6;44,3439650000;3,0190790000
202200053247;6;5;2022;06:20;1;75;2;1;1;6;48,8702260000;2,2744160000
202200053248;22;10;2022;04:15;3;12;1;1;8;6;44,4205590000;2,3036420000
202200053249;4;1;2022;12:50;1;93;2;7;2;6;48,9063650000;2,4387980000
202200053250;25;3;2022;10:30;1;59;1;2;1;1;50,7359028679;2,7114611864
202200053251;22;10;2022;20:10;3;46;1;1;1;6;44,5264930911;1,3156797904
202200053252;6;5;2022;10:20;1;75;2;3;1;3;48,8259400000;2,3604390000
202200053253;26;3;2022;09:40;1;54;2;1;1;3;48,6971600000;6,2551100000
202200053254;4;1;2022;09:55;1;93;2;1;2;2;48,8998190000;2,4485690000
202200053255;23;10;2022;10:20;1;47;1;1;1;6;44,5417117011;0,2991277544
202200053256;6;5;2022;15:35;1;75;2;3;1;6;48,8676280000;2,3756390000
202200053257;26;3;2022;14:59;1;47;2;1;1;2;44,2011200000;0,6120300000
202200053258;4;1;2022;12:30;1;92;2;1;8;7;48,8724324096;2,2209341079
202200053259;22;10;2022;21:15;3;34;1;1;1;2;43,5757570000;3,4635580000
202200053260;6;5;2022;12:07;1;75;2;1;1;3;48,8695950000;2,3670220000
202200053261;17;10;2022;13:30;1;25;2;1;1;6;47,5066460000;6,8589220000
202200053262;26;3;2022;17:55;1;44;2;3;1;3;47,2904200000; -2,2659000000
202200053263;6;5;2022;14:40;1;75;2;2;1;6;48,8687820000;2,3218320000
202200053264;3;1;2022;15:15;1;92;2;3;2;2;48,8783231787;2,2424675524
202200053265;23;10;2022;11:30;1;44;1;2;1;3;47,0142530000; -1,6505560000
202200053266;26;3;2022;18:50;1;37;2;2;1;3;47,3826200000;0,6833000000
202200053267;23;3;2022;20:10;5;75;2;3;1;7;48,8598290000;2,3088410000
202200053268;6;5;2022;00:05;5;75;2;4;1;6;48,8601150000;2,3216100000
202200053269;26;3;2022;14:40;1;37;2;2;1;3;47,4214473871;0,6860554218
202200053270;22;10;2022;18:30;2;44;1;1;1;1;46,9537560000; -1,7616750000
202200053271;2;1;2022;08:20;2;92;2;5;1;3;48,8867300000;2,2830900000
202200053272;26;3;2022;06:30;1;33;2;1;1;6;44,8015003964; -0,5943946965
202200053273;6;5;2022;11:15;1;75;2;2;1;1;48,8695370000;2,3367950000
202200053274;12;10;2022;00:28;3;35;2;1;1;6;48,3341119672; -1,1667468399
202200053275;22;10;2022;10:05;1;38;1;1;1;7;45,4774630000;5,9383090000
202200053276;26;3;2022;14:05;1;29;2;6;1;2;48,4012620000; -4,4497050000
202200053277;5;5;2022;08:20;1;75;2;2;1;6;48,8619900000;2,3501570000
202200053278;4;1;2022;13:25;1;92;2;5;1;6;48,9017075874;2,2189593315
202200053279;23;10;2022;06:30;3;02;1;3;1;3;49,5920420000;3,5412880000
202200053280;6;5;2022;15:03;1;94;2;9;1;6;48,8478600000;2,4445000000
202200053281;26;3;2022;11:00;1;26;1;1;1;7;44,5313400000;4,7443300000
202200053282;3;1;2022;21:20;5;92;2;6;2;5;48,8232417264;2,2496239543
202200053283;23;10;2022;17:45;1;15;2;1;1;6;45,0855570000;2,5289910000
202200053284;6;5;2022;18:00;1;94;2;1;1;7;48,8063400000;2,4795330000
202200053285;3;1;2022;18:10;5;92;2;1;3;6;48,9319020000;2,2895660000
202200053286;26;3;2022;07:10;1;26;2;2;1;3;44,5570100000;4,7279000000
202200053287;22;10;2022;15:15;1;15;1;1;1;7;45,0008290000;2,4046300000
202200053288;5;5;2022;19:10;1;94;2;1;1;3;48,7908400000;2,5066000000
202200053289;26;3;2022;13:45;1;22;2;1;7;2;48,4971900000; -2,7471100000
202200053290;4;1;2022;07:30;5;92;2;3;3;6;48,7773022943;2,2898340225
202200053291;19;10;2022;11:45;1;26;2;9;1;6;44,7073940000;4,8010150000
202200053292;6;5;2022;09:30;1;94;2;9;1;3;48,8174520000;2,4674270000
202200053293;25;3;2022;12:15;1;19;2;1;1;3;45,2475591142;1,7466866970
202200053294;3;1;2022;18:50;5;92;2;4;2;6;48,8289178795;2,2464238107
202200053295;23;10;2022;02:20;3;05;2;1;1;6;44,6844906174;6,1563549974
202200053296;26;3;2022;02:50;5;13;2;1;1;7;43,4310000000;5,2584600000
202200053297;4;1;2022;12:10;1;92;2;2;2;3;48,7625369927;2,3035676032
202200053298;23;10;2022;05:45;3;64;1;1;1;6;43,3679410000; -1,4643680000
202200053299;26;3;2022;19:14;2;13;2;1;1;3;43,2589000000;5,3757900000
202200053300;3;1;2022;13:35;1;92;2;1;1;3;48,7867205102;2,3120172322
202200053301;23;10;2022;13:20;1;18;1;1;1;7;47,1555500000;2,1531700000
202200053302;26;3;2022;06:50;2;13;2;1;1;1;43,3332443872;5,4382803054
202200053303;5;5;2022;19:27;1;94;2;3;1;3;48,7857500000;2,3705500000
202200053304;4;1;2022;16:10;1;06;1;4;8;1;43,7543690000;7,2783300000
202200053305;25;3;2022;16:40;1;13;2;1;1;1;43,2494000000;5,3965200000
202200053306;4;5;2022;15:40;1;94;2;1;1;2;48,7526900000;2,3495700000
202200053307;25;3;2022;19:35;3;13;1;1;1;7;43,4707100000;4,9477700000
202200053308;22;10;2022;16:45;1;53;1;1;1;7;48,3453690000; -0,5364420000
202200053309;5;1;2022;07:40;2;31;2;1;1;6;43,5856600000;1,5306400000
202200053310;6;5;2022;10:10;1;94;2;3;1;6;48,8169400000;2,5105000000
202200053311;26;3;2022;12:25;1;11;2;1;1;6;43,2106497966;2,3536437750
202200053312;4;1;2022;14:45;1;10;1;3;1;3;48,2216325939;4,1139284301
202200053313;6;5;2022;20:15;1;93;2;2;1;3;48,9534000000;2,5627000000
202200053314;26;3;2022;14:10;1;07;1;1;1;7;44,9357500000;4,8254000000
202200053315;5;5;2022;21:15;1;93;2;1;1;6;48,9091501852;2,3578628985
202200053316;25;3;2022;17:45;1;06;1;1;1;2;43,6387980000;6,9339220000
202200053317;6;5;2022;20:50;2;93;2;2;1;3;48,8966800000;2,5301800000
202200053318;4;1;2022;19:50;3;30;1;1;1;3;44,0716150000;4,5814490000
202200053319;25;3;2022;16:55;1;75;2;1;1;5;48,8275810000;2,3921450000
202200053320;5;1;2022;15:20;1;34;2;9;1;6;43,5508290000;3,7840720000
202200053321;6;5;2022;09:04;1;93;2;3;1;3;48,8798741858;2,4966276437
202200053322;5;1;2022;06:00;3;51;1;1;1;2;48,7270110000;3,6905690000
202200053323;23;3;2022;17:30;1;75;2;1;1;4;48,8870350000;2,2902900000
202200053324;6;5;2022;21:20;5;93;2;3;1;6;48,8694600000;2,4261900000