Accident_Id;jour;mois;an;hrmn;lum;dep;agg;int;atm;col;lat;long
202200053325;5;1;2022;08:30;1;95;1;1;1;6;49,0055280000;2,5052480000
202200053326;26;3;2022;12:15;1;75;2;3;1;7;48,8468520000;2,3609690000
202200053327;5;5;2022;18:35;1;93;2;9;1;3;48,8974451099;2,5752941519
202200053328;5;1;2022;07:50;2;74;2;1;1;3;46,0179130000;5,9366730000
202200053329;25;3;2022;13:29;1;75;2;2;1;2;48,8524560000;2,3319300000
202200053330;6;5;2022;21:15;5;93;2;3;1;1;48,9117000000;2,4680600000
202200053331;5;1;2022;17:30;2;81;2;7;1;6;43,6627606145;2,3484715819
202200053332;26;3;2022;15:50;1;75;2;3;1;7;48,8764220000;2,3768450000
202200053333;4;1;2022;21:40;3;54;1;1;2;6;48,9741327200;6,0493040086
202200053334;6;5;2022;17:10;1;92;2;1;1;6;48,8001880277;2,2826706469
202200053335;25;3;2022;14:40;1;75;2;1;1;2;48,8835330000;2,3892850000
202200053336;4;1;2022;18:55;3;72;2;1;2;1;48,2384790000;0,2239680000
202200053337;6;5;2022;11:48;1;92;2;3;1;7;48,8901250000;2,2812600000
202200053338;25;3;2022;22:00;5;75;2;2;1;6;48,8977410000;2,3293300000
202200053339;25;3;2022;12:24;1;75;2;2;1;6;48,8977230000;2,3375130000
202200053340;6;5;2022;12:20;1;92;2;2;1;3;48,8282439422;2,2815356702
202200053341;4;1;2022;08:50;2;14;2;2;1;5;49,0818390000; -0,0553930000
202200053342;24;3;2022;19:45;5;75;2;5;1;3;48,8887960000;2,3466070000
202200053343;5;1;2022;08:30;1;50;1;1;1;3;49,5592390000; -1,4613650000
202200053344;6;5;2022;11:00;1;92;2;1;1;3;48,8277100214;2,2752873301
202200053345;26;3;2022;20:00;5;75;2;7;1;6;48,8818870000;2,3112790000
202200053346;25;3;2022;16:00;1;75;2;7;1;2;48,8586040000;2,2848460000
202200053347;4;1;2022;18:30;5;40;2;3;2;3;43,7046730000; -0,2616490000
202200053348;25;3;2022;16:00;1;75;2;1;1;6;48,8467600000;2,2903000000
202200053349;5;1;2022;06:55;3;28;1;1;1;1;48,5612080000;1,2732340000
202200053350;24;3;2022;08:00;1;75;2;2;1;3;48,8212000000;2,3343150000
202200053351;5;1;2022;18:25;5;30;2;1;1;3;43,7241180000;4,1696760000
202200053352;4;1;2022;22:00;3;77;1;1;8;2;48,4031100000;2,9712010000
202200053353;26;3;2022;11:30;1;75;2;2;1;6;48,8277780000;2,3645560000
202200053354;4;1;2022;18:33;5;69;2;1;1;6;45,7532816132;4,7743607926
202200053355;25;3;2022;10:44;1;75;2;2;1;6;48,8270210000;2,3665010000
202200053356;4;1;2022;14:05;1;69;2;3;1;3;45,7642990000;4,7693590000
202200053357;26;3;2022;15:20;1;75;2;2;1;3;48,8467740000;2,3817190000
202200053358;4;1;2022;18:50;3;95;1;1;2;1;49,0836750000;2,1759510000
202200053359;5;1;2022;07:30;1;83;2;1;1;3;43,2563150000;6,5281880000
202200053360;26;3;2022;14:30;1;75;2;2;1;3;48,8808050000;2,3511680000
202200053361;5;1;2022;11:19;1;13;1;1;1;1;43,6438010000;5,5506060000
202200053362;25;3;2022;15:00;1;75;2;3;1;6;48,8667070000;2,3138970000
202200053363;4;1;2022;18:50;5;89;2;1;1;2;47,8709380000;3,5344660000
202200053364;26;3;2022;17:35;1;75;2;5;1;7;48,8675200000;2,3336790000
202200053365;1;1;2022;22:30;3;67;1;6;5;6;48,5297360000;7,3808281000
202200053366;26;3;2022;15:55;1;75;2;3;1;7;48,8614810000;2,3391210000
202200053367;5;1;2022;18:30;5;85;2;2;1;3;46,9622280000; -1,0024540000
202200053368;25;3;2022;17:30;1;75;2;4;1;6;48,8601900000;2,3464340000
202200053369;3;1;2022;12:15;1;13;1;1;1;3;43,2820000000;5,3990000000
202200053370;25;3;2022;10:20;1;75;2;2;1;3;48,8679320000;2,3549780000
202200053371;4;1;2022;09:00;1;92;1;1;2;2;48,7606003263;2,2855849717
202200053372;3;1;2022;22:57;3;94;1;1;2;7;48,7574100000;2,3348200000
202200053373;4;1;2022;01:30;3;92;1;1;3;6;48,7990400000;2,2161900000
202200053374;18;3;2022;21:08;5;75;2;2;1;7;48,8706724079;2,3478917778
202200053375;3;1;2022;00:15;3;78;1;1;1;2;48,7849528268;2,2229145169
202200053376;4;1;2022;09:45;1;93;1;1;2;7;48,9217100000;2,3571500000
202200053377;4;1;2022;08:35;2;92;1;1;3;3;48,9446848956;2,2853856324
202200053378;4;1;2022;06:20;3;93;1;1;2;2;48,9255222309;2,3965842204
202200053379;3;1;2022;23:00;3;93;1;1;2;7;48,9043700000;2,4726000000
202200053380;3;1;2022;18:30;5;95;1;1;3;4;49,0181900000;2,2135800000
202200053381;3;1;2022;23:25;3;94;1;1;2;6;48,7572046351;2,4751231775
202200053382;3;1;2022;13:45;1;75;2;4;1;4;48,9002219582;2,3763138056
202200053383;1;1;2022;07:06;5;75;2;2;1;6;48,8406520000;2,3149910000
202200053384;3;1;2022;17:46;5;75;2;7;3;6;48,8257110000;2,3820380000
202200053385;3;1;2022;19:15;5;75;2;4;3;1;48,8487950000;2,3680060000
202200053386;3;1;2022;18:40;5;75;2;1;3;6;48,8656860000;2,3668950000
202200053387;3;1;2022;18:15;5;75;2;3;3;6;48,8506400000;2,3788150000
202200053388;3;1;2022;07:35;5;75;2;2;1;3;48,8675200000;2,3336640000
202200053389;3;1;2022;19:55;5;94;2;2;2;1;48,7934500000;2,3974000000
202200053390;3;1;2022;08:45;1;94;2;1;8;6;48,7941030000;2,4002480000
202200053391;3;1;2022;19:40;2;94;2;2;2;3;48,8065500000;2,4433000000
202200053392;3;1;2022;18:55;5;94;2;1;2;6;48,8092200000;2,4345200000
202200053393;3;1;2022;19:20;5;93;2;2;2;6;48,9488511211;2,5657506287
202200053394;2;1;2022;13:00;1;93;2;1;1;6;48,9450100000;2,5772100000
202200053395;3;1;2022;21:45;5;93;2;1;3;6;48,9324190576;2,5594383591
202200053396;3;1;2022;20:45;5;93;2;1;2;6;48,8824000000;2,5243600000
202200053397;3;1;2022;19:40;5;93;2;1;2;6;48,8607300000;2,4435400000
202200053398;3;1;2022;13:45;1;93;2;1;1;7;48,8585869608;2,4299392104
202200053399;3;1;2022;19:30;5;93;2;1;2;3;48,9148897124;2,4173462391
202200053400;3;1;2022;13:10;1;92;2;1;1;3;48,8722900834;2,2210031748
202200053401;3;1;2022;11:40;1;92;2;1;1;6;48,8837987213;2,2749008238
202200053402;3;1;2022;12:12;1;92;2;3;1;3;48,8965132977;2,2523342594
202200053403;4;1;2022;13:15;1;62;1;2;2;3;50,6434800000;1,9740780000
202200053404;4;1;2022;15:00;1;67;2;1;3;6;48,8500080000;7,6349990000
202200053405;3;1;2022;23:15;4;84;2;1;1;1;44,1926010000;5,1211680000
202200053406;3;1;2022;20:10;3;10;1;1;2;6;48,2611029795;3,7406945229
202200053407;3;1;2022;13:30;1;972;2;3;1;1;14,7071190000; -61,1833230000
202200053408;2;1;2022;23:45;3;26;1;1;1;2;44,3843150000;4,7312240000
202200053409;29;5;2022;13:15;1;33;1;1;1;6;44,6977810000; -0,1413740000
202200053410;3;6;2022;11:30;1;33;1;3;1;6;44,3897341792; -0,1885389369
202200053411;6;6;2022;20:00;1;11;1;1;8;6;43,1895052125;2,6453881965
202200053412;5;6;2022;00:05;3;11;1;1;1;6;43,0459936423;2,6704935534
202200053413;7;6;2022;09:00;1;89;2;3;1;3;47,5217270000;3,5399840000
202200053414;6;6;2022;05:53;2;47;1;3;1;6;44,2694960000;0,6843710000
202200053415;16;4;2022;11:10;1;44;1;4;1;3;47,0496970000; -1,4823980000
202200053416;6;6;2022;19:20;1;29;1;1;2;6;48,4815130000; -4,5221610000
202200053417;4;6;2022;19:10;1;31;1;1;1;6;43,2223700000;1,0016230000
202200053418;7;6;2022;09:33;1;38;1;1;1;3;45,2217250000;5,8226680000
202200053419;17;1;2022;09:30;1;03;2;7;8;6;46,5337420000;3,1914690000
202200053420;6;6;2022;17:20;1;26;1;1;1;6;44,3890490000;5,3865570000
202200053421;26;11;2022;07:45;1;974;2;2;1;3; -20,9463490000;55,2971300000
202200053422;6;6;2022;18:45;1;54;2;1;1;6;48,6884610000;5,9553340000
202200053423;12;8;2022;17:20;1;76;1;1;1;6;49,4305705020;0,6784057617
202200053424;26;11;2022;14:50;1;69;2;2;1;3;45,7350500000;4,8822100000
202200053425;7;6;2022;14:15;1;50;1;1;1;1;49,5569550000; -1,7477700000
202200053426;10;8;2022;21:30;2;60;1;1;1;7;49,2322280000;1,8803790000
202200053427;26;11;2022;14:00;1;972;2;1;1;6;14,6370300000; -61,0557800000
202200053428;7;6;2022;13:17;1;60;2;1;1;2;49,2708941524;2,3661203382
202200053429;26;11;2022;19:20;5;69;2;3;1;6;45,7809900000;4,8080800000
202200053430;5;6;2022;18:00;1;64;2;1;1;7;43,5288750000; -0,9196440000
202200053431;12;8;2022;19:45;1;80;1;2;1;3;49,6843210000;2,7891360000
202200053432;26;11;2022;06:00;5;69;2;2;2;3;45,7736300000;4,7952200000
202200053433;7;6;2022;11:30;1;64;1;3;1;6;43,3098470000; -0,7666400000
202200053434;6;6;2022;18:30;1;10;1;1;1;6;48,0881945567;4,3012654781
202200053435;25;11;2022;18:35;4;971;2;3;1;6;16,2181686750; -61,5123814344
202200053436;11;8;2022;18:00;1;13;1;1;1;2;43,4112500000;5,3670700000
202200053437;9;7;2022;16:44;1;02;1;1;1;5;49,1017710000;3,4523840000
202200053438;7;6;2022;11:00;1;40;2;3;1;1;44,0260680000; -0,9215090000
202200053439;10;8;2022;19:05;1;13;1;1;1;2;43,2948167611;5,5577480793
202200053440;26;11;2022;13:20;1;91;2;1;1;3;48,5876900000;2,3006800000
202200053441;4;6;2022;00:46;3;40;1;1;1;6;43,6087060000; -1,1687560000
202200053442;10;7;2022;16:09;1;51;1;1;1;7;49,0743930000;4,7973990000
202200053443;10;8;2022;18:15;1;13;1;1;1;2;43,4125464523;5,2818283438
202200053444;26;11;2022;15:35;1;91;2;9;1;6;48,7185600000;2,4446200000
202200053445;10;7;2022;22:05;3;63;1;1;1;6;45,6867560000;3,1466120000
202200053446;6;6;2022;16:45;1;80;1;1;1;2;49,8162850000;1,9149690000
202200053447;5;6;2022;21:34;2;38;1;3;1;6;45,6175480000;5,1497610000
202200053448;25;11;2022;15:55;1;79;2;1;1;7;46,3278100000; -0,4476000000
202200053449;7;6;2022;16:10;1;72;1;1;1;7;48,0543732881;0,3615760801
202200053450;11;8;2022;07:38;1;91;1;1;1;2;48,6258800000;2,3393400000
202200053451;9;7;2022;17:30;1;31;2;1;1;5;43,5100480000;1,5546140000
202200053452;27;11;2022;02:00;5;78;2;6;1;2;48,9597620000;1,8411780000
202200053453;6;6;2022;18:50;2;13;1;1;1;2;43,4814180000;5,5557350000
202200053454;25;11;2022;16:20;1;77;1;1;1;3;48,2822600000;2,7357000000
202200053455;11;8;2022;04:10;5;78;1;1;1;2;48,9058280000;2,0606460000
202200053456;8;7;2022;11:00;1;34;1;1;1;2;43,5699310000;3,8540150000
202200053457;6;6;2022;17:45;1;51;1;1;1;7;49,0479390000;4,6641250000
202200053458;5;6;2022;18:20;3;986;1;1;1;7; -13,3404240000; -176,1972280000
202200053459;11;8;2022;16:00;1;93;1;1;1;5;48,8825600000;2,4560600000
202200053460;5;6;2022;23:00;3;971;1;1;1;5;16,2891240000; -61,2888190000
202200053461;11;11;2022;16:35;2;73;2;6;1;6;45,6652500000;6,3890200000
202200053462;7;7;2022;08:45;1;22;1;1;1;4;48,4808224899; -2,6777740034
202200053463;10;8;2022;17:00;1;75;1;1;1;3;48,8187093953;2,4568229914
202200053464;26;11;2022;19:25;5;72;2;1;1;3;48,0240600000;0,1821300000
202200053465;7;7;2022;13:15;1;11;1;1;1;6;43,1706000000;2,7905380000
202200053466;6;6;2022;05:15;3;971;1;4;1;7;16,1582867537; -61,5859892964
202200053467;1;6;2022;08:30;1;33;1;1;8;6;44,8077190000; -0,4706980000
202200053468;10;3;2022;16:30;1;73;2;1;1;7;45,5567620000;5,9848610000
202200053469;26;11;2022;01:50;5;72;2;7;1;3;47,9948000000;0,2029800000
202200053470;6;6;2022;16:15;1;41;1;1;8;7;47,6693180000;1,6286370000
202200053471;6;7;2022;13:20;1;971;2;1;1;3;16,2428590000; -61,5605490000
202200053472;27;2;2022;08:15;1;73;1;1;1;6;45,5633160000;5,7750670000
202200053473;13;2;2022;16:10;1;75;2;3;1;2;48,8951377775;2,3827323318
202200053474;2;5;2022;11:40;1;45;2;3;1;3;47,8452637942;2,7433059812
202200053475;25;11;2022;18:35;5;64;1;1;1;5;43,2947414060; -0,3219719231
202200053476;7;7;2022;15:37;1;17;1;1;1;1;45,6072680000; -0,9266070000
202200053477;4;6;2022;20:00;1;78;2;3;2;2;48,9285900000;1,8475590000
202200053478;10;8;2022;21:51;5;83;2;1;1;6;43,1292240000;5,9153630000
202200053479;13;2;2022;22:00;5;75;2;2;1;1;48,8900270000;2,3850950000
202200053480;7;6;2022;09:10;1;84;1;1;1;3;43,8835270000;4,9672530000
202200053481;1;8;2022;09:25;1;38;2;9;1;6;45,5891800000;5,2743300000
202200053482;19;9;2022;20:25;5;31;2;1;1;6;43,5854400000;1,4034200000
202200053483;25;11;2022;18:00;5;62;2;1;1;5;50,9470630000;1,8477800000
202200053484;8;7;2022;05:10;3;84;1;1;6;5;44,0100000000;4,8770150000
202200053485;10;2;2022;05:40;5;75;2;3;1;3;48,8820310000;2,3010950000
202200053486;19;9;2022;12:00;1;31;1;9;1;6;43,6107100000;1,4847900000
202200053487;7;6;2022;13:36;1;83;1;1;1;1;43,4464073665;6,0896015167
202200053488;8;6;2022;05:00;5;33;2;1;3;1;44,7150500000; -1,0608900000
202200053489;14;2;2022;09:30;1;75;2;4;8;6;48,8401180000;2,3218230000
202200053490;6;6;2022;18:00;1;06;2;1;1;7;43,8631180000;7,0913770000
202200053491;8;5;2022;12:25;1;42;2;1;1;1;45,3885868962;4,3021098375
202200053492;16;11;2022;20:00;5;62;2;4;3;6;50,5148510000;2,6387060000
202200053493;19;9;2022;09:15;1;31;2;6;7;3;43,6110658069;1,3365152478
202200053494;10;7;2022;07:00;1;987;2;1;1;2; -17,5067260000; -149,4874690000
202200053495;25;11;2022;15:03;1;56;2;1;1;6;47,6606500000; -2,7575500000
202200053496;4;6;2022;23:00;4;13;2;1;1;3;43,2755490000;5,7132020000
202200053497;14;2;2022;09:15;1;75;2;4;1;3;48,8436370000;2,4471880000
202200053498;26;11;2022;19:30;5;49;2;1;1;7;47,4460500000; -0,5370000000
202200053499;10;7;2022;02:05;3;28;1;1;1;7;48,4366540000;1,9060850000
202200053500;6;6;2022;16:50;1;67;2;1;1;7;48,6432160000;7,4473340000
202200053501;19;9;2022;15:46;1;29;2;2;1;1;47,9874283900; -4,0985375940
202200053502;24;3;2022;08:35;1;67;1;1;1;4;48,5221500000;7,6244000000
202200053503;13;2;2022;12:55;1;75;2;1;1;2;48,8420090000;2,3719480000
202200053504;7;6;2022;17:10;1;74;2;1;1;6;46,1805580000;6,2869530000
202200053505;26;11;2022;02:10;5;44;2;1;1;2;47,2135500000; -1,5749500000
202200053506;25;10;2022;05:45;3;85;1;3;1;6;46,7622120000; -0,9583850000
202200053507;9;7;2022;19:45;1;28;1;1;1;7;48,3561943711;1,8759226797
202200053508;16;9;2022;16:40;1;29;2;3;1;3;47,9965071054; -4,1086725891
202200053509;26;11;2022;22:30;5;34;2;1;1;7;43,2994500000;3,4925600000
202200053510;23;10;2022;14:20;1;17;1;1;1;7;45,2404520000; -0,2732150000
202200053511;14;2;2022;09:30;1;75;2;4;1;2;48,8713760000;2,3025900000
202200053512;6;7;2022;12:30;1;28;1;1;1;6;48,4039220000;1,8942400000
202200053513;6;6;2022;08:30;1;73;1;6;1;3;45,6426195412;5,8638104797
202200053514;13;2;2022;22:25;5;94;2;1;2;6;48,7528200000;2,4991900000
202200053515;31;1;2022;09:45;1;67;2;1;1;4;48,5897300000;7,7317200000
202200053516;23;10;2022;16:20;1;52;2;4;3;7;48,5426410000;5,0867660000
202200053517;19;9;2022;08:25;1;26;2;6;1;3;44,9044700000;4,9237000000
202200053518;7;7;2022;16:15;1;34;2;3;1;3;43,5846960000;3,7784390000
202200053519;13;2;2022;20:00;5;94;2;1;1;3;48,8074500000;2,3749500000
202200053520;25;11;2022;16:55;1;33;2;2;2;5;44,8558500000; -0,6710200000
202200053521;6;6;2022;17:15;1;38;1;1;1;3;45,1182660000;5,5689950000
202200053522;10;8;2022;15:50;1;974;2;9;1;3; -21,3300000000;55,4700000000
202200053523;23;10;2022;10:15;1;44;1;1;1;3;47,4176340000; -0,9753960000
202200053524;1;7;2022;08:05;1;34;2;3;1;3;43,6190440000;3,8051160000
202200053525;14;2;2022;19:10;5;94;2;4;2;6;48,7782900000;2,3420200000
202200053526;7;6;2022;10:50;1;26;1;1;1;2;44,8554510000;5,0375850000
202200053527;10;8;2022;08:00;1;974;2;1;1;3; -20,9355900000;55,3163300000
202200053528;25;11;2022;16:35;1;33;2;6;1;3;44,8778700000; -0,5104500000
202200053529;14;2;2022;15:40;1;93;2;1;2;6;48,9052200000;2,3444500000
202200053530;8;7;2022;10:10;1;11;1;1;6;6;42,9290460000;3,0170320000
202200053531;19;9;2022;19:35;1;25;2;4;1;2;47,4861400000;6,8139500000
202200053532;23;10;2022;07:30;2;13;1;1;1;1;43,6197430000;5,1367150000
202200053533;10;8;2022;18:20;1;973;2;1;1;3;4,9388421668; -52,3304383457
202200053534;7;6;2022;00:00;5;69;2;3;2;1;45,7947960000;4,7927960000
202200053535;14;2;2022;19:45;5;93;2;1;2;6;48,8950100000;2,4013500000
202200053536;21;10;2022;19:50;5;987;1;1;2;1; -17,6250450000; -149,3029120000
202200053537;26;11;2022;04:15;3;33;2;1;1;3;44,6134349698; -1,1483126879
202200053538;27;6;2022;04:40;3;987;1;1;2;5; -17,5269790000; -149,3877550000
202200053539;19;9;2022;13:10;1;25;2;3;1;1;47,2193100000;5,9698400000
202200053540;6;6;2022;12:15;1;81;1;1;1;6;43,4839045931;1,9865459204
202200053541;21;10;2022;19:30;3;988;1;1;1;6; -20,8678600000;165,2449400000
202200053542;14;2;2022;14:30;1;93;2;2;1;6;48,8734700000;2,4605400000
202200053543;10;8;2022;16:52;1;973;1;1;1;5;4,9048400000; -52,3189000000
202200053544;26;11;2022;02:25;5;33;2;1;1;1;44,6265300000; -1,2022500000
202200053545;6;6;2022;09:30;1;69;2;1;1;6;45,7473423726;4,7379065909
202200053546;19;9;2022;21:35;3;14;2;1;1;3;49,1895400000; -0,3452800000
202200053547;9;7;2022;19:30;3;976;1;9;1;2; -12,7930220000;45,2714130000
202200053548;10;8;2022;22:50;5;69;2;1;1;7;45,7565300000;4,8392000000
202200053549;22;10;2022;15:30;1;37;2;2;7;3;47,3986941594;0,9695380926
202200053550;14;2;2022;15:52;1;93;2;1;2;3;48,9581100000;2,3019900000
202200053551;26;11;2022;03:45;5;31;2;1;8;6;43,6559900000;1,4320600000
202200053552;22;6;2022;12:35;1;974;1;1;1;1; -21,0459140000;55,2314900000
202200053553;7;6;2022;17:20;1;81;1;2;1;3;43,8659240000;2,0359040000
202200053554;19;9;2022;21:20;5;13;2;3;1;3;43,3849800000;5,3586900000
202200053555;10;8;2022;12:25;1;971;2;9;2;5;16,2473259977; -61,5385866165
202200053556;26;11;2022;04:23;3;29;1;1;2;7;48,0030200000; -4,1385700000
202200053557;7;7;2022;01:30;3;974;1;1;1;2; -20,9845010000;55,6562340000
202200053558;23;10;2022;10:30;1;78;1;3;7;3;48,8506680000;1,8949270000
202200053559;14;2;2022;09:15;1;93;2;3;9;3;48,9196324241;2,5062932701
202200053560;5;6;2022;08:50;1;09;2;1;1;6;43,2352180000;1,5753740000
202200053561;10;8;2022;03:20;3;91;1;1;1;7;48,6669800000;2,5104100000
202200053562;19;9;2022;14:00;1;13;2;3;1;1;43,3382451832;5,3667577383
202200053563;22;10;2022;15:07;1;84;1;1;1;7;43,8958790000;5,5478850000
202200053564;9;7;2022;17:50;1;971;1;1;1;5;16,2538600000; -61,2244570000
202200053565;6;6;2022;14:40;1;09;1;1;1;7;43,0065990000;1,4743860000
202200053566;25;11;2022;15:15;1;29;1;1;2;4;47,8927400000; -3,9149500000
202200053567;19;9;2022;15:20;1;13;2;1;1;6;43,2754800000;5,3901400000
202200053568;10;8;2022;20:00;1;91;2;2;1;6;48,6760900000;2,3852800000
202200053569;14;2;2022;00:30;5;93;2;9;2;1;48,9397200000;2,5075900000
202200053570;9;7;2022;08:45;1;971;2;1;2;6;16,0064289865; -61,7009139061
202200053571;22;10;2022;14:15;1;71;2;6;1;1;46,3560400000;4,7952530000
202200053572;18;9;2022;09:30;1;13;2;1;1;3;43,2923000000;5,4014000000
202200053573;22;7;2022;11:15;1;89;2;1;1;6;48,1968600000;3,2655200000
202200053574;25;11;2022;19:40;5;28;2;1;8;3;48,7285100000;1,3666700000
202200053575;13;2;2022;10:40;1;92;2;1;1;3;48,8244218796;2,3010274172
202200053576;7;7;2022;20:30;1;77;1;1;1;7;49,0094030000;2,7583840000
202200053577;30;3;2022;17:55;1;93;2;1;8;4;48,8798100000;2,4688500000
202200053578;23;10;2022;19:30;2;03;2;1;1;6;46,3125460000;3,4157990000
202200053579;8;8;2022;00:00;5;87;2;3;1;3;45,8246900000;1,2345700000
202200053580;12;2;2022;12:42;1;92;2;1;1;2;48,8862600000;2,1981400000
202200053581;18;9;2022;11:00;1;11;2;1;1;4;43,2164200000;2,3510300000
202200053582;5;6;2022;22:10;4;987;2;1;1;6; -17,5444460000; -149,5786590000
202200053583;23;10;2022;12:50;1;38;2;1;1;6;45,4336130000;5,7504250000
202200053584;4;7;2022;15:00;1;77;2;3;1;3;49,0300320000;3,0253870000
202200053585;6;8;2022;16:53;1;87;2;1;1;7;45,8500800000;1,2403100000
202200053586;4;6;2022;18:25;5;987;2;1;1;6; -17,5300390000; -149,5517140000
202200053587;26;11;2022;01:57;3;26;1;1;1;1;44,5367000000;4,7624500000
202200053588;14;2;2022;14:10;1;92;2;1;1;2;48,9010100000;2,3054100000
202200053589;9;9;2022;13:11;1;04;2;1;1;6;44,0900200000;6,2282400000
202200053590;22;10;2022;13:10;1;69;1;1;1;2;46,0980620000;4,7309660000
202200053591;26;11;2022;20:55;5;25;2;4;1;6;47,2379000000;6,0367600000
202200053592;6;6;2022;18:00;5;974;2;3;2;3; -20,9399300000;55,6470800000
202200053593;22;10;2022;20:45;3;33;2;1;1;6;45,1701890000; -0,5967950000
202200053594;16;9;2022;21:15;5;03;2;1;1;6;46,1344700000;3,4442800000
202200053595;14;2;2022;12:10;1;92;2;2;1;3;48,8013000000;2,3150600000
202200053596;6;8;2022;15:19;1;87;2;2;1;3;45,8597000000;1,2697500000
202200053597;8;7;2022;20:25;1;77;2;4;1;3;48,8882970000;2,8301760000
202200053598;25;11;2022;16:35;1;22;2;5;1;1;48,4947400000; -2,7963700000
202200053599;15;2;2022;12:38;1;33;1;1;2;6;44,6380750000; -0,3387360000
202200053600;22;10;2022;16:04;1;35;2;3;1;3;47,8539580000; -1,6894320000
202200053601;10;8;2022;16:40;1;86;1;1;1;3;46,6199560000;0,2769380000
202200053602;19;9;2022;18:30;1;75;2;1;1;6;48,8988100000;2,3757480000
202200053603;10;7;2022;16:15;1;77;1;1;1;2;48,8399990000;2,9644420000
202200053604;22;10;2022;17:45;1;27;1;1;1;2;48,9581760000;1,4448510000
202200053605;3;6;2022;20:30;5;973;2;1;1;5;4,9301706575; -52,3144108057
202200053606;14;2;2022;09:20;1;38;1;1;8;1;45,3917640000;5,5160330000
202200053607;5;8;2022;17:30;1;86;1;1;1;3;46,5678760000;0,3080860000
202200053608;4;7;2022;09:00;1;77;1;1;1;3;48,8540280000;2,8501370000
202200053609;19;9;2022;18:25;1;75;2;2;1;2;48,8772060000;2,4066800000
202200053610;26;11;2022;20:40;5;14;2;3;1;3;49,1604120000; -0,3407750000
202200053611;24;3;2022;21:53;5;75;2;5;1;6;48,8648380000;2,3449710000
202200053612;22;10;2022;18:00;2;27;1;2;1;3;48,9827870000;1,2654740000
202200053613;5;6;2022;23:00;5;973;2;2;1;3;4,9305113738; -52,3222965002
202200053614;19;9;2022;09:05;1;75;2;1;1;6;48,8996900000;2,3891260000
202200053615;23;10;2022;03:30;3;76;1;1;2;6;49,4929430000;0,4019880000
202200053616;15;2;2022;17:00;1;95;1;1;1;1;49,1299388388;2,3846340179
202200053617;8;7;2022;18:00;1;86;2;6;1;6;46,7965680000;0,5276230000
202200053618;8;7;2022;07:40;2;78;1;4;1;2;48,8471240000;1,8986710000
202200053619;5;5;2022;22:07;5;92;2;1;1;6;48,8323850000;2,2631500000
202200053620;25;11;2022;14:30;1;13;2;9;1;3;43,4211170000;5,2077560000
202200053621;24;3;2022;09:10;1;75;2;2;1;3;48,8562870000;2,3566090000
202200053622;6;6;2022;20:53;2;69;1;1;3;7;45,6790100000;4,8466900000
202200053623;10;7;2022;06:10;2;78;1;1;1;7;49,0604260000;1,6774640000
202200053624;18;9;2022;19:10;1;75;2;3;1;6;48,8857960000;2,3877560000
202200053625;22;10;2022;11:15;1;59;2;3;1;3;50,5050864955;3,1097155809
202200053626;11;2;2022;18:10;2;79;1;2;1;3;46,1898580000; -0,2426430000
202200053627;6;5;2022;18:20;1;92;2;1;1;3;48,9120700000;2,2541300000
202200053628;6;6;2022;12:15;1;69;2;1;1;6;45,7353900000;4,8396100000
202200053629;25;3;2022;09:01;1;94;2;1;1;1;48,7530100000;2,4306100000
202200053630;22;10;2022;13:10;1;13;1;1;8;7;43,3912500000;5,2645800000
202200053631;9;7;2022;14:55;1;2B;1;1;1;2;42,3833380000;9,5303390000
202200053632;26;11;2022;19:34;5;13;2;1;1;4;43,3229371900;5,4185862590
202200053633;19;9;2022;14:55;1;75;2;2;1;3;48,8980170000;2,3442490000
202200053634;10;8;2022;11:30;1;85;2;2;1;6;46,6698000000; -1,4274700000
202200053635;6;5;2022;13:37;1;92;2;6;1;2;48,9026480000;2,2745860000
202200053636;12;2;2022;16:40;1;80;2;3;1;3;50,1434110000;2,3723170000
202200053637;6;6;2022;11:00;1;972;2;1;1;2;14,6164300000; -61,0153000000
202200053638;19;9;2022;07:18;1;75;2;1;1;2;48,8881720000;2,3598790000
202200053639;7;7;2022;01:45;5;2B;1;1;1;1;42,3819910000;9,5147400000
202200053640;26;11;2022;19:15;5;13;2;3;1;1;43,2685764251;5,3887086437
202200053641;25;3;2022;00:05;5;94;2;1;1;2;48,7621600000;2,4486100000
202200053642;15;2;2022;12:15;1;82;1;1;1;6;44,2360140000;1,0938810000
202200053643;5;5;2022;22:10;4;92;2;2;1;3;48,9229454194;2,2498382628
202200053644;21;10;2022;22:40;3;38;1;1;2;5;45,4923300000;4,8336900000
202200053645;8;2;2022;12:40;1;84;1;9;1;3;43,9266339491;4,8095655441
202200053646;10;7;2022;02:05;3;2A;2;1;1;6;41,4011980000;9,1674150000
202200053647;26;3;2022;15:30;1;94;2;1;7;6;48,8331000000;2,4760800000
202200053648;26;11;2022;18:28;5;13;2;1;1;6;43,3271500000;5,4237800000
202200053649;6;6;2022;00:10;5;972;1;1;1;6;14,6182500000; -61,0285100000
202200053650;19;9;2022;08:45;1;75;2;5;1;6;48,8813970000;2,3164100000
202200053651;6;5;2022;11:04;1;92;2;1;1;3;48,9184200000;2,2526790000
202200053652;14;2;2022;19:15;3;89;1;1;2;6;47,8176720000;3,2442030000
202200053653;10;8;2022;14:35;1;83;2;1;1;2;43,1154400000;5,9353300000