Accident_Id;jour;mois;an;hrmn;lum;dep;agg;int;atm;col;lat;long
202200053654;22;10;2022;15:30;1;91;1;1;1;2;48,7284610000;2,3139690000
202200053655;6;7;2022;19:00;1;30;2;1;1;6;44,0708890000;4,0505860000
202200053656;6;6;2022;19:35;1;69;2;1;1;6;45,7880000000;4,8280200000
202200053657;25;3;2022;16:30;1;94;2;1;1;3;48,7885300000;2,3712100000
202200053658;19;9;2022;16:30;1;75;2;2;1;3;48,8637630000;2,2906430000
202200053659;26;11;2022;04:00;5;13;2;2;1;5;43,2737552279;5,3851268356
202200053660;3;5;2022;22:20;5;92;2;2;1;3;48,9342912635;2,2558851689
202200053661;7;7;2022;10:00;1;34;2;6;1;6;43,2843090000;2,7318670000
202200053662;11;2;2022;16:15;1;22;1;6;1;7;48,6254185596; -3,1860293448
202200053663;6;6;2022;16:50;1;91;1;1;1;1;48,7518000000;2,2070000000
202200053664;25;3;2022;02:10;5;94;2;7;1;3;48,8110300000;2,3638200000
202200053665;22;10;2022;12:20;1;91;1;1;1;4;48,7283670000;2,3138710000
202200053666;6;5;2022;18:46;1;92;2;1;1;2;48,8023992259;2,3189453781
202200053667;19;9;2022;20:55;5;75;2;3;1;3;48,8392760000;2,3004330000
202200053668;15;2;2022;08:25;1;38;1;1;2;6;45,4001560000;5,1284480000
202200053669;10;8;2022;21:30;5;83;2;1;1;4;43,1089500000;5,8753800000
202200053670;8;7;2022;12:00;1;34;2;3;1;3;43,3175573705;3,1375516479
202200053671;21;10;2022;12:30;1;95;1;1;1;7;49,0529356326;2,1771989858
202200053672;26;11;2022;06:15;5;13;2;1;1;1;43,3575102015;5,3339110735
202200053673;6;6;2022;03:50;5;80;2;1;1;6;50,1095000000;1,8393600000
202200053674;25;3;2022;20:15;3;94;2;1;1;2;48,7641600000;2,3343200000
202200053675;14;2;2022;14:30;1;38;2;9;3;6;45,1562840000;5,3266720000
202200053676;8;5;2022;00:05;3;86;1;1;1;6;46,4143130000;0,7708400000
202200053677;6;8;2022;18:30;1;78;2;7;1;2;48,9467400000;2,1694000000
202200053678;10;7;2022;01:48;5;34;2;1;1;6;43,5671570000;4,0790440000
202200053679;21;10;2022;10:20;1;93;1;1;2;3;48,9551005099;2,4576544762
202200053680;19;9;2022;14:15;1;75;2;2;1;3;48,8344410000;2,3085050000
202200053681;25;11;2022;17:50;5;13;2;2;1;1;43,2871000000;5,5735500000
202200053682;25;3;2022;23:10;5;94;2;1;1;2;48,7822200000;2,4589400000
202200053683;7;5;2022;20:00;1;67;1;1;1;6;48,8891430000;7,4594810000
202200053684;10;8;2022;07:50;1;77;1;4;1;3;48,3789768728;2,8073606757
202200053685;8;5;2022;07:00;1;41;1;1;1;7;47,6165210000;1,0297110000
202200053686;18;9;2022;15:30;1;75;2;1;1;2;48,8214600000;2,3192260000
202200053687;6;7;2022;14:55;1;34;1;1;1;6;43,5649920000;4,0516590000
202200053688;6;6;2022;17:40;1;64;2;1;1;3;43,4902500000; -1,4932000000
202200053689;22;10;2022;20:15;5;94;1;1;1;4;48,8189068730;2,4080615714
202200053690;26;11;2022;18:38;5;10;2;6;1;2;48,3246993328;4,0310811996
202200053691;25;3;2022;23:03;5;94;2;2;1;2;48,7994000000;2,4664400000
202200053692;13;2;2022;11:45;1;54;1;1;2;7;48,6325682384;6,8421864504
202200053693;6;8;2022;01:12;5;76;2;1;1;7;49,5060000000;0,0713500000
202200053694;21;10;2022;09:30;1;72;2;9;1;6;48,0152400000;0,2259400000
202200053695;19;9;2022;09:25;1;75;2;3;1;1;48,8741240000;2,3371940000
202200053696;7;5;2022;16:40;1;42;1;2;1;3;45,9799280000;3,9653460000
202200053697;7;7;2022;19:45;1;84;1;1;7;3;43,9293860000;5,3305900000
202200053698;15;2;2022;00:15;3;09;1;1;2;6;42,7803380000;1,6945770000
202200053699;6;6;2022;19:10;1;59;2;2;1;3;50,7493600000;3,1548400000
202200053700;26;11;2022;10:45;1;06;2;3;1;3;43,6321440000;6,9561370000
202200053701;28;3;2022;16:30;1;94;2;2;1;6;48,8245800000;2,4088400000
202200053702;7;8;2022;18:50;1;72;2;1;1;3;47,9988310000;0,2000810000
202200053703;19;9;2022;09:05;1;75;2;1;1;3;48,8675310000;2,3226350000
202200053704;20;10;2022;20:33;3;10;1;1;3;4;48,2913776728;4,0353351831
202200053705;24;11;2022;18:15;5;971;2;9;1;6;16,2410873154; -61,5359044075
202200053706;18;6;2022;17:45;1;84;2;5;1;3;43,9645600000;4,8586010000
202200053707;9;8;2022;10:50;1;71;2;1;1;7;46,3159500000;4,8329700000
202200053708;19;9;2022;17:08;1;75;2;7;1;3;48,8604220000;2,3266300000
202200053709;15;2;2022;16:55;1;18;1;1;1;6;46,7418310000;2,5062130000
202200053710;6;6;2022;08:00;1;54;2;2;1;1;48,6895600000;6,1938300000
202200053711;8;5;2022;10:30;1;62;1;2;1;3;50,3651610000;2,4236120000
202200053712;12;10;2022;14:41;1;63;2;1;1;6;45,7867800000;3,0902300000
202200053713;26;3;2022;16:55;1;94;2;2;1;3;48,8193200000;2,5147300000
202200053714;10;8;2022;11:15;1;69;2;1;1;6;45,6702000000;4,8639000000
202200053715;25;11;2022;15:20;1;82;2;1;1;6;44,0223200000;1,3601400000
202200053716;6;6;2022;19:50;1;42;2;1;3;6;45,3937300000;4,3285000000
202200053717;9;7;2022;16:30;1;83;1;3;1;3;43,1753730000;5,7111740000
202200053718;15;2;2022;15:30;1;04;1;1;1;6;43,9874040000;6,1981880000
202200053719;18;9;2022;14:46;1;75;2;2;1;3;48,8605370000;2,2956420000
202200053720;9;10;2022;16:45;1;63;2;1;1;6;45,7806659992;3,0711212754
202200053721;25;11;2022;07:20;5;64;2;1;3;6;43,3020850000; -0,3716410000
202200053722;9;8;2022;11:08;1;66;1;1;1;6;42,7149620000;2,9402580000
202200053723;14;2;2022;19:20;5;17;2;1;1;7;46,3137760000; -0,8286520000
202200053724;10;7;2022;03:15;5;83;2;1;1;2;43,1376280000;6,3768120000
202200053725;7;5;2022;14:40;1;62;2;3;1;5;50,4387470000;2,2107990000
202200053726;25;11;2022;08:40;1;31;2;1;2;6;43,5950130000;1,4782230000
202200053727;6;6;2022;10:30;1;30;2;3;1;1;44,0882300000;4,0779700000
202200053728;5;10;2022;11:35;1;30;2;3;1;6;43,8056000000;4,6445000000
202200053729;13;2;2022;12:20;1;87;1;1;1;6;45,6675500000;0,9270250000
202200053730;18;9;2022;12:34;1;75;2;3;1;3;48,8626760000;2,3190900000
202200053731;11;7;2022;00:30;3;83;1;1;1;7;43,4168400000;6,6834640000
202200053732;25;3;2022;10:38;1;93;2;3;7;3;48,9636950000;2,5634290000
202200053733;9;8;2022;17:05;1;65;2;1;1;3;43,0997400000; -0,0562600000
202200053734;7;5;2022;20:50;1;56;1;1;1;7;48,0950040000; -3,4762450000
202200053735;15;9;2022;17:20;1;94;2;1;1;1;48,7904900000;2,3921800000
202200053736;24;11;2022;18:05;5;29;2;1;1;6;48,3960600000; -4,4887200000
202200053737;12;10;2022;17:30;1;63;2;1;1;6;45,7753300000;3,0868000000
202200053738;6;6;2022;17:50;1;27;2;3;1;1;49,0237100000;1,1434000000
202200053739;26;3;2022;13:40;1;93;2;3;1;6;48,9594744402;2,3987134695
202200053740;10;8;2022;17:35;1;64;2;1;1;3;43,3900955023; -1,6539251804
202200053741;8;7;2022;17:45;1;06;2;9;1;7;43,7412240000;7,1736700000
202200053742;14;2;2022;07:05;2;30;2;6;2;6;43,8229980000;4,2727160000
202200053743;13;10;2022;20:10;5;42;2;1;3;6;45,4807000000;4,5284000000
202200053744;6;6;2022;22:05;5;25;2;1;2;3;47,2372410000;6,0314560000
202200053745;7;5;2022;17:00;1;56;1;2;1;3;48,0738210000; -2,3128370000
202200053746;26;11;2022;04:57;5;75;2;2;1;6;48,8766410000;2,3177030000
202200053747;19;9;2022;16:22;1;94;2;1;1;2;48,7648200000;2,4477800000
202200053748;10;8;2022;09:04;1;60;2;1;1;6;49,4175936313;2,0973098874
202200053749;8;7;2022;23:30;3;05;1;1;1;7;44,3366490000;5,7553340000
202200053750;14;2;2022;15:30;1;49;1;1;4;6;47,5158090000; -0,3004070000
202200053751;14;10;2022;19:15;2;67;2;1;1;3;48,5657100000;7,7592200000
202200053752;6;6;2022;20:48;2;13;2;1;1;1;43,2985300000;5,3728100000
202200053753;10;8;2022;15:30;1;59;2;1;1;6;50,6715300000;3,2283700000
202200053754;14;9;2022;15:00;1;94;2;9;1;3;48,8051000000;2,4397900000
202200053755;7;5;2022;17:30;1;56;2;4;1;7;47,7668060000; -3,2447000000
202200053756;17;10;2022;16:58;1;60;2;9;1;6;49,2750000000;2,4640000000
202200053757;25;3;2022;15:30;1;93;2;3;1;2;48,9595011322;2,3987196386
202200053758;6;6;2022;21:50;1;08;2;1;1;6;49,7177210000;4,9263900000
202200053759;10;8;2022;15:45;1;56;2;6;1;2;47,7581000000; -3,3897900000
202200053760;18;9;2022;19:00;2;94;2;1;1;6;48,7926300000;2,3679500000
202200053761;18;10;2022;18:40;1;59;2;1;1;6;50,1782800000;3,2374400000
202200053762;18;7;2022;10:55;1;62;1;1;1;1;50,7137150000;2,2919170000
202200053763;9;7;2022;02:45;3;04;1;7;1;6;43,7878570000;5,6961750000
202200053764;15;2;2022;06:30;1;987;1;1;1;7; -17,5845220000; -149,5685780000
202200053765;6;6;2022;19:40;1;75;2;2;1;3;48,8361900000;2,2782230000
202200053766;19;9;2022;16:30;1;94;2;1;1;6;48,7715300000;2,4780600000
202200053767;10;8;2022;13:05;1;54;2;3;1;3;48,9009500000;6,0494600000
202200053768;18;10;2022;17:26;1;92;2;1;1;6;48,7579000000;2,2733800000
202200053769;7;7;2022;15:15;1;13;2;1;1;3;43,4876030000;5,2249910000
202200053770;14;2;2022;20:50;3;64;1;1;4;6;43,4752480000; -1,2793170000
202200053771;19;10;2022;21:20;5;59;1;1;1;6;50,1988410000;3,1923950000
202200053772;18;9;2022;18:20;1;94;2;1;1;6;48,7864300000;2,4498000000
202200053773;9;8;2022;21:53;5;49;2;4;1;7;47,4750200000; -0,5252100000
202200053774;24;11;2022;23:00;5;988;2;4;1;2; -22,2329700000;166,4643700000
202200053775;25;3;2022;20:26;5;93;2;2;1;3;48,9420200000;2,3653700000
202200053776;6;6;2022;11:40;1;75;2;3;1;6;48,8487020000;2,2987000000
202200053777;7;7;2022;10:30;1;13;1;1;1;3;43,5032150000;5,2103440000
202200053778;8;5;2022;11:15;1;79;2;3;1;5;46,2989270000; -0,5269490000
202200053779;15;2;2022;06:20;3;973;1;1;3;1;4,9881460200; -52,4480009079
202200053780;10;8;2022;10:20;1;47;2;1;1;6;44,2041900000;0,6208500000
202200053781;8;7;2022;13:05;1;25;2;1;1;6;47,3457840000;6,3602400000
202200053782;20;10;2022;20:00;5;94;2;9;2;7;48,8071320000;2,3579800000
202200053783;19;9;2022;19:00;1;94;2;3;1;3;48,8129869391;2,5131721795
202200053784;6;6;2022;15:30;1;75;2;3;1;6;48,8365700000;2,3594030000
202200053785;7;5;2022;10:50;1;2B;1;1;1;3;42,2152330000;9,1765020000
202200053786;25;11;2022;08:30;1;974;2;1;1;6; -20,8889600000;55,4495500000
202200053787;25;3;2022;11:00;1;93;2;2;1;3;48,9211740000;2,3615920000
202200053788;14;2;2022;07:20;2;21;2;6;2;6;47,3140210000;5,1127520000
202200053789;20;10;2022;00:03;3;69;1;1;1;6;45,9542300000;4,7166000000
202200053790;19;9;2022;22:50;3;95;2;4;1;6;49,0108600000;2,5147600000
202200053791;25;11;2022;06:53;1;974;2;1;1;7; -20,8852200000;55,4134000000
202200053792;6;6;2022;17:00;1;75;2;1;1;6;48,8628240000;2,3079580000
202200053793;6;8;2022;17:35;1;42;2;9;1;3;45,4946078301;4,5617542458
202200053794;22;10;2022;03:30;3;988;2;1;1;7; -22,2625200000;166,3966800000
202200053795;29;5;2022;17:15;1;89;1;3;1;2;47,8379930000;3,5003410000
202200053796;19;9;2022;16:40;1;95;1;1;1;2;48,9948800000;2,5145300000
202200053797;10;8;2022;08:25;1;41;2;1;7;6;47,5892800000;1,3077000000
202200053798;25;3;2022;10:25;1;93;2;1;1;3;48,9363367622;2,3722759047
202200053799;25;11;2022;13:00;1;973;2;3;1;3;4,9200900000; -52,3196000000
202200053800;6;6;2022;19:00;1;75;2;2;1;3;48,8702340000;2,3301370000
202200053801;21;10;2022;23:10;3;974;1;1;1;6; -21,3234900000;55,5353200000
202200053802;7;5;2022;16:00;1;11;1;3;1;3;43,2230800000;3,0768630000
202200053803;15;2;2022;13:05;1;77;1;1;1;1;48,3045430000;2,4368410000
202200053804;8;7;2022;12:00;1;68;2;1;1;7;47,8260890000;7,0812410000
202200053805;23;3;2022;17:10;1;93;2;1;1;6;48,9151900000;2,3442100000
202200053806;6;6;2022;19:00;1;75;2;2;1;6;48,8605460000;2,3494520000
202200053807;21;10;2022;14:10;1;974;1;1;1;2; -21,3267500000;55,4489900000
202200053808;25;11;2022;20:00;5;69;2;9;1;3;45,7381300000;4,8674700000
202200053809;19;9;2022;15:30;1;95;1;1;1;5;48,9949800000;2,5147100000
202200053810;9;8;2022;22:15;4;34;2;9;1;6;43,5991500000;3,8661500000
202200053811;14;2;2022;10:20;1;2B;1;-1;1;2;42,5372870000;9,4710730000
202200053812;7;5;2022;16:10;1;89;1;1;1;2;48,1743410000;3,0467700000
202200053813;20;6;2022;12:03;1;67;2;3;1;3;48,7296040000;7,7169410000
202200053814;15;9;2022;17:20;1;93;2;1;1;7;48,9772790809;2,5190625434
202200053815;21;10;2022;07:00;1;974;1;1;1;3; -21,3486800000;55,4990800000
202200053816;25;11;2022;12:00;1;69;2;1;1;6;45,7298100000;4,8401000000
202200053817;26;3;2022;09:30;1;93;2;6;1;6;48,8991900000;2,5177100000
202200053818;10;8;2022;14:07;1;33;2;1;1;7;44,7798800000; -0,6128400000
202200053819;6;6;2022;15:45;1;75;2;2;1;2;48,8544270000;2,3550140000
202200053820;8;5;2022;04:45;3;25;1;1;1;1;47,4311380000;6,9019810000
202200053821;13;2;2022;01:45;5;66;2;1;1;2;42,6688720000;2,6175680000
202200053822;10;8;2022;12:05;1;32;1;1;1;7;43,6326500000;0,5538800000
202200053823;9;7;2022;10:27;1;88;2;3;1;2;48,0793690000;6,8923120000
202200053824;25;3;2022;21:51;5;93;2;2;1;3;48,8826900000;2,5144100000
202200053825;15;2;2022;00:45;3;66;1;1;1;6;42,7608580000;3,0138210000
202200053826;25;11;2022;08:00;1;69;2;2;1;3;45,7537500000;4,8404000000
202200053827;20;10;2022;08:30;1;974;2;2;1;3; -20,8862600000;55,4660500000
202200053828;6;6;2022;17:40;1;94;2;1;1;2;48,7722600000;2,3432600000
202200053829;8;5;2022;14:40;1;31;2;1;1;6;43,4399170000;1,4241210000
202200053830;19;9;2022;11:45;1;93;2;1;1;2;48,9306500000;2,3628300000
202200053831;20;10;2022;06:10;1;974;1;1;1;7; -20,8879100000;55,4410000000
202200053832;26;11;2022;01:50;5;2B;2;1;3;6;42,6994993572;9,4520577192
202200053833;10;8;2022;06:15;1;30;2;1;1;1;44,0873538394;4,0777838229
202200053834;10;7;2022;17:05;1;88;2;1;1;5;48,1898050000;6,7202970000
202200053835;15;2;2022;09:45;1;66;2;1;1;1;42,7676670000;2,8395370000
202200053836;19;9;2022;18:10;1;93;2;3;1;3;48,8826722094;2,4154736129
202200053837;9;7;2022;09:10;1;54;2;9;1;7;48,7540243310;6,1445546145
202200053838;7;5;2022;08:05;1;31;2;1;1;1;43,7194220000;1,4434950000
202200053839;6;6;2022;17:30;1;93;2;1;1;3;48,9617400000;2,5706100000
202200053840;26;3;2022;12:40;1;93;2;2;1;3;48,8943400000;2,4186500000
202200053841;20;10;2022;20:20;5;973;2;2;1;3;4,9346400000; -52,3306900000
202200053842;9;8;2022;18:10;1;29;2;9;1;2;47,8807400000; -3,9311300000
202200053843;25;11;2022;07:10;5;95;2;1;8;6;49,0259300000;2,4628600000
202200053844;8;2;2022;07:30;2;11;2;3;1;3;43,2584560000;2,4147980000
202200053845;19;9;2022;11:35;1;93;2;1;1;6;48,8387000000;2,5724200000
202200053846;8;5;2022;15:00;1;38;1;1;1;3;45,2955850000;5,1953100000
202200053847;21;10;2022;13:40;1;69;2;1;1;6;45,7554700000;4,8426100000
202200053848;26;3;2022;09:10;1;93;2;1;1;3;48,8293356480;2,5657212139
202200053849;7;7;2022;10:55;1;57;1;4;1;3;49,2928820000;6,1673530000
202200053850;25;11;2022;07:00;1;95;2;1;1;2;48,9773838567;2,3645979166
202200053851;10;8;2022;18:23;1;25;2;2;1;1;47,2462050000;6,0340620000
202200053852;6;6;2022;00:18;5;92;2;2;1;1;48,8955200000;2,2968800000
202200053853;8;5;2022;00:00;5;03;2;1;1;6;46,2032960000;3,4331550000
202200053854;27;9;2022;13:14;1;93;2;1;1;6;48,8835800000;2,5298300000
202200053855;14;2;2022;08:40;1;05;1;1;4;5;44,6553392252;6,5943074226
202200053856;21;10;2022;13:20;1;972;2;1;1;2;14,6281200000; -60,9893800000
202200053857;10;8;2022;15:20;1;17;2;1;1;6;45,6221320000; -1,0354210000
202200053858;25;3;2022;20:45;5;93;2;1;1;3;48,8688900000;2,4708300000
202200053859;6;6;2022;16:58;1;92;2;1;1;7;48,8394296326;2,2312084436
202200053860;9;7;2022;23:15;3;74;1;4;1;3;45,8992520000;6,3489580000
202200053861;7;5;2022;17:50;1;15;1;1;1;6;45,2129580000;2,3658800000
202200053862;14;2;2022;18:30;3;71;1;1;8;6;46,2698510000;4,7748360000
202200053863;25;3;2022;11:55;1;93;2;2;7;6;48,8538100000;2,4461000000
202200053864;8;5;2022;11:00;1;01;1;1;1;7;46,1717920000;5,0135500000
202200053865;22;3;2022;17:30;1;93;2;1;1;1;48,8774800000;2,5489400000
202200053866;18;9;2022;23:15;5;93;2;9;1;7;48,8997098272;2,4486164916
202200053867;25;11;2022;11:30;1;91;2;6;9;3;48,7096270000;2,4917050000
202200053868;6;6;2022;15:30;1;59;2;1;1;6;50,5707000000;2,8261260000
202200053869;25;3;2022;09:55;1;93;2;1;1;6;48,9014800000;2,5468800000
202200053870;10;8;2022;10:40;1;13;2;1;1;3;43,5240140179;5,4499604957
202200053871;21;10;2022;19:10;2;69;2;3;1;3;45,7674800000;4,8290300000
202200053872;7;5;2022;17:45;1;01;1;1;1;3;46,2321870000;5,0061830000
202200053873;10;6;2022;08:00;1;73;1;1;1;1;45,7531520000;6,4535020000
202200053874;12;2;2022;15:30;1;67;1;1;1;3;48,7002570000;7,8893720000
202200053875;26;3;2022;18:30;1;93;2;1;1;7;48,9083710000;2,4973840000
202200053876;5;6;2022;07:13;1;33;1;1;8;6;44,7981400000; -0,6535400000
202200053877;27;10;2022;11:00;1;89;2;3;1;3;48,2008400000;3,2892100000
202200053878;7;5;2022;19:00;1;72;2;1;1;6;47,7908000000;0,6973000000
202200053879;19;10;2022;12:10;1;69;2;1;8;1;45,7725551686;4,8078100383
202200053880;10;8;2022;07:50;1;11;2;1;1;3;43,2207300000;2,3974200000
202200053881;10;7;2022;15:00;1;38;1;3;1;3;45,5764860000;4,8577430000
202200053882;26;3;2022;16:05;1;93;2;1;1;6;48,9126128493;2,4158484934
202200053883;15;2;2022;09:55;1;88;1;1;1;5;48,3740800000;6,6761360000
202200053884;21;10;2022;13:15;1;2B;2;1;1;7;42,6549100000;9,4354300000
202200053885;6;6;2022;15:10;1;91;1;1;1;2;48,7318500000;2,3154300000
202200053886;24;11;2022;07:45;2;89;2;1;8;2;48,2043000000;3,2722900000
202200053887;8;5;2022;11:00;1;50;1;2;1;6;48,5165870000; -1,3773950000
202200053888;10;8;2022;19:50;1;06;2;3;1;3;43,7008500000;7,2541500000
202200053889;25;3;2022;11:58;1;93;2;1;1;6;48,9263342943;2,4909190522
202200053890;23;11;2022;18:20;5;89;2;1;8;6;48,1955000000;3,3016600000
202200053891;21;10;2022;14:58;1;2A;2;3;1;3;41,9331400000;8,7427100000
202200053892;5;6;2022;21:20;1;92;1;1;1;3;48,8865400000;2,2552100000
202200053893;8;5;2022;14:45;1;60;1;1;1;7;49,4106041630;2,0528104305
202200053894;14;2;2022;15:00;1;73;1;4;4;1;45,7432470000;6,5506680000
202200053895;5;8;2022;18:12;1;06;1;1;1;2;43,7146100000;7,1871800000
202200053896;25;3;2022;15:10;1;92;2;2;1;2;48,8529640932;2,2228123248
202200053897;19;9;2022;13:40;1;93;2;9;1;6;48,9129189248;2,3984936657
202200053898;8;5;2022;14:47;1;43;1;1;1;6;44,9930440000;3,6934210000
202200053899;7;7;2022;08:50;1;38;2;1;1;1;45,2959700000;5,6373970000
202200053900;21;10;2022;14:20;1;95;2;1;1;3;48,9819830000;2,2929470000
202200053901;9;8;2022;02:50;5;06;2;1;1;6;43,5542300000;7,0194400000
202200053902;2;1;2022;15:15;1;62;2;6;1;3;50,4783090000;1,5947870000
202200053903;5;6;2022;20:10;1;92;1;1;1;2;48,8049786919;2,2133407573
202200053904;24;11;2022;18:05;5;87;2;1;1;4;45,8771000000;1,2392700000
202200053905;18;9;2022;22:40;5;92;2;1;1;3;48,8204853965;2,3115679622
202200053906;13;2;2022;16:52;1;38;1;1;1;1;45,7359460000;5,2921540000
202200053907;8;7;2022;15:00;1;07;1;1;1;1;44,6763210000;4,2861910000
202200053908;25;3;2022;10:25;1;92;2;3;1;3;48,8518443548;2,2199007869
202200053909;6;5;2022;13:20;1;53;1;2;1;2;47,9213300000; -0,9881040000
202200053910;20;10;2022;13:20;1;95;2;2;1;1;48,9856656699;2,3238793015
202200053911;9;8;2022;11:30;1;75;2;1;1;2;48,8308070000;2,4031540000
202200053912;25;11;2022;21:00;5;85;2;6;1;6;46,5073020000; -1,7567920000
202200053913;8;7;2022;13:00;1;01;1;9;1;7;45,8199233625;5,5377101898
202200053914;4;1;2022;16:30;1;85;2;9;1;6;46,8748500000; -1,0248280000
202200053915;6;6;2022;15:10;1;95;1;1;1;3;49,0468200000;2,4722000000
202200053916;19;9;2022;11:16;1;92;2;1;1;6;48,8658772643;2,2271473110
202200053917;7;5;2022;02:00;3;53;1;1;1;7;48,2195260000; -0,8597660000
202200053918;26;3;2022;13:00;1;92;2;3;1;3;48,8837622108;2,2600341439
202200053919;15;2;2022;15:42;1;79;1;2;2;3;46,8147390000; -0,3968600000
202200053920;23;11;2022;20:05;5;85;2;6;1;3;46,5154200000; -1,7584400000
202200053921;8;7;2022;07:20;1;69;2;3;1;3;45,8486030000;4,5303640000
202200053922;19;9;2022;07:45;2;92;2;2;1;3;48,8839200000;2,2034300000
202200053923;25;3;2022;10:10;1;92;2;1;1;3;48,9030043729;2,2041017711
202200053924;14;2;2022;17:50;2;27;1;1;1;7;49,1907630000;1,5807870000
202200053925;7;5;2022;19:15;2;28;1;1;1;1;48,4492290000;1,3000090000
202200053926;5;6;2022;17:55;1;83;2;4;1;1;43,1246500000;5,9559100000
202200053927;10;8;2022;13:05;1;75;2;2;1;3;48,8825980000;2,2827600000
202200053928;19;9;2022;12:25;1;92;2;9;1;3;48,9062791578;2,2492071390
202200053929;7;5;2022;16:30;1;48;1;3;1;3;44,4172850000;3,2313260000
202200053930;4;1;2022;07:30;5;76;2;1;2;3;49,7067770000;0,8286410000
202200053931;10;7;2022;00:55;3;69;1;1;1;3;46,0035830000;4,6779710000
202200053932;26;3;2022;13:45;1;92;2;3;7;3;48,8096709709;2,3225615323
202200053933;18;9;2022;21:30;5;92;2;6;1;3;48,8407816986;2,2288904786
202200053934;5;6;2022;17:50;1;35;2;1;1;6;48,1208400000; -1,6363900000
202200053935;10;8;2022;09:50;1;75;2;2;1;3;48,8493960000;2,3569100000
202200053936;14;2;2022;16:35;1;33;1;1;3;2;44,8063680000; -0,5295210000
202200053937;8;5;2022;10:10;1;48;1;1;1;3;44,3160800000;3,5980550000
202200053938;26;3;2022;04:10;5;92;2;1;1;1;48,8063680000;2,2861480000
202200053939;1;1;2022;15:00;1;76;1;1;1;1;49,4842760000;1,0955000000
202200053940;8;7;2022;12:55;1;69;1;3;1;1;45,7091815091;4,7040261273
202200053941;25;11;2022;12:20;1;83;1;1;1;3;43,0891030145;6,1443965435
202200053942;5;6;2022;12:30;1;29;2;3;2;6;48,3873700000; -4,5226380000
202200053943;9;8;2022;20:37;2;75;2;1;1;2;48,8893590000;2,3559480000
202200053944;19;9;2022;18:30;1;92;2;2;1;3;48,7962690000;2,3217680000
202200053945;14;2;2022;13:15;1;91;1;1;1;2;48,6692400000;2,1935200000
202200053946;20;10;2022;09:15;1;91;1;1;2;4;48,6925600000;2,4501600000
202200053947;29;4;2022;14:05;1;78;2;9;1;2;48,7327690000;2,0922630000
202200053948;3;1;2022;16:59;3;46;1;1;1;6;44,8486600000;1,8996460000
202200053949;26;3;2022;20:15;5;92;2;2;1;3;48,9039705930;2,2497254759
202200053950;26;11;2022;01:20;5;81;2;6;1;2;43,9313126000;2,1772968000
202200053951;22;6;2022;12:52;1;13;1;1;1;6;43,3491000000;5,0569900000
202200053952;7;7;2022;09:15;1;46;1;3;1;3;44,6165070000;1,9994050000
202200053953;7;5;2022;20:20;2;33;2;1;1;6;44,7599920000; -0,6873950000
202200053954;9;8;2022;18:55;1;75;2;2;1;3;48,8951410000;2,3596390000
202200053955;14;2;2022;08:00;1;94;1;1;1;3;48,7624500000;2,3411100000
202200053956;20;9;2022;09:43;1;39;1;1;1;3;46,5730850000;5,9880960000
202200053957;21;10;2022;08:20;2;91;2;1;2;6;48,6792800000;2,3453800000
202200053958;25;3;2022;15:05;1;92;2;1;1;6;48,9222140000;2,2359070000
202200053959;3;1;2022;17:10;5;68;2;3;1;3;47,6033490000;7,4959270000
202200053960;7;7;2022;08:00;1;31;1;2;1;1;43,6273620000;1,2506070000
202200053961;21;10;2022;08:11;2;91;1;1;3;7;48,4177930000;2,1315840000
202200053962;5;6;2022;17:00;1;75;2;3;1;3;48,8679270000;2,3866210000
202200053963;20;9;2022;10:45;1;976;2;9;1;7; -12,7410490399;45,2103391225
202200053964;13;2;2022;12:15;1;92;1;1;1;2;48,8807745046;2,2728250856
202200053965;25;11;2022;14:15;1;78;2;2;1;3;48,9387600000;2,0320100000
202200053966;3;1;2022;13:15;1;29;2;1;2;6;48,2765560000; -3,5652730000
202200053967;10;8;2022;04:00;5;75;2;3;1;3;48,8569740000;2,3245990000
202200053968;24;3;2022;13:15;1;92;2;1;1;6;48,8283205315;2,2352457047
202200053969;20;9;2022;00:45;3;91;2;1;1;7;48,3641480000;2,1235750000
202200053970;5;6;2022;00:05;3;69;1;1;1;6;45,8034300000;4,9259700000
202200053971;8;5;2022;07:45;1;44;1;1;1;7;47,4215030000; -1,0574520000
202200053972;14;2;2022;13:00;1;93;1;1;1;2;48,8657400000;2,4200400000
202200053973;11;7;2022;09:08;1;79;1;2;7;3;46,8358770000; -0,4244270000
202200053974;4;1;2022;17:05;1;29;1;1;2;1;47,9170400000; -4,2628460000
202200053975;9;8;2022;16:40;1;75;2;4;1;6;48,8620850000;2,3197220000
202200053976;26;3;2022;22:40;5;92;2;1;1;7;48,9179333195;2,2815073728
202200053977;20;9;2022;16:15;1;41;1;1;1;3;47,5804700000;1,2393790000
202200053978;4;6;2022;16:23;1;90;2;9;1;-1;47,6415000000;6,8536800000
202200053979;7;7;2022;14:00;1;17;2;1;1;2;45,7299930000; -1,0953140000
202200053980;10;8;2022;12:00;1;75;2;4;1;7;48,8550510000;2,3616540000
202200053981;24;3;2022;13:27;1;92;1;1;1;6;48,9260852272;2,2789820731
202200053982;7;5;2022;18:45;5;987;1;1;1;1; -17,7634410000; -149,3166450000
202200053983;14;2;2022;10:10;1;95;1;1;1;3;49,0650000000;2,2144400000