Accident_Id;jour;mois;an;hrmn;lum;dep;agg;int;atm;col;lat;long
202200053984;21;10;2022;15:35;1;83;2;1;1;5;43,0921400000;5,8314200000
202200053985;4;1;2022;17:55;5;01;1;2;1;1;46,1289540000;4,9597320000
202200053986;19;9;2022;17:55;1;21;1;1;1;4;47,2823000000;5,1171000000
202200053987;25;11;2022;08:00;1;77;1;4;1;2;48,4840500000;2,6658700000
202200053988;10;8;2022;01:00;5;75;2;1;1;3;48,8604860000;2,3315980000
202200053989;7;5;2022;20:30;5;971;2;1;2;6;16,3917080000; -61,4607920000
202200053990;24;3;2022;08:55;1;92;2;1;1;3;48,9181503814;2,2838540375
202200053991;8;7;2022;20:15;1;17;1;1;1;2;46,1807220000; -1,2932540000
202200053992;5;10;2022;18:40;2;83;2;1;1;1;43,4400223777;6,8134492636
202200053993;3;1;2022;15:40;1;05;1;1;1;2;44,6708010000;6,0758740000
202200053994;14;2;2022;06:00;3;77;1;1;2;2;48,9354120000;2,6279210000
202200053995;25;11;2022;09:15;1;76;2;1;1;3;49,4141700000;1,0498600000
202200053996;4;6;2022;19:00;1;59;1;1;1;5;50,6200000000;2,9920000000
202200053997;18;9;2022;19:19;2;28;2;1;1;1;48,0703520000;1,3227090000
202200053998;26;3;2022;16:45;1;60;2;1;1;3;49,3396190000;2,6055350000
202200053999;8;7;2022;12:15;1;86;2;1;1;2;46,0995340000;0,2325580000
202200054000;20;10;2022;08:25;1;80;2;1;2;6;49,8797900000;2,3027500000
202200054001;13;2;2022;20:40;5;976;2;1;1;6; -12,7751800000;45,2196000000
202200054002;10;8;2022;03:40;5;94;2;2;1;3;48,8474000000;2,4787000000
202200054003;3;1;2022;18:57;2;50;2;7;2;6;49,3815350000; -1,7529090000
202200054004;7;5;2022;13:00;1;978;2;1;1;3;18,0681060000; -63,0854920000
202200054005;10;8;2022;02:05;5;94;2;1;1;7;48,8242200000;2,4128800000
202200054006;17;9;2022;12:10;1;64;1;1;1;7;43,4581640000; -0,5395960000
202200054007;4;6;2022;18:46;1;29;2;1;1;6;48,3831290000; -4,5093470000
202200054008;13;2;2022;04:40;5;974;2;1;1;6; -21,3307000000;55,4684100000
202200054009;21;10;2022;07:30;2;77;1;6;3;6;48,5195300000;2,6736100000
202200054010;4;1;2022;15:50;1;60;1;3;1;3;49,4608300000;1,7716210000
202200054011;7;5;2022;14:15;1;83;2;1;1;4;43,2666200000;6,5745930000
202200054012;20;9;2022;13:30;1;21;1;1;1;6;47,2458891014;4,5733644351
202200054013;9;7;2022;18:30;1;40;1;2;1;3;43,7910320000; -1,1200480000
202200054014;26;3;2022;12:00;1;31;1;2;1;3;43,6316020000;1,5999700000
202200054015;19;10;2022;18:15;1;73;2;6;1;3;45,5767861254;5,8981418609
202200054016;16;8;2022;20:35;1;94;2;3;9;2;48,7756840000;2,5111760000
202200054017;21;10;2022;05:59;3;77;2;6;2;6;48,6475900000;2,5447800000
202200054018;13;2;2022;10:20;1;974;2;1;1;3; -20,8961090000;55,4811530000
202200054019;4;1;2022;17:30;3;10;1;1;2;3;48,2369609566;4,4279624444
202200054020;8;7;2022;17:50;1;40;2;3;1;3;43,7053012135; -1,1102172915
202200054021;18;9;2022;21:00;5;59;1;6;1;6;50,8009440000;2,5010960000
202200054022;27;3;2022;08:35;1;10;1;1;1;6;48,3173690000;4,1377890000
202200054023;10;8;2022;17:50;1;93;2;1;1;3;48,9765500000;2,5139600000
202200054024;25;11;2022;17:50;5;72;2;3;1;3;47,9684600000;0,1751000000
202200054025;4;1;2022;10:50;1;21;1;1;2;6;47,2787700000;4,5731990000
202200054026;4;6;2022;18:50;1;01;2;2;1;5;46,2100900000;5,2042500000
202200054027;12;2;2022;19:30;2;974;2;2;1;3; -20,8910100000;55,4801800000
202200054028;8;5;2022;05:40;3;13;1;1;1;4;43,6651550000;5,0222110000
202200054029;10;8;2022;20:30;2;93;2;1;1;6;48,9287216548;2,4953038439
202200054030;7;7;2022;15:00;1;33;1;1;1;1;45,3126840000; -0,9810020000
202200054031;19;9;2022;19:45;2;77;1;1;1;1;48,6690710000;3,2912900000
202200054032;26;3;2022;20:00;3;28;1;1;1;1;48,1029030000;1,1694750000
202200054033;25;11;2022;13:10;1;72;2;1;1;3;48,0098500000;0,2016000000
202200054034;4;1;2022;14:45;1;40;1;1;1;6;44,0931140000; -0,0199820000
202200054035;17;10;2022;17:20;1;77;2;1;9;3;48,2802100000;2,6833800000
202200054036;4;6;2022;12:30;1;93;2;1;1;6;48,9473328224;2,3364516199
202200054037;10;8;2022;13:30;1;93;2;1;1;6;48,8793412802;2,4782016335
202200054038;1;7;2022;13:30;1;85;1;1;1;1;46,6089540000; -1,7946450000
202200054039;7;5;2022;03:45;3;13;1;3;1;3;43,5343920000;5,1933790000
202200054040;19;9;2022;11:50;1;2B;2;1;1;3;42,4990370000;9,4672210000
202200054041;4;1;2022;11:30;1;24;2;2;1;1;45,1276380000;1,3029740000
202200054042;13;2;2022;12:30;1;974;2;3;1;3; -20,9387000000;55,2908200000
202200054043;24;11;2022;16:15;5;72;1;1;1;2;47,9607800000;0,2241700000
202200054044;27;3;2022;10:21;1;35;1;9;7;3;48,2968380000; -1,8078710000
202200054045;3;6;2022;17:45;1;64;2;3;1;6;43,3023700000; -0,3605200000
202200054046;7;5;2022;05:45;2;69;2;1;1;6;45,6372780000;4,8749580000
202200054047;8;7;2022;18:15;1;85;2;2;1;1;46,7184500000; -1,9495660000
202200054048;10;8;2022;18:00;1;93;2;1;1;3;48,9209537519;2,4492770178
202200054049;19;9;2022;18:58;1;65;2;1;1;1;43,1791310000;0,0195910000
202200054050;26;3;2022;18:00;2;974;1;1;7;7; -21,1059010000;55,7200380000
202200054051;20;10;2022;16:15;1;76;1;1;1;4;49,5113000000;0,1994900000
202200054052;3;1;2022;11:40;1;27;1;2;8;2;49,2852200000;0,4074170000
202200054053;8;7;2022;23:30;3;53;1;1;1;7;47,9931640000; -0,5657500000
202200054054;13;2;2022;14:04;1;69;2;3;1;3;45,7601600000;4,8444700000
202200054055;25;11;2022;13:00;1;69;2;9;1;5;45,9794800000;4,7393100000
202200054056;3;6;2022;19:10;1;30;2;3;1;3;44,1292600000;4,1034500000
202200054057;19;9;2022;08:42;1;65;1;1;1;7;43,1868080000; -0,0543340000
202200054058;8;5;2022;16:45;1;69;1;1;1;1;45,7151750000;4,4845010000
202200054059;10;8;2022;20:30;2;93;2;1;1;6;48,9048233865;2,3932228064
202200054060;25;3;2022;17:40;1;59;2;1;1;2;50,6664266773;2,8452365398
202200054061;22;10;2022;00:40;5;72;2;2;1;7;48,0000000000;0,2024400000
202200054062;9;7;2022;07:30;1;49;1;1;1;6;47,4703710000; -0,1638080000
202200054063;2;1;2022;13:00;1;87;1;3;8;3;45,9775830000;1,2600430000
202200054064;12;2;2022;02:55;5;972;1;1;1;3;14,6186290000; -61,0223750000
202200054065;3;6;2022;13:40;1;27;2;1;1;6;49,0204500000;1,1332000000
202200054066;6;5;2022;18:57;1;32;1;1;1;3;43,7017690000;0,6549690000
202200054067;20;9;2022;09:10;1;71;2;1;7;6;46,2909240000;4,3155780000
202200054068;26;3;2022;07:30;1;34;1;1;1;7;43,6163210000;3,7975620000
202200054069;19;10;2022;23:55;3;72;2;1;1;1;47,9822410000;0,2197540000
202200054070;25;11;2022;08:55;1;69;2;2;1;3;45,6973600000;4,9475700000
202200054071;9;8;2022;22:50;5;92;2;2;1;3;48,8264300009;2,2192715406
202200054072;6;7;2022;15:20;1;49;1;3;1;3;47,4501260000; -0,2224620000
202200054073;4;1;2022;11:30;1;52;1;1;2;3;48,5410640000;5,0853020000
202200054074;5;5;2022;15:32;1;50;1;9;1;6;49,3019080000; -1,2312680000
202200054075;2;6;2022;11:00;1;71;2;1;1;3;46,7822400000;4,8475500000
202200054076;21;10;2022;09:30;1;69;2;1;1;3;45,7852600000;4,8707600000
202200054077;19;9;2022;17:20;1;61;1;1;1;5;48,6926780000; -0,6179000000
202200054078;25;11;2022;16:45;1;68;2;1;1;7;47,7472500000;7,3372300000
202200054079;10;8;2022;17:10;1;92;2;1;1;3;48,8950025106;2,2118246555
202200054080;2;1;2022;04:20;3;31;1;1;1;6;43,1275180000;0,9395350000
202200054081;7;5;2022;01:50;3;35;2;1;1;6;47,7283860000; -1,8264450000
202200054082;26;3;2022;21:02;3;63;1;1;1;5;45,6036480749;3,2174856664
202200054083;11;7;2022;12:15;1;44;2;2;1;3;47,3294180000; -2,1772960000
202200054084;19;9;2022;17:15;1;12;1;3;1;7;44,2208300000;2,9956630000
202200054085;13;2;2022;17:30;1;77;2;3;1;3;48,8781000000;2,7493400000
202200054086;21;10;2022;09:10;1;66;2;3;1;3;42,6927200000;2,8739800000
202200054087;25;11;2022;10:50;1;67;1;1;2;3;48,8599800000;7,6601100000
202200054088;10;8;2022;15:40;1;92;2;1;1;2;48,9105251539;2,3060769439
202200054089;7;7;2022;06:30;1;44;2;9;7;6;47,4360160000; -1,5078150000
202200054090;8;5;2022;14:30;1;27;1;1;1;1;49,0136600000;1,4448520000
202200054091;2;1;2022;17:45;1;01;1;1;1;4;46,1237350000;5,4978810000
202200054092;28;5;2022;00:50;5;78;1;1;1;6;48,9873200000;1,6637300000
202200054093;21;10;2022;20:50;5;64;2;1;1;7;43,3300300000; -0,3853100000
202200054094;26;3;2022;16:35;1;30;1;1;1;6;44,0211470000;4,4375860000
202200054095;25;11;2022;07:57;2;66;2;6;1;3;42,6982000000;2,8654200000
202200054096;10;8;2022;14:30;1;92;2;1;1;3;48,8020140000;2,3180850000
202200054097;12;2;2022;17:15;1;71;1;2;1;2;46,7828800000;4,4122800000
202200054098;11;7;2022;09:30;1;44;1;1;7;1;47,2963130000; -1,4080360000
202200054099;21;10;2022;03:15;5;64;2;1;1;1;43,5258190000; -1,4910760000
202200054100;4;5;2022;16:50;1;92;2;1;1;6;48,9079170000;2,2925360000
202200054101;3;1;2022;18:25;3;64;1;1;1;2;43,4278820000; -0,6243018545
202200054102;8;5;2022;13:20;1;60;2;1;7;1;49,1380036499;2,7984216213
202200054103;24;11;2022;17:59;3;66;1;1;1;2;42,7005910000;2,9242600000
202200054104;27;3;2022;15:45;1;76;1;1;1;7;49,8582010000;1,5954050000
202200054105;4;1;2022;08:40;2;62;1;1;8;6;50,9115230000;1,9403210000
202200054106;6;7;2022;19:45;1;50;1;6;1;3;49,6641280000; -1,8484300000
202200054107;10;10;2022;19:00;1;62;2;1;1;1;50,4437110000;2,9036190000
202200054108;25;11;2022;07:03;5;65;2;1;2;6;43,2312800000;0,0877100000
202200054109;7;5;2022;10:35;1;62;2;1;7;3;50,8271820000;1,6983690000
202200054110;9;8;2022;12:55;1;92;2;1;1;2;48,9287900000;2,2688700000
202200054111;26;3;2022;05:45;2;71;2;1;1;6;46,4787770000;4,8131010000
202200054112;19;9;2022;12:30;1;29;1;1;1;7;48,2637980000; -4,2020450000
202200054113;13;2;2022;16:00;1;69;2;2;1;3;45,9822600000;4,7350300000
202200054114;8;7;2022;12:35;1;50;1;1;1;6;49,0863960000; -1,0914660000
202200054115;3;1;2022;17:25;3;57;1;1;2;6;49,1268310000;6,2453410000
202200054116;20;10;2022;00:15;3;62;2;1;1;6;50,4927440000;2,5399640000
202200054117;25;11;2022;18:35;5;64;2;1;1;3;43,3039000000; -0,3659300000
202200054118;6;5;2022;00:47;3;13;1;1;1;2;43,4061120076;5,3363115509
202200054119;26;3;2022;20:45;3;89;1;1;1;6;47,9270980000;3,6051030000
202200054120;3;1;2022;18:30;3;2B;1;1;1;6;42,6041628148;9,3570631755
202200054121;10;8;2022;22:20;3;60;1;1;1;6;49,6988130000;1,9902530000
202200054122;30;1;2022;18:50;2;64;2;1;1;3;43,3598897903; -1,7755194128
202200054123;19;9;2022;17:57;1;38;2;4;1;1;45,1714110000;5,4153590000
202200054124;9;7;2022;19:30;1;14;1;2;1;1;49,2988626651; -0,6858887793
202200054125;21;10;2022;06:55;5;59;2;3;1;6;50,6983730000;3,2079890000
202200054126;25;11;2022;14:55;1;64;2;6;1;7;43,3357100000; -0,3851100000
202200054127;4;6;2022;21:30;2;60;2;1;8;6;49,3076440000;2,5073400000
202200054128;27;3;2022;18:30;1;63;1;1;1;7;45,5637180000;2,7569680000
202200054129;3;1;2022;10:05;1;2B;2;1;1;2;42,6879480000;9,3130640000
202200054130;11;8;2022;19:57;2;06;2;4;1;7;43,6848810000;7,1014860000
202200054131;17;8;2022;02:40;3;26;1;1;2;7;44,8515490000;4,8528990000
202200054132;10;7;2022;04:40;3;29;1;1;1;6;48,5520900000; -4,3092260000
202200054133;13;2;2022;19:20;5;64;2;1;1;3;43,2934200000; -0,3776700000
202200054134;22;4;2022;16:20;1;69;2;1;1;5;45,7538200000;4,9082700000
202200054135;25;11;2022;10:00;1;64;2;1;3;6;43,2973766988; -0,3747823834
202200054136;27;3;2022;16:30;1;61;1;1;1;6;48,5985510000;0,1046490000
202200054137;10;8;2022;01:30;3;84;1;1;1;7;44,2314780000;5,1394020000
202200054138;4;1;2022;06:40;3;04;1;1;1;3;43,9082430000;5,8840050000
202200054139;21;10;2022;22:30;5;59;2;4;1;3;50,1726900000;3,2326700000
202200054140;4;6;2022;17:20;1;76;2;1;3;1;49,5304087299;0,4929498476
202200054141;26;3;2022;16:00;1;42;1;1;1;6;45,4518220000;4,0696410000
202200054142;11;9;2022;01:15;3;36;1;6;1;7;46,6018648793;0,9781748056
202200054143;13;2;2022;23:45;5;64;2;1;6;1;43,4986900000; -1,4607200000
202200054144;4;5;2022;15:45;1;42;1;1;8;2;45,4442229157;4,4283526044
202200054145;8;7;2022;09:10;1;29;2;1;1;3;48,5640490000; -4,3125630000
202200054146;25;11;2022;07:30;5;64;2;1;3;3;43,4944200000; -1,4579200000
202200054147;24;5;2022;11:30;1;34;2;1;1;6;43,8622196849;3,9058355928
202200054148;3;1;2022;16:00;1;13;1;4;1;6;43,6346310000;4,7765850000
202200054149;11;8;2022;15:00;1;42;1;2;7;3;45,9921430000;3,9969500000
202200054150;20;10;2022;15:45;1;57;2;1;1;6;49,3684300000;6,1491800000
202200054151;19;9;2022;11:47;1;30;2;1;1;6;44,1082730000;4,1169390000
202200054152;27;3;2022;06:30;2;47;1;1;1;2;44,4096866545;0,2948049178
202200054153;6;5;2022;18:30;1;92;1;1;1;3;48,7617103727;2,2988497317
202200054154;25;11;2022;02:15;3;64;2;1;2;1;43,4947600000; -1,5290100000
202200054155;9;7;2022;15:30;1;22;1;1;1;3;48,4957740000; -2,4737640000
202200054156;6;6;2022;17:00;1;39;1;1;1;7;46,6635470000;5,9990290000
202200054157;2;1;2022;07:30;5;58;2;1;1;6;46,9829640000;3,0931740000
202200054158;13;2;2022;02:45;5;59;2;6;1;2;50,6486214686;3,0692571402
202200054159;11;8;2022;16:07;1;28;1;1;1;6;48,2276460000;0,9907440000
202200054160;19;10;2022;12:20;1;57;2;1;1;1;49,3487300000;6,0593600000
202200054161;15;9;2022;20:00;2;52;1;1;1;3;47,7741750000;5,6566180000
202200054162;10;11;2022;18:45;5;62;2;1;1;6;50,4961310000;2,8690370000
202200054163;6;5;2022;17:09;1;91;1;1;1;2;48,6122400000;2,4493000000
202200054164;5;6;2022;15:00;1;11;1;1;1;7;43,0043780000;2,0591800000
202200054165;3;1;2022;18:55;5;01;2;1;1;6;45,8252030000;4,9850840000
202200054166;9;7;2022;05:20;2;35;1;1;5;1;48,3830590000; -1,5980650000
202200054167;13;2;2022;18:55;4;49;2;1;8;2;47,4524900000; -0,5706500000
202200054168;21;10;2022;21:30;5;54;2;1;1;3;48,7179060000;6,2609600000
202200054169;6;5;2022;19:00;1;92;1;1;1;2;48,9351292754;2,2839515454
202200054170;25;11;2022;13:25;1;61;2;3;1;6;48,4510500000;0,1109400000
202200054171;25;3;2022;14:40;1;29;1;1;1;5;48,3693510000; -4,2585750000
202200054172;10;8;2022;22:25;5;23;2;5;1;6;46,0855500000;2,0452750000
202200054173;4;1;2022;12:15;1;59;1;1;2;6;50,6589600000;2,4572470000
202200054174;19;9;2022;20:30;3;13;1;2;1;3;43,6582050000;5,4465470000
202200054175;7;7;2022;17:53;1;76;2;1;1;1;49,5419200000;0,9541400000
202200054176;6;5;2022;10:00;1;92;1;1;1;7;48,9042100404;2,1968193725
202200054177;4;6;2022;17:30;1;44;1;1;1;1;47,4704110000; -1,3772120000
202200054178;11;2;2022;12:14;1;49;2;1;1;6;47,4730800000; -0,6024300000
202200054179;25;11;2022;13:54;1;60;2;9;1;6;49,4307300000;2,0906300000
202200054180;21;10;2022;18:22;2;54;2;3;1;2;48,6717300000;6,1558100000
202200054181;9;7;2022;16:12;1;60;1;1;1;7;49,1146800000;2,7728410000
202200054182;27;3;2022;15:20;1;25;1;2;1;2;47,1029620000;6,6212100000
202200054183;21;10;2022;08:55;1;54;2;1;2;6;48,6957900000;6,1407800000
202200054184;25;11;2022;21:20;5;59;2;1;1;3;50,7391300000;3,1182400000
202200054185;4;6;2022;06:20;2;47;1;1;8;7;44,5322850000;0,7122000000
202200054186;3;5;2022;20:30;1;92;1;1;1;4;48,9311292993;2,3235279586
202200054187;26;3;2022;03:47;5;35;2;9;1;6;48,4443510000; -1,1059610000
202200054188;5;7;2022;14:55;1;60;1;1;1;2;49,3780980000;2,7820190000
202200054189;3;6;2022;04:50;3;2A;1;1;1;6;42,1730600429;8,6101765931
202200054190;19;9;2022;15:40;1;18;1;1;1;6;46,9388980000;2,4196050000
202200054191;13;2;2022;01:50;3;35;2;2;1;3;48,1124700000; -1,6662800000
202200054192;22;10;2022;01:20;5;51;2;1;1;7;49,2750000000;4,0331900000
202200054193;3;1;2022;13:15;1;69;1;1;1;2;45,6864083825;4,8466980457
202200054194;24;11;2022;13:30;1;57;2;3;1;3;49,3306400000;6,1347100000
202200054195;9;8;2022;17:50;1;65;1;1;1;6;43,3245450000;0,1267930000
202200054196;6;5;2022;17:30;1;94;1;1;1;4;48,8283679668;2,4755835633
202200054197;26;3;2022;08:40;1;38;2;9;1;1;45,6145270000;5,0315930000
202200054198;21;10;2022;16:30;1;51;1;1;1;7;49,2348523318;4,0757614374
202200054199;5;7;2022;17:52;1;80;2;1;1;3;50,1772870000;1,4937170000
202200054200;12;2;2022;14:25;1;31;2;1;1;2;43,5706100000;1,4087300000
202200054201;19;9;2022;18:00;1;67;1;9;1;2;48,6886940000;7,7278520000
202200054202;4;6;2022;16:05;1;24;1;1;1;3;45,0081650000;0,1347220000
202200054203;24;11;2022;17:20;1;57;2;1;1;7;49,1112300000;6,2189200000
202200054204;3;1;2022;15:45;1;77;1;1;2;2;48,6320070000;2,5276840000
202200054205;5;5;2022;18:00;5;976;2;1;1;3; -12,8074000000;45,2060000000
202200054206;13;2;2022;17:00;1;26;2;1;1;7;45,0138700000;5,0284700000
202200054207;11;8;2022;05:55;2;44;1;1;1;1;47,1034330000; -2,0445080000
202200054208;9;7;2022;10:35;1;62;2;9;1;3;50,5149654328;1,6348862062
202200054209;18;9;2022;05:55;3;38;1;1;1;7;45,4531470000;5,4003600000
202200054210;21;10;2022;17:40;1;51;2;2;1;3;49,2227000000;4,0562000000
202200054211;3;6;2022;10:15;1;26;1;1;1;1;44,5521150000;4,9004710000
202200054212;25;11;2022;20:30;5;54;2;3;1;2;48,6945483441;6,1280322075
202200054213;2;1;2022;22:40;3;93;1;1;1;6;48,9634800000;2,5505600000
202200054214;27;3;2022;09:05;1;84;1;1;1;1;43,8604630000;5,2148800000
202200054215;5;5;2022;19:03;5;974;2;1;1;7; -21,3344000000;55,4571100000
202200054216;10;8;2022;10:45;1;56;2;1;1;3;47,5858742000; -2,6283556200
202200054217;8;7;2022;00:10;3;62;1;1;1;6;50,4246170000;2,5916740000
202200054218;21;10;2022;08:45;1;51;2;1;2;7;49,2807500000;4,0228100000
202200054219;20;9;2022;05:55;2;988;2;1;1;7; -20,9743030000;164,9926110000
202200054220;27;3;2022;04:00;2;15;1;1;1;6;44,8647190000;3,0794820000
202200054221;4;5;2022;20:45;4;974;2;1;2;6; -20,9016200000;55,4878100000
202200054222;11;8;2022;15:55;1;74;2;1;1;6;45,8448310000;6,2130580000
202200054223;25;11;2022;15:15;1;54;2;3;1;6;48,6938828702;6,1762744188
202200054224;5;6;2022;17:50;1;26;1;1;1;2;45,0858810000;5,0477780000
202200054225;20;10;2022;23:48;3;49;2;1;1;6;47,4658900000; -0,5182000000
202200054226;12;2;2022;20:57;5;14;2;9;1;3;49,1912200000; -0,3813000000
202200054227;2;7;2022;00:50;4;59;2;1;1;6;50,2598603245;3,8406684995
202200054228;1;1;2022;04:30;5;78;1;1;1;5;48,9177530000;2,1187950000
202200054229;26;3;2022;16:15;1;15;1;1;1;6;44,6422160000;2,4407240000
202200054230;19;9;2022;16:30;1;45;1;2;7;3;47,9009120000;2,6932600000
202200054231;10;8;2022;20:00;1;76;1;1;1;7;49,4933780000;0,9637770000
202200054232;21;10;2022;09:00;1;45;2;1;1;6;47,8399400000;1,9350900000
202200054233;5;5;2022;18:40;4;973;2;9;1;3;4,9347600000; -52,3117400000
202200054234;8;7;2022;15:10;1;59;1;1;1;7;50,4377390000;3,2708470000
202200054235;25;11;2022;18:31;5;51;2;1;1;7;49,2599200000;4,0214900000
202200054236;13;2;2022;18:00;5;13;2;1;1;3;43,2948900000;5,4271800000
202200054237;26;3;2022;14:25;1;01;2;1;1;6;45,9627810000;5,6749590000
202200054238;2;1;2022;12:20;1;974;2;9;1;3; -21,3371900000;55,4623500000
202200054239;5;5;2022;15:15;1;973;1;1;1;7;4,9223800000; -52,3297000000
202200054240;21;10;2022;08:55;1;37;1;1;1;7;47,3888092810;0,6466752291
202200054241;11;8;2022;08:50;1;2A;1;1;1;3;41,8188240000;9,4023660000
202200054242;20;9;2022;11:30;1;66;1;4;1;3;42,5622960000;2,9646460000
202200054243;4;6;2022;18:35;1;17;1;2;1;1;45,8652250000; -0,8413340000
202200054244;1;1;2022;16:50;1;974;2;1;1;7; -20,9150200000;55,4756100000
202200054245;13;2;2022;07:25;2;13;2;1;1;2;43,2988741532;5,4999000860
202200054246;26;3;2022;20:00;3;72;1;9;1;3;47,7394100000; -0,0545020000
202200054247;25;11;2022;16:00;1;51;2;1;1;3;49,2140500000;4,0509900000
202200054248;5;5;2022;08:15;1;69;1;3;1;6;45,7424000000;4,8693200000
202200054249;30;6;2022;17:05;1;59;2;1;2;5;50,6128927629;3,2159310579
202200054250;10;8;2022;23:10;3;80;1;6;1;1;50,0734270000;1,5885110000
202200054251;2;1;2022;17:40;5;69;2;1;1;6;45,6902100000;4,8806900000
202200054252;19;9;2022;13:45;1;83;1;1;1;3;43,4533280000;6,1160020000
202200054253;25;11;2022;13:20;2;50;1;1;2;1;49,1271000000; -1,0751900000
202200054254;10;8;2022;18:45;1;65;1;1;1;6;43,0253120000; -0,0832070000
202200054255;27;3;2022;01:55;3;14;1;1;1;1;49,3576970000;0,1616190000
202200054256;12;2;2022;15:00;1;13;2;1;1;1;43,2738549270;5,4140652716
202200054257;3;6;2022;23:00;3;52;1;9;1;7;48,0751540000;4,9423240000
202200054258;21;10;2022;02:05;5;37;2;3;2;2;47,3872000000;0,6484500000
202200054259;5;5;2022;06:50;1;69;2;2;2;3;45,7651100000;4,8531800000
202200054260;9;7;2022;15:30;1;59;1;1;1;7;50,7796093126;2,3849853873
202200054261;19;9;2022;13:30;1;05;1;1;1;6;44,3154197336;5,7092968580
202200054262;2;1;2022;03:55;5;69;2;1;1;2;45,7748768032;4,8093777895
202200054263;12;2;2022;09:00;1;13;2;1;1;1;43,2498400000;5,4022700000
202200054264;21;10;2022;07:20;5;35;1;6;8;7;48,0776300000; -1,6326900000
202200054265;11;8;2022;10:25;1;32;1;1;1;3;43,6231271497; -0,0702685118
202200054266;26;3;2022;17:00;1;50;1;1;1;2;48,5026410000; -0,8643420000
202200054267;25;11;2022;18:32;5;49;2;1;1;3;47,4741400000; -0,5536500000
202200054268;5;5;2022;16:50;1;972;2;1;1;2;14,6546819000; -61,0115337000
202200054269;4;6;2022;22:44;3;73;2;1;1;6;45,8025120000;5,8565010000
202200054270;1;1;2022;16:00;1;91;2;1;1;7;48,6868000000;2,3944500000
202200054271;13;2;2022;06:32;5;06;2;1;1;6;43,6816700000;7,2324700000
202200054272;19;9;2022;12:15;1;04;1;1;1;7;44,3430620000;6,7840630000
202200054273;10;7;2022;19:15;1;13;1;1;1;5;43,3976430000;5,0790480000
202200054274;26;3;2022;18:50;2;83;1;1;1;6;43,5731780000;6,5613060000
202200054275;4;5;2022;22:04;3;972;1;1;1;7;14,6744300000; -60,9907600000
202200054276;2;1;2022;03:30;5;79;2;1;1;6;46,9896600000; -0,2096800000
202200054277;21;10;2022;23:38;5;33;2;1;1;6;44,8662000000; -0,5141000000
202200054278;5;6;2022;07:45;2;74;1;1;1;6;45,8171880000;6,0071070000
202200054279;25;11;2022;16:50;1;49;2;1;1;6;47,4502000000; -0,5621000000
202200054280;19;9;2022;18:45;2;13;1;1;1;3;43,3583430000;5,6097170000
202200054281;8;2;2022;08:47;1;03;2;1;7;3;46,5829100000;3,3192400000
202200054282;10;7;2022;10:10;1;13;1;1;1;6;43,2878180921;5,4246074118
202200054283;2;1;2022;23:12;5;76;1;1;1;6;49,4383300000;1,1297400000
202200054284;5;5;2022;17:40;1;972;2;4;1;6;14,6076000000; -61,0720900000
202200054285;10;8;2022;21:00;2;11;1;1;1;7;43,2551195134;2,1813855969
202200054286;26;3;2022;23:45;5;64;2;9;1;6;43,2081710000; -0,9058360000
202200054287;24;11;2022;22:05;5;49;2;9;1;3;47,4575600000; -0,5541200000
202200054288;21;10;2022;23:40;5;33;2;3;1;2;44,8452400000; -0,5707600000
202200054289;12;2;2022;18:55;5;01;2;1;1;6;46,2073453044;5,2378123999
202200054290;4;6;2022;21:50;3;57;1;1;8;6;49,3897799902;6,4787304552
202200054291;11;8;2022;11:50;1;89;1;1;1;7;47,4083700000;3,7211470000
202200054292;4;5;2022;15:15;1;972;2;1;1;3;14,6268100000; -61,0396200000
202200054293;19;9;2022;21:25;5;71;2;2;1;3;46,2442360000;4,7873140000
202200054294;2;1;2022;21:25;5;73;2;4;1;6;45,7096700000;5,8961600000
202200054295;12;2;2022;15:45;1;75;2;1;1;6;48,8592890000;2,2829240000
202200054296;9;7;2022;17:30;1;13;1;1;1;2;43,3514900000;5,3669300000
202200054297;24;11;2022;20:13;5;49;2;2;1;1;47,4556400000; -0,5300900000
202200054298;26;3;2022;21:30;5;18;2;2;1;3;46,8307690000;2,9183020000
202200054299;2;4;2022;20:00;5;971;2;1;1;6;16,0502300000; -61,5579500000
202200054300;21;10;2022;10:00;1;33;2;1;1;3;44,6095473807; -1,1325091124
202200054301;1;6;2022;11:28;1;06;2;1;1;3;43,6343130000;7,1338580000
202200054302;10;8;2022;19:40;1;63;2;2;1;1;45,8278610000;3,3777270000
202200054303;20;9;2022;08:50;1;08;2;4;1;6;49,8549474292;4,7365088761
202200054304;26;3;2022;13:50;1;36;1;1;1;6;46,6218610000;1,9540800000
202200054305;2;1;2022;11:55;1;64;2;2;1;3;43,2963300000; -0,3751300000
202200054306;24;11;2022;17:36;5;49;2;1;2;3;47,4481000000; -0,5407800000
202200054307;9;7;2022;10:20;1;13;1;1;1;2;43,3671190869;5,3608571433
202200054308;10;8;2022;20:00;1;63;2;1;1;6;45,8695950000;3,6536140000
202200054309;12;2;2022;22:30;5;75;2;4;1;4;48,8664810000;2,4126720000
202200054310;5;5;2022;15:00;1;95;2;2;1;3;49,0361150000;2,4665460000
202200054311;20;10;2022;15:28;1;32;2;3;1;3;43,6557300000;0,5638300000
202200054312;4;6;2022;08:50;1;49;1;3;1;1;47,0138540000; -0,8513760000