Accident_Id;jour;mois;an;hrmn;lum;dep;agg;int;atm;col;lat;long
202200054643;25;3;2022;10:00;1;64;2;1;1;7;43,3042700000; -0,3799900000
202200054644;1;1;2022;14:00;1;70;1;1;5;6;47,8338430000;5,9467580000
202200054645;5;6;2022;16:15;1;59;2;1;1;6;50,9388630000;2,1978610000
202200054646;5;5;2022;09:00;1;44;1;6;1;3;47,1926700000; -1,5632100000
202200054647;24;5;2022;19:55;1;14;2;6;1;6;49,3601220000;0,0810180000
202200054648;6;7;2022;17:25;1;91;1;1;1;3;48,6228000000;2,2916000000
202200054649;23;3;2022;16:05;1;89;2;1;1;6;47,8053600000;3,5558300000
202200054650;12;2;2022;21:50;5;976;2;1;1;1; -12,8329490000;45,1129100000
202200054651;22;11;2022;05:00;5;13;1;6;8;2;43,4097700000;5,3247600000
202200054652;4;6;2022;01:23;3;59;1;1;1;7;50,9605644307;2,3315450549
202200054653;5;5;2022;01:50;5;35;2;1;1;7;48,1178300000; -1,6855500000
202200054654;25;3;2022;09:30;1;973;2;1;1;3;4,9319100000; -52,3071600000
202200054655;2;1;2022;17:10;5;70;2;2;8;3;47,6077220000;6,1899860000
202200054656;31;5;2022;13:55;1;14;2;6;1;3;49,2903560000;0,1909533000
202200054657;6;7;2022;13:20;1;92;1;1;1;5;48,7723095382;2,2428001395
202200054658;19;10;2022;17:50;5;91;2;2;1;2;48,7076900000;2,4285100000
202200054659;13;2;2022;20:00;3;988;1;1;1;1; -20,8722160000;164,6358450000
202200054660;11;8;2022;16:15;1;26;1;1;1;5;44,7619180000;4,7963260000
202200054661;25;11;2022;08:10;1;13;2;1;1;2;43,6281745450;5,1111425694
202200054662;4;5;2022;19:10;1;35;2;1;1;3;48,1255500000; -1,6662000000
202200054663;3;1;2022;15:40;1;45;2;1;2;6;47,9761050000;1,8851640000
202200054664;25;3;2022;03:40;5;69;2;3;1;6;45,7636200000;4,8619400000
202200054665;4;6;2022;16:00;1;76;1;1;1;1;49,7155030000;0,3661540000
202200054666;9;7;2022;15:20;1;78;1;1;1;3;48,9641020000;1,8439250000
202200054667;12;2;2022;13:30;1;973;1;1;1;7;5,5460130000; -53,9413050000
202200054668;20;10;2022;08:40;1;91;2;1;1;6;48,6753780000;2,3396600000
202200054669;23;5;2022;08:45;1;14;2;1;2;3;49,3460600000;0,0440300000
202200054670;25;11;2022;19:15;5;13;2;1;1;3;43,3060309465;5,5107238510
202200054671;6;5;2022;01:05;5;33;2;3;1;3;44,8389700000; -0,5678600000
202200054672;2;1;2022;11:10;1;36;1;1;7;3;46,8649128585;2,0859164000
202200054673;2;6;2022;17:05;1;76;2;1;1;6;49,9285990000;1,6272470000
202200054674;25;3;2022;10:06;1;972;2;1;1;2;14,6125230000; -60,9978920000
202200054675;14;2;2022;10:00;1;973;1;1;2;3;5,1173610000; -52,6470420000
202200054676;10;8;2022;15:00;1;89;2;1;1;5;47,9637030000;3,5115480000
202200054677;19;10;2022;14:11;1;87;2;3;1;6;45,8431700000;1,2568300000
202200054678;8;7;2022;13:18;1;92;1;1;1;4;48,9274239062;2,2374158506
202200054679;25;11;2022;15:39;1;13;2;1;1;3;43,3027800000;5,3818800000
202200054680;3;6;2022;21:30;5;2A;2;1;1;6;41,6863740000;9,3682910000
202200054681;14;5;2022;15:30;1;14;2;2;1;3;49,3572743056;0,0718279481
202200054682;23;3;2022;14:35;1;972;1;9;1;1;14,5985104831; -60,9972470999
202200054683;5;5;2022;11:15;1;33;2;2;1;3;44,8457900000; -0,6177800000
202200054684;8;7;2022;11:15;1;78;1;1;1;6;48,7918870000;2,0973940000
202200054685;13;2;2022;00:58;3;45;1;1;1;7;47,9326980000;2,0433110000
202200054686;7;8;2022;16:30;1;68;1;1;1;1;47,9174100000;6,9488630000
202200054687;7;5;2022;19:20;1;14;2;9;1;6;49,3713086456;0,1145437360
202200054688;19;10;2022;17:41;1;87;2;3;1;3;45,8413000000;1,3063400000
202200054689;3;6;2022;04:30;3;2A;1;1;1;6;41,9128170000;8,8296820000
202200054690;2;1;2022;08:40;2;27;1;1;1;7;49,0631710000;0,6256820000
202200054691;14;2;2022;10:40;1;95;2;6;1;7;49,0803643156;1,6272962093
202200054692;25;11;2022;20:00;5;13;2;1;1;2;43,5283700000;5,4592000000
202200054693;8;7;2022;09:00;1;92;1;1;1;3;48,8358697507;2,1822146526
202200054694;25;4;2022;03:05;5;14;2;1;1;6;49,3591700000;0,0719200000
202200054695;5;5;2022;08:40;1;33;2;3;1;3;44,7808100000; -0,6923200000
202200054696;12;10;2022;16:35;1;83;2;1;1;1;43,4371400000;6,7563110000
202200054697;7;8;2022;14:10;1;54;2;3;1;2;48,7697320080;6,0543626555
202200054698;12;2;2022;13:35;1;78;2;1;1;3;48,8211260000;1,7565150000
202200054699;25;3;2022;09:15;1;69;2;3;1;3;45,7589900000;4,7925400000
202200054700;3;1;2022;03:00;3;87;1;1;1;6;46,0521200000;0,8660690000
202200054701;7;7;2022;19:45;1;92;1;1;1;3;48,8342831945;2,1690612144
202200054702;7;5;2022;14:50;1;2B;2;1;1;2;42,4847540000;9,4798820000
202200054703;5;5;2022;09:30;1;33;2;1;1;2;44,8562200000; -0,6451500000
202200054704;25;11;2022;16:02;1;12;1;1;1;5;44,0882300000;3,0876500000
202200054705;14;2;2022;10:15;1;78;2;1;7;6;49,0572620000;1,5371650000
202200054706;20;10;2022;19:00;1;79;2;2;1;2;46,3194300000; -0,4863300000
202200054707;17;9;2022;20:35;3;91;2;1;1;4;48,7051170000;2,4436530000
202200054708;24;3;2022;16:15;1;971;1;9;1;7;16,2520332049; -61,4531207085
202200054709;10;8;2022;20:10;1;73;1;1;1;1;45,7624560000;6,3867100000
202200054710;7;7;2022;17:20;1;92;1;1;1;3;48,7760956953;2,2294016542
202200054711;1;1;2022;02:15;3;72;1;1;5;7;48,4297700000;0,1386170000
202200054712;3;6;2022;15:20;1;2B;2;1;1;1;42,7433090000;9,4621410000
202200054713;4;5;2022;13:50;1;33;2;3;1;3;44,7816700000; -0,6079500000
202200054714;19;10;2022;19:20;1;79;2;1;1;3;46,3244600000; -0,4674000000
202200054715;13;2;2022;10:22;1;06;1;3;1;3;43,6843760000;7,1293650000
202200054716;24;11;2022;15:38;1;10;2;6;1;3;48,2821500000;4,0595000000
202200054717;11;8;2022;09:45;1;42;2;1;1;1;45,6041960000;4,0695470000
202200054718;23;3;2022;16:45;1;971;1;1;1;6;16,2145578315; -61,4783763885
202200054719;16;9;2022;10:25;1;81;2;1;1;6;44,0503600000;2,1559800000
202200054720;5;5;2022;19:40;1;28;2;1;1;1;48,7264400000;1,3794890000
202200054721;20;10;2022;17:38;1;78;2;1;1;3;48,9861130000;1,9151250000
202200054722;13;2;2022;08:17;1;06;2;6;1;6;43,7454740000;7,1567510000
202200054723;5;6;2022;01:10;5;82;2;6;2;6;44,1131800000;0,8557700000
202200054724;5;5;2022;15:50;1;27;2;1;1;6;49,0912900000;1,4851500000
202200054725;13;2;2022;18:30;3;13;1;1;2;2;43,7949470000;4,8073610000
202200054726;3;1;2022;07:40;3;17;1;1;2;1;45,8773270000; -0,1447530000
202200054727;18;9;2022;14:15;1;974;1;1;1;7; -21,3174000000;55,4443000000
202200054728;2;6;2022;11:30;1;82;1;1;1;3;44,2439080000;1,1383620000
202200054729;6;7;2022;19:35;1;92;1;1;1;2;48,9354125442;2,2611899740
202200054730;10;8;2022;23:10;3;85;2;2;1;2;46,7128810000; -2,3444810000
202200054731;25;11;2022;00:11;5;06;2;1;1;2;43,6644300000;7,2006200000
202200054732;4;5;2022;11:00;1;27;2;1;1;2;49,1097300000;1,4535300000
202200054733;19;10;2022;15:35;2;77;1;1;1;1;48,7804400000;2,6165100000
202200054734;14;2;2022;13:20;1;67;2;3;2;3;48,4830280000;7,7180730000
202200054735;18;9;2022;20:00;5;69;2;1;1;3;45,7458700000;4,8869600000
202200054736;3;6;2022;22:15;3;82;1;1;1;6;44,2520200000;1,6215520000
202200054737;1;1;2022;19:20;5;67;2;3;1;3;48,3253130000;7,6964160000
202200054738;18;9;2022;09:00;1;972;1;1;1;7;14,6186800000; -61,0054000000
202200054739;10;7;2022;00:00;3;93;1;1;1;2;48,8929272680;2,4724485870
202200054740;10;8;2022;16:30;1;22;2;1;1;1;48,8165500000; -3,4692820000
202200054741;4;5;2022;14:00;1;27;2;1;1;2;49,0981200000;1,4765100000
202200054742;24;11;2022;09:40;1;01;2;1;1;3;46,2005630000;5,2240290000
202200054743;3;1;2022;04:45;5;01;2;6;5;3;45,8210390000;4,9905450000
202200054744;20;10;2022;12:30;1;77;2;3;1;3;48,8554000000;2,7686800000
202200054745;27;7;2022;23:55;3;60;1;1;1;6;49,2957330000;2,2040190000
202200054746;17;9;2022;14:40;1;69;1;9;1;3;45,7485500000;4,8283500000
202200054747;21;3;2022;14:10;1;95;2;1;1;6;48,9676350000;2,3054860000
202200054748;24;1;2022;18:35;3;31;2;1;1;6;43,4419480000;1,3065310000
202200054749;5;5;2022;11:45;1;25;2;2;1;6;47,2348250000;6,0294700000
202200054750;26;11;2022;19:50;5;75;2;1;1;2;48,8206740000;2,3767840000
202200054751;2;1;2022;16:20;1;22;1;1;1;1;48,6206370180; -2,3414343590
202200054752;18;9;2022;11:30;1;2B;2;1;1;6;42,6906200000;9,4491350000
202200054753;9;7;2022;18:45;1;95;1;1;1;5;48,9523000000;2,2794900000
202200054754;10;8;2022;11:50;1;83;1;1;1;6;43,1680000000;5,7688000000
202200054755;24;3;2022;23:30;5;95;2;1;1;1;48,9562030000;2,2559710000
202200054756;20;10;2022;13:15;1;77;1;9;1;4;48,4021500000;2,6871720000
202200054757;13;2;2022;08:15;3;33;1;1;1;1;44,5423200000; -0,3029290000
202200054758;26;11;2022;02:00;5;75;2;1;1;2;48,8234250000;2,3102740000
202200054759;1;1;2022;12:00;1;35;2;6;1;3;47,7205180000; -1,7324640000
202200054760;8;7;2022;22:45;5;92;1;1;1;6;48,9458291540;2,2833738855
202200054761;18;9;2022;07:10;1;2A;2;8;1;1;41,9321196840;8,7405813237
202200054762;25;3;2022;17:20;1;91;2;7;1;6;48,7036680000;2,4189490000
202200054763;4;5;2022;17:00;1;13;1;1;1;3;43,4040200000;5,2799700000
202200054764;10;8;2022;18:05;1;33;1;1;1;4;44,7821764601; -0,5840322375
202200054765;8;7;2022;22:40;4;93;1;1;1;6;48,9710900000;2,4984500000
202200054766;26;11;2022;15:00;1;75;2;3;1;3;48,8535360000;2,4058670000
202200054767;5;5;2022;16:40;1;13;2;1;3;3;43,3269500000;5,4178900000
202200054768;18;9;2022;13:50;1;91;2;1;1;3;48,7181700000;2,4449300000
202200054769;23;3;2022;10:05;1;90;2;2;1;3;47,6470000000;6,8500000000
202200054770;2;1;2022;14:10;1;13;1;1;1;2;43,3367700000;5,3794700000
202200054771;8;7;2022;18:35;1;95;1;1;1;2;49,0279600000;2,5224100000
202200054772;26;11;2022;17:00;5;75;2;3;1;2;48,8910680000;2,3025530000
202200054773;5;5;2022;16:55;1;13;2;1;2;3;43,2457816827;5,4162895914
202200054774;25;3;2022;07:50;1;88;2;6;1;6;48,2847900000;6,9490100000
202200054775;18;9;2022;20:00;5;90;2;1;1;3;47,6530000000;6,8500000000
202200054776;2;1;2022;10:36;1;13;1;1;1;7;43,3756400000;5,3188200000
202200054777;10;8;2022;18:05;1;33;1;1;1;4;44,7518800000; -0,5423760000
202200054778;8;7;2022;19:10;1;93;1;1;1;2;48,8809700000;2,4524600000
202200054779;5;5;2022;10:40;1;13;1;1;1;6;43,4582100000;5,0068200000
202200054780;17;9;2022;09:05;1;83;2;1;7;6;43,4399000000;6,7443400000
202200054781;6;6;2022;15:25;1;33;2;2;2;3;45,5083920000; -1,1091950000
202200054782;25;3;2022;07:09;1;87;1;1;1;1;45,9007250000;1,2279280000
202200054783;26;11;2022;11:15;1;75;2;2;1;6;48,8853150000;2,3162130000
202200054784;2;1;2022;19:15;4;33;1;1;1;2;44,9592830000; -0,4464360000
202200054785;8;7;2022;16:50;1;95;1;1;1;2;49,0398200000;2,4835100000
202200054786;18;9;2022;02:10;3;82;2;1;1;7;44,0052600000;1,3948500000
202200054787;4;5;2022;23:30;3;11;2;9;3;3;43,1992500000;2,3271400000
202200054788;19;10;2022;11:30;1;77;1;2;1;3;48,4808200000;2,6669700000
202200054789;29;7;2022;14:25;1;62;1;1;1;5;50,4285600000;2,9805300000
202200054790;26;11;2022;17:00;2;75;2;1;1;6;48,8545380000;2,2261790000
202200054791;1;6;2022;12:15;1;33;1;1;1;3;45,2611340000; -0,7568750000
202200054792;12;2;2022;15:15;1;22;2;2;1;1;48,4960050000; -2,0031810000
202200054793;24;3;2022;17:26;2;87;1;3;1;3;45,7954200000;1,2631900000
202200054794;5;5;2022;10:45;1;09;1;1;2;7;42,9658390000;1,5956910000
202200054795;18;9;2022;04:15;5;78;2;1;1;6;48,8740330000;2,0865240000
202200054796;8;8;2022;17:35;1;59;1;1;1;2;50,5494466229;3,0589574575
202200054797;2;1;2022;18:35;5;92;1;1;1;2;48,8327145937;2,1569510289
202200054798;4;6;2022;16:00;1;81;1;1;1;7;44,0592580000;1,9711180000
202200054799;26;11;2022;15:37;1;75;2;3;1;6;48,8768540000;2,2854350000
202200054800;8;7;2022;13:10;1;93;1;1;1;5;48,9481600000;2,4443100000
202200054801;24;3;2022;14:30;1;86;2;1;1;3;46,5674200000;0,3756560000
202200054802;1;6;2022;19:15;1;32;2;1;1;6;43,6099290000;1,0905000000
202200054803;14;2;2022;15:20;1;60;1;2;1;3;49,6377320000;2,9055830000
202200054804;2;1;2022;20:00;3;93;1;1;1;6;48,9351300000;2,4021600000
202200054805;5;5;2022;11:20;1;07;2;6;8;3;44,9159300000;4,8567500000
202200054806;18;9;2022;00:50;5;77;2;9;1;6;48,9561700000;2,8807700000
202200054807;1;8;2022;15:40;1;59;1;1;1;2;50,6007900000;3,1221000000
202200054808;20;10;2022;11:55;1;71;2;1;1;3;46,7968700000;4,4413800000
202200054809;8;7;2022;09:25;1;95;1;1;1;2;49,0457822316;2,4508631229
202200054810;26;11;2022;17:15;2;75;2;2;1;3;48,8349600000;2,3449890000
202200054811;5;6;2022;16:30;1;11;1;1;1;6;42,8786840000;2,3730250000
202200054812;18;9;2022;18:05;1;77;2;1;7;6;48,8829900000;2,7147400000
202200054813;12;2;2022;12:10;1;13;1;1;1;2;43,4160696296;5,3651768567
202200054814;10;8;2022;08:50;1;91;1;1;1;2;48,6249200000;2,4185800000
202200054815;6;5;2022;00:40;3;06;1;1;1;7;43,6398350000;6,9360210000
202200054816;2;1;2022;17:20;3;95;1;1;1;2;48,9661084270;2,2572612762
202200054817;19;10;2022;15:15;1;69;2;1;1;1;45,7661500000;4,9015300000
202200054818;3;6;2022;22:55;3;11;1;6;1;6;43,1180580000;2,2852850000
202200054819;18;9;2022;11:15;1;77;2;1;1;6;48,4063106773;2,7007765040
202200054820;8;7;2022;09:30;1;93;1;1;1;2;48,8766908331;2,4428673511
202200054821;26;11;2022;16:45;2;75;2;2;1;3;48,8259350000;2,3827220000
202200054822;21;3;2022;07:50;1;84;1;1;1;4;43,9328300000;4,8300300000
202200054823;12;4;2022;22:40;5;05;2;1;1;7;44,5588380000;6,0633010000
202200054824;3;2;2022;08:30;1;13;1;1;1;2;43,3914900000;5,2647130000
202200054825;9;8;2022;21:45;3;91;1;1;1;1;48,7428500000;2,2236900000
202200054826;20;10;2022;07:50;2;66;2;3;1;3;42,6799463402;2,9034590721
202200054827;3;6;2022;14:10;1;71;1;1;1;7;46,6991560000;5,0816170000
202200054828;18;9;2022;08:50;1;69;1;1;1;3;45,6951131527;4,8445147276
202200054829;2;1;2022;13:50;1;93;1;1;1;4;48,9098772560;2,3580158369
202200054830;7;7;2022;20:30;1;95;1;1;1;2;49,0415439320;2,4815583229
202200054831;12;2;2022;07:50;1;13;1;9;1;1;43,3269477662;5,4201263517
202200054832;10;8;2022;17:17;1;78;1;1;1;6;48,7996400000;2,0451230000
202200054833;26;4;2022;18:15;1;05;1;1;1;3;44,6091600000;6,0804700000
202200054834;19;3;2022;19:00;1;84;2;1;1;3;43,9404900000;4,8096500000
202200054835;26;11;2022;12:30;1;75;2;3;1;3;48,8480260000;2,3738320000
202200054836;19;10;2022;17:50;1;66;1;1;1;2;42,7026350000;2,8853270000
202200054837;18;9;2022;05:00;3;64;2;1;1;1;43,4183000000; -1,6079100000
202200054838;10;8;2022;03:30;5;92;1;1;1;6;48,8424465609;2,2222865027
202200054839;17;3;2022;10:40;1;30;2;1;1;6;43,9581000000;4,7751000000
202200054840;4;5;2022;19:50;1;75;2;1;1;3;48,8864230000;2,2892970000
202200054841;4;6;2022;17:23;1;71;1;1;1;5;46,5160980000;4,1630290000
202200054842;7;7;2022;10:30;1;95;1;1;1;5;49,0364448345;2,0936089754
202200054843;19;10;2022;07:30;2;66;2;1;1;6;42,7025492708;2,8956109285
202200054844;26;11;2022;17:45;5;75;2;4;1;3;48,8593710000;2,3828260000
202200054845;10;8;2022;09:20;1;75;1;1;1;7;48,8243200000;2,4635300000
202200054846;2;1;2022;03:30;3;93;1;1;1;4;48,9217500000;2,3567400000
202200054847;12;2;2022;00:40;3;69;1;1;1;4;45,6865000000;4,8741000000
202200054848;18;9;2022;14:00;1;64;2;6;1;3;43,4814500000; -1,4826600000
202200054849;2;5;2022;16:35;1;75;2;1;1;3;48,8809920000;2,2823330000
202200054850;24;3;2022;16:33;1;83;2;1;1;3;43,1213000000;6,1108000000
202200054851;4;6;2022;11:40;1;89;1;1;1;1;47,4647970000;3,7902590000
202200054852;7;7;2022;09:00;1;93;1;1;1;3;48,9161800000;2,3578300000
202200054853;20;10;2022;13:20;1;65;2;2;1;3;43,2280970000;0,0565090000
202200054854;10;8;2022;08:05;1;77;1;1;1;3;48,8395179423;2,6641993077
202200054855;2;1;2022;02:30;3;93;1;1;1;3;48,9219500000;2,3767300000
202200054856;26;11;2022;11:10;1;75;2;2;1;3;48,8587200000;2,3785800000
202200054857;13;2;2022;14:05;1;92;1;1;1;3;48,8946528951;2,1920543957
202200054858;3;5;2022;19:55;2;75;2;4;1;6;48,8480213421;2,2468368709
202200054859;24;3;2022;08:40;1;80;2;1;1;3;49,8895300000;2,2930700000
202200054860;17;10;2022;08:12;1;63;2;1;1;2;45,7658700000;3,1052300000
202200054861;6;7;2022;14:14;1;93;1;1;1;3;48,8831836735;2,4720209511
202200054862;18;9;2022;03:15;3;61;1;1;1;6;48,4517000000;0,1189600000
202200054863;4;6;2022;01:30;4;89;1;1;1;6;47,7086280000;3,3372100000
202200054864;9;8;2022;11:25;1;12;2;1;1;6;44,1040700000;3,0842700000
202200054865;1;1;2022;06:00;3;93;1;1;1;2;48,9134628024;2,4771070008
202200054866;24;3;2022;20:13;5;77;2;1;1;6;48,3985300000;2,7971900000
202200054867;26;11;2022;03:30;5;75;2;7;1;3;48,8537565027;2,4120223448
202200054868;18;9;2022;17:00;1;51;2;1;1;2;49,2591400000;4,0095300000
202200054869;4;5;2022;11:15;1;75;2;4;1;1;48,8510040000;2,4126930000
202200054870;13;2;2022;19:05;5;93;1;1;1;4;48,8837955465;2,4715590477
202200054871;15;10;2022;22:00;5;63;2;4;1;2;45,7588100000;3,0872300000
202200054872;17;5;2022;21:15;5;42;2;2;1;3;45,4484900000;4,3859400000
202200054873;10;7;2022;18:00;1;93;1;1;1;4;48,8346467665;2,5847656546
202200054874;24;3;2022;17:30;1;77;2;7;1;6;48,6940300000;2,6178400000
202200054875;1;1;2022;19:45;5;91;2;1;1;2;48,6874850000;2,3719540000
202200054876;18;9;2022;07:04;5;49;2;1;1;7;47,4892400000; -0,5462400000
202200054877;26;11;2022;02:55;5;75;2;2;1;3;48,8700060000;2,3710560000
202200054878;3;6;2022;12:15;1;63;1;3;1;3;45,6355150000;3,6878600000
202200054879;3;5;2022;12:50;1;75;2;1;1;2;48,8635200000;2,2889850000
202200054880;13;2;2022;15:55;1;92;1;1;1;2;48,9390477042;2,3061190135
202200054881;23;3;2022;19:40;5;77;2;1;1;6;48,8359900000;2,7222800000
202200054882;10;7;2022;13:20;1;94;1;1;1;3;48,8267840801;2,5141683324
202200054883;1;10;2022;18:50;2;62;2;2;1;3;50,4100300000;2,8577200000
202200054884;1;1;2022;09:50;1;41;2;1;1;6;47,5924100000;1,3032300000
202200054885;3;6;2022;21:30;2;61;2;1;1;7;48,5290180000;0,7525470000
202200054886;9;8;2022;16:40;1;976;2;2;1;3; -12,7875200000;45,2253700000
202200054887;25;11;2022;20:35;5;75;2;7;2;6;48,8755610000;2,3147960000
202200054888;18;9;2022;12:40;1;45;1;1;1;3;47,9268430000;1,9397380000
202200054889;1;1;2022;10:20;1;988;2;1;1;6; -22,2326700000;166,4310100000
202200054890;6;6;2022;16:30;1;55;1;1;1;7;49,3075954398;5,6552804868
202200054891;8;7;2022;20:00;1;94;1;1;1;2;48,8285362143;2,4768465370
202200054892;5;5;2022;10:20;1;75;2;3;1;3;48,8364540000;2,2991630000
202200054893;19;10;2022;10:00;1;62;2;6;2;2;50,9599800000;1,8442860000
202200054894;8;8;2022;13:50;1;974;1;1;1;7; -21,3310000000;55,4668000000
202200054895;25;3;2022;10:00;1;77;2;1;1;2;48,8731300000;2,7259500000
202200054896;13;2;2022;18:00;2;93;1;1;1;4;48,9240700000;2,3849500000
202200054897;26;11;2022;18:30;5;75;2;3;1;6;48,8667400000;2,3542680000
202200054898;4;6;2022;09:10;1;55;1;1;1;7;48,4639690000;5,5058400000
202200054899;19;10;2022;17:20;1;60;2;1;1;6;49,2582700000;2,4790300000
202200054900;8;8;2022;11:15;1;974;2;1;1;2; -20,8856500000;55,4814300000
202200054901;2;1;2022;03:45;5;976;2;1;1;2; -12,7861200000;45,2256400000
202200054902;8;7;2022;18:30;1;93;1;1;1;3;48,8365999172;2,5423853344
202200054903;24;3;2022;09:20;1;72;2;1;1;1;47,9665657397;0,2197730539
202200054904;4;5;2022;18:20;1;75;2;2;1;3;48,8212140000;2,3342960000
202200054905;18;9;2022;11:50;1;45;2;2;1;2;47,8943200000;1,9009200000
202200054906;4;6;2022;15:17;1;49;1;1;1;7;47,5950870000; -0,8601310000
202200054907;12;2;2022;11:35;1;95;1;1;1;3;49,0465000000;2,4387000000
202200054908;7;7;2022;13:35;1;77;1;1;1;7;48,9458000000;2,6288000000
202200054909;19;10;2022;17:45;1;59;2;1;1;2;50,6736700000;3,1067500000
202200054910;25;11;2022;22:15;3;75;2;3;1;3;48,8504470000;2,3601140000
202200054911;25;3;2022;14:35;1;69;2;3;1;3;45,7147400000;4,9058500000
202200054912;1;1;2022;19:35;5;976;2;9;1;1; -12,7924800000;45,2179500000
202200054913;8;8;2022;14:00;1;974;2;9;1;5; -20,9449000000;55,3193000000
202200054914;5;5;2022;17:35;1;75;2;2;1;2;48,8584920000;2,3424830000
202200054915;18;9;2022;01:45;4;44;1;1;1;1;47,2299200000; -1,4695970000
202200054916;20;10;2022;09:50;1;56;2;6;7;6;47,8025900000; -3,2597900000
202200054917;3;6;2022;16:20;1;49;1;1;1;1;47,1701110000; -0,1389600000
202200054918;6;7;2022;22:15;3;94;1;1;1;6;48,8176187265;2,4186579611
202200054919;13;2;2022;17:05;1;94;1;1;1;2;48,7661514738;2,3793425559
202200054920;9;8;2022;11:20;1;973;2;1;1;6;4,9267087028; -52,3139709234
202200054921;1;1;2022;23:00;3;974;2;9;1;7; -20,9538300000;55,3083800000
202200054922;5;5;2022;12:00;1;75;2;3;1;6;48,8560350000;2,3507610000
202200054923;24;3;2022;12:10;1;67;2;3;1;6;48,5856500000;7,7691600000
202200054924;2;6;2022;17:15;1;49;2;1;1;1;47,2947490000;0,0219940000
202200054925;20;10;2022;08:32;1;56;2;2;1;3;47,7501500000; -3,3618500000
202200054926;26;11;2022;16:58;5;94;2;1;1;3;48,8062400000;2,4419800000
202200054927;17;9;2022;16:50;1;41;1;1;1;3;47,5425000000;1,2835400000
202200054928;6;7;2022;11:30;1;94;1;1;1;4;48,8268050000;2,5124020000
202200054929;12;2;2022;16:30;1;973;2;3;2;6;4,9332526860; -52,3195418715
202200054930;23;3;2022;09:44;1;66;2;1;1;6;42,6984700000;2,8993700000
202200054931;1;1;2022;00:30;5;973;2;1;1;3;4,9251369436; -52,3125198483
202200054932;26;11;2022;15:40;1;94;2;1;1;6;48,7883840202;2,3577469051
202200054933;18;9;2022;09:01;1;38;2;1;7;6;45,3673700000;5,5910400000
202200054934;9;8;2022;15:00;1;69;2;2;1;3;45,7636800000;4,8552500000
202200054935;20;10;2022;22:05;3;54;2;7;3;6;48,7000000000;6,2046600000
202200054936;5;5;2022;07:30;1;75;2;2;1;3;48,8575020000;2,3542500000
202200054937;1;1;2022;03:55;4;972;2;1;1;6;14,6049400000; -61,0847200000
202200054938;12;2;2022;11:20;1;64;2;1;1;6;43,3907296207; -1,6378748417
202200054939;13;2;2022;00:45;3;74;1;1;1;2;46,3541500000;6,4710400000
202200054940;6;6;2022;14:10;1;12;1;1;1;1;44,6054900000;2,6078050000
202200054941;9;8;2022;11:15;1;69;2;7;1;6;45,7548970083;4,8440553228
202200054942;18;9;2022;11:20;1;38;2;1;1;6;45,1796300000;5,7161100000
202200054943;26;11;2022;05:40;5;94;2;1;1;1;48,7502900000;2,3548000000
202200054944;25;3;2022;17:10;1;64;2;2;1;1;43,3016764227; -0,3838562965
202200054945;20;10;2022;12:05;1;54;2;3;2;3;48,7072500000;6,2526900000
202200054946;5;5;2022;14:00;1;94;2;2;1;3;48,7945600000;2,3602700000
202200054947;3;6;2022;08:55;1;12;1;1;1;7;44,3572270000;2,5243880000
202200054948;12;2;2022;14:30;1;42;2;1;1;6;45,3971600000;4,3300700000
202200054949;1;1;2022;06:52;1;971;2;2;1;3;16,2509482571; -61,5203154087
202200054950;18;9;2022;20:08;1;37;2;2;1;3;47,3836400000;0,6720900000
202200054951;9;8;2022;16:45;1;69;2;2;1;3;45,7952400000;4,8250700000
202200054952;25;3;2022;16:25;1;64;2;1;1;3;43,3118141866; -0,4140257835
202200054953;20;10;2022;13:45;1;51;2;3;1;3;49,2408000000;4,0529300000
202200054954;26;11;2022;15:45;1;94;2;1;1;3;48,8516831096;2,4919691560
202200054955;12;2;2022;21:30;3;974;1;1;1;2; -20,8755300000;55,4309500000
202200054956;1;1;2022;03:50;5;2A;2;1;1;6;41,9090692853;8,7189479471
202200054957;5;7;2022;16:35;1;29;2;1;1;6;47,8849058620; -3,9200261230
202200054958;4;5;2022;23:40;5;94;2;2;1;1;48,8573692076;2,4711942673
202200054959;6;6;2022;06:00;2;42;1;1;1;6;45,4075500000;4,1227910000
202200054960;8;8;2022;17:55;2;971;1;9;1;6;16,2707407488; -61,5104126930
202200054961;25;3;2022;13:45;1;64;2;1;1;2;43,4841000000; -1,4506500000
202200054962;5;5;2022;09:15;1;94;2;1;1;6;48,7498200000;2,4184600000
202200054963;20;10;2022;08:40;1;51;2;4;2;3;49,2325600000;4,0242000000
202200054964;5;7;2022;09:51;1;27;2;1;1;6;49,0032703653;1,1519765854
202200054965;1;1;2022;01:51;5;91;2;2;1;3;48,6423390000;2,3399720000
202200054966;2;6;2022;12:45;1;46;2;6;1;6;44,7767170000;1,7330290000
202200054967;25;3;2022;00:50;5;64;2;9;1;7;43,5031900000; -1,4637500000
202200054968;26;11;2022;17:00;5;94;1;1;1;5;48,7805900000;2,5371800000
202200054969;18;9;2022;04:20;5;33;2;1;1;2;44,8667800000; -0,5678000000
202200054970;9;8;2022;14:17;1;2A;2;6;1;3;41,9388600000;8,7420700000
202200054971;12;2;2022;20:00;3;973;2;2;1;6;4,9336800000; -52,3304400000
202200054972;1;1;2022;07:20;5;76;2;1;1;2;49,4789300000;1,0470100000